date,Plain DCA 100% QQQ,GMM risk_off 40L/40Short1x Donchian60_30/20Reserve risk_on deploy closeNeutral,GMM risk_off 40L/40Short1x Donchian60_30/20Reserve risk_on deploy holdNeutral
2000-09-05,9997.000899730081,9997.000899730081,9997.000899730081
2000-09-06,9645.346957897294,9645.346957897294,9645.346957897294
2000-09-07,9858.8513315885,9858.8513315885,9858.8513315885
2000-09-08,9557.440287684518,9557.440287684518,9557.440287684518
2000-09-11,9325.090397360489,9325.090397360489,9325.090397360489
2000-09-12,9180.665351237023,9180.665351237023,9180.665351237023
2000-09-13,9394.167907529449,9394.167907529449,9394.167907529449
2000-09-14,9343.931370496368,9343.931370496368,9343.931370496368
2000-09-15,9174.383512359416,9174.383512359416,9174.383512359416
2000-09-18,9029.956648837171,9029.956648837171,9029.956648837171
2000-09-19,9362.771434932858,9362.771434932858,9362.771434932858
2000-09-20,9507.199207154492,9507.199207154492,9507.199207154492
2000-09-21,8816.450457747189,8816.450457747189,8816.450457747189
2000-09-22,9337.654075115706,9337.654075115706,9337.654075115706
2000-09-25,9089.608220241855,9089.608220241855,9089.608220241855
2000-09-26,8986.001041982308,8986.001041982308,8986.001041982308
2000-09-27,8998.552906645466,8998.552906645466,8998.552906645466
2000-09-28,9199.502689575345,9199.502689575345,9199.502689575345
2000-09-29,8916.92444051274,8916.92444051274,8916.92444051274
2000-10-02,9715.682925850371,9715.862871866566,9715.862871866566
2000-10-03,9407.690986371796,9426.88552386597,9426.88552386597
2000-10-04,9589.685210411611,9597.64391547677,9597.64391547677
2000-10-05,9617.68650348653,9623.91648425593,9623.91648425593
2000-10-06,9295.694930395293,9321.803802255306,9321.803802255306
2000-10-09,9253.69501663251,9282.396849865672,9282.396849865672
2000-10-10,8770.707150533255,8829.107351669962,8829.107351669962
2000-10-11,8630.71385318102,8704.13953173658,8704.13953173658
2000-10-12,8413.721051571947,8510.757507812334,8510.757507812334
2000-10-13,9099.697021043628,9120.427548154326,9120.427548154326
2000-10-16,9183.69887441879,9195.7121926401,9195.7121926401
2000-10-17,8763.712904813305,8818.986877980631,8818.986877980631
2000-10-18,8735.709585888793,8793.978804359334,8793.978804359334
2000-10-19,9526.687365617028,9500.123977026344,9500.123977026344
2000-10-20,9666.683701743654,9626.16370949945,9626.16370949945
2000-10-23,9652.685081055788,9613.54525860024,9613.54525860024
2000-10-24,9239.697408869439,9241.319539570386,9241.319539570386
2000-10-25,8721.710965200928,8776.170010503733,8776.170010503733
2000-10-26,8945.702064229137,8976.241681907031,8976.241681907031
2000-10-27,8928.207840068491,8960.57615325989,8960.57615325989
2000-10-30,8597.463583810551,8664.460520029073,8664.460520029073
2000-10-31,9150.449617973116,9157.721535640236,9157.721535640236
2000-11-01,10071.401895490499,10086.798516461151,10086.798516461151
2000-11-02,10195.741023495775,10187.24660141435,10187.24660141435
2000-11-03,10327.850784726907,10294.220277632467,10294.220277632467
2000-11-06,10250.137705174662,10231.144095833572,10231.144095833572
2000-11-07,10211.282289947487,10199.650033328415,10199.650033328415
2000-11-08,9412.799121288146,9552.89492555945,9552.89492555945
2000-11-09,9410.854776158261,9551.344738250908,9551.344738250908
2000-11-10,8921.270584186435,9161.026810587151,9161.026810587151
2000-11-13,8934.872565978525,9171.740141045173,9171.740141045173
2000-11-14,9430.283608320795,9562.087416448894,9562.087416448894
2000-11-15,9620.67480556927,9714.040155855217,9714.040155855217
2000-11-16,9061.15210319237,9265.559998273933,9265.559998273933
2000-11-17,9055.322441449556,9260.947255621804,9260.947255621804
2000-11-20,8686.194872242448,8968.918099338063,8968.918099338063
2000-11-21,8672.597388646145,8958.268963058354,8958.268963058354
2000-11-22,8284.03761362966,8654.084615482418,8654.084615482418
2000-11-24,8758.077165502931,9020.65175553122,9020.65175553122
2000-11-27,8649.283239870683,8935.209423423225,8935.209423423225
2000-11-28,8138.331493351174,8535.207302455334,8535.207302455334
2000-11-29,7825.539890482573,8294.341500264343,8294.341500264343
2000-11-30,7831.368427676439,8298.776295447606,8298.776295447606
2000-12-01,8957.34917941224,9394.64358081709,9394.64358081709
2000-12-04,9097.310628221458,9489.762942665158,9489.762942665158
2000-12-05,9893.32170850584,10034.442164397276,10034.442164397276
2000-12-06,9517.18358223946,9768.200528295713,9768.200528295713
2000-12-07,9307.247421686283,9621.640860382025,9621.640860382025
2000-12-08,9517.18358223946,9766.944635016234,9766.944635016234
2000-12-11,10409.41368864167,10389.941957023888,10389.941957023888
2000-12-12,10028.909737831062,10115.614819281287,10115.614819281287
2000-12-13,9619.970332523055,9824.193066472419,9824.193066472419
2000-12-14,9149.794193676018,9493.853005793922,9493.853005793922
2000-12-15,8939.854868564602,9349.116842540963,9349.116842540963
2000-12-18,8957.34917941224,9361.061649560219,9361.061649560219
2000-12-19,8275.052701916617,8894.807359941671,8894.807359941671
2000-12-20,7800.505042320525,8582.052255043705,8582.052255043705
2000-12-21,7846.428478549087,8611.35934738562,8611.35934738562
2000-12-22,8467.495817445451,9009.107521173413,9009.107521173413
2000-12-26,8519.980015811658,9044.18492860795,9044.18492860795
2000-12-27,8616.199674841133,9108.68508730428,9108.68508730428
2000-12-28,8598.70662981679,9096.896089296471,9096.896089296471
2000-12-29,8170.081773537614,8808.308593081481,8808.308593081481
2001-01-02,8478.739179958653,9354.214049294686,9354.214049294686
2001-01-03,9906.73530328863,10141.003762375396,10141.003762375396
2001-01-04,9728.235070361387,10030.872314670214,10030.872314670214
2001-01-05,8984.485415268035,9576.439759151202,9576.439759151202
2001-01-08,9083.65476248893,9634.25870638455,9634.25870638455
2001-01-09,9083.65476248893,9634.25870638455,9634.25870638455
2001-01-10,9549.734837434144,9908.002365560347,9908.002365560347
2001-01-11,9827.404417582282,10076.306877783249,10076.306877783249
2001-01-12,9953.838465121144,10154.18443195997,10154.18443195997
2001-01-16,9834.83496145167,10080.387997993892,10080.387997993892
2001-01-17,10134.817698537834,10265.2530118847,10265.2530118847
2001-01-18,10561.232330629875,10532.163895398306,10532.163895398306
2001-01-19,10521.566887776702,10506.842370992232,10506.842370992232
2001-01-22,10531.482889734498,10513.161939281514,10513.161939281514
2001-01-23,10752.127566004361,10653.840283873384,10653.840283873384
2001-01-24,10650.480653316008,10588.438483069807,10588.438483069807
2001-01-25,10233.982023181763,10321.539655203307,10321.539655203307
2001-01-26,10400.08725366176,10426.101520534614,10426.101520534614
2001-01-29,10630.647931889422,10572.345565456568,10572.345565456568
2001-01-30,10590.983924058239,10546.936213937463,10546.936213937463
2001-01-31,10202.248664383831,10298.312308306338,10298.312308306338
2001-02-01,11336.817861158786,11382.888086828272,11382.888086828272
2001-02-02,10710.37596155974,11021.422624504872,11021.422624504872
2001-02-05,10701.676767627332,11016.575477767663,11016.575477767663
2001-02-06,10719.079876899978,11026.267047767375,11026.267047767375
2001-02-07,10545.068456706162,10929.255201864871,10929.255201864871
2001-02-08,10230.106487768198,10755.626946850069,10755.626946850069
2001-02-09,9814.221278793433,10531.360911353955,10531.360911353955
2001-02-12,9932.54762810288,10593.090658116264,10593.090658116264
2001-02-13,9614.107555394565,10425.25829307043,10425.25829307043
2001-02-14,9996.935827426185,10621.462405363973,10621.462405363973
2001-02-15,10162.246479884985,10709.147803189691,10709.147803189691
2001-02-16,9593.226342351569,10403.32473728991,10403.32473728991
2001-02-20,9220.845758953195,10212.418421245631,10212.418421245631
2001-02-21,8961.568073998298,10084.391485432821,10084.391485432821
2001-02-22,8874.560396648127,10042.700575961468,10042.700575961468
2001-02-23,8905.881429311316,10057.544328483265,10057.544328483265
2001-02-26,9074.673333145689,10137.86220419359,10137.86220419359
2001-02-27,8526.541490767018,9871.521690573209,9871.521690573209
2001-02-28,8256.823199290624,9749.498553296404,9749.498553296404
2001-03-01,9491.437722898652,10851.023584923641,10851.023584923641
2001-03-02,9082.995079218228,10686.389347921195,10686.389347921195
2001-03-05,9248.317855551917,10748.464680626583,10748.464680626583
2001-03-06,9608.135998038866,10887.871701170481,10887.871701170481
2001-03-07,9612.020047624106,10889.470348323997,10889.470348323997
2001-03-08,9433.086386478011,10815.779383260502,10815.779383260502
2001-03-09,8771.802317464968,10550.918982861022,10550.918982861022
2001-03-12,8227.206848649785,10358.202227678996,10358.202227678996
2001-03-13,8645.374568476947,10486.467265430863,10486.467265430863
2001-03-14,8509.226141043258,10439.395684788578,10439.395684788578
2001-03-15,8198.036897450855,10335.432807648449,10335.432807648449
2001-03-16,8013.263089283476,10278.975595507463,10278.975595507463
2001-03-19,8413.925320230424,10393.924817806606,10393.924817806606
2001-03-20,7847.939433409572,10208.740887495362,10208.740887495362
2001-03-21,7847.939433409572,10208.740887495362,10208.740887495362
2001-03-22,8324.457610117162,10338.344313805665,10338.344313805665
2001-03-23,8324.457610117162,10338.344313805665,10338.344313805665
2001-03-26,8131.903389216309,10276.318534374333,10276.318534374333
2001-03-27,8411.979777276949,10361.393029597306,10361.393029597306
2001-03-28,7721.51784120305,10132.986259723524,10132.986259723524
2001-03-29,7575.647855783479,10094.622958953249,10094.622958953249
2001-03-30,7614.5428831291465,10104.182750442942,10104.182750442942
2001-04-02,8273.874982908681,11018.671660161282,11018.671660161282
2001-04-03,7667.715023587739,10908.073372247596,10908.073372247596
2001-04-04,7532.765318438587,10893.906536526023,10893.906536526023
2001-04-05,8253.97219360386,10954.952691943872,10954.952691943872
2001-04-06,7953.095381539788,10898.576248509937,10898.576248509937
2001-04-09,8196.444233806711,10935.241159564375,10935.241159564375
2001-04-10,8804.819115619845,11045.754774058874,11045.754774058874
2001-04-11,9070.293683017082,11111.986427842687,11111.986427842687
2001-04-12,9468.499531612963,11221.192757740779,11221.192757740779
2001-04-16,8904.36957735215,11047.58546477963,11047.58546477963
2001-04-17,9125.600717822064,11105.443189030817,11105.443189030817
2001-04-18,10076.875914051088,11373.181835921068,11373.181835921068
2001-04-19,10685.246293989238,11589.325401650427,11589.325401650427
2001-04-20,10707.366506827906,11597.98334800698,11597.98334800698
2001-04-23,9988.386058946448,11315.736281051803,11315.736281051803
2001-04-24,9800.338739192859,11249.493607612329,11249.493607612329
2001-04-25,9977.323451485456,11309.66432599055,11309.66432599055
2001-04-26,9722.90849029922,11220.167796768768,11220.167796768768
2001-04-27,9988.386058946448,11309.099980662897,11309.099980662897
2001-04-30,10209.605194416403,11387.17493464796,11387.17493464796
2001-05-01,11629.640349573929,12541.105015042012,12541.105015042012
2001-05-02,11854.730063933284,12621.540700395777,12621.540700395777
2001-05-03,11327.104800693876,12427.149033142452,12427.149033142452
2001-05-04,11665.944965680028,12543.128002847267,12543.128002847267
2001-05-07,11423.91017846705,12455.970354246016,12455.970354246016
2001-05-08,11665.944965680028,12540.164393096622,12540.164393096622
2001-05-09,11266.589810506774,12396.253628932482,12396.253628932482
2001-05-10,11077.806901256597,12332.088142580742,12332.088142580742
2001-05-11,11024.56268480458,12314.552028543294,12314.552028543294
2001-05-14,10847.872923077959,12256.904479214456,12256.904479214456
2001-05-15,10927.750740022162,12282.125777316549,12282.125777316549
2001-05-16,11411.811558435793,12437.326039666528,12437.326039666528
2001-05-17,11593.33573346783,12500.584590477216,12500.584590477216
2001-05-18,11627.22040666737,12512.71186388416,12512.71186388416
2001-05-21,12355.737049702077,12773.736766736847,12773.736766736847
2001-05-22,12319.429150091355,12750.17032144108,12750.17032144108
2001-05-23,11774.857719496786,12396.704189653203,12396.704189653203
2001-05-24,12077.404213392245,12593.078683200274,12593.078683200274
2001-05-25,11857.146723335221,12450.115687652084,12450.115687652084
2001-05-29,11162.514753500054,11999.249443850495,11999.249443850495
2001-05-30,10753.487488211345,11733.761250502705,11733.761250502705
2001-05-31,10826.094531420462,11780.888457810774,11780.888457810774
2001-06-01,12145.274148625604,12988.133747156859,12988.133747156859
2001-06-04,12087.254202570291,12951.664118978664,12951.664118978664
2001-06-05,12620.010338064638,13286.538924836073,13286.538924836073
2001-06-06,12522.424669756381,13225.199449695407,13225.199449695407
2001-06-07,12844.187473354554,13427.450065330442,13427.450065330442
2001-06-08,12488.134138602636,13203.645432392157,13203.645432392157
2001-06-11,12145.274148625604,12988.133747156859,12988.133747156859
2001-06-12,12079.340819585173,12946.689999650396,12946.689999650396
2001-06-13,11749.661054983955,12739.463015650472,12739.463015650472
2001-06-14,11143.060592809348,12358.171842316078,12358.171842316078
2001-06-15,11235.37226269105,12416.196237476397,12416.196237476397
2001-06-18,11085.032298045537,12321.696966385767,12321.696966385767
2001-06-19,11029.64458051293,12286.881879482255,12286.881879482255
2001-06-20,11280.198863971476,12444.372917951605,12444.372917951605
2001-06-21,11433.174635157624,12540.528979353532,12540.528979353532
2001-06-22,11406.798679661637,12523.949831057424,12523.949831057424
2001-06-25,11435.809249025615,12542.185019985958,12542.185019985958
2001-06-26,11475.37139326063,12567.052617911808,12567.052617911808
2001-06-27,11549.22406864939,12613.47423314091,12613.47423314091
2001-06-28,11696.912722009913,12706.306968094877,12706.306968094877
2001-06-29,12052.968442107116,12930.11310039091,12930.11310039091
2001-07-02,12986.730432349124,13888.546390158155,13888.546390158155
2001-07-03,13041.02355937092,13921.71816024762,13921.71816024762
2001-07-05,12415.257087715798,13539.390181254881,13539.390181254881
2001-07-06,11900.931206759777,13225.149672188505,13225.149672188505
2001-07-09,12003.79974251427,13287.99982661262,13287.99982661262
2001-07-10,11572.336197929655,13024.386174424184,13024.386174424184
2001-07-11,11715.205503192781,13111.675818749281,13111.675818749281
2001-07-12,12458.113486019665,13565.574390369005,13565.574390369005
2001-07-13,12329.53783040943,13487.017815698095,13487.017815698095
2001-07-16,12100.949267839935,13347.355805816209,13347.355805816209
2001-07-17,12372.395520853024,13513.202814277927,13513.202814277927
2001-07-18,11900.931206759777,13225.149672188505,13225.149672188505
2001-07-19,12183.812896351068,13397.983452159857,13397.983452159857
2001-07-20,11900.931206759777,13225.149672188505,13225.149672188505
2001-07-23,11603.7610360745,13043.585980425796,13043.585980425796
2001-07-24,11472.329751669029,12963.284686541745,12963.284686541745
2001-07-25,11572.336197929655,13024.386174424184,13024.386174424184
2001-07-26,11743.772128262939,13129.12932660634,13129.12932660634
2001-07-27,11986.656924764777,13277.52598507383,13277.52598507383
2001-07-30,11915.222272133213,13233.881162911279,13233.881162911279
2001-07-31,11932.357337044348,13244.350267655827,13244.350267655827
2001-08-01,13314.949439288454,14478.167939895939,14478.167939895939
2001-08-02,13565.18408969445,14627.091397827106,14627.091397827106
2001-08-03,13339.661506299946,14492.874961749258,14492.874961749258
2001-08-06,13129.59566491546,14367.85737748808,14367.85737748808
2001-08-07,13061.625955134794,14327.406208160846,14327.406208160846
2001-08-08,12511.729726239437,14000.143585748094,14000.143585748094
2001-08-09,12564.244091040277,14031.396734680551,14031.396734680551
2001-08-10,12443.76141348896,13959.693247842752,13959.693247842752
2001-08-13,12697.082103582243,14110.453316734061,14110.453316734061
2001-08-14,12542.616666685879,14018.525492365483,14018.525492365483
2001-08-15,12079.223150057165,13741.437490397926,13741.437490397926
2001-08-16,12221.331854932689,13774.803479878874,13774.803479878874
2001-08-17,11665.25726002691,13639.581650887798,13639.581650887798
2001-08-20,11825.895474812938,13673.254060700252,13673.254060700252
2001-08-21,11334.689881183558,13565.144670927599,13565.144670927599
2001-08-22,11643.63262973289,13623.097266342713,13623.097266342713
2001-08-23,11529.326921161808,13599.183266205715,13599.183266205715
2001-08-24,12141.008207191559,13722.47284508283,13722.47284508283
2001-08-27,12156.450978899686,13726.197895455422,13726.197895455422
2001-08-28,11776.476928910708,13634.20023952821,13634.20023952821
2001-08-29,11603.465916256666,13596.252884267738,13596.252884267738
2001-08-30,11174.049570852245,13506.879177257786,13506.879177257786
2001-08-31,11316.159672757958,13532.229224085419,13532.229224085419
2001-09-04,11957.503357885063,14464.313502430065,14464.313502430065
2001-09-05,11910.306102782688,14457.29481468425,14457.29481468425
2001-09-06,11428.23384682013,14387.24931376784,14387.24931376784
2001-09-07,11360.805929922957,14379.918089420995,14379.918089420995
2001-09-10,11495.655665782246,14393.827393969084,14393.827393969084
2001-09-17,10518.016423575109,14282.076886722118,14282.076886722118
2001-09-18,10282.035483756412,14275.480241717449,14275.480241717449
2001-09-19,10103.362937607139,14275.00345938529,14275.00345938529
2001-09-20,9766.248507103386,14280.973563259467,14280.973563259467
2001-09-21,9503.29944949335,14296.459128189437,14296.459128189437
2001-09-24,9982.003358578577,14251.373862700653,14251.373862700653
2001-09-25,10012.345921182305,14250.474753633234,14250.474753633234
2001-09-26,9665.112729692684,14259.483403038921,14259.483403038921
2001-09-27,9601.062306575428,14263.928388490674,14263.928388490674
2001-09-28,9769.615329496952,14250.773331086413,14250.773331086413
2001-10-01,10685.042719218609,15255.200506979332,15255.200506979332
2001-10-02,10718.510448068595,15253.185624068974,15253.185624068974
2001-10-03,11529.283187043027,15207.5248315727,15207.5248315727
2001-10-04,11640.85293484827,15210.94543589035,15210.94543589035
2001-10-05,11811.937031604493,15217.93348823363,15217.93348823363
2001-10-08,11849.124985395616,15220.013973250214,15220.013973250214
2001-10-09,11562.756802324882,15203.083267093967,15203.083267093967
2001-10-10,12087.152949040197,15221.022181080449,15221.022181080449
2001-10-11,12905.355205952006,15286.488646257301,15286.488646257301
2001-10-12,12849.571172968224,15278.61527396418,15278.61527396418
2001-10-15,12793.784617227926,15270.945442936874,15270.945442936874
2001-10-16,13002.051622262243,15298.807894780679,15298.807894780679
2001-10-17,12068.554347091023,15161.113640339867,15161.113640339867
2001-10-18,12395.84079992008,15188.398675041844,15188.398675041844
2001-10-19,12477.658839222282,15197.287944654967,15197.287944654967
2001-10-22,12812.3832191771,15235.645157830888,15235.645157830888
2001-10-23,12879.31447228288,15244.88001120317,15244.88001120317
2001-10-24,13158.255660172754,15284.596575613989,15284.596575613989
2001-10-25,13686.36950907269,15367.665928201637,15367.665928201637
2001-10-26,13392.563398876197,15202.520321098356,15202.520321098356
2001-10-29,12659.896042532373,14790.695001035292,14790.695001035292
2001-10-30,12414.434356356223,14652.723332723002,14652.723332723002
2001-10-31,12607.83139357089,14761.429959353165,14761.429959353165
2001-11-01,14143.08578232611,16062.339949246354,16062.339949246354
2001-11-02,14247.141556741315,16119.636505646857,16119.636505646857
2001-11-05,14711.370349866906,16375.25625743423,16375.25625743423
2001-11-06,15283.64996274957,16690.37236992936,16690.37236992936
2001-11-07,15263.644874999154,16679.356905914694,16679.356905914694
2001-11-08,15107.557593856218,16593.410078286255,16593.410078286255
2001-11-09,15099.561169012251,16589.006981873303,16589.006981873303
2001-11-12,15207.621942449681,16648.50882340719,16648.50882340719
2001-11-13,15751.88194513732,16948.196410336277,16948.196410336277
2001-11-14,15863.942288316783,17009.900547462024,17009.900547462024
2001-11-15,15799.916596763116,16974.645880743115,16974.645880743115
2001-11-16,15755.890563679674,16950.403688497347,16950.403688497347
2001-11-19,16204.11021927675,17197.20827883423,17197.20827883423
2001-11-20,15455.736427740667,16785.128878182157,16785.128878182157
2001-11-21,15375.699788898424,16741.058053498917,16741.058053498917
2001-11-23,15719.869099360489,16930.569076976823,16930.569076976823
2001-11-26,16108.060823385866,17144.320299672814,17144.320299672814
2001-11-27,16088.053925875385,17133.303839144308,17133.303839144308
2001-11-28,15507.759790548109,16813.7746650978,16813.7746650978
2001-11-29,15988.00134072234,17078.21157136335,17078.21157136335
2001-11-30,15867.94366781888,17012.103839567724,17012.103839567724
2001-12-03,16595.508327167874,17862.137092550856,17862.137092550856
2001-12-04,17387.59157843447,18291.09699157064,18291.09699157064
2001-12-05,18247.8277133365,18756.96570545984,18756.96570545984
2001-12-06,18273.37108289119,18770.798949891258,18770.798949891258
2001-12-07,17770.86151929042,18498.660318864822,18498.660318864822
2001-12-10,17459.994629184443,18330.307523151467,18330.307523151467
2001-12-11,17557.92756912218,18383.343998748227,18383.343998748227
2001-12-12,17698.471948907372,18459.45708769948,18459.45708769948
2001-12-13,16931.935918728876,18044.332518944117,18044.332518944117
2001-12-14,17080.974855443026,18125.045912568698,18125.045912568698
2001-12-17,17374.825670957234,18284.183498104423,18284.183498104423
2001-12-18,17570.708882733044,18390.265835546426,18390.265835546426
2001-12-19,17251.324326497663,18217.30022016177,18217.30022016177
2001-12-20,16518.855109303367,17820.624844258622,17820.624844258622
2001-12-21,16812.700147517466,17979.759301044855,17979.759301044855
2001-12-24,16744.54918964873,17942.851529091935,17942.851529091935
2001-12-26,16902.12697592602,18028.1892144693,18028.1892144693
2001-12-27,17038.392302096127,18101.984942961673,18101.984942961673
2001-12-28,17174.665331333043,18175.784843120036,18175.784843120036
2001-12-31,16569.959180313075,17848.300719369945,17848.300719369945
2002-01-02,18080.674945416034,19124.9259485579,19124.9259485579
2002-01-03,18707.265855985836,19459.357663482053,19459.357663482053
2002-01-04,18783.898294128114,19500.258859580535,19500.258859580535
2002-01-07,18576.532257832485,19389.580938842253,19389.580938842253
2002-01-08,18702.7526695403,19456.94883076953,19456.94883076953
2002-01-09,18531.45950918875,19365.524163726313,19365.524163726313
2002-01-10,18653.170811403554,19430.485398941702,19430.485398941702
2002-01-11,18414.259354943217,19302.97067322313,19302.97067322313
2002-01-14,18013.06684168856,19088.841329884148,19088.841329884148
2002-01-15,18184.351848135062,19180.261644926075,19180.261644926075
2002-01-16,17481.148884185608,18804.939613906652,18804.939613906652
2002-01-17,17873.32317845424,19014.255643821867,19014.255643821867
2002-01-18,17395.49211162852,18759.221840383438,18759.221840383438
2002-01-22,16859.073198537604,18472.917819695347,18472.917819695347
2002-01-23,17323.3769368843,18720.731652998125,18720.731652998125
2002-01-24,17553.270174358615,18843.43306529293,18843.43306529293
2002-01-25,17503.686277745604,18816.968545464784,18816.968545464784
2002-01-28,17602.86834030546,18869.90520112333,18869.90520112333
2002-01-29,17120.52204855794,18612.46147697205,18612.46147697205
2002-01-30,17251.24749280624,18682.233849610562,18682.233849610562
2002-01-31,17359.445735875852,18739.98273069255,18739.98273069255
2002-02-01,18192.35362108527,19650.84040434914,19650.84040434914
2002-02-04,17610.415671160994,19344.517958219854,19344.517958219854
2002-02-05,17319.46880552478,19191.368373136203,19191.368373136203
2002-02-06,17200.21110148371,19126.590697143867,19126.590697143867
2002-02-07,16785.231995910268,19069.140471696872,19069.140471696872
2002-02-08,17252.674914148894,19124.887323530143,19124.887323530143
2002-02-11,17472.092178646388,19155.895450295407,19155.895450295407
2002-02-12,17328.994150235623,19134.28883254622,19134.28883254622
2002-02-13,17624.73820034577,19177.11019389374,19177.11019389374
2002-02-14,17591.345568672645,19171.847574914696,19171.847574914696
2002-02-15,17066.655673843044,19089.89199813141,19089.89199813141
2002-02-19,16541.96901452456,19019.879650062063,19019.879650062063
2002-02-20,16766.155422399694,19044.20591851331,19044.20591851331
2002-02-21,15969.58445040742,18948.868948762774,18948.868948762774
2002-02-22,16050.673908375495,18955.284056979945,18955.284056979945
2002-02-25,16699.377708579363,19009.53568151019,19009.53568151019
2002-02-26,16637.364824121858,19002.216354800068,19002.216354800068
2002-02-27,16408.413586883893,18975.890399113025,18975.890399113025
2002-02-28,16112.683557321889,18945.281076963463,18945.281076963463
2002-03-01,18047.278111801777,20027.29438357016,20027.29438357016
2002-03-04,18759.27168764006,20118.805789759936,20118.805789759936
2002-03-05,18895.605660118683,20140.373489487774,20140.373489487774
2002-03-06,18986.501445015805,20155.226726763758,20155.226726763758
2002-03-07,19026.904519216034,20161.96668238737,20161.96668238737
2002-03-08,19526.81135554156,20246.10860767955,20246.10860767955
2002-03-11,19456.111969873753,20232.937977015077,20232.937977015077
2002-03-12,19188.497406282833,20183.731734156667,20183.731734156667
2002-03-13,18723.91742780989,20102.65728193081,20102.65728193081
2002-03-14,18612.826385432516,20085.171849356808,20085.171849356808
2002-03-15,18799.667911345892,20113.772856841584,20113.772856841584
2002-03-18,18905.69986361161,20130.775864894833,20130.775864894833
2002-03-19,18875.409260889362,20125.796557537615,20125.796557537615
2002-03-20,18208.861864876046,20016.9859068075,20016.9859068075
2002-03-21,18693.62225809138,20083.481408868254,20083.481408868254
2002-03-22,18521.944301524185,20056.52886900507,20056.52886900507
2002-03-25,17956.37547641026,19971.536943188912,19971.536943188912
2002-03-26,18123.020603094315,19992.70513713008,19992.70513713008
2002-03-27,17981.627540504036,19973.72436328582,19973.72436328582
2002-03-28,18208.861864876046,20002.85223887765,20002.85223887765
2002-04-01,19556.982666840435,21050.676247592837,21050.676247592837
2002-04-02,18673.594024218884,20923.037560220655,20923.037560220655
2002-04-03,18641.664415724055,20919.538242041002,20919.538242041002
2002-04-04,18497.984787266152,20903.99039629306,20903.99039629306
2002-04-05,18290.443535306043,20882.837933099996,20882.837933099996
2002-04-08,18519.267984245973,20904.023397142333,20904.023397142333
2002-04-09,17875.34779556681,20837.712381855847,20837.712381855847
2002-04-10,18008.402671122643,20847.481253952392,20847.481253952392
2002-04-11,17561.38213591368,20811.755517322832,20811.755517322832
2002-04-12,17838.1034041084,20827.76592376324,20827.76592376324
2002-04-15,17981.78543907885,20838.109219383627,20838.109219383627
2002-04-16,18732.14447452633,20897.417315647108,20897.417315647108
2002-04-17,18636.34241322283,20886.512299560753,20886.512299560753
2002-04-18,18279.797123791035,20847.391518212164,20847.391518212164
2002-04-19,18338.330728510642,20852.892451393534,20852.892451393534
2002-04-22,17875.34779556681,20808.142479231326,20808.142479231326
2002-04-23,17566.700528646084,20784.971063037843,20784.971063037843
2002-04-24,17295.298856440048,20768.775024931998,20768.775024931998
2002-04-25,17252.727649455308,20766.840614711164,20766.840614711164
2002-04-26,16518.340637792888,20735.166059498028,20735.166059498028
2002-04-29,16560.910641521354,20735.222505825877,20735.222505825877
2002-04-30,16885.52752571459,20736.507317378735,20736.507317378735
2002-05-01,17794.75958944807,21734.13765267708,21734.13765267708
2002-05-02,17202.72397672016,21723.93168752431,21723.93168752431
2002-05-03,16768.57183668835,21731.080409023794,21731.080409023794
2002-05-06,16334.418421778284,21749.995395056663,21749.995395056663
2002-05-07,16182.17628535486,21761.08321747025,21761.08321747025
2002-05-08,17913.17283140927,21616.131813835163,21616.131813835163
2002-05-09,17450.81783464886,21602.06960730203,21602.06960730203
2002-05-10,16667.082603545165,21598.02183264579,21598.02183264579
2002-05-13,17343.68981498951,21569.58882153117,21569.58882153117
2002-05-14,18364.238781233067,21570.412594827514,21570.412594827514
2002-05-15,18499.559458594984,21578.13382756592,21578.13382756592
2002-05-16,18527.749566541042,21579.927846491657,21579.927846491657
2002-05-17,18567.21852239769,21582.49289097519,21582.49289097519
2002-05-20,18161.252665677177,21555.346867557426,21555.346867557426
2002-05-21,17665.076423724062,21531.93003095463,21531.93003095463
2002-05-22,17704.545379580708,21532.77345514822,21532.77345514822
2002-05-23,18059.767257168754,21541.133309409386,21541.133309409386
2002-05-24,17614.331169713343,21522.180145458253,21522.180145458253
2002-05-28,17535.391983121805,21520.675277779912,21520.675277779912
2002-05-29,17073.0561095352,21513.892211091603,21513.892211091603
2002-05-30,17219.646710659923,21512.134804634472,21512.134804634472
2002-05-31,16937.729057782013,21513.023882856505,21513.023882856505
2002-06-03,17339.749648997935,22524.817148156777,22524.817148156777
2002-06-04,17567.12219799602,22512.24209354677,22512.24209354677
2002-06-05,17746.627269166052,22504.898226299898,22504.898226299898
2002-06-06,17279.924095410388,22518.87786413302,22518.87786413302
2002-06-07,16932.890969101412,22539.22131547847,22539.22131547847
2002-06-10,16902.969398610112,22541.66139967105,22541.66139967105
2002-06-11,16430.28921628952,22581.182620035164,22581.182620035164
2002-06-12,16669.623899676724,22553.12451062379,22553.12451062379
2002-06-13,16561.92545675495,22563.839243297436,22563.839243297436
2002-06-14,16526.020113316008,22567.691697427363,22567.691697427363
2002-06-17,17088.45418409816,22505.859449678548,22505.859449678548
2002-06-18,17363.69285804776,22486.664977976914,22486.664977976914
2002-06-19,16358.489352423976,22538.5851972346,22538.5851972346
2002-06-20,15831.948449191885,22601.527944972262,22601.527944972262
2002-06-21,15449.019449579764,22663.102770568825,22663.102770568825
2002-06-24,15754.172929637954,22604.026630682758,22604.026630682758
2002-06-25,15233.614446476964,22690.801791446873,22690.801791446873
2002-06-26,15347.298015222921,22666.665410868496,22666.665410868496
2002-06-27,15682.37306577241,22599.064670941985,22599.064670941985
2002-06-28,15616.55697485451,22610.3671587708,22610.3671587708
2002-07-01,15868.335502804237,23742.805998632284,23742.805998632284
2002-07-02,15293.625945874872,23875.073703362134,23875.073703362134
2002-07-03,15804.473110016164,23729.685587742046,23729.685587742046
2002-07-05,16819.794337944553,23491.85430147277,23491.85430147277
2002-07-08,16206.77543083441,23581.52262731031,23581.52262731031
2002-07-09,15747.00114363672,23671.059275201103,23671.059275201103
2002-07-10,15261.699802913377,23785.09692383646,23785.09692383646
2002-07-11,15836.402140653398,23623.392781264025,23623.392781264025
2002-07-12,15836.402140653398,23623.392781264025,23623.392781264025
2002-07-15,16328.099683136845,23512.729078206197,23512.729078206197
2002-07-16,16085.448290856239,23556.82684351896,23556.82684351896
2002-07-17,16379.181223107662,23497.453938476225,23497.453938476225
2002-07-18,15791.703807901862,23601.52547437585,23601.52547437585
2002-07-19,15319.170325454952,23708.845253476782,23708.845253476782
2002-07-22,14942.421047244003,23811.180751450036,23811.180751450036
2002-07-23,14303.84043449935,24009.30430979935,24009.30430979935
2002-07-24,15082.893477366415,23711.626049595994,23711.626049595994
2002-07-25,14208.059117939129,23966.690109489376,23966.690109489376
2002-07-26,14476.254889799817,23862.53757764032,23862.53757764032
2002-07-29,15216.997138648234,23599.102622302715,23599.102622302715
2002-07-30,15523.509479879043,23515.46189178551,23515.46189178551
2002-07-31,15229.766440762538,23586.717710678415,23586.717710678415
2002-08-01,15514.272992980814,24780.300756801524,24780.300756801524
2002-08-02,15186.647883413732,24886.48874615296,24886.48874615296
2002-08-05,14633.788323889905,25085.05823646526,25085.05823646526
2002-08-06,15357.290237493471,24778.869493224192,24778.869493224192
2002-08-07,15562.05766716637,24709.797854549153,24709.797854549153
2002-08-08,16087.618092185521,24543.936348391464,24543.936348391464
2002-08-09,15923.804765760438,24587.029809620297,24587.029809620297
2002-08-12,15971.589439945992,24573.720633925826,24573.720633925826
2002-08-13,15425.546561812132,24723.30108621734,24723.30108621734
2002-08-14,16408.414174097947,24401.01779771465,24401.01779771465
2002-08-15,16742.863681470426,24324.05520917121,24324.05520917121
2002-08-16,16858.892333709955,24300.68533722217,24300.68533722217
2002-08-19,17268.422563206495,24222.088023014785,24222.088023014785
2002-08-20,17193.343384365522,24234.074866599367,24234.074866599367
2002-08-21,17575.566762941955,24170.887550957683,24170.887550957683
2002-08-22,17855.416458021995,24132.580234901347,24132.580234901347
2002-08-23,17166.04733642702,24213.434595846324,24213.434595846324
2002-08-26,17234.292857764078,24202.110711328984,24202.110711328984
2002-08-27,16633.656340470123,24298.66130364211,24298.66130364211
2002-08-28,16026.181535823,24424.786726547813,24424.786726547813
2002-08-29,16237.776449867468,24369.691179824957,24369.691179824957
2002-08-30,16033.012106760742,24419.012651267287,24419.012651267287
2002-09-03,16452.55195942216,25569.321391068035,25569.321391068035
2002-09-04,16517.946634453547,25549.934002638343,25549.934002638343
2002-09-05,16110.994219442531,25668.07062459147,25668.07062459147
2002-09-06,16605.157061146827,25505.313423008873,25505.313423008873
2002-09-09,16772.293947739894,25458.3460930831,25458.3460930831
2002-09-10,17186.507325814397,25348.25429608817,25348.25429608817
2002-09-11,17041.179618388935,25381.63524854427,25381.63524854427
2002-09-12,16576.08527579216,25494.118004315977,25494.118004315977
2002-09-13,16706.892700214223,25457.161942874543,25457.161942874543
2002-09-16,16467.077171796274,25522.040670616396,25522.040670616396
2002-09-17,16118.263398123876,25624.062646620812,25624.062646620812
2002-09-18,15936.594726662404,25683.294804697438,25683.294804697438
2002-09-19,15682.239197758196,25770.917564961426,25770.917564961426
2002-09-20,15747.6503040253,25746.62842634196,25746.62842634196
2002-09-23,15275.293355241469,25918.67669739956,25918.67669739956
2002-09-24,15282.555961428527,25915.650887198237,25915.650887198237
2002-09-25,15892.991156439335,25661.847987501747,25661.847987501747
2002-09-26,15696.77262575017,25729.883825841873,25729.883825841873
2002-09-27,15486.030525810462,25807.326956271863,25807.326956271863
2002-09-30,15057.280433496842,25974.80724563668,25974.80724563668
2002-10-01,16972.629208177135,26571.33927656391,26571.33927656391
2002-10-02,16408.93315763042,26748.797152994044,26748.797152994044
2002-10-03,16015.11920881356,26894.227480752896,26894.227480752896
2002-10-04,15713.963462862099,27017.99046522571,27017.99046522571
2002-10-07,15567.253768677554,27083.281599840244,27083.281599840244
2002-10-08,15598.13285245139,27069.002018063155,27069.002018063155
2002-10-09,15490.028123851109,27118.590915808236,27118.590915808236
2002-10-10,16277.661259370803,26746.995682894958,26746.995682894958
2002-10-11,17157.94386794594,26412.606991167268,26412.606991167268
2002-10-14,17358.715529221576,26354.01516705132,26354.01516705132
2002-10-15,18192.667290402023,26125.492617014912,26125.492617014912
2002-10-16,17590.37151215702,26249.00654736354,26249.00654736354
2002-10-17,18184.94664647757,26099.260741269543,26099.260741269543
2002-10-18,18385.720053715195,26058.27839446131,26058.27839446131
2002-10-21,18756.361594986745,25988.14440364072,25988.14440364072
2002-10-22,18640.539714385992,26007.006081556046,26007.006081556046
2002-10-23,18995.743459732617,25942.772307368054,25942.772307368054
2002-10-24,18516.98671408884,25713.893712793073,25713.893712793073
2002-10-25,19072.96561263508,25979.689798321844,25979.689798321844
2002-10-28,18910.807646753663,25902.167157298438,25902.167157298438
2002-10-29,18470.65935861813,25691.746056165794,25691.746056165794
2002-10-30,18964.867867882764,25928.011654628295,25928.011654628295
2002-10-31,18957.140240110344,25924.317317994828,25924.317317994828
2002-11-01,20497.367465008738,27182.60643562529,27182.60643562529
2002-11-04,21025.020920710973,27432.851935138242,27432.851935138242
2002-11-05,21187.384019232955,27509.85443413264,27509.85443413264
2002-11-06,21487.735010547967,27652.299220646557,27652.299220646557
2002-11-07,20732.79377431738,27294.259972117386,27294.259972117386
2002-11-08,20351.248385364863,27113.307842621303,27113.307842621303
2002-11-11,19734.29871289202,26820.71262260735,26820.71262260735
2002-11-12,20237.598988653608,27059.408356619635,27059.408356619635
2002-11-13,20481.12711709535,27174.904270630574,27174.904270630574
2002-11-14,21187.384019232955,27509.85443413264,27509.85443413264
2002-11-15,21463.383666089678,27640.75032564375,27640.75032564375
2002-11-18,21146.79049137892,27490.602503637267,27490.602503637267
2002-11-19,20822.073471746753,27336.60185813772,27336.60185813772
2002-11-20,21706.909959049062,27756.24536915683,27756.24536915683
2002-11-21,22510.570403537455,28137.390242172296,28137.390242172296
2002-11-22,22502.45390054548,28133.540900670643,28133.540900670643
2002-11-25,22721.63252001129,28237.48879017662,28237.48879017662
2002-11-26,21958.576616271086,27875.601070643643,27875.601070643643
2002-11-27,22656.69682511077,28206.69231716769,28206.69231716769
2002-11-29,22502.45390054548,28133.540900670643,28133.540900670643
2002-12-02,23729.447277493917,29241.217297169624,29241.217297169624
2002-12-03,23026.04278435838,28909.820557841824,28909.820557841824
2002-12-04,22517.553314439116,28670.254626776194,28670.254626776194
2002-12-05,22203.992281210136,28522.525823496686,28522.525823496686
2002-12-06,22432.808901873716,28630.32877717686,28630.32877717686
2002-12-09,21373.46063006835,28131.235344429635,28131.235344429635
2002-12-10,21695.495146448586,28282.956281274506,28282.956281274506
2002-12-11,21797.198022579923,28330.87181473939,28330.87181473939
2002-12-12,21915.85169743492,28386.773420913276,28386.773420913276
2002-12-13,21220.914938818918,28059.366106783425,28059.366106783425
2002-12-16,21907.36671702023,28382.775870613084,28382.775870613084
2002-12-17,21975.16991191484,28414.7201614491,28414.7201614491
2002-12-18,21509.05935501528,28195.120314945114,28195.120314945114
2002-12-19,21237.85232406856,28067.34585996847,28067.34585996847
2002-12-20,21458.205042633752,28171.161194028966,28171.161194028966
2002-12-23,21754.819109560223,28310.905730177743,28310.905730177743
2002-12-24,21483.62357587694,28183.13669193592,28183.13669193592
2002-12-26,21424.301528975873,28155.18814582182,28155.18814582182
2002-12-27,21034.469566332747,27971.52562650835,27971.52562650835
2002-12-30,20873.44847572149,27895.66335250764,27895.66335250764
2002-12-31,20653.10533820916,27791.852532392833,27791.852532392833
2003-01-02,22525.700662659077,29202.981909697635,29202.981909697635
2003-01-03,22774.0108785162,29319.185041760087,29319.185041760087
2003-01-06,23341.593414265462,29584.799841901713,29584.799841901713
2003-01-07,23634.25068408959,29721.756314904735,29721.756314904735
2003-01-08,22969.123077474036,29410.492797843464,29410.492797843464
2003-01-09,23678.58771204512,29742.50496391617,29742.50496391617
2003-01-10,24033.326044937545,29908.51386211,29908.51386211
2003-01-13,23891.42990969966,29842.109927478137,29842.109927478137
2003-01-14,24015.59404103855,29900.215716245584,29900.215716245584
2003-01-15,23714.063751056885,29759.10688595996,29759.10688595996
2003-01-16,23448.01952609847,29634.604669647266,29634.604669647266
2003-01-17,22445.891606096375,29165.633215414062,29165.633215414062
2003-01-21,22197.565348620887,29049.422576264995,29049.422576264995
2003-01-22,22108.89129270983,29007.925278242124,29007.925278242124
2003-01-23,22623.26378034603,29248.639072089718,29248.639072089718
2003-01-24,22011.342211438947,28962.27468455083,28962.27468455083
2003-01-27,21754.160980626584,28841.9201335916,28841.9201335916
2003-01-28,21975.86416722488,28945.67182412121,28945.67182412121
2003-01-29,22304.007502072258,29099.234911097155,29099.234911097155
2003-01-30,21727.553951367758,28829.468692058756,28829.468692058756
2003-01-31,21674.33989285011,28804.565808993066,28804.565808993066
2003-02-03,22718.38302638553,29825.197309151183,29825.197309151183
2003-02-04,22440.084529092917,29695.792838685175,29695.792838685175
2003-02-05,22338.030629998306,29648.33936373003,29648.33936373003
2003-02-06,22458.624338240945,29704.41356142957,29704.41356142957
2003-02-07,22087.572260188637,29527.841668485136,29527.841668485136
2003-02-10,22282.383935044447,29499.731664804298,29499.731664804298
2003-02-11,22402.977643287086,29483.61557404491,29483.61557404491
2003-02-12,22096.845311013778,29522.5540333819,29522.5540333819
2003-02-13,22208.16806593203,29506.567740007005,29506.567740007005
2003-02-14,22718.38302638553,29436.412275010938,29436.412275010938
2003-02-18,23423.403369192587,29358.54967602073,29358.54967602073
2003-02-19,23265.702775144116,29370.503512870186,29370.503512870186
2003-02-20,23172.934511879157,29378.21552266804,29378.21552266804
2003-02-21,23349.191695081674,29362.789399564557,29362.789399564557
2003-02-24,22950.29948954642,29394.373322686766,29394.373322686766
2003-02-25,22978.129129525605,29391.643374811945,29391.643374811945
2003-02-26,22467.903681568343,29440.998015473408,29440.998015473408
2003-02-27,22978.129129525605,29378.626459824496,29378.626459824496
2003-02-28,23339.908156752772,29343.83614128236,29343.83614128236
2003-03-03,23866.51275708262,30380.86116718647,30380.86116718647
2003-03-04,23721.27903359362,30394.952643269124,30394.952643269124
2003-03-05,23769.68881528989,30389.924091874425,30389.924091874425
2003-03-06,23711.594012374233,30395.82470469329,30395.82470469329
2003-03-07,23760.003794070504,30390.774038328702,30390.774038328702
2003-03-10,23246.864048650204,30443.125947529727,30443.125947529727
2003-03-11,23043.528954645262,30468.936127853198,30468.936127853198
2003-03-12,23459.857893473396,30411.76071512206,30411.76071512206
2003-03-13,24805.673030150723,30251.740919600514,30251.740919600514
2003-03-14,24902.496971943456,30296.498989805503,30296.498989805503
2003-03-17,25754.53364883888,30690.363530905746,30690.363530905746
2003-03-18,26074.03645667419,30838.057673893607,30838.057673893607
2003-03-19,25851.34007703085,30735.113505231166,30735.113505231166
2003-03-20,25948.159640423393,30779.86955146626,30779.86955146626
2003-03-21,26306.40691153644,30945.47380403375,30945.47380403375
2003-03-24,25212.323515359756,30439.720159330715,30439.720159330715
2003-03-25,25570.55546207214,30605.31732800358,30605.31732800358
2003-03-26,25715.79356396133,30672.45544529601,30672.45544529601
2003-03-27,25531.83726919554,30587.419362243305,30587.419362243305
2003-03-28,25251.063600237303,30457.62824494045,30457.62824494045
2003-03-31,24447.43670503815,30086.141726957754,30086.141726957754
2003-04-01,25640.775921796245,31175.53385541715,31175.53385541715
2003-04-02,26346.031753767966,31499.83509740148,31499.83509740148
2003-04-03,26678.501497523546,31652.716287367268,31652.716287367268
2003-04-04,26245.279618905162,31453.505749968463,31453.505749968463
2003-04-07,26285.582295263866,31472.03832695103,31472.03832695103
2003-04-08,26255.35528799484,31458.138894214106,31458.138894214106
2003-04-09,25650.84931286894,31180.165952151092,31180.165952151092
2003-04-10,25963.181386547032,31323.78713869579,31323.78713869579
2003-04-11,25701.23677038523,31203.3358634261,31203.3358634261
2003-04-14,26225.12828072581,31444.23946147718,31444.23946147718
2003-04-15,26477.001783831893,31560.05968752463,31560.05968752463
2003-04-16,26416.556881361743,31532.265012097574,31532.265012097574
2003-04-17,27021.04918838578,31810.231669090394,31810.231669090394
2003-04-21,27121.79676721463,31856.55892150001,31856.55892150001
2003-04-22,27635.626276567396,32087.021901403736,32087.021901403736
2003-04-23,27837.116878191144,32320.967507793343,32320.967507793343
2003-04-24,27685.99550994787,32145.504335579888,32145.504335579888
2003-04-25,27152.01238439877,31525.51012690867,31525.51012690867
2003-04-28,27685.99550994787,32145.504335579888,32145.504335579888
2003-04-29,27937.866735036972,32437.945600883148,32437.945600883148
2003-04-30,27655.76850267884,32110.408527200194,32110.408527200194
2003-05-01,28897.27781675314,33390.867149368234,33390.867149368234
2003-05-02,29513.00932808564,34102.346245252615,34102.346245252615
2003-05-05,29481.680269229797,34066.145449841926,34066.145449841926
2003-05-06,29857.38593166004,34500.274157086475,34500.274157086475
2003-05-07,29523.42953776459,34114.38682012146,34114.38682012146
2003-05-08,28980.755116982345,33487.32535071222,33487.32535071222
2003-05-09,29648.663185475383,34259.094571483336,34259.094571483336
2003-05-12,30097.404701615505,34777.616365987946,34777.616365987946
2003-05-13,29909.562488820575,34560.56428197321,34560.56428197321
2003-05-14,29846.935046544986,34488.198136684725,34488.198136684725
2003-05-15,30180.90087903616,34874.09637996756,34874.09637996756
2003-05-16,29951.29523981285,34608.78656619657,34608.78656619657
2003-05-19,28897.27781675314,33390.867149368234,33390.867149368234
2003-05-20,28980.755116982345,33487.32535071222,33487.32535071222
2003-05-21,28897.27781675314,33390.867149368234,33390.867149368234
2003-05-22,29314.70207228207,33873.201781359414,33873.201781359414
2003-05-23,29325.157676694984,33885.28325492007,33885.28325492007
2003-05-27,30368.754890075747,35091.16209687956,35091.16209687956
2003-05-28,30462.671277175352,35199.68268572802,35199.68268572802
2003-05-29,30587.91200383294,35344.39861682826,35344.39861682826
2003-05-30,31088.832436782526,35923.21326279906,35923.21326279906
2003-06-02,31869.373053349413,36669.67410624391,36669.67410624391
2003-06-03,32171.052915657718,37016.79427759913,37016.79427759913
2003-06-04,32774.38340749348,37711.00098436244,37711.00098436244
2003-06-05,33011.412538886645,37983.73245565067,37983.73245565067
2003-06-06,32461.950753962465,37351.50839045567,37351.50839045567
2003-06-09,32030.984046214304,36855.62763694003,36855.62763694003
2003-06-10,32515.809716613767,37413.479820041604,37413.479820041604
2003-06-11,32882.10864099129,37834.95225252109,37834.95225252109
2003-06-12,33022.18725469499,37996.13010516257,37996.13010516257
2003-06-13,32278.785457350743,37140.75395474456,37140.75395474456
2003-06-16,33269.983793701285,38281.25081697592,38281.25081697592
2003-06-17,33140.6993843265,38132.493037811095,38132.493037811095
2003-06-18,33313.077784804525,38330.83580903233,38330.83580903233
2003-06-19,32774.38340749348,37711.00098436244,37711.00098436244
2003-06-20,32731.28941639024,37661.415992306036,37661.415992306036
2003-06-23,32224.91918650423,37078.774116171844,37078.774116171844
2003-06-24,31977.11046717258,36793.63938938053,36793.63938938053
2003-06-25,31804.729630629485,36595.2938151637,36595.2938151637
2003-06-26,32558.911015912217,37463.0732210848,37463.0732210848
2003-06-27,32138.723896102543,36979.59572307224,36979.59572307224
2003-06-30,32268.02048580268,37128.36751721504,37128.36751721504
2003-07-01,33698.66048680807,38623.91752775215,38623.91752775215
2003-07-02,34387.08136651691,39412.95516005406,39412.95516005406
2003-07-03,33954.04793305135,38916.63134838562,38916.63134838562
2003-07-07,35408.57340901255,40583.744260708416,40583.744260708416
2003-07-08,35841.6193951906,41080.08245974196,41080.08245974196
2003-07-09,35752.79389103696,40978.27458675145,40978.27458675145
2003-07-10,35086.5988440709,40214.711223113096,40214.711223113096
2003-07-11,35353.08539870182,40520.14635197671,40520.14635197671
2003-07-14,35775.00214998225,41003.728713103854,41003.728713103854
2003-07-15,35819.406115160324,41054.62257844353,41054.62257844353
2003-07-16,35708.377373146395,40927.36633404667,40927.36633404667
2003-07-17,34620.24549055991,39680.197589497,39680.197589497
2003-07-18,34731.27674311634,39807.45671136688,39807.45671136688
2003-07-21,34287.14169072063,39298.40871399527,39298.40871399527
2003-07-22,34797.8914777822,39883.807580531975,39883.807580531975
2003-07-23,35086.5988440709,40214.711223113096,40214.711223113096
2003-07-24,34620.24549055991,39680.197589497,39680.197589497
2003-07-25,35308.65381755625,40469.22083443379,40469.22083443379
2003-07-28,35408.57340901255,40583.744260708416,40583.744260708416
2003-07-29,35142.10944926411,40278.335029101996,40278.335029101996
2003-07-30,34886.727024105836,39985.62696341457,39985.62696341457
2003-07-31,35308.65381755625,40469.22083443379,40469.22083443379
2003-08-01,35930.85618468191,41036.24969345748,41036.24969345748
2003-08-04,35919.413605295595,41023.18124492343,41023.18124492343
2003-08-05,34503.18846046957,39405.72553035546,39405.72553035546
2003-08-06,34480.34978475472,39379.64172109454,39379.64172109454
2003-08-07,34617.40508057277,39536.171120563675,39536.171120563675
2003-08-08,34343.31256568135,39223.13296688375,39223.13296688375
2003-08-11,34720.199780426425,39653.5718568188,39653.5718568188
2003-08-12,35245.57712319956,40253.59974678918,40253.59974678918
2003-08-13,35256.99904344909,40266.644600742264,40266.644600742264
2003-08-14,35291.25189223719,40305.76441598841,40305.76441598841
2003-08-15,35599.633409406066,40657.96367543117,40657.96367543117
2003-08-18,36513.32246956591,41701.478258612304,41701.478258612304
2003-08-19,36970.16829084187,42223.23702486418,42223.23702486418
2003-08-20,36878.78518166935,42118.869345271654,42118.869345271654
2003-08-21,37278.521401697675,42575.40384175812,42575.40384175812
2003-08-22,37050.121732588574,42314.551002535765,42314.551002535765
2003-08-25,37130.041603238,42405.82663901328,42405.82663901328
2003-08-26,37164.32544073127,42444.981846130875,42444.981846130875
2003-08-27,37461.27470808223,42784.12445433007,42784.12445433007
2003-08-28,37792.487153789676,43162.398675065895,43162.398675065895
2003-08-29,38135.10860778616,43553.703003141694,43553.703003141694
2003-09-02,39683.027298639274,45179.51774166863,45179.51774166863
2003-09-03,39659.58250419897,45152.825612099114,45152.825612099114
2003-09-04,40022.81257200618,45566.36662471653,45566.36662471653
2003-09-05,39765.046991369934,45272.89797032417,45272.89797032417
2003-09-08,40421.15155062893,46019.87947837176,46019.87947837176
2003-09-09,39940.78228275826,45472.97433182163,45472.97433182163
2003-09-10,38980.05169440487,44379.17308690088,44379.17308690088
2003-09-11,39413.54726817081,44872.71207067103,44872.71207067103
2003-09-12,39624.43650557302,45112.81154622356,45112.81154622356
2003-09-15,39237.82787155838,44672.653805532595,44672.653805532595
2003-09-16,40303.99645578959,45886.49724808001,45886.49724808001
2003-09-17,40139.95177206963,45699.730758649246,45699.730758649246
2003-09-18,40749.195882870474,46393.36118421604,46393.36118421604
2003-09-19,40514.88304406248,46126.593707572705,46126.593707572705
2003-09-22,39741.61809170552,45246.22393711369,45246.22393711369
2003-09-23,40444.588397681284,46046.562559761755,46046.562559761755
2003-09-24,38921.455603079994,44312.46085933614,44312.46085933614
2003-09-25,38417.67597945012,43738.902791994406,43738.902791994406
2003-09-26,38171.63279603403,43458.7802023868,43458.7802023868
2003-09-29,38827.734706163705,44205.75869437455,44205.75869437455
2003-09-30,37984.18305481349,43245.3668242841,43245.3668242841
2003-10-01,39839.1624916155,45218.81088125199,45218.81088125199
2003-10-02,39971.354481182265,45368.85330690524,45368.85330690524
2003-10-03,41089.0137318957,46637.434751064095,46637.434751064095
2003-10-06,41389.464646515175,46978.4568066893,46978.4568066893
2003-10-07,41641.84080617215,47264.91237253778,47264.91237253778
2003-10-08,41377.424219246415,46964.790510272804,46964.790510272804
2003-10-09,41689.89925723854,47319.460356835254,47319.460356835254
2003-10-10,42074.483710358385,47755.97685381623,47755.97685381623
2003-10-13,42350.88909554856,48069.70641181346,48069.70641181346
2003-10-14,42459.04914226612,48192.471761071436,48192.471761071436
2003-10-15,42278.795984316945,47987.87826687417,47987.87826687417
2003-10-16,42615.270357366084,48369.78817887343,48369.78817887343
2003-10-17,41593.75518194559,47210.33354577491,47210.33354577491
2003-10-20,42110.5316246322,47796.89246840915,47796.89246840915
2003-10-21,42362.8941977091,48083.33261302494,48083.33261302494
2003-10-22,41545.69401356318,47155.7824772309,47155.7824772309
2003-10-23,41064.97091978242,46610.14533768266,46610.14533768266
2003-10-24,41101.03242063632,46651.07637350827,46651.07637350827
2003-10-27,41113.0429574289,46664.70874321283,46664.70874321283
2003-10-28,42495.107925804004,48233.399712650506,48233.399712650506
2003-10-29,42447.044040105575,48178.845559859954,48178.845559859954
2003-10-30,42531.161274709855,48274.3214957365,48274.3214957365
2003-10-31,42278.795984316945,47987.87826687417,47987.87826687417
2003-11-03,43975.50665371363,49778.7091839529,49778.7091839529
2003-11-04,43680.38996308601,49444.64758839783,49444.64758839783
2003-11-05,44073.912250235124,49890.1008186165,49890.1008186165
2003-11-06,44196.84764734187,50029.259314939896,50029.259314939896
2003-11-07,43815.63474890177,49597.739874855884,49597.739874855884
2003-11-10,43274.561067753915,48985.26371550104,48985.26371550104
2003-11-11,43114.70862662423,48804.31643859985,48804.31643859985
2003-11-12,44036.99520621218,49848.31203803871,49848.31203803871
2003-11-13,43987.79379821445,49792.61779443519,49792.61779443519
2003-11-14,43090.10375183632,48776.464595613266,48776.464595613266
2003-11-17,42647.39673984563,48275.33600653036,48275.33600653036
2003-11-18,41663.60492460297,47161.71866826641,47161.71866826641
2003-11-19,42069.41157572688,47621.07736151081,47621.07736151081
2003-11-20,41663.60492460297,47161.71866826641,47161.71866826641
2003-11-21,42093.99976735864,47648.91031975811,47648.91031975811
2003-11-24,43262.28226483117,48971.3645473884,48971.3645473884
2003-11-25,43262.28226483117,48971.3645473884,48971.3645473884
2003-11-26,43459.0406278797,49194.08801504119,49194.08801504119
2003-11-28,43508.208669565145,49249.74448916614,49249.74448916614
2003-12-01,45147.3880372075,50973.31237315759,50973.31237315759
2003-12-02,44895.861486037866,50689.328248708436,50689.328248708436
2003-12-03,44329.93598724708,50050.37440256292,50050.37440256292
2003-12-04,44807.815676996,50589.92080295011,50589.92080295011
2003-12-05,44065.855429911586,49752.21627368853,49752.21627368853
2003-12-08,44317.3734506127,50036.1907668776,50036.1907668776
2003-12-09,43298.707552789296,48886.07384381568,48886.07384381568
2003-12-10,43462.21672981211,49070.682626706795,49070.682626706795
2003-12-11,44392.82260114613,50121.37605191026,50121.37605191026
2003-12-12,44317.3734506127,50036.1907668776,50036.1907668776
2003-12-15,43738.865510761,49383.03081210657,49383.03081210657
2003-12-16,43826.9312242294,49482.46073080508,49482.46073080508
2003-12-17,43902.37753127333,49567.642805417716,49567.642805417716
2003-12-18,44719.77839842265,50490.52298845188,50490.52298845188
2003-12-19,44594.03076203011,50348.54858353746,50348.54858353746
2003-12-22,44732.36936995208,50504.738728337485,50504.738728337485
2003-12-23,45071.941730163584,50888.13029854496,50888.13029854496
2003-12-24,45165.023359119325,50993.22339817352,50993.22339817352
2003-12-26,45102.10831032523,50922.18964462589,50922.18964462589
2003-12-29,45844.40977615028,51760.279424290886,51760.279424290886
2003-12-30,45995.35926002822,51930.70778191671,51930.70778191671
2003-12-31,45869.54053639805,51788.653116501584,51788.653116501584
2004-01-02,46743.43612018842,52646.314593159594,52646.314593159594
2004-01-05,47681.89138057963,53703.28034003209,53703.28034003209
2004-01-06,48003.28916390356,54065.26504237423,54065.26504237423
2004-01-07,48440.40955884685,54557.5860982782,54557.5860982782
2004-01-08,48826.0508689969,54991.92716131163,54991.92716131163
2004-01-09,48504.679236362324,54629.97191203354,54629.97191203354
2004-01-12,49276.01125240897,55498.709671665834,55498.709671665834
2004-01-13,48787.50475290122,54948.513344896855,54948.513344896855
2004-01-14,48954.63090287795,55136.74460469973,55136.74460469973
2004-01-15,49083.193502966096,55281.542412711795,55281.542412711795
2004-01-16,49584.55451910337,55846.21655674437,55846.21655674437
2004-01-20,49545.99096921479,55802.78310495357,55802.78310495357
2004-01-21,49340.30708061379,55571.124938485234,55571.124938485234
2004-01-22,49044.618330548925,55238.095870670295,55238.095870670295
2004-01-23,48864.637663942674,55035.38679360382,55035.38679360382
2004-01-26,49610.26355236242,55875.17219127158,55875.17219127158
2004-01-27,48517.52213046325,54644.43663904646,54644.43663904646
2004-01-28,47694.76042536991,53717.77452010906,53717.77452010906
2004-01-29,47874.74109197615,53920.48359717553,53920.48359717553
2004-01-30,47656.19106421703,53674.334523192905,53674.334523192905
2004-02-02,48527.32274283759,54529.230260028504,54529.230260028504
2004-02-03,48474.84094479648,54470.25746103421,54470.25746103421
2004-02-04,47687.24609724605,53585.252099801335,53585.252099801335
2004-02-05,47871.03325987177,53791.77024140095,53791.77024140095
2004-02-06,48737.377505229066,54765.264804245155,54765.264804245155
2004-02-09,48724.23183834833,54750.493268216684,54750.493268216684
2004-02-10,48802.99606990252,54838.99913822795,54838.99913822795
2004-02-11,49328.01578927731,55428.953818410046,55428.953818410046
2004-02-12,48894.86740059439,54942.233206427845,54942.233206427845
2004-02-13,48487.93914368577,54484.97565818287,54484.97565818287
2004-02-17,49144.24346039892,55222.45234521037,55222.45234521037
2004-02-18,49288.647023872814,55384.71588496435,55384.71588496435
2004-02-19,48540.44170897314,54543.97179293708,54543.97179293708
2004-02-20,48382.92807961209,54366.97672131448,54366.97672131448
2004-02-23,47844.75379310816,53762.24050406395,53762.24050406395
2004-02-24,47726.64156339573,53629.520036366914,53629.520036366914
2004-02-25,48015.39528885316,53953.98710963509,53953.98710963509
2004-02-26,48133.56685355489,54086.7742509319,54086.7742509319
2004-02-27,48002.30599021226,53939.278913526396,53939.278913526396
2004-03-01,49632.03983038321,55646.93595422988,55646.93595422988
2004-03-02,49056.028422610194,55001.11784909472,55001.11784909472
2004-03-03,48788.08903113671,54700.706940981836,54700.706940981836
2004-03-04,49243.57539956982,55211.393603445096,55211.393603445096
2004-03-05,49069.40495497394,55016.115480509405,55016.115480509405
2004-03-08,47917.34580661027,53724.438534255176,53724.438534255176
2004-03-09,47770.0162310512,53559.25411944334,53559.25411944334
2004-03-10,47140.39877857467,52853.33346469365,52853.33346469365
2004-03-11,46711.747223708764,52372.73372102359,52372.73372102359
2004-03-12,47569.08061078862,53333.96715501697,53333.96715501697
2004-03-15,46738.5305657843,52402.76293050624,52402.76293050624
2004-03-16,46818.86545333688,52492.83358562754,52492.83358562754
2004-03-17,47555.66774560722,53318.928787618366,53318.928787618366
2004-03-18,47341.35862071569,53078.64758644263,53078.64758644263
2004-03-19,46550.968450150656,52192.47020282923,52192.47020282923
2004-03-22,45961.55326040066,51531.62391429144,51531.62391429144
2004-03-23,45586.45930648141,51111.0724055907,51111.0724055907
2004-03-24,46108.91008557296,51696.838881091215,51696.838881091215
2004-03-25,47341.35862071569,53078.64758644263,53078.64758644263
2004-03-26,47180.58287489238,52898.3874629136,52898.3874629136
2004-03-29,47944.162453768644,53754.505085056415,53754.505085056415
2004-03-30,48104.92911638754,53934.755024589474,53934.755024589474
2004-03-31,48011.14805857072,53829.608660750964,53829.608660750964
2004-04-01,49439.51786981845,55309.92886238599,55309.92886238599
2004-04-02,50724.71303014972,56747.72712488887,56747.72712488887
2004-04-05,51203.27085640521,57283.10854580859,57283.10854580859
2004-04-06,50560.622287590755,56564.152371554694,56564.152371554694
2004-04-07,50505.93464406786,56502.971158564964,56502.971158564964
2004-04-08,50505.93464406786,56502.971158564964,56502.971158564964
2004-04-12,50820.429539754645,56854.808940515475,56854.808940515475
2004-04-13,50082.098453767816,56028.80897930328,56028.80897930328
2004-04-14,50328.194394731436,56304.12616633291,56304.12616633291
2004-04-15,49425.86527281986,55294.65516633645,55294.65516633645
2004-04-16,49343.79517977125,55202.840132456055,55202.840132456055
2004-04-19,49945.37779984999,55875.85421825312,55875.85421825312
2004-04-20,48783.229064889965,54575.712820689216,54575.712820689216
2004-04-21,49207.059074747725,55049.86808564758,55049.86808564758
2004-04-22,50478.58927719584,56472.37882349426,56472.37882349426
2004-04-23,50875.10482239298,56915.976324898555,56915.976324898555
2004-04-26,50505.93464406786,56502.971158564964,56502.971158564964
2004-04-27,50410.24903667434,56395.923914454994,56395.923914454994
2004-04-28,49494.190062235655,55371.0927896174,55371.0927896174
2004-04-29,48728.535240924786,54514.52469339616,54514.52469339616
2004-04-30,47539.038048871604,53183.7875036099,53183.7875036099
2004-05-03,48989.9289666801,54688.25247937028,54688.25247937028
2004-05-04,49199.2899427585,54921.965533473514,54921.965533473514
2004-05-05,49590.09688779856,55358.22966636455,55358.22966636455
2004-05-06,49213.26479658687,54937.5658895191,54937.5658895191
2004-05-07,48808.48615231299,54485.70492210755,54485.70492210755
2004-05-10,48389.783127723436,54018.29994305148,54018.29994305148
2004-05-11,49115.54492140823,54828.47960752721,54828.47960752721
2004-05-12,49213.26479658687,54937.5658895191,54937.5658895191
2004-05-13,48864.32563033013,54548.03943731362,54548.03943731362
2004-05-14,48501.41791943412,54142.919672112694,54142.919672112694
2004-05-17,48040.837652277616,53628.766447795875,53628.766447795875
2004-05-18,48473.52814907371,54111.785868997795,54111.785868997795
2004-05-19,48417.68867105657,54049.45135379172,54049.45135379172
2004-05-20,48641.01819177425,54298.757720890404,54298.757720890404
2004-05-21,48878.2784019967,54563.61514268374,54563.61514268374
2004-05-24,49213.26479658687,54937.5658895191,54937.5658895191
2004-05-25,50190.2711181061,56028.213896408946,56028.213896408946
2004-05-26,50511.285813462455,56386.56780872379,56386.56780872379
2004-05-27,50832.27211746791,56744.890027313035,56744.890027313035
2004-05-28,51013.73701399682,56947.46223525123,56947.46223525123
2004-06-01,51943.66062725883,57869.26971227338,57869.26971227338
2004-06-02,51829.780486927564,57742.39839677269,57742.39839677269
2004-06-03,51203.63752978232,57044.826542422794,57044.826542422794
2004-06-04,51502.49530011814,57377.77729537948,57377.77729537948
2004-06-07,52726.347364937414,58741.24348878409,58741.24348878409
2004-06-08,52797.509184586874,58820.52327932602,58820.52327932602
2004-06-09,52057.4667881175,57996.05860889944,57996.05860889944
2004-06-10,52427.50246059683,58408.307069544724,58408.307069544724
2004-06-14,51687.47936312031,57583.86389969414,57583.86389969414
2004-06-15,52356.35350694261,58329.04161272012,58329.04161272012
2004-06-16,52270.98762855277,58233.93739824791,58233.93739824791
2004-06-17,51787.09754773265,57694.84628953659,57694.84628953659
2004-06-18,51858.28509937257,57774.15474751318,57774.15474751318
2004-06-21,51445.58578669119,57314.375680207784,57314.375680207784
2004-06-22,52199.79042741642,58154.61818998332,58154.61818998332
2004-06-23,52825.97519904618,58852.23662891453,58852.23662891453
2004-06-24,52726.347364937414,58741.24348878409,58741.24348878409
2004-06-25,53124.823319885574,59185.17663158322,59185.17663158322
2004-06-28,52683.66120924369,58693.68779811865,58693.68779811865
2004-06-29,53181.75534880419,59248.60333076024,59248.60333076024
2004-06-30,53708.296203831145,59835.210712414344,59835.210712414344
2004-07-01,53711.808014683156,59725.07973710418,59725.07973710418
2004-07-02,53392.80560165027,59370.36360933001,59370.36360933001
2004-07-06,52247.214254266466,58096.51830235524,58096.51830235524
2004-07-07,52348.72828102945,58209.39726820938,58209.39726820938
2004-07-08,51768.68933096309,57564.42042189154,57564.42042189154
2004-07-09,51841.19419972138,57645.04252768127,57645.04252768127
2004-07-12,51623.70253595085,57403.20172133009,57403.20172133009
2004-07-13,51551.16816968696,57322.54681566006,57322.54681566006
2004-07-14,51029.13442562748,56742.06911174646,56742.06911174646
2004-07-15,50855.1155301062,56548.56804010259,56548.56804010259
2004-07-16,50275.096245043576,55903.61306037162,55903.61306037162
2004-07-19,50173.58221828059,55790.73409451748,55790.73409451748
2004-07-20,51377.139441663814,57129.034810722755,57129.034810722755
2004-07-21,49883.56602074804,55468.249315789704,55468.249315789704
2004-07-22,50565.122275078,56226.108772392836,56226.108772392836
2004-07-23,49608.02654346254,55161.86198942941,55161.86198942941
2004-07-26,49390.528324690764,54920.01389421594,54920.01389421594
2004-07-27,50072.07802401948,55677.866061956775,55677.866061956775
2004-07-28,49854.55686274335,55435.992455725296,55435.992455725296
2004-07-29,50434.579425306605,56080.95107988741,56080.95107988741
2004-07-30,50594.11504557958,56258.34741030152,56258.34741030152
2004-08-02,51695.309497311835,57370.9045995418,57370.9045995418
2004-08-03,50615.85105338091,56172.933100615934,56172.933100615934
2004-08-04,50630.656697316736,56189.36424676898,56189.36424676898
2004-08-05,49684.29196861302,55139.09873729069,55139.09873729069
2004-08-06,48383.02292045339,53694.96418918077,53694.96418918077
2004-08-09,48501.3176760084,53826.246450599974,53826.246450599974
2004-08-10,49107.57370279659,54499.06294041267,54499.06294041267
2004-08-11,48678.751454011384,54023.160570072934,54023.160570072934
2004-08-12,48013.35640477523,53284.71222220648,53284.71222220648
2004-08-13,48087.28770263177,53366.76039016394,53366.76039016394
2004-08-16,48634.41139123561,53973.95244004755,53973.95244004755
2004-08-17,49181.51836918039,54581.125944619474,54581.125944619474
2004-08-18,50053.938431500304,55549.328449890956,55549.328449890956
2004-08-19,49787.76436957313,55253.93130724516,55253.93130724516
2004-08-20,50290.561363928464,55811.93006335273,55811.93006335273
2004-08-23,50408.8394088244,55943.19377946025,55943.19377946025
2004-08-24,50394.08055473397,55926.814560179926,55926.814560179926
2004-08-25,51089.05347052365,56698.0881097291,56698.0881097291
2004-08-26,50867.25289269038,56451.936187732055,56451.936187732055
2004-08-27,51103.84574593222,56714.504419632794,56714.504419632794
2004-08-30,50246.204590493624,55762.70338801566,55762.70338801566
2004-08-31,50305.340270809786,55828.331537007085,55828.331537007085
2004-09-01,51674.72024498821,57238.29843020373,57238.29843020373
2004-09-02,52443.70905491135,58090.08070949216,58090.08070949216
2004-09-03,51478.69520324365,57021.16827863302,57021.16827863302
2004-09-07,51915.94303532654,57505.49256296521,57505.49256296521
2004-09-08,51719.952074224864,57288.400161342615,57288.400161342615
2004-09-09,52157.247619207796,57772.77729560217,57772.77729560217
2004-09-10,52956.401206148235,58657.97205396762,58657.97205396762
2004-09-13,53650.01045013886,59426.25899801419,59426.25899801419
2004-09-14,53725.39683219995,59509.76188324567,59509.76188324567
2004-09-15,53152.422839828505,58875.09843054352,58875.09843054352
2004-09-16,53257.98422309976,58992.02511983646,58992.02511983646
2004-09-17,53423.81722331271,59175.71259237165,59175.71259237165
2004-09-20,53423.81722331271,59175.71259237165,59175.71259237165
2004-09-21,53634.926357598066,59409.55087097828,59409.55087097828
2004-09-22,52700.02616198334,58373.994294273994,58373.994294273994
2004-09-23,52654.83182145386,58323.93408807804,58323.93408807804
2004-09-24,52473.887464185806,58123.50828854843,58123.50828854843
2004-09-27,52021.51464279066,57622.43057724259,57622.43057724259
2004-09-28,52127.06580186905,57739.34594155109,57739.34594155109
2004-09-29,52896.07506017792,58591.150870808386,58591.150870808386
2004-09-30,52986.565983165536,58691.38453304465,58691.38453304465
2004-10-01,55433.81070709011,61294.47969427004,61294.47969427004
2004-10-04,55756.29004006278,61651.05274372461,61651.05274372461
2004-10-05,55833.053976163006,61735.93244913419,61735.93244913419
2004-10-06,56278.38406626289,62228.344495441226,62228.344495441226
2004-10-07,55648.80387038087,61532.20273574312,61532.20273574312
2004-10-08,54635.31028632634,60411.55883420168,60411.55883420168
2004-10-11,54896.36597606264,60700.21430402253,60700.21430402253
2004-10-12,54804.22009924461,60598.326421816884,60598.326421816884
2004-10-13,54681.37975408086,60462.49893771947,60462.49893771947
2004-10-14,54435.6817104809,60190.824781599564,60190.824781599564
2004-10-15,54712.081163735565,60496.44621478129,60496.44621478129
2004-10-18,55495.241291635466,61362.404949073796,61362.404949073796
2004-10-19,55095.984139944594,60920.93684386958,60920.93684386958
2004-10-20,55357.008593790444,61209.55777542527,61209.55777542527
2004-10-21,56201.58542361772,62143.42641418148,62143.42641418148
2004-10-22,54973.15073608983,60785.1170349422,60785.1170349422
2004-10-25,54712.081163735565,60496.44621478129,60496.44621478129
2004-10-26,55003.834792472066,60819.045124078926,60819.045124078926
2004-10-27,56401.24523535361,62364.19500504874,62364.19500504874
2004-10-28,56754.40168339951,62754.688468470005,62754.688468470005
2004-10-29,56662.280101162934,62652.82744935949,62652.82744935949
2004-11-01,57876.9212946093,63890.193017030324,63890.193017030324
2004-11-02,58064.4487128576,64097.20407912331,64097.20407912331
2004-11-03,58455.0675586994,64528.40727546966,64528.40727546966
2004-11-04,58783.200809500464,64890.63277503055,64890.63277503055
2004-11-05,59314.49965267748,65477.13227916823,65477.13227916823
2004-11-08,59377.00290599973,65546.12946888784,65546.12946888784
2004-11-09,59251.98227272999,65408.1194951013,65408.1194951013
2004-11-10,59048.86612354235,65183.90007074013,65183.90007074013
2004-11-11,59830.149726757925,66046.35714506161,66046.35714506161
2004-11-12,60408.303054160635,66684.57920067462,66684.57920067462
2004-11-15,60673.90479838899,66977.77632182125,66977.77632182125
2004-11-16,60298.89234176808,66563.80098067723,66563.80098067723
2004-11-17,61111.38519176909,67460.70986681657,67460.70986681657
2004-11-18,61392.68867993862,67771.24010500996,67771.24010500996
2004-11-19,60439.54408585284,66719.06609977393,66719.06609977393
2004-11-22,61017.69034994293,67357.28035821326,67357.28035821326
2004-11-23,60923.94606492847,67253.79626939434,67253.79626939434
2004-11-24,61455.191933260874,67840.23729472957,67840.23729472957
2004-11-26,61267.68217329411,67633.24572557074,67633.24572557074
2004-11-29,61252.072252416925,67616.01397178156,67616.01397178156
2004-11-30,61127.07280908503,67478.027389516,67478.027389516
2004-12-01,63376.78852231484,69857.61669366562,69857.61669366562
2004-12-02,63614.92679775975,70120.10668020484,70120.10668020484
2004-12-03,63710.15196657747,70225.0694512439,70225.0694512439
2004-12-06,63932.43732183861,70470.08541854839,70470.08541854839
2004-12-07,62837.021349032206,69262.65362951912,69262.65362951912
2004-12-08,63202.1480457771,69665.1177085699,69665.1177085699
2004-12-09,63583.17789830617,70085.1111794831,70085.1111794831
2004-12-10,63392.68450158466,69875.13817515266,69875.13817515266
2004-12-13,63948.340477622776,70487.61481041083,70487.61481041083
2004-12-14,64265.865354730326,70837.60936950515,70837.60936950515
2004-12-15,64027.669667170674,70575.05609996284,70575.05609996284
2004-12-16,63424.404694980876,69910.10203437285,69910.10203437285
2004-12-17,63262.53123745939,69731.67560709447,69731.67560709447
2004-12-20,62829.758716517055,69254.64832962527,69254.64832962527
2004-12-21,63599.1599957481,70102.7275854748,70102.7275854748
2004-12-22,63679.25707233071,70191.01528519345,70191.01528519345
2004-12-23,63727.33971842904,70244.01480030098,70244.01480030098
2004-12-27,63454.8761748814,69943.68948827531,69943.68948827531
2004-12-28,64063.92541763169,70615.01931642898,70615.01931642898
2004-12-29,64144.07990632904,70703.37029915075,70703.37029915075
2004-12-30,64095.990083716366,70650.36287366784,70650.36287366784
2004-12-31,63983.79963499171,70526.69997520877,70526.69997520877
2005-01-03,64310.313973530734,70784.375212175,70784.375212175
2005-01-04,63138.086733364486,69494.14091420514,69494.14091420514
2005-01-05,62747.337030141345,69064.05479118641,69064.05479118641
2005-01-06,62437.99290760349,68723.5692751553,68723.5692751553
2005-01-07,62763.60065067586,69081.95565571488,69081.95565571488
2005-01-10,62731.07340960683,69046.15392665795,69046.15392665795
2005-01-11,62291.45994643622,68562.28497309942,68562.28497309942
2005-01-12,62812.47170045773,69135.74650995013,69135.74650995013
2005-01-13,61982.13769340154,68221.82352815462,68221.82352815462
2005-01-14,62568.24037873308,68866.9286415964,68866.9286415964
2005-01-18,63040.381082972715,69386.59932421186,69386.59932421186
2005-01-19,61998.40860377045,68239.73241637854,68239.73241637854
2005-01-20,60809.866714228934,66931.54108801212,66931.54108801212
2005-01-21,60321.46967928918,66393.97756456364,66393.97756456364
2005-01-24,59474.82466777492,65462.10156421931,65462.10156421931
2005-01-25,59767.872365523486,65784.65010909247,65784.65010909247
2005-01-26,60484.27355082536,66573.17075484342,66573.17075484342
2005-01-27,60402.86432522287,66483.56613600808,66483.56613600808
2005-01-28,60109.79111305392,66160.98950820089,66160.98950820089
2005-01-31,60891.28687458301,67021.15774239061,67021.15774239061
2005-02-01,62086.35452633319,68235.89287017756,68235.89287017756
2005-02-02,62185.65915686864,68345.03344031451,68345.03344031451
2005-02-03,61474.115510065494,67563.01271408357,67563.01271408357
2005-02-04,62466.94695051771,68654.18226858057,68654.18226858057
2005-02-07,62334.56794329717,68508.6913660485,68508.6913660485
2005-02-08,62450.44680784798,68636.04781736106,68636.04781736106
2005-02-09,61407.92600645523,67490.26726281754,67490.26726281754
2005-02-10,61474.115510065494,67563.01271408357,67563.01271408357
2005-02-11,62384.201735728486,68563.24129362797,68563.24129362797
2005-02-14,62665.489529377555,68872.39012189402,68872.39012189402
2005-02-15,63079.252648996466,69327.13571163501,69327.13571163501
2005-02-16,62847.539374702224,69072.47166698358,69072.47166698358
2005-02-17,62003.63524351494,68144.98039570959,68144.98039570959
2005-02-18,61805.03709614588,67926.71146992907,67926.71146992907
2005-02-22,61043.89299801694,67090.1774595989,67090.1774595989
2005-02-23,61126.59005343151,67181.06550508004,67181.06550508004
2005-02-24,61904.31949927765,68035.8276110792,68035.8276110792
2005-02-25,62251.844955911634,68417.77482008273,68417.77482008273
2005-02-28,61589.92398783796,67690.29180693784,67690.29180693784
2005-03-01,63268.08223422719,69435.6500762533,69435.6500762533
2005-03-02,63234.47685840242,69398.76874471853,69398.76874471853
2005-03-03,62713.220892862366,68826.69913955167,68826.69913955167
2005-03-04,63083.13221781524,69232.6705616596,69232.6705616596
2005-03-07,63991.06455579064,70229.11094496664,70229.11094496664
2005-03-08,63352.15589847697,69527.91950066645,69527.91950066645
2005-03-09,63167.183297807074,69324.91520023167,69324.91520023167
2005-03-10,63083.13221781524,69232.6705616596,69232.6705616596
2005-03-11,62494.714433184534,68586.89199607888,68586.89199607888
2005-03-14,62780.50692537173,68900.5444220915,68900.5444220915
2005-03-15,62276.07623200201,68346.9402685331,68346.9402685331
2005-03-16,61569.956823038796,67571.98616116337,67571.98616116337
2005-03-17,61721.2487670241,67738.0265105931,67738.0265105931
2005-03-18,61385.00680662685,67369.00664656967,67369.00664656967
2005-03-21,61502.69713883037,67498.16979543815,67498.16979543815
2005-03-22,60746.06803696925,66667.78215448138,66667.78215448138
2005-03-23,60964.69118197981,66907.7173581331,66907.7173581331
2005-03-24,60981.51645415014,66926.18280974157,66926.18280974157
2005-03-28,61099.18043805273,67055.31704179544,67055.31704179544
2005-03-29,60611.60512919727,66520.21138763364,66520.21138763364
2005-03-30,61754.936951794676,67774.99872354518,67774.99872354518
2005-03-31,61485.86810261705,67479.70021285616,67479.70021285616
2005-04-01,61863.48104340373,67796.67017916395,67796.67017916395
2005-04-04,62307.786765669654,68283.58827693545,68283.58827693545
2005-04-05,62478.738033089554,68470.93510091785,68470.93510091785
2005-04-06,62376.18181093666,68358.54293916345,68358.54293916345
2005-04-07,63128.09498577056,69182.5704374191,69182.5704374191
2005-04-08,62615.42099931482,68620.72702701045,68620.72702701045
2005-04-11,62342.02445991893,68321.10963243572,68321.10963243572
2005-04-12,62649.647215959594,68658.23580411464,68658.23580411464
2005-04-13,61624.25715849824,67534.50286251171,67534.50286251171
2005-04-14,60752.701434266244,66579.3581635404,66579.3581635404
2005-04-15,59368.460245974,65062.35747576436,65062.35747576436
2005-04-18,59385.53509561469,65081.06993632953,65081.06993632953
2005-04-19,59795.68346686289,65530.55472737332,65530.55472737332
2005-04-20,59300.08433004784,64987.42377752983,64987.42377752983
2005-04-21,60872.29807324631,66710.42505067175,66710.42505067175
2005-04-22,59966.56204278757,65717.82188818055,65717.82188818055
2005-04-25,60462.165005470786,66260.95703082273,66260.95703082273
2005-04-26,59898.235863147616,65642.94269632903,65642.94269632903
2005-04-27,59983.659847637275,65736.55950553788,65736.55950553788
2005-04-28,59385.53509561469,65081.06993632953,65081.06993632953
2005-04-29,59778.58566201318,65511.81711001599,65511.81711001599
2005-05-02,61017.555547309705,66773.73483022554,66773.73483022554
2005-05-03,61330.26339083525,67115.94242008412,67115.94242008412
2005-05-04,62077.357264226586,67933.51447369483,67933.51447369483
2005-05-05,62129.462272832345,67990.53488358768,67990.53488358768
2005-05-06,62303.276584534746,68180.74621957466,68180.74621957466
2005-05-09,62598.601830011685,68503.93139887702,68503.93139887702
2005-05-10,62146.8487604755,68009.56155066896,68009.56155066896
2005-05-11,62459.5760519738,68351.79042315291,68351.79042315291
2005-05-12,62285.851200946076,68161.67698724262,68161.67698724262
2005-05-13,62963.426350926646,68903.17216820367,68903.17216820367
2005-05-16,63380.43756193293,69359.52273444973,69359.52273444973
2005-05-17,63762.64857049104,69777.79017085767,69777.79017085767
2005-05-18,64631.311721575184,70728.39991565984,70728.39991565984
2005-05-19,65169.95055419254,71317.85202097349,71317.85202097349
2005-05-20,65430.580616274194,71603.06899661473,71603.06899661473
2005-05-23,65760.62827230828,71964.25217525371,71964.25217525371
2005-05-24,65969.14943618963,72192.44448447703,72192.44448447703
2005-05-25,65691.12899687028,71888.19658522942,71888.19658522942
2005-05-26,66351.34877596408,72610.69915130976,72610.69915130976
2005-05-27,66386.12175125041,72648.75248547235,72648.75248547235
2005-05-31,66160.26077486051,72401.58458746862,72401.58458746862
2005-06-01,67698.56080150537,73990.69421750453,73990.69421750453
2005-06-02,68174.69246699083,74511.07917179477,74511.07917179477
2005-06-03,67187.15866157919,73431.76063148044,73431.76063148044
2005-06-06,67204.78995090674,73451.03063252402,73451.03063252402
2005-06-07,66640.5255261405,72834.32156195592,72834.32156195592
2005-06-08,66499.41204523512,72680.0925164338,72680.0925164338
2005-06-09,66922.65773852362,73142.67609723998,73142.67609723998
2005-06-10,66217.27588495918,72371.73366632641,72371.73366632641
2005-06-13,66534.65093653327,72718.60662958091,72718.60662958091
2005-06-14,66270.17370083461,72429.54798428049,72429.54798428049
2005-06-15,66481.75706855067,72660.79662645017,72660.79662645017
2005-06-16,66834.4302298152,73046.24842520192,73046.24842520192
2005-06-17,66843.25771815743,73055.89637019373,73055.89637019373
2005-06-20,66843.25771815743,73055.89637019373,73055.89637019373
2005-06-21,66807.98724371672,73017.34773845988,73017.34773845988
2005-06-22,66737.36733697893,72940.16417852536,72940.16417852536
2005-06-23,65996.0557108731,72129.95254037989,72129.95254037989
2005-06-24,65254.700657946254,71319.69343917767,71319.69343917767
2005-06-27,64954.64896005985,70991.75392074611,70991.75392074611
2005-06-28,65572.44286355248,71666.96768100295,71666.96768100295
2005-06-29,65431.21489375536,71512.61350560392,71512.61350560392
2005-06-30,64919.35085036942,70953.17508524886,70953.17508524886
2005-07-01,65830.84317109811,71856.46907730053,71856.46907730053
2005-07-05,66511.89303182745,72599.85676459484,72599.85676459484
2005-07-06,66189.27928386162,72247.71354892361,72247.71354892361
2005-07-07,66422.24090936378,72501.99860791316,72501.99860791316
2005-07-08,67694.80075390651,73891.03834542248,73891.03834542248
2005-07-11,68322.13310251758,74575.79165158933,74575.79165158933
2005-07-12,68644.70275401825,74927.88673455964,74927.88673455964
2005-07-13,68806.02365869461,75103.97365734554,75103.97365734554
2005-07-14,69487.10558958045,75847.39635024054,75847.39635024054
2005-07-15,69702.16805899247,76082.14390835441,76082.14390835441
2005-07-18,69415.37266705475,75769.09757293496,75769.09757293496
2005-07-19,70221.90503258455,76649.45342426299,76649.45342426299
2005-07-20,70723.75487639515,77197.23856639613,77197.23856639613
2005-07-21,70741.67407633312,77216.79794577224,77216.79794577224
2005-07-22,70652.10212926067,77119.02730309224,77119.02730309224
2005-07-25,70383.23395480005,76825.54909844906,76825.54909844906
2005-07-26,70652.10212926067,77119.02730309224,77119.02730309224
2005-07-27,71189.75830279072,77705.89619837691,77705.89619837691
2005-07-28,71530.28724192495,78077.59441772416,78077.59441772416
2005-07-29,70938.83338088541,77432.00362731035,77432.00362731035
2005-08-01,72064.01597565888,78568.67188131706,78568.67188131706
2005-08-02,72845.51918802065,79420.71528515659,79420.71528515659
2005-08-03,72809.16036937683,79381.0746399144,79381.0746399144
2005-08-04,72100.33414267184,78608.26820562316,78608.26820562316
2005-08-05,71755.02292946957,78231.78844606892,78231.78844606892
2005-08-08,71227.9664050052,77657.158645427,77657.158645427
2005-08-09,71700.53348346087,78172.38066332894,78172.38066332894
2005-08-10,71082.52300010373,77498.58720027101,77498.58720027101
2005-08-11,71664.1584041647,78132.7222897123,78132.7222897123
2005-08-12,71264.27644169198,77696.74610554588,77696.74610554588
2005-08-15,71700.53348346087,78172.38066332894,78172.38066332894
2005-08-16,70537.31145729596,76904.16366956965,76904.16366956965
2005-08-17,70955.3077864812,77359.8892628594,77359.8892628594
2005-08-18,70591.84155493553,76963.61577324572,76963.61577324572
2005-08-19,70555.45021498701,76923.93967125466,76923.93967125466
2005-08-22,70591.84155493553,76963.61577324572,76963.61577324572
2005-08-23,70391.87618272065,76745.60108860086,76745.60108860086
2005-08-24,69973.8554625569,76289.84890274945,76289.84890274945
2005-08-25,70137.42136449707,76468.17862121602,76468.17862121602
2005-08-26,69901.17847690011,76210.61193320114,76210.61193320114
2005-08-29,70446.43067133873,76805.0797848386,76805.0797848386
2005-08-30,70191.97585311516,76527.65731745375,76527.65731745375
2005-08-31,70846.22320022354,77240.9584629456,77240.9584629456
2005-09-01,71736.94439817914,78121.84298743863,78121.84298743863
2005-09-02,71460.4653895751,77820.75615023519,77820.75615023519
2005-09-06,72511.05593944715,78964.85380688522,78964.85380688522
2005-09-07,72640.08552329674,79105.36758224598,79105.36758224598
2005-09-08,72621.64094670581,79085.28135849482,79085.28135849482
2005-09-09,73027.16602961683,79526.8999292385,79526.8999292385
2005-09-12,73229.88322231451,79747.65982961676,79747.65982961676
2005-09-13,73045.60236097907,79546.97717389993,79546.97717389993
2005-09-14,72216.13235425217,78643.68074593061,78643.68074593061
2005-09-15,72179.28442721377,78603.55319387699,78603.55319387699
2005-09-16,72621.64094670581,79085.28135849482,79085.28135849482
2005-09-19,72050.25484336418,78463.03941851623,78463.03941851623
2005-09-20,71755.33125816922,78141.86635756162,78141.86635756162
2005-09-21,70962.76689508157,77278.76033527411,77278.76033527411
2005-09-22,71220.81781755206,77559.77890690588,77559.77890690588
2005-09-23,71423.53501024976,77780.53880728415,77780.53880728415
2005-09-26,71442.02081298416,77800.66992648403,77800.66992648403
2005-09-27,71276.13505686748,77620.0196199799,77620.0196199799
2005-09-28,71294.56314300103,77640.08788555159,77640.08788555159
2005-09-29,72252.98852651926,78683.81727707398,78683.81727707398
2005-09-30,72732.23419919316,79205.71788919414,79205.71788919414
2005-10-03,73916.25637664509,80406.1455303327,80406.1455303327
2005-10-04,73430.46522792183,79877.7016437463,79877.7016437463
2005-10-05,72421.50473641306,78780.15384991292,78780.15384991292
2005-10-06,71468.57810290814,77743.55971853675,77743.55971853675
2005-10-07,71636.71311000914,77926.45707444205,77926.45707444205
2005-10-10,71244.35908816905,77499.65414737372,77499.65414737372
2005-10-11,70889.32475248456,77113.44759603203,77113.44759603203
2005-10-12,70048.54105943868,76198.84261877106,76198.84261877106
2005-10-13,70590.39949925528,76788.27653634833,76788.27653634833
2005-10-14,71113.56884204077,77357.38044359532,77357.38044359532
2005-10-17,71337.78785677986,77601.28601475836,77601.28601475836
2005-10-18,70833.29089448073,77052.49393357482,77052.49393357482
2005-10-19,72253.34465449494,78597.22921760735,78597.22921760735
2005-10-20,71580.73775991194,77865.5670569188,77865.5670569188
2005-10-21,72029.09220666635,78353.28727791064,78353.28727791064
2005-10-24,73168.8763773929,79593.14514405609,79593.14514405609
2005-10-25,72888.6485794671,79288.31318683612,79288.31318683612
2005-10-26,72514.93350502387,78881.78571729756,78881.78571729756
2005-10-27,71057.50155094743,77296.39041260444,77296.39041260444
2005-10-28,71599.36834903642,77885.83342231513,77885.83342231513
2005-10-31,72627.0430123934,79003.73850287907,79003.73850287907
2005-11-01,73570.69252781782,79942.46674612803,79942.46674612803
2005-11-02,74536.6953404689,80992.13265348408,80992.13265348408
2005-11-03,75654.26206587645,82206.48904612903,82206.48904612903
2005-11-04,75919.47137461268,82494.66747174863,82494.66747174863
2005-11-07,76014.14480208672,82597.54032869126,82597.54032869126
2005-11-08,76033.11677059243,82618.15541207932,82618.15541207932
2005-11-09,76070.99292031131,82659.31192067446,82659.31192067446
2005-11-10,76904.4376823579,83564.93925522009,83564.93925522009
2005-11-11,77112.80734628112,83791.35529612911,83791.35529612911
2005-11-14,77112.80734628112,83791.35529612911,83791.35529612911
2005-11-15,76752.9076632477,83400.28559902165,83400.28559902165
2005-11-16,77226.46968908401,83914.86165100503,83914.86165100503
2005-11-17,78249.37146042909,85026.35439397996,85026.35439397996
2005-11-18,78514.53840210747,85314.48678323648,85314.48678323648
2005-11-21,78703.95304434812,85520.3061553027,85520.3061553027
2005-11-22,78988.08348112064,85829.04442067463,85829.04442067463
2005-11-23,79177.48964994971,86034.85458546823,86034.85458546823
2005-11-25,79347.95774391935,86220.08649596426,86220.08649596426
2005-11-28,78684.99802266553,85499.70948645989,85499.70948645989
2005-11-29,78306.16873818425,85088.07074232746,85088.07074232746
2005-11-30,78116.76256935518,84882.26057753386,84882.26057753386
2005-12-01,80574.93167902873,87466.7440520534,87466.7440520534
2005-12-02,80766.76882829615,87674.98960045162,87674.98960045162
2005-12-05,80172.19292565815,87029.55786117667,87029.55786117667
2005-12-06,80440.72546726429,87321.05878580513,87321.05878580513
2005-12-07,80287.29178327354,87154.50146472613,87154.50146472613
2005-12-08,79711.89187368589,86529.88589793966,86529.88589793966
2005-12-09,80018.72492221674,86862.96328520283,86862.96328520283
2005-12-12,80306.40771728524,87175.25244114865,87175.25244114865
2005-12-13,80632.52829708107,87529.26707930853,87529.26707930853
2005-12-14,80364.03865478824,87237.8127232986,87237.8127232986
2005-12-15,80498.24486655266,87383.49798954687,87383.49798954687
2005-12-16,79942.59580081374,86780.32261473736,86780.32261473736
2005-12-19,78673.68559222859,85402.8787605933,85402.8787605933
2005-12-20,78731.38516863287,85465.51355253292,85465.51355253292
2005-12-21,79077.419609668,85841.14534342021,85841.14534342021
2005-12-22,79596.56135977863,86404.69082385008,86404.69082385008
2005-12-23,79596.56135977863,86404.69082385008,86404.69082385008
2005-12-27,78904.38951935644,85653.315477391,85653.315477391
2005-12-28,78808.25215822483,85548.95520323733,85548.95520323733
2005-12-29,78289.1790470155,84985.48423259713,84985.48423259713
2005-12-30,77693.16172745024,84338.48778773916,84338.48778773916
2006-01-03,80423.22277957741,87216.55173407018,87216.55173407018
2006-01-04,81260.3499271512,88124.39079660652,88124.39079660652
2006-01-05,81610.73988718273,88504.37810649021,88504.37810649021
2006-01-06,83090.3601223123,90108.98148252808,90108.98148252808
2006-01-09,83421.32403412706,90467.90183089582,90467.90183089582
2006-01-10,83479.72380877515,90531.2346194961,90531.2346194961
2006-01-11,84122.16476918901,91227.94240268943,91227.94240268943
2006-01-12,83713.33159522447,90784.57519561528,90784.57519561528
2006-01-13,83674.37524450713,90742.32821196702,90742.32821196702
2006-01-17,83129.27303374471,90151.18135758619,90151.18135758619
2006-01-18,82175.38977615969,89116.72382643943,89116.72382643943
2006-01-19,82778.89176157016,89771.20346942052,89771.20346942052
2006-01-20,80306.3884788533,87089.84846999748,87089.84846999748
2006-01-23,80325.85796635499,87110.96254010357,87110.96254010357
2006-01-24,80676.31742924241,87491.02522373151,87491.02522373151
2006-01-25,80325.85796635499,87110.96254010357,87110.96254010357
2006-01-26,80890.43835247608,87723.23288630854,87723.23288630854
2006-01-27,81980.66883757182,88905.55486022426,88905.55486022426
2006-01-30,82136.3986740144,89074.43915591903,89074.43915591903
2006-01-31,81766.49578719625,88673.29066733907,88673.29066733907
2006-02-01,83058.22081398065,89989.68296546761,89989.68296546761
2006-02-02,81639.47177449898,88452.53498638367,88452.53498638367
2006-02-03,80634.47507364175,87363.66824200646,87363.66824200646
2006-02-06,80417.71918333646,87128.8234107747,87128.8234107747
2006-02-07,80063.02532819168,86744.52927033356,86744.52927033356
2006-02-08,80989.14254768909,87747.93379976701,87747.93379976701
2006-02-09,80220.63479802581,86915.2917316978,86915.2917316978
2006-02-10,80713.29299910754,87449.06376402888,87449.06376402888
2006-02-13,79787.12301741524,86445.60206923426,86445.60206923426
2006-02-14,80595.08809515672,87320.99429989574,87320.99429989574
2006-02-15,81107.41780123308,87876.07948438168,87876.07948438168
2006-02-16,81856.20128370682,88687.35123493486,88687.35123493486
2006-02-17,81205.90723169352,87982.78815855898,87982.78815855898
2006-02-21,80299.44392979245,87000.67772616001,87000.67772616001
2006-02-22,81304.44942434883,88089.55399809741,88089.55399809741
2006-02-23,81087.6847403444,87854.69963930546,87854.69963930546
2006-02-24,81304.44942434883,88089.55399809741,88089.55399809741
2006-02-27,82210.8775514533,89071.6263202556,89071.6263202556
2006-02-28,80989.14254768909,87747.93379976701,87747.93379976701
2006-03-01,83092.39911857294,89943.28552877608,89943.28552877608
2006-03-02,83152.23020314083,90008.04962729616,90008.04962729616
2006-03-03,82673.53702266693,89489.88866589943,89489.88866589943
2006-03-06,81955.48390077686,88712.63277183351,88712.63277183351
2006-03-07,81476.79962108913,88194.48144508398,88194.48144508398
2006-03-08,81516.69294465848,88237.66393386218,88237.66393386218
2006-03-09,80818.61318691158,87482.02818812698,87482.02818812698
2006-03-10,80898.38203247798,87568.37389638895,87568.37389638895
2006-03-13,81137.69746996337,87827.4206558221,87827.4206558221
2006-03-14,82513.94592681716,89317.13944149223,89317.13944149223
2006-03-15,83212.01678377792,90072.76555258023,90072.76555258023
2006-03-16,82513.94592681716,89317.13944149223,89317.13944149223
2006-03-17,82731.49004135505,89552.61985385901,89552.61985385901
2006-03-20,82931.15247649739,89768.74425998853,89768.74425998853
2006-03-21,82052.87630294017,88818.05508156377,88818.05508156377
2006-03-22,82252.49423415172,89034.13131445725,89034.13131445725
2006-03-23,82012.97407858465,88774.86295813837,88774.86295813837
2006-03-24,82432.11209886162,89228.55849507841,89228.55849507841
2006-03-27,82452.06766143246,89250.15937411471,89250.15937411471
2006-03-28,82112.76969301119,88882.8866226143,88882.8866226143
2006-03-29,83669.59729948016,90568.07313080385,90568.07313080385
2006-03-30,83929.06411683191,90848.93273151183,90848.93273151183
2006-03-31,83689.56176283715,90589.68364448736,90589.68364448736
2006-04-03,84789.0574672367,91697.4073989363,91697.4073989363
2006-04-04,85253.59258576261,92199.79140091725,92199.79140091725
2006-04-05,86061.51890920952,93073.54506020357,93073.54506020357
2006-04-06,86303.87879227875,93335.65167630253,93335.65167630253
2006-04-07,85475.74980725445,92440.04930511232,92440.04930511232
2006-04-10,85354.61490063196,92309.04470128019,92309.04470128019
2006-04-11,84667.86851871967,91566.34435004335,91566.34435004335
2006-04-12,84688.07118029705,91588.19306194724,91588.19306194724
2006-04-13,85031.43536427077,91959.5334967222,91959.5334967222
2006-04-17,84142.77045037372,90998.46291656807,90998.46291656807
2006-04-18,85758.51501347845,92745.85334501906,92745.85334501906
2006-04-19,86142.30253457179,93160.91068528873,93160.91068528873
2006-04-20,85839.3346667704,92833.2579334781,92833.2579334781
2006-04-21,84829.48080435631,91741.12430443102,91741.12430443102
2006-04-24,84748.6431370995,91653.70023428505,91653.70023428505
2006-04-25,84566.88223178001,91457.1300130543,91457.1300130543
2006-04-26,84546.72460511475,91435.33000536775,91435.33000536775
2006-04-27,85354.61490063196,92309.04470128019,92309.04470128019
2006-04-28,84526.50392957251,91413.46181177693,91413.46181177693
2006-05-01,84698.0660275388,91517.54978971624,91517.54978971624
2006-05-02,84922.9678585778,91760.55964206894,91760.55964206894
2006-05-03,84800.27673202801,91627.99001197696,91627.99001197696
2006-05-04,85495.1983248915,92378.86337258185,92378.86337258185
2006-05-05,86169.69418306976,93107.6664158971,93107.6664158971
2006-05-08,86251.44269462352,93195.99692717374,93195.99692717374
2006-05-09,85924.47599209617,92842.70442733796,92842.70442733796
2006-05-10,85168.22250780162,92025.56102432248,92025.56102432248
2006-05-11,83267.38048700387,89971.67228235073,89971.67228235073
2006-05-12,82143.29060168639,88757.07604807294,88757.07604807294
2006-05-15,82081.93136656766,88690.77646039154,88690.77646039154
2006-05-16,81468.77651438302,88028.25330791049,88028.25330791049
2006-05-17,80365.10324918822,86835.71754249877,86835.71754249877
2006-05-18,79813.25294474699,86239.43488715749,86239.43488715749
2006-05-19,80426.43514061927,86901.98758490935,86901.98758490935
2006-05-22,79649.77415076458,86062.7935614514,86062.7935614514
2006-05-23,78873.07670265967,85223.56014429906,85223.56014429906
2006-05-24,79404.44658504034,85797.71339180905,85797.71339180905
2006-05-25,80446.85176074196,86924.0480537754,86924.0480537754
2006-05-26,80712.54125921358,87211.12960174221,87211.12960174221
2006-05-30,78975.23271977356,85333.94127601816,85333.94127601816
2006-05-31,79343.13292273438,85731.46304624567,85731.46304624567
2006-06-01,82223.24018425733,88762.97171247716,88762.97171247716
2006-06-02,82016.33966164694,88539.61508976796,88539.61508976796
2006-06-05,80236.97117766144,86618.72223689401,86618.72223689401
2006-06-06,80174.8844127379,86551.69732099095,86551.69732099095
2006-06-07,79574.8322994912,85903.91928846911,85903.91928846911
2006-06-08,79450.69567662284,85769.90929908588,85769.90929908588
2006-06-09,78933.49973056493,85211.57750594722,85211.57750594722
2006-06-12,77381.6950638913,83536.3480522968,83536.3480522968
2006-06-13,77071.35812009271,83201.32805914158,83201.32805914158
2006-06-14,77857.55980717391,84050.06131210394,84050.06131210394
2006-06-15,79967.95620989348,86328.3108164646,86328.3108164646
2006-06-16,79379.96345193808,85693.55129562135,85693.55129562135
2006-06-19,78738.12341205463,85000.66167978475,85000.66167978475
2006-06-20,78841.67516755125,85112.4495578023,85112.4495578023
2006-06-21,80083.91793697908,86453.49570917817,86453.49570917817
2006-06-22,79069.39122615027,85358.27730702024,85358.27730702024
2006-06-23,78986.63655315292,85268.94063429999,85268.94063429999
2006-06-26,79193.63856995474,85492.40682367212,85492.40682367212
2006-06-27,77702.928793152,83883.13152080963,83883.13152080963
2006-06-28,78282.62670764385,84508.93645710884,84508.93645710884
2006-06-29,80663.6343049603,87079.32056668881,87079.32056668881
2006-06-30,80270.21513872838,86654.61029931022,86654.61029931022
2006-07-03,81746.13520165403,88168.40713241066,88168.40713241066
2006-07-05,79964.54904625106,86246.85312739814,86246.85312739814
2006-07-06,79880.67639992035,86156.39114273406,86156.39114273406
2006-07-07,79000.31719525055,85206.86773604802,85206.86773604802
2006-07-10,78308.62707517676,84460.83593936807,84460.83593936807
2006-07-11,78895.53009796378,85093.84818554558,85093.84818554558
2006-07-12,77407.320726126,83488.71970490509,83488.71970490509
2006-07-13,76107.7524159486,82087.05260975193,82087.05260975193
2006-07-14,75332.19899052265,81250.5689032475,81250.5689032475
2006-07-17,75520.85873414013,81454.05043841402,81454.05043841402
2006-07-18,75772.35991090047,81725.31045691135,81725.31045691135
2006-07-19,76757.53423579267,82787.88363861862,82787.88363861862
2006-07-20,75625.67852485178,81567.10525085502,81567.10525085502
2006-07-21,74829.16394357706,80708.01360431427,80708.01360431427
2006-07-24,76317.33595150067,82313.10178559642,82313.10178559642
2006-07-25,76757.53423579267,82787.88363861862,82787.88363861862
2006-07-26,76694.64609775708,82720.05478108984,82720.05478108984
2006-07-27,76191.60170983296,82177.48940731701,82177.48940731701
2006-07-28,77784.62153140387,83895.66262555894,83895.66262555894
2006-07-31,77763.65103457656,83873.04461068302,83873.04461068302
2006-08-01,77463.83418975415,83471.1330171206,83471.1330171206
2006-08-02,78334.42551462215,84409.23845744258,84409.23845744258
2006-08-03,78822.7878955573,84935.47320538625,84935.47320538625
2006-08-04,78461.83200823194,84546.52528924718,84546.52528924718
2006-08-07,77952.19657068931,83997.36776506428,83997.36776506428
2006-08-08,77463.83418975415,83471.1330171206,83471.1330171206
2006-08-09,77569.96762675646,83585.49707268599,83585.49707268599
2006-08-10,78122.09239889322,84180.4389675602,84180.4389675602
2006-08-11,77569.96762675646,83585.49707268599,83585.49707268599
2006-08-14,78079.6030642991,84134.65459686887,84134.65459686887
2006-08-15,80054.44866499233,86262.64892542154,86262.64892542154
2006-08-16,81944.30613339387,88299.06431562705,88299.06431562705
2006-08-17,82241.58952900062,88619.40195599852,88619.40195599852
2006-08-18,82368.9818279552,88756.67349235633,88756.67349235633
2006-08-21,81583.32658830982,87910.09090707666,87910.09090707666
2006-08-22,81604.5996449173,87933.01368331589,87933.01368331589
2006-08-23,80988.70301847547,87269.35444454661,87269.35444454661
2006-08-24,81222.31865391535,87521.08690763274,87521.08690763274
2006-08-25,81370.96508327046,87681.26082630073,87681.26082630073
2006-08-28,81986.79546798799,88344.84868631838,88344.84868631838
2006-08-29,82241.58952900062,88619.40195599852,88619.40195599852
2006-08-30,82623.73803655394,89031.18597417841,89031.18597417841
2006-08-31,82538.83507219348,88939.69880851192,88939.69880851192
2006-09-01,83984.47445023184,90419.9206544889,90419.9206544889
2006-09-05,84801.1523729423,91299.17784404854,91299.17784404854
2006-09-06,83103.37135236747,89471.30160651795,89471.30160651795
2006-09-07,82716.53298833949,89054.821127114,89054.821127114
2006-09-08,83210.82645348634,89586.9906285746,89586.9906285746
2006-09-11,83726.60136175349,90142.287623482,90142.287623482
2006-09-12,85273.92608655491,91808.17860820421,91808.17860820421
2006-09-13,85854.13574707945,92432.84777248748,92432.84777248748
2006-09-14,85940.13813638849,92525.44023399093,92525.44023399093
2006-09-15,86247.63019803056,92856.49437224164,92856.49437224164
2006-09-18,86269.13079535782,92879.6424876175,92879.6424876175
2006-09-19,85688.54762779732,92254.57119571746,92254.57119571746
2006-09-20,86935.67804381342,93597.26499716287,93597.26499716287
2006-09-21,86398.13437932139,93018.53117987269,93018.53117987269
2006-09-22,85731.55839955533,92300.87773743372,92300.87773743372
2006-09-25,87236.70556060207,93921.35923435402,93921.35923435402
2006-09-26,87666.78454687173,94384.39371862302,94384.39371862302
2006-09-27,87559.2911373389,94268.66345270824,94268.66345270824
2006-09-28,87795.74982242136,94523.24116702007,94523.24116702007
2006-09-29,87408.71991632367,94106.55446832546,94106.55446832546
2006-10-02,87311.82250288187,93925.62849737771,93925.62849737771
2006-10-03,87681.56613617565,94323.3799374977,94323.3799374977
2006-10-04,89835.05032429149,96639.98896053429,96639.98896053429
2006-10-05,90270.12033828223,97108.01520638542,97108.01520638542
2006-10-06,90074.2768285997,96897.33669565503,96897.33669565503
2006-10-09,90378.78127345904,97224.90712705582,97224.90712705582
2006-10-10,90531.0383399033,97388.69755370132,97388.69755370132
2006-10-11,90357.0607120587,97201.54124919,97201.54124919
2006-10-12,91792.70069075396,98745.9298947307,98745.9298947307
2006-10-13,92292.9614530333,99284.08503984995,99284.08503984995
2006-10-16,92379.97933104311,99377.69445777626,99377.69445777626
2006-10-17,91357.65974085072,98277.93491455022,98277.93491455022
2006-10-18,90922.61879094748,97809.93993436973,97809.93993436973
2006-10-19,91140.11504582618,98043.91136973443,98043.91136973443
2006-10-20,91357.65974085072,98277.93491455022,98277.93491455022
2006-10-23,92292.9614530333,99284.08503984995,99284.08503984995
2006-10-24,91662.13512162256,98605.47408028036,98605.47408028036
2006-10-25,92292.9614530333,99284.08503984995,99284.08503984995
2006-10-26,93141.27435129357,100196.65701289401,100196.65701289401
2006-10-27,91814.43094018349,98769.30619448674,98769.30619448674
2006-10-30,92401.69989244347,99401.06033564208,99401.06033564208
2006-10-31,92619.24458746803,99635.08388045785,99635.08388045785
2006-11-01,92357.35983082373,99277.63500452322,99277.63500452322
2006-11-02,92445.33971400664,99372.20716148368,99372.20716148368
2006-11-03,92203.39748376426,99112.13636181831,99112.13636181831
2006-11-06,93544.80912358359,100554.05907824007,100554.05907824007
2006-11-07,94182.50902049133,101239.5414017235,101239.5414017235
2006-11-08,94622.32029002394,101712.30743539441,101712.30743539441
2006-11-09,94182.50902049133,101239.5414017235,101239.5414017235
2006-11-10,94622.32029002394,101712.30743539441,101712.30743539441
2006-11-13,95589.8345658902,102752.31690856536,102752.31690856536
2006-11-14,96601.40244462372,103839.68089158916,103839.68089158916
2006-11-15,96997.27763979827,104265.21875024898,104265.21875024898
2006-11-16,97415.02293172752,104714.26541737956,104714.26541737956
2006-11-17,97415.02293172752,104714.26541737956,104714.26541737956
2006-11-20,97612.91155910263,104926.98170719207,104926.98170719207
2006-11-21,97744.84710472847,105068.80309497056,105068.80309497056
2006-11-22,98360.57896445718,105730.67133094845,105730.67133094845
2006-11-24,98184.6877563884,105541.60071235191,105541.60071235191
2006-11-27,95963.70254771598,103154.19856810573,103154.19856810573
2006-11-28,96249.58085231643,103461.49754278218,103461.49754278218
2006-11-29,96909.25858044563,104170.60448167461,104170.60448167461
2006-11-30,96843.30549869637,104099.70957964059,104099.70957964059
2006-12-01,97007.3778882168,104201.16894470375,104201.16894470375
2006-12-04,98340.49120204836,105633.1421477839,105633.1421477839
2006-12-05,98695.99600255674,106015.01017251408,106015.01017251408
2006-12-06,98340.49120204836,105633.1421477839,105633.1421477839
2006-12-07,97096.26398436885,104296.64658077229,104296.64658077229
2006-12-08,97540.5856088546,104773.917832369,104773.917832369
2006-12-11,97896.11020141288,105155.80711687118,105155.80711687118
2006-12-12,97318.39016052437,104535.24500196964,104535.24500196964
2006-12-13,97496.17224885343,104726.21090399273,104726.21090399273
2006-12-14,98584.90322640412,105895.6790722574,105895.6790722574
2006-12-15,98838.51855396866,106168.10179071261,106168.10179071261
2006-12-18,97859.70272560089,105116.69976627041,105116.69976627041
2006-12-19,97548.21544409543,104782.11347447643,104782.11347447643
2006-12-20,97192.31480258882,104399.82025430618,104399.82025430618
2006-12-21,96502.68061547636,103659.0447586098,103659.0447586098
2006-12-22,95501.58883493331,102583.71486077744,102583.71486077744
2006-12-26,95902.04138079046,103013.863827728,103013.863827728
2006-12-27,96391.44929497434,103539.56483994909,103539.56483994909
2006-12-28,95924.28764489086,103037.75981146013,103037.75981146013
2006-12-29,96013.29249334238,103133.3650061607,103133.3650061607
2007-01-03,97190.94290406871,104324.21170621883,104324.21170621883
2007-01-04,99034.0951110898,106302.64092304253,106302.64092304253
2007-01-05,98562.01833200114,105795.91636238214,105795.91636238214
2007-01-08,98629.48072643724,105868.33011729657,105868.33011729657
2007-01-09,99123.93498273769,106399.07453619006,106399.07453619006
2007-01-10,100292.79320819858,107653.72038408452,107653.72038408452
2007-01-11,101326.74664253279,108763.56018761768,108763.56018761768
2007-01-12,101843.69836251801,109318.45325754977,109318.45325754977
2007-01-16,101776.29596131842,109246.10389903809,109246.10389903809
2007-01-17,100944.59972494675,108353.36583470894,108353.36583470894
2007-01-18,99079.01004747736,106350.8523632494,106350.8523632494
2007-01-19,99281.3472364219,106568.03996432376,106568.03996432376
2007-01-22,98202.41887246363,105409.92432418097,105409.92432418097
2007-01-23,97955.14674938604,105144.50381743217,105144.50381743217
2007-01-24,99573.55429363257,106881.69337674703,106881.69337674703
2007-01-25,98292.34873396625,105506.45453193266,105506.45453193266
2007-01-26,97932.68928119224,105120.39809732873,105120.39809732873
2007-01-29,98022.58914607663,105216.89610687902,105216.89610687902
2007-01-30,98067.5240802097,105265.12901255347,105265.12901255347
2007-01-31,99056.58257590183,106326.77884134736,106326.77884134736
2007-02-01,99898.88041106338,107157.52423592046,107157.52423592046
2007-02-02,100262.1451005801,107547.18370568396,107547.18370568396
2007-02-05,100171.3466031031,107449.7877974021,107449.7877974021
2007-02-06,100035.1589568317,107303.70476878443,107303.70476878443
2007-02-07,100943.28533081917,108277.81552487519,108277.81552487519
2007-02-08,100920.56045658966,108253.43946329186,108253.43946329186
2007-02-09,99626.45461880007,106865.3040096594,106865.3040096594
2007-02-12,99240.44485516562,106451.24681070226,106451.24681070226
2007-02-13,99581.00487034104,106816.55188649273,106816.55188649273
2007-02-14,101261.16087154149,108618.78787430291,108618.78787430291
2007-02-15,101851.47230447124,109251.99128379683,109251.99128379683
2007-02-16,101510.95268907222,108886.72954322695,108886.72954322695
2007-02-20,102282.85101701187,109714.71393547945,109714.71393547945
2007-02-21,102600.73665767831,110055.69711871233,110055.69711871233
2007-02-22,103122.91386769594,110615.81567867682,110615.81567867682
2007-02-23,102759.65927812332,110226.16704271846,110226.16704271846
2007-02-26,102260.14634267057,109690.35954150642,109690.35954150642
2007-02-27,98059.88258897074,105184.90499454532,105184.90499454532
2007-02-28,98377.70762997256,105525.8231749473,105525.8231749473
2007-03-01,98923.33443300772,106038.45705306978,106038.45705306978
2007-03-02,97432.46415405859,104440.3549980576,104440.3549980576
2007-03-05,96675.56078166902,103629.01087782065,103629.01087782065
2007-03-06,98281.07257755131,105350.0001124805,105350.0001124805
2007-03-07,97891.22407982091,104932.11151803784,104932.11151803784
2007-03-08,98556.32037056536,105645.04527493645,105645.04527493645
2007-03-09,98464.57450724542,105546.70053308955,105546.70053308955
2007-03-12,99106.79555048504,106235.11372601787,106235.11372601787
2007-03-13,97180.14262382034,104169.88508414813,104169.88508414813
2007-03-14,98602.18309917113,105694.20670894466,105694.20670894466
2007-03-15,98372.87965919643,105448.41047581885,105448.41047581885
2007-03-16,98297.14238790818,105367.22575398504,105367.22575398504
2007-03-19,99306.99987989607,106449.7178768764,106449.7178768764
2007-03-20,100018.41803668506,107212.30522896905,107212.30522896905
2007-03-21,101946.27492374476,109278.82442683722,109278.82442683722
2007-03-22,101579.06700327268,108885.20484731431,108885.20484731431
2007-03-23,101257.74221751477,108540.76857563009,108540.76857563009
2007-03-26,101670.88428797199,108983.6261475679,108983.6261475679
2007-03-27,100959.37430369524,108220.94036323807,108220.94036323807
2007-03-28,99880.72782032579,107064.71155779202,107064.71155779202
2007-03-29,99995.47136780088,107187.7081065921,107187.7081065921
2007-03-30,99903.67448920997,107089.30868016898,107089.30868016898
2007-04-02,101041.07499859645,108236.61337823428,108236.61337823428
2007-04-03,102362.35271602949,109651.98455742118,109651.98455742118
2007-04-04,102779.54081988902,110098.88229187294,110098.88229187294
2007-04-05,103289.4740313154,110645.12988330687,110645.12988330687
2007-04-09,103034.54864565002,110372.0502430819,110372.0502430819
2007-04-10,103567.70935401593,110943.17945425336,110943.17945425336
2007-04-11,102478.19135538046,109776.07252879189,109776.07252879189
2007-04-12,103289.4740313154,110645.12988330687,110645.12988330687
2007-04-13,103498.18143837665,110868.70017813574,110868.70017813574
2007-04-16,104448.54055561405,111886.73816263197,111886.73816263197
2007-04-17,104680.26935937577,112134.9692997384,112134.9692997384
2007-04-18,104332.54734108379,111762.48460816627,111762.48460816627
2007-04-19,104657.11399751992,112110.16495211185,112110.16495211185
2007-04-20,105236.61634463338,112730.93597515541,112730.93597515541
2007-04-23,105398.87906282753,112904.75406938221,112904.75406938221
2007-04-24,105932.01916116953,113475.86120280767,113475.86120280767
2007-04-25,107345.98015609769,114990.51600573874,114990.51600573874
2007-04-26,107902.3065313314,115586.46060340975,115586.46060340975
2007-04-27,107948.64817007896,115636.10241528184,115636.10241528184
2007-04-30,106534.67687013885,114121.43657347777,114121.43657347777
2007-05-01,107441.68337760477,115021.84200083361,115021.84200083361
2007-05-02,108611.54220567926,116274.23597918513,116274.23597918513
2007-05-03,109009.33810280511,116700.09692429879,116700.09692429879
2007-05-04,109102.8606536264,116800.217619786,116800.217619786
2007-05-07,109102.8606536264,116800.217619786,116800.217619786
2007-05-08,109336.86986570808,117050.73650382286,117050.73650382286
2007-05-09,109570.87907778978,117301.25538785972,117301.25538785972
2007-05-10,108073.42607603432,115698.15501603986,115698.15501603986
2007-05-11,109453.85886905443,117175.97924235523,117175.97924235523
2007-05-14,108705.15837266753,116374.45689558874,116374.45689558874
2007-05-15,107862.83130749603,115472.70249676127,115472.70249676127
2007-05-16,108915.72193581682,116599.87600789519,116599.87600789519
2007-05-17,108400.9890443263,116048.82800253606,116048.82800253606
2007-05-18,109290.12419299193,117000.69285956533,117000.69285956533
2007-05-21,109991.96459690304,117752.04906984312,117752.04906984312
2007-05-22,110085.58076389131,117852.26998624671,117852.26998624671
2007-05-23,109570.87907778978,117301.25538785972,117301.25538785972
2007-05-24,108003.22435258944,115623.00046439454,115623.00046439454
2007-05-25,108681.78553630946,116349.43507345997,116349.43507345997
2007-05-29,109524.05019070297,117251.12265834317,117251.12265834317
2007-05-30,110413.13333038696,118202.93183708555,118202.93183708555
2007-05-31,110927.93903445182,118754.05779204633,118754.05779204633
2007-06-01,111997.82004427703,119828.8901623499,119828.8901623499
2007-06-04,112328.34369070953,120182.52456084765,120182.52456084765
2007-06-05,112328.34369070953,120182.52456084765,120182.52456084765
2007-06-06,111124.2812695858,118894.27213278782,118894.27213278782
2007-06-07,109400.86053142711,117050.34700768547,117050.34700768547
2007-06-08,110746.54895550269,118490.12815965388,118490.12815965388
2007-06-11,110534.12044655459,118262.84630313175,118262.84630313175
2007-06-12,109873.09414464899,117555.59996481771,117555.59996481771
2007-06-13,111077.06210645549,118843.7513288109,118843.7513288109
2007-06-14,111808.96438271517,119626.82940512366,119626.82940512366
2007-06-15,112841.4362063689,120731.49334147004,120731.49334147004
2007-06-18,112865.12450403174,120756.83796351403,120756.83796351403
2007-06-19,112841.4362063689,120731.49334147004,120731.49334147004
2007-06-20,111778.25460913898,119593.97235412644,119593.97235412644
2007-06-21,112794.15407036046,120680.90516144868,120680.90516144868
2007-06-22,111730.98296861022,119543.39540344583,119543.39540344583
2007-06-25,111258.42399551791,119037.79433675074,119037.79433675074
2007-06-26,110620.56121729058,118355.33115344383,118355.33115344383
2007-06-27,112321.6475746666,120175.36024145728,120175.36024145728
2007-06-28,112274.4074205769,120124.81697879889,120124.81697879889
2007-06-29,112463.36803693567,120326.99002943249,120326.99002943249
2007-07-02,114479.05155196768,122413.71276145364,122413.71276145364
2007-07-03,115146.44117182301,123127.35984463077,123127.35984463077
2007-07-05,115980.6967255371,124019.43851175395,124019.43851175395
2007-07-06,116457.3446069111,124529.1233497034,124529.1233497034
2007-07-09,116528.86614137911,124605.60211553815,124605.60211553815
2007-07-10,115551.64163430873,123560.64516935256,123560.64516935256
2007-07-11,116338.20910641752,124401.73044471856,124401.73044471856
2007-07-12,118125.80277463947,126313.2240749447,126313.2240749447
2007-07-13,118936.20369961092,127179.79472438827,127179.79472438827
2007-07-16,118817.03643529744,127052.3678540004,127052.3678540004
2007-07-17,119722.72881995984,128020.83471255023,128020.83471255023
2007-07-18,119579.74927866358,127867.94511168681,127867.94511168681
2007-07-19,119937.2298957241,128250.20307924839,128250.20307924839
2007-07-20,119293.6949046114,127562.06401375086,127562.06401375086
2007-07-23,119341.37239827677,127613.04608370703,127613.04608370703
2007-07-24,117577.58041909762,125727.00386215543,125727.00386215543
2007-07-25,117744.44635295638,125905.43544610149,125905.43544610149
2007-07-26,116743.4201568432,124835.02709124137,124835.02709124137
2007-07-27,114383.70715257693,122311.75994334233,122311.75994334233
2007-07-30,115718.49698022754,123739.0654314976,123739.0654314976
2007-07-31,113287.3047932531,121139.36480496787,121139.36480496787
2007-08-01,115168.89557884571,123082.26029083238,123082.26029083238
2007-08-02,116226.82475868682,124207.36925817379,124207.36925817379
2007-08-03,114014.82985775059,121854.90999513445,121854.90999513445
2007-08-06,115337.22264141243,123261.2763262616,123261.2763262616
2007-08-07,116154.69832128118,124130.66270441405,124130.66270441405
2007-08-08,117428.99613268807,125485.8799741492,125485.8799741492
2007-08-09,114712.09480860992,122596.45211702064,122596.45211702064
2007-08-10,113678.19709391952,121496.90064204698,121496.90064204698
2007-08-13,114447.55644023095,122315.11524103643,122315.11524103643
2007-08-14,112500.05718506897,120243.94741843932,120243.94741843932
2007-08-15,110360.18872153839,117968.07470915973,117968.07470915973
2007-08-16,109278.2173958954,116821.31731421339,116821.31731421339
2007-08-17,111345.94874136914,119012.71151409214,119012.71151409214
2007-08-20,111874.92935226647,119573.4009661136,119573.4009661136
2007-08-21,113053.01585786112,120822.14549720929,120822.14549720929
2007-08-22,114591.81999569344,122453.3554267656,122453.3554267656
2007-08-23,114279.28278092013,122122.02126402204,122122.02126402204
2007-08-24,115890.24539811164,123829.8425303823,123829.8425303823
2007-08-27,115120.81128724194,123014.0741935589,123014.0741935589
2007-08-28,112379.80373345484,120108.12734650406,120108.12734650406
2007-08-29,115601.69692588433,123523.3741576351,123523.3741576351
2007-08-30,116202.79329353612,124160.66067006474,124160.66067006474
2007-08-31,117501.14393139607,125537.22521626677,125537.22521626677
2007-09-04,120448.3753184846,128601.97805172802,128601.97805172802
2007-09-05,119236.16416887015,127327.19775710678,127327.19775710678
2007-09-06,119139.1153330298,127225.15226296599,127225.15226296599
2007-09-07,116932.84020613988,124905.30820404625,124905.30820404625
2007-09-10,116860.16397217575,124828.90880855462,124828.90880855462
2007-09-11,118629.97243373813,126689.36864475501,126689.36864475501
2007-09-12,118654.26964533018,126714.91529442667,126714.91529442667
2007-09-13,119236.16416887015,127326.73420754263,127326.73420754263
2007-09-14,119333.11607434512,127428.67815767528,127428.67815767528
2007-09-17,118339.09517723204,126383.46471066691,126383.46471066691
2007-09-18,121321.20094873366,129518.59651759082,129518.59651759082
2007-09-19,121636.38618687239,129852.0606942188,129852.0606942188
2007-09-20,121296.94681730402,129492.93578546145,129492.93578546145
2007-09-21,122160.4994425971,130406.56951675167,130406.56951675167
2007-09-24,122718.3875456412,130996.81193429239,130996.81193429239
2007-09-25,123882.80125507593,132228.7549693278,132228.7549693278
2007-09-26,124489.27301126352,132870.39861361615,132870.39861361615
2007-09-27,125119.96658875897,133537.66880611007,133537.66880611007
2007-09-28,124707.53865404909,133101.322413498,133101.322413498
2007-10-01,127138.43712914226,135615.4021433045,135615.4021433045
2007-10-02,127162.85091810023,135641.10547857013,135641.10547857013
2007-10-03,126282.65186791398,134714.4139549246,134714.4139549246
2007-10-04,126576.04069591191,135023.29970068907,135023.29970068907
2007-10-05,129143.30963641677,137726.17283555664,137726.17283555664
2007-10-08,129950.14791035667,138575.62863678104,138575.62863678104
2007-10-09,130512.49006659955,139167.67393547634,139167.67393547634
2007-10-10,130830.33610514541,139502.30873164258,139502.30873164258
2007-10-11,128752.11367702205,137314.3137457533,137314.3137457533
2007-10-12,130879.2505262413,139553.80683244602,139553.80683244602
2007-10-15,129876.76542331534,138498.37005679184,138498.37005679184
2007-10-16,129265.56312296403,137854.8838012132,137854.8838012132
2007-10-17,130928.11067034975,139605.24778932935,139605.24778932935
2007-10-18,131490.4636819901,140197.30451680868,140197.30451680868
2007-10-19,128214.20702053212,136747.99463989167,136747.99463989167
2007-10-22,129754.54450296056,138369.69337748736,138369.69337748736
2007-10-23,132468.4264419832,141226.923669357,141226.923669357
2007-10-24,131466.01732683968,140171.566895191,140171.566895191
2007-10-25,129705.61922646718,138318.1838478999,138318.1838478999
2007-10-26,131857.2132862344,140583.42598499433,140583.42598499433
2007-10-29,132395.1199427243,141149.74509085598,141149.74509085598
2007-10-30,132664.0298493793,141432.8589286507,141432.8589286507
2007-10-31,134546.64887010655,143414.9186552463,143414.9186552463
2007-11-01,133028.0270068631,141763.45794352345,141763.45794352345
2007-11-02,134062.75612199763,142847.76557686864,142847.76557686864
2007-11-05,133200.50191163944,141944.19689546176,141944.19689546176
2007-11-06,134703.2287581184,143518.9261329376,143518.9261329376
2007-11-07,131426.80713498546,140085.51643753314,140085.51643753314
2007-11-08,127435.94193394708,135903.43096429808,135903.43096429808
2007-11-09,123174.1306779198,131437.41719393473,131437.41719393473
2007-11-12,120045.47593686743,128158.85455545757,128158.85455545757
2007-11-13,124997.1211864418,133347.7553636007,133347.7553636007
2007-11-14,123395.80287622675,131669.7107026502,131669.7107026502
2007-11-15,122730.69878056154,130972.73848320589,130972.73848320589
2007-11-16,123863.89904590862,132160.23546174105,132160.23546174105
2007-11-19,122435.07751565601,130662.95267605333,130662.95267605333
2007-11-20,122927.78326969623,131179.26617519502,131179.26617519502
2007-11-21,121474.35215508527,129656.1946494565,129656.1946494565
2007-11-23,122779.96169965042,131024.36180995649,131024.36180995649
2007-11-26,120661.41555178119,128804.30660311146,128804.30660311146
2007-11-27,123075.59390214898,131334.1590787713,131334.1590787713
2007-11-28,126820.0679445916,135258.04768661768,135258.04768661768
2007-11-29,127362.04755531375,135825.9959741722,135825.9959741722
2007-11-30,126401.27844437081,134819.19210092636,134819.19210092636
2007-12-03,126341.68358522312,134709.02161016857,134709.02161016857
2007-12-04,125820.29737761927,134165.3264564191,134165.3264564191
2007-12-05,128079.94630577805,136521.66069291774,136521.66069291774
2007-12-06,129917.45453595089,138437.79177799396,138437.79177799396
2007-12-07,129942.2052767965,138463.60154751455,138463.60154751455
2007-12-10,130463.69070786031,139007.40017027323,139007.40017027323
2007-12-11,127434.33232630411,135848.4223396324,135848.4223396324
2007-12-12,128576.5045987341,137039.46560125056,137039.46560125056
2007-12-13,127881.22376513567,136314.43526057538,136314.43526057538
2007-12-14,126565.17891636888,134942.07980514466,134942.07980514466
2007-12-17,123486.13163103041,131731.2869940008,131731.2869940008
2007-12-18,123883.4113398819,132145.5654103368,132145.5654103368
2007-12-19,123858.59445006298,132119.68666147674,132119.68666147674
2007-12-20,126391.4165883209,134760.88257689791,134760.88257689791
2007-12-21,128884.5383177659,137360.6793920769,137360.6793920769
2007-12-24,129853.95152157641,138371.57161209703,138371.57161209703
2007-12-26,130500.24904044118,139045.52275189027,139045.52275189027
2007-12-27,128934.23824637703,137412.5058691365,137412.5058691365
2007-12-28,128809.91125104699,137282.85920059145,137282.85920059145
2007-12-31,127318.5605981884,135727.6969989929,135727.6969989929
2008-01-02,126304.78516416371,134627.94941034325,134627.94941034325
2008-01-03,126830.92003568984,135173.919620788,135173.919620788
2008-01-04,121268.63706504938,129401.22957025144,129401.22957025144
2008-01-07,120692.31685019635,128814.401324682,128814.401324682
2008-01-08,117560.37803697528,125625.94023345898,125625.94023345898
2008-01-09,120065.93353266669,128174.0899195859,128174.0899195859
2008-01-10,120241.35997858307,128352.65015713096,128352.65015713096
2008-01-11,117886.1382571446,125955.21878835597,125955.21878835597
2008-01-14,119940.6924300772,128044.97042071608,128044.97042071608
2008-01-15,116633.39384765805,124678.68250870513,124678.68250870513
2008-01-16,115380.61609981235,123404.97138946869,123404.97138946869
2008-01-17,113777.06324963858,121775.35480223897,121775.35480223897
2008-01-18,113626.72947538564,121622.66842142679,121622.66842142679
2008-01-22,110695.24310302608,118645.47761771717,118645.47761771717
2008-01-23,110269.27888799876,118213.37105934537,118213.37105934537
2008-01-24,112524.28550179287,120500.48896057825,120500.48896057825
2008-01-25,110219.20467253575,118160.41634421518,118160.41634421518
2008-01-28,111071.06642587204,119024.40719934621,119024.40719934621
2008-01-29,111271.474415588,119227.74079021635,119227.74079021635
2008-01-30,111171.24819515724,119126.0431042984,119126.0431042984
2008-01-31,113075.52415776884,121058.19754816244,121058.19754816244
2008-02-01,115227.7646623704,123228.26629746138,123228.26629746138
2008-02-04,113610.15543351532,121599.24840113622,121599.24840113622
2008-02-05,110374.94818584829,118343.53764917633,118343.53764917633
2008-02-06,108201.35444608865,116159.45976720682,116159.45976720682
2008-02-07,108959.56813570799,116920.49766250554,116920.49766250554
2008-02-08,110198.076124775,118164.10912381347,118164.10912381347
2008-02-11,111385.94834886114,119357.62504089365,119357.62504089365
2008-02-12,110754.0718457227,118722.37693485046,118722.37693485046
2008-02-13,113180.49689904852,121161.0061695212,121161.0061695212
2008-02-14,111133.22913572664,119101.05909014697,119101.05909014697
2008-02-15,110754.0718457227,118719.91641660292,118719.91641660292
2008-02-19,110551.93234735324,118516.75572718543,118516.75572718543
2008-02-20,111057.40440375175,119024.73126184502,119024.73126184502
2008-02-21,109995.89178623285,117957.69826268901,117957.69826268901
2008-02-22,110400.28288340347,118363.98190899036,118363.98190899036
2008-02-25,110956.26739430802,118922.68038486782,118922.68038486782
2008-02-26,111385.94834886114,119354.57626786809,119354.57626786809
2008-02-27,111941.94406980886,119913.55392098846,119913.55392098846
2008-02-28,111512.36400564422,119481.55553895129,119481.55553895129
2008-02-29,108555.22187871004,116508.3708345242,116508.3708345242
2008-03-03,108847.18710344024,116797.58767856447,116797.58767856447
2008-03-04,109459.44180385306,117406.4017876022,117406.4017876022
2008-03-05,109995.11233967022,117939.25374522485,117939.25374522485
2008-03-06,107571.7309611204,115527.87723862764,115527.87723862764
2008-03-07,107316.66914894067,115274.43882059059,115274.43882059059
2008-03-10,105250.42408884656,113221.66623705006,113221.66623705006
2008-03-11,109255.38330294489,117195.3414454725,117195.3414454725
2008-03-12,108949.27292367168,116890.85528411719,116890.85528411719
2008-03-13,109791.00858294015,117727.97491812895,117727.97491812895
2008-03-14,107775.83471785046,115722.86813426799,115722.86813426799
2008-03-17,105811.61890821044,113770.76811080088,113770.76811080088
2008-03-18,110530.80550339831,118455.14611026936,118455.14611026936
2008-03-19,107801.38162930813,115737.99125280601,115737.99125280601
2008-03-20,110004.48029480173,117927.74441547833,117927.74441547833
2008-03-24,113808.3339503703,121713.49525886029,121713.49525886029
2008-03-25,114446.53155068234,122349.9832734449,122349.9832734449
2008-03-26,114114.70455061937,122018.93769064736,122018.93769064736
2008-03-27,111587.26872358583,119497.87579947722,119497.87579947722
2008-03-28,111025.64397391399,118938.40224308829,118938.40224308829
2008-03-31,111612.81563504352,119523.1455067316,119523.1455067316
2008-04-01,117386.47317864842,125277.80374290298,125277.80374290298
2008-04-02,117128.95806587778,125014.87383084332,125014.87383084332
2008-04-03,117386.47317864842,125277.80374290298,125277.80374290298
2008-04-04,118081.66242401607,125987.61081085612,125987.61081085612
2008-04-07,117824.17013351804,125724.70420095554,125724.70420095554
2008-04-08,116922.99846688824,124804.58349616149,124804.58349616149
2008-04-09,115609.78207978011,123463.7539601288,123463.7539601288
2008-04-10,117257.65286101348,125146.27470593566,125146.27470593566
2008-04-11,114013.43257891895,121833.83783846114,121833.83783846114
2008-04-14,113498.44799792288,121308.02461866,121308.02461866
2008-04-15,113652.90913881281,121465.73363136171,121465.73363136171
2008-04-16,116819.96731728014,124699.38589896263,124699.38589896263
2008-04-17,116562.54349359988,124436.54919553932,124436.54919553932
2008-04-18,120270.30695427235,128222.27621623258,128222.27621623258
2008-04-21,121119.94592939365,129089.78064580788,129089.78064580788
2008-04-22,119317.59118499777,127249.52758514023,127249.52758514023
2008-04-23,120630.68204960665,128590.22895929794,128590.22895929794
2008-04-24,121712.172491971,129694.46002303943,129694.46002303943
2008-04-25,121403.18174337335,129378.97209115875,129378.97209115875
2008-04-28,121634.87345470826,129615.53561021131,129615.53561021131
2008-04-29,122561.8342893649,130561.98775477383,130561.98775477383
2008-04-30,121557.69993994477,129536.73935925818,129536.73935925818
2008-05-01,126393.86969686222,134453.75894211253,134453.75894211253
2008-05-02,126575.52253795072,134638.3391475763,134638.3391475763
2008-05-05,126212.2053536626,134269.16704917926,134269.16704917926
2008-05-06,126990.81776243886,135060.32692054377,135060.32692054377
2008-05-07,124680.91779671003,132713.20255012278,132713.20255012278
2008-05-08,125615.25728808598,133662.599070748,133662.599070748
2008-05-09,125122.1962902426,133161.59231664074,133161.59231664074
2008-05-12,127406.03247214908,135482.23288122492,135482.23288122492
2008-05-13,127743.43540005953,135825.07311088836,135825.07311088836
2008-05-14,127457.92999757119,135534.966743509,135534.966743509
2008-05-15,129689.98367516688,137802.9903205039,137802.9903205039
2008-05-16,129793.80173023333,137908.481420011,137908.481420011
2008-05-19,128859.45073674625,136959.07321191631,136959.07321191631
2008-05-20,127873.2137199482,135956.942829007,135956.942829007
2008-05-21,125044.28098944266,133082.42139839774,133082.42139839774
2008-05-22,125485.47896819732,133530.72935262934,133530.72935262934
2008-05-23,125096.17851486476,133135.15526068181,133135.15526068181
2008-05-27,127302.17991074923,135376.70671930935,135376.70671930935
2008-05-28,127821.30469241495,135904.19727925345,135904.19727925345
2008-05-29,128963.24578759047,137064.54093648447,137064.54093648447
2008-05-30,129793.80173023333,137908.481420011,137908.481420011
2008-06-02,129210.259227276,137299.60465731227,137299.60465731227
2008-06-03,128504.0869606437,136585.41855410332,136585.41855410332
2008-06-04,130151.91884775982,138251.9504894557,138251.9504894557
2008-06-05,132218.2841534417,140341.7654754066,140341.7654754066
2008-06-06,128242.51806378622,136320.88130165898,136320.88130165898
2008-06-09,127562.47370734745,135633.11961533502,135633.11961533502
2008-06-10,126960.89422406748,135024.71324307245,135024.71324307245
2008-06-11,123900.67143649921,131929.76220792704,131929.76220792704
2008-06-12,124031.4500890295,132062.02497247735,132062.02497247735
2008-06-13,126516.26767069887,134575.04094562028,134575.04094562028
2008-06-16,127640.91539691246,135712.45148270886,135712.45148270886
2008-06-17,126960.89422406748,135024.71324307245,135024.71324307245
2008-06-18,125600.79391939304,133649.17814708073,133649.17814708073
2008-06-19,127562.47370734745,135633.11961533502,135633.11961533502
2008-06-20,124117.94807743414,132149.50456377977,132149.50456377977
2008-06-23,123149.48822253708,131170.054360812,131170.054360812
2008-06-24,122521.38670796927,130534.82497797588,130534.82497797588
2008-06-25,124510.60860533798,132546.62111105653,132546.62111105653
2008-06-26,119485.19371535716,127464.1764344909,127464.1764344909
2008-06-27,119485.19371535716,127464.1764344909,127464.1764344909
2008-06-30,118228.78203387749,126193.50664863057,126193.50664863057
2008-07-01,120903.70542702131,128887.62088132939,128887.62088132939
2008-07-02,118000.45968960066,125966.10414276684,125966.10414276684
2008-07-03,117789.27289169854,125753.58828264449,125753.58828264449
2008-07-07,118501.89391751747,126470.69404752932,126470.69404752932
2008-07-08,121325.92707305952,129312.49969554234,129312.49969554234
2008-07-09,118106.02971166464,126072.33854882313,126072.33854882313
2008-07-10,119504.83250401235,127479.94442906893,127479.94442906893
2008-07-11,117604.51366464303,125567.66631004355,125567.66631004355
2008-07-14,116733.63111327647,124691.30303209383,124691.30303209383
2008-07-15,116760.02361879246,124717.8616336079,124717.8616336079
2008-07-16,119663.16416022123,127639.27251414848,127639.27251414848
2008-07-17,120454.93932570107,128436.03055957063,128436.03055957063
2008-07-18,117683.77300029581,125647.42444860286,125647.42444860286
2008-07-21,118185.172162882,126151.97906735801,126151.97906735801
2008-07-22,118185.172162882,126151.97906735801,126151.97906735801
2008-07-23,119742.35336521277,127718.96008069314,127718.96008069314
2008-07-24,117947.67467856867,125912.9869397387,125912.9869397387
2008-07-25,119478.4516869399,127453.39758955731,127453.39758955731
2008-07-28,117235.07702963681,125195.90469885875,125195.90469885875
2008-07-29,119663.16416022123,127639.27251414848,127639.27251414848
2008-07-30,120270.1917870891,128250.12034897214,128250.12034897214
2008-07-31,119979.87422641317,127957.97573231734,127957.97573231734
2008-08-01,119448.82068490202,127417.46864249282,127417.46864249282
2008-08-04,118251.1341682466,126218.32206698532,126218.32206698532
2008-08-05,122243.45791837694,130215.51272306364,130215.51272306364
2008-08-06,124106.43153643052,132080.75742882205,132080.75742882205
2008-08-07,123148.31768438508,131121.47557280268,131121.47557280268
2008-08-08,125942.90776948811,133919.47244752463,133919.47244752463
2008-08-11,127087.34020010625,135065.30001675183,135065.30001675183
2008-08-12,127220.46362810652,135198.58573099042,135198.58573099042
2008-08-13,126954.27570757084,134932.07330982434,134932.07330982434
2008-08-14,128418.126570576,136397.7087035735,136397.7087035735
2008-08-15,128178.61284143086,136157.9029913964,136157.9029913964
2008-08-18,126688.12314831407,134665.5962930449,134665.5962930449
2008-08-19,125117.81126160621,133093.37009258394,133093.37009258394
2008-08-20,125330.7804573835,133306.59891185636,133306.59891185636
2008-08-21,124745.20946573971,132720.31407055492,132720.31407055492
2008-08-22,126395.37890731757,134372.4951775119,134372.4951775119
2008-08-25,123733.86510184292,131707.73681117967,131707.73681117967
2008-08-26,123574.17356628887,131547.850601112,131547.850601112
2008-08-27,124372.59588278025,132347.2462470637,132347.2462470637
2008-08-28,125384.02275632782,133359.90611667445,133359.90611667445
2008-08-29,122749.11241968587,130721.78365055795,130721.78365055795
2008-09-02,122231.6839864305,130202.68568359326,130202.68568359326
2008-09-03,121077.87378778281,129053.14244027938,129053.14244027938
2008-09-04,117159.96755936522,125149.72519011685,125149.72519011685
2008-09-05,116596.52142004599,124588.36275530318,124588.36275530318
2008-09-08,116381.74850595904,124374.3841022068,124374.3841022068
2008-09-09,113913.04842309846,121913.12671616652,121913.12671616652
2008-09-10,114852.2520877387,122802.50954600004,122802.50954600004
2008-09-11,116998.98294813115,124837.09787856815,124837.09787856815
2008-09-12,116542.75688577589,124403.89183001647,124403.89183001647
2008-09-15,112920.11587706229,120965.36635739173,120965.36635739173
2008-09-16,113805.6263131808,121803.19447374638,121803.19447374638
2008-09-17,107902.05702564456,116212.90906728816,116212.90906728816
2008-09-18,111551.52088003625,119648.99237949423,119648.99237949423
2008-09-19,115198.18004165875,123095.50356537382,123095.50356537382
2008-09-22,109773.95176324071,117951.40730787192,117951.40730787192
2008-09-23,108941.43338245165,117165.8287381991,117165.8287381991
2008-09-24,109693.31684612694,117874.71338886816,117874.71338886816
2008-09-25,111438.7983761565,119521.65402125195,119521.65402125195
2008-09-26,110310.96723849788,118455.63048683903,118455.63048683903
2008-09-29,101556.97442849986,110190.52335494758,110190.52335494758
2008-09-30,104483.93278754421,112927.70525127152,112927.70525127152
2008-10-01,104382.64835411946,112894.09440721912,112894.09440721912
2008-10-02,99638.00433658858,108489.25501148376,108489.25501148376
2008-10-03,98092.60795360716,107063.69369429463,107063.69369429463
2008-10-06,94513.79527722915,103770.07692078111,103770.07692078111
2008-10-07,88521.94126957102,98287.60564973296,98287.60564973296
2008-10-08,87816.99362316605,97649.8024354886,97649.8024354886
2008-10-09,85458.24272203699,95518.96709089428,95518.96709089428
2008-10-10,84915.99837713124,95031.72806069924,95031.72806069924
2008-10-13,95245.83114245742,104301.56043110706,104301.56043110706
2008-10-14,91124.73812354066,100520.03789038112,100520.03789038112
2008-10-15,82963.89473704851,93085.50943272242,93085.50943272242
2008-10-16,87464.51080055532,97115.09960032643,97115.09960032643
2008-10-17,87573.01366598594,97213.31034667967,97213.31034667967
2008-10-20,90013.14921569485,99422.50171074057,99422.50171074057
2008-10-21,85349.76385502834,95178.92731353869,95178.92731353869
2008-10-22,82991.0009546883,93053.28571290469,93053.28571290469
2008-10-23,82665.67834616684,92761.76905547724,92761.76905547724
2008-10-24,80008.63905889013,90382.81284085821,90382.81284085821
2008-10-27,77785.43724477652,88406.35393661381,88406.35393661381
2008-10-28,86380.01611113829,95997.15704918388,95997.15704918388
2008-10-29,86163.16037041448,95800.99436930614,95800.99436930614
2008-10-30,89037.055398415,98399.40895692183,98399.40895692183
2008-10-31,89172.64048306344,98522.75402576914,98522.75402576914
2008-11-03,89982.53705350294,99349.79848129123,99349.79848129123
2008-11-04,92532.28883328804,101643.35261884802,101643.35261884802
2008-11-05,87706.92310144458,97280.36362328642,97280.36362328642
2008-11-06,83786.28803871917,93769.86028361798,93769.86028361798
2008-11-07,85513.5656652282,95302.12167494034,95302.12167494034
2008-11-10,84362.05938157467,94276.11567623756,94276.11567623756
2008-11-11,82525.12055696534,92644.04554202156,92644.04554202156
2008-11-12,78714.12849131148,89274.29489190411,89274.29489190411
2008-11-13,83512.13200996367,93470.407860542,93470.407860542
2008-11-14,79454.40073183176,89870.65930543288,89870.65930543288
2008-11-17,77781.98100591596,88403.5519469576,88403.5519469576
2008-11-18,77699.73055708356,88331.77659123669,88331.77659123669
2008-11-19,73642.02354698998,84791.80004113671,84791.80004113671
2008-11-20,70077.78889484287,81726.17561597479,81726.17561597479
2008-11-21,73121.09190369898,84305.3801323577,84305.3801323577
2008-11-24,77590.05722496413,88143.62383367073,88143.62383367073
2008-11-25,77233.65074737623,87832.37962328151,87832.37962328151
2008-11-26,80468.84720213628,90654.31946300769,90654.31946300769
2008-11-28,79838.254360745,90098.60994166245,90098.60994166245
2008-12-01,74833.61708286693,85816.80027508951,85816.80027508951
2008-12-02,77334.58335174572,87945.42519521603,87945.42519521603
2008-12-03,79529.82588408014,89831.60563050679,89831.60563050679
2008-12-04,77278.98883261587,87883.11759131314,87883.11759131314
2008-12-05,80419.07992560689,90581.18612515926,90581.18612515926
2008-12-08,83586.9098611811,93332.03166592852,93332.03166592852
2008-12-09,83392.37516289644,93161.5133571008,93161.5133571008
2008-12-10,83114.52555036663,92918.09504372017,92918.09504372017
2008-12-11,80835.88201560348,90923.34819716618,90923.34819716618
2008-12-12,82475.38842794245,92349.26952448224,92349.26952448224
2008-12-15,81030.41056473218,91086.4163634349,91086.4163634349
2008-12-16,84920.74173022348,94472.22154388628,94472.22154388628
2008-12-17,83892.59670278965,93567.43642051442,93567.43642051442
2008-12-18,82419.82465459245,92274.84506061333,92274.84506061333
2008-12-19,83096.05963498702,92865.96649079579,92865.96649079579
2008-12-22,81287.18087059491,91281.75450507287,91281.75450507287
2008-12-23,80869.75156668933,90918.03664076433,90918.03664076433
2008-12-24,81092.36946029156,91111.76877816475,91111.76877816475
2008-12-26,81064.57527530463,91087.56485082555,91087.56485082555
2008-12-29,80396.6846995621,90505.99596235946,90505.99596235946
2008-12-30,82066.37116940459,91956.95739409358,91956.95739409358
2008-12-31,82762.08052675793,92564.56590344555,92564.56590344555
2009-01-02,87351.69476728045,96703.55902281516,96703.55902281516
2009-01-05,87323.51660458333,96676.23655205345,96676.23655205345
2009-01-06,88196.18746093383,97522.40683694785,97522.40683694785
2009-01-07,85690.79423749635,95093.095393554,95093.095393554
2009-01-08,86591.64947688892,95966.5941806606,95966.5941806606
2009-01-09,84649.19747289733,94083.12900745089,94083.12900745089
2009-01-12,83100.90384803728,92581.85272657806,92581.85272657806
2009-01-13,83129.07579038944,92609.16916588925,92609.16916588925
2009-01-14,80595.52306528974,90152.55334608522,90152.55334608522
2009-01-15,81918.60288030164,91435.4549301814,91435.4549301814
2009-01-16,82819.43323831435,92308.92959148598,92308.92959148598
2009-01-20,78709.41494600245,88323.72105149791,88323.72105149791
2009-01-21,82059.356846198,91571.93459207892,91571.93459207892
2009-01-22,80961.48462068928,90507.4016733089,90507.4016733089
2009-01-23,81355.5807963712,90889.53025114078,90889.53025114078
2009-01-26,81946.74994127393,91462.7472436906,91462.7472436906
2009-01-27,82537.91908617665,92035.96423624043,92035.96423624043
2009-01-28,85437.45824805577,94847.45250907015,94847.45250907015
2009-01-29,83269.8297562858,92745.64882778679,92745.64882778679
2009-01-30,81805.98353468762,91326.25551889207,91326.25551889207
2009-02-02,83790.9613859352,93281.493188164,93281.493188164
2009-02-03,85101.55556613459,94543.38120246494,94543.38120246494
2009-02-04,85215.5158980091,94653.10637832092,94653.10637832092
2009-02-05,87095.88655575986,96463.59602592328,96463.59602592328
2009-02-06,89375.13726143734,98658.1419735055,98658.1419735055
2009-02-09,89745.49889684658,99014.7397027955,99014.7397027955
2009-02-10,86440.61779520904,95832.67929549866,95832.67929549866
2009-02-11,86041.74404273761,95448.62905701343,95448.62905701343
2009-02-12,87095.88655575986,96463.59602592328,96463.59602592328
2009-02-13,86697.04428056495,96079.57609491122,96079.57609491122
2009-02-17,83249.65925271419,92760.30769509,92760.30769509
2009-02-18,83306.62053228555,92815.15209853409,92815.15209853409
2009-02-19,82024.60142370137,91580.7772083747,91580.7772083747
2009-02-20,82252.4906101739,91800.1972526135,91800.1972526135
2009-02-23,79374.94501442755,89029.59110104003,89029.59110104003
2009-02-24,81996.02635208618,91553.26408423315,91553.26408423315
2009-02-25,81454.71792340986,91032.07252966453,91032.07252966453
2009-02-26,79175.47980864298,88837.53870507157,88837.53870507157
2009-02-27,78434.7061741821,88124.29475453448,88124.29475453448
2009-03-02,76898.74795948762,86679.98888078971,86679.98888078971
2009-03-03,76841.0172824621,86631.73416016955,86631.73416016955
2009-03-04,78890.49139793338,88344.43756614225,88344.43756614225
2009-03-05,76523.50174800954,86351.65468594275,86351.65468594275
2009-03-06,75917.31369330277,85845.56188466398,85845.56188466398
2009-03-09,74300.82922308617,84499.10962651343,84499.10962651343
2009-03-10,78890.49139793338,88297.5954958712,88297.5954958712
2009-03-11,80102.84199384473,89319.00062987981,89319.00062987981
2009-03-12,82758.56156940265,91565.5293011612,91565.5293011612
2009-03-13,82960.59023630201,91737.85064829177,91737.85064829177
2009-03-16,81575.04123093856,90555.34766055536,90555.34766055536
2009-03-17,84663.6802896202,93180.65170462102,93180.65170462102
2009-03-18,85731.72651728216,94096.7013103303,94096.7013103303
2009-03-19,85673.99584025666,94047.04572229812,94047.04572229812
2009-03-20,84369.99436619043,92925.60933745152,92925.60933745152
2009-03-23,89343.14361371523,97187.81450663334,97187.81450663334
2009-03-24,87695.06704944192,95757.27328958019,95757.27328958019
2009-03-25,88099.82600455021,96107.27532659947,96107.27532659947
2009-03-26,90817.72198488603,98457.4499587517,98457.4499587517
2009-03-27,89111.8382030807,96827.444601114,96827.444601114
2009-03-30,86914.37301829708,94727.72358692568,94727.72358692568
2009-03-31,87666.13473798598,95446.04663086895,95446.04663086895
2009-04-01,89966.96603303157,97689.18301167988,97689.18301167988
2009-04-02,92861.58612206012,100437.18112021012,100437.18112021012
2009-04-03,94586.63198903225,102074.84776860206,102074.84776860206
2009-04-06,94352.7210146495,101852.78515057331,101852.78515057331
2009-04-07,91867.44674330266,99493.39815442625,99493.39815442625
2009-04-08,93417.10291730869,100964.55917178447,100964.55917178447
2009-04-09,96311.74235647988,103712.57565030931,103712.57565030931
2009-04-13,96165.54557872283,103573.78421779202,103573.78421779202
2009-04-14,94995.99715685661,102463.47725097983,102463.47725097983
2009-04-15,94732.82231674176,102213.63307778782,102213.63307778782
2009-04-16,97188.87787268935,104545.28138209232,104545.28138209232
2009-04-17,97393.57013167285,104739.60530827851,104739.60530827851
2009-04-20,94265.02616816644,101769.53233505646,101769.53233505646
2009-04-21,95580.78426788482,103018.642981049,103018.642981049
2009-04-22,95873.11977297098,103296.17073609978,103296.17073609978
2009-04-23,96808.79592073974,104184.45182487242,104184.45182487242
2009-04-24,98504.59727212242,105794.35528809567,105794.35528809567
2009-04-27,98621.58823457532,105905.42027543347,105905.42027543347
2009-04-28,97890.58499564741,105211.44474285243,105211.44474285243
2009-04-29,99235.54891066994,106488.28183402446,106488.28183402446
2009-04-30,100229.63668904701,107432.01581315607,107432.01581315607
2009-05-01,101492.55676946772,108681.78288565803,108681.78288565803
2009-05-04,103500.5497255841,110577.19906354124,110577.19906354124
2009-05-05,103411.8717516423,110493.49276072817,110493.49276072817
2009-05-06,103441.49187560569,110521.45225230909,110521.45225230909
2009-05-07,101020.02231330343,108235.74075682843,108235.74075682843
2009-05-08,101079.09970591919,108291.50601505305,108291.50601505305
2009-05-11,101433.46634842709,108626.00532943844,108626.00532943844
2009-05-12,100193.25149888004,107455.3222935632,107455.3222935632
2009-05-13,97506.08675379926,104918.81163751271,104918.81163751271
2009-05-14,98598.63092155046,105950.10304931762,105950.10304931762
2009-05-15,98539.56655735959,105894.35008908798,105894.35008908798
2009-05-18,101108.63514512083,108319.38556966661,108319.38556966661
2009-05-19,101581.14354443536,108765.40310250627,108765.40310250627
2009-05-20,101226.7182740155,108430.84844714348,108430.84844714348
2009-05-21,99366.42205654469,106674.84848932056,106674.84848932056
2009-05-22,99041.59085323845,106368.22872954873,106368.22872954873
2009-05-26,102732.77161901475,109852.46592153328,109852.46592153328
2009-05-27,102024.09044769847,109183.5164847424,109183.5164847424
2009-05-28,103205.20836199244,110298.41581540056,110298.41581540056
2009-05-29,104474.99122180334,111497.00915087682,111497.00915087682
2009-06-01,108457.16484938661,115312.15234606974,115312.15234606974
2009-06-02,108606.18961910148,115452.07497537015,115452.07497537015
2009-06-03,108278.31671624517,115144.22790584076,115144.22790584076
2009-06-04,109500.30536331281,116291.57988497893,116291.57988497893
2009-06-05,109619.50676960111,116403.50070335079,116403.50070335079
2009-06-08,109291.6798904538,116095.69684649259,116095.69684649259
2009-06-09,110126.22123078328,116879.2660398704,116879.2660398704
2009-06-10,109738.70160107384,116515.4153484839,116515.4153484839
2009-06-11,109738.70160107384,116515.4153484839,116515.4153484839
2009-06-12,109232.05946286295,116039.71791759043,116039.71791759043
2009-06-15,106996.83913789807,113941.02046257525,113941.02046257525
2009-06-16,105953.59342692274,112961.4941518462,112961.4941518462
2009-06-17,106966.9303018691,113912.93839954307,113912.93839954307
2009-06-18,106758.31140382565,113717.06153429546,113717.06153429546
2009-06-19,107904.21628511457,114792.97679472437,114792.97679472437
2009-06-22,104681.40606297638,111767.00949492153,111767.00949492153
2009-06-23,104442.70080888356,111542.88388919574,111542.88388919574
2009-06-24,106203.27204820229,113195.9228930305,113195.9228930305
2009-06-25,108292.1369785738,115157.20405367405,115157.20405367405
2009-06-26,108530.8685319289,115381.35435235481,115381.35435235481
2009-06-29,108769.63295936186,115605.53551722928,115605.53551722928
2009-06-30,108560.78394277346,115409.44258862574,115409.44258862574
2009-07-01,109620.13733441517,116465.3324197108,116465.3324197108
2009-07-02,107210.8963281925,114215.08404702216,114215.08404702216
2009-07-06,106638.62586353831,113680.57933018403,113680.57933018403
2009-07-07,103988.48928860208,111205.3327692338,111205.3327692338
2009-07-08,104530.59555396216,111711.66390767123,111711.66390767123
2009-07-09,104711.30870129488,111880.45128288964,111880.45128288964
2009-07-10,105163.0418046696,112302.37324010898,112302.37324010898
2009-07-13,107180.7254935708,114186.9042711779,114186.9042711779
2009-07-14,107572.27617556468,114552.61541535407,114552.61541535407
2009-07-15,111186.10782592445,117927.96008589106,117927.96008589106
2009-07-16,112511.17611339258,119165.58336636616,119165.58336636616
2009-07-17,113113.53115340958,119728.18729228232,119728.18729228232
2009-07-20,114197.58443626724,120740.70083051187,120740.70083051187
2009-07-21,114980.68580025497,121472.12311886421,121472.12311886421
2009-07-22,115944.37424035092,122372.2150310074,122372.2150310074
2009-07-23,118504.12438264658,124763.04001585243,124763.04001585243
2009-07-24,117600.64490524192,123919.18370652663,123919.18370652663
2009-07-27,118504.12438264658,124763.04001585243,124763.04001585243
2009-07-28,117691.0313378825,124003.60528263183,124003.60528263183
2009-07-29,118474.03980728376,124734.9408067744,124734.9408067744
2009-07-30,119166.70165601007,125381.89193947309,125381.89193947309
2009-07-31,118805.27536134465,125044.31718903629,125044.31718903629
2009-08-03,121581.74366552249,127703.71147550218,127703.71147550218
2009-08-04,121581.74366552249,127703.71147550218,127703.71147550218
2009-08-05,120640.47992852495,126828.6973432814,126828.6973432814
2009-08-06,119577.71964263356,125840.73803627117,125840.73803627117
2009-08-07,121095.9046573962,127252.06760419926,127252.06760419926
2009-08-10,120245.76333206904,126461.76235307058,126461.76235307058
2009-08-11,119213.32366069235,125501.9895841741,125501.9895841741
2009-08-12,121065.5706622043,127219.46614646306,127219.46614646306
2009-08-13,121733.58759028542,127921.43910626022,127921.43910626022
2009-08-14,120336.85898238505,126453.71325425585,126453.71325425585
2009-08-17,116844.82337179905,122784.17365093839,122784.17365093839
2009-08-18,118514.9192147106,124539.16229375791,124539.16229375791
2009-08-19,119334.806828909,125400.72569289681,125400.72569289681
2009-08-20,120731.56219816377,126868.4796665645,126868.4796665645
2009-08-21,122340.89638595117,128559.61807281565,128559.61807281565
2009-08-24,122219.4399790889,128431.98790383723,128431.98790383723
2009-08-25,122583.87610306169,128814.9487149308,128814.9487149308
2009-08-26,122371.31066520621,128591.57834317898,128591.57834317898
2009-08-27,122674.97175337769,128910.67485687252,128910.67485687252
2009-08-28,122796.38801820838,129038.26284335596,129038.26284335596
2009-08-31,121551.48995439375,127730.08524819837,127730.08524819837
2009-09-01,120273.81216714386,126336.64585045975,126336.64585045975
2009-09-02,120181.95299548838,126240.15618717855,126240.15618717855
2009-09-03,120977.98935714495,127076.31962204944,127076.31962204944
2009-09-04,123580.74234674085,129810.27372858295,129810.27372858295
2009-09-08,124744.28285915831,131032.46668148997,131032.46668148997
2009-09-09,125815.89673578128,132158.09910620443,132158.09910620443
2009-09-10,127010.09295295802,133412.49307482457,133412.49307482457
2009-09-11,127132.55385806158,133541.12706188983,133541.12706188983
2009-09-14,127622.47843544264,134055.7480480444,134055.7480480444
2009-09-15,128020.55733399601,134473.89354390005,134473.89354390005
2009-09-16,129888.31551489796,136435.80278734356,136435.80278734356
2009-09-17,129857.72727427765,136403.67263654177,136403.67263654177
2009-09-18,130075.27213688065,136632.1836296503,136632.1836296503
2009-09-21,130473.7018489568,137050.69762304492,137050.69762304492
2009-09-22,130719.0014583423,137308.3624406789,137308.3624406789
2009-09-23,130105.99530577894,136664.45551027474,136664.45551027474
2009-09-24,128941.26742451517,135441.01533492815,135441.01533492815
2009-09-25,127807.2762049775,134249.86121318824,134249.86121318824
2009-09-28,129983.38597956959,136535.66562040456,136535.66562040456
2009-09-29,129401.0220389377,135923.94553273125,135923.94553273125
2009-09-30,129492.96216755996,136020.52023390605,136020.52023390605
2009-10-01,126661.5222251177,132995.95791165807,132995.95791165807
2009-10-02,126290.76799842893,132606.66199398678,132606.66199398678
2009-10-05,127310.23672050775,133677.11509507036,133677.11509507036
2009-10-06,129565.43046335502,136045.0927321406,136045.0927321406
2009-10-07,129936.1846900438,136434.38864981188,136434.38864981188
2009-10-08,130492.2412291435,137018.25398453578,137018.25398453578
2009-10-09,131233.66808150275,137796.76013793322,137796.76013793322
2009-10-12,131511.6827508829,138088.678524971,138088.678524971
2009-10-13,131542.54153597355,138121.08058055208,138121.08058055208
2009-10-14,133334.4454973692,140002.5989741803,140002.5989741803
2009-10-15,133025.46324154065,139678.16428896794,139678.16428896794
2009-10-16,132160.47884729123,138769.92139032844,138769.92139032844
2009-10-19,133488.87542451973,140164.75205532764,140164.75205532764
2009-10-20,133519.78861028928,140197.21123220547,140197.21123220547
2009-10-21,133272.6055256604,139937.66634010043,139937.66634010043
2009-10-22,133797.78967949972,140489.11533891904,140489.11533891904
2009-10-23,133241.67873972113,139905.1928828984,139905.1928828984
2009-10-26,132809.206942851,139451.09285406492,139451.09285406492
2009-10-27,130801.1690842932,137342.63154845138,137342.63154845138
2009-10-28,127866.27965943774,134260.96614947007,134260.96614947007
2009-10-29,130028.78824565525,136531.62337720353,136531.62337720353
2009-10-30,126537.97828339727,132866.2354467402,132866.2354467402
2009-11-02,128062.82172670044,134417.34169455926,134417.34169455926
2009-11-03,128467.5671124265,134842.17068144932,134842.17068144932
2009-11-04,128685.55227461837,135070.9723401635,135070.9723401635
2009-11-05,131861.44928393784,138404.4584193588,138404.4584193588
2009-11-06,132639.8384812836,139221.47154854215,139221.47154854215
2009-11-09,135473.19325308973,142195.4183300409,142195.4183300409
2009-11-10,135815.72178343072,142554.9432404106,142554.9432404106
2009-11-11,136687.49794612976,143469.97722734528,143469.97722734528
2009-11-12,135909.12245595636,142652.97848548877,142652.97848548877
2009-11-13,137029.999062126,143829.47336306126,143829.47336306126
2009-11-16,138431.1188073897,145300.11713784887,145300.11713784887
2009-11-17,138867.03430308396,145757.6629059699,145757.6629059699
2009-11-18,138088.6039842211,144940.60661480602,144940.60661480602
2009-11-19,135940.1829085456,142685.58016810505,142685.58016810505
2009-11-20,135255.24921241496,141966.65983330723,141966.65983330723
2009-11-23,137434.84039805864,144254.4030612392,144254.4030612392
2009-11-24,136967.78220674093,143764.16928654088,143764.16928654088
2009-11-25,137559.3152303459,144385.0543762605,144385.0543762605
2009-11-27,135473.19325308973,142195.4183300409,142195.4183300409
2009-11-30,135628.86560968994,142358.81520094685,142358.81520094685
2009-12-01,138029.69915209903,144829.17345303428,144829.17345303428
2009-12-02,138217.89091761675,145026.63572396603,145026.63572396603
2009-12-03,137653.39846410046,144434.3358351345,144434.3358351345
2009-12-04,138374.7127864906,145191.1827873001,145191.1827873001
2009-12-07,137716.0968358698,144500.1227883481,144500.1227883481
2009-12-08,136869.28911973126,143611.6005184643,143611.6005184643
2009-12-09,138249.24700708783,145059.53644423647,145059.53644423647
2009-12-10,138939.2190471797,145783.4971634589,145783.4971634589
2009-12-11,138406.11029748013,145224.12696955237,145224.12696955237
2009-12-14,139723.36981306734,146606.27594211095,146606.27594211095
2009-12-15,138939.2190471797,145783.4971634589,145783.4971634589
2009-12-16,139127.4522342159,145981.00289637252,145981.00289637252
2009-12-17,137433.8782234573,144204.00181858687,144204.00181858687
2009-12-18,139673.7192196116,146554.17951318427,146554.17951318427
2009-12-21,141244.5198496671,148202.35927672742,148202.35927672742
2009-12-22,142092.83254764284,149092.46066528556,149092.46066528556
2009-12-23,143129.41985417326,150180.11124873915,150180.11124873915
2009-12-24,144448.9299389299,151564.62165564563,151564.62165564563
2009-12-28,145202.87061069044,152355.70216219212,152355.70216219212
2009-12-29,144606.0003369145,151729.42949087085,151729.42949087085
2009-12-30,145045.8140198787,152190.90881429418,152190.90881429418
2009-12-31,143726.40058533175,150806.49981867874,150806.49981867874
2010-01-04,146830.85229260175,154014.63359306598,154014.63359306598
2010-01-05,146830.85229260175,154014.63359306598,154014.63359306598
2010-01-06,145945.22271860097,153085.67409845584,153085.67409845584
2010-01-07,146040.1304682902,153185.22526270573,153185.22526270573
2010-01-08,147242.06823456864,154445.96850422927,154445.96850422927
2010-01-11,146641.07849869403,153815.5750105004,153815.5750105004
2010-01-12,144806.53824968394,151891.27885712814,151891.27885712814
2010-01-13,146609.49355548414,153782.44475633668,153782.44475633668
2010-01-14,146736.06965932486,153915.21366661869,153915.21366661869
2010-01-15,145027.89698680156,152123.46769385747,152123.46769385747
2010-01-19,147368.60263293856,154578.69366857706,154578.69366857706
2010-01-20,145249.3669385079,152355.7731864113,152355.7731864113
2010-01-21,143889.26812517887,150929.13078044204,150929.13078044204
2010-01-22,139682.28436676232,146516.31799642774,146516.31799642774
2010-01-25,140156.76750791416,147014.01548976492,147014.01548976492
2010-01-26,140283.24629898972,147146.68232620048,147146.68232620048
2010-01-27,141390.42923563844,148308.03480523283,148308.03480523283
2010-01-28,137752.8224662394,144492.45609682755,144492.45609682755
2010-01-29,135348.8774245646,141970.89670389015,141970.89670389015
2010-02-01,137835.19682441297,144529.94978220217,144529.94978220217
2010-02-02,139077.82949379872,145832.93799886818,145832.93799886818
2010-02-03,139842.49851433648,146634.74753434636,146634.74753434636
2010-02-04,135796.02342275914,142391.73228675599,142391.73228675599
2010-02-05,136943.0829671189,143594.50532414427,143594.50532414427
2010-02-08,135955.38198141058,142558.83100326592,142558.83100326592
2010-02-09,137357.27518572978,144028.8151516426,144028.8151516426
2010-02-10,137070.52780387521,143728.14024672398,143728.14024672398
2010-02-11,139141.5869206476,145899.7921690149,145899.7921690149
2010-02-12,139428.33430250216,146200.4670739335,146200.4670739335
2010-02-16,141212.57602047853,148071.37067359206,148071.37067359206
2010-02-17,142009.17276629971,148906.65868654323,148906.65868654323
2010-02-18,142901.25861681718,149842.07377751562,149842.07377751562
2010-02-19,142837.5992136863,149775.32239216816,149775.32239216816
2010-02-22,142550.76781150204,149474.55938599302,149474.55938599302
2010-02-23,140702.7826700651,147536.8162997305,147536.8162997305
2010-02-24,142136.64560983257,149040.32297620844,149040.32297620844
2010-02-25,142104.759894714,149006.8885493637,149006.8885493637
2010-02-26,142614.5112349626,149541.398872597,149541.398872597
2010-03-01,145685.25643831972,152712.73620131816,152712.73620131816
2010-03-02,146134.43063299602,153183.57739676256,153183.57739676256
2010-03-03,146294.80567349854,153351.68851419678,153351.68851419678
2010-03-04,146776.0999967369,153856.1992300839,153856.1992300839
2010-03-05,148989.73804040256,156176.6174444736,156176.6174444736
2010-03-08,149278.45259371097,156479.2588406916,156479.2588406916
2010-03-09,150112.61712651642,157353.66131188982,157353.66131188982
2010-03-10,151331.7578973068,158631.6102785432,158631.6102785432
2010-03-11,151909.17290377934,159236.87829068044,159236.87829068044
2010-03-12,151941.30713248564,159270.56259142185,159270.56259142185
2010-03-15,151556.26039377955,158866.9421944732,158866.9421944732
2010-03-16,152518.77853953512,159875.88972475388,159875.88972475388
2010-03-17,152935.80440536092,160313.0318391582,160313.0318391582
2010-03-18,153449.1201561517,160851.10861339708,160851.10861339708
2010-03-19,152520.97816203543,159878.19545135138,159878.19545135138
2010-03-22,153902.00268876122,161325.83702740006,161325.83702740006
2010-03-23,154961.82592986652,162436.78339902184,162436.78339902184
2010-03-24,154223.161673949,161662.48789093088,161662.48789093088
2010-03-25,153998.34897430314,161426.83080842943,161426.83080842943
2010-03-26,154158.92141682492,161595.1488500455,161595.1488500455
2010-03-29,154897.59977288666,162369.45913843517,162369.45913843517
2010-03-30,155411.4654293025,162908.1123443234,162908.1123443234
2010-03-31,154672.74477280807,162133.75771503762,162133.75771503762
2010-04-01,155672.44486278106,163133.45780501064,163133.45780501064
2010-04-05,157127.06505272078,164657.79450818896,164657.79450818896
2010-04-06,157579.58233544588,165131.99987647074,165131.99987647074
2010-04-07,157191.7063241735,164725.5338832485,164725.5338832485
2010-04-08,157547.3255604707,165098.19711038723,165098.19711038723
2010-04-09,158484.70204856436,166080.49984162927,166080.49984162927
2010-04-12,158613.9136350796,166215.90423458582,166215.90423458582
2010-04-13,159422.078536658,167062.8025728713,167062.8025728713
2010-04-14,161329.2443918789,169061.3743871964,169061.3743871964
2010-04-15,162040.26999530275,169806.4777699863,169806.4777699863
2010-04-16,160100.87574766274,167774.13293244268,167774.13293244268
2010-04-19,160003.87836228855,167672.48669127212,167672.48669127212
2010-04-20,160812.01488131087,168519.3552866926,168519.3552866926
2010-04-21,161717.0494467611,169467.76602325612,169467.76602325612
2010-04-22,162622.15496860154,170416.25111698214,170416.25111698214
2010-04-23,163300.99475344038,171127.62609085103,171127.62609085103
2010-04-26,162945.43228225532,170755.02234944233,170755.02234944233
2010-04-27,159486.74819066678,167130.57169079586,167130.57169079586
2010-04-28,159583.70300220686,167232.1733176689,167232.1733176689
2010-04-29,162363.5756915126,170145.2787453115,170145.2787453115
2010-04-30,159163.48506829105,166791.81532976814,166791.81532976814
2010-05-03,162393.55737074855,170128.78410936394,170128.78410936394
2010-05-04,157514.91806144806,165017.7625439915,165017.7625439915
2010-05-05,156701.81864948853,164165.93309609723,164165.93309609723
2010-05-06,151465.41445659136,158680.10537690448,158680.10537690448
2010-05-07,147692.55493518655,154727.5347615159,154727.5347615159
2010-05-10,155368.31448068685,162768.91066173394,162768.91066173394
2010-05-11,155205.71744498477,162598.56870709205,162598.56870709205
2010-05-12,158132.89246305637,165665.17267071415,165665.17267071415
2010-05-13,155628.4954403362,163041.48471596502,163041.48471596502
2010-05-14,152636.33586887212,159906.80081596153,159906.80081596153
2010-05-17,153124.16981352176,160417.871557894,160417.871557894
2010-05-18,151010.0513698662,158203.0521641593,158203.0521641593
2010-05-19,149806.63054129865,156942.30927724374,156942.30927724374
2010-05-20,144244.93232272932,151115.69293341794,151115.69293341794
2010-05-21,145838.6888470861,152785.3642186904,152785.3642186904
2010-05-24,145253.2852576703,152172.07633650434,152172.07633650434
2010-05-25,145383.35431872326,152308.34092461647,152308.34092461647
2010-05-26,143757.11265726082,150604.6371508211,150604.6371508211
2010-05-27,149188.7132564149,156294.95898786356,156294.95898786356
2010-05-28,148310.5293367949,155374.94488823856,155374.94488823856
2010-06-01,147944.28295840396,154943.6349333322,154943.6349333322
2010-06-02,151447.96610149427,158613.0798823992,158613.0798823992
2010-06-03,152888.80461436987,160122.08551663283,160122.08551663283
2010-06-04,147649.53952435215,154634.9469723546,154634.9469723546
2010-06-07,144964.40125027992,151822.77284731364,151822.77284731364
2010-06-08,144702.45021565605,151548.42871810807,151548.42871810807
2010-06-09,143490.8134669541,150279.46855074918,150279.46855074918
2010-06-10,147583.99785447397,154566.30447825175,154566.30447825175
2010-06-11,148992.07272057346,156040.99639367414,156040.99639367414
2010-06-14,148959.366579101,156006.74290078448,156006.74290078448
2010-06-15,152954.23127364067,160190.60755889255,160190.60755889255
2010-06-16,153576.4530358686,160842.2670866982,160842.2670866982
2010-06-17,154067.6058346661,161356.6566827785,161356.6566827785
2010-06-18,154195.5838880233,161490.68947121975,161490.68947121975
2010-06-21,152883.26972888992,160116.28877168227,160116.28877168227
2010-06-22,151702.19704909803,158879.33868163478,158879.33868163478
2010-06-23,151078.89706242597,158226.54991779983,158226.54991779983
2010-06-24,148782.36525434998,155821.36751420968,155821.36751420968
2010-06-25,148811.9229804455,155852.3236378937,155852.3236378937
2010-06-28,148285.96509659095,155301.48230278664,155301.48230278664
2010-06-29,142566.2144416098,149311.1260708783,149311.1260708783
2010-06-30,140396.71184938017,147038.9827280236,147038.9827280236
2010-07-01,141001.8680507512,147625.47277014426,147625.47277014426
2010-07-02,140604.63719117496,147209.5818727079,147209.5818727079
2010-07-06,141035.01043958185,147660.17203255475,147660.17203255475
2010-07-07,145537.5393407087,152374.20856894192,152374.20856894192
2010-07-08,146332.1313706953,153206.12679603903,153206.12679603903
2010-07-09,147722.54797157386,154661.85863058662,154661.85863058662
2010-07-12,148152.95017794392,155112.47910870556,155112.47910870556
2010-07-13,150073.22510964776,157122.95952687564,157122.95952687564
2010-07-14,150834.64579284054,157920.14817329016,157920.14817329016
2010-07-15,150967.09951631067,158058.82394984376,158058.82394984376
2010-07-16,146795.574613025,153691.34042261614,153691.34042261614
2010-07-19,148053.6098853413,155008.47227629035,155008.47227629035
2010-07-20,149841.37317764873,156880.21628136266,156880.21628136266
2010-07-21,147788.78931229052,154731.21167799947,154731.21167799947
2010-07-22,151529.88305124297,158648.04440883605,158648.04440883605
2010-07-23,152490.02775658568,159653.29219748912,159653.29219748912
2010-07-26,153748.04854992044,160970.40889202728,160970.40889202728
2010-07-27,153681.79273022222,160901.0406854784,160901.0406854784
2010-07-28,152456.94328368132,159618.6535716228,159618.6535716228
2010-07-29,151331.2603819641,158440.09138054986,158440.09138054986
2010-07-30,151662.29333776838,158786.6747079815,158786.6747079815
2010-08-02,155509.16932308621,162767.29762841482,162767.29762841482
2010-08-03,154842.68858897925,162069.71002966294,162069.71002966294
2010-08-04,156408.8418076508,163708.96080943913,163708.96080943913
2010-08-05,156042.32476504616,163325.33720178177,163325.33720178177
2010-08-06,155809.1184419257,163081.2463666921,163081.2463666921
2010-08-09,156875.41475318276,164197.31026060868,164197.31026060868
2010-08-10,155509.16932308621,162767.29762841482,162767.29762841482
2010-08-11,151277.35547591752,158337.97100434225,158337.97100434225
2010-08-12,150077.85045381598,157082.48110757902,157082.48110757902
2010-08-13,149011.53956989612,155966.40196084513,155966.40196084513
2010-08-16,149278.16100886455,156245.4675059805,156245.4675059805
2010-08-17,151177.43072695564,158233.38243618567,158233.38243618567
2010-08-18,151777.24152865767,158861.18839583645,158861.18839583645
2010-08-19,149478.12708809087,156454.766664832,156454.766664832
2010-08-20,149677.99115867744,156663.95905396246,156663.95905396246
2010-08-23,148211.85012494467,155129.3883592466,155129.3883592466
2010-08-24,145446.2938928113,152234.7544524282,152234.7544524282
2010-08-25,146845.7212761507,153699.49774959107,153699.49774959107
2010-08-26,145079.70398689253,151851.0545806844,151851.0545806844
2010-08-27,146845.7212761507,153699.49774959107,153699.49774959107
2010-08-30,145312.9977459899,152095.23693267783,152095.23693267783
2010-08-31,144813.11169324975,151572.01954118366,151572.01954118366
2010-09-01,150144.56495201617,157105.6500762031,157105.6500762031
2010-09-02,151821.73708816207,158860.580191876,158860.580191876
2010-09-03,154337.61265511398,161493.09816935414,161493.09816935414
2010-09-07,153297.8081812874,160405.0857070657,160405.0857070657
2010-09-08,155142.662322228,162335.47199311526,162335.47199311526
2010-09-09,155746.47891324677,162967.2830619283,162967.2830619283
2010-09-10,156316.71509228172,163563.95684517772,163563.95684517772
2010-09-13,158497.1532979361,165845.485729422,165845.485729422
2010-09-14,159167.9986798479,166547.43321489744,166547.43321489744
2010-09-15,160174.3547747653,167600.44654608713,167600.44654608713
2010-09-16,160811.75177776787,168267.39490046378,168267.39490046378
2010-09-17,161356.37354032238,168837.26671752965,168837.26671752965
2010-09-20,164180.75172134492,171792.59027740944,171792.59027740944
2010-09-21,164147.06861696971,171757.34553837313,171757.34553837313
2010-09-22,163710.02446956479,171300.0389091788,171300.0389091788
2010-09-23,163642.77562354738,171229.672235075,171229.672235075
2010-09-24,166971.4027869674,174712.6230467646,174712.6230467646
2010-09-27,166063.55803607416,173762.6882968592,173762.6882968592
2010-09-28,165996.35320108163,173692.36767424367,173692.36767424367
2010-09-29,165727.3284763288,173410.8702768362,173410.8702768362
2010-09-30,164987.6938625288,172636.94431516694,172636.94431516694
2010-10-01,165785.6914254745,173425.59043431678,173425.59043431678
2010-10-04,163992.815169089,171550.09309395013,171550.09309395013
2010-10-05,167984.36101864863,175725.58127844587,175725.58127844587
2010-10-06,166529.73935208353,174203.92630802278,174203.92630802278
2010-10-07,167138.6359880483,174840.88271661082,174840.88271661082
2010-10-08,168288.7871976187,176044.03632349585,176044.03632349585
2010-10-11,168356.45877866095,176114.826412779,176114.826412779
2010-10-12,169506.5361915235,177317.90282218388,177317.90282218388
2010-10-13,170893.48627704635,178768.7677033238,178768.7677033238
2010-10-14,170555.17264985974,178414.86357539616,178414.86357539616
2010-10-15,174174.72405479793,182201.21470203093,182201.21470203093
2010-10-18,173532.0137673244,181528.88640804533,181528.88640804533
2010-10-19,171908.25004650754,179830.29481315447,179830.29481315447
2010-10-20,173159.85696994586,181139.5795157281,181139.5795157281
2010-10-21,173498.15583779092,181493.46820415973,181493.46820415973
2010-10-22,174682.06166150386,182731.93193845818,182731.93193845818
2010-10-25,175527.77193276264,183616.61506079716,183616.61506079716
2010-10-26,176001.32540664286,184111.99129081893,184111.99129081893
2010-10-27,176542.52094288226,184678.12673113178,184678.12673113178
2010-10-28,176914.6482215777,185067.40274445698,185067.40274445698
2010-10-29,176508.72205071503,184642.77028523028,184642.77028523028
2010-11-01,177643.72102474788,185784.00423528152,185784.00423528152
2010-11-02,179548.75894432663,187776.3379405076,187776.3379405076
2010-11-03,180365.1465159307,188630.1353682219,188630.1353682219
2010-11-04,182576.4373856732,190942.755650773,190942.755650773
2010-11-05,182576.4373856732,190942.755650773,190942.755650773
2010-11-08,182814.5170309321,191191.74497371647,191191.74497371647
2010-11-09,181828.0301616555,190160.05367811365,190160.05367811365
2010-11-10,182746.52184047506,191120.63399563642,191120.63399563642
2010-11-11,181589.81693056074,189910.92464794408,189910.92464794408
2010-11-12,178630.31179411904,186815.8041920602,186815.8041920602
2010-11-15,177949.959132041,186104.27528958136,186104.27528958136
2010-11-16,175024.32542642727,183044.578377024,183044.578377024
2010-11-17,175534.5787908328,183578.21341161427,183578.21341161427
2010-11-18,178358.15291784302,186531.17400343853,186531.17400343853
2010-11-19,178494.15814162776,186673.41148262375,186673.41148262375
2010-11-22,179990.97258966317,188238.81542794246,188238.81542794246
2010-11-23,177133.43797460102,185250.33815464098,185250.33815464098
2010-11-24,180705.37479701702,188985.95415004922,188985.95415004922
2010-11-26,179514.76877053344,187740.79021298015,187740.79021298015
2010-11-29,179378.65964665412,187598.44407261905,187598.44407261905
2010-11-30,177201.4925365407,185321.51122482153,185321.51122482153
2010-12-01,181943.19906086088,190234.69013204108,190234.69013204108
2010-12-02,183790.34654706903,192166.0155758102,192166.0155758102
2010-12-03,184269.2709080245,192666.76541352508,192666.76541352508
2010-12-06,184200.85527429896,192595.2319517131,192595.2319517131
2010-12-07,184303.50857464023,192702.56335449294,192702.56335449294
2010-12-08,184987.6052123901,193417.83555248912,193417.83555248912
2010-12-09,185158.62937182758,193596.65360198816,193596.65360198816
2010-12-10,186390.05107938204,194884.1934944803,194884.1934944803
2010-12-13,185740.1025589891,194204.62560726635,194204.62560726635
2010-12-14,186082.15087786404,194562.26170626446,194562.26170626446
2010-12-15,185261.2677472924,193703.9693997371,193703.9693997371
2010-12-16,186697.86173164126,195206.03165251052,195206.03165251052
2010-12-17,186862.40849469198,195378.0771185832,195378.0771185832
2010-12-20,186999.49348504306,195521.4093277331,195521.4093277331
2010-12-21,188130.5155486028,196703.97417711676,196703.97417711676
2010-12-22,188096.32265661648,196668.2230512417,196668.2230512417
2010-12-23,187616.45802844354,196166.49009657782,196166.49009657782
2010-12-27,187719.275502426,196273.993154698,196273.993154698
2010-12-28,187376.54063923354,195915.63922427682,195915.63922427682
2010-12-29,187787.8553097927,196345.69827185027,196345.69827185027
2010-12-30,187342.24327311196,195879.7788631852,195879.7788631852
2010-12-31,186656.7735467271,195163.07100234288,195163.07100234288
2011-01-03,190569.79459821808,199208.85752605041,199208.85752605041
2011-01-04,190431.92667425005,199064.7396626657,199064.7396626657
2011-01-05,192051.32339920016,200757.54818008514,200757.54818008514
2011-01-06,192671.49650152022,201405.83546738603,201405.83546738603
2011-01-07,192499.2403653708,201225.7704777767,201225.7704777767
2011-01-10,193222.8181615626,201982.15008355048,201982.15008355048
2011-01-11,193498.4939951668,202270.32307537016,202270.32307537016
2011-01-12,194876.61810227708,203710.92141093197,203710.92141093197
2011-01-13,194945.54456246961,203782.97250075563,203782.97250075563
2011-01-14,196392.64014052137,205295.6689773534,205295.6689773534
2011-01-18,196943.90178623187,205871.92085856808,205871.92085856808
2011-01-19,194704.3319589617,203530.82505384774,203530.82505384774
2011-01-20,193326.19284826843,202090.2110345485,202090.2110345485
2011-01-21,191844.57402578852,200541.42627808911,200541.42627808911
2011-01-24,194497.64259988198,203314.7658868015,203314.7658868015
2011-01-25,194773.25841915424,203602.8761436714,203602.8761436714
2011-01-26,195806.93026829758,204683.40723496434,204683.40723496434
2011-01-27,197012.79823925844,205943.94058091682,205943.94058091682
2011-01-28,192016.87517268688,200721.53831891075,200721.53831891075
2011-01-31,192947.14232795843,201693.9770917308,201693.9770917308
2011-02-01,197564.56635947785,206475.40268946087,206475.40268946087
2011-02-02,197252.95553319427,206149.7371512275,206149.7371512275
2011-02-03,197599.26518406547,206511.66654948192,206511.66654948192
2011-02-04,198707.36558751928,207669.74606363516,207669.74606363516
2011-02-07,199642.469504372,208647.02635911762,208647.02635911762
2011-02-08,200958.37077823753,210022.27927226698,210022.27927226698
2011-02-09,200612.13652681134,209660.42867422994,209660.42867422994
2011-02-10,200923.74735309492,209986.09421246327,209986.09421246327
2011-02-11,202378.18756719792,211506.13464495784,211506.13464495784
2011-02-14,202863.0210784176,212012.83580251402,212012.83580251402
2011-02-15,202585.98843760963,211723.30804395396,211723.30804395396
2011-02-16,203901.95003103116,213098.62399727717,213098.62399727717
2011-02-17,203832.64286118993,213026.1908374959,213026.1908374959
2011-02-18,203382.5232544469,212555.76930000426,212555.76930000426
2011-02-22,197495.3345890816,206403.04832989693,206403.04832989693
2011-02-23,195867.7320095985,204702.03531825342,204702.03531825342
2011-02-24,196906.6006426561,205787.76047284272,205787.76047284272
2011-02-25,199642.469504372,208647.02635911762,208647.02635911762
2011-02-28,200057.93552619443,209081.23131671862,209081.23131671862
2011-03-01,197837.08404212186,206715.12196329524,206715.12196329524
2011-03-02,198881.27436320795,207806.17084637645,207806.17084637645
2011-03-03,202814.3649680722,211915.76085582128,211915.76085582128
2011-03-04,201770.14433403226,210824.6802994773,210824.6802994773
2011-03-07,199055.24040532229,207987.9437014873,207987.9437014873
2011-03-08,199855.82067283598,208824.45040821403,208824.45040821403
2011-03-09,198498.37628671946,207406.09002753475,207406.09002753475
2011-03-10,195400.66522038254,204169.36763049138,204169.36763049138
2011-03-11,196618.85189653683,205442.22104194624,205442.22104194624
2011-03-14,195922.76038092558,204714.892072032,204714.892072032
2011-03-15,193138.27306666525,201805.44949932394,201805.44949932394
2011-03-16,188474.29167517615,196932.16961429015,196932.16961429015
2011-03-17,190214.664450735,198750.64248707396,198750.64248707396
2011-03-18,189785.9028750796,198302.64002164177,198302.64002164177
2011-03-21,193445.64641864985,202126.61638394216,202126.61638394216
2011-03-22,193097.0777623904,201762.40553520204,201762.40553520204
2011-03-23,194177.59815865927,202891.4148237285,202891.4148237285
2011-03-24,197628.22779013234,206496.89318272134,206496.89318272134
2011-03-25,198116.22087760016,207006.7852036312,207006.7852036312
2011-03-28,197035.73079428513,205877.80758836752,205877.80758836752
2011-03-29,198952.73715189667,207880.84056338706,207880.84056338706
2011-03-30,199893.8785863879,208864.21618963793,208864.21618963793
2011-03-31,200172.68197937394,209155.5310240833,209155.5310240833
2011-04-01,201276.946603634,210264.4880340258,210264.4880340258
2011-04-04,200611.3481445683,209569.1688651232,209569.1688651232
2011-04-05,200086.00715423218,209020.37002730183,209020.37002730183
2011-04-06,200576.329473781,209532.58651921144,209532.58651921144
2011-04-07,200436.28525489525,209386.28896013668,209386.28896013668
2011-04-08,199490.47650100445,208398.24737479514,208398.24737479514
2011-04-11,198824.84757767533,207702.89638132023,207702.89638132023
2011-04-12,197458.73861367855,206275.7870836065,206275.7870836065
2011-04-13,199140.16793607795,208032.29661738797,208032.29661738797
2011-04-14,198789.82890688803,207666.31403540846,207666.31403540846
2011-04-15,198439.59650262006,207300.44283943213,207300.44283943213
2011-04-18,197038.4536357043,205836.73528352045,205836.73528352045
2011-04-19,198264.4117558934,207117.4356361562,207117.4356361562
2011-04-20,202748.17250851946,211801.40801861958,211801.40801861958
2011-04-21,204359.53402508088,213484.72103600515,213484.72103600515
2011-04-25,204884.96640820723,214033.61534754356,214033.61534754356
2011-04-26,206040.90241895345,215241.16692064193,215241.16692064193
2011-04-27,207442.12144652774,216704.95403798448,216704.95403798448
2011-04-28,207126.84678452025,216375.60153877526,216375.60153877526
2011-04-29,206951.64680566188,216192.57842321316,216192.57842321316
2011-05-02,207566.0044277894,216789.72949758102,216789.72949758102
2011-05-03,206580.47609969115,215760.40670337097,215760.40670337097
2011-05-04,206263.69093752603,215429.54438415862,215429.54438415862
2011-05-05,205137.37940792055,214253.18232763448,214253.18232763448
2011-05-06,205806.06135045667,214951.5788586172,214951.5788586172
2011-05-09,206580.47609969115,215760.40670337097,215760.40670337097
2011-05-10,208340.43448287316,217598.5733283385,217598.5733283385
2011-05-11,206826.83904940414,216017.71741941883,216017.71741941883
2011-05-12,208058.82216231094,217304.44684569907,217304.44684569907
2011-05-13,205594.93246574362,214731.0679231572,214731.0679231572
2011-05-16,202039.8428577767,211017.9988366492,211017.9988366492
2011-05-17,202603.03688720262,211606.21982992062,211606.21982992062
2011-05-18,204292.54244623394,213370.80287971618,213370.80287971618
2011-05-19,204890.9705406598,213995.82365357544,213995.82365357544
2011-05-20,203342.17165388935,212378.19993607534,212378.19993607534
2011-05-23,200350.30668704683,209253.3838148462,209253.3838148462
2011-05-24,199118.36949168783,207966.70234657713,207966.70234657713
2011-05-25,199892.7842409223,208775.5301913309,208775.5301913309
2011-05-26,201124.70613043208,210062.19567359626,210062.19567359626
2011-05-27,202145.453217681,211128.3022623904,211128.3022623904
2011-05-31,205418.945810935,214547.2608522627,214547.2608522627
2011-06-01,201948.37364804864,210878.04073466355,210878.04073466355
2011-06-02,202372.87054672305,211321.3078562221,211321.3078562221
2011-06-03,199330.75813784765,208144.68061783558,208144.68061783558
2011-06-06,197703.57386324278,206445.54620271546,206445.54620271546
2011-06-07,197349.80337468922,206076.13284152676,206076.13284152676
2011-06-08,195934.84447642998,204598.60789396268,204598.60789396268
2011-06-09,196288.6303469779,204968.03731730022,204968.03731730022
2011-06-10,193281.8503791742,201828.30483480095,201828.30483480095
2011-06-13,193281.8503791742,201828.30483480095,201828.30483480095
2011-06-14,195758.0130691335,204413.95743088925,204413.95743088925
2011-06-15,192043.76903419456,200535.47853675677,200535.47853675677
2011-06-16,191300.91099801013,199759.77312064098,199759.77312064098
2011-06-17,190701.7823172344,199134.15242329324,199134.15242329324
2011-06-20,191694.41317802566,200170.67501228536,200170.67501228536
2011-06-21,195807.0047212072,204465.11537494708,204465.11537494708
2011-06-22,194388.89251410178,202984.29768687065,202984.29768687065
2011-06-23,196196.99980650598,204872.35509665578,204872.35509665578
2011-06-24,192793.4874398687,201318.34767125556,201318.34767125556
2011-06-27,195877.90033326612,204539.14581895416,204539.14581895416
2011-06-28,198785.05112352467,207574.84376341183,207574.84376341183
2011-06-29,199600.45064516578,208426.29827346065,208426.29827346065
2011-06-30,202259.41295623776,211202.83344637262,211202.83344637262
2011-07-01,206308.131970559,215386.3726795616,215386.3726795616
2011-07-05,207341.22434793,216464.9245411848,216464.9245411848
2011-07-06,208018.18990371077,217171.67882224932,217171.67882224932
2011-07-07,210868.20917449717,220147.10837482332,220147.10837482332
2011-07-08,210298.14349276669,219551.95791611745,219551.95791611745
2011-07-11,206486.24175203402,215572.31988098426,215572.31988098426
2011-07-12,204918.71183198487,213935.81345575885,213935.81345575885
2011-07-13,205773.72534166745,214828.45039005493,214828.45039005493
2011-07-14,203386.77913720146,212336.47065154155,212336.47065154155
2011-07-15,206094.3013086719,215163.13276074876,215163.13276074876
2011-07-18,204989.9681100895,214010.2052459661,214010.2052459661
2011-07-19,209656.86790361148,218882.4640783476,218882.4640783476
2011-07-20,208766.24171176986,217952.64738599566,217952.64738599566
2011-07-21,210155.6927641306,219403.238883894,219403.238883894
2011-07-22,212328.83922049607,221672.01097769005,221672.01097769005
2011-07-25,211901.31700876146,221225.67637349424,221225.67637349424
2011-07-26,212435.72363765302,221783.59866300094,221783.59866300094
2011-07-27,206949.36118903433,216055.81810618815,216055.81810618815
2011-07-28,207305.62712266427,216427.7609201767,216427.7609201767
2011-07-29,206628.73885135003,215721.087324351,215721.087324351
2011-08-01,206666.5564713768,215716.5789317648,215716.5789317648
2011-08-02,201439.93661034762,210261.083010952,210261.083010952
2011-08-03,203373.05253667195,212278.8509625022,212278.8509625022
2011-08-04,193922.12550107963,202414.06353554345,202414.06353554345
2011-08-05,192705.0204303525,201143.6608804621,201143.6608804621
2011-08-08,181106.2161482263,189036.93968589907,189036.93968589907
2011-08-09,189841.1012641699,198154.3293920285,198154.3293920285
2011-08-10,182072.72751531116,190045.7750251335,190045.7750251335
2011-08-11,190091.7570959152,198415.96155659636,198415.96155659636
2011-08-12,191774.20165846843,200172.0811313985,200172.0811313985
2011-08-15,194602.38163337295,203124.10839312055,203124.10839312055
2011-08-16,192955.66073007206,201405.27683284972,201405.27683284972
2011-08-17,191810.03404190112,200209.4826311914,200209.4826311914
2011-08-18,182395.00151784453,190382.16155274652,190382.16155274652
2011-08-19,179101.4509870624,186944.38494694323,186944.38494694323
2011-08-22,179745.84367187152,187616.99588036694,187616.99588036694
2011-08-23,187156.17316286726,195351.82706857697,195351.82706857697
2011-08-24,188623.91853331393,196883.84567604598,196883.84567604598
2011-08-25,185545.26911097326,193670.3807959188,193670.3807959188
2011-08-26,190199.12999000712,198528.03635853328,198528.03635853328
2011-08-29,195497.36802182434,204058.28664239123,204058.28664239123
2011-08-30,196786.0757313138,205403.42744833752,205403.42744833752
2011-08-31,197108.30313776986,205739.76533940985,205739.76533940985
2011-09-01,196317.99938678858,204871.07650648104,204871.07650648104
2011-09-02,191712.3345515238,200064.75454020168,200064.75454020168
2011-09-06,191748.35033629197,200102.3394413301,200102.3394413301
2011-09-07,196605.86026903416,205171.47875698263,205171.47875698263
2011-09-08,195706.30867209978,204232.73597938343,204232.73597938343
2011-09-09,191352.50454583592,199689.2476541552,199689.2476541552
2011-09-12,193799.29862763814,202242.64234590167,202242.64234590167
2011-09-13,196390.01534480142,204946.23001705992,204946.23001705992
2011-09-14,199196.5613746739,207875.0501364629,207875.0501364629
2011-09-15,202147.09248600155,210954.12840198964,210954.12840198964
2011-09-16,204000.02421297855,212887.7876629058,212887.7876629058
2011-09-19,204072.08700556197,212962.99004851864,212962.99004851864
2011-09-20,203170.84936408707,212022.48776969625,212022.48776969625
2011-09-21,199638.13331752963,208335.86024847752,208335.86024847752
2011-09-22,193149.29723422325,201564.32204101072,201564.32204101072
2011-09-23,195204.08596035614,203708.6326983684,203708.6326983684
2011-09-26,197475.20356795102,206078.69713766658,206078.69713766658
2011-09-27,199529.9610710369,208222.97521166826,208222.97521166826
2011-09-28,196573.9503149526,205138.1785671662,205138.1785671662
2011-09-29,194230.78552629784,202692.9280339332,202692.9280339332
2011-09-30,189220.00165560417,197463.83702375143,197463.83702375143
2011-10-03,185353.19957528554,193385.01379154826,193385.01379154826
2011-10-04,189158.73857900963,197355.45624630904,197355.45624630904
2011-10-05,194015.56067554638,202422.73649976027,202422.73649976027
2011-10-06,197277.49385408597,205826.01733960773,205826.01733960773
2011-10-07,195972.68605107267,204464.66897573145,204464.66897573145
2011-10-10,202750.34395342396,211536.01961830954,211536.01961830954
2011-10-11,204127.6995034994,212973.05940320418,212973.05940320418
2011-10-12,205142.50467243226,214031.83859902868,214031.83859902868
2011-10-13,207027.22356652247,215998.22704099774,215998.22704099774
2011-10-14,210869.0992285003,220006.58071160823,220006.58071160823
2011-10-17,207607.08756905733,216603.21799008508,216603.21799008508
2011-10-18,210180.4293015529,219288.06900732848,219288.06900732848
2011-10-19,206121.03596783406,215052.77208434397,215052.77208434397
2011-10-20,205106.26219126253,213994.02564118977,213994.02564118977
2011-10-21,207679.61961993878,216678.89303476832,216678.89303476832
2011-10-24,211992.64753712298,221178.81515728458,221178.81515728458
2011-10-25,207824.55815225633,216830.11211345365,216830.11211345365
2011-10-26,207570.89217642962,216565.4541612516,216565.4541612516
2011-10-27,213297.43964395564,222540.14714482572,222540.14714482572
2011-10-28,213623.62197448313,222880.46376537587,222880.46376537587
2011-10-31,210035.49076923536,219136.84992864315,219136.84992864315
2011-11-01,205562.2936713284,214426.49861090892,214426.49861090892
2011-11-02,207310.51327109843,216250.10449157216,216250.10449157216
2011-11-03,211608.2625054384,220733.1801751929,220733.1801751929
2011-11-04,210515.62722719315,219593.4285564087,219593.4285564087
2011-11-07,212008.83077195374,221151.02164460585,221151.02164460585
2011-11-08,214449.13315634182,223696.55412768287,223696.55412768287
2011-11-09,206909.929231695,215832.24656911663,215832.24656911663
2011-11-10,206800.54425263198,215718.1447188103,215718.1447188103
2011-11-11,210697.70944756854,219783.36247997553,219783.36247997553
2011-11-14,209386.5565774071,218415.67040926006,218415.67040926006
2011-11-15,211717.47398273216,220847.1010420308,220847.1010420308
2011-11-16,208221.0505560802,217199.90573374694,217199.90573374694
2011-11-17,203340.57197040896,212108.9723919335,212108.9723919335
2011-11-18,201774.49768256673,210475.36624700745,210475.36624700745
2011-11-21,197913.78363205912,206448.17146724928,206448.17146724928
2011-11-22,198569.35218069577,207132.0092760857,207132.0092760857
2011-11-23,194089.4891802042,202458.96676281298,202458.96676281298
2011-11-25,192596.3014083317,200901.39012765844,200901.39012765844
2011-11-28,199297.77569952596,207891.84368860853,207891.84368860853
2011-11-29,198059.52511822234,206600.1975807071,206600.1975807071
2011-11-30,205380.1956780649,214236.54823429952,214236.54823429952
2011-12-01,207800.244342605,216717.84480878332,216717.84480878332
2011-12-02,207214.74555100454,216107.21975078486,216107.21975078486
2011-12-05,209483.80299235237,218473.65218685786,218473.65218685786
2011-12-06,208898.28835161566,217863.01059956866,217863.01059956866
2011-12-07,208898.28835161566,217863.01059956866,217863.01059956866
2011-12-08,205384.83597706142,214198.7809021468,214198.7809021468
2011-12-09,208678.66687050453,217633.96421797902,217633.96421797902
2011-12-12,206336.4339670588,215191.21604662426,215191.21604662426
2011-12-13,204067.40822398348,212824.8166691327,212824.8166691327
2011-12-14,200883.38014652784,209504.14827944993,209504.14827944993
2011-12-15,200334.42946313566,208931.63976586552,208931.63976586552
2011-12-16,201365.7803067775,210007.250301276,210007.250301276
2011-12-19,199383.7348739049,207940.14679095944,207940.14679095944
2011-12-20,205293.30721517812,214103.32424820436,214103.32424820436
2011-12-21,202356.89019346322,211040.8929675333,211040.8929675333
2011-12-22,204082.11622242985,212840.15585092639,212840.15585092639
2011-12-23,205843.96960528605,214677.61792518717,214677.61792518717
2011-12-27,206611.73346384027,215478.3298265342,215478.3298265342
2011-12-28,204223.77580229353,212987.89465143502,212987.89465143502
2011-12-29,205693.24431948343,214520.4243703833,214520.4243703833
2011-12-30,205105.49495053448,213907.4521531017,213907.4521531017
2012-01-03,210036.14536233962,219006.7965167999,219006.7965167999
2012-01-04,210922.03348712545,219930.52095454806,219930.52095454806
2012-01-05,212656.91166581452,221739.49584125687,221739.49584125687
2012-01-06,213395.25528187034,222509.3741391187,222509.3741391187
2012-01-09,212693.88936136453,221778.0528554842,221778.0528554842
2012-01-10,214244.2134859066,223394.59137790342,223394.59137790342
2012-01-11,214687.11773596582,223856.41208405764,223856.41208405764
2012-01-12,215536.139639736,224741.69574319417,224741.69574319417
2012-01-13,214761.00942733194,223933.45969216045,223933.45969216045
2012-01-17,216717.419355718,225973.4279573861,225973.4279573861
2012-01-18,219596.64732963953,228975.6278593234,228975.6278593234
2012-01-19,220962.4014751011,230399.71341236515,230399.71341236515
2012-01-20,220630.20736262322,230053.33127766152,230053.33127766152
2012-01-23,220704.0512791889,230130.32907050048,230130.32907050048
2012-01-24,220298.02917507882,229706.96574804588,229706.96574804588
2012-01-25,223066.51516155203,232593.69386835667,232593.69386835667
2012-01-26,222291.2575496801,231785.32497661933,231785.32497661933
2012-01-27,222955.67762450283,232478.12245620246,232478.12245620246
2012-01-30,223140.34315318422,232670.67505610766,232670.67505610766
2012-01-31,223435.59141997903,232978.53338675987,232978.53338675987
2012-02-01,226244.06138000725,235864.2559715445,235864.2559715445
2012-02-02,226948.49217994,236598.64009414255,236598.64009414255
2012-02-03,230062.96599163648,239845.5454222113,239845.5454222113
2012-02-06,229877.62482406182,239652.323304803,239652.323304803
2012-02-07,230359.5566474723,240154.74750221337,240154.74750221337
2012-02-08,231583.17305344093,241430.39368460586,241430.39368460586
2012-02-09,233251.65944755034,243169.82631123406,243169.82631123406
2012-02-10,231620.17090625878,241468.96473471075,241468.96473471075
2012-02-13,233770.65310623054,243710.8882618191,243710.8882618191
2012-02-14,234363.914395967,244329.37580066058,244329.37580066058
2012-02-15,232732.48983712736,242628.58092720705,242628.58092720705
2012-02-16,235921.21528426718,245952.89516776474,245952.89516776474
2012-02-17,235179.56269293494,245179.70653431755,245179.70653431755
2012-02-21,235846.97964443685,245875.50293104324,245875.50293104324
2012-02-22,234771.70655322503,244754.50781595416,244754.50781595416
2012-02-23,236328.9914459122,246378.01050729086,246378.01050729086
2012-02-24,237144.65573849308,247228.3579167153,247228.3579167153
2012-02-27,237478.4042032765,247576.29780449675,247576.29780449675
2012-02-28,239888.38323258836,250088.75230689766,250088.75230689766
2012-02-29,238813.1421326025,248967.79054334346,248967.79054334346
2012-03-01,241703.76361075524,251938.81648206257,251938.81648206257
2012-03-02,241517.63661605748,251744.8078573767,251744.8078573767
2012-03-05,239023.10442426143,249144.64359560044,249144.64359560044
2012-03-06,236677.62802386988,246699.84695870205,246699.84695870205
2012-03-07,238501.92313983326,248601.39265895847,248601.39265895847
2012-03-08,241070.8547309597,251279.106795566,251279.106795566
2012-03-09,242076.00153810432,252326.81698923334,252326.81698923334
2012-03-12,242187.79338165768,252443.34270789174,252443.34270789174
2012-03-13,246692.7798082079,257139.0947790122,257139.0947790122
2012-03-14,247549.03144441292,258031.6047698112,258031.6047698112
2012-03-15,248256.50034400373,258769.03175314862,258769.03175314862
2012-03-16,248081.21523068505,258586.3241141085,258586.3241141085
2012-03-19,249834.00211568584,260413.33353570584,260413.33353570584
2012-03-20,250281.55497901505,260879.83822316243,260879.83822316243
2012-03-21,250318.85105095914,260918.71361378382,260918.71361378382
2012-03-22,249796.75422988122,260374.50837168732,260374.50837168732
2012-03-23,249647.5699421048,260219.0068092018,260219.0068092018
2012-03-26,254011.04973909966,264767.260089894,264767.260089894
2012-03-27,254383.8337760293,265155.82983189734,265155.82983189734
2012-03-28,253377.04864014295,264106.4119337324,264106.4119337324
2012-03-29,252407.39895573579,263095.70200417936,263095.70200417936
2012-03-30,251922.37333795114,262590.13776189083,262590.13776189083
2012-04-02,255532.84665015063,266311.16542196355,266311.16542196355
2012-04-03,255457.88091375964,266233.0376474456,266233.0376474456
2012-04-04,251975.93289136438,262604.2218300712,262604.2218300712
2012-04-05,253548.42346597754,264243.0397082034,264243.0397082034
2012-04-09,251638.90151766938,262252.9745478172,262252.9745478172
2012-04-10,247595.42804069386,258038.94825678458,258038.94825678458
2012-04-11,248793.52531190286,259287.58100504873,259287.58100504873
2012-04-12,251638.90151766938,262252.9745478172,262252.9745478172
2012-04-13,247820.01887236815,258273.01227990468,258273.01227990468
2012-04-16,245049.38265115148,255385.5112376504,255385.5112376504
2012-04-17,250028.984512821,260575.151600927,260575.151600927
2012-04-18,249392.62232290188,259911.94779503875,259911.94779503875
2012-04-19,246584.3984201349,256985.27363116664,256985.27363116664
2012-04-20,245910.49692406,256282.94711951853,256282.94711951853
2012-04-23,243664.00810258285,253941.70189802232,253941.70189802232
2012-04-24,242353.63154066826,252576.05394348412,252576.05394348412
2012-04-25,248793.52531190286,259287.58100504873,259287.58100504873
2012-04-26,250253.63984502133,260809.28284519102,260809.28284519102
2012-04-27,251751.29368429555,262370.10739109316,262370.10739109316
2012-04-30,249954.08327695605,260497.091047553,260497.091047553
2012-05-01,251365.715976489,261926.09897315394,261926.09897315394
2012-05-02,252079.8842027872,262670.27085354814,262670.27085354814
2012-05-03,249410.9287637366,259889.18718918285,259889.18718918285
2012-05-04,243208.52998075774,253426.2130672328,253426.2130672328
2012-05-07,243434.14710953363,253661.3088286903,253661.3088286903
2012-05-08,242532.00238479854,252721.2631763183,252721.2631763183
2012-05-09,241780.12877008767,251937.80182775285,251937.80182775285
2012-05-10,241291.48053545484,251428.62449077875,251428.62449077875
2012-05-11,241253.88847367116,251389.45311031776,251389.45311031776
2012-05-14,238998.42952472286,249039.23776135038,249039.23776135038
2012-05-15,238209.06098533885,248216.7062503613,248216.7062503613
2012-05-16,236592.71565526872,246532.45497824933,246532.45497824933
2012-05-17,231593.19809129456,241322.89755235915,241322.89755235915
2012-05-18,228585.9950437828,238189.35581220948,238189.35581220948
2012-05-21,234976.3217566433,244848.15309711866,244848.15309711866
2012-05-22,234713.1773241574,244573.95343389176,244573.95343389176
2012-05-23,235164.26587604338,245043.99312975066,245043.99312975066
2012-05-24,233623.08848002224,243438.06774888776,243438.06774888776
2012-05-25,233322.3843647895,243124.73044454568,243124.73044454568
2012-05-29,236291.97916099912,246219.08393456147,246219.08393456147
2012-05-30,234299.71321309198,244143.11885783964,244143.11885783964
2012-05-31,233284.84087156106,243085.60967310338,243085.60967310338
2012-06-01,228082.10979951837,237622.30190178056,237622.30190178056
2012-06-04,229818.85980310067,239431.69648359105,239431.69648359105
2012-06-05,230762.74991655818,240415.0675235172,240415.0675235172
2012-06-06,236048.58008213397,245921.99278174998,245921.99278174998
2012-06-07,235104.67370788584,244938.60480087873,244938.60480087873
2012-06-08,237370.01323234197,247298.69868489055,247298.69868489055
2012-06-11,233367.89118272226,243129.17633717804,243129.17633717804
2012-06-12,236199.54526230416,246079.27251601144,246079.27251601144
2012-06-13,234576.0191438495,244387.83773489704,244387.83773489704
2012-06-14,235444.45918880316,245292.60278958266,245292.60278958266
2012-06-15,238369.61281448358,248340.109402712,248340.109402712
2012-06-18,240602.33319294432,250666.21975086335,250666.21975086335
2012-06-19,243100.0068938623,253268.3658583917,253268.3658583917
2012-06-20,243289.23371437506,253465.50763646155,253465.50763646155
2012-06-21,237234.38197773194,247157.39426185362,247157.39426185362
2012-06-22,239731.99063548743,249759.47260560162,249759.47260560162
2012-06-25,235115.14565704888,244949.51476951988,244949.51476951988
2012-06-26,236591.04005741162,246487.1427101173,246487.1427101173
2012-06-27,238029.0305548256,247985.2813076984,247985.2813076984
2012-06-28,235380.1315010874,245225.58441078707,245225.58441078707
2012-06-29,242797.24723319997,252952.94240166896,252952.94240166896
2012-07-02,244515.91818069405,254701.6863790149,254701.6863790149
2012-07-03,246567.86614384953,256839.11207492178,256839.11207492178
2012-07-05,246719.81028301216,256997.385731574,256997.385731574
2012-07-06,243641.9373209157,253791.2982108138,253791.2982108138
2012-07-09,243185.99061060871,253316.35818695684,253316.35818695684
2012-07-10,240792.1111879278,250822.75723663231,250822.75723663231
2012-07-11,239462.2489280248,249437.49707537444,249437.49707537444
2012-07-12,237220.3952822344,247102.25482020236,247102.25482020236
2012-07-13,240830.1380415824,250862.36817004546,250862.36817004546
2012-07-16,240146.17715725803,250149.9156150099,250149.9156150099
2012-07-17,241400.10000267086,251456.07296334175,251456.07296334175
2012-07-18,244668.0092677669,254860.11310496755,254860.11310496755
2012-07-19,247365.7606412275,257670.24436089644,257670.24436089644
2012-07-20,244097.9983240417,254266.3572885711,254266.3572885711
2012-07-23,241134.12428518114,251179.01752955018,251179.01752955018
2012-07-24,239234.2184264618,249199.9675364958,249199.9675364958
2012-07-25,237638.31513888674,247537.58391064615,247537.58391064615
2012-07-26,240792.1111879278,250822.75723663231,250822.75723663231
2012-07-27,246491.77978144915,256759.85619269536,256759.85619269536
2012-07-30,246301.8251161775,256561.98861033,256561.98861033
2012-07-31,246225.85304659617,256482.8517820039,256482.8517820039
2012-08-01,246503.61438122694,256730.53940662832,256730.53940662832
2012-08-02,245626.0582483386,255816.5752851628,255816.5752851628
2012-08-03,250280.73375190335,260664.3636463707,260664.3636463707
2012-08-06,252188.29412019879,262651.0647482288,262651.0647482288
2012-08-07,254286.73020175652,264836.56060183316,264836.56060183316
2012-08-08,254172.2670711203,264717.3486326936,264717.3486326936
2012-08-09,254935.31089127675,265512.04956246045,265512.04956246045
2012-08-10,255087.85735798685,265670.92486650567,265670.92486650567
2012-08-13,255698.3383174013,266306.73341804097,266306.73341804097
2012-08-14,255812.8014480375,266425.94538718055,266425.94538718055
2012-08-15,256461.43131965338,267101.4855703669,267101.4855703669
2012-08-16,259513.60660027913,270280.28928943444,270280.28928943444
2012-08-17,260658.20511857758,271472.37483245746,271472.37483245746
2012-08-20,261039.67784656014,271869.6740747818,271869.6740747818
2012-08-21,260009.60803502548,270796.8687976438,270796.8687976438
2012-08-22,261077.87594085722,271909.45692899195,271909.45692899195
2012-08-23,258941.30734112993,269684.2465179229,269684.2465179229
2012-08-24,260543.74198794135,271353.1628633179,271353.1628633179
2012-08-27,260963.46199231668,271790.2961824115,271790.2961824115
2012-08-28,260963.46199231668,271790.2961824115,271790.2961824115
2012-08-29,260963.46199231668,271790.2961824115,271790.2961824115
2012-08-30,258330.82638171548,269048.4379663876,269048.4379663876
2012-08-31,260047.69137109935,270836.53213254944,270836.53213254944
2012-09-04,260780.26710550286,271558.0254300332,271558.0254300332
2012-09-05,260512.2793603244,271278.9620494797,271278.9620494797
2012-09-06,266295.4759663889,277301.1717375355,277301.1717375355
2012-09-07,265912.4858653208,276902.3530816622,276902.3530816622
2012-09-10,262503.87067439087,273352.863616935,273352.863616935
2012-09-11,262082.56839751985,272914.1493856546,272914.1493856546
2012-09-12,262848.5979710166,273711.83810922515,273711.83810922515
2012-09-13,266410.3302081968,277420.7727773834,277420.7727773834
2012-09-14,268784.96099469194,279893.5444125359,279893.5444125359
2012-09-17,268899.7987793797,280013.1283151091,280013.1283151091
2012-09-18,269129.63891995704,280252.4674930021,280252.4674930021
2012-09-19,269627.46680571284,280770.87005144864,280770.87005144864
2012-09-20,269359.3803178133,280491.7038472472,280491.7038472472
2012-09-21,269436.1198692605,280571.6149589839,280571.6149589839
2012-09-24,267861.45323809446,278931.8691077496,278931.8691077496
2012-09-25,264097.4300795354,275012.2830594782,275012.2830594782
2012-09-26,261946.4515564261,272772.4069869468,272772.4069869468
2012-09-27,265556.88041224936,276532.0508508221,276532.0508508221
2012-09-28,263367.7049131784,274252.3991638063,274252.3991638063
2012-10-01,263983.2958179104,274852.1152632291,274852.1152632291
2012-10-02,264754.36839818716,275654.93473350623,275654.93473350623
2012-10-03,266450.72477086005,277421.134128149,277421.134128149
2012-10-04,267376.0911616558,278384.6000516867,278384.6000516867
2012-10-05,265949.53420155216,276899.30835240264,276899.30835240264
2012-10-08,263520.6291421925,274370.3995012947,274370.3995012947
2012-10-09,259318.17124586063,269994.9164294105,269994.9164294105
2012-10-10,258007.41724204586,268630.1955692439,268630.1955692439
2012-10-11,257197.6720910598,267787.1112866453,267787.1112866453
2012-10-12,257082.06737093002,267666.74684554065,267666.74684554065
2012-10-15,258971.2579673918,269633.7199070903,269633.7199070903
2012-10-16,262633.8692433863,273447.129590741,273447.129590741
2012-10-17,262479.70759030676,273286.62073615566,273286.62073615566
2012-10-18,259433.84204471012,270115.34966985276,270115.34966985276
2012-10-19,253226.57231210681,263652.51189547987,263652.51189547987
2012-10-22,254537.40891432125,265017.3187548185,265017.3187548185
2012-10-23,252108.50385496157,262488.40990371053,262488.40990371053
2012-10-24,251221.77699551528,261565.17439282563,261565.17439282563
2012-10-25,251221.77699551528,261565.17439282563,261565.17439282563
2012-10-26,251954.2265641225,262327.78065028443,262327.78065028443
2012-10-31,250412.06488388908,260722.1245098958,260722.1245098958
2012-11-01,254958.738490367,265414.8354427461,265414.8354427461
2012-11-02,252249.3609168595,262594.34375423734,262594.34375423734
2012-11-05,253913.78572924176,264327.0281889854,264327.0281889854
2012-11-06,254378.24050530334,264810.53069095453,264810.53069095453
2012-11-07,248378.6722637533,258564.91452973912,258564.91452973912
2012-11-08,244469.3744080522,254495.2927030419,254495.2927030419
2012-11-09,245514.50960097666,255583.28987030097,255583.28987030097
2012-11-12,245475.75113600053,255542.94188433053,255542.94188433053
2012-11-13,243772.7005363143,253770.04758251994,253770.04758251994
2012-11-14,240908.4217805745,250788.30206903737,250788.30206903737
2012-11-15,240095.57202216244,249942.11657978504,249942.11657978504
2012-11-16,241140.62429154178,251030.02742272668,251030.02742272668
2012-11-19,246869.13204889433,256993.4666551014,256993.4666551014
2012-11-20,246946.6158094285,257074.12809731526,257074.12809731526
2012-11-21,247449.77929633914,257597.92679066435,257597.92679066435
2012-11-23,251204.2920627711,261506.4156464322,261506.4156464322
2012-11-26,252288.13596654462,262634.70900507126,262634.70900507126
2012-11-27,251436.49457373837,261748.14100012154,261748.14100012154
2012-11-28,253604.1160424493,264004.6586579457,264004.6586579457
2012-11-29,255113.62308789027,265576.0720028564,265576.0720028564
2012-11-30,254687.81068384164,265132.79663281335,265132.79663281335
2012-12-03,255184.39704103104,265608.7498240277,265608.7498240277
2012-12-04,255028.8866375212,265446.8867777763,265446.8867777763
2012-12-05,252192.27031791015,262494.3939015713,262494.3939015713
2012-12-06,253824.3303578291,264193.1240428617,264193.1240428617
2012-12-07,252308.85317073413,262615.739195988,262615.739195988
2012-12-10,253047.11133900256,263384.1554134169,263384.1554134169
2012-12-11,256350.24221920702,266822.22009828547,266822.22009828547
2012-12-12,255806.12230628388,266255.8727373117,266255.8727373117
2012-12-13,253785.4694068878,264152.67561138945,264152.67561138945
2012-12-14,251376.2569478868,261645.04616101662,261645.04616101662
2012-12-17,254718.06562973512,265123.3686463608,265123.3686463608
2012-12-18,258604.0108744427,269168.05582276935,269168.05582276935
2012-12-19,257477.10989688872,267995.1206304368,267995.1206304368
2012-12-20,257477.10989688872,267995.1206304368,267995.1206304368
2012-12-21,254769.0810340557,265176.4680439747,265176.4680439747
2012-12-24,254261.141432356,264647.7789698858,264647.7789698858
2012-12-26,252033.86282551265,262329.5154195546,262329.5154195546
2012-12-27,251643.17207408237,261922.86484350657,261922.86484350657
2012-12-28,249220.42321700286,259401.1460294718,259401.1460294718
2012-12-31,254495.55588321417,264891.7693155146,264891.7693155146
2013-01-02,263583.8115979721,274310.4447515226,274310.4447515226
2013-01-03,262211.0459251028,272881.8139111781,272881.8139111781
2013-01-04,261348.05338202041,271983.70159208303,271983.70159208303
2013-01-07,261426.55587015554,272065.3987657596,272065.3987657596
2013-01-08,260916.6657470926,271534.7584901529,271534.7584901529
2013-01-09,261897.2031058135,272555.1991512678,272555.1991512678
2013-01-10,263466.2333556833,274188.0816225435,274188.0816225435
2013-01-11,263819.1686424514,274555.3797312359,274555.3797312359
2013-01-14,262642.3332800798,273330.6526522306,273330.6526522306
2013-01-15,261348.05338202041,271983.70159208303,271983.70159208303
2013-01-16,262407.14336885186,273085.8916073133,273085.8916073133
2013-01-17,263662.3140861073,274392.14192519913,274392.14192519913
2013-01-18,263074.00504153484,273779.8914433139,273779.8914433139
2013-01-22,263505.3592498124,274228.7997582848,274228.7997582848
2013-01-23,265113.54882046155,275902.43515226105,275902.43515226105
2013-01-24,261465.79875756055,272106.2386558581,272106.2386558581
2013-01-25,262799.4051096506,273494.11657350213,273494.11657350213
2013-01-28,263387.73086754815,274106.384448867,274106.384448867
2013-01-29,263426.957041628,274147.20694548584,274147.20694548584
2013-01-30,262877.80731783493,273575.7093863011,273575.7093863011
2013-01-31,262289.4481332871,272963.406723977,272963.406723977
2013-02-01,266387.882268969,277187.944899005,277187.944899005
2013-02-04,261741.95907306045,272353.6638053468,272353.6638053468
2013-02-05,265600.4203145223,276368.55717393255,276368.55717393255
2013-02-06,264734.2440395689,275467.2638435843,275467.2638435843
2013-02-07,264970.4876587878,275713.08539803734,275713.08539803734
2013-02-08,267687.0040829925,278539.73651480774,278539.73651480774
2013-02-11,267765.8861663306,278621.8166844596,278621.8166844596
2013-02-12,266663.4327195919,277474.6668867831,277474.6668867831
2013-02-13,267608.3233150521,278457.8658224071,278457.8658224071
2013-02-14,267529.5418894128,278375.89039138093,278375.89039138093
2013-02-15,266742.1805926649,277556.6074049341,277556.6074049341
2013-02-19,268671.31894383853,279563.9580788201,279563.9580788201
2013-02-20,264537.32402803696,275262.3601788939,275262.3601788939
2013-02-21,261702.53480767453,272312.6411769585,272312.6411769585
2013-02-22,264340.5382267702,275057.5961657045,275057.5961657045
2013-02-25,261072.68603335577,271657.25668325135,271657.25668325135
2013-02-26,262056.96734163555,272681.4433343885,272681.4433343885
2013-02-27,264734.2440395689,275467.2638435843,275467.2638435843
2013-02-28,264182.9250466422,274893.5929343392,274893.5929343392
2013-03-01,266285.1624647697,277040.5301041768,277040.5301041768
2013-03-04,267470.78133729845,278274.0366124125,278274.0366124125
2013-03-05,271422.6253321916,282385.49721765384,282385.49721765384
2013-03-06,270751.049121654,281686.7957667335,281686.7957667335
2013-03-07,271462.2150032373,282426.68593185645,282426.68593185645
2013-03-08,271778.41034701664,282755.6525361024,282755.6525361024
2013-03-11,272568.77241019416,283577.93764928775,283577.93764928775
2013-03-12,271580.71458432986,282549.9717599482,282549.9717599482
2013-03-13,271225.1821620466,282180.07923635846,282180.07923635846
2013-03-14,272134.1280038306,283125.7377759219,283125.7377759219
2013-03-15,271377.59650174656,282338.64965415845,282338.64965415845
2013-03-18,270783.24625097745,281720.2933514019,281720.2933514019
2013-03-19,270268.3784533498,281184.62983088114,281184.62983088114
2013-03-20,272169.72671271645,283162.7743313554,283162.7743313554
2013-03-21,269079.9979023644,279948.2500988559,279948.2500988559
2013-03-22,271694.39806762617,282668.2469660655,282668.2469660655
2013-03-25,270704.13426689716,281637.9860016257,281637.9860016257
2013-03-26,272169.72671271645,283162.7743313554,283162.7743313554
2013-03-27,272526.35370268073,283533.80563266657,283533.80563266657
2013-03-28,273199.73174001626,284234.381686913,284234.381686913
2013-04-01,272337.52168614324,283296.96831369906,283296.96831369906
2013-04-02,274484.49116910895,285530.3364585674,285530.3364585674
2013-04-03,271979.7497774663,282924.79889521986,282924.79889521986
2013-04-04,272059.3053506967,283007.55595553643,283007.55595553643
2013-04-05,269793.14617101947,280650.2016646404,280650.2016646404
2013-04-08,271224.35211654374,282139.00241045473,282139.00241045473
2013-04-09,273053.133109678,284041.37747745606,284041.37747745606
2013-04-10,278380.5677611621,289583.1995382228,289583.1995382228
2013-04-11,278261.4287690862,289459.26613729406,289459.26613729406
2013-04-12,278062.7004006893,289252.5405126494,289252.5405126494
2013-04-15,272576.0700950183,283545.11642275116,283545.11642275116
2013-04-16,276194.0824655317,287308.725379541,287308.725379541
2013-04-17,270787.21055163344,281684.2693303553,281684.2693303553
2013-04-18,267049.9239766825,277796.5863190394,277796.5863190394
2013-04-19,270707.4690614058,281601.3188713424,281601.3188713424
2013-04-22,273490.5450993114,284496.3918647501,284496.3918647501
2013-04-23,276114.4930892108,287225.93315582507,287225.93315582507
2013-04-24,275995.2188847733,287101.859101299,287101.859101299
2013-04-25,277466.29557541135,288632.1350766198,288632.1350766198
2013-04-26,276591.6913162321,287722.3348641273,287722.3348641273
2013-04-29,279136.0499298107,290369.08393148624,290369.08393148624
2013-04-30,281163.6945037033,292478.32527672953,292478.32527672953
2013-05-01,280851.3952464088,292113.22834861564,292113.22834861564
2013-05-02,284402.5092562885,295806.73813784006,295806.73813784006
2013-05-03,287754.015371231,299292.6359743348,299292.6359743348
2013-05-06,288871.2293080031,300454.64896536956,300454.64896536956
2013-05-07,288711.617624509,300288.63702832104,300288.63702832104
2013-05-08,290108.12656451325,301741.1444460764,301741.1444460764
2013-05-09,289709.14824154304,301326.16752968373,301326.16752968373
2013-05-10,291464.60536923097,303152.0165639981,303152.0165639981
2013-05-13,291823.7910238189,303525.605169624,303525.605169624
2013-05-14,293339.8815120308,305102.48922459426,305102.48922459426
2013-05-15,293938.46772993816,305725.07809371664,305725.07809371664
2013-05-16,293619.1765152629,305392.9836513148,305392.9836513148
2013-05-17,296452.0549113407,308339.4573658972,308339.4573658972
2013-05-20,296013.2160723013,307883.0215704329,307883.0215704329
2013-05-21,296332.2019723854,308214.7984554631,308214.7984554631
2013-05-22,293738.9276826879,305517.53670929174,305517.53670929174
2013-05-23,293060.58650879865,304811.99479787366,304811.99479787366
2013-05-24,292901.00874914794,304646.0181449775,304646.0181449775
2013-05-28,294816.21325570386,306638.0202529501,306638.0202529501
2013-05-29,293419.7043156996,305185.5128351947,305185.5128351947
2013-05-30,294975.68924382416,306803.89105338894,306803.89105338894
2013-05-31,292262.52809132787,303981.93511263106,303981.93511263106
2013-06-03,293781.0255193829,305521.2357452785,305521.2357452785
2013-06-04,292259.6902698863,303939.1042084056,303939.1042084056
2013-06-05,288456.1989676016,299983.6160662901,299983.6160662901
2013-06-06,289857.5783980835,301440.9980554499,301440.9980554499
2013-06-07,293821.0561786228,305562.8661278297,305562.8661278297
2013-06-10,293941.14815634245,305687.7572754834,305687.7572754834
2013-06-11,291018.4334763639,302648.2437494507,302648.2437494507
2013-06-12,287655.6538621563,299151.07921523566,299151.07921523566
2013-06-13,291298.92040845286,302939.9396271907,302939.9396271907
2013-06-14,289377.17644752865,300941.3980648499,300941.3980648499
2013-06-17,292179.59491173027,303855.8080433179,303855.8080433179
2013-06-18,294581.7748628855,306353.9849962439,306353.9849962439
2013-06-19,291298.92040845286,302939.9396271907,302939.9396271907
2013-06-20,284372.7143085331,295736.9453462195,295736.9453462195
2013-06-21,282862.5951323524,294166.4781044577,294166.4781044577
2013-06-24,280051.2412531419,291242.7756298845,291242.7756298845
2013-06-25,282099.4766509159,293372.86353708955,293372.86353708955
2013-06-26,284629.74790370354,296004.2506341825,296004.2506341825
2013-06-27,285834.76946188504,297257.42780893174,297257.42780893174
2013-06-28,286236.3014826279,297675.00603391,297675.00603391
2013-07-01,289003.0352050853,300512.3547536597,300512.3547536597
2013-07-02,289123.9197751131,300638.05345701985,300638.05345701985
2013-07-03,290292.66417976754,301853.34219230467,301853.34219230467
2013-07-05,292509.2684190485,304158.2209595141,304158.2209595141
2013-07-08,292791.37795955705,304451.56529154343,304451.56529154343
2013-07-09,294564.68184568145,306295.48961619596,306295.48961619596
2013-07-10,296257.4757200637,308055.6976809389,308055.6976809389
2013-07-11,302141.43567029043,314173.9817282469,314173.9817282469
2013-07-12,303471.4392032583,315556.9516103425,315556.9516103425
2013-07-15,304156.44038080506,316269.2324233365,316269.2324233365
2013-07-16,303753.275481105,315850.01179723855,315850.01179723855
2013-07-17,304519.2648800521,316646.50612412544,316646.50612412544
2013-07-18,303753.275481105,315850.01179723855,315850.01179723855
2013-07-19,300609.79845072347,312581.3482558898,312581.3482558898
2013-07-22,301496.39915703656,313503.2571410035,313503.2571410035
2013-07-23,299279.9315490865,311198.5204463608,311198.5204463608
2013-07-24,300247.17889847275,312204.2876639508,312204.2876639508
2013-07-25,302141.43567029043,314173.9817282469,314173.9817282469
2013-07-26,303753.275481105,315850.01179723855,315850.01179723855
2013-07-29,303189.2271892516,315263.5007238881,315263.5007238881
2013-07-30,304801.37442056066,316939.8504561548,316939.8504561548
2013-07-31,305365.45687024685,317526.3970476469,317526.3970476469
2013-08-01,309468.3960636467,321752.92030808475,321752.92030808475
2013-08-02,311206.9758201916,323560.51397830166,323560.51397830166
2013-08-05,311409.160165278,323770.7241461236,323770.7241461236
2013-08-06,309549.30407021433,321837.04000405554,321837.04000405554
2013-08-07,308983.25644103845,321248.522791838,321248.522791838
2013-08-08,310519.72038956307,322845.97755191696,322845.97755191696
2013-08-09,309266.3145241595,321542.8170267888,321542.8170267888
2013-08-12,309994.0068238053,322299.39548673783,322299.39548673783
2013-08-13,311732.518043284,324106.9178992708,324106.9178992708
2013-08-14,310560.0887215142,322887.94832779735,322887.94832779735
2013-08-15,305303.94685139536,317423.16091242415,317423.16091242415
2013-08-16,305182.67051287653,317297.070440573,317297.070440573
2013-08-19,304656.9569471188,316750.48837539385,316750.48837539385
2013-08-20,305991.27081909,318137.7685964929,318137.7685964929
2013-08-21,304939.94649317366,317044.7113526606,317044.7113526606
2013-08-22,307931.9321151221,320155.46554800577,320155.46554800577
2013-08-23,309994.0068238053,322299.39548673783,322299.39548673783
2013-08-26,310155.7885684075,322467.59924983745,322467.59924983745
2013-08-27,303807.9540404211,315867.7838147516,315867.7838147516
2013-08-28,304980.41763072397,317086.789015067,317086.789015067
2013-08-29,307123.2975403756,319314.7317632439,319314.7317632439
2013-08-30,305142.1651067931,317254.9571493246,317254.9571493246
2013-09-03,307880.4792218441,320062.2865383565,320062.2865383565
2013-09-04,311166.15738529665,323477.9680667266,323477.9680667266
2013-09-05,311693.4460039164,324026.1197435319,324026.1197435319
2013-09-06,312058.563375615,324405.68359615456,324405.68359615456
2013-09-09,315709.2557702657,328200.8217557199,328200.8217557199
2013-09-10,317250.6905499369,329803.2459866365,329803.2459866365
2013-09-11,316642.2303574395,329170.71104655036,329170.71104655036
2013-09-12,316439.45613349613,328959.9137204893,328959.9137204893
2013-09-13,316642.2303574395,329170.71104655036,329170.71104655036
2013-09-16,315790.3929639765,328285.1692785249,328285.1692785249
2013-09-17,317899.7537194565,330477.9904286009,330477.9904286009
2013-09-18,321712.7548816956,334441.8593742521,334441.8593742521
2013-09-19,322483.4550814478,335243.0536194725,335243.0536194725
2013-09-20,321376.8262716328,334092.6391855538,334092.6391855538
2013-09-23,320725.7690524372,333415.82179599506,333415.82179599506
2013-09-24,320725.7690524372,333415.82179599506,333415.82179599506
2013-09-25,319627.32272232696,332273.9135953084,332273.9135953084
2013-09-26,322109.1925853733,334853.98280029645,334853.98280029645
2013-09-27,321702.4064514808,334431.10149104684,334431.10149104684
2013-09-30,320929.2308797171,333627.3339315714,333627.3339315714
2013-10-01,325183.8388838328,338010.72782410483,338010.72782410483
2013-10-02,325061.3439498301,337883.4010727536,337883.4010727536
2013-10-03,321265.96670837,333938.3150310968,333938.3150310968
2013-10-04,324041.03563975025,336822.8466624273,336822.8466624273
2013-10-07,321347.4920529597,334023.0561460164,334023.0561460164
2013-10-08,315144.1858202637,327575.0602621299,327575.0602621299
2013-10-09,314164.8126134105,326557.05564174,326557.05564174
2013-10-10,320817.06002033147,333471.70120160934,333471.70120160934
2013-10-11,323347.3115146382,336101.75856271386,336101.75856271386
2013-10-14,325632.711085685,338477.305807097,338477.305807097
2013-10-15,324367.58533853164,337162.2771265448,337162.2771265448
2013-10-16,328040.5711045482,340980.1439563362,340980.1439563362
2013-10-17,329917.79217366484,342931.4120821964,342931.4120821964
2013-10-18,335264.25461969676,348488.7659435396,348488.7659435396
2013-10-21,335998.87936184916,349252.36798669415,349252.36798669415
2013-10-22,336488.5487221826,349761.35237364145,349761.35237364145
2013-10-23,334447.9665882092,347640.2793994842,347640.2793994842
2013-10-24,335917.2505587004,349167.5193322886,349167.5193322886
2013-10-25,338325.0416051908,351670.2857885371,351670.2857885371
2013-10-28,338406.56694978045,351755.0269034567,351755.0269034567
2013-10-29,338978.0030580081,352349.0033307908,352349.0033307908
2013-10-30,338651.6257901586,352009.7520991499,352009.7520991499
2013-10-31,337876.13491715223,351203.67195904965,351203.67195904965
2013-11-01,338957.49829646037,352288.2565499235,352288.2565499235
2013-11-04,339448.68530547427,352798.76130616915,352798.76130616915
2013-11-05,339817.18797388027,353181.75670600304,353181.75670600304
2013-11-06,339735.1447666849,353096.48684600624,353096.48684600624
2013-11-07,333349.7482377034,346459.96096332057,346459.96096332057
2013-11-08,337852.1978204343,351139.4860414674,351139.4860414674
2013-11-11,337320.30050161056,350586.66989179165,350586.66989179165
2013-11-12,337852.1978204343,351139.4860414674,351139.4860414674
2013-11-13,341945.39983675064,355393.6683778426,355393.6683778426
2013-11-14,343009.8516501724,356499.9836988383,356499.9836988383
2013-11-15,343664.5716623985,357180.45299895614,357180.45299895614
2013-11-18,340308.23663009953,353692.1176682183,353692.1176682183
2013-11-19,339325.82802387315,352671.0722072195,352671.0722072195
2013-11-20,338507.09077365365,351820.1350841232,351820.1350841232
2013-11-21,341945.39983675064,355393.6683778426,355393.6683778426
2013-11-22,343787.32517940365,357308.03425238305,357308.03425238305
2013-11-25,344606.13160602044,358159.0432724945,358159.0432724945
2013-11-26,346407.03534507577,360030.77421703655,360030.77421703655
2013-11-27,348821.98337474605,362540.6990167739,362540.6990167739
2013-11-29,350909.5195160053,364710.33524369093,364710.33524369093
2013-12-02,350886.0315135448,364646.60658221977,364646.60658221977
2013-12-03,350598.71888935484,364348.02651909454,364348.02651909454
2013-12-04,350927.06626356486,364689.25057771377,364689.25057771377
2013-12-05,350475.44120417186,364219.914295945,364219.914295945
2013-12-06,353020.5322550816,366864.81529457937,366864.81529457937
2013-12-09,354457.1994371047,368357.823752206,368357.823752206
2013-12-10,354211.06031103304,368102.03187390865,368102.03187390865
2013-12-11,349654.6421426959,363366.92624406377,363366.92624406377
2013-12-12,348751.46139795886,362428.32577519317,362428.32577519317
2013-12-13,348300.04446071305,361959.20577742526,361959.20577742526
2013-12-16,350229.2673910757,363964.08637031424,363964.08637031424
2013-12-17,349531.36445751286,363238.8140209143,363238.8140209143
2013-12-18,353595.1575034614,367461.97542082984,367461.97542082984
2013-12-19,352610.0806938068,366438.2671976385,366438.2671976385
2013-12-20,356200.7427251531,370169.7429690344,370169.7429690344
2013-12-23,359948.2941684529,374064.26082971145,374064.26082971145
2013-12-24,360112.84941282775,374235.26937968924,374235.26937968924
2013-12-26,361307.12366742856,375476.3790710332,375476.3790710332
2013-12-27,360401.13327370456,374534.8587681516,374534.8587681516
2013-12-30,359865.8777981674,373978.61236538866,373978.61236538866
2013-12-31,362213.079374128,376417.8633265813,376417.8633265813
2014-01-02,360371.4265366724,374464.7821427597,374464.7821427597
2014-01-03,357770.0368763593,371761.65769757447,371761.65769757447
2014-01-06,356448.47193607566,370388.40917949175,370388.40917949175
2014-01-07,359751.9668845823,373821.09674878867,373821.09674878867
2014-01-08,360536.54389129486,374636.35688391194,374636.35688391194
2014-01-09,359339.051755717,373392.0333925177,373392.0333925177
2014-01-10,360495.25585676,374593.45416266745,374593.45416266745
2014-01-13,355168.33416439436,369058.2079579569,369058.2079579569
2014-01-14,361940.58055009757,376095.3024130062,376095.3024130062
2014-01-15,364913.6668717748,379184.65978086955,379184.65978086955
2014-01-16,364955.02447334345,379227.6347897657,379227.6347897657
2014-01-17,362890.27491143264,377082.1372892817,377082.1372892817
2014-01-21,365657.02541098633,379957.0894823999,379957.0894823999
2014-01-22,366606.6502052877,380943.8520710238,380943.8520710238
2014-01-23,365368.1135197931,379656.87886516575,379656.87886516575
2014-01-24,358182.77808764024,372190.5403347163,372190.5403347163
2014-01-27,354714.0962174774,368586.2057366156,368586.2057366156
2014-01-28,354507.69082832005,368371.7282742188,368371.7282742188
2014-01-29,350708.6698983616,364424.135762336,364424.135762336
2014-01-30,357191.6217741859,371160.6220180672,371160.6220180672
2014-01-31,356241.89262933395,370173.7509979659,370173.7509979659
2014-02-03,349065.5879429361,362677.70025440183,362677.70025440183
2014-02-04,351633.07746751205,365345.31123744923,365345.31123744923
2014-02-05,350722.13182140497,364398.84248372924,364398.84248372924
2014-02-06,355194.4654124328,369045.57856310945,369045.57856310945
2014-02-07,361530.6550506825,375628.85335658985,375628.85335658985
2014-02-10,363601.3348987685,377780.28114324907,377780.28114324907
2014-02-11,367742.5550612581,382082.99174164934,382082.99174164934
2014-02-12,368446.5722562391,382814.4626916216,382814.4626916216
2014-02-13,371179.75802876666,385654.2313900772,385654.2313900772
2014-02-14,371925.14696060464,386428.6874033073,386428.6874033073
2014-02-18,373747.31732018385,388321.9148605837,388321.9148605837
2014-02-19,371179.75802876666,385654.2313900772,385654.2313900772
2014-02-20,372919.1151477907,387461.41623337916,387461.41623337916
2014-02-21,372422.13105419767,386945.0518183432,386945.0518183432
2014-02-24,374409.99766172847,389010.4369910279,389010.4369910279
2014-02-25,373995.8616921113,388580.1514336961,388580.1514336961
2014-02-26,373664.57384646987,388235.94473406835,388235.94473406835
2014-02-27,376088.93669623625,390754.8476947326,390754.8476947326
2014-02-28,375673.1263224292,390322.8224383819,390322.8224383819
2014-03-03,373886.5480736889,388427.5908735095,388427.5908735095
2014-03-04,378640.0194466051,393365.93231205776,393365.93231205776
2014-03-05,379682.19241576263,394448.6370463387,394448.6370463387
2014-03-06,379348.7572259728,394102.2340314407,394102.2340314407
2014-03-07,377472.3492089103,392152.84952076914,392152.84952076914
2014-03-10,377806.0642142376,392499.54323367606,392499.54323367606
2014-03-11,376179.7763106953,390810.0064057419,390810.0064057419
2014-03-12,377597.6016388524,392282.973217019,392282.973217019
2014-03-13,372260.5050087418,386738.3084063332,386738.3084063332
2014-03-14,369717.0167504466,384095.899842359,384095.899842359
2014-03-17,372969.24278810946,387474.61012571614,387474.61012571614
2014-03-18,377472.3492089103,392152.84952076914,392152.84952076914
2014-03-19,375429.3809931928,390030.42702027864,390030.42702027864
2014-03-20,376471.72884706117,391113.31344081514,391113.31344081514
2014-03-21,371941.4803191296,386406.8763388954,386406.8763388954
2014-03-24,368681.94410055137,383020.5715700548,383020.5715700548
2014-03-25,369893.6852853914,384279.43929775077,384279.43929775077
2014-03-26,365129.6508759372,379330.1240093652,379330.1240093652
2014-03-27,363081.85584219894,377202.6869682206,377202.6869682206
2014-03-28,363792.3424686755,377940.80555015936,377940.80555015936
2014-03-31,366383.32941444946,380632.5601011504,380632.5601011504
2014-04-01,373818.9267730779,388318.45974564855,388318.45974564855
2014-04-02,374782.6354032306,389319.5483051148,389319.5483051148
2014-04-03,371807.4098986998,386228.9209918094,386228.9209918094
2014-04-04,361918.4456037323,375956.387664912,375956.387664912
2014-04-07,358482.25040471746,372386.91075643845,372386.91075643845
2014-04-08,361792.6118192064,375825.67309191567,375825.67309191567
2014-04-09,367994.23940707924,382267.84682995325,382267.84682995325
2014-04-10,356596.56731486524,370428.0865755956,370428.0865755956
2014-04-11,352448.19077182363,366118.8045294868,366118.8045294868
2014-04-14,355213.72837287607,368991.6106521721,368991.6106521721
2014-04-15,356387.1950479701,370210.59326433926,370210.59326433926
2014-04-16,361122.19971636427,375129.25732341036,375129.25732341036
2014-04-17,361206.05383531674,375216.3639410342,375216.3639410342
2014-04-21,363887.7723881482,378002.0998771361,378002.0998771361
2014-04-22,366779.0736322636,381005.5477107369,381005.5477107369
2014-04-23,363552.6014074586,377653.9284239239,377653.9284239239
2014-04-24,367030.565847658,381266.7947015274,381266.7947015274
2014-04-25,361164.1793819377,375172.8652787829,375172.8652787829
2014-04-28,362337.4005619114,376391.59287366713,376391.59287366713
2014-04-29,365228.7368767583,379395.0771383083,379395.0771383083
2014-04-30,366192.4104361795,380396.1292667342,380396.1292667342
2014-05-01,368281.68801156257,382527.6689202101,382527.6689202101
2014-05-02,367609.34562412335,381829.31878618087,381829.31878618087
2014-05-05,369542.1497612872,383836.8882232077,383836.8882232077
2014-05-06,364752.30368023954,378861.75990291964,378861.75990291964
2014-05-07,363701.7840850738,377770.6037988423,377770.6037988423
2014-05-08,363365.7359730193,377421.5565745741,377421.5565745741
2014-05-09,364710.31524932774,378818.14726313564,378818.14726313564
2014-05-12,370718.7049815684,385058.95529963507,385058.95529963507
2014-05-13,370970.81139798934,385320.8137708342,385320.8137708342
2014-05-14,369038.0072608254,383313.24433380744,383313.24433380744
2014-05-15,366138.8010550796,380301.89017826726,380301.89017826726
2014-05-16,368533.8295941736,382789.5639179082,382789.5639179082
2014-05-19,371096.8470231048,385451.7247431842,385451.7247431842
2014-05-20,369752.23258060636,384055.0975281237,384055.0975281237
2014-05-21,373281.6872443095,387721.07959841215,387721.07959841215
2014-05-22,374920.3965341407,389423.1779244558,389423.1779244558
2014-05-23,377651.5435176692,392259.97194136283,392259.97194136283
2014-05-27,382357.5182354635,397147.9845615797,397147.9845615797
2014-05-28,381180.9278489923,395925.8809586533,395925.8809586533
2014-05-29,383617.9799851881,398457.2038645772,398457.2038645772
2014-05-30,383659.9684160999,398500.8165043613,398500.8165043613
2014-06-02,384281.6671292967,399107.89325678104,399107.89325678104
2014-06-03,384113.02853281394,398932.74830264674,398932.74830264674
2014-06-04,385545.3107207542,400420.29032058467,400420.29032058467
2014-06-05,388789.1797215483,403789.31318493147,403789.31318493147
2014-06-06,391021.8517858747,406108.1254524622,406108.1254524622
2014-06-09,390727.06037772243,405801.9605012774,405801.9605012774
2014-06-10,391400.98012122465,406501.8811898249,406501.8811898249
2014-06-11,391316.67845193966,406414.3270218686,406414.3270218686
2014-06-12,387778.08855881874,402739.2124427803,402739.2124427803
2014-06-13,388915.4383069559,403920.4430366469,403920.4430366469
2014-06-16,389252.5392103579,404270.54985380726,404270.54985380726
2014-06-17,389463.1699808759,404489.3071099223,404489.3071099223
2014-06-18,391653.67358160345,406764.323984364,406764.323984364
2014-06-19,391400.98012122465,406501.8811898249,406501.8811898249
2014-06-20,391861.342687454,406980.00530986075,406980.00530986075
2014-06-23,391945.9264200407,407067.85242359026,407067.85242359026
2014-06-24,391565.8108631349,406673.0713760214,406673.0713760214
2014-06-25,394057.87539125467,409261.283900204,409261.283900204
2014-06-26,394269.070288376,409480.62704786536,409480.62704786536
2014-06-27,396000.97421850957,411279.3507133536,411279.3507133536
2014-06-30,396676.7273734726,411981.1755494267,411981.1755494267
2014-07-01,402027.25389162253,417499.56419055397,417499.56419055397
2014-07-02,402704.72694120405,418203.11028155446,418203.11028155446
2014-07-03,405245.4894613202,420841.6558890773,420841.6558890773
2014-07-07,404017.5054946817,419566.4120693069,419566.4120693069
2014-07-08,399147.80786542344,414509.30059670215,414509.30059670215
2014-07-09,402111.8010578248,417587.36521573644,417587.36521573644
2014-07-10,400841.61419969564,416268.2942956032,416268.2942956032
2014-07-11,403424.650302913,418950.7404157173,418950.7404157173
2014-07-14,405838.2386156731,421457.21742432425,421457.21742432425
2014-07-15,404440.9835876037,420006.1880236178,420006.1880236178
2014-07-16,406050.030680842,421677.16046065104,421677.16046065104
2014-07-17,400672.1310634332,416092.28847798187,416092.28847798187
2014-07-18,407024.0550366263,422688.6708498461,422688.6708498461
2014-07-21,406515.7823568652,422160.8369275532,422160.8369275532
2014-07-22,409098.9244974983,424843.3931660099,424843.3931660099
2014-07-23,411724.44625864836,427569.9600354005,427569.9600354005
2014-07-24,411258.48250779364,427086.0633318131,427086.0633318131
2014-07-25,409649.4354145553,425415.09089477983,425415.09089477983
2014-07-28,409776.32685546926,425546.86584478203,425546.86584478203
2014-07-29,409056.54487698135,424799.38253507606,424799.38253507606
2014-07-30,410665.73335344077,426470.5017965661,426470.5017965661
2014-07-31,402365.9373977054,417851.2821768829,417851.2821768829
2014-08-01,401883.5525269645,417311.8581920532,417311.8581920532
2014-08-04,404643.0421355618,420177.2845798329,420177.2845798329
2014-08-05,401543.91813043656,416959.18523435236,416959.18523435236
2014-08-06,401246.9462079222,416650.81256262667,416650.81256262667
2014-08-07,399973.37923035235,415328.3533611991,415328.3533611991
2014-08-08,402859.9704122773,418325.76075046783,418325.76075046783
2014-08-11,405237.0922824362,420794.14030605665,420794.14030605665
2014-08-12,405067.328235095,420617.8590185924,420617.8590185924
2014-08-13,409354.9777413512,425070.1113476099,425070.1113476099
2014-08-14,411477.61299326655,427274.23454616085,427274.23454616085
2014-08-15,413472.72146447207,429345.9352121333,429345.9352121333
2014-08-18,416656.5680404996,432652.0096271874,432652.0096271874
2014-08-19,418991.34634218155,435076.42004511814,435076.42004511814
2014-08-20,418991.34634218155,435076.42004511814,435076.42004511814
2014-08-21,419840.3791825786,435958.04724798404,435958.04724798404
2014-08-22,420477.05636951793,436619.1664659255,436619.1664659255
2014-08-25,421962.97900054546,438162.1336522776,438162.1336522776
2014-08-26,422387.3714019242,438602.81847380946,438602.81847380946
2014-08-27,422472.20027467195,438690.9039261554,438690.9039261554
2014-08-28,422005.3580029708,438206.1395841931,438206.1395841931
2014-08-29,423576.0032049006,439837.08184011874,439837.08184011874
2014-09-02,425806.7141002754,442115.05122831656,442115.05122831656
2014-09-03,423296.41987080226,439508.6130837073,439508.6130837073
2014-09-04,422913.4364434782,439110.96144510235,439110.96144510235
2014-09-05,425040.9248323042,441319.93233932817,441319.93233932817
2014-09-08,425849.4059373934,442159.3781567783,442159.3781567783
2014-09-09,422317.7396946069,438492.4495947191,438492.4495947191
2014-09-10,425806.7141002754,442115.05122831656,442115.05122831656
2014-09-11,425466.45802740473,441761.76339581766,441761.76339581766
2014-09-12,423296.41987080226,439508.6130837073,439508.6130837073
2014-09-15,419211.3935429088,435267.1308232835,435267.1308232835
2014-09-16,422870.7090890248,439066.59763899626,439066.59763899626
2014-09-17,423509.0621576787,439729.399540197,439729.399540197
2014-09-18,426700.40129292384,443042.96651446866,443042.96651446866
2014-09-19,426435.8681790678,442768.3018196407,442768.3018196407
2014-09-22,422469.3276819777,438649.8433806382,438649.8433806382
2014-09-23,421317.749117188,437454.15951914433,437454.15951914433
2014-09-24,425838.6797021109,442148.2411081964,442148.2411081964
2014-09-25,416881.84703314735,432848.36301057274,432848.36301057274
2014-09-26,421317.749117188,437454.15951914433,437454.15951914433
2014-09-29,420763.252477349,436878.4257361618,436878.4257361618
2014-09-30,421360.36991963524,437498.4126923175,437498.4126923175
2014-10-01,415621.0107959882,431500.9485507311,431500.9485507311
2014-10-02,415621.0107959882,431500.9485507311,431500.9485507311
2014-10-03,419725.5706046839,435762.33429598826,435762.33429598826
2014-10-06,418827.7348620964,434830.1942825965,434830.1942825965
2014-10-07,412884.7087961346,428660.0986471211,428660.0986471211
2014-10-08,420922.5781192186,437005.0767573351,437005.0767573351
2014-10-09,414124.5822887039,429947.3448984641,429947.3448984641
2014-10-10,403777.93145101465,419205.37195961864,419205.37195961864
2014-10-13,397450.07286298025,412635.7402227572,412635.7402227572
2014-10-14,397492.9388410148,412680.2440127534,412680.2440127534
2014-10-15,394927.6023116944,410016.89178319793,410016.89178319793
2014-10-16,392447.85532655596,407442.39928051195,407442.39928051195
2014-10-17,397621.14514242875,412813.34878665395,412813.34878665395
2014-10-20,403564.1000024469,418983.3704955679,418983.3704955679
2014-10-21,414167.4838697102,429991.885651741,429991.885651741
2014-10-22,412029.6678256381,427772.38849716407,427772.38849716407
2014-10-23,418229.070891456,434208.65671715984,434208.65671715984
2014-10-24,421649.5552001883,437759.8299865145,437759.8299865145
2014-10-27,421948.69136916363,438070.3954711889,438070.3954711889
2014-10-28,428319.2023174019,444684.3092183621,444684.3092183621
2014-10-29,426737.4690897099,443042.14154547144,443042.14154547144
2014-10-30,427635.19802338205,443974.170669021,443974.170669021
2014-10-31,433535.35811130924,450099.76251450024,450099.76251450024
2014-11-03,435817.6908629707,452431.10175597033,452431.10175597033
2014-11-04,434360.7150448675,450918.5858842282,450918.5858842282
2014-11-05,434403.6082074078,450963.1141381123,450963.1141381123
2014-11-06,435774.94043973996,452386.7216826316,452386.7216826316
2014-11-07,435389.009031359,451986.07853308367,451986.07853308367
2014-11-10,436931.84254419775,453587.7250028667,453587.7250028667
2014-11-11,438303.21046135726,455011.36959252233,455011.36959252233
2014-11-12,439074.5023208807,455812.06316943665,455812.06316943665
2014-11-13,440960.1599705956,457769.60226406535,457769.60226406535
2014-11-14,442331.49220292777,459193.20980858465,459193.20980858465
2014-11-17,441002.98176348116,457814.0564276768,457814.0564276768
2014-11-18,444302.722068759,461239.58314016357,461239.58314016357
2014-11-19,442288.4919859052,459148.57041929156,459148.57041929156
2014-11-20,444259.7575365638,461194.9807960068,461194.9807960068
2014-11-21,445116.83572116797,462084.7308806893,462084.7308806893
2014-11-24,448587.8631979879,465688.07424762176,465688.07424762176
2014-11-25,449273.58284139505,466399.93358758587,466399.93358758587
2014-11-26,452187.6772169111,469425.1135116155,469425.1135116155
2014-11-28,454287.47951588116,471604.9604694377,471604.9604694377
2014-12-01,450144.63912857446,467266.08596104296,467266.08596104296
2014-12-02,451948.5523441466,469138.6117991504,469138.6117991504
2014-12-03,452764.6568598218,469985.757204487,469985.757204487
2014-12-04,452549.8209850832,469762.74995395646,469762.74995395646
2014-12-05,452592.8096185834,469807.3736788004,469807.3736788004
2014-12-08,449371.7378319244,466463.78702792886,466463.78702792886
2014-12-09,450788.96793151955,467934.92208981916,467934.92208981916
2014-12-10,443702.42402674817,460578.8384101737,460578.8384101737
2014-12-11,445806.9000342803,462763.359076558,462763.359076558
2014-12-12,440953.8338017959,457725.7043623918,457725.7043623918
2014-12-15,436401.2588327631,452999.97022737627,452999.97022737627
2014-12-16,429400.4776094673,445732.91125004017,445732.91125004017
2014-12-17,437217.1845271675,453846.9300098974,453846.9300098974
2014-12-18,447739.743386099,464769.71896463423,464769.71896463423
2014-12-19,449709.81732649816,466814.7255228957,466814.7255228957
2014-12-22,450830.63328761584,467978.1722058285,467978.1722058285
2014-12-23,449235.6190805918,466322.49094077735,466322.49094077735
2014-12-24,449623.33935993945,466724.9583293244,466724.9583293244
2014-12-26,452813.4393024959,470036.3951085529,470036.3951085529
2014-12-29,452727.39050698717,469947.0734097387,469947.0734097387
2014-12-30,449709.81732649816,466814.7255228957,466814.7255228957
2014-12-31,445096.94382495177,462026.39937449666,462026.39937449666
2015-01-02,444760.4198510019,461639.0515379967,461639.0515379967
2015-01-05,438236.2676728401,454867.30816967913,454867.30816967913
2015-01-06,432360.29743883386,448768.3452120471,448768.3452120471
2015-01-07,437933.91658624203,454553.48287718714,454553.48287718714
2015-01-08,446315.9418135399,463253.60546721803,463253.60546721803
2015-01-09,443377.7774724191,460203.9379627396,460203.9379627396
2015-01-12,438754.87057988223,455405.59202643955,455405.59202643955
2015-01-13,438625.1481634746,455270.9466519845,455270.9466519845
2015-01-14,436205.5867293959,452759.56300426647,452759.56300426647
2015-01-15,430545.689091716,446884.8725852404,446884.8725852404
2015-01-16,435600.88455619983,452131.9124192825,452131.9124192825
2015-01-20,439057.22166648024,455719.4173189315,455719.4173189315
2015-01-21,441303.9752062508,458051.43502295023,458051.43502295023
2015-01-22,449469.8919923987,466527.2478692426,466527.2478692426
2015-01-23,450463.58219069993,467558.6485519294,467558.6485519294
2015-01-26,449945.122662952,467020.5135156989,467020.5135156989
2015-01-27,438279.49653003475,454912.1775594533,454912.1775594533
2015-01-28,436032.8146799113,452580.2342656996,452580.2342656996
2015-01-29,440223.8631383838,456930.33276584756,456930.33276584756
2015-01-30,436810.4681267097,453387.3996149128,453387.3996149128
2015-02-02,441612.4795638148,458333.70854325837,458333.70854325837
2015-02-03,445856.1124882061,462738.0225197421,462738.0225197421
2015-02-04,445466.2059675331,462333.3525661625,462333.3525661625
2015-02-05,449320.4353373703,466333.51859951066,466333.51859951066
2015-02-06,446592.23932950257,463502.0220911828,463502.0220911828
2015-02-09,445163.3485115971,462019.0277058772,462019.0277058772
2015-02-10,452091.81457916874,469209.8334331129,469209.8334331129
2015-02-11,453737.5556466626,470917.88889275806,470917.88889275806
2015-02-12,459020.56805595127,476400.937452031,476400.937452031
2015-02-13,462961.1279674984,480490.70284946763,480490.70284946763
2015-02-17,463394.0021651939,480939.9674095599,480939.9674095599
2015-02-18,464043.8343909318,481614.40490337246,481614.40490337246
2015-02-19,466338.94064419594,483996.4131328463,483996.4131328463
2015-02-20,469456.6479850718,487232.16944369057,487232.16944369057
2015-02-23,469933.1365305142,487726.69976658066,487726.69976658066
2015-02-24,470279.53648189444,488086.21581674326,488086.21581674326
2015-02-25,469110.1761813889,486872.5788206074,486872.5788206074
2015-02-26,471492.0081640279,489344.59656523296,489344.59656523296
2015-02-27,469413.3569726871,487187.2392590353,487187.2392590353
2015-03-02,474656.9055439596,492591.4770442538,492591.4770442538
2015-03-03,472443.79201194906,490294.7426011925,490294.7426011925
2015-03-04,470621.0479168787,488403.12742488866,488403.12742488866
2015-03-05,471445.81720866734,489259.0600341431,489259.0600341431
2015-03-06,466108.0200862374,483719.5780672958,483719.5780672958
2015-03-09,467453.233957977,485115.6198825122,485115.6198825122
2015-03-10,458774.16535131296,476108.61887949175,476108.61887949175
2015-03-11,456127.11999015545,473361.55680365104,473361.55680365104
2015-03-12,459121.4764237249,476469.0528522308,476469.0528522308
2015-03-13,457125.0947934371,474397.2393707004,474397.2393707004
2015-03-16,463026.9348900018,480522.07627181767,480522.07627181767
2015-03-17,463764.61539935396,481287.62951131415,481287.62951131415
2015-03-18,468321.205622202,486016.387234929,486016.387234929
2015-03-19,469015.4677472556,486736.8815575473,486736.8815575473
2015-03-20,472051.4064642951,489887.5310464208,489887.5310464208
2015-03-23,471138.0363070348,488939.6498513976,488939.6498513976
2015-03-24,469441.69515331805,487179.2136611295,487179.2136611295
2015-03-25,458698.41719164106,476030.00862981385,476030.00862981385
2015-03-26,457132.61920663645,474405.0480884678,474405.0480884678
2015-03-27,458959.46752708824,476300.9225653721,476300.9225653721
2015-03-30,464222.344535318,481762.6536151188,481762.6536151188
2015-03-31,459307.2826271786,476661.8796101147,476661.8796101147
2015-04-01,457914.9753612772,475179.19205804844,475179.19205804844
2015-04-02,458219.8937537546,475495.60642136284,475495.60642136284
2015-04-06,461968.7916041376,479385.84445135447,479385.84445135447
2015-04-07,461184.21576170204,478571.6886910572,478571.6886910572
2015-04-08,464845.6899622243,482371.20704263076,482371.20704263076
2015-04-09,467766.28210486786,485401.9107525882,485401.9107525882
2015-04-10,469684.1542090141,487392.0900783459,487392.0900783459
2015-04-13,468507.34456648125,486170.9125994838,486170.9125994838
2015-04-14,467156.0845124434,484768.70761540043,484768.70761540043
2015-04-15,470076.4601706053,487799.18667902244,487799.18667902244
2015-04-16,469422.8213588526,487120.90451054485,487120.90451054485
2015-04-17,462099.5843118326,479521.5682789506,479521.5682789506
2015-04-20,469030.4432357675,486713.7330277565,486713.7330277565
2015-04-21,471035.45034379885,488794.33250348514,488794.33250348514
2015-04-22,473607.43030940805,491463.28073144704,491463.28073144704
2015-04-23,475394.43754436536,493317.66134749685,493317.66134749685
2015-04-24,481845.8555028239,500012.30934565526,500012.30934565526
2015-04-27,480625.42423722806,498745.8656302239,498745.8656302239
2015-04-28,479666.36190254067,497750.6449236494,497750.6449236494
2015-04-29,476658.6708367589,494629.558504777,494629.558504777
2015-04-30,469161.0555397278,486849.2696500732,486849.2696500732
2015-05-01,476350.58817276923,494272.1700830123,494272.1700830123
2015-05-04,477137.0309793206,495088.200969279,495088.200969279
2015-05-05,469361.6205309161,487020.2588043265,487020.2588043265
2015-05-06,466129.0010852572,483666.0195777365,483666.0195777365
2015-05-07,468924.7761564619,486566.9791772807,486566.9791772807
2015-05-08,474778.1725958252,492640.5960306537,492640.5960306537
2015-05-11,472943.51299902383,490736.9116377088,490736.9116377088
2015-05-12,470803.2214292659,488516.09658035246,488516.09658035246
2015-05-13,471763.97533739347,489512.9966175865,489512.9966175865
2015-05-14,478665.7693501447,496674.4545623204,496674.4545623204
2015-05-15,478665.7693501447,496674.4545623204,496674.4545623204
2015-05-18,480762.67296680337,498850.24929585156,498850.24929585156
2015-05-19,480238.32955359906,498306.17868242506,498306.17868242506
2015-05-20,480544.2507795763,498623.60948232864,498623.60948232864
2015-05-21,483034.0323115486,501207.06324809627,501207.06324809627
2015-05-22,482553.5468876021,500708.50067866966,500708.50067866966
2015-05-26,477005.99936096085,494952.23959132715,494952.23959132715
2015-05-27,484693.91077061516,502929.390769899,502929.390769899
2015-05-28,483601.7636778521,501796.15418534784,501796.15418534784
2015-05-29,480718.8149775456,498804.74125185166,498804.74125185166
2015-06-01,483334.824790348,501481.5609551197,501481.5609551197
2015-06-02,481802.7367595252,499891.95090053504,499891.95090053504
2015-06-03,483247.3255566906,501390.77657537645,501390.77657537645
2015-06-04,479570.36500690936,497575.7650729992,497575.7650729992
2015-06-05,478432.22280116193,496394.8914825752,496394.8914825752
2015-06-08,473573.53347085486,491353.78336334287,491353.78336334287
2015-06-09,472785.6780522709,490536.3480268971,490536.3480268971
2015-06-10,479263.88218392467,497257.77539670607,497257.77539670607
2015-06-11,479964.27460041794,497984.46394528425,497984.46394528425
2015-06-12,476024.70765496435,493896.98652805027,493896.98652805027
2015-06-15,473661.1051676457,491444.64292683743,491444.64292683743
2015-06-16,476243.72747585835,494124.22941647586,494124.22941647586
2015-06-17,477556.7956857871,495486.59658263496,495486.59658263496
2015-06-18,484516.6260340073,502707.73275572615,502707.73275572615
2015-06-19,482121.24846266484,500222.42107955064,500222.42107955064
2015-06-22,485674.8405277242,503909.43224527134,503909.43224527134
2015-06-23,486069.7283735345,504319.1460981994,504319.1460981994
2015-06-24,483568.9531745692,501724.4796556997,501724.4796556997
2015-06-25,482603.74423683283,500723.032087849,500723.032087849
2015-06-26,479401.05489557143,497400.09823799296,497400.09823799296
2015-06-29,468081.84243817575,485655.90758427867,485655.90758427867
2015-06-30,469748.8930550746,487385.5473757344,487385.5473757344
2015-07-01,474477.9083087564,492254.57922842796,492254.57922842796
2015-07-02,474609.77920419304,492391.39076592826,492391.39076592826
2015-07-06,473510.661432536,491251.09372209315,491251.09372209315
2015-07-07,474697.82626405923,492482.7365749696,492482.7365749696
2015-07-08,466432.1498241538,483907.38036404084,483907.38036404084
2015-07-09,466168.33541714866,483633.6819522905,483633.6819522905
2015-07-10,473290.74347723316,491022.9363755515,491022.9363755515
2015-07-13,481600.35267690686,499643.8713200637,499643.8713200637
2015-07-14,484765.8714045073,502927.98858244356,502927.98858244356
2015-07-15,485293.318678188,503475.1970640699,503475.1970640699
2015-07-16,492151.98494739924,510590.82841233024,510590.82841233024
2015-07-17,499406.3728271182,518117.0073782161,518117.0073782161
2015-07-20,501121.02124038804,519895.8963810938,519895.8963810938
2015-07-21,500813.31038168055,519576.6569041348,519576.6569041348
2015-07-22,495141.8815601244,513692.7437455006,513692.7437455006
2015-07-23,493295.289635286,511776.9678683729,511776.9678683729
2015-07-24,488458.94632998627,506759.4273315744,506759.4273315744
2015-07-27,484414.11886183376,502563.0573667765,502563.0573667765
2015-07-28,488590.8172254229,506896.2388690747,506896.2388690747
2015-07-29,490437.3365341294,508811.9394094526,508811.9394094526
2015-07-30,492767.58820514387,511229.49570812256,511229.49570812256
2015-07-31,492196.1355555631,510636.633156163,510636.633156163
2015-08-03,491656.95457940525,510039.7968459673,510039.7968459673
2015-08-04,490731.7592369102,509080.0088471731,509080.0088471731
2015-08-05,494520.62153194664,513010.53507534554,513010.53507534554
2015-08-06,486590.6096236913,504784.0234293694,504784.0234293694
2015-08-07,485973.8248560421,504144.1773442904,504144.1773442904
2015-08-10,491524.8513828422,509902.7543676495,509902.7543676495
2015-08-11,485224.8641277447,503367.21329619066,503367.21329619066
2015-08-12,486898.947434452,505103.8898583816,505103.8898583816
2015-08-13,486106.07358077547,504281.37079201423,504281.37079201423
2015-08-14,486854.8887809026,505058.183870708,505058.183870708
2015-08-17,490908.066615193,509262.90828257054,509262.90828257054
2015-08-18,488396.8325090043,506657.78021222964,506657.78021222964
2015-08-19,485180.8782382804,503321.58279322006,503321.58279322006
2015-08-20,471744.00760290213,489382.3133386129,489382.3133386129
2015-08-21,451126.1221696085,467993.5340284808,467993.5340284808
2015-08-24,433768.2860426307,449986.6958673834,449986.6958673834
2015-08-25,432138.3341535579,448295.80077756906,448295.80077756906
2015-08-26,453901.38075871055,470872.55834369984,470872.55834369984
2015-08-27,465399.9253122127,482801.02853712894,482801.02853712894
2015-08-28,465311.9171512416,482709.7297888362,482709.7297888362
2015-08-31,459540.5973566945,476722.6228271091,476722.6228271091
2015-09-01,446178.37699696445,462823.4164330868,462823.4164330868
2015-09-02,458762.306292831,475876.7992260073,475876.7992260073
2015-09-03,456510.2326197452,473540.71015227865,473540.71015227865
2015-09-04,451079.5415730277,467907.42285415507,467907.42285415507
2015-09-08,463795.8707184291,481098.1447783652,481098.1447783652
2015-09-09,458585.67592347076,475693.57952015026,475693.57952015026
2015-09-10,463575.0827567288,480869.1201460439,480869.1201460439
2015-09-11,466136.0043299966,483525.5789366613,483525.5789366613
2015-09-14,464723.0343025999,482059.89693790826,482059.89693790826
2015-09-15,470198.2111153412,487739.3295789603,487739.3295789603
2015-09-16,472847.4478732892,490487.3982225062,490487.3982225062
2015-09-17,473024.0782426494,490670.61792836327,490670.61792836327
2015-09-18,466296.40833388094,483691.9669395649,483691.9669395649
2015-09-21,467757.0364729114,485207.084973734,485207.084973734
2015-09-22,460763.61880776443,477952.77229701536,477952.77229701536
2015-09-23,461117.791140051,478320.1573100189,478320.1573100189
2015-09-24,459435.8645469232,476575.48510680645,476575.48510680645
2015-09-25,455540.8075578518,472535.1199169535,472535.1199169535
2015-09-28,442572.0399221363,459082.54208365,459082.54208365
2015-09-29,440270.55787776987,456695.2014200295,456695.2014200295
2015-09-30,450406.3479563619,467209.11521387176,467209.11521387176
2015-10-01,453442.14697174926,470320.8725200608,470320.8725200608
2015-10-02,461382.3853587121,478556.674752195,478556.674752195
2015-10-05,467992.08190539305,485412.40765591536,485412.40765591536
2015-10-06,465774.0614584138,483111.82461823925,483111.82461823925
2015-10-07,468568.6415091759,486010.4288538166,486010.4288538166
2015-10-08,470431.88977934566,487943.0338355109,487943.0338355109
2015-10-09,472560.99791625317,490151.3949314685,490151.3949314685
2015-10-12,473714.5191112461,491347.8542780966,491347.8542780966
2015-10-13,470653.6406620074,488173.0390728098,488173.0390728098
2015-10-14,469899.54879257357,487390.8772284356,487390.8772284356
2015-10-15,477618.07284118625,495396.7121278914,495396.7121278914
2015-10-16,479614.3058611923,497467.2520236481,497467.2520236481
2015-10-19,482364.44802907424,500319.7642406764,500319.7642406764
2015-10-20,479880.3484494878,497743.197661014,497743.197661014
2015-10-21,476952.56438302004,494706.43108365114,494706.43108365114
2015-10-22,486667.2849073272,504782.76797424315,504782.76797424315
2015-10-23,500285.5591615746,518907.96271463006,518907.96271463006
2015-10-26,500596.25889861974,519230.227798268,519230.227798268
2015-10-27,501616.28372341435,520288.2215661465,520288.2215661465
2015-10-28,505786.28202907747,524613.4420041329,524613.4420041329
2015-10-29,504987.8253653866,523785.2639504507,523785.2639504507
2015-10-30,502725.3670355272,521438.58889422554,521438.58889422554
2015-11-02,509403.2857143426,528327.871015554,528327.871015554
2015-11-03,511181.000793885,530171.6290940472,530171.6290940472
2015-11-04,511225.3795925751,530217.6565871704,530217.6565871704
2015-11-05,509847.62294380186,528788.7155939785,528788.7155939785
2015-11-06,510203.1659597103,529157.4672096772,529157.4672096772
2015-11-09,504780.78711348603,523533.6442937176,523533.6442937176
2015-11-10,503491.89791060466,522196.8722162106,522196.8722162106
2015-11-11,502869.4596276563,521551.3100416213,521551.3100416213
2015-11-12,497980.17560827156,516480.38669033285,516480.38669033285
2015-11-13,488202.15681206004,506339.109634948,506339.109634948
2015-11-16,495224.73554306617,513622.5806569079,513622.5806569079
2015-11-17,495535.8997602845,513945.30477948335,513945.30477948335
2015-11-18,505047.35283499106,523810.1130642929,523810.1130642929
2015-11-19,505403.00569941115,524178.97860942996,524178.97860942996
2015-11-20,508825.4093109371,527728.5262164853,527728.5262164853
2015-11-23,507358.6021354193,526207.2264252111,526207.2264252111
2015-11-24,506914.04520893685,525746.1539879096,525746.1539879096
2015-11-25,507358.6021354193,526207.2264252111,526207.2264252111
2015-11-27,508069.6881672363,526944.7296566084,526944.7296566084
2015-11-30,506780.83558052545,525607.9955555808,525607.9955555808
2015-12-01,512847.48134932586,531862.8808752532,531862.8808752532
2015-12-02,509685.58979256346,528583.7524529586,528583.7524529586
2015-12-03,501046.04323159606,519623.86810043687,519623.86810043687
2015-12-04,512758.3669592839,531770.4622948003,531770.4622948003
2015-12-07,510442.5668241549,529368.7967388725,529368.7967388725
2015-12-08,510487.2157383917,529415.1011490871,529415.1011490871
2015-12-09,502738.2994502355,521378.86992916104,521378.86992916104
2015-12-10,505009.52404650033,523734.3071708647,523734.3071708647
2015-12-11,493386.3147088545,511680.1315569542,511680.1315569542
2015-12-14,497127.1746432422,515559.6953922284,515559.6953922284
2015-12-15,500155.41295878484,518700.2149678412,518700.2149678412
2015-12-16,507592.41053795104,526412.9621321845,526412.9621321845
2015-12-17,500199.87843459006,518746.32913807954,518746.32913807954
2015-12-18,490604.9845221642,508795.6749893479,508795.6749893479
2015-12-21,496054.53675865737,514447.2861552165,514447.2861552165
2015-12-22,499315.48506845115,517829.1441646758,517829.1441646758
2015-12-23,503022.995895985,521674.1223722712,521674.1223722712
2015-12-24,502933.69806751155,521581.513551842,521581.513551842
2015-12-28,502665.7678944047,521303.6490425594,521303.6490425594
2015-12-29,510572.29448293976,529503.334450063,529503.334450063
2015-12-30,505971.1816800037,524731.6212222569,524731.6212222569
2015-12-31,499672.89650846296,518199.8077343638,518199.8077343638
2016-01-04,490130.4633132258,508266.49248634465,508266.49248634465
2016-01-05,489279.99571240915,507384.5554985511,507384.5554985511
2016-01-06,484580.18249275006,502510.8376636111,502510.8376636111
2016-01-07,469406.2435238104,486775.42573918216,486775.42573918216
2016-01-08,465556.7508542891,482783.4924001211,482783.4924001211
2016-01-11,466989.3185671196,484269.06863165647,484269.06863165647
2016-01-12,472405.23182984546,489885.383967471,489885.383967471
2016-01-13,456112.3842459472,472989.6610652395,472989.6610652395
2016-01-14,465825.33891910996,483062.0188820447,483062.0188820447
2016-01-15,451367.6470439159,468069.3569504048,468069.3569504048
2016-01-19,452352.3719144732,469090.5190561815,469090.5190561815
2016-01-20,450964.8017093543,467651.6053504981,467651.6053504981
2016-01-21,451412.49750094867,468115.8669843422,468115.8669843422
2016-01-22,464482.6559336935,481669.6533332773,481669.6533332773
2016-01-25,457589.5450771226,474521.4804698618,474521.4804698618
2016-01-26,461707.44199811626,478791.74967595324,478791.74967595324
2016-01-27,450203.88797192444,466862.5359386648,466862.5359386648
2016-01-28,456559.96974953247,473453.80833014776,473453.80833014776
2016-01-29,466093.9269839308,483340.54536396824,483340.54536396824
2016-02-01,468346.940009282,485639.93404164154,485639.93404164154
2016-02-02,458209.3908215877,475128.0713640329,475128.0713640329
2016-02-03,456011.32783030457,472848.8482605683,472848.8482605683
2016-02-04,455966.5656404313,472802.43329533504,472802.43329533504
2016-02-05,440132.3922787908,456383.60731389787,456383.60731389787
2016-02-08,433403.76937008736,449406.54030133435,449406.54030133435
2016-02-09,432058.06689313176,448011.14981979213,448011.14981979213
2016-02-10,433717.7310014454,449732.094485464,449732.094485464
2016-02-11,433089.8445800378,449081.0243188222,449081.0243188222
2016-02-12,439683.7019821105,455918.34981465887,455918.34981465887
2016-02-16,449596.96128342743,466197.6410450742,466197.6410450742
2016-02-17,459779.3463436121,476755.9950911509,476755.9950911509
2016-02-18,454531.22825980355,471314.09827847395,471314.09827847395
2016-02-19,455876.8938954506,472709.45055839873,472709.45055839873
2016-02-22,463278.23909805197,480384.07910607214,480384.07910607214
2016-02-23,455652.67769169033,472476.9555144404,472476.9555144404
2016-02-24,460003.673071298,476988.6047399617,476988.6047399617
2016-02-25,464534.1593061012,481686.3722458256,481686.3722458256
2016-02-26,463950.96139194985,481081.64064118214,481081.64064118214
2016-02-29,459779.3463436121,476755.9950911509,476755.9950911509
2016-03-01,475537.0851728402,493058.6519160901,493058.6519160901
2016-03-02,475716.5849692477,493244.76553455525,493244.76553455525
2016-03-03,474817.6461492712,492312.7045522419,492312.7045522419
2016-03-04,474997.4782159723,492499.1626837811,492499.1626837811
2016-03-07,472075.67784832866,489469.7061064571,489469.7061064571
2016-03-08,468165.00416789716,485414.9403414349,485414.9403414349
2016-03-09,471176.6651905092,488537.56856568286,488537.56856568286
2016-03-10,470457.3738426262,487791.7743187564,487791.7743187564
2016-03-11,478683.4633400616,496320.96105226304,496320.96105226304
2016-03-14,479492.54150506976,497159.85038765246,497159.85038765246
2016-03-15,479312.7463572902,496973.4305353437,496973.4305353437
2016-03-16,483582.9734143593,501400.99772575294,501400.99772575294
2016-03-17,483313.35453053296,501121.4445057507,501121.4445057507
2016-03-18,484070.70928649814,501906.70463927474,501906.70463927474
2016-03-21,485964.3915277833,503870.16120692843,503870.16120692843
2016-03-22,487452.07638916455,505412.6610772844,505412.6610772844
2016-03-23,483439.5803231938,501252.3211946714,501252.3211946714
2016-03-24,483574.998927312,501392.729411975,501392.729411975
2016-03-28,482898.7181229944,500691.53046852694,500691.53046852694
2016-03-29,490653.1683980716,508731.7000329895,508731.7000329895
2016-03-30,493042.63483638596,511209.20838640386,511209.20838640386
2016-03-31,492321.2021910551,510461.1939441111,510461.1939441111
2016-04-01,498550.7628650449,516883.45326167234,516883.45326167234
2016-04-04,496653.5347111015,514916.46030352305,514916.46030352305
2016-04-05,491864.9628125874,509951.80321449996,509951.80321449996
2016-04-06,499951.173678828,518335.359930621,518335.359930621
2016-04-07,492768.4453069086,510888.5085340195,510888.5085340195
2016-04-08,492406.9487284986,510513.7190166652,510513.7190166652
2016-04-11,490599.9097536551,508640.2316708071,508640.2316708071
2016-04-12,494710.9530159045,512902.44606536184,512902.44606536184
2016-04-13,501035.36746925366,519459.4216554083,519459.4216554083
2016-04-14,501080.4620588036,519506.17446155386,519506.17446155386
2016-04-15,499815.55697227345,518194.7563314989,518194.7563314989
2016-04-18,502480.94685878773,520958.15783732146,520958.15783732146
2016-04-19,499409.03979051457,517773.2907148179,517773.2907148179
2016-04-20,499815.55697227345,518194.7563314989,518194.7563314989
2016-04-21,499860.9475066276,518241.8159649203,518241.8159649203
2016-04-22,492316.5375907956,510419.9832839171,510419.9832839171
2016-04-25,492316.5375907956,510419.9832839171,510419.9832839171
2016-04-26,489922.2701380888,507937.67391611036,507937.67391611036
2016-04-27,485992.0491512454,503862.93098705175,503862.93098705175
2016-04-28,480119.43143470766,497774.3655868793,497774.3655868793
2016-04-29,477589.58426854684,495151.4909733599,495151.4909733599
2016-05-02,483106.88179562864,500834.9094279781,500834.9094279781
2016-05-03,478625.2900907406,496188.86181369406,496188.86181369406
2016-05-04,475547.05016897153,492997.6631980035,492997.6631980035
2016-05-05,475411.1151770626,492856.739953218,492856.739953218
2016-05-06,477946.2453179596,495484.8989017825,495484.8989017825
2016-05-09,479304.26072390244,496892.74786536844,496892.74786536844
2016-05-10,485868.24898469046,503697.6073901574,503697.6073901574
2016-05-11,481477.03347567754,499145.2524049399,499145.2524049399
2016-05-12,479349.5971010785,496939.747900376,496939.747900376
2016-05-13,477583.9249986473,495109.282922908,495109.282922908
2016-05-16,483559.5412410064,501304.17960580054,501304.17960580054
2016-05-17,477493.4375933433,495015.47500348586,495015.47500348586
2016-05-18,479213.6250393599,496798.786225472,496798.786225472
2016-05-19,476723.86834544863,494217.66574203357,494217.66574203357
2016-05-20,481975.1034378506,499661.599478007,499661.599478007
2016-05-23,481341.1726233878,499004.4060203916,499004.4060203916
2016-05-24,490983.47494556423,509000.5410211083,509000.5410211083
2016-05-25,494514.4113825207,512661.0482447399,512661.0482447399
2016-05-26,495963.17368243495,514162.974138578,514162.974138578
2016-05-27,498543.4177816502,516837.90254143864,516837.90254143864
2016-05-31,499494.0730495818,517823.442932091,517823.442932091
2016-06-01,500538.8500280634,518869.8740462416,518869.8740462416
2016-06-02,501582.2248585659,519951.4599548188,519951.4599548188
2016-06-03,499223.58115130686,517506.4366299823,517506.4366299823
2016-06-06,501037.9167501222,519387.21787919436,519387.21787919436
2016-06-07,499768.0378357321,518070.8327228241,518070.8327228241
2016-06-08,500629.8156727733,518964.17108754115,518964.17108754115
2016-06-09,499813.20493412623,518117.65395688714,518117.65395688714
2016-06-10,494143.35975783406,512240.16442271916,512240.16442271916
2016-06-13,490015.69612613536,507961.33509995096,507961.33509995096
2016-06-14,490015.69612613536,507961.33509995096,507961.33509995096
2016-06-15,488609.5730366551,506503.71615530516,506503.71615530516
2016-06-16,490061.04894450644,508008.3488555356,508008.3488555356
2016-06-17,484316.73005745746,502053.65819118975,502053.65819118975
2016-06-20,487364.1348712315,505212.66683118284,505212.66683118284
2016-06-21,488910.40225531795,506815.5625160587,506815.5625160587
2016-06-22,487727.8488740895,505589.7009791639,505589.7009791639
2016-06-23,494686.2935384483,512802.9818390835,512802.9818390835
2016-06-24,474311.2148752831,491681.71523001604,491681.71523001604
2016-06-27,464896.9578117253,481922.68378513755,481922.68378513755
2016-06-28,475084.2928513333,492483.1053159975,492483.1053159975
2016-06-29,483498.3364070317,501205.292853928,501205.292853928
2016-06-30,489092.2964007423,507004.1180943536,507004.1180943536
2016-07-01,492547.8831779051,510549.6457778941,510549.6457778941
2016-07-05,489540.0606497634,507431.8926035274,507431.8926035274
2016-07-06,493550.5403133364,511588.9482758124,511588.9482758124
2016-07-07,495008.8018139934,513100.50668066915,513100.50668066915
2016-07-08,502664.93522920896,521036.458365096,521036.458365096
2016-07-11,505536.0131745683,524012.4691816413,524012.4691816413
2016-07-12,508088.2313374843,526657.9664490696,526657.9664490696
2016-07-13,506857.7161901331,525382.4781279116,525382.4781279116
2016-07-14,510321.18030303856,528972.5257890638,528972.5257890638
2016-07-15,509500.86168449646,528122.2259615231,528122.2259615231
2016-07-18,512873.39846595464,531618.023056492,531618.023056492
2016-07-19,511004.6798997222,529681.006099089,529681.006099089
2016-07-20,516974.7682414369,535869.2907151134,535869.2907151134
2016-07-21,515789.8098086545,534641.0241266646,534641.0241266646
2016-07-22,517931.75700368534,536861.2557407815,536861.2557407815
2016-07-25,517977.5742550204,536908.7475324195,536908.7475324195
2016-07-26,518569.8115444144,537522.6300576386,537522.6300576386
2016-07-27,522169.94580102613,541254.3429169183,541254.3429169183
2016-07-28,523993.0332136137,543144.0609819181,543144.0609819181
2016-07-29,525132.2116145991,544324.8743585759,544324.8743585759
2016-08-01,528911.7273426417,548205.9874802879,548205.9874802879
2016-08-02,524893.8768263912,544041.5691171791,544041.5691171791
2016-08-03,526628.8323061219,545839.8143305698,545839.8143305698
2016-08-04,528135.4982822008,547401.4422289889,547401.4422289889
2016-08-05,533203.8086674281,552654.6403638644,552654.6403638644
2016-08-08,532610.2634159371,552039.4430750035,552039.4430750035
2016-08-09,533843.1087737022,553317.2616065753,553317.2616065753
2016-08-10,532473.3344617701,551897.5190664154,551897.5190664154
2016-08-11,534756.2294982899,554263.6922161335,554263.6922161335
2016-08-12,535121.5225361491,554642.3108403516,554642.3108403516
2016-08-15,537404.3802826487,557008.4453397406,557008.4453397406
2016-08-16,534436.5794451529,553932.3815947779,553932.3815947779
2016-08-17,535395.380444483,554926.1588575279,554926.1588575279
2016-08-18,535532.495848751,555068.2761177617,555068.2761177617
2016-08-19,535395.380444483,554926.1588575279,554926.1588575279
2016-08-22,535806.3910471051,555352.1627852671,555352.1627852671
2016-08-23,536765.0801763748,556345.8240970296,556345.8240970296
2016-08-24,533295.2437969536,552749.4109709064,552749.4109709064
2016-08-25,532427.6541870276,551850.1724132235,551850.1724132235
2016-08-26,533203.8086674281,552654.6403638644,552654.6403638644
2016-08-29,533934.3947431467,553411.8776123008,553411.8776123008
2016-08-30,532199.252813315,551613.4391472643,551613.4391472643
2016-08-31,531651.499706627,551045.7044625827,551045.7044625827
2016-09-01,534020.8622384715,553465.0311417283,553465.0311417283
2016-09-02,535759.183768601,555266.6464864446,555266.6464864446
2016-09-06,539098.5289797074,558727.5801913766,558727.5801913766
2016-09-07,539418.7411878946,559059.4516074733,559059.4516074733
2016-09-08,536262.3476957816,555788.1310544052,555788.1310544052
2016-09-09,522767.7810820802,541802.2154109802,541802.2154109802
2016-09-12,532145.3922990251,551521.2736935829,551521.2736935829
2016-09-13,527387.8256860994,546590.4798992275,546590.4798992275
2016-09-14,529903.7200419202,549197.9801795664,549197.9801795664
2016-09-15,538137.892355146,557731.9659430865,557731.9659430865
2016-09-16,537881.1920771791,557465.9189824051,557465.9189824051
2016-09-19,535542.1971270014,555041.7591705318,555041.7591705318
2016-09-20,536551.1775384481,556087.4774454732,556087.4774454732
2016-09-21,541824.90934427,561553.2304610154,561553.2304610154
2016-09-22,546135.8002879522,566021.0847324618,566021.0847324618
2016-09-23,542650.3402773802,562408.7160598068,562408.7160598068
2016-09-26,538110.2833454796,557703.3516651149,557703.3516651149
2016-09-27,543430.0426207318,563216.8080506991,563216.8080506991
2016-09-28,544347.0801731949,564167.23574636,564167.23574636
2016-09-29,540403.2881861861,560079.846827214,560079.846827214
2016-09-30,544439.0977520965,564262.6037661764,564262.6037661764
2016-10-03,544658.983418841,564454.0957044534,564454.0957044534
2016-10-04,543832.1095111922,563597.1698517412,563597.1698517412
2016-10-05,545761.7065343196,565596.8962418699,565596.8962418699
2016-10-06,545485.9321838055,565311.099135099,565311.099135099
2016-10-07,544291.4339994534,564073.1880512923,564073.1880512923
2016-10-10,547737.1536632258,567644.1391162269,567644.1391162269
2016-10-11,539926.8407872119,559549.9678534551,559549.9678534551
2016-10-12,539467.3291556617,559073.7557090704,559073.7557090704
2016-10-13,537537.80698985,557074.1068968752,557074.1068968752
2016-10-14,538181.0184737784,557740.6952899069,557740.6952899069
2016-10-17,536710.7459389123,556216.9870993294,556216.9870993294
2016-10-18,541488.8883909516,561168.7865904229,561168.7865904229
2016-10-19,541442.963427857,561121.1925282611,561121.1925282611
2016-10-20,540799.7519439287,560454.6041352293,560454.6041352293
2016-10-21,542821.2363219028,562549.5574386482,562549.5574386482
2016-10-24,549345.313373349,569310.74586019,569310.74586019
2016-10-25,547599.4536312578,567501.4345076751,567501.4345076751
2016-10-26,543877.9221883134,563644.6475470029,563644.6475470029
2016-10-27,541397.0010361046,561073.5596771325,561073.5596771325
2016-10-28,537997.2811927424,557550.2802522931,557550.2802522931
2016-10-31,537491.80716944,557026.4352567799,557026.4352567799
2016-11-01,534448.5010748067,553836.1899509482,553836.1899509482
2016-11-02,530167.863027777,549400.2671973841,549400.2671973841
2016-11-03,524966.5544363016,544010.275594323,544010.275594323
2016-11-04,523125.2508462102,542102.1767544377,542102.1767544377
2016-11-07,535553.1782322207,554980.9404493736,554980.9404493736
2016-11-08,539051.4788090332,558606.1456073421,558606.1456073421
2016-11-09,541537.1242843156,561181.960520904,561181.960520904
2016-11-10,532791.541586886,552119.1224919742,552119.1224919742
2016-11-11,533021.6717241972,552357.6008452392,552357.6008452392
2016-11-14,527636.1690257521,546776.7332977038,546776.7332977038
2016-11-15,534954.7348785709,554360.7879253785,554360.7879253785
2016-11-16,538130.9207609881,557652.1933351726,557652.1933351726
2016-11-17,542043.3955868802,561706.5973544436,561706.5973544436
2016-11-18,540018.01038622,559607.7391474119,559607.7391474119
2016-11-21,545633.7557183771,565427.20162554,565427.20162554
2016-11-22,547290.752705098,567144.3079436234,567144.3079436234
2016-11-23,545081.3233926693,564854.7292285543,564854.7292285543
2016-11-25,546830.4924304757,566667.3512370932,566667.3512370932
2016-11-28,545587.632194034,565379.404921203,565379.404921203
2016-11-29,547474.871814467,567335.1061698792,567335.1061698792
2016-11-30,540846.6963735819,560466.4866019996,560466.4866019996
2016-12-01,532502.2954148748,551783.1184208292,551783.1184208292
2016-12-02,533563.0279218752,552882.2578903916,552882.2578903916
2016-12-05,537713.3871169364,557182.8931344766,557182.8931344766
2016-12-06,539004.682611663,558520.943807719,558520.943807719
2016-12-07,545829.9030744658,565593.2915953298,565593.2915953298
2016-12-08,546798.2901645149,566596.7420085706,566596.7420085706
2016-12-09,551087.0547770085,571040.7940482165,571040.7940482165
2016-12-12,548596.8092045066,568460.3817580531,568460.3817580531
2016-12-13,555514.2248069346,575628.2628834234,575628.2628834234
2016-12-14,554361.2971603089,574433.5900761014,574433.5900761014
2016-12-15,555237.6018187273,575341.6239405039,575341.6239405039
2016-12-16,553179.290851063,573208.785727041,573208.785727041
2016-12-19,555445.7734848494,575557.3330784527,575557.3330784527
2016-12-20,557573.4374385561,577762.0354082582,577762.0354082582
2016-12-21,557156.9438289859,577330.4614137987,577330.4614137987
2016-12-22,555584.4043182712,575700.9834518566,575700.9834518566
2016-12-23,555954.3495260503,576084.3236217503,576084.3236217503
2016-12-27,558822.1293113044,579055.9398691863,579055.9398691863
2016-12-28,554474.3432789447,574550.7293643323,574550.7293643323
2016-12-29,553688.1298775848,573736.048777822,573736.048777822
2016-12-30,547999.0435702045,567840.9722482349,567840.9722482349
2017-01-03,553901.4662888716,573920.9125627228,573920.9125627228
2017-01-04,556913.4257017042,577041.732058646,577041.732058646
2017-01-05,560064.266605969,580306.4525859836,580306.4525859836
2017-01-06,564975.703284276,585395.4014188756,585395.4014188756
2017-01-09,566829.3007291388,587315.9927186372,587315.9927186372
2017-01-10,568080.438544366,588612.349923589,588612.349923589
2017-01-11,569609.4898915,590196.6651816474,590196.6651816474
2017-01-12,568729.0790926974,589284.4340361618,589284.4340361618
2017-01-13,570675.1512867333,591300.8423641578,591300.8423641578
2017-01-17,568960.7740686476,589524.5030739357,589524.5030739357
2017-01-18,570119.173673878,590724.7702676669,590724.7702676669
2017-01-19,569841.1472301898,590436.695221852,590436.695221852
2017-01-20,571092.2474081565,591733.0134292344,591733.0134292344
2017-01-23,571555.5620855361,592213.0735096434,592213.0735096434
2017-01-24,575401.4126431306,596197.9231551641,596197.9231551641
2017-01-25,581193.4859438034,602199.3371189586,602199.3371189586
2017-01-26,581795.8702989179,602823.4932186294,602823.4932186294
2017-01-27,582907.9007991496,603975.7154067501,603975.7154067501
2017-01-30,578367.0405882254,599270.7366430465,599270.7366430465
2017-01-31,577208.6033457344,598070.4304517459,598070.4304517459
2017-02-01,582193.1860337764,603199.0372089316,603199.0372089316
2017-02-02,581682.6255538176,602670.0554253313,602670.0554253313
2017-02-03,583353.653584591,604401.3750688648,604401.3750688648
2017-02-06,584049.7833070809,605122.6215355903,605122.6215355903
2017-02-07,586184.9606561804,607334.8372607883,607334.8372607883
2017-02-08,587159.6704544653,608344.7151260532,608344.7151260532
2017-02-09,589294.7723995653,610556.8527266341,610556.8527266341
2017-02-10,591244.2296981348,612576.6475194725,612576.6475194725
2017-02-13,594586.2857596815,616039.2868065395,616039.2868065395
2017-02-14,596582.116517884,618107.1282390049,618107.1282390049
2017-02-15,600109.5533119633,621761.8368976538,621761.8368976538
2017-02-16,599923.9463674325,621569.53315222,621569.53315222
2017-02-17,602523.1976308586,624262.5668344655,624262.5668344655
2017-02-21,605493.8135913453,627340.3642568131,627340.3642568131
2017-02-22,605726.0202075074,627580.9490157256,627580.9490157256
2017-02-23,603451.4962675109,625224.3589977948,625224.3589977948
2017-02-24,604611.9638183254,626426.6968577281,626426.6968577281
2017-02-27,605354.6555104469,627196.1852756236,627196.1852756236
2017-02-28,603498.0205351426,625272.5618866563,625272.5618866563
2017-03-01,611088.7465109457,633101.0957107315,633101.0957107315
2017-03-02,608020.1373810405,629921.9505971237,629921.9505971237
2017-03-03,609136.1325692922,631078.1456351179,631078.1456351179
2017-03-06,607788.0034333488,629681.4548303888,629681.4548303888
2017-03-07,606765.0204320443,628621.6224202565,628621.6224202565
2017-03-08,607834.4151173757,629729.5383341006,629729.5383341006
2017-03-09,608299.438288333,630211.3123493234,630211.3123493234
2017-03-10,610856.3482168032,632860.3260753831,632860.3260753831
2017-03-13,611879.1423992142,633919.9628650771,633919.9628650771
2017-03-14,610391.2117545097,632378.4346878974,632378.4346878974
2017-03-15,614157.3934046298,636280.279948427,636280.279948427
2017-03-16,613738.6686263632,635846.4720646533,635846.4720646533
2017-03-17,613524.434709777,635624.5211154605,635624.5211154605
2017-03-20,614083.565217264,636203.792357087,636203.792357087
2017-03-21,604765.9192788064,626550.5105927557,626550.5105927557
2017-03-22,608865.5928586589,630797.8606712512,630797.8606712512
2017-03-23,607328.1916638525,629205.0799392606,629205.0799392606
2017-03-24,608586.1786600302,630508.3815467885,630508.3815467885
2017-03-27,609564.6759300218,631522.1257816786,631522.1257816786
2017-03-28,613291.4321951752,635383.1254947099,635383.1254947099
2017-03-29,616133.4586528583,638327.5260824661,638327.5260824661
2017-03-30,617158.4053706555,639389.3929451557,639389.3929451557
2017-03-31,616739.1141357083,638954.9982000674,638954.9982000674
2017-04-03,617366.3123125479,639568.7782895404,639568.7782895404
2017-04-04,618346.0562059458,640583.7569050563,640583.7569050563
2017-04-05,615826.266269011,637973.3472675835,637973.3472675835
2017-04-06,616152.6584416667,638311.4775460672,638311.4775460672
2017-04-07,615826.266269011,637973.3472675835,637973.3472675835
2017-04-10,616059.4953959776,638214.9640594632,638214.9640594632
2017-04-11,613399.4124275929,635459.2160046886,635459.2160046886
2017-04-12,610926.3742261316,632897.2394445372,632897.2394445372
2017-04-13,608499.8986350006,630383.5000350188,630383.5000350188
2017-04-17,613539.7432840713,635604.593607328,635604.593607328
2017-04-18,612606.4485259176,634637.7345864323,634637.7345864323
2017-04-19,613586.3058944016,635652.8307579611,635652.8307579611
2017-04-20,618719.3892392188,640970.5161875496,640970.5161875496
2017-04-21,618579.36098297,640825.4520676114,640825.4520676114
2017-04-24,626045.4542729995,648560.0499374131,648560.0499374131
2017-04-25,630572.0132826058,653249.398477966,653249.398477966
2017-04-26,629685.2811347822,652330.7766077035,652330.7766077035
2017-04-27,633465.0984277851,656246.5282125946,656246.5282125946
2017-04-28,634585.362302805,657407.080357438,657407.080357438
2017-05-01,641231.0531267727,664255.8190553793,664255.8190553793
2017-05-02,642306.2036359403,665369.5751322138,665369.5751322138
2017-05-03,640249.9309320432,663239.4675797675,663239.4675797675
2017-05-04,640483.6757749454,663481.6055288186,663481.6055288186
2017-05-05,642820.2907539603,665902.1216425254,665902.1216425254
2017-05-08,644222.5325068261,667354.7138704308,667354.7138704308
2017-05-09,646465.8768532275,669678.6102709183,669678.6102709183
2017-05-10,646839.5655291411,670065.7170341987,670065.7170341987
2017-05-11,646325.7057156686,669533.405990288,669533.405990288
2017-05-12,647774.3175962025,671034.0333640019,671034.0333640019
2017-05-15,649830.6660682822,673164.2194052485,673164.2194052485
2017-05-16,652541.8031732178,675972.7056590394,675972.7056590394
2017-05-17,635950.0108090148,658785.1496716323,658785.1496716323
2017-05-18,641511.8500109852,664546.6985494419,664546.6985494419
2017-05-19,644222.5325068261,667354.7138704308,667354.7138704308
2017-05-22,649644.2005712376,672971.05846761,672971.05846761
2017-05-23,650298.1557540866,673648.4953033506,673648.4953033506
2017-05-24,653289.3320614101,676747.0761632009,676747.0761632009
2017-05-25,658850.9439588331,682508.3895746093,682508.3895746093
2017-05-26,660019.2893324317,683718.686875863,683718.686875863
2017-05-30,660580.2011872146,684299.7394647852,684299.7394647852
2017-05-31,660346.3805761299,684057.5230269338,684057.5230269338
2017-06-01,663917.0466334797,687720.5050900675,687720.5050900675
2017-06-02,671499.6756579687,695574.9945764792,695574.9945764792
2017-06-05,671359.2172555076,695429.5003103288,695429.5003103288
2017-06-06,668691.1905507357,692665.8166810207,692665.8166810207
2017-06-07,671312.6254353503,695381.2380307954,695381.2380307954
2017-06-08,672014.7656827694,696108.5521554252,696108.5521554252
2017-06-09,655210.6745068586,678701.9828713912,678701.9828713912
2017-06-12,651700.1250346497,675065.569454364,675065.569454364
2017-06-13,656989.4348591497,680544.5172273243,680544.5172273243
2017-06-14,654134.2820493162,677586.9984492713,677586.9984492713
2017-06-15,651232.2338895524,674580.9029794404,674580.9029794404
2017-06-16,648406.4475852578,671653.8035860443,671653.8035860443
2017-06-19,659248.8346070048,682884.9233724509,682884.9233724509
2017-06-20,654085.6414031911,677536.6138870874,677536.6138870874
2017-06-21,660562.7391119286,684245.9353759056,684245.9353759056
2017-06-22,660375.0818297642,684051.5500057327,684051.5500057327
2017-06-23,662909.6313168543,686676.9708505142,686676.9708505142
2017-06-26,659811.7305710547,683468.0008799083,683468.0008799083
2017-06-27,647843.323973878,671070.4902694034,671070.4902694034
2017-06-28,657183.3903841041,680745.426651571,680745.426651571
2017-06-29,645778.2591631938,668931.3865638293,668931.3865638293
2017-06-30,646012.7359128451,669174.2700227189,669174.2700227189
2017-07-03,640206.9190796822,663124.454575306,663124.454575306
2017-07-05,646506.0439920464,669649.0697385067,669649.0697385067
2017-07-06,640676.9100120687,663611.2698086406,663611.2698086406
2017-07-07,647587.3119407953,670769.043917784,670769.043917784
2017-07-10,651817.9143423632,675151.0895134448,675151.0895134448
2017-07-11,653651.3653858453,677050.1727425784,677050.1727425784
2017-07-12,661407.8877948856,685084.355970854,685084.355970854
2017-07-13,662865.0572881985,686593.6878707123,686593.6878707123
2017-07-14,668082.9142518138,691998.3288546356,691998.3288546356
2017-07-17,668411.9231047085,692339.1152623176,692339.1152623176
2017-07-18,672877.748975833,696964.8046398624,696964.8046398624
2017-07-19,676826.4632195384,701054.8713059571,701054.8713059571
2017-07-20,677719.7043948843,701980.087903205,701980.087903205
2017-07-21,677437.5122325377,701687.7940866831,701687.7940866831
2017-07-24,680539.9539936875,704901.2941901677,704901.2941901677
2017-07-25,678800.7443402701,703099.8259172655,703099.8259172655
2017-07-26,681010.2489305582,705388.4243104578,705388.4243104578
2017-07-27,676732.4498328369,700957.4925149423,700957.4925149423
2017-07-28,676168.5215148699,700373.3772123321,700373.3772123321
2017-07-31,673300.9992187923,697403.2060037757,697403.2060037757
2017-08-01,675851.7301865377,700009.4593411438,700009.4593411438
2017-08-02,677687.8972345531,701911.2585748109,701911.2585748109
2017-08-03,675051.6229071172,699180.7529266062,699180.7529266062
2017-08-04,676275.3029614592,700448.1723545479,700448.1723545479
2017-08-07,680559.5912552202,704885.5987873388,704885.5987873388
2017-08-08,679382.7211301824,703666.6624686952,703666.6624686952
2017-08-09,678488.0045139735,702739.9649893487,702739.9649893487
2017-08-10,663941.1529878291,687673.148974656,687673.148974656
2017-08-11,668978.510290588,692890.5622097146,692890.5622097146
2017-08-14,677593.5162388833,701813.5040129743,701813.5040129743
2017-08-15,678064.5839664644,702301.4096445928,702301.4096445928
2017-08-16,679241.5302052085,703520.4247975606,703520.4247975606
2017-08-17,665353.5189198045,689135.9986919469,689135.9986919469
2017-08-18,664882.6034196357,688648.2507289764,688648.2507289764
2017-08-21,664035.3056423804,687770.6670335204,687770.6670335204
2017-08-22,674157.0585183208,698254.2131159077,698254.2131159077
2017-08-23,671756.0516567039,695767.384363378,695767.384363378
2017-08-24,669778.845911127,693719.5051272245,693719.5051272245
2017-08-25,668366.4038654454,692256.5765756095,692256.5765756095
2017-08-28,670438.0667203984,694402.2892079238,694402.2892079238
2017-08-29,673074.3410478341,697132.7948561285,697132.7948561285
2017-08-30,680983.2401438479,705324.3906350669,705324.3906350669
2017-08-31,688280.41338325,712882.3949515205,712882.3949515205
2017-09-01,688338.5869277102,712906.914452849,712906.914452849
2017-09-05,682162.5041260628,706510.3935877618,706510.3935877618
2017-09-06,684236.8752135547,708658.8035701435,708658.8035701435
2017-09-07,685839.8745510264,710319.0175015571,710319.0175015571
2017-09-08,679899.4776243892,704166.5946619541,704166.5946619541
2017-09-11,687725.7426731561,712272.1964305682,712272.1964305682
2017-09-12,689376.0773690952,713981.4352241504,713981.4352241504
2017-09-13,690318.8970935454,714957.9062711145,714957.9062711145
2017-09-14,686263.987166989,710758.2676353842,710758.2676353842
2017-09-15,688621.6081611877,713200.0373405018,713200.0373405018
2017-09-18,687719.0349250963,712265.2492681353,712265.2492681353
2017-09-19,688900.1321544888,713488.5024715234,713488.5024715234
2017-09-20,686774.0046927627,711286.4888153694,711286.4888153694
2017-09-21,682569.0089033685,706931.4074202025,706931.4074202025
2017-09-22,681907.5334753809,706246.322470283,706246.322470283
2017-09-25,674725.2884647641,698807.7272402573,698807.7272402573
2017-09-26,676473.4953028484,700618.3314493381,700618.3314493381
2017-09-27,682569.0089033685,706931.4074202025,706931.4074202025
2017-09-28,682332.3321110313,706686.283109359,706686.283109359
2017-09-29,687246.7484821589,711776.1058768353,711776.1058768353
2017-10-02,688860.2837440129,713411.5502744485,713411.5502744485
2017-10-03,690327.369766097,714930.9238515001,714930.9238515001
2017-10-04,690989.9592177693,715617.1282663401,715617.1282663401
2017-10-05,697756.3104846164,722624.6351017562,722624.6351017562
2017-10-06,698702.7141737677,723604.7690113398,723604.7690113398
2017-10-09,697898.4466089268,722771.8370165525,722771.8370165525
2017-10-10,698419.0526066693,723310.9976282124,723310.9976282124
2017-10-11,700500.9422513073,725467.0866841951,725467.0866841951
2017-10-12,699222.9384955588,724143.534343959,724143.534343959
2017-10-13,701920.3187794634,726937.050381146,726937.050381146
2017-10-16,704333.7321555085,729436.4788119731,729436.4788119731
2017-10-17,705232.5026859221,730367.2818972641,730367.2818972641
2017-10-18,704380.9836382949,729485.414357225,729485.414357225
2017-10-19,701778.5643311045,726790.2437453904,726790.2437453904
2017-10-20,703671.2953742167,728750.4325087495,728750.4325087495
2017-10-23,699081.2603823901,723996.8067640116,723996.8067640116
2017-10-24,700264.2268262341,725221.9346230869,725221.9346230869
2017-10-25,697614.4033658769,722477.6703543843,722477.6703543843
2017-10-26,695390.4539321187,720174.4584394136,720174.4584394136
2017-10-27,715642.7142610154,741148.517735259,741148.517735259
2017-10-30,717251.6310666486,742814.7770038744,742814.7770038744
2017-10-31,719948.7060097922,745607.9768178288,745607.9768178288
2017-11-01,720711.8433450725,746362.68295831,746362.68295831
2017-11-02,719337.5830563657,744939.5114014203,744939.5114014203
2017-11-03,726255.7429689715,752103.895393699,752103.895393699
2017-11-06,728719.5964357416,754655.439815863,754655.439815863
2017-11-07,729146.2913368186,755097.3212059264,755097.3212059264
2017-11-08,732083.9274974037,758139.5107115037,758139.5107115037
2017-11-09,728245.7373007048,754164.71557061,754164.71557061
2017-11-10,728198.3437430789,754115.6352299007,754115.6352299007
2017-11-13,729098.7448967488,755048.0825415374,755048.0825415374
2017-11-14,726445.240758253,752300.1375946961,752300.1375946961
2017-11-15,723033.669021409,748767.144682026,748767.144682026
2017-11-16,732273.4252866853,758335.752912501,758335.752912501
2017-11-17,729478.1226814218,755440.9627527312,755440.9627527312
2017-11-20,728909.4764311331,754852.0778260597,754852.0778260597
2017-11-21,736822.2895241067,763046.5156785144,763046.5156785144
2017-11-22,737722.6906777765,763978.962990151,763978.962990151
2017-11-24,740423.5119326762,766775.9091158616,766775.9091158616
2017-11-27,740091.9863529608,766432.5842164162,766432.5842164162
2017-11-28,741987.1935694425,768395.2437119087,768395.2437119087
2017-11-29,729051.5042215668,754999.1605245078,754999.1605245078
2017-11-30,735163.8207720885,761329.0204010487,761329.0204010487
2017-12-01,733036.4633534168,759090.3679462869,759090.3679462869
2017-12-04,724590.4203803183,750344.1319967003,750344.1319967003
2017-12-05,725064.7735460269,750835.3448313894,750835.3448313894
2017-12-06,728338.8590643189,754225.7993381111,754225.7993381111
2017-12-07,730806.2303638917,756780.8670343134,756780.8670343134
2017-12-08,734032.8576019289,760122.1764776967,760122.1764776967
2017-12-11,739726.4734114722,766018.1572861266,766018.1572861266
2017-12-12,738730.1557085734,764986.428020948,764986.428020948
2017-12-13,740153.6744793792,766460.5421224021,766460.5421224021
2017-12-14,739631.7864878024,765920.1049581437,765920.1049581437
2017-12-15,748029.8353613527,774616.6409807736,774616.6409807736
2017-12-18,754301.4470970322,781111.1611009247,781111.1611009247
2017-12-19,749832.1783724509,776483.0436603909,776483.0436603909
2017-12-20,749023.7801502388,775645.9129927855,775645.9129927855
2017-12-21,749118.9263475884,775744.4409181555,775744.4409181555
2017-12-22,748263.0698451214,774858.1651872118,774858.1651872118
2017-12-26,744221.691098967,770673.1459790341,770673.1459790341
2017-12-27,744316.6076594767,770771.4361057107,770771.4361057107
2017-12-28,745219.9989878119,771706.9361662238,771706.9361662238
2017-12-29,740607.5899663329,766930.5908733633,766930.5908733633
2018-01-02,754588.0482533693,781372.4169811248,781372.4169811248
2018-01-03,761920.2686520763,788964.8971271293,788964.8971271293
2018-01-04,763253.3160185782,790345.2614797386,790345.2614797386
2018-01-05,770918.49167028,798282.5152427931,798282.5152427931
2018-01-08,773918.0781863825,801388.5731394908,801388.5731394908
2018-01-09,773965.7527184642,801437.9398958916,801437.9398958916
2018-01-10,772156.5732084071,799564.5429214786,799564.5429214786
2018-01-11,777441.4713781219,805037.0304143928,805037.0304143928
2018-01-12,783154.9804536253,810953.342508261,810953.342508261
2018-01-16,780917.2666849372,808636.2003006696,808636.2003006696
2018-01-17,789344.0084954224,817362.0522817282,817362.0522817282
2018-01-18,789486.9554445097,817510.0731831552,817510.0731831552
2018-01-19,791962.7352849755,820073.7317016483,820073.7317016483
2018-01-22,800437.6881576463,828849.5060135367,828849.5060135367
2018-01-23,807055.7869881784,835702.5165946113,835702.5165946113
2018-01-24,801818.2567619146,830279.0783869957,830279.0783869957
2018-01-25,801532.6694523707,829983.3540552441,829983.3540552441
2018-01-26,813816.2195905362,842702.9131349083,842702.9131349083
2018-01-29,809864.6753759542,838611.1074657057,838611.1074657057
2018-01-30,803198.9786604982,831708.8094960058,831708.8094960058
2018-01-31,806531.9803125416,835160.1172164069,835160.1172164069
2018-02-01,800675.5921473627,829060.369782179,829060.369782179
2018-02-02,784705.915892718,812524.551991769,812524.551991769
2018-02-05,753767.6755147442,780489.5190024631,780489.5190024631
2018-02-06,773741.6468086975,801171.5882317394,801171.5882317394
2018-02-07,763730.9859534027,790806.0390981681,790806.0390981681
2018-02-08,731505.3053979701,757437.924845908,757437.924845908
2018-02-09,744138.1970248189,770518.6655432536,770518.6655432536
2018-02-12,757342.9773141867,784191.5689475338,784191.5689475338
2018-02-13,761251.9575764089,788239.126601911,788239.126601911
2018-02-14,775505.5073856355,802997.9794899498,802997.9794899498
2018-02-15,789901.9526175152,817904.7935911275,817904.7935911275
2018-02-16,786374.2314636393,814252.0110747066,814252.0110747066
2018-02-20,787947.3090004508,815880.8558367497,815880.8558367497
2018-02-21,785707.0280240335,813561.1545832829,813561.1545832829
2018-02-22,785611.5597609936,813462.3018716046,813462.3018716046
2018-02-23,801676.3205637946,830096.5750557199,830096.5750557199
2018-02-26,812307.0646709889,841104.1900336324,841104.1900336324
2018-02-27,802248.8231701276,830689.3734714113,830689.3734714113
2018-02-28,797100.06011899,825358.0814463244,825358.0814463244
2018-03-01,785085.9164456751,812882.5835553737,812882.5835553737
2018-03-02,792293.1246030953,820344.9693458984,820344.9693458984
2018-03-05,801075.8001555685,829438.6033597967,829438.6033597967
2018-03-06,804464.5572930229,832947.3424662206,832947.3424662206
2018-03-07,806326.4872764169,834875.1957413789,834875.1957413789
2018-03-08,810765.5047833577,839471.3806224248,839471.3806224248
2018-03-09,826516.797737672,855780.3621527622,855780.3621527622
2018-03-12,830907.943411851,860326.9802561091,860326.9802561091
2018-03-13,819595.5911236544,848614.1040453766,848614.1040453766
2018-03-14,819452.2061478378,848465.6423966024,848465.6423966024
2018-03-15,818736.3570402773,847724.448012905,847724.448012905
2018-03-16,816302.1934476087,845204.100687146,845204.100687146
2018-03-19,798885.3756536236,827170.6249246655,827170.6249246655
2018-03-20,801514.7917776696,829893.137871826,829893.137871826
2018-03-21,798024.6815946085,826279.4572248162,826279.4572248162
2018-03-22,778327.7660581757,805885.1548256401,805885.1548256401
2018-03-23,757817.4904097285,784648.6945742272,784648.6945742272
2018-03-26,785976.9626297961,813805.1780243901,813805.1780243901
2018-03-27,760542.9575625905,787470.6593225491,787470.6593225491
2018-03-28,751793.6309273223,778411.554974014,778411.554974014
2018-03-29,765562.6611693419,792668.0900126979,792668.0900126979
2018-04-02,744474.6203544154,770798.0130304199,770798.0130304199
2018-04-03,752852.4528237224,779472.0718153513,779472.0718153513
2018-04-04,764724.8575571182,791764.2651664664,791764.2651664664
2018-04-05,769081.5120293417,796274.9637434726,796274.9637434726
2018-04-06,749836.4731457277,776349.452078453,776349.452078453
2018-04-09,755102.4535315298,781801.6288311019,781801.6288311019
2018-04-10,771762.3999529249,799050.6434351073,799050.6434351073
2018-04-11,767310.0269634827,794440.841892244,794440.841892244
2018-04-12,776549.7108084874,804007.225693707,804007.225693707
2018-04-13,772528.4558672581,799843.7858210184,799843.7858210184
2018-04-16,778416.7605032738,805940.2911812656,805940.2911812656
2018-04-17,795172.3484977421,823288.3290863646,823288.3290863646
2018-04-18,796799.9480111902,824973.4778297533,824973.4778297533
2018-04-19,789475.4808961641,817390.0296578316,817390.0296578316
2018-04-20,776980.5210801177,804453.2687048276,804453.2687048276
2018-04-23,775017.4450915297,802420.7815923577,802420.7815923577
2018-04-24,758597.1796839099,785419.9227268128,785419.9227268128
2018-04-25,759506.8903182169,786361.7992262731,786361.7992262731
2018-04-26,775496.4993424978,802916.7744102245,802916.7744102245
2018-04-27,775975.3227610289,803412.5282338008,803412.5282338008
2018-04-30,770470.0460821798,797712.5940665092,797712.5940665092
2018-05-01,780278.3119689444,807832.3162877705,807832.3162877705
2018-05-02,775676.4652733564,803067.964365804,803067.964365804
2018-05-03,775580.623963328,802968.7386071371,802968.7386071371
2018-05-04,790296.3483239475,818204.1200264848,818204.1200264848
2018-05-07,796863.4041322417,825003.0785819503,825003.0785819503
2018-05-08,796048.5989112922,824159.5001063393,824159.5001063393
2018-05-09,804724.7798830428,833142.063460247,833142.063460247
2018-05-10,813065.3621839863,841777.1771318777,841777.1771318777
2018-05-11,812298.1694466361,840982.8924817138,840982.8924817138
2018-05-14,813688.6388705863,842422.4636170983,842422.4636170983
2018-05-15,804676.8592280286,833092.4505809137,833092.4505809137
2018-05-16,809997.3616631228,838600.836165938,838600.836165938
2018-05-17,806881.8257015134,835375.2811380227,835375.2811380227
2018-05-18,802711.6501153223,831057.8439474148,831057.8439474148
2018-05-21,807217.347329467,835722.6510568281,835722.6510568281
2018-05-22,806162.7847477387,834630.848657607,834630.848657607
2018-05-23,812969.5979168116,841678.0311366825,841678.0311366825
2018-05-24,812729.6864703255,841429.6476861292,841429.6476861292
2018-05-25,813544.6457769824,842273.3856886834,842273.3856886834
2018-05-29,809949.5180509622,838551.3030500761,838551.3030500761
2018-05-30,815749.7663361748,844556.3757727356,844556.3757727356
2018-05-31,815222.3309596033,844010.3150461818,844010.3150461818
2018-06-01,829020.6980810651,858260.6420917519,858260.6420917519
2018-06-04,836507.2742526175,866011.2732725395,866011.2732725395
2018-06-05,839098.962361543,868694.3714214962,868694.3714214962
2018-06-06,843994.081831781,873762.1440227919,873762.1440227919
2018-06-07,837131.3034439983,866657.3122625409,866657.3122625409
2018-06-08,837179.1276836345,866706.8232852605,866706.8232852605
2018-06-11,839434.9662129219,869042.2262843448,869042.2262843448
2018-06-12,843850.2234335208,873613.211672192,873613.211672192
2018-06-13,843802.3220580142,873563.6207929841,873563.6207929841
2018-06-14,852345.1197026913,882407.7268674788,882407.7268674788
2018-06-15,849369.1406875285,879326.7836940244,879326.7836940244
2018-06-18,848878.9422312583,878819.2957111493,878819.2957111493
2018-06-19,846474.0772003952,876329.6099767518,876329.6099767518
2018-06-20,852485.7383943957,882553.3052455719,882553.3052455719
2018-06-21,845079.0749845578,874885.4053866188,874885.4053866188
2018-06-22,843203.3620245071,872943.5351616663,872943.5351616663
2018-06-25,824206.0313236343,853276.1598077086,853276.1598077086
2018-06-26,827572.703522276,856761.5760941862,856761.5760941862
2018-06-27,816318.3486261015,845110.2748879831,845110.2748879831
2018-06-28,823340.104042739,852379.6908705323,852379.6908705323
2018-06-29,825552.6693487428,854670.2943797043,854670.2943797043
2018-07-02,832083.319888503,861396.0241036778,861396.0241036778
2018-07-03,822452.7520087374,851426.1897334825,851426.1897334825
2018-07-05,832661.1446938502,861994.2045719767,861994.2045719767
2018-07-06,845614.166590034,875403.5366602533,875403.5366602533
2018-07-09,853222.4248797406,883279.8193406767,883279.8193406767
2018-07-10,853848.4403665281,883927.8881559708,883927.8881559708
2018-07-11,849514.5998691118,879441.3747451814,879441.3747451814
2018-07-12,864153.1371858653,894595.5997391815,894595.5997391815
2018-07-13,864875.6112641897,895343.5251977401,895343.5251977401
2018-07-16,862804.8020780658,893199.7653638768,893199.7653638768
2018-07-17,868053.4160076309,898633.2779255615,898633.2779255615
2018-07-18,866416.32295447,896938.5132146556,896938.5132146556
2018-07-19,862082.4052283976,892451.9198545922,892451.9198545922
2018-07-20,861889.7969599485,892252.5263651592,892252.5263651592
2018-07-23,864634.657856988,895094.0834627638,895094.0834627638
2018-07-24,868198.065280608,898783.0229158213,898783.0229158213
2018-07-25,880332.5406502114,911344.9726486449,911344.9726486449
2018-07-26,866994.533903098,897537.0934293246,897537.0934293246
2018-07-27,855292.7706939277,885423.0994788958,885423.0994788958
2018-07-30,843206.4860057646,872911.0380930675,872911.0380930675
2018-07-31,849658.9402274644,879590.7999383451,879590.7999383451
2018-08-01,853885.1763429119,883930.700748053,883930.700748053
2018-08-02,865503.4654340079,895957.8007637368,895957.8007637368
2018-08-03,868155.2039919341,898702.8456323539,898702.8456323539
2018-08-06,873265.3058414764,903992.755837969,903992.755837969
2018-08-07,876447.1446896156,907286.5535529602,907286.5535529602
2018-08-08,877507.6545467568,908384.3794048949,908384.3794048949
2018-08-09,876977.3996181862,907835.4664789275,907835.4664789275
2018-08-10,870276.4556637532,900898.7374556136,900898.7374556136
2018-08-13,869312.1308651045,899900.4811108097,899900.4811108097
2018-08-14,874759.5762919803,905539.6049495534,905539.6049495534
2018-08-15,864056.900916856,894460.3362067343,894460.3362067343
2018-08-16,866901.6281451981,897405.160407987,897405.160407987
2018-08-17,867094.5394964352,897604.8597008258,897604.8597008258
2018-08-20,866322.9714106658,896806.1425692673,896806.1425692673
2018-08-21,869504.8102588049,900099.9402842583,900099.9402842583
2018-08-22,872879.7150965389,903593.5973716816,903593.5973716816
2018-08-23,871625.9072922663,902295.6720279244,902295.6720279244
2018-08-24,879725.323234605,910680.0808546755,910680.0808546755
2018-08-27,888692.260363669,919962.5362007257,919962.5362007257
2018-08-28,889993.7741012935,921309.8460990647,921309.8460990647
2018-08-29,900262.5342446975,931939.9315026407,931939.9315026407
2018-08-30,898671.6921398068,930293.112684942,930293.112684942
2018-08-31,899828.4643746194,931490.5880838042,931490.5880838042
2018-09-04,896971.5611426072,928497.9831527324,928497.9831527324
2018-09-05,885388.3774768604,916507.678066099,916507.678066099
2018-09-06,877473.2058422058,908314.3069298695,908314.3069298695
2018-09-07,874094.9998136966,904817.3649753783,904817.3649753783
2018-09-10,877038.9612710275,907864.7996924042,907864.7996924042
2018-09-11,883795.6829498434,914859.004105656,914859.004105656
2018-09-12,881189.596279178,912161.3196723262,912161.3196723262
2018-09-13,890600.7830345392,921903.2873109604,921903.2873109604
2018-09-14,887994.8511747727,919205.7631297652,919205.7631297652
2018-09-17,875204.8391473072,905966.2125281014,905966.2125281014
2018-09-18,882444.3386140802,913460.1632230056,913460.1632230056
2018-09-19,881768.5116352998,912760.5825295459,912760.5825295459
2018-09-20,891517.7279882252,922852.4607040109,922852.4607040109
2018-09-21,886643.4294335601,917806.8421210475,917806.8421210475
2018-09-24,889109.1800244489,920359.2579943908,920359.2579943908
2018-09-25,890317.8661169533,921610.4265350361,921610.4265350361
2018-09-26,890946.1661497973,922260.8098231832,922260.8098231832
2018-09-27,898488.9401673505,930068.6944497076,930068.6944497076
2018-09-28,898295.6587601788,929868.6196596986,929868.6196596986
2018-10-01,901132.7320027472,932770.2722088003,932770.2722088003
2018-10-02,899099.7446787602,930665.9094748244,930665.9094748244
2018-10-03,900067.6124766103,931667.7577899515,931667.7577899515
2018-10-04,882787.7239169305,913781.1959293829,913781.1959293829
2018-10-05,871993.5569912671,902608.0605366187,902608.0605366187
2018-10-08,866669.1992232539,897096.771834932,897096.771834932
2018-10-09,869476.7132597719,900002.8538571141,900002.8538571141
2018-10-10,831237.6436630765,860421.2627218671,860421.2627218671
2018-10-11,820927.7980934229,849749.4525468405,849749.4525468405
2018-10-12,843774.205099121,873397.9657179646,873397.9657179646
2018-10-15,833560.8363435846,862826.0195263114,862826.0195263114
2018-10-16,857811.1553503756,887927.7341325962,887927.7341325962
2018-10-17,858149.7153510808,888278.1805128035,888278.1805128035
2018-10-18,838255.8863144529,867685.9062930783,867685.9062930783
2018-10-19,837481.6695675898,866884.5078530115,866884.5078530115
2018-10-22,841789.5724193179,871343.6552937276,871343.6552937276
2018-10-23,838691.8530262787,868137.1792010771,868137.1792010771
2018-10-24,800307.7194970312,828405.4311366132,828405.4311366132
2018-10-25,827994.7053546512,857064.4692759301,857064.4692759301
2018-10-26,806696.9643169304,835018.9936210442,835018.9936210442
2018-10-29,790094.5832157457,817833.7255810646,817833.7255810646
2018-10-30,803114.8460764644,831311.1120986211,831311.1120986211
2018-10-31,821992.607653892,850851.64611755,850851.64611755
2018-11-01,833834.5968394616,863074.2932739217,863074.2932739217
2018-11-02,820846.9625193365,849631.227521278,849631.227521278
2018-11-05,818811.3021293039,847524.1835594029,847524.1835594029
2018-11-06,825014.5655825036,853944.9740149145,853944.9740149145
2018-11-07,850893.1640174798,880731.045425054,880731.045425054
2018-11-08,845465.5121550704,875113.0645772436,875113.0645772436
2018-11-09,831217.7514512687,860365.6841653738,860365.6841653738
2018-11-12,806065.9639978393,834331.9104850477,834331.9104850477
2018-11-13,806744.439876749,835034.1781672871,835034.1781672871
2018-11-14,800589.8218639242,828663.7389795587,828663.7389795587
2018-11-15,814595.2863790655,843160.32671314,843160.32671314
2018-11-16,811736.1448022121,840200.9249263036,840200.9249263036
2018-11-19,785372.8764054808,812913.1878545346,812913.1878545346
2018-11-20,771318.9992032679,798366.489768327,798366.489768327
2018-11-21,777182.7531714921,804435.8653150358,804435.8653150358
2018-11-23,771561.2953919283,798617.2824466155,798617.2824466155
2018-11-26,789395.1638229991,817076.5229852399,817076.5229852399
2018-11-27,792060.7322360011,819835.5636666233,819835.5636666233
2018-11-28,817551.3309144961,846220.0295102815,846220.0295102815
2018-11-29,814885.9952547973,843461.229744055,843461.229744055
2018-11-30,820798.3946633962,849580.956558547,849580.956558547
2018-12-03,836142.9135846171,865428.4986807994,865428.4986807994
2018-12-04,804071.0413762907,832233.3214399348,832233.3214399348
2018-12-06,809748.1649702556,838109.2841120182,838109.2841120182
2018-12-07,783013.50046438,810438.2482278956,810438.2482278956
2018-12-10,791213.5052833179,818925.4550729615,818925.4550729615
2018-12-11,793833.4831409217,821637.1966509203,821637.1966509203
2018-12-12,800820.4014704232,828868.8291171732,828868.8291171732
2018-12-13,801063.0653746941,829119.9922316902,829119.9922316902
2018-12-14,781557.983102591,808931.7519283376,808931.7519283376
2018-12-17,763848.2564064848,790601.7488419603,790601.7488419603
2018-12-18,768651.5103067721,795573.2348692563,795573.2348692563
2018-12-19,749777.323114851,776037.9865044781,776037.9865044781
2018-12-20,738908.8697993,764788.8697768892,764788.8697768892
2018-12-21,716007.5803496891,741085.4714412343,741085.4714412343
2018-12-24,698252.1793975933,722708.1943755562,722708.1943755562
2018-12-26,741850.354026871,767833.3783622058,767833.3783622058
2018-12-27,744721.1519058868,770804.7248366997,770804.7248366997
2018-12-28,744331.6778930781,770401.6096458584,770401.6096458584
2018-12-31,750608.703322089,776898.4854848479,776898.4854848479
2019-01-02,754625.3123038608,781020.7605443232,781020.7605443232
2019-01-03,729971.4313802444,755504.5308136425,755504.5308136425
2019-01-04,761202.8851004413,787828.4051122442,787828.4051122442
2019-01-07,770265.3066321205,797207.813994563,797207.813994563
2019-01-08,777233.0256476029,804419.2514006539,804419.2514006539
2019-01-09,783566.9126180632,810974.6864466475,810974.6864466475
2019-01-10,785807.9199663482,813294.0802371891,813294.0802371891
2019-01-11,782933.547255121,810319.1670923375,810319.1670923375
2019-01-14,776014.8298580415,803158.4452939115,803158.4452939115
2019-01-15,791167.9969964875,818841.6432070485,818841.6432070485
2019-01-16,791021.2254823192,818689.7378869475,818689.7378869475
2019-01-17,797258.2759211741,825144.9492320796,825144.9492320796
2019-01-18,805151.2699406547,833314.0261124271,833314.0261124271
2019-01-22,789023.8261798078,816622.4731173685,816622.4731173685
2019-01-23,790047.0266402649,817681.4633059904,817681.4633059904
2019-01-24,795163.0289425505,822976.4142490999,822976.4142490999
2019-01-25,804664.1316294542,832809.8485714664,832809.8485714664
2019-01-28,794724.5811283661,822522.6303119459,822522.6303119459
2019-01-29,787221.2666457071,814756.8632639811,814756.8632639811
2019-01-30,807246.2835782383,835482.3195925131,835482.3195925131
2019-01-31,819330.0048960063,847988.7079417135,847988.7079417135
2019-02-01,816870.1907267462,845407.8861305445,845407.8861305445
2019-02-04,827016.9988382687,855909.1771482797,855909.1771482797
2019-02-05,834334.273000491,863482.0832867917,863482.0832867917
2019-02-06,831846.4574133181,860907.3548409375,860907.3548409375
2019-02-07,820675.1950962845,849345.8198895263,849345.8198895263
2019-02-08,822284.8848285471,851011.7447932954,851011.7447932954
2019-02-11,821504.4929172262,850204.0895702344,850204.0895702344
2019-02-12,833651.3814058024,862775.3345939446,862775.3345939446
2019-02-13,834236.5390569018,863380.9349677676,863380.9349677676
2019-02-14,835261.2268893698,864441.4206902538,864441.4206902538
2019-02-15,838773.8860603151,868076.7960511347,868076.7960511347
2019-02-19,840432.014448285,869792.85183493,869792.85183493
2019-02-20,840285.7639733363,869641.4920396094,869641.4920396094
2019-02-21,837212.5571081074,866460.9214311219,866460.9214311219
2019-02-22,843408.0324994905,872872.8382982844,872872.8382982844
2019-02-25,846481.2393647196,876053.4089067719,876053.4089067719
2019-02-26,847359.5988465865,876962.4542376675,876962.4542376675
2019-02-27,846822.8019755422,876406.9041476008,876406.9041476008
2019-02-28,844871.5496324569,874387.4840030029,874387.4840030029
2019-03-01,851725.318254295,881445.76691185,881445.76691185
2019-03-04,851871.6626231462,881597.2178804553,881597.2178804553
2019-03-05,852506.4712812104,882254.1778092695,882254.1778092695
2019-03-06,847671.2595717399,877250.2442615728,877250.2442615728
2019-03-07,837268.4905712224,866484.4768208893,866484.4768208893
2019-03-08,835998.5613864338,865170.2342121288,865170.2342121288
2019-03-11,853385.7070017938,883164.0939376457,883164.0939376457
2019-03-12,858074.574342413,888016.5765167371,888016.5765167371
2019-03-13,864521.2114197132,894688.1651625342,894688.1651625342
2019-03-14,863056.0524535695,893171.8803452562,893171.8803452562
2019-03-15,871066.0091578466,901461.3397270709,901461.3397270709
2019-03-18,873140.5594862391,903608.2802559201,903608.2802559201
2019-03-19,876076.335120082,906646.4980352831,906646.4980352831
2019-03-20,879550.1621601274,910241.542204814,910241.542204814
2019-03-21,893299.359852953,924470.5099776811,924470.5099776811
2019-03-22,873678.7668267718,904165.268021654,904165.268021654
2019-03-25,872015.1034583397,902443.5521089742,902443.5521089742
2019-03-26,876076.335120082,906646.4980352831,906646.4980352831
2019-03-27,870449.1329477503,900822.9379883362,900822.9379883362
2019-03-28,872455.5399738648,902899.3573948833,902899.3573948833
2019-03-29,879061.1521007589,909735.4684301243,909735.4684301243
2019-04-01,891705.560163775,922786.2116554606,922786.2116554606
2019-04-02,895085.6397215641,926284.1048497718,926284.1048497718
2019-04-03,900228.9743414827,931606.7118640416,931606.7118640416
2019-04-04,899886.0801631766,931251.8660114042,931251.8660114042
2019-04-05,904539.5436556085,936067.5273003947,936067.5273003947
2019-04-08,906842.0003985345,938450.2368294403,938450.2368294403
2019-04-09,903657.7600151979,935155.0088398337,935155.0088398337
2019-04-10,908507.2968461013,940173.5776594012,940173.5776594012
2019-04-11,906352.0512163748,937943.2103288701,937943.2103288701
2019-04-12,910270.5519082308,941998.2914793598,941998.2914793598
2019-04-15,910417.8410761032,942150.7144531652,942150.7144531652
2019-04-16,913552.5947967842,945394.7309083826,945394.7309083826
2019-04-17,916736.522961429,948689.6357968258,948689.6357968258
2019-04-18,917912.3385548738,949906.4347779616,949906.4347779616
2019-04-22,920508.593086815,952593.1825017094,952593.1825017094
2019-04-23,932215.7012651486,964708.3452728612,964708.3452728612
2019-04-24,929276.5525549013,961666.7516964759,961666.7516964759
2019-04-25,933048.0762975767,965569.7329743237,965569.7329743237
2019-04-26,933881.0757673883,966431.7668781129,966431.7668781129
2019-04-29,935693.3491641358,968307.2075807158,968307.2075807158
2019-04-30,928443.7091944355,960804.8793432683,960804.8793432683
2019-05-01,926455.3983488892,958712.4205247934,958712.4205247934
2019-05-02,922434.3659470135,954551.3851269953,954551.3851269953
2019-05-03,937145.5935082483,969774.8234158304,969774.8234158304
2019-05-06,931408.2382010636,963837.706741067,963837.706741067
2019-05-07,913264.4429682004,945062.1867579087,945062.1867579087
2019-05-08,910959.8897496128,942677.3943562907,942677.3943562907
2019-05-09,906056.1211828713,937602.8879734766,937602.8879734766
2019-05-10,907183.5886629852,938769.6112489299,938769.6112489299
2019-05-13,875702.0148880823,906191.9222965458,906191.9222965458
2019-05-14,885313.1887408439,916137.7348687294,916137.7348687294
2019-05-15,897817.7712373883,929077.6978440429,929077.6978440429
2019-05-16,906840.7929158608,938414.8801511812,938414.8801511812
2019-05-17,897572.8055051713,928824.2029747834,928824.2029747834
2019-05-20,882420.327069988,913144.1504828514,913144.1504828514
2019-05-21,891639.2431952446,922684.04782579,922684.04782579
2019-05-22,887667.2820788018,918573.7922614512,918573.7922614512
2019-05-23,874083.9126926287,904517.4815461065,904517.4815461065
2019-05-24,873642.8180966591,904061.0290622246,904061.0290622246
2019-05-28,870357.2298643609,900661.044289457,900661.044289457
2019-05-29,863197.9793644648,893252.5253384842,893252.5253384842
2019-05-30,866826.6758998458,897007.56464743,897007.56464743
2019-05-31,852998.0282254976,882697.4356243961,882697.4356243961
2019-06-03,835216.4752059168,864261.963053884,864261.963053884
2019-06-04,858733.5946280552,888596.9138127745,888596.9138127745
2019-06-05,865116.0471947668,895201.322547701,895201.322547701
2019-06-06,871989.3312754403,902313.6319531461,902313.6319531461
2019-06-07,888828.9828871391,919738.8992833699,919738.8992833699
2019-06-10,899188.5476112108,930458.7282266419,930458.7282266419
2019-06-11,900415.9393266311,931728.803715926,931728.803715926
2019-06-12,895211.8266169954,926343.7127845305,926343.7127845305
2019-06-13,900513.9648106914,931830.2381341854,931830.2381341854
2019-06-14,896684.3211588808,927867.4147960866,927867.4147960866
2019-06-17,902084.875999782,933455.7793302351,933455.7793302351
2019-06-18,915193.535304762,947020.3053665941,947020.3053665941
2019-06-19,918630.372926671,950576.6624524337,950576.6624524337
2019-06-20,927172.9066110109,959416.2712851753,959416.2712851753
2019-06-21,925798.046390041,957993.5989256446,957993.5989256446
2019-06-24,925827.8530216668,958024.4421126812,958024.4421126812
2019-06-25,909934.8944527559,941578.7900221684,941578.7900221684
2019-06-26,914166.4191194249,945957.4701891571,945957.4701891571
2019-06-27,917659.8189320567,949572.356472444,949572.356472444
2019-06-28,918840.7404658874,950794.3457331199,950794.3457331199
2019-07-01,932239.7646142527,964624.5687705782,964624.5687705782
2019-07-02,935934.3508246042,968447.5001292515,968447.5001292515
2019-07-03,942977.9120328793,975735.7455474815,975735.7455474815
2019-07-05,941057.0404699479,973748.1453898943,973748.1453898943
2019-07-08,934456.3597072379,966918.1655113208,966918.1655113208
2019-07-09,939135.9339571779,971760.3021206148,971760.3021206148
2019-07-10,948494.9258238324,981444.4132647414,981444.4132647414
2019-07-11,947805.2697312335,980730.7994111225,980730.7994111225
2019-07-12,953272.8657394894,986388.3326358054,986388.3326358054
2019-07-15,956326.5871070364,989548.136335591,989548.136335591
2019-07-16,951400.7854263524,984451.2186729495,984451.2186729495
2019-07-17,946721.6027594765,979609.487249809,979609.487249809
2019-07-18,947805.2697312335,980730.7994111225,980730.7994111225
2019-07-19,940859.9175554496,973544.174680201,973544.174680201
2019-07-22,948347.0640588055,981291.4149731639,981291.4149731639
2019-07-23,954553.498992519,987713.4534323507,987713.4534323507
2019-07-24,961252.3104711075,994644.9729610018,994644.9729610018
2019-07-25,952139.8593016483,985215.9670191456,985215.9670191456
2019-07-26,961941.8882470937,995358.5057773902,995358.5057773902
2019-07-29,958641.6261823515,991943.5968753342,991943.5968753342
2019-07-30,954504.3161596605,987662.5620514657,987662.5620514657
2019-07-31,941303.3462173047,974003.0074804724,974003.0074804724
2019-08-01,937623.3937407248,970160.4899239207,970160.4899239207
2019-08-02,923817.0394807227,955875.032135257,955875.032135257
2019-08-05,891174.0170952083,922099.24240823,922099.24240823
2019-08-06,903649.0574973158,935007.187526839,935007.187526839
2019-08-07,908530.5677763304,940058.0943573134,940058.0943573134
2019-08-08,928304.0399350554,960517.738991895,960517.738991895
2019-08-09,919576.058865391,951486.8824165162,951486.8824165162
2019-08-12,909023.8618575903,940568.5065662517,940568.5065662517
2019-08-13,928944.9615997565,961180.901707736,961180.901707736
2019-08-14,901183.6846938676,932456.2621736478,932456.2621736478
2019-08-15,900148.2532044846,931384.8994839704,931384.8994839704
2019-08-16,914596.0779306131,946334.0878342257,946334.0878342257
2019-08-19,929142.1381118938,961384.9205738327,961384.9205738327
2019-08-20,921943.0394132795,953936.0011387127,953936.0011387127
2019-08-21,930128.2558731916,962405.2582667805,962405.2582667805
2019-08-22,927120.588861213,959293.2201912074,959293.2201912074
2019-08-23,897781.272656596,928935.7807617738,928935.7807617738
2019-08-26,911341.6854778008,942966.7625333619,942966.7625333619
2019-08-27,909418.1364816613,940976.4631776236,940976.4631776236
2019-08-28,912672.6857348809,944343.9507201305,944343.9507201305
2019-08-29,926627.6083807677,958783.132465555,958783.132465555
2019-08-30,924408.4906169312,956487.0076127255,956487.0076127255
2019-09-03,916433.7977972208,948200.888385315,948200.888385315
2019-09-04,929663.4462033466,961889.126861314,961889.126861314
2019-09-05,946693.7704720185,979509.7871205265,979509.7871205265
2019-09-06,945755.7079442096,978539.2077678582,978539.2077678582
2019-09-09,943781.2401553799,976496.2973951106,976496.2973951106
2019-09-10,941066.258649191,973687.2042753394,973687.2042753394
2019-09-11,949902.1923323184,982829.4251189982,982829.4251189982
2019-09-12,953851.44185326,986915.5706902472,986915.5706902472
2019-09-13,950445.2357250486,983391.2924668154,983391.2924668154
2019-09-16,946200.1731462663,978999.0798289493,978999.0798289493
2019-09-17,950741.5196978129,983697.8467720634,983697.8467720634
2019-09-18,950346.7360201959,983289.3783865278,983289.3783865278
2019-09-19,951926.1846739466,984923.5767544243,984923.5767544243
2019-09-20,941856.061461887,974504.3846657261,974504.3846657261
2019-09-23,942271.4869103219,974934.2103445809,974934.2103445809
2019-09-24,929757.5507022458,961986.493381047,961986.493381047
2019-09-25,940193.9672390447,972784.675918114,972784.675918114
2019-09-26,936731.8007207456,969202.4975040486,969202.4975040486
2019-09-27,925107.7367466302,957175.4991399588,957175.4991399588
2019-09-30,933912.3545873383,966285.3186146655,966285.3186146655
2019-10-01,927294.613358996,959403.5278183238,959403.5278183238
2019-10-02,911350.2179252509,942907.0346782916,942907.0346782916
2019-10-03,921352.7958925589,953255.9663455976,953255.9663455976
2019-10-04,934920.2757704665,967293.2397977938,967293.2397977938
2019-10-07,932097.5510494888,964372.7741589865,964372.7741589865
2019-10-08,918134.15429052,949925.8746322497,949925.8746322497
2019-10-09,927096.5370626762,959198.5928443375,959198.5928443375
2019-10-10,934276.4688795327,966627.1401639802,966627.1401639802
2019-10-11,946308.9163888566,979076.2285361403,979076.2285361403
2019-10-14,946210.1532375381,978974.045568151,978974.045568151
2019-10-15,958242.3650352836,991422.8900668791,991422.8900668791
2019-10-16,955865.5280499721,988963.7516701871,988963.7516701871
2019-10-17,958391.0990412071,991576.7742024428,991576.7742024428
2019-10-18,949180.7476886521,982047.5011399382,982047.5011399382
2019-10-21,957599.0295675063,990757.2781799295,990757.2781799295
2019-10-22,949973.1314444575,982867.3223270276,982867.3223270276
2019-10-23,951805.2389722578,984762.8692224711,984762.8692224711
2019-10-24,961064.8540446829,994343.1118322544,994343.1118322544
2019-10-25,968740.015887602,1002284.0372324351,1002284.0372324351
2019-10-28,978296.7846897698,1012171.7229487698,1012171.7229487698
2019-10-29,970720.6217097477,1004333.2243900105,1004333.2243900105
2019-10-30,975424.9533899742,1009200.4503449718,1009200.4503449718
2019-10-31,975870.2125614317,1009661.1272579352,1009661.1272579352
2019-11-01,985733.5322722424,1019831.3625920068,1019831.3625920068
2019-11-04,991830.030911093,1026138.747204933,1026138.747204933
2019-11-05,992375.3920273015,1026702.9730854968,1026702.9730854968
2019-11-06,990144.8697810259,1024395.294116245,1024395.294116245
2019-11-07,993465.8783088463,1027831.1807338987,1027831.1807338987
2019-11-08,997431.2686689564,1031933.7392061038,1031933.7392061038
2019-11-11,996093.1126217726,1030549.2945663701,1030549.2945663701
2019-11-12,998967.7807494655,1033523.4012774474,1033523.4012774474
2019-11-13,999215.7651162675,1033779.963752414,1033779.963752414
2019-11-14,998422.5769338384,1032959.3381387008,1032959.3381387008
2019-11-15,1005758.6041552455,1040549.1282719164,1040549.1282719164
2019-11-18,1006551.3990862207,1041369.3470310862,1041369.3470310862
2019-11-19,1008038.5187841255,1042907.908171799,1042907.908171799
2019-11-20,1001991.4125278792,1036651.6244895037,1036651.6244895037
2019-11-21,999760.7329810222,1034343.7827784346,1034343.7827784346
2019-11-22,1000405.429414475,1035010.7801166207,1035010.7801166207
2019-11-25,1012251.6575601652,1047266.7850062448,1047266.7850062448
2019-11-26,1014184.881707325,1049266.881940808,1049266.881940808
2019-11-27,1021272.8459116392,1056600.0282281484,1056600.0282281484
2019-11-29,1016613.7599869259,1051779.7783416694,1051779.7783416694
2019-12-02,1007204.3300441827,1042010.282784831,1042010.282784831
2019-12-03,999315.2687237826,1033848.5992295027,1033848.5992295027
2019-12-04,1004376.0898302828,1039084.3070943373,1039084.3070943373
2019-12-05,1006360.6761600899,1041137.474759574,1041137.474759574
2019-12-06,1017127.4191500833,1052276.2840091158,1052276.2840091158
2019-12-09,1012513.2244419089,1047502.6366078202,1047502.6366078202
2019-12-10,1011669.8067431139,1046630.0729297148,1046630.0729297148
2019-12-11,1017028.0638681008,1052173.495307373,1052173.495307373
2019-12-12,1024619.531713149,1060027.3014517766,1060027.3014517766
2019-12-13,1027993.2025083288,1063517.5561641983,1063517.5561641983
2019-12-16,1038313.3978284292,1074194.3863992516,1074194.3863992516
2019-12-17,1038908.9784212961,1074810.5484663541,1074810.5484663541
2019-12-18,1039702.3248369367,1075631.3105483355,1075631.3105483355
2019-12-19,1046202.301691964,1082355.907056479,1082355.907056479
2019-12-20,1050419.8625565346,1086719.214141309,1086719.214141309
2019-12-23,1053194.3312509463,1089589.5601303051,1089589.5601303051
2019-12-24,1053741.2576724463,1090155.3866841926,1090155.3866841926
2019-12-26,1063039.7153938385,1099775.1711417371,1099775.1711417371
2019-12-27,1062144.6518432363,1098849.1768864978,1098849.1768864978
2019-12-30,1055183.4051014136,1091647.3703914208,1091647.3703914208
2019-12-31,1057172.3214950154,1093705.0177544355,1093705.0177544355
2020-01-02,1075823.8021940163,1112966.4909081345,1112966.4909081345
2020-01-03,1065969.3396042672,1102771.804170463,1102771.804170463
2020-01-06,1072837.613348889,1109877.204248579,1109877.204248579
2020-01-07,1072688.284206218,1109722.719535032,1109722.719535032
2020-01-08,1080750.8758855741,1118063.6712324177,1118063.6712324177
2020-01-09,1089908.8106167119,1127537.7825700678,1127537.7825700678
2020-01-10,1087121.51715739,1124654.258135838,1124654.258135838
2020-01-13,1099663.6679102415,1137629.425150524,1137629.425150524
2020-01-14,1095333.5955827339,1133149.8575913229,1133149.8575913229
2020-01-15,1095781.5042090884,1133613.2302096873,1133613.2302096873
2020-01-16,1106282.7708109976,1144477.0517910486,1144477.0517910486
2020-01-17,1111757.673631763,1150140.9749800167,1150140.9749800167
2020-01-21,1111259.962357299,1149626.0802830446,1149626.0802830446
2020-01-22,1114196.4273559747,1152663.9263862688,1152663.9263862688
2020-01-23,1117779.9327717859,1156371.1519000118,1156371.1519000118
2020-01-24,1108373.2212050743,1146639.674736152,1146639.674736152
2020-01-27,1085479.1329929847,1122955.1708536514,1122955.1708536514
2020-01-28,1102152.066679246,1140203.7355908311,1140203.7355908311
2020-01-29,1103943.6223830057,1142057.144542012,1142057.144542012
2020-01-30,1107875.667533927,1146124.9430837326,1146124.9430837326
2020-01-31,1090306.6801899814,1127949.3885429956,1127949.3885429956
2020-02-03,1107780.3397787518,1145991.8096225462,1145991.8096225462
2020-02-04,1133136.063615454,1172222.1468117,1172222.1468117
2020-02-05,1136872.1909855243,1176087.1471299601,1176087.1471299601
2020-02-06,1146685.7858633192,1186239.2494457972,1186239.2494457972
2020-02-07,1141753.8674261451,1181137.2107728084,1181137.2107728084
2020-02-10,1155552.7489630403,1195412.0671278073,1195412.0671278073
2020-02-11,1155751.7451283527,1195617.927412022,1195617.927412022
2020-02-12,1167009.974870937,1207264.4954296737,1207264.4954296737
2020-02-13,1165515.6501194465,1205718.625851896,1205718.625851896
2020-02-14,1168853.2330490397,1209171.3344475492,1209171.3344475492
2020-02-18,1169301.467376218,1209635.0300461194,1209635.0300461194
2020-02-19,1180509.849486429,1221230.0310008998,1221230.0310008998
2020-02-20,1169550.7055380838,1209892.8653604747,1209892.8653604747
2020-02-21,1147084.1725581244,1186651.3779814963,1186651.3779814963
2020-02-24,1102848.5790872497,1140889.9341364652,1140889.9341364652
2020-02-25,1072860.1014804486,1109867.0422450032,1109867.0422450032
2020-02-26,1078389.5605234124,1115587.2329248139,1115587.2329248139
2020-02-27,1024390.298679952,1059725.3354202705,1059725.3354202705
2020-02-28,1025187.6241794147,1060550.163645846,1060550.163645846
2020-03-02,1079090.4114376546,1116277.9553639381,1116277.9553639381
2020-03-03,1044486.8121875892,1080501.0895421845,1080501.0895421845
2020-03-04,1088065.3844727515,1125557.233039942,1125557.233039942
2020-03-05,1055007.38949837,1091378.3766155655,1091378.3766155655
2020-03-06,1037207.2828865094,1072974.7411652952,1072974.7411652952
2020-03-09,965158.4240582942,998482.8801102756,998482.8801102756
2020-03-10,1017711.8114866056,1052796.3643608054,1052796.3643608054
2020-03-11,973385.3839913324,1006983.4773573913,1006983.4773573913
2020-03-12,884134.1974651127,914742.3271629144,914742.3271629144
2020-03-13,959025.3481892034,992136.2433277024,992136.2433277024
2020-03-16,844145.7722859369,873408.7990439963,873408.7990439963
2020-03-17,908166.9308190661,939567.1697329883,939567.1697329883
2020-03-18,880544.1293051001,911020.2020296981,911020.2020296981
2020-03-19,885829.562253156,916482.3188352641,916482.3188352641
2020-03-20,851126.0174002193,880618.4903666276,880618.4903666276
2020-03-23,851740.7696984495,881253.7727370862,881253.7727370862
2020-03-24,917697.6045639669,949413.3296610026,949413.3296610026
2020-03-25,910902.0140824777,942390.2931098174,942390.2931098174
2020-03-26,958870.3772425711,991963.8286057302,991963.8286057302
2020-03-27,925892.0387557863,957880.4702422785,957880.4702422785
2020-03-30,959569.917516697,992685.8527390163,992685.8527390163
2020-03-31,951375.1675409822,984216.5047010485,984216.5047010485
2020-04-01,911951.6080279124,943438.7375985825,943438.7375985825
2020-04-02,930459.9390685104,962545.5067955768,962545.5067955768
2020-04-03,917253.9849327862,948912.0975809954,948912.0975809954
2020-04-06,982832.7955330181,1016611.9955501147,1016611.9955501147
2020-04-07,982432.5743908936,1016198.7833158311,1016198.7833158311
2020-04-08,1003292.0465762514,1037735.336712698,1037735.336712698
2020-04-09,1004742.532086009,1039232.9491286962,1039232.9491286962
2020-04-13,1015597.1870117512,1050440.299105852,1050440.299105852
2020-04-14,1059766.6955518702,1096045.6644954819,1096045.6644954819
2020-04-15,1047611.5590120559,1083494.6778711246,1083494.6778711246
2020-04-16,1066719.5895049528,1103224.703983786,1103224.703983786
2020-04-17,1076924.0431399646,1113761.5692879069,1113761.5692879069
2020-04-20,1064168.5748869635,1100590.4359612863,1100590.4359612863
2020-04-21,1024901.5382400379,1060044.3835048366,1060044.3835048366
2020-04-22,1055314.8676066222,1091446.854900975,1091446.854900975
2020-04-23,1053063.7027147822,1089122.3854515327,1089122.3854515327
2020-04-24,1069670.9042976776,1106270.320404221,1106270.320404221
2020-04-27,1078274.789494635,1115154.5234758854,1115154.5234758854
2020-04-28,1057965.8584775315,1094183.715320662,1094183.715320662
2020-04-29,1095482.55988855,1132922.011694185,1132922.011694185
2020-04-30,1095032.3901362708,1132456.8913494209,1132456.8913494209
2020-05-01,1065168.2749769366,1101567.9376358949,1101567.9376358949
2020-05-04,1077585.519907774,1114390.192350964,1114390.192350964
2020-05-05,1089802.228959326,1127005.3703643954,1127005.3703643954
2020-05-06,1096511.6769283959,1133933.6585101234,1133933.6585101234
2020-05-07,1110630.905860348,1148513.4103596068,1148513.4103596068
2020-05-08,1125851.9350789615,1164230.8996057028,1164230.8996057028
2020-05-11,1135915.8301585712,1174623.0459195783,1174623.0459195783
2020-05-12,1112133.1450507343,1150064.647663001,1150064.647663001
2020-05-13,1098213.8982500776,1135691.4007057229,1135691.4007057229
2020-05-14,1110680.9013931716,1148565.036582658,1148565.036582658
2020-05-15,1117891.0166521813,1156010.3221424555,1156010.3221424555
2020-05-18,1138719.6935532033,1177518.362137667,1177518.362137667
2020-05-19,1135865.9137326032,1174571.0043220893,1174571.0043220893
2020-05-20,1158547.1149812015,1198025.076680201,1198025.076680201
2020-05-21,1145929.7297053572,1184977.748896003,1184977.748896003
2020-05-22,1149885.2307057632,1189068.0351934205,1189068.0351934205
2020-05-26,1146780.6821524866,1185857.6978920696,1185857.6978920696
2020-05-27,1153039.379257585,1192329.6626333352,1192329.6626333352
2020-05-28,1151537.6938151885,1190776.806651897,1190776.806651897
2020-05-29,1168410.7906089488,1208224.861045874,1208224.861045874
2020-06-01,1172915.0826216445,1212848.5734463183,1212848.5734463183
2020-06-02,1180782.7157312527,1220984.0708363415,1220984.0708363415
2020-06-03,1186094.759569223,1226476.9704387288,1226476.9704387288
2020-06-04,1177775.9910835137,1217874.9781545377,1217874.9781545377
2020-06-05,1201128.2244592432,1242022.2701078763,1242022.2701078763
2020-06-08,1210448.9441882942,1251660.3264295708,1251660.3264295708
2020-06-09,1219218.4521784165,1260728.404258251,1260728.404258251
2020-06-10,1233851.0573967623,1275859.1964424613,1275859.1964424613
2020-06-11,1172714.692372976,1212641.3606388175,1212641.3606388175
2020-06-12,1182035.6496250401,1222279.6625703194,1222279.6625703194
2020-06-15,1196417.6680646287,1237151.336407734,1237151.336407734
2020-06-16,1216963.3295182744,1258396.5028769623,1258396.5028769623
2020-06-17,1220821.811690776,1262386.3523280637,1262386.3523280637
2020-06-18,1224129.477996037,1265806.6326358295,1265806.6326358295
2020-06-19,1223929.008573031,1265599.3379583932,1265599.3379583932
2020-06-22,1238606.8223381923,1280776.8778759432,1280776.8778759432
2020-06-23,1249148.727051621,1291677.6960873613,1291677.6960873613
2020-06-24,1223396.7195008078,1265048.926380034,1265048.926380034
2020-06-25,1235042.8687018608,1277091.5845860043,1277091.5845860043
2020-06-26,1205877.3387563082,1246933.0744667514,1246933.0744667514
2020-06-29,1219029.3046856986,1260532.8169816334,1260532.8169816334
2020-06-30,1242924.1989718876,1285241.2454749204,1285241.2454749204
2020-07-01,1258431.4880010097,1301242.4651204813,1301242.4651204813
2020-07-02,1266971.92017286,1310073.436944101,1310073.436944101
2020-07-06,1298120.3341903845,1342281.4986679382,1342281.4986679382
2020-07-07,1289177.5350908309,1333034.4716693806,1333034.4716693806
2020-07-08,1306158.243507667,1350592.8521537366,1350592.8521537366
2020-07-09,1317160.7365652202,1361969.642487729,1361969.642487729
2020-07-10,1326153.0589672185,1371267.8775375541,1371267.8775375541
2020-07-13,1298873.8015231004,1343060.5984431421,1343060.5984431421
2020-07-14,1308067.3866262343,1352566.943013318,1352566.943013318
2020-07-15,1310730.3932639374,1355320.543312514,1355320.543312514
2020-07-16,1301787.356452532,1346073.27051531,1346073.27051531
2020-07-17,1303294.8457789514,1347632.0435958921,1347632.0435958921
2020-07-20,1340270.448892623,1385865.5313969476,1385865.5313969476
2020-07-21,1326303.8475185025,1371423.7958120534,1371423.7958120534
2020-07-22,1330976.0739643534,1376254.968200832,1376254.968200832
2020-07-23,1296210.7948853974,1340306.9981439465,1340306.9981439465
2020-07-24,1283902.47138898,1327579.9539141331,1327579.9539141331
2020-07-27,1306811.4756762346,1351268.306833175,1351268.306833175
2020-07-28,1290182.3430881144,1334073.4625463772,1334073.4625463772
2020-07-29,1305052.8041598154,1349449.8065165645,1349449.8065165645
2020-07-30,1311885.3559142337,1356514.7970009535,1356514.7970009535
2020-07-31,1335296.7245814884,1380722.6043920526,1380722.6043920526
2020-08-03,1354331.9398117294,1400371.3754919376,1400371.3754919376
2020-08-04,1359359.2945535146,1405569.6311542965,1405569.6311542965
2020-08-05,1362728.0980054073,1409052.9543965622,1409052.9543965622
2020-08-06,1380777.5702614742,1427716.0040870581,1427716.0040870581
2020-08-07,1364839.7455885895,1411236.3857575813,1411236.3857575813
2020-08-10,1359008.0140881184,1405206.4091892452,1405206.4091892452
2020-08-11,1333266.5304854882,1378589.8643525122,1378589.8643525122
2020-08-12,1366800.2553462533,1413263.5414830728,1413263.5414830728
2020-08-13,1369917.691061057,1416486.9519422208,1416486.9519422208
2020-08-14,1368308.9375436855,1414823.510130266,1414823.510130266
2020-08-17,1384195.8543026235,1431250.4899718051,1431250.4899718051
2020-08-18,1397518.9787348832,1445026.5234083696,1445026.5234083696
2020-08-19,1388117.5081844805,1435305.4573541018,1435305.4573541018
2020-08-20,1407373.3869869434,1455215.9244207353,1455215.9244207353
2020-08-21,1417126.7723692714,1465300.8683713682,1465300.8683713682
2020-08-24,1425975.7096729744,1474450.618251262,1474450.618251262
2020-08-25,1437186.7107471556,1486042.728378322,1486042.728378322
2020-08-26,1467855.0019967353,1517753.5637641668,1517753.5637641668
2020-08-27,1463280.267773343,1513023.3150942489,1513023.3150942489
2020-08-28,1470720.9113828174,1520716.8974573682,1520716.8974573682
2020-08-31,1482535.5122092771,1532933.1262295684,1532933.1262295684
2020-09-01,1508874.6661141699,1560133.674686114,1560133.674686114
2020-09-02,1523162.1368822206,1574906.5148509864,1574906.5148509864
2020-09-03,1445937.2703079882,1495058.18975724,1495058.18975724
2020-09-04,1426669.4186100946,1475135.7767511571,1475135.7767511571
2020-09-08,1358097.8111558165,1404234.6765343407,1404234.6765343407
2020-09-09,1397992.9111371767,1445485.0801190077,1445485.0801190077
2020-09-10,1370121.4724103026,1416666.80177139,1416666.80177139
2020-09-11,1360613.313756554,1406835.6349865608,1406835.6349865608
2020-09-14,1384308.4881189715,1431335.7742496647,1431335.7742496647
2020-09-15,1403929.4401440772,1451623.2829945774,1451623.2829945774
2020-09-16,1381541.9272181669,1428475.2286249374,1428475.2286249374
2020-09-17,1359958.8482511952,1406158.936187939,1406158.936187939
2020-09-18,1342602.1818299831,1388212.634634767,1388212.634634767
2020-09-21,1345822.1394206057,1391541.979596949,1391541.979596949
2020-09-22,1370825.927400188,1417395.1882813517,1417395.1882813517
2020-09-23,1328968.9385221265,1374116.2471365577,1374116.2471365577
2020-09-24,1335156.6051774824,1380514.119228621,1380514.119228621
2020-09-25,1366197.3772233473,1412609.3984751909,1412609.3984751909
2020-09-28,1394572.0434277898,1441947.9997836307,1441947.9997836307
2020-09-29,1388284.00106144,1435446.3420489563,1435446.3420489563
2020-09-30,1397791.3662313074,1445276.6883939228,1445276.6883939228
2020-10-01,1420977.6691284261,1469216.707480341,1469216.707480341
2020-10-02,1381003.9808925977,1427886.0012408036,1427886.0012408036
2020-10-05,1410455.8117764543,1458337.656421978,1458337.656421978
2020-10-06,1385283.0760001198,1432310.3621308133,1432310.3621308133
2020-10-07,1409247.437878769,1457088.2609121588,1457088.2609121588
2020-10-08,1416749.0751247895,1464844.5620946188,1464844.5620946188
2020-10-09,1438396.8973733243,1487227.2798664048,1487227.2798664048
2020-10-12,1482800.8664113255,1533138.665109416,1533138.665109416
2020-10-13,1482750.36530744,1533086.4496051285,1533086.4496051285
2020-10-14,1470365.3666008033,1520281.0076778997,1520281.0076778997
2020-10-15,1460497.9590888056,1510078.6235791852,1510078.6235791852
2020-10-16,1452493.6929314728,1501802.6303493367,1501802.6303493367
2020-10-19,1428781.0425297369,1477284.988090933,1477284.988090933
2020-10-20,1431852.2401650818,1480460.4460702206,1480460.4460702206
2020-10-21,1430744.868475167,1479315.4815689758,1479315.4815689758
2020-10-22,1430694.3673712816,1479263.2660646886,1479263.2660646886
2020-10-23,1433513.8535297136,1482178.467521034,1482178.467521034
2020-10-26,1412016.5817418182,1459951.4110639158,1459951.4110639158
2020-10-27,1423042.020856119,1471351.1393678614,1471351.1393678614
2020-10-28,1367561.6351744232,1413987.3177175203,1413987.3177175203
2020-10-29,1391475.6547576897,1438713.1651942774,1438713.1651942774
2020-10-30,1356183.958800947,1402223.3944811556,1402223.3944811556
2020-11-02,1360204.5142308825,1406346.5012458274,1406346.5012458274
2020-11-03,1383732.4523828074,1430672.573652812,1430672.573652812
2020-11-04,1445500.3622077722,1494535.825805541,1494535.825805541
2020-11-05,1483186.1613352462,1533500.0339044563,1533500.0339044563
2020-11-06,1484294.188575764,1534645.648565108,1534645.648565108
2020-11-09,1453965.0419100756,1503287.6514015854,1503287.6514015854
2020-11-10,1427917.9787166351,1476356.998101602,1476356.998101602
2020-11-11,1459859.263696697,1509381.8218740819,1509381.8218740819
2020-11-12,1453007.1990846882,1502297.315836504,1502297.315836504
2020-11-13,1465753.8033339325,1515476.3209795845,1515476.3209795845
2020-11-16,1477190.8630533624,1527301.3581358937,1527301.3581358937
2020-11-17,1472504.950375986,1522456.4860375992,1522456.4860375992
2020-11-18,1461623.0167539644,1511205.4064271385,1511205.4064271385
2020-11-19,1473059.75862278,1523030.114950441,1523030.114950441
2020-11-20,1462983.258456717,1512611.791378446,1512611.791378446
2020-11-23,1463033.16100312,1512663.386760466,1512663.386760466
2020-11-24,1483588.8780632257,1533916.411923689,1533916.411923689
2020-11-25,1492708.0121798224,1543344.8928801126,1543344.8928801126
2020-11-27,1506462.3618008571,1557565.8289702947,1557565.8289702947
2020-11-30,1509535.9772385529,1560743.7101431289,1560743.7101431289
2020-12-01,1529882.449578158,1581746.4797561103,1581746.4797561103
2020-12-02,1531848.2098221667,1583778.88057675,1583778.88057675
2020-12-03,1534016.2552397356,1586020.4241725581,1586020.4241725581
2020-12-04,1540267.535025492,1592483.626491022,1592483.626491022
2020-12-07,1548989.0157553619,1601500.7712046802,1601500.7712046802
2020-12-08,1554232.209287031,1606921.7124761385,1606921.7124761385
2020-12-09,1519042.5405487625,1570539.0906179117,1570539.0906179117
2020-12-10,1525142.7425712466,1576846.0935366822,1576846.0935366822
2020-12-11,1521765.4389306018,1573354.2970616457,1573354.2970616457
2020-12-14,1532806.5199289862,1584769.6780320674,1584769.6780320674
2020-12-15,1549190.5057827998,1601709.0918777448,1601709.0918777448
2020-12-16,1557710.8145436808,1610518.2447591801,1610518.2447591801
2020-12-17,1567894.5689928012,1621047.235241448,1621047.235241448
2020-12-18,1563155.4981027879,1616147.506703703,1616147.506703703
2020-12-21,1560231.268722735,1613124.1440073252,1613124.1440073252
2020-12-22,1564473.6913446442,1617510.3875711313,1617510.3875711313
2020-12-23,1556594.9064753845,1609364.5066669197,1609364.5066669197
2020-12-24,1563463.6967398631,1616466.1534790772,1616466.1534790772
2020-12-28,1579221.743566056,1632758.4085487626,1632758.4085487626
2020-12-29,1580635.6724010597,1634220.2705094703,1634220.2705094703
2020-12-30,1580686.7207821233,1634273.0494645245,1634273.0494645245
2020-12-31,1584574.9853210773,1638293.1287513657,1638293.1287513657
2021-01-04,1563200.7047873293,1616160.3554284563,1616160.3554284563
2021-01-05,1576088.5647105877,1629484.8429433971,1629484.8429433971
2021-01-06,1554255.633456578,1606912.2341750779,1606912.2341750779
2021-01-07,1591855.8999368055,1645786.3594571264,1645786.3594571264
2021-01-08,1612323.9646711424,1666947.8614156856,1666947.8614156856
2021-01-11,1589025.914372405,1642860.496858925,1642860.496858925
2021-01-12,1586498.9142170588,1640247.884507405,1640247.884507405
2021-01-13,1597213.522180521,1651325.492495601,1651325.492495601
2021-01-14,1588672.0070458627,1642494.5995119617,1642494.5995119617
2021-01-15,1576088.5647105877,1629484.8429433971,1629484.8429433971
2021-01-19,1599082.674814318,1653257.9701203464,1653257.9701203464
2021-01-20,1636279.0668364682,1691714.538088279,1691714.538088279
2021-01-21,1649368.545726781,1705247.4752159012,1705247.4752159012
2021-01-22,1644617.8490871268,1700335.8298039187,1700335.8298039187
2021-01-25,1658212.728008509,1714391.2894018446,1714391.2894018446
2021-01-26,1660638.839114832,1716899.59468593,1716899.59468593
2021-01-27,1614345.8830574036,1669038.2803412785,1669038.2803412785
2021-01-28,1623897.720861224,1678913.7246989608,1678913.7246989608
2021-01-29,1589733.4107635051,1643591.9625084754,1643591.9625084754
2021-02-01,1630456.1847689901,1685660.5138735245,1685660.5138735245
2021-02-02,1657055.8037266817,1713160.7483354611,1713160.7483354611
2021-02-03,1650481.7316183913,1706364.0899083153,1706364.0899083153
2021-02-04,1670001.5683649532,1726544.8334010323,1726544.8334010323
2021-02-05,1675665.1712137864,1732400.195708663,1732400.195708663
2021-02-08,1686891.425965231,1744006.5513592912,1744006.5513592912
2021-02-09,1686537.6199675896,1743640.7661236208,1743640.7661236208
2021-02-10,1682694.1594945616,1739667.1729559302,1739667.1729559302
2021-02-11,1691948.5269936249,1749234.8767800324,1749234.8767800324
2021-02-12,1701404.9556137535,1759011.483153219,1759011.483153219
2021-02-16,1696803.5669009534,1754254.2996516894,1754254.2996516894
2021-02-17,1688661.252096547,1745836.3006367325,1745836.3006367325
2021-02-18,1681278.2985895087,1738203.373533977,1738203.373533977
2021-02-19,1673945.979784203,1730622.795533356,1730622.795533356
2021-02-22,1630557.2949438337,1685765.0474579758,1685765.0474579758
2021-02-23,1625703.0511796142,1680746.4476854089,1680746.4476854089
2021-02-24,1639103.8912189924,1694601.0161909196,1694601.0161909196
2021-02-25,1581960.082655738,1635522.4205149042,1635522.4205149042
2021-02-26,1588584.7894657608,1642371.4280441846,1642371.4280441846
2021-03-01,1637372.9796737032,1692777.6510214373,1692777.6510214373
2021-03-02,1611111.45116231,1665627.4970262202,1665627.4970262202
2021-03-03,1564356.6289660805,1617290.6067307477,1617290.6067307477
2021-03-04,1538752.9570892816,1590820.5696193695,1590820.5696193695
2021-03-05,1561927.8649704992,1614779.6593397965,1614779.6593397965
2021-03-08,1517703.1380412485,1569058.476507477,1569058.476507477
2021-03-09,1577562.9933605792,1630943.841989771,1630943.841989771
2021-03-10,1573059.8061675124,1626288.278026386,1626288.278026386
2021-03-11,1609289.5595138273,1663743.9570488175,1663743.9570488175
2021-03-12,1596234.5547228316,1650247.2030297185,1650247.2030297185
2021-03-15,1613287.046305295,1667876.7089537615,1667876.7089537615
2021-03-16,1622141.2644584335,1677030.5320551344,1677030.5320551344
2021-03-17,1628821.002749876,1683936.2962486288,1683936.2962486288
2021-03-18,1578929.372265467,1632356.4557935493,1632356.4557935493
2021-03-19,1584495.4225269228,1638110.8474953913,1638110.8474953913
2021-03-22,1614210.180560766,1668831.079800204,1668831.079800204
2021-03-23,1607167.6571986114,1661550.2547821756,1661550.2547821756
2021-03-24,1580062.1794032643,1633527.5943365605,1633527.5943365605
2021-03-25,1577326.0757496222,1630698.9076700162,1630698.9076700162
2021-03-26,1600986.4496433388,1655159.890377863,1655159.890377863
2021-03-29,1600530.4589220483,1654688.4700529547,1654688.4700529547
2021-03-30,1592474.6228459144,1646360.044312908,1646360.044312908
2021-03-31,1616844.3156394165,1671554.347526168,1671554.347526168
2021-04-01,1645405.3249201286,1701047.96366957,1701047.96366957
2021-04-05,1678255.500376357,1735009.0328479,1735009.0328479
2021-04-06,1677089.4823168546,1733803.5835791526,1733803.5835791526
2021-04-07,1681144.7190381507,1737995.9561590173,1737995.9561590173
2021-04-08,1698685.686368054,1756130.1060280018,1756130.1060280018
2021-04-09,1708976.9037313366,1766769.3412816876,1766769.3412816876
2021-04-12,1706746.4199098304,1764463.429233691,1764463.429233691
2021-04-13,1726669.6415278309,1785060.3940360763,1785060.3940360763
2021-04-14,1705935.1174891568,1763624.6910153897,1763624.6910153897
2021-04-15,1731788.8657428536,1790352.7349533243,1790352.7349533243
2021-04-16,1733817.5203514353,1792449.9925339657,1792449.9925339657
2021-04-19,1717950.0137230079,1776045.894753311,1776045.894753311
2021-04-20,1705428.1531154602,1763100.5826376732,1763100.5826376732
2021-04-21,1720028.567655164,1778194.739101948,1778194.739101948
2021-04-22,1699293.724770972,1756758.7064533506,1756758.7064533506
2021-04-23,1720687.6213409698,1778876.079992979,1778876.079992979
2021-04-26,1731891.2151541472,1790458.5455125992,1790458.5455125992
2021-04-27,1724387.983000678,1782701.5767084423,1782701.5767084423
2021-04-28,1718557.7332804077,1776674.1655507495,1776674.1655507495
2021-04-29,1724743.0174850246,1783068.617386799,1783068.617386799
2021-04-30,1713438.0307971078,1771381.3301916358,1771381.3301916358
2021-05-03,1705312.8504288187,1762947.573924581,1762947.573924581
2021-05-04,1674624.3124906716,1731221.8506992243,1731221.8506992243
2021-05-05,1668993.5476146229,1725400.781987361,1725400.781987361
2021-05-06,1681573.1603200843,1738405.5498189218,1738405.5498189218
2021-05-07,1695218.5012370218,1752512.0644439885,1752512.0644439885
2021-05-10,1652406.5671305812,1708253.2087454642,1708253.2087454642
2021-05-11,1650124.2083145664,1705893.7126937532,1705893.7126937532
2021-05-12,1607414.0455894943,1661740.0679597936,1661740.0679597936
2021-05-13,1619841.4797717186,1674587.5140669115,1674587.5140669115
2021-05-14,1655602.3161185628,1711556.9649587697,1711556.9649587697
2021-05-17,1645558.8526174498,1701174.0609604595,1701174.0609604595
2021-05-18,1634450.4584862199,1689690.2347059834,1689690.2347059834
2021-05-19,1636326.6888743918,1691629.8763442433,1691629.8763442433
2021-05-20,1667979.3431589182,1724352.3003060094,1724352.3003060094
2021-05-21,1658747.3389321319,1714808.2805972612,1714808.2805972612
2021-05-24,1686645.777761325,1743649.6073003593,1743649.6073003593
2021-05-25,1688979.022268024,1746061.7088343524,1746061.7088343524
2021-05-26,1694863.4180161348,1752144.980420288,1752144.980420288
2021-05-27,1688522.3271820405,1745589.5787535552,1745589.5787535552
2021-05-28,1693848.8945278868,1751096.1689240003,1751096.1689240003
2021-06-01,1689217.829741811,1746274.80030211,1746274.80030211
2021-06-02,1692517.1431695498,1749685.5551471729,1749685.5551471729
2021-06-03,1674905.3758509126,1731478.9124538377,1731478.9124538377
2021-06-04,1703328.0568360887,1760861.630708135,1760861.630708135
2021-06-07,1708403.3588715605,1766108.362001411,1766108.362001411
2021-06-08,1709215.45827267,1766947.891808952,1766947.891808952
2021-06-09,1709621.3483624933,1767367.4917107949,1767367.4917107949
2021-06-10,1727436.3001421392,1785784.1818579428,1785784.1818579428
2021-06-11,1731953.6030608108,1790454.0664123897,1790454.0664123897
2021-06-14,1748550.5653495237,1807611.6268501538,1807611.6268501538
2021-06-15,1737130.417521421,1795805.7389316084,1795805.7389316084
2021-06-16,1730786.0505609845,1789247.0773121219,1789247.0773121219
2021-06-17,1752763.0117713166,1811966.3577229176,1811966.3577229176
2021-06-18,1739008.3973864869,1797747.151611547,1797747.151611547
2021-06-21,1749816.4380598615,1808920.2571378124,1808920.2571378124
2021-06-22,1766127.5375287265,1825782.2991232758,1825782.2991232758
2021-06-23,1766991.5104175247,1826675.4545572812,1826675.4545572812
2021-06-24,1777916.3861462476,1837969.3414945374,1837969.3414945374
2021-06-25,1775731.155623333,1835710.300104002,1835710.300104002
2021-06-28,1797326.9664072008,1858035.55591173,1858035.55591173
2021-06-29,1803830.7844882563,1864759.0544568717,1864759.0544568717
2021-06-30,1800985.72320194,1861817.8950977093,1861817.8950977093
2021-07-01,1802696.6487108094,1863552.843776991,1863552.843776991
2021-07-02,1823389.5250176475,1884944.2789444725,1884944.2789444725
2021-07-06,1831269.8866747774,1893090.6691797003,1893090.6691797003
2021-07-07,1835133.8110905085,1897085.0335882793,1897085.0335882793
2021-07-08,1824049.8815978933,1885626.9281211402,1885626.9281211402
2021-07-09,1835439.156140431,1897400.6866053988,1897400.6866053988
2021-07-12,1842607.8977439755,1904811.4336166284,1904811.4336166284
2021-07-13,1842607.8977439755,1904811.4336166284,1904811.4336166284
2021-07-14,1845912.5552324948,1908227.651128789,1908227.651128789
2021-07-15,1832947.527757119,1894824.9447784654,1894824.9447784654
2021-07-16,1818101.72169757,1879477.9677259375,1879477.9677259375
2021-07-19,1803205.2909618572,1864078.6569880396,1864078.6569880396
2021-07-20,1824152.2488452785,1885732.7511253105,1885732.7511253105
2021-07-21,1838235.3310771964,1900291.2559970007,1900291.2559970007
2021-07-22,1850386.5309508955,1912852.6612096464,1912852.6612096464
2021-07-23,1871994.1648131504,1935189.734704565,1935189.734704565
2021-07-26,1873468.6683936608,1936714.015199891,1936714.015199891
2021-07-27,1852826.5764622805,1915375.0788082692,1915375.0788082692
2021-07-28,1859944.533690367,1922733.327043639,1922733.327043639
2021-07-29,1863249.1911788862,1926149.5445557998,1926149.5445557998
2021-07-30,1853538.8353130415,1916111.3823942274,1916111.3823942274
2021-08-02,1854690.5691308,1917268.2486307996,1917268.2486307996
2021-08-03,1865932.7517194944,1928889.7450040274,1928889.7450040274
2021-08-04,1868628.6513277327,1931676.6048751024,1931676.6048751024
2021-08-05,1880481.6935775399,1943929.5714526402,1943929.5714526402
2021-08-06,1872240.6007495106,1935410.4222877182,1935410.4222877182
2021-08-09,1875699.795309655,1938986.3308551023,1938986.3308551023
2021-08-10,1866085.0272248671,1929047.15831941,1929047.15831941
2021-08-11,1862880.5306243915,1925734.5412784894,1925734.5412784894
2021-08-12,1869595.8324757097,1932676.4189338754,1932676.4189338754
2021-08-13,1876157.7403237144,1939459.7270375644,1939459.7270375644
2021-08-16,1876971.6872537977,1940301.1367212567,1940301.1367212567
2021-08-17,1860439.0094049815,1923210.6425806454,1923210.6425806454
2021-08-18,1842532.9758702472,1904700.4554224967,1904700.4554224967
2021-08-19,1851435.1009813068,1913902.940249263,1913902.940249263
2021-08-20,1870612.8666747638,1933727.76809695,1933727.76809695
2021-08-23,1898590.8143812446,1962649.6980901712,1962649.6980901712
2021-08-24,1904389.9066336039,1968644.4530274002,1968644.4530274002
2021-08-25,1906577.2092496052,1970905.5557286297,1970905.5557286297
2021-08-26,1894470.42775265,1958390.2886843265,1958390.2886843265
2021-08-27,1912885.0582796214,1977426.2330123205,1977426.2330123205
2021-08-30,1934352.0696871157,1999617.546242469,1999617.546242469
2021-08-31,1932775.3071613868,1997987.5833923167,1997987.5833923167
2021-09-01,1936979.5038518352,2002299.90052321,2002299.90052321
2021-09-02,1936063.3007449028,2001352.8004706686,2001352.8004706686
2021-09-03,1942018.5410059984,2007508.8681826247,2007508.8681826247
2021-09-07,1944766.0312512852,2010349.0115263653,2010349.0115263653
2021-09-08,1937997.542830189,2003352.270639173,2003352.270639173
2021-09-09,1931330.0909408638,1996459.973519771,1996459.973519771
2021-09-10,1916672.120173386,1981307.6947521179,1981307.6947521179
2021-09-13,1915348.8933166282,1979939.844964143,1979939.844964143
2021-09-14,1909902.8324126396,1974310.1275692943,1974310.1275692943
2021-09-15,1924102.7815606163,1988988.9389402398,1988988.9389402398
2021-09-16,1925426.1682853042,1990356.9539873411,1990356.9539873411
2021-09-17,1902624.8448985764,1966786.7058467418,1966786.7058467418
2021-09-20,1863310.2834165131,1926146.3467783527,1926146.3467783527
2021-09-21,1865603.5888726194,1928516.9889444157,1928516.9889444157
2021-09-22,1883029.1932445667,1946530.2337057167,1946530.2337057167
2021-09-23,1900403.160275118,1964490.099769239,1964490.099769239
2021-09-24,1902186.8067703273,1966333.8958408155,1966333.8958408155
2021-09-27,1887003.5099848106,1950638.5755843034,1950638.5755843034
2021-09-28,1833605.3832078238,1895439.7137888793,1895439.7137888793
2021-09-29,1830599.386519698,1892332.3464379918,1892332.3464379918
2021-09-30,1823873.5828359164,1885379.7297375083,1885379.7297375083
2021-10-01,1836184.8981822333,1898072.5045644594,1898072.5045644594
2021-10-04,1797644.2168004627,1858232.8306240314,1858232.8306240314
2021-10-05,1821910.6724569583,1883317.1738785831,1883317.1738785831
2021-10-06,1833585.1492976325,1895385.1325674902,1895385.1325674902
2021-10-07,1850408.2582122334,1912775.255154659,1912775.255154659
2021-10-08,1841181.093125352,1903237.0935219035,1903237.0935219035
2021-10-11,1827059.4644859019,1888639.5031230578,1888639.5031230578
2021-10-12,1820687.016580062,1882052.2753505073,1882052.2753505073
2021-10-13,1835267.2362520695,1897123.9133415092,1897123.9133415092
2021-10-14,1869066.6909871623,1932062.5601877288,1932062.5601877288
2021-10-15,1880843.0591734028,1944235.8444142025,1944235.8444142025
2021-10-18,1899756.6201997893,1963786.8766567206,1963786.8766567206
2021-10-19,1914132.7372706307,1978647.5328801635,1978647.5328801635
2021-10-20,1911634.3998665465,1976064.9903821223,1976064.9903821223
2021-10-21,1923309.3565722704,1988133.4451096677,1988133.4451096677
2021-10-22,1907148.781336376,1971428.1865360008,1971428.1865360008
2021-10-25,1926673.6904361607,1991611.1720039186,1991611.1720039186
2021-10-26,1932740.4643053012,1997882.4231637693,1997882.4231637693
2021-10-27,1937226.4027455049,2002519.5577023162,2002519.5577023162
2021-10-28,1958740.1925215418,2024758.4579804423,2024758.4579804423
2021-10-29,1968375.242900722,2034718.2524558897,2034718.2524558897
2021-11-01,1976103.9306285088,2042673.7370267897,2042673.7370267897
2021-11-02,1984366.9082398117,2051215.0728819745,2051215.0728819745
2021-11-03,2005431.8038678204,2072989.590105296,2072989.590105296
2021-11-04,2031138.8631069825,2099562.6533688903,2099562.6533688903
2021-11-05,2033077.2188713942,2101566.307302071,2101566.307302071
2021-11-08,2030322.519583678,2098718.809353603,2098718.809353603
2021-11-09,2016347.5378489124,2084273.0467990215,2084273.0467990215
2021-11-10,1986713.3557478865,2053640.5661092116,2053640.5661092116
2021-11-11,1992221.6340714733,2059334.4040159285,2059334.4040159285
2021-11-12,2013184.7468175332,2081003.7095564974,2081003.7095564974
2021-11-15,2012725.9236688733,2080529.4298482386,2080529.4298482386
2021-11-16,2027058.7458502392,2095345.0875641967,2095345.0875641967
2021-11-17,2028129.5465784161,2096451.960786366,2096451.960786366
2021-11-18,2049144.030873384,2118174.3684498332,2118174.3684498332
2021-11-19,2060568.839300199,2129984.048984498,2129984.048984498
2021-11-22,2036647.6215385029,2105256.9875571295,2105256.9875571295
2021-11-23,2027364.5746040198,2095661.2188939776,2095661.2188939776
2021-11-24,2033893.0822867649,2102409.6550358357,2102409.6550358357
2021-11-26,1995332.8935179666,2062550.4737083798,2062550.4737083798
2021-11-29,2038636.5486719334,2107312.9164773384,2107312.9164773384
2021-11-30,2008696.3777811488,2076364.1390305732,2076364.1390305732
2021-12-01,1975522.6352927368,2042039.182063436,2042039.182063436
2021-12-02,1989760.3994100532,2056756.3367409518,2056756.3367409518
2021-12-03,1955161.196355448,2020992.1662660316,2020992.1662660316
2021-12-06,1970827.6844999213,2037186.150614688,2037186.150614688
2021-12-07,2030177.2936898875,2098534.0821650163,2098534.0821650163
2021-12-08,2039260.7313297628,2107923.362367167,2107923.362367167
2021-12-09,2009254.3244193878,2076906.6291092136,2076906.6291092136
2021-12-10,2031095.7248251303,2099483.437201849,2099483.437201849
2021-12-13,2001752.8427795472,2069152.5699258752,2069152.5699258752
2021-12-14,1981034.022689214,2047736.1398254356,2047736.1398254356
2021-12-15,2026196.4647351443,2094419.217289538,2094419.217289538
2021-12-16,1974093.4309145678,2040561.8558676946,2040561.8558676946
2021-12-17,1964244.6339953234,2030381.4464681826,2030381.4464681826
2021-12-20,1945190.710513124,2010685.9706343033,2010685.9706343033
2021-12-21,1988725.0828618524,2055686.1607179109,2055686.1607179109
2021-12-22,2012944.7011287806,2080721.2621093753,2080721.2621093753
2021-12-23,2028120.2705388302,2096407.7983159586,2096407.7983159586
2021-12-27,2061639.484401104,2131055.6159799583,2131055.6159799583
2021-12-28,2052084.342067291,2121178.748619769,2121178.748619769
2021-12-29,2051777.8781215355,2120861.9659244237,2120861.9659244237
2021-12-30,2045646.5176853684,2114524.1604109216,2114524.1604109216
2021-12-31,2032872.5432190963,2101320.0817004084,2101320.0817004084
2022-01-03,2053442.2238953288,2122548.690553779,2122548.690553779
2022-01-04,2026807.563485994,2095017.668294026,2095017.668294026
2022-01-05,1964542.332608944,2030656.9657005023,2030656.9657005023
2022-01-06,1963161.6119594465,2029229.778330676,2029229.778330676
2022-01-07,1941894.9255893289,2007247.3837046989,2007247.3837046989
2022-01-10,1943172.961247954,2008568.4303268678,2008568.4303268678
2022-01-11,1972363.5327795458,2038741.3802447687,2038741.3802447687
2022-01-12,1980184.7329501477,2046825.7947890349,2046825.7947890349
2022-01-13,1930648.4360664175,1995622.4052502776,1995622.4052502776
2022-01-14,1942662.09941349,2008040.3759676178,2008040.3759676178
2022-01-18,1894301.3133925062,1958052.0578895619,1958052.0578895619
2022-01-19,1873495.0274338813,1936545.55797305,1936545.55797305
2022-01-20,1849161.0875220618,1911392.6845711055,1911392.6845711055
2022-01-21,1797886.3545682135,1858392.3537007137,1858392.3537007137
2022-01-24,1806117.013142356,1866900.006546091,1866900.006546091
2022-01-25,1764248.6098203901,1823622.5655679682,1823622.5655679682
2022-01-26,1761487.8093013694,1820768.8531730745,1820768.8531730745
2022-01-27,1743748.9370794399,1802432.9976187202,1802432.9976187202
2022-01-28,1798448.6389956106,1858973.5612268874,1858973.5612268874
2022-01-31,1855960.243633748,1918420.659224492,1918420.659224492
2022-02-01,1869586.8335061427,1932472.1939663333,1932472.1939663333
2022-02-02,1884778.0778192396,1948174.4104671602,1948174.4104671602
2022-02-03,1808362.010930063,1869188.015297342,1869188.015297342
2022-02-04,1831173.9613290068,1892767.2677000912,1892767.2677000912
2022-02-07,1816443.3637430947,1877541.1922244218,1877541.1922244218
2022-02-08,1836851.7447889203,1898636.0288953485,1898636.0288953485
2022-02-09,1875776.0726746318,1938869.6141773444,1938869.6141773444
2022-02-10,1833322.3638102817,1894987.933775668,1894987.933775668
2022-02-11,1775166.2754856558,1834875.7092012002,1834875.7092012002
2022-02-14,1777365.4869483216,1837148.8932673733,1837148.8932673733
2022-02-15,1821558.4016709465,1882828.2793976446,1882828.2793976446
2022-02-16,1821097.9152244602,1882352.304044382,1882352.304044382
2022-02-17,1766931.5340442609,1826363.9842709627,1826363.9842709627
2022-02-18,1746778.800712374,1805533.3942719654,1805533.3942719654
2022-02-22,1729235.1165889467,1787399.611373702,1787399.611373702
2022-02-23,1684939.9427807464,1741614.5265746592,1741614.5265746592
2022-02-24,1741561.8242603436,1800140.93977376,1800140.93977376
2022-02-25,1768567.8396941666,1828055.328643207,1828055.328643207
2022-02-28,1773836.5868117781,1833501.2951633767,1833501.2951633767
2022-03-01,1747676.2417167716,1806427.3956931666,1806427.3956931666
2022-03-02,1777001.303528982,1836738.270083686,1836738.270083686
2022-03-03,1751616.9131678022,1810500.5396180246,1810500.5396180246
2022-03-04,1726232.6831790563,1784262.9749159934,1784262.9749159934
2022-03-07,1662567.2324226121,1718457.3001231488,1718457.3001231488
2022-03-08,1654839.6866848657,1710469.9795949343,1710469.9795949343
2022-03-09,1714410.1877086624,1772043.0458505282,1772043.0458505282
2022-03-10,1695372.536427514,1752365.4110558035,1752365.4110558035
2022-03-11,1660213.125462264,1716024.0557933021,1716024.0557933021
2022-03-14,1628329.3214637768,1683068.4226806147,1683068.4226806147
2022-03-15,1679404.734280161,1735860.823673159,1735860.823673159
2022-03-16,1741688.4161442856,1800238.2790269437,1800238.2790269437
2022-03-17,1762774.02340906,1822032.7153811848,1822032.7153811848
2022-03-18,1798854.2928909883,1859325.885409132,1859325.885409132
2022-03-21,1793853.238905601,1854156.7123604272,1854156.7123604272
2022-03-22,1829106.7884896756,1890595.3708739416,1890595.3708739416
2022-03-23,1802820.463559043,1863425.385751215,1863425.385751215
2022-03-24,1842890.7992017083,1904842.7549021668,1904842.7549021668
2022-03-25,1841353.469048299,1903253.7447416717,1903253.7447416717
2022-03-28,1869843.7923409499,1932701.8194362412,1932701.8194362412
2022-03-29,1902023.1627355076,1965962.9549196558,1965962.9549196558
2022-03-30,1881014.0531218052,1944247.5878170896,1944247.5878170896
2022-03-31,1857699.589767725,1920149.368528302,1920149.368528302
2022-04-01,1855163.5588028033,1917494.4778600403,1917494.4778600403
2022-04-04,1893358.7142920848,1956972.9375269422,1956972.9375269422
2022-04-05,1851318.4821508976,1913520.2119728127,1913520.2119728127
2022-04-06,1811123.8482924888,1871975.094240529,1871975.094240529
2022-04-07,1815430.565203441,1876426.5108583642,1876426.5108583642
2022-04-08,1790052.2249145773,1850195.4935821556,1850195.4935821556
2022-04-11,1747704.553518495,1806424.9992411493,1806424.9992411493
2022-04-12,1740321.5185517764,1798793.904553376,1798793.904553376
2022-04-13,1775696.9297684736,1835357.8804562981,1835357.8804562981
2022-04-14,1735092.002499435,1793388.6840246178,1793388.6840246178
2022-04-18,1736425.0950514541,1794766.5666349372,1794766.5666349372
2022-04-19,1775235.6104272297,1834881.0614258854,1834881.0614258854
2022-04-20,1749344.7644076066,1808120.3189381503,1808120.3189381503
2022-04-21,1713148.926828551,1770708.3514865325,1770708.3514865325
2022-04-22,1668288.9504147796,1724341.1421684232,1724341.1421684232
2022-04-25,1689719.0389782004,1746491.2519446895,1746491.2519446895
2022-04-26,1625940.958100895,1680570.3161272218,1680570.3161272218
2022-04-27,1623992.5056623819,1678556.3983928561,1678556.3983928561
2022-04-28,1681670.2600299788,1738172.045202244,1738172.045202244
2022-04-29,1605997.2003402368,1659956.475804421,1659956.475804421
2022-05-02,1633810.545591222,1688670.7222930517,1688670.7222930517
2022-05-03,1635554.3567257915,1690473.0872099034,1690473.0872099034
2022-05-04,1690856.0169731546,1747631.66952284,1747631.66952284
2022-05-05,1605697.632008808,1659613.8318150935,1659613.8318150935
2022-05-06,1586460.1567569228,1639730.3996042064,1639730.3996042064
2022-05-09,1524387.1595434113,1575573.1120152075,1575573.1120152075
2022-05-10,1542906.4626928263,1594714.257302876,1594714.257302876
2022-05-11,1497146.3923639974,1547417.652918185,1547417.652918185
2022-05-12,1493606.4284661068,1543758.823925758,1543758.823925758
2022-05-13,1548959.9486707912,1600971.0075523988,1600971.0075523988
2022-05-16,1531005.0038804603,1582413.170678572,1582413.170678572
2022-05-17,1570659.8888311463,1623399.5894483756,1623399.5894483756
2022-05-18,1493555.6924087894,1543706.384250431,1543706.384250431
2022-05-19,1485552.7215955474,1535434.689260975,1535434.689260975
2022-05-20,1480935.2587082363,1530662.1809612103,1530662.1809612103
2022-05-23,1505559.9077929372,1556113.6778121057,1556113.6778121057
2022-05-24,1473548.3456542562,1523027.2297509604,1523027.2297509604
2022-05-25,1494171.2684966212,1544342.6301846185,1544342.6301846185
2022-05-26,1535570.1251390202,1587131.5798196136,1587131.5798196136
2022-05-27,1585691.2485971353,1638935.6730056608,1638935.6730056608
2022-05-31,1581484.1697683786,1634587.328662021,1634587.328662021
2022-06-01,1570787.6030752629,1623498.0241057526,1623498.0241057526
2022-06-02,1613804.1553498008,1667958.0691715707,1667958.0691715707
2022-06-03,1571814.0559323386,1624558.9213155585,1624558.9213155585
2022-06-06,1577050.1061851096,1629970.6760447465,1629970.6760447465
2022-06-07,1590653.136926791,1644030.1793714422,1644030.1793714422
2022-06-08,1579205.6732509078,1632198.5767903975,1632198.5767903975
2022-06-09,1536907.5897785053,1588481.1099562673,1588481.1099562673
2022-06-10,1482700.1468775051,1532454.645099209,1532454.645099209
2022-06-13,1413760.0770479245,1461201.1752278442,1461201.1752278442
2022-06-14,1416326.4501797021,1463853.6673282413,1463853.6673282413
2022-06-15,1451694.9727456423,1500409.0401800044,1500409.0401800044
2022-06-16,1393124.181410565,1439872.8073903876,1439872.8073903876
2022-06-17,1410064.1077292475,1457381.181439836,1457381.181439836
2022-06-21,1445639.2382736192,1494150.0953483859,1494150.0953483859
2022-06-22,1443530.7444097498,1491970.8474251598,1491970.8474251598
2022-06-23,1465029.0596646995,1514190.5748215828,1514190.5748215828
2022-06-24,1515226.2834757846,1566072.250939564,1566072.250939564
2022-06-27,1504117.168479977,1554590.3508978605,1554590.3508978605
2022-06-28,1458291.4867319737,1507226.9112924505,1507226.9112924505
2022-06-29,1459628.654853658,1508608.9503403788,1508608.9503403788
2022-06-30,1441524.751238135,1489897.5397773846,1489897.5397773846
2022-07-01,1452039.503834026,1500731.5859701515,1500731.5859701515
2022-07-05,1476897.773483821,1526423.4423814318,1526423.4423814318
2022-07-06,1486367.7742305,1536211.0061509963,1536211.0061509963
2022-07-07,1518174.687474486,1569084.519048837,1569084.519048837
2022-07-08,1520078.8482928288,1571052.5331953587,1571052.5331953587
2022-07-11,1487602.970749187,1537487.6232303383,1537487.6232303383
2022-07-12,1473192.3446978393,1522593.7573046812,1522593.7573046812
2022-07-13,1470155.7194414344,1519455.3031338349,1519455.3031338349
2022-07-14,1475405.1840682945,1524880.801100082,1524880.801100082
2022-07-15,1502168.0968466701,1552541.1701417104,1552541.1701417104
2022-07-18,1489455.5243720987,1539402.2996074383,1539402.2996074383
2022-07-19,1535261.1707244574,1586743.9732432133,1586743.9732432133
2022-07-20,1559605.1368908111,1611904.2797343044,1611904.2797343044
2022-07-21,1581993.4958134699,1635043.400470727,1635043.400470727
2022-07-22,1554253.1009534055,1606372.7708743152,1606372.7708743152
2022-07-25,1545400.2965408717,1597223.1002412331,1597223.1002412331
2022-07-26,1515034.8478272185,1565839.3893391467,1565839.3893391467
2022-07-27,1579059.4418676107,1632010.9571936226,1632010.9571936226
2022-07-28,1594499.9610464748,1647969.2522498623,1647969.2522498623
2022-07-29,1623578.4452759305,1678022.8421419093,1678022.8421419093
2022-08-01,1623600.6632842144,1678012.281677099,1678012.281677099
2022-08-02,1618760.1111257966,1673009.508424042,1673009.508424042
2022-08-03,1662842.9182849564,1718569.6596956262,1718569.6596956262
2022-08-04,1670619.1712190132,1726606.5176643708,1726606.5176643708
2022-08-05,1656971.8384719414,1712501.822784906,1712501.822784906
2022-08-08,1651616.183355356,1706966.683963345,1706966.683963345
2022-08-09,1632921.9033545107,1687645.903830701,1687645.903830701
2022-08-10,1678498.2195279195,1734749.6159823579,1734749.6159823579
2022-08-11,1668971.0669696615,1724903.1806096162,1724903.1806096162
2022-08-12,1701467.11408355,1758488.2655360796,1758488.2655360796
2022-08-15,1715216.5987289466,1772698.535723477,1772698.535723477
2022-08-16,1711200.17912977,1768547.514127961,1768547.514127961
2022-08-17,1691682.0883079458,1748375.314858431,1748375.314858431
2022-08-18,1695750.4686365065,1752580.0385397142,1752580.0385397142
2022-08-19,1662687.84044246,1718409.3847399617,1718409.3847399617
2022-08-22,1618914.0628843743,1673168.6195574144,1673168.6195574144
2022-08-23,1617575.309974359,1671785.0011123514,1671785.0011123514
2022-08-24,1622261.5886359368,1676628.3307113813,1676628.3307113813
2022-08-25,1650946.485162086,1706274.5422201585,1706274.5422201585
2022-08-26,1583277.5285908035,1636337.8005184159,1636337.8005184159
2022-08-29,1567673.061993306,1620210.3824951593,1620210.3824951593
2022-08-30,1550215.0612658884,1602167.3129789908,1602167.3129789908
2022-08-31,1541202.8507966662,1592853.0769144257,1592853.0769144257
2022-09-01,1542871.7664725157,1594544.4199666027,1594544.4199666027
2022-09-02,1521074.031885456,1572016.6527152937,1572016.6527152937
2022-09-06,1510149.0868956873,1560725.8180196106,1560725.8180196106
2022-09-07,1540656.1281328094,1592254.577201951,1592254.577201951
2022-09-08,1548643.3079598611,1600509.2574036722,1600509.2574036722
2022-09-09,1582500.5282965158,1635500.3972615378,1635500.3972615378
2022-09-12,1601309.4691424156,1654939.2724312365,1654939.2724312365
2022-09-13,1513498.7830749191,1564187.6996012465,1564187.6996012465
2022-09-14,1525505.6305117356,1576596.6709738567,1576596.6709738567
2022-09-15,1500100.1593314258,1550340.3396393326,1550340.3396393326
2022-09-16,1490927.5711395387,1540860.550303719,1540860.550303719
2022-09-19,1502537.9410094635,1552859.7655931166,1552859.7655931166
2022-09-20,1490561.5175515926,1540482.2371355398,1540482.2371355398
2022-09-21,1463871.156424499,1512897.983325903,1512897.983325903
2022-09-22,1445854.0438983473,1494277.455770221,1494277.455770221
2022-09-23,1422313.12799912,1469948.1259427413,1469948.1259427413
2022-09-26,1416427.7782942378,1463865.668712399,1463865.668712399
2022-09-27,1416995.6925678854,1464452.603126355,1464452.603126355
2022-09-28,1445182.9456537792,1493583.8816285592,1493583.8816285592
2022-09-29,1403521.572284046,1450527.2181530618,1450527.2181530618
2022-09-30,1379722.9379176674,1425931.5385532626,1425931.5385532626
2022-10-03,1413091.497977474,1460384.1711339138,1460384.1711339138
2022-10-04,1457520.0460947065,1506299.6327368836,1506299.6327368836
2022-10-05,1456744.8935460122,1505498.5377519177,1505498.5377519177
2022-10-06,1445275.9542256882,1493645.7614334212,1493645.7614334212
2022-10-07,1390205.0062160934,1436731.7251677858,1436731.7251677858
2022-10-10,1376308.4798407354,1422370.1164670296,1422370.1164670296
2022-10-11,1357400.2024065696,1402829.025810277,1402829.025810277
2022-10-12,1356935.143094832,1402348.402115016,1402348.402115016
2022-10-13,1388758.6024890097,1435236.9138897294,1435236.9138897294
2022-10-14,1347016.2672408035,1392097.5660485628,1392097.5660485628
2022-10-17,1391496.6049557927,1438066.550518878,1438066.550518878
2022-10-18,1402500.6460517747,1449438.8696207057,1449438.8696207057
2022-10-19,1397385.9601470372,1444153.0078443866,1444153.0078443866
2022-10-20,1390256.8763575482,1436785.3312744275,1436785.3312744275
2022-10-21,1422854.843950837,1470474.2721197384,1470474.2721197384
2022-10-24,1438508.6727272149,1486651.995781216,1486651.995781216
2022-10-25,1468265.2197456032,1517404.4207412798,1517404.4207412798
2022-10-26,1435821.8960523033,1483875.2993443408,1483875.2993443408
2022-10-27,1409681.5999827185,1456860.1522973063,1456860.1522973063
2022-10-28,1452818.8715350435,1501441.121506368,1501441.121506368
2022-10-31,1435925.4752478169,1483982.345079032,1483982.345079032
2022-11-01,1422253.0131515497,1469818.8420475067,1469818.8420475067
2022-11-02,1373502.2127605735,1419437.6199182777,1419437.6199182777
2022-11-03,1346671.3228471887,1391709.3977391531,1391709.3977391531
2022-11-04,1368332.8285968762,1414095.3508737932,1414095.3508737932
2022-11-07,1383376.561860838,1429642.20674377,1429642.20674377
2022-11-08,1393457.7314638472,1440060.530976774,1440060.530976774
2022-11-09,1361301.4151056604,1406828.7787941073,1406828.7787941073
2022-11-10,1461750.0871511996,1510636.856165677,1510636.856165677
2022-11-11,1488684.790317716,1538472.3635283068,1538472.3635283068
2022-11-14,1475657.0330532305,1525008.905957891,1525008.905957891
2022-11-15,1496077.132184338,1546111.9348717635,1546111.9348717635
2022-11-16,1475657.0330532305,1525008.905957891,1525008.905957891
2022-11-17,1472400.2952379887,1521643.2498051617,1521643.2498051617
2022-11-18,1472451.3958610364,1521696.059437415,1521696.059437415
2022-11-21,1457304.6553474613,1506042.751343432,1506042.751343432
2022-11-22,1478293.631761645,1527733.6830718857,1527733.6830718857
2022-11-23,1493130.866924269,1543067.134718151,1543067.134718151
2022-11-25,1483308.102049163,1532915.8573006117,1532915.8573006117
2022-11-28,1461543.589049862,1510423.4519419654,1510423.4519419654
2022-11-29,1450480.0623589903,1498989.9166712577,1498989.9166712577
2022-11-30,1516601.366969984,1567322.582152941,1567322.582152941
2022-12-01,1519462.4515846611,1570245.918910516,1570245.918910516
2022-12-02,1513409.4127048033,1563990.5753920297,1563990.5753920297
2022-12-05,1488009.393672746,1537741.6370364015,1537741.6370364015
2022-12-06,1457176.721837631,1505878.4757797979,1505878.4757797979
2022-12-07,1451228.0484782334,1499730.9858857342,1499730.9858857342
2022-12-08,1468403.3547479669,1517480.3251655307,1517480.3251655307
2022-12-09,1459039.6544431867,1507803.671310644,1507803.671310644
2022-12-12,1477352.657800719,1526728.7317852674,1526728.7317852674
2022-12-13,1493234.2832758767,1543141.1528767024,1543141.1528767024
2022-12-14,1482163.7953791504,1531700.6671825326,1531700.6671825326
2022-12-15,1432397.5728028708,1480271.1581357662,1480271.1581357662
2022-12-16,1418740.8524648186,1466158.0029510728,1466158.0029510728
2022-12-19,1398802.0375451257,1445552.79304746,1445552.79304746
2022-12-20,1397713.3777343284,1444427.748053289,1444427.748053289
2022-12-21,1417988.8400129091,1465380.856742327,1465380.856742327
2022-12-22,1383297.386136916,1429529.9452485687,1429529.9452485687
2022-12-23,1386408.6723171878,1432745.216821775,1432745.216821775
2022-12-27,1366807.472597376,1412488.9058917584,1412488.9058917584
2022-12-28,1348761.5933540356,1393839.8973522878,1393839.8973522878
2022-12-29,1381637.8614468167,1427814.9559316284,1427814.9559316284
2022-12-30,1380808.9056359283,1426958.2947633006,1426958.2947633006
2023-01-03,1372474.263264589,1418311.6800395693,1418311.6800395693
2023-01-04,1379012.9205208842,1425068.7130904624,1425068.7130904624
2023-01-05,1357425.1495522344,1402759.9612760376,1402759.9612760376
2023-01-06,1394891.9171383544,1441478.0308989412,1441478.0308989412
2023-01-09,1403921.3530808846,1450809.0287939385,1450809.0287939385
2023-01-10,1415805.0954867983,1463089.660284104,1463089.660284104
2023-01-11,1440298.9901552722,1488401.5935041285,1488401.5935041285
2023-01-12,1448082.552481447,1496445.1085302471,1496445.1085302471
2023-01-13,1458045.9900752124,1506741.3015378811,1506741.3015378811
2023-01-17,1461004.2538603025,1509798.3643851301,1509798.3643851301
2023-01-18,1442010.8960507694,1490170.6730356726,1490170.6730356726
2023-01-19,1427844.1281776216,1475530.7683899552,1475530.7683899552
2023-01-20,1466919.8128840076,1515911.4891859752,1515911.4891859752
2023-01-23,1499508.8189949517,1549588.8915571424,1549588.8915571424
2023-01-24,1496447.4050102176,1546425.233535857,1546425.233535857
2023-01-25,1493126.4205700418,1542993.3360155877,1542993.3360155877
2023-01-26,1522238.021985012,1573077.1965415385,1573077.1965415385
2023-01-27,1537391.254443486,1588736.5113727595,1588736.5113727595
2023-01-30,1506306.7238578633,1556613.8304758016,1556613.8304758016
2023-01-31,1528880.636563014,1579941.6588445122,1579941.6588445122
2023-02-01,1562573.1386612253,1614726.0237421242,1614726.0237421242
2023-02-02,1618653.475166182,1672678.1134934903,1672678.1134934903
2023-02-03,1589886.6743100418,1642951.183717893,1642951.183717893
2023-02-06,1576437.5504140558,1629053.1780411878,1629053.1780411878
2023-02-07,1609099.754597952,1662805.5252328862,1662805.5252328862
2023-02-08,1580487.8588583863,1633238.670731051,1633238.670731051
2023-02-09,1566519.261703897,1618803.8537087585,1618803.8537087585
2023-02-10,1556238.0201293551,1608179.4624940113,1608179.4624940113
2023-02-13,1581162.8833444824,1633936.2250262029,1633936.2250262029
2023-02-14,1592846.1858281684,1646009.4727333933,1646009.4727333933
2023-02-15,1605048.9615703577,1658619.531786171,1658619.531786171
2023-02-16,1574931.4656310074,1627496.8257444666,1627496.8257444666
2023-02-17,1563819.6483427766,1616014.1372850025,1616014.1372850025
2023-02-21,1526795.7102038553,1577754.4776664097,1577754.4776664097
2023-02-22,1527937.8729559935,1578934.7615671086,1578934.7615671086
2023-02-23,1541282.9729780753,1592725.2714395355,1592725.2714395355
2023-02-24,1515475.6836400616,1566056.6306794388,1566056.6306794388
2023-02-27,1526328.08735455,1577271.2473040107,1577271.2473040107
2023-02-28,1524355.1873609684,1575232.4992396443,1575232.4992396443
2023-03-01,1513100.0997718,1563568.3923747006,1563568.3923747006
2023-03-02,1525623.0594848401,1576509.0457982542,1576509.0457982542
2023-03-03,1557162.8084271783,1609100.7788614605,1609100.7788614605
2023-03-06,1558929.797283006,1610926.704274503,1610926.704274503
2023-03-07,1539808.107233416,1591167.2249282035,1591167.2249282035
2023-03-08,1547498.0323893668,1599113.6416361167,1599113.6416361167
2023-03-09,1520686.0939147342,1571407.4115304197,1571407.4115304197
2023-03-10,1499330.4528061987,1549339.4694020436,1549339.4694020436
2023-03-13,1510450.4246607882,1560830.3393838475,1560830.3393838475
2023-03-14,1545160.1503174047,1596697.781301846,1596697.781301846
2023-03-15,1553265.7995254216,1605073.788218536,1605073.788218536
2023-03-16,1594210.9010593947,1647384.582190956,1647384.582190956
2023-03-17,1586676.6299711498,1639599.0112727208,1639599.0112727208
2023-03-20,1592307.8159159154,1645418.0211030343,1645418.0211030343
2023-03-21,1615049.9581592195,1668918.710047462,1668918.710047462
2023-03-22,1593088.1875035423,1646224.421386072,1646224.421386072
2023-03-23,1611979.0634215807,1665745.3879725998,1665745.3879725998
2023-03-24,1617912.02106355,1671876.234863483,1671876.234863483
2023-03-27,1606827.4471745135,1660421.9435192072,1660421.9435192072
2023-03-28,1598292.1733434824,1651601.982179917,1651601.982179917
2023-03-29,1627435.5285082408,1681717.3915901992,1681717.3915901992
2023-03-30,1642839.6240020283,1697635.278867346,1697635.278867346
2023-03-31,1670161.5194689895,1725868.4751894856,1725868.4751894856
2023-04-03,1667102.0912076635,1722673.6578171703,1722673.6578171703
2023-04-04,1661478.0389701566,1716862.1321218708,1716862.1321218708
2023-04-05,1645075.2271588044,1699912.5451886079,1699912.5451886079
2023-04-06,1656166.613780878,1711373.6546571173,1711373.6546571173
2023-04-10,1655229.379562314,1710405.1784563852,1710405.1784563852
2023-04-11,1644606.3674522266,1699428.0564041517,1699428.0564041517
2023-04-12,1630078.509272594,1684415.923240533,1684415.923240533
2023-04-13,1661998.8144979868,1717400.2673015702,1717400.2673015702
2023-04-14,1658874.4847940656,1714171.7904688274,1714171.7904688274
2023-04-17,1660280.2552561467,1715624.4212085623,1715624.4212085623
2023-04-18,1660384.4103617128,1715732.0482445022,1715732.0482445022
2023-04-19,1659603.570533028,1714925.1797204064,1714925.1797204064
2023-04-20,1646949.8573274633,1701849.6647127988,1701849.6647127988
2023-04-21,1648668.0931062426,1703625.1765603535,1703625.1765603535
2023-04-24,1645231.298085623,1700073.818619791,1700073.818619791
2023-04-25,1614195.9877944812,1668003.9701187897,1668003.9701187897
2023-04-26,1623985.7590600399,1678120.075883504,1678120.075883504
2023-04-27,1668143.4805317938,1723749.7610538425,1723749.7610538425
2023-04-28,1679651.164113071,1735641.0444206581,1735641.0444206581
2023-05-01,1678724.1564816022,1734649.8114684704,1734649.8114684704
2023-05-02,1664083.100811527,1719520.9981016426,1719520.9981016426
2023-05-03,1653193.7013659535,1708268.8250615774,1708268.8250615774
2023-05-04,1647358.0254348076,1702238.7372030872,1702238.7372030872
2023-05-05,1682371.5955379817,1738418.7626967365,1738418.7626967365
2023-05-08,1686539.958607072,1742725.992198386,1742725.992198386
2023-05-09,1675858.5080140408,1731688.695698022,1731688.695698022
2023-05-10,1694095.055984335,1750532.7829629646,1750532.7829629646
2023-05-11,1699618.0804111143,1756239.8035259664,1756239.8035259664
2023-05-12,1693521.537903861,1749940.158483042,1749940.158483042
2023-05-15,1702691.8395591187,1759415.963055213,1759415.963055213
2023-05-16,1704620.018997282,1761408.3785964877,1761408.3785964877
2023-05-17,1725252.7526948852,1782728.4790313554,1782728.4790313554
2023-05-18,1757296.4571623756,1815839.6996560602,1815839.6996560602
2023-05-19,1753336.5284295299,1811747.8483514027,1811747.8483514027
2023-05-22,1759224.474772638,1817831.9479782379,1817831.9479782379
2023-05-23,1736924.1045571773,1794788.6547483355,1794788.6547483355
2023-05-24,1728014.345822225,1785582.0729224049,1785582.0729224049
2023-05-25,1770061.927462051,1829030.4436881521,1829030.4436881521
2023-05-26,1815287.6472459044,1875762.8303007393,1875762.8303007393
2023-05-30,1823520.1562159625,1884269.6002055423,1884269.6002055423
2023-05-31,1813151.6807830997,1873555.7054388605,1873555.7054388605
2023-06-01,1835097.0897308446,1896198.9076973835,1896198.9076973835
2023-06-02,1848859.7969387504,1910419.8611938646,1910419.8611938646
2023-06-05,1850163.0596867409,1911766.5176803314,1911766.5176803314
2023-06-06,1849850.2377673574,1911443.2799698266,1911443.2799698266
2023-06-07,1818466.8482619235,1879014.941854608,1879014.941854608
2023-06-08,1841039.8966185935,1902339.5876604577,1902339.5876604577
2023-06-09,1848077.9040563991,1909611.9342249061,1909611.9342249061
2023-06-12,1879304.8826021412,1941878.6534848723,1941878.6534848723
2023-06-13,1893745.3706353782,1956799.9553541138,1956799.9553541138
2023-06-14,1907508.2397593914,1971021.0761578986,1971021.0761578986
2023-06-15,1930237.699075753,1994507.3408190007,1994507.3408190007
2023-06-16,1918091.076535221,1981956.281519491,1981956.281519491
2023-06-20,1915345.1412708194,1979118.9169581807,1979118.9169581807
2023-06-21,1889243.2932707523,1952147.9757782405,1952147.9757782405
2023-06-22,1911533.959936219,1975180.8376466574,1975180.8376466574
2023-06-23,1892584.4321457408,1955600.3619874888,1955600.3619874888
2023-06-26,1867213.7972864273,1929384.9805904883,1929384.9805904883
2023-06-27,1899318.3611339594,1962558.505435825,1962558.505435825
2023-06-28,1903024.9446632173,1966388.50422924,1966388.50422924
2023-06-29,1899214.4109930464,1962451.0941469306,1962451.0941469306
2023-06-30,1928500.6630761952,1992712.4680662595,1992712.4680662595
2023-07-03,1934041.786144878,1998404.8034068744,1998404.8034068744
2023-07-05,1933989.622194933,1998350.9034917427,1998350.9034917427
2023-07-06,1919260.1103289814,1983131.2078907338,1983131.2078907338
2023-07-07,1912888.3324431702,1976547.3834747018,1976547.3834747018
2023-07-10,1913515.1098417311,1977195.0194114868,1977195.0194114868
2023-07-11,1922968.934770092,1986963.4583783937,1986963.4583783937
2023-07-12,1947255.9514649159,2012058.7232124098,2012058.7232124098
2023-07-13,1980318.0137394392,2046221.0585524566,2046221.0585524566
2023-07-14,1979900.0541405021,2045789.1896672393,2045789.1896672393
2023-07-17,1998389.7443982866,2064894.1987158358,2064894.1987158358
2023-07-18,2014737.7967111298,2081786.2982052963,2081786.2982052963
2023-07-19,2014267.8351620925,2081300.6967959881,2081300.6967959881
2023-07-20,1967835.1157176965,2033322.7419050105,2033322.7419050105
2023-07-21,1961932.6513815445,2027223.8493341235,2027223.8493341235
2023-07-24,1965066.53837435,2030462.0290180487,2030462.0290180487
2023-07-25,1978385.3555939666,2044224.083435929,2044224.083435929
2023-07-26,1971804.1119091532,2037423.822404166,2037423.822404166
2023-07-27,1967103.6864195566,2032566.9713558804,2032566.9713558804
2023-07-28,2002933.840037893,2069589.517409767,2069589.517409767
2023-07-31,2003977.929036013,2070668.352667606,2070668.352667606
2023-08-01,2000329.529586179,2066865.269015466,2066865.269015466
2023-08-02,1956434.3082719815,2021509.987763966,2021509.987763966
2023-08-03,1953298.8542805437,2018270.2410814085,2018270.2410814085
2023-08-04,1944153.9287129603,2008821.133439989,2008821.133439989
2023-08-07,1960614.697486102,2025829.4267113179,2025829.4267113179
2023-08-08,1943944.3581773734,2008604.5920876733,2008604.5920876733
2023-08-09,1922571.7293261483,1986521.058536432,1986521.058536432
2023-08-10,1926125.351903676,1990192.8830913596,1990192.8830913596
2023-08-11,1913844.8102638074,1977503.8612953392,1977503.8612953392
2023-08-14,1935322.3054232497,1999695.74925876,1999695.74925876
2023-08-15,1914785.5275016625,1978475.869036128,1978475.869036128
2023-08-16,1894510.0239059578,1957525.9537477058,1957525.9537477058
2023-08-17,1873816.189643316,1936143.7931148699,1936143.7931148699
2023-08-18,1871464.5586295258,1933713.941234941,1933713.941234941
2023-08-21,1901616.9448993185,1964869.2679134738,1964869.2679134738
2023-08-22,1898899.6594939707,1962061.5991032864,1962061.5991032864
2023-08-23,1928842.3131473293,1993000.21695746,1993000.21695746
2023-08-24,1887611.8630439474,1950398.3435740357,1950398.3435740357
2023-08-25,1902243.7115359115,1965516.8823058982,1965516.8823058982
2023-08-28,1916562.2577500027,1980311.69757757,1980311.69757757
2023-08-29,1958419.4744899774,2023561.1853534188,2023561.1853534188
2023-08-30,1969341.130305901,2034846.12153628,2034846.12153628
2023-08-31,1975246.545978066,2040947.9654431802,2040947.9654431802
2023-09-01,1974155.7272992842,2039787.6111153902,2039787.6111153902
2023-09-05,1976665.1991924292,2042380.5117702347,2042380.5117702347
2023-09-06,1959255.5453652148,2024392.0645066842,2024392.0645066842
2023-09-07,1945243.205667977,2009913.8769341833,2009913.8769341833
2023-09-08,1947962.029949752,2012723.090011994,2012723.090011994
2023-09-11,1970914.2517792794,2036438.370973892,2036438.370973892
2023-09-12,1949059.873227076,2013857.4316878128,2013857.4316878128
2023-09-13,1956484.0181196097,2021528.3963262676,2021528.3963262676
2023-09-14,1972482.5298199002,2038058.7872732782,2038058.7872732782
2023-09-15,1938707.713827103,2003161.1091027427,2003161.1091027427
2023-09-18,1940729.0751936976,2005249.6717303768,2005249.6717303768
2023-09-19,1936592.460103408,2000975.5326153897,2000975.5326153897
2023-09-20,1908685.1866960493,1972140.466683577,1972140.466683577
2023-09-21,1873709.553942752,1936002.0499444392,1936002.0499444392
2023-09-22,1873971.6092952124,1936272.8174700115,1936272.8174700115
2023-09-25,1882872.5723157506,1945469.697860561,1945469.697860561
2023-09-26,1854598.6484430996,1916255.7919687743,1916255.7919687743
2023-09-27,1858944.4537590537,1920746.075952566,1920746.075952566
2023-09-28,1874495.2335112358,1936813.84985867,1936813.84985867
2023-09-29,1875856.1051188142,1938219.9643850322,1938219.9643850322
2023-10-02,1892511.3422367673,1955395.6783696734,1955395.6783696734
2023-10-03,1859298.390112121,1921079.1268114282,1921079.1268114282
2023-10-04,1884601.232737525,1947222.731880503,1947222.731880503
2023-10-05,1879047.9474457365,1941484.9221152612,1941484.9221152612
2023-10-06,1910532.6267177188,1974015.773798573,1974015.773798573
2023-10-09,1920276.3084576628,1984083.2184370698,1984083.2184370698
2023-10-10,1930910.735406124,1995071.005951401,1995071.005951401
2023-10-11,1944688.243625878,2009306.3129904426,2009306.3129904426
2023-10-12,1937930.261945521,2002323.7772046053,2002323.7772046053
2023-10-13,1913570.5708496452,1977154.6626887587,1977154.6626887587
2023-10-16,1935206.4312423174,1999509.4390990487,1999509.4390990487
2023-10-17,1928867.7001300496,1992960.0847323656,1992960.0847323656
2023-10-18,1903564.8575046456,1966816.4796632905,1966816.4796632905
2023-10-19,1885753.5228050821,1948413.3102237042,1948413.3102237042
2023-10-20,1857622.1990831243,1919347.2393341525,1919347.2393341525
2023-10-23,1863227.2417012365,1925138.5262173163,1925138.5262173163
2023-10-24,1881353.1765755385,1943866.749361136,1943866.749361136
2023-10-25,1835305.705511995,1896289.2136772096,1896289.2136772096
2023-10-26,1800311.425218986,1860132.1440071638,1860132.1440071638
2023-10-27,1808955.0609637122,1869062.9903399856,1869062.9903399856
2023-10-30,1829333.3319007894,1890118.3901326817,1890118.3901326817
2023-10-31,1838081.6180388657,1899157.364180424,1899157.364180424
2023-11-01,1870984.7612228945,1933120.5944532584,1933120.5944532584
2023-11-02,1904949.5498260767,1968213.3614794037,1968213.3614794037
2023-11-03,1927330.4082047846,1991337.4933003082,1991337.4933003082
2023-11-06,1935192.474472078,1999460.660592343,1999460.660592343
2023-11-07,1953485.4025428637,2018361.1010017958,2018361.1010017958
2023-11-08,1954743.3396390472,2019660.8144775857,2019660.8144775857
2023-11-09,1939700.2041516264,2004118.0930088782,2004118.0930088782
2023-11-10,1983309.0148234705,2049175.162289472,2049175.162289472
2023-11-13,1977124.0356823446,2042784.7785718837,2042784.7785718837
2023-11-14,2019684.4842729974,2086758.6694260158,2086758.6694260158
2023-11-15,2021204.7553925943,2088329.4290983311,2088329.4290983311
2023-11-16,2022934.4391917728,2090116.556093368,2090116.556093368
2023-11-17,2023406.1858947678,2090603.969612615,2090603.969612615
2023-11-20,2048040.7467778393,2116056.6499151806,2116056.6499151806
2023-11-21,2036142.5351985823,2103763.295999251,2103763.295999251
2023-11-22,2044476.6728396919,2112374.212263746,2112374.212263746
2023-11-24,2041593.9206195313,2109395.723180887,2109395.723180887
2023-11-27,2039812.1271535733,2107554.75594508,2107554.75594508
2023-11-28,2045157.9945576787,2113078.1608323213,2113078.1608323213
2023-11-29,2043166.4637413183,2111020.490820579,2111020.490820579
2023-11-30,2038029.8466813837,2105713.2855294524,2105713.2855294524
2023-12-01,2044847.4855492783,2112724.1394791277,2112724.1394791277
2023-12-04,2025863.9549523378,2093110.4696929315,2093110.4696929315
2023-12-05,2030950.786897926,2098366.153904525,2098366.153904525
2023-12-06,2019204.297956907,2086229.7520871789,2086229.7520871789
2023-12-07,2047416.8878921648,2115378.830546414,2115378.830546414
2023-12-08,2056542.0017501125,2124806.843373494,2124806.843373494
2023-12-11,2074108.950347391,2142956.9091464872,2142956.9091464872
2023-12-12,2090627.5113262539,2160023.7871293835,2160023.7871293835
2023-12-13,2117214.653812232,2187493.4630474425,2187493.4630474425
2023-12-14,2115379.204009643,2185597.0873362287,2185597.0873362287
2023-12-15,2125605.003055817,2196162.321488404,2196162.321488404
2023-12-18,2138993.3433422367,2209995.074253866,2209995.074253866
2023-12-19,2149923.0481882887,2221287.5796503914,2221287.5796503914
2023-12-20,2117975.729626313,2188279.80200707,2188279.80200707
2023-12-21,2142619.2540441924,2213741.343411715,2213741.343411715
2023-12-22,2145824.5103802774,2217052.99500545,2217052.99500545
2023-12-26,2158960.4580471744,2230624.977232444,2230624.977232444
2023-12-27,2163355.5653038654,2235165.9756503855,2235165.9756503855
2023-12-28,2162304.0918040015,2234079.599546112,2234079.599546112
2023-12-29,2152946.2375189136,2224411.1207076903,2224411.1207076903
2024-01-02,2117513.5339837754,2187769.0802072426,2187769.0802072426
2024-01-03,2095106.6023749493,2164618.724202725,2164618.724202725
2024-01-04,2084324.314608551,2153478.6982191163,2153478.6982191163
2024-01-05,2086796.4607005094,2156032.8659705576,2156032.8659705576
2024-01-08,2129926.2617322104,2200593.6414358863,2200593.6414358863
2024-01-09,2134134.142315709,2204941.1324370247,2204941.1324370247
2024-01-10,2148598.3255926687,2219885.21304663,2219885.21304663
2024-01-11,2153068.954975346,2224504.1704112543,2224504.1704112543
2024-01-12,2154173.4098844454,2225645.269281147,2225645.269281147
2024-01-16,2153963.145848492,2225428.0290372684,2225428.0290372684
2024-01-17,2141813.004407708,2212874.766289388,2212874.766289388
2024-01-18,2172214.519145517,2244284.9522775323,2244284.9522775323
2024-01-19,2215291.5104309395,2288791.1658578063,2288791.1658578063
2024-01-22,2218184.3470863313,2291779.9819797277,2291779.9819797277
2024-01-23,2227388.8421254447,2301289.8667206326,2301289.8667206326
2024-01-24,2239749.247602182,2314060.369712392,2314060.369712392
2024-01-25,2242484.304984845,2316886.1717100427,2316886.1717100427
2024-01-26,2229124.576616985,2303083.1899703303,2303083.1899703303
2024-01-29,2251951.7113146638,2326667.6906971573,2326667.6906971573
2024-01-30,2236961.7054562937,2311180.3415951333,2311180.3415951333
2024-01-31,2193148.1400789265,2265913.115630392,2265913.115630392
2024-02-01,2219973.2685230006,2293595.088456499,2293595.088456499
2024-02-02,2257492.0710129826,2332358.141298592,2332358.141298592
2024-02-05,2254545.260092652,2329313.6041641533,2329313.6041641533
2024-02-06,2250019.4579178845,2324637.71108627,2324637.71108627
2024-02-07,2273172.902621312,2348559.0023043226,2348559.0023043226
2024-02-08,2277382.5163898324,2352908.221099286,2352908.221099286
2024-02-09,2299798.8925925274,2376068.000132887,2376068.000132887
2024-02-12,2290801.0971697113,2366771.807389793,2366771.807389793
2024-02-13,2255071.157004842,2329856.9415961555,2329856.9415961555
2024-02-14,2279645.2549124826,2355245.999682298,2355245.999682298
2024-02-15,2286433.470480434,2362259.335431334,2362259.335431334
2024-02-16,2265700.777220414,2340839.0759597886,2340839.0759597886
2024-02-20,2248598.9672784046,2323170.1121741096,2323170.1121741096
2024-02-21,2239600.684161389,2313873.4155632267,2313873.4155632267
2024-02-22,2305166.4549562656,2381613.5690138335,2381613.5690138335
2024-02-23,2298378.239388314,2374600.2332647974,2374600.2332647974
2024-02-26,2297167.9449489773,2373349.8013695087,2373349.8013695087
2024-02-27,2302693.357668739,2379058.455458021,2379058.455458021
2024-02-28,2290432.5629193448,2366391.0512975673,2366391.0512975673
2024-02-29,2310060.628816666,2386670.0502280127,2386670.0502280127
2024-03-01,2345842.1915469663,2423605.097130653,2423605.097130653
2024-03-04,2337471.9053519517,2414957.3422391345,2414957.3422391345
2024-03-05,2295515.087518223,2371609.6874277303,2371609.6874277303
2024-03-06,2309939.7511625127,2386512.517830674,2386512.517830674
2024-03-07,2345000.2351160184,2422735.2304768087,2422735.2304768087
2024-03-08,2311150.39896471,2387763.297697627,2387763.297697627
2024-03-11,2302569.6643204684,2378898.118148957,2378898.118148957
2024-03-12,2335576.7308706236,2412999.344148108,2412999.344148108
2024-03-13,2317625.6733124377,2394453.222523356,2394453.222523356
2024-03-14,2311782.069580472,2388415.9077195567,2388415.9077195567
2024-03-15,2284302.4461863195,2360025.3554627653,2360025.3554627653
2024-03-18,2306088.5770684727,2382533.6802098462,2382533.6802098462
2024-03-19,2311834.112473635,2388469.6757955137,2388469.6757955137
2024-03-20,2339244.9416683884,2416789.153376899,2416789.153376899
2024-03-21,2350314.790312177,2428225.9591834564,2428225.9591834564
2024-03-22,2353002.9683780717,2431003.2483318797,2431003.2483318797
2024-03-25,2344463.7054143194,2422180.9152187384,2422180.9152187384
2024-03-26,2336873.0868124985,2414338.6733151525,2414338.6733151525
2024-03-27,2344832.55941961,2422561.9964570845,2422561.9964570845
2024-03-28,2340510.3971424475,2418096.5577488444,2418096.5577488444
2024-04-01,2346464.9059295924,2424215.3147204113,2424215.3147204113
2024-04-02,2326214.3576192698,2403293.76195339,2403293.76195339
2024-04-03,2331435.183038725,2408687.5800775574,2408687.5800775574
2024-04-04,2295786.0633201483,2371857.222308436,2371857.222308436
2024-04-05,2322839.2391169895,2399806.808476461,2399806.808476461
2024-04-08,2323524.871076525,2400515.158936921,2400515.158936921
2024-04-09,2332120.8149982607,2409395.9305380173,2409395.9305380173
2024-04-10,2311764.9976139423,2388365.6205930375,2388365.6205930375
2024-04-11,2348679.6240675137,2426503.417821451,2426503.417821451
2024-04-12,2311237.513320441,2387820.65804135,2387820.65804135
2024-04-15,2273215.3650945486,2348538.6411678605,2348538.6411678605
2024-04-16,2273426.228649261,2348756.49171289,2348756.49171289
2024-04-17,2245687.420892884,2320098.5550844055,2320098.5550844055
2024-04-18,2232872.5788432984,2306859.091637147,2306859.091637147
2024-04-19,2186676.2138050958,2259132.004252621,2259132.004252621
2024-04-22,2208667.0372552364,2281851.496394364,2281851.496394364
2024-04-23,2241626.670431068,2315903.251147016,2315903.251147016
2024-04-24,2249220.849764559,2323749.064564664,2323749.064564664
2024-04-25,2238357.471816224,2312525.7272262704,2312525.7272262704
2024-04-26,2272898.9070591195,2348211.697255759,2348211.697255759
2024-04-29,2282127.6043483526,2357746.1885865014,2357746.1885865014
2024-04-30,2239095.331554358,2313288.036039319,2313288.036039319
2024-05-01,2223905.0710924645,2297561.319205104,2297561.319205104
2024-05-02,2252289.8799969577,2326886.2395174424,2326886.2395174424
2024-05-03,2297557.3824892524,2373653.0121172396,2373653.0121172396
2024-05-06,2322723.4482464776,2399652.5837680064,2399652.5837680064
2024-05-07,2323092.6254214547,2400033.9881760394,2400033.9881760394
2024-05-08,2321720.9075847995,2398616.838728732,2398616.838728732
2024-05-09,2326785.8621600186,2403849.545765925,2403849.545765925
2024-05-10,2332272.7335066414,2409518.143555156,2409518.143555156
2024-05-13,2337654.125660413,2415077.7686563777,2415077.7686563777
2024-05-14,2352690.282267199,2430611.926232758,2430611.926232758
2024-05-15,2389463.7797574336,2468603.370428685,2468603.370428685
2024-05-16,2384609.9463444473,2463588.7769352393,2463588.7769352393
2024-05-17,2383449.3496700255,2462389.741031679,2462389.741031679
2024-05-20,2400068.3452757006,2479559.161599114,2479559.161599114
2024-05-21,2404763.9598994106,2484410.296060546,2484410.296060546
2024-05-22,2404288.9779785178,2483919.582629047,2483919.582629047
2024-05-23,2393473.4540745495,2472745.846082599,2472745.846082599
2024-05-24,2416107.205320697,2496129.2323824978,2496129.2323824978
2024-05-28,2425234.573809458,2505558.9014176093,2505558.9014176093
2024-05-29,2408140.59628289,2487898.7674186747,2487898.7674186747
2024-05-30,2382341.1670389646,2461244.855136666,2461244.855136666
2024-05-31,2377909.4131739135,2456666.320562986,2456666.320562986
2024-06-03,2391676.978894786,2470856.760933952,2470856.760933952
2024-06-04,2398221.866205249,2477618.3258121996,2477618.3258121996
2024-06-05,2446569.287972942,2527566.356002979,2527566.356002979
2024-06-06,2445724.7758783917,2526693.885164767,2526693.885164767
2024-06-07,2443560.896836282,2524458.367907118,2524458.367907118
2024-06-10,2453431.0708746114,2534655.307740302,2534655.307740302
2024-06-11,2470268.225426079,2552049.879635043,2552049.879635043
2024-06-12,2502623.004736854,2585475.8087692936,2585475.8087692936
2024-06-13,2516187.7970553897,2599489.682342809,2599489.682342809
2024-06-14,2529224.647181382,2612958.135465595,2612958.135465595
2024-06-17,2560207.4607388633,2644966.6780182915,2644966.6780182915
2024-06-18,2560999.2111830786,2645784.64045859,2645784.64045859
2024-06-20,2541258.8631064207,2625390.760792223,2625390.760792223
2024-06-21,2534450.1675442853,2618356.6539244065,2618356.6539244065
2024-06-24,2505596.3842845573,2588547.626169008,2588547.626169008
2024-06-25,2534249.2173081352,2618149.0509521053,2618149.0509521053
2024-06-26,2539482.717056429,2623555.8129649223,2623555.8129649223
2024-06-27,2546038.026421279,2630328.144934116,2630328.144934116
2024-06-28,2532822.04723551,2616674.632435697,2616674.632435697
2024-07-01,2548676.7574082147,2633021.1383111323,2633021.1383111323
2024-07-02,2575437.0849841903,2660667.056127453,2660667.056127453
2024-07-03,2596908.7510329694,2682849.292622082,2682849.292622082
2024-07-05,2623986.098548938,2710822.721646264,2710822.721646264
2024-07-08,2630226.7973471098,2717269.9463897147,2717269.9463897147
2024-07-09,2632500.8370913845,2719619.2418422005,2719619.2418422005
2024-07-10,2659948.638535176,2747975.3843744383,2747975.3843744383
2024-07-11,2601615.3404915156,2687711.6391309844,2687711.6391309844
2024-07-12,2616899.5788214537,2703501.684882662,2703501.684882662
2024-07-15,2623933.4791036053,2710768.3608445483,2710768.3608445483
2024-07-16,2624938.2987284125,2711806.4333677185,2711806.4333677185
2024-07-17,2547883.2301072357,2632201.350493305,2632201.350493305
2024-07-18,2535825.557518046,2619744.6485149586,2619744.6485149586
2024-07-19,2513348.90893596,2596524.1711974638,2596524.1711974638
2024-07-22,2550792.1242739935,2635206.5098599917,2635206.5098599917
2024-07-23,2541801.530004559,2625918.386252872,2625918.386252872
2024-07-24,2450626.530099245,2531726.095552056,2531726.095552056
2024-07-25,2423601.4762116103,2503806.6907301988,2503806.6907301988
2024-07-26,2448458.217971134,2529486.0266020894,2529486.0266020894
2024-07-29,2453376.588479007,2534567.162715421,2534567.162715421
2024-07-30,2419688.088237044,2499763.7954397327,2499763.7954397327
2024-07-31,2491295.496635529,2573740.936489437,2573740.936489437
2024-08-01,2431952.4223407265,2512400.914589311,2512400.914589311
2024-08-02,2374230.2509280737,2452769.305468583,2452769.305468583
2024-08-05,2303439.8895575088,2379637.2133200313,2379637.2133200313
2024-08-06,2325449.4040232585,2402374.798054602,2402374.798054602
2024-08-07,2300265.2899168003,2376357.5985679086,2376357.5985679086
2024-08-08,2370632.5669058636,2449052.6107895384,2449052.6107895384
2024-08-09,2383013.000280595,2461842.5863860794,2461842.5863860794
2024-08-12,2388144.9355999776,2467144.2850836306,2467144.2850836306
2024-08-13,2447401.3583098026,2528360.8982228646,2528360.8982228646
2024-08-14,2448195.211939347,2529181.012369258,2529181.012369258
2024-08-15,2510044.411777568,2593076.171177753,2593076.171177753
2024-08-16,2513271.4895272297,2596410.0000040163,2596410.0000040163
2024-08-19,2546285.9242013483,2630516.5454725623,2630516.5454725623
2024-08-20,2540942.1207402274,2624995.9700781703,2624995.9700781703
2024-08-21,2552793.3726870934,2637239.2590326793,2637239.2590326793
2024-08-22,2512319.0607423694,2595426.065068372,2595426.065068372
2024-08-23,2539566.444598371,2623574.786848915,2623574.786848915
2024-08-26,2514911.511919778,2598104.274004253,2598104.274004253
2024-08-27,2522424.1932503246,2605865.473307534,2605865.473307534
2024-08-28,2493801.4592034537,2576295.9050311157,2576295.9050311157
2024-08-29,2490150.8081458095,2572524.491177861,2572524.491177861
2024-08-30,2519831.9050484095,2603187.4327383433,2603187.4327383433
2024-09-03,2444327.322960629,2525152.104532661,2525152.104532661
2024-09-04,2437975.525871603,2518590.2772208047,2518590.2772208047
2024-09-05,2440251.5946472795,2520941.607095889,2520941.607095889
2024-09-06,2374884.073313515,2453412.6258037635,2453412.6258037635
2024-09-09,2405424.318493734,2484962.722906293,2484962.722906293
2024-09-10,2427654.630052271,2507928.1078975564,2507928.1078975564
2024-09-11,2480372.03504168,2562388.680712031,2562388.680712031
2024-09-12,2504719.612296559,2587541.3414739138,2587541.3414739138
2024-09-13,2515940.500926904,2599133.2630113787,2599133.2630113787
2024-09-16,2504825.2636265475,2587650.4862990608,2587650.4862990608
2024-09-17,2506148.840010569,2589017.828414099,2589017.828414099
2024-09-18,2495298.0571195357,2577808.250631393,2577808.250631393
2024-09-19,2558389.998804151,2642986.407348551,2642986.407348551
2024-09-20,2553520.418136305,2637955.8078228254,2637955.8078228254
2024-09-23,2560288.9510269524,2644948.150833873,2644948.150833873
2024-09-24,2572638.7436832846,2657706.3050400405,2657706.3050400405
2024-09-25,2575023.8876746437,2660170.316841086,2660170.316841086
2024-09-26,2594370.4722678945,2680156.620779298,2680156.620779298
2024-09-27,2579953.304821048,2665262.731414387,2665262.731414387
2024-09-30,2586949.770673615,2672490.5442796876,2672490.5442796876
2024-10-01,2551906.8782308237,2636255.857824128,2636255.857824128
2024-10-02,2555512.827273012,2639980.995432627,2639980.995432627
2024-10-03,2553603.833805047,2638008.903403955,2638008.903403955
2024-10-04,2583986.743599317,2669396.069058846,2669396.069058846
2024-10-07,2556307.969374544,2640802.4196157926,2640802.4196157926
2024-10-08,2594485.7183549087,2680242.0697247344,2680242.0697247344
2024-10-09,2614899.9112340137,2701331.0193331162,2701331.0193331162
2024-10-10,2611930.7282973393,2698263.6950602233,2698263.6950602233
2024-10-11,2616013.4363883026,2702481.350184085,2702481.350184085
2024-10-14,2637965.5564213246,2725159.0605356605,2725159.0605356605
2024-10-15,2602704.470222415,2688732.4785792055,2688732.4785792055
2024-10-16,2603022.6901690997,2689061.2167497403,2689061.2167497403
2024-10-17,2604825.501584122,2690923.6170567214,2690923.6170567214
2024-10-18,2621899.282106432,2708561.7426094646,2708561.7426094646
2024-10-21,2626936.6500374503,2713765.61224493,2713765.61224493
2024-10-22,2629799.9771333258,2716723.581790669,2716723.581790669
2024-10-23,2589501.196791254,2675092.7932042116,2675092.7932042116
2024-10-24,2610498.9831963656,2696784.62603872,2696784.62603872
2024-10-25,2626406.3921970236,2713217.8276255513,2713217.8276255513
2024-10-28,2626830.4679845073,2713655.9205232398,2713655.9205232398
2024-10-29,2652070.3171130326,2739730.0303127794,2739730.0303127794
2024-10-30,2632027.1905479757,2719024.411989875,2719024.411989875
2024-10-31,2565587.4000289757,2650388.56620629,2650388.56620629
2024-11-01,2585569.54789708,2670998.146883141,2670998.146883141
2024-11-04,2578037.496264913,2663217.232241681,2663217.232241681
2024-11-05,2610925.056472045,2697191.415005475,2697191.415005475
2024-11-06,2681846.5322182667,2770456.1741941986,2770456.1741941986
2024-11-07,2724069.652792002,2814074.369225849,2814074.369225849
2024-11-08,2727253.083119412,2817362.981791757,2817362.981791757
2024-11-11,2725661.367955707,2815718.6755088028,2815718.6755088028
2024-11-12,2720728.1115477667,2810622.421673966,2810622.421673966
2024-11-13,2717227.3172025806,2807005.9592136093,2807005.9592136093
2024-11-14,2698343.423883676,2787498.131972313,2787498.131972313
2024-11-15,2634052.816494466,2721083.3285731017,2721083.3285731017
2024-11-18,2652353.380063473,2739988.552537969,2739988.552537969
2024-11-19,2670600.913655217,2758838.994386798,2758838.994386798
2024-11-20,2669062.7179762577,2757249.9759009536,2757249.9759009536
2024-11-21,2678663.5913983393,2767168.0673093614,2767168.0673093614
2024-11-22,2682960.488079119,2771606.935751731,2771606.935751731
2024-11-25,2687203.865275153,2775990.51639699,2775990.51639699
2024-11-26,2701632.098319809,2790895.465968514,2790895.465968514
2024-11-27,2680361.040178249,2768921.6007036795,2768921.6007036795
2024-11-29,2703912.8768496164,2793251.6026392607,2793251.6026392607
2024-12-02,2734352.372778798,2824663.80514871,2824663.80514871
2024-12-03,2742736.785298171,2833325.1418537674,2833325.1418537674
2024-12-04,2776644.964839102,2868353.256152882,2868353.256152882
2024-12-05,2768950.683848988,2860404.844954755,2860404.844954755
2024-12-06,2793731.4331976064,2886004.0641506226,2886004.0641506226
2024-12-09,2771974.98776907,2863529.036958635,2863529.036958635
2024-12-10,2762529.5877993223,2853771.670027692,2853771.670027692
2024-12-11,2811985.314209199,2904860.842636908,2904860.842636908
2024-12-12,2793837.8584003206,2886114.0044132806,2886114.0044132806
2024-12-13,2815222.4685347104,2908204.915166104,2908204.915166104
2024-12-16,2855763.615157704,2950085.07319739,2950085.07319739
2024-12-17,2843187.812522837,2937093.911239978,2937093.911239978
2024-12-18,2740614.4839397455,2831132.7441619253,2831132.7441619253
2024-12-19,2728409.210768317,2818524.3496834,2818524.3496834
2024-12-20,2752235.071411599,2843137.14167597,2843137.14167597
2024-12-23,2779049.6520881657,2870837.3665048443,2870837.3665048443
2024-12-24,2816732.661748689,2909764.987727627,2909764.987727627
2024-12-26,2814819.2933035684,2907788.4236802673,2907788.4236802673
2024-12-27,2777402.0201921538,2869135.31587406,2869135.31587406
2024-12-30,2740462.3546622456,2830975.590289537,2830975.590289537
2024-12-31,2717183.310628003,2806927.675413385,2806927.675413385
2025-01-02,2712867.790049278,2802436.6013117377,2802436.6013117377
2025-01-03,2757264.275966447,2848298.894181393,2848298.894181393
2025-01-06,2788952.794600998,2881033.649921628,2881033.649921628
2025-01-07,2739186.386267431,2829624.1397562693,2829624.1397562693
2025-01-08,2739665.6395147745,2830119.2161645554,2830119.2161645554
2025-01-10,2696704.1374264476,2785739.284956234,2785739.284956234
2025-01-13,2688037.7364555816,2776786.7516365186,2776786.7516365186
2025-01-14,2685485.529213342,2774150.2799971635,2774150.2799971635
2025-01-15,2747268.7024458796,2837973.303974643,2837973.303974643
2025-01-16,2728021.3368499395,2818090.461905177,2818090.461905177
2025-01-17,2774065.7354663205,2865655.0754264244,2865655.0754264244
2025-01-21,2790335.852524336,2882462.371277056,2882462.371277056
2025-01-22,2826012.541964035,2919316.9723992245,2919316.9723992245
2025-01-23,2832020.5978354984,2925523.3919448704,2925523.3919448704
2025-01-24,2816016.6418654453,2908991.04483206,2908991.04483206
2025-01-27,2734029.392721403,2824296.881450823,2824296.881450823
2025-01-28,2774438.0344114457,2866039.66629896,2866039.66629896
2025-01-29,2769227.155491781,2860656.7435251204,2860656.7435251204
2025-01-30,2781030.991520382,2872850.2983469837,2872850.2983469837
2025-01-31,2776990.2416536855,2868676.137938315,2868676.137938315
2025-02-03,2755765.0010317722,2846717.1123795747,2846717.1123795747
2025-02-04,2789593.120621062,2881661.7055790666,2881661.7055790666
2025-02-05,2802251.95802517,2894738.339126417,2894738.339126417
2025-02-06,2816878.815366368,2909847.945743067,2909847.945743067
2025-02-07,2781348.9335174006,2873145.4248015457,2873145.4248015457
2025-02-10,2815017.298500243,2907924.9908046755,2907924.9908046755
2025-02-11,2808315.445746349,2901001.94805175,2901001.94805175
2025-02-12,2809964.2831670814,2902705.2042072546,2902705.2042072546
2025-02-13,2850388.0791358366,2944463.1595076923,2944463.1595076923
2025-02-14,2862355.2999717477,2956825.3501619967,2956825.3501619967
2025-02-18,2868844.146583712,2963528.356653105,2963528.356653105
2025-02-19,2869642.2662228737,2964352.817677059,2964352.817677059
2025-02-20,2857462.039245033,2951770.5907609384,2951770.5907609384
2025-02-21,2798156.4902410805,2890507.7032703836,2890507.7032703836
2025-02-24,2765126.490290953,2856387.571094846,2856387.571094846
2025-02-25,2730287.7349653775,2820398.9868279765,2820398.9868279765
2025-02-26,2736882.75795177,2827211.6739710644,2827211.6739710644
2025-02-27,2660876.1552951015,2748696.52614258,2748696.52614258
2025-02-28,2702895.5371491066,2792102.728533068,2792102.728533068
2025-03-03,2644749.1161450376,2732004.23084992,2732004.23084992
2025-03-04,2636767.679736517,2723759.4722438105,2723759.4722438105
2025-03-05,2671140.6540759197,2759266.4739283486,2759266.4739283486
2025-03-06,2597659.0825418658,2683360.610837202,2683360.610837202
2025-03-07,2616761.2255684366,2703092.9685297757,2703092.9685297757
2025-03-10,2515345.361949725,2598331.209922793,2598331.209922793
2025-03-11,2509332.362839836,2592119.8309651325,2592119.8309651325
2025-03-12,2537639.7200376242,2621361.0996950986,2621361.0996950986
2025-03-13,2491986.3874745956,2574201.580119801,2574201.580119801
2025-03-14,2552218.8366663195,2636421.2080692747,2636421.2080692747
2025-03-17,2568766.5540036825,2653514.864893132,2653514.864893132
2025-03-18,2524975.932445726,2608279.5105687617,2608279.5105687617
2025-03-19,2558763.40862466,2643181.6974367313,2643181.6974367313
2025-03-20,2550090.42094204,2634222.5720140655,2634222.5720140655
2025-03-21,2558497.3770853803,2642906.889029984,2642906.889029984
2025-03-24,2614641.9608061966,2700903.785343595,2700903.785343595
2025-03-25,2629562.4410009584,2716316.5194927678,2716316.5194927678
2025-03-26,2581176.8926291047,2666334.6433076356,2666334.6433076356
2025-03-27,2566469.4991218247,2651142.0259658326,2651142.0259658326
2025-03-28,2498899.7758851205,2581343.0538693387,2581343.0538693387
2025-03-31,2498793.2325413795,2581232.995465654,2581232.995465654
2025-04-01,2519936.1609999104,2603040.485901386,2603040.485901386
2025-04-02,2538327.576503274,2622038.427154506,2622038.427154506
2025-04-03,2402442.017080931,2481671.532905343,2481671.532905343
2025-04-04,2253229.003810005,2327537.6621435364,2327537.6621435364
2025-04-07,2258666.505587494,2333154.4858901147,2333154.4858901147
2025-04-08,2217991.337459667,2291137.901880476,2291137.901880476
2025-04-09,2484218.5323737413,2566144.934810355,2566144.934810355
2025-04-10,2378559.3165614037,2457001.2109634094,2457001.2109634094
2025-04-11,2422379.578090022,2502266.609598158,2502266.609598158
2025-04-14,2438799.15947517,2519227.6881241053,2519227.6881241053
2025-04-15,2441517.746889025,2522035.9311313084,2522035.9311313084
2025-04-16,2367897.4842624483,2445987.7648461633,2445987.7648461633
2025-04-17,2367470.9782755123,2445547.1932282564,2445547.1932282564
2025-04-21,2308883.7030205955,2385027.783329125,2385027.783329125
2025-04-22,2369496.595632402,2447639.612897665,2447639.612897665
2025-04-23,2423232.5900638937,2503147.752833972,2503147.752833972
2025-04-24,2491415.5143878707,2573579.264238625,2573579.264238625
2025-04-25,2519189.5711791604,2602269.2744874414,2602269.2744874414
2025-04-28,2518390.015494183,2601443.3504616907,2601443.3504616907
2025-04-29,2535022.6046604654,2618624.461497463,2618624.461497463
2025-04-30,2534702.5208266512,2618293.821701425,2618293.821701425
2025-05-01,2568807.1938573914,2653490.435044854,2653490.435044854
2025-05-02,2606938.4925322076,2692869.862886753,2692869.862886753
2025-05-05,2591472.653398905,2676897.7896206896,2676897.7896206896
2025-05-06,2567367.56414511,2652003.6827876777,2652003.6827876777
2025-05-07,2577446.7710549515,2662412.8063948895,2662412.8063948895
2025-05-08,2604058.5789535097,2689895.6828062264,2689895.6828062264
2025-05-09,2602352.217892741,2688133.468441649,2688133.468441649
2025-05-12,2708372.6139139812,2797624.1671585375,2797624.1671585375
2025-05-13,2749650.230438915,2840252.8994052773,2840252.8994052773
2025-05-14,2766129.02725004,2857271.086891601,2857271.086891601
2025-05-15,2769168.5544376425,2860410.105118555,2860410.105118555
2025-05-16,2781221.671449408,2872857.749655463,2872857.749655463
2025-05-19,2783888.0037030755,2875611.357380216,2875611.357380216
2025-05-20,2774608.500223094,2866028.113420578,2866028.113420578
2025-05-21,2736050.8565908866,2826208.3853248497,2826208.3853248497
2025-05-22,2741170.757465861,2831495.8728763,2831495.8728763
2025-05-23,2715785.3250316214,2805279.514149453,2805279.514149453
2025-05-27,2779674.5969204763,2871260.0356542263,2871260.0356542263
2025-05-28,2767355.5662528924,2858537.7734676343,2858537.7734676343
2025-05-29,2772795.184961277,2864155.4439865705,2864155.4439865705
2025-05-30,2768422.1645697732,2859639.2841141527,2859639.2841141527
2025-06-02,2791287.6207713997,2883220.4591323873,2883220.4591323873
2025-06-03,2813107.2238611244,2905754.0145455007,2905754.0145455007
2025-06-04,2820949.742889685,2913853.1461558132,2913853.1461558132
2025-06-05,2799716.1447054693,2891924.7701291605,2891924.7701291605
2025-06-06,2827084.6351165413,2920188.7762485733,2920188.7762485733
2025-06-09,2831245.564420484,2924485.8540026867,2924485.8540026867
2025-06-10,2849971.8730508653,2943824.9002479627,2943824.9002479627
2025-06-11,2840368.3945575077,2933907.1893758243,2933907.1893758243
2025-06-12,2847036.940609537,2940793.934811586,2940793.934811586
2025-06-13,2811293.258927488,2903880.6954396735,2903880.6954396735
2025-06-16,2850398.20716135,2944265.1843018755,2944265.1843018755
2025-06-17,2822603.382639793,2915560.89412855,2915560.89412855
2025-06-18,2822123.0614777124,2915064.8565298207,2915064.8565298207
2025-06-20,2810599.9343072902,2903164.684764124,2903164.684764124
2025-06-23,2839499.693818185,2933010.064154689,2933010.064154689
2025-06-24,2882921.3158199894,2977852.4713002928,2977852.4713002928
2025-06-25,2890291.366348519,2985463.674918395,2985463.674918395
2025-06-26,2917316.3027948868,3013372.885752613,3013372.885752613
2025-06-27,2927304.23453446,3023687.629443898,3023687.629443898
2025-06-30,2946264.487055092,3043268.2743833777,3043268.2743833777
2025-07-01,2922428.834633744,3018619.9922567722,3018619.9922567722
2025-07-02,2942784.662851591,3039641.649240289,3039641.649240289
2025-07-03,2971742.425745816,3069546.605799053,3069546.605799053
2025-07-07,2949356.3170668916,3046428.2589154085,3046428.2589154085
2025-07-08,2951012.813828702,3048138.9388419837,3048138.9388419837
2025-07-09,2971902.4784856946,3069711.893782474,3069711.893782474
2025-07-10,2967628.513910369,3065298.130004323,3065298.130004323
2025-07-11,2960950.157868483,3058401.328340256,3058401.328340256
2025-07-14,2971689.0748325232,3069491.509804579,3069491.509804579
2025-07-15,2974413.5717788404,3072305.123657338,3072305.123657338
2025-07-16,2977459.483429781,3075450.665525884,3075450.665525884
2025-07-17,3001554.785171376,3100334.1123061054,3100334.1123061054
2025-07-18,2998669.9081789637,3097354.872457689,3097354.872457689
2025-07-21,3014217.2807699074,3113410.7916816087,3113410.7916816087
2025-07-22,2998616.557265671,3097299.7764632152,3097299.7764632152
2025-07-23,3012293.702135416,3111424.2937704283,3111424.2937704283
2025-07-24,3018704.976304621,3118045.2774498905,3118045.2774498905
2025-07-25,3025971.501617594,3125549.4871021137,3125549.4871021137
2025-07-28,3035428.0328253065,3135315.3366256496,3135315.3366256496
2025-07-29,3030726.606331205,3130460.1288672364,3130460.1288672364
2025-07-30,3034786.839947143,3134653.170655256,3134653.170655256
2025-07-31,3018704.976304621,3118045.2774498905,3118045.2774498905
2025-08-01,2960240.010283353,3057635.25250918,3057635.25250918
2025-08-04,3014861.315968232,3114042.589899628,3114042.589899628
2025-08-05,2994391.8732060124,3092903.8282093774,3092903.8282093774
2025-08-06,3032071.324604314,3131815.3390394696,3131815.3390394696
2025-08-07,3042332.2393284766,3142411.769709209,3142411.769709209
2025-08-08,3070712.0716926544,3171719.578432897,3171719.578432897
2025-08-11,3061625.9284044118,3162336.3323970973,3162336.3323970973
2025-08-12,3100106.89610013,3202075.567860379,3202075.567860379
2025-08-13,3101657.21459207,3203676.5793547216,3203676.5793547216
2025-08-14,3099251.6834494546,3201192.3910867306,3201192.3910867306
2025-08-15,3085623.614475849,3187118.7054628576,3187118.7054628576
2025-08-18,3084394.1644363063,3185849.0543200364,3185849.0543200364
2025-08-19,3042546.0424911454,3142632.563902621,3142632.563902621
2025-08-20,3024481.4760379647,3123977.3142347466,3123977.3142347466
2025-08-21,3010479.1696754918,3109517.1542417,3109517.1542417
2025-08-22,3056922.9136592736,3157479.5363876475,3157479.5363876475
2025-08-25,3048104.9247205346,3148373.212931334,3148373.212931334
2025-08-26,3060343.109428399,3161011.567236625,3161011.567236625
2025-08-27,3065046.7790071126,3165869.0394916898,3165869.0394916898
2025-08-28,3084233.7302101078,3185683.3741442757,3185683.3741442757
2025-08-29,3048532.203629084,3148814.4631953505,3148814.4631953505
2025-09-02,3023984.881406044,3123431.7930936427,3123431.7930936427
2025-09-03,3047775.974586032,3148000.5608251714,3148000.5608251714
2025-09-04,3075362.7557416647,3176489.088592503,3176489.088592503
2025-09-05,3079800.3928442635,3181071.7815535087,3181071.7815535087
2025-09-08,3094823.6400402994,3196586.1031586723,3196586.1031586723
2025-09-09,3103591.486024251,3205640.5492850374,3205640.5492850374
2025-09-10,3104607.4687751746,3206689.742108496,3206689.742108496
2025-09-11,3122678.0091738515,3225350.9657218666,3225350.9657218666
2025-09-12,3136471.399751668,3239595.2296055323,3239595.2296055323
2025-09-15,3163309.786134296,3267310.899345268,3267310.899345268
2025-09-16,3160636.5265556253,3264550.257235317,3264550.257235317
2025-09-17,3154328.393808113,3258035.926551948,3258035.926551948
2025-09-18,3182770.670432931,3287407.913911437,3287407.913911437
2025-09-19,3204316.2517688405,3309657.769329094,3309657.769329094
2025-09-22,3223285.520945252,3329247.0990377483,3329247.0990377483
2025-09-23,3201875.534986158,3307137.271288987,3307137.271288987
2025-09-24,3190635.202288241,3295529.5187073387,3295529.5187073387
2025-09-25,3176879.4770928733,3281324.151398366,3281324.151398366
2025-09-26,3189939.2115256,3294810.7776532285,3294810.7776532285
2025-09-29,3204712.22957215,3310066.690709997,3310066.690709997
2025-09-30,3213490.5563581744,3319131.960231059,3319131.960231059
2025-10-01,3229905.2236216515,3336050.5063030035,3336050.5063030035
2025-10-02,3243183.596810933,3349762.7837572037,3349762.7837572037
2025-10-03,3229530.746566818,3335663.7922678646,3335663.7922678646
2025-10-06,3253784.9341165363,3360710.546442269,3360710.546442269
2025-10-07,3236651.70788511,3343017.448920312,3343017.448920312
2025-10-08,3273756.0608282504,3381334.279985551,3381334.279985551
2025-10-09,3269794.073930523,3377242.8251938303,3377242.8251938303
2025-10-10,3156285.590127838,3260025.165988081,3260025.165988081
2025-10-13,3223266.2008402455,3329194.536742148,3329194.536742148
2025-10-14,3201796.183029788,3307022.9320608424,3307022.9320608424
2025-10-15,3224390.6148841553,3330355.6938450327,3330355.6938450327
2025-10-16,3212450.9234499475,3318025.8429416446,3318025.8429416446
2025-10-17,3233546.1365791014,3339810.395255322,3339810.395255322
2025-10-20,3274291.402479692,3381887.11527288,3381887.11527288
2025-10-21,3273434.986887973,3381002.714146149,3381002.714146149
2025-10-22,3241898.6457968852,3348435.843734618,3348435.843734618
2025-10-23,3269151.5984234987,3376579.3551825373,3376579.3551825373
2025-10-24,3304060.5263933768,3412629.0202377443,3412629.0202377443
2025-10-27,3362903.2232256345,3473394.550292932,3473394.550292932
2025-10-28,3388763.7633561483,3500100.1486618132,3500100.1486618132
2025-10-29,3404023.2938075284,3515858.322678118,3515858.322678118
2025-10-30,3351980.484353285,3462114.8834359758,3462114.8834359758
2025-10-31,3368150.48876388,3478813.2834397275,3478813.2834397275
2025-11-03,3385265.8072704826,3496455.2203402473,3496455.2203402473
2025-11-04,3316551.418131374,3425496.0786774163,3425496.0786774163
2025-11-05,3338135.5990572525,3447785.368754564,3447785.368754564
2025-11-06,3275955.0283405674,3383573.4914252246,3383573.4914252246
2025-11-07,3265618.309332609,3372899.0938557475,3372899.0938557475
2025-11-10,3337867.521439279,3447508.533612627,3447508.533612627
2025-11-11,3328977.0451307315,3438327.6244066805,3438327.6244066805
2025-11-12,3326352.6373498836,3435617.482821557,3435617.482821557
2025-11-13,3258441.825618197,3365488.169725999,3365488.169725999
2025-11-14,3260905.321283611,3368032.142540106,3368032.142540106
2025-11-17,3233055.3995532827,3339272.4232714036,3339272.4232714036
2025-11-18,3193690.266010309,3298621.3147823624,3298621.3147823624
2025-11-19,3212756.87693463,3318310.791216039,3318310.791216039
2025-11-20,3136705.091965675,3239774.556652443,3239774.556652443
2025-11-21,3160270.687657164,3264109.9900891883,3264109.9900891883
2025-11-24,3241088.879564762,3347568.3399392515,3347568.3399392515
2025-11-25,3261066.233399045,3368198.311311122,3368198.311311122
2025-11-26,3289879.989205732,3397953.351059576,3397953.351059576
2025-11-28,3316551.418131374,3425496.0786774163,3425496.0786774163
2025-12-01,3306411.1495292154,3414991.8910599086,3414991.8910599086
2025-12-02,3332287.1524324315,3441712.9522014917,3441712.9522014917
2025-12-03,3340430.5878538494,3450122.3358536786,3450122.3358536786
2025-12-04,3337323.4874583664,3446913.7638052334,3446913.7638052334
2025-12-05,3350931.0660947994,3460965.7386057097,3460965.7386057097
2025-12-08,3344502.141653375,3454326.858415579,3454326.858415579
2025-12-09,3348627.1304987394,3458586.5611044993,3458586.5611044993
2025-12-10,3362342.2348715854,3472749.5732157887,3472749.5732157887
2025-12-11,3351467.055665027,3461519.2325178436,3461519.2325178436
2025-12-12,3287392.534901239,3395352.1667097765,3395352.1667097765
2025-12-15,3270891.9238750464,3378312.678897322,3378312.678897322
2025-12-16,3277374.28336231,3385006.739214473,3385006.739214473
2025-12-17,3216621.5866444632,3322269.9815480914,3322269.9815480914
2025-12-18,3263230.7151556495,3370401.2705018627,3370401.2705018627
2025-12-19,3305768.617689677,3414328.3754221206,3414328.3754221206
2025-12-22,3321614.567448748,3430691.822046482,3430691.822046482
2025-12-23,3337170.722235292,3446756.0095770657,3446756.0095770657
2025-12-24,3346933.9279726082,3456838.0619875737,3456838.0619875737
2025-12-26,3346719.2043221504,3456616.3258943334,3456616.3258943334
2025-12-29,3330519.206406599,3439887.2686124155,3439887.2686124155
2025-12-30,3322794.4001479824,3431910.1857099505,3431910.1857099505
2025-12-31,3295329.4422313767,3403548.277478389,3403548.277478389
2026-01-02,3289945.7851889534,3397956.152823972,3397956.152823972
2026-01-05,3316077.562339841,3424941.08196398,3424941.08196398
2026-01-06,3345214.4168014075,3455029.198377501,3455029.198377501
2026-01-07,3348434.283029426,3458354.187011136,3458354.187011136
2026-01-08,3329384.9654765367,3438682.9460786087,3438682.9460786087
2026-01-09,3362546.4067816176,3472927.044313151,3472927.044313151
2026-01-12,3365336.695174958,3475808.4302265435,3475808.4302265435
2026-01-13,3360346.3780084457,3470655.1888550534,3470655.1888550534
2026-01-14,3324448.4275198616,3433585.239704157,3433585.239704157
2026-01-15,3336414.6296307305,3445942.115173143,3445942.115173143
2026-01-16,3333624.3412373904,3443060.729259751,3443060.729259751
2026-01-20,3262794.17058322,3369918.0905084265,3369918.0905084265
2026-01-21,3306901.9765443234,3415465.931036417,3415465.931036417
2026-01-22,3330941.2833417137,3440290.0747124036,3440290.0747124036
2026-01-23,3341458.3980850694,3451150.55291364,3451150.55291364
2026-01-26,3356161.109379441,3466333.2792989803,3466333.2792989803
2026-01-27,3386585.713579008,3497751.1879891376,3497751.1879891376
2026-01-28,3397800.3184401956,3509331.9280117145,3509331.9280117145
2026-01-29,3377463.579071317,3488331.2334305816,3488331.2334305816
2026-01-30,3336897.3308312236,3446440.575634362,3446440.575634362
2026-02-02,3360809.597688088,3471100.89348677,3471100.89348677
2026-02-03,3309174.066964628,3417780.063995356,3417780.063995356
2026-02-04,3251366.191742366,3358085.43483593,3358085.43483593
2026-02-05,3204561.7334416276,3309753.356022653,3309753.356022653
2026-02-06,3272299.417489298,3379701.8866302427,3379701.8866302427
2026-02-09,3297365.689985707,3405586.2810199196,3405586.2810199196
2026-02-10,3282068.168699311,3389789.473807428,3389789.473807428
2026-02-11,3290870.9022365296,3398879.5140843475,3398879.5140843475
2026-02-12,3223938.178246257,3329762.2161060455,3329762.2161060455
2026-02-13,3230808.5484183035,3336856.823856831,3336856.823856831
2026-02-17,3227480.461726225,3333420.1138907545,3333420.1138907545
2026-02-18,3251580.716549839,3358306.9613801655,3358306.9613801655
2026-02-19,3239128.109109333,3345447.9213208165,3345447.9213208165
2026-02-20,3267790.7883169525,3375046.103219665,3375046.103219665
2026-02-23,3228070.89697615,3334029.819975807,3334029.819975807
2026-02-24,3262745.1910867584,3369835.825997293,3369835.825997293
2026-02-25,3310032.8222336858,3418666.847623504,3418666.847623504
2026-02-26,3270098.7341049938,3377429.376561013,3377429.376561013
2026-02-27,3259631.957221736,3366620.9813010553,3366620.9813010553
2026-03-02,3264925.7616765816,3372054.93825737,3372054.93825737
2026-03-03,3229972.773177366,3335961.4910293324,3335961.4910293324
2026-03-04,3279207.8431636067,3386803.020655819,3386803.020655819
2026-03-05,3269328.148409217,3376600.967653836,3376600.967653836
2026-03-06,3220146.890111442,3325815.005503016,3325815.005503016
2026-03-09,3263153.9133978137,3370225.2774732215,3370225.2774732215
2026-03-10,3263207.7250862797,3370280.8449488883,3370280.8449488883
2026-03-11,3262778.2159387046,3369837.3216217677,3369837.3216217677
2026-03-12,3206777.9667280857,3312009.876060546,3312009.876060546
2026-03-13,3187770.956497679,3292382.698237701,3292382.698237701
2026-03-16,3223529.479723631,3329307.963470384,3329307.963470384
2026-03-17,3239261.19559873,3345552.979451123,3345552.979451123
2026-03-18,3194106.954694533,3298925.429671387,3298925.429671387
2026-03-19,3184012.6694263807,3288501.7844188795,3288501.7844188795
2026-03-20,3125166.6350080296,3227735.5803426723,3227735.5803426723
2026-03-23,3161040.3283721013,3264775.183315889,3264775.183315889
2026-03-24,3139429.029291957,3242461.445470966,3242461.445470966
2026-03-25,3160072.702339863,3263776.070693003,3263776.070693003
2026-03-26,3084648.4023132236,3185900.2361495565,3185900.2361495565
2026-03-27,3024384.5611518063,3123677.993309879,3123677.993309879
2026-03-30,3001268.1753948643,3099810.5123349894,3099810.5123349894
2026-03-31,3102872.8462205078,3204716.298040112,3204716.298040112
2026-04-01,3142202.8745010598,3245292.07859507,3245292.07859507
2026-04-02,3145805.794586213,3249010.9173606182,3249010.9173606182
2026-04-06,3164735.156629662,3268549.0776130273,3268549.0776130273
