date,Plain DCA 100% QQQ,GMM corrected risk_off 60L/40Reserve risk_on deploy neutral 100 no short,GMM corrected risk_off 60L/30Reserve/10Short2x Donchian30_15 risk_on deploy neutral 100,GMM corrected risk_off 60L/30Reserve/10Idle risk_on deploy neutral 100 no short
2007-05-31,9997.000899730081,9997.000899730081,9997.000899730081,9997.000899730081
2007-06-01,11003.025804939118,11003.025804939118,11003.025804939118,11003.025804939118
2007-06-04,11035.497510275896,11035.497510275896,11035.497510275896,11035.497510275896
2007-06-05,11035.497510275896,11035.497510275896,11035.497510275896,11035.497510275896
2007-06-06,10917.206548138023,10917.206548138023,10917.206548138023,10917.206548138023
2007-06-07,10747.892155704041,10747.892155704041,10747.892155704041,10747.892155704041
2007-06-08,10880.096911561413,10880.096911561413,10880.096911561413,10880.096911561413
2007-06-11,10859.227252091821,10859.227252091821,10859.227252091821,10859.227252091821
2007-06-12,10794.28590363758,10794.28590363758,10794.28590363758,10794.28590363758
2007-06-13,10912.567585788533,10912.567585788533,10912.567585788533,10912.567585788533
2007-06-14,10984.47201776047,10984.47201776047,10984.47201776047,10984.47201776047
2007-06-15,11085.905368106427,11085.905368106427,11085.905368106427,11085.905368106427
2007-06-18,11088.232582603605,11088.232582603605,11088.232582603605,11088.232582603605
2007-06-19,11085.905368106427,11085.905368106427,11085.905368106427,11085.905368106427
2007-06-20,10981.454990902366,10981.454990902366,10981.454990902366,10981.454990902366
2007-06-21,11081.260219098991,11081.260219098991,11081.260219098991,11081.260219098991
2007-06-22,10976.810873004586,10976.810873004586,10976.810873004586,10976.810873004586
2007-06-25,10930.385160671663,10930.385160671663,10930.385160671663,10930.385160671663
2007-06-26,10867.71947123172,10867.71947123172,10867.71947123172,10867.71947123172
2007-06-27,11034.839662314354,11034.839662314354,11034.839662314354,11034.839662314354
2007-06-28,11030.198637745549,11030.198637745549,11030.198637745549,11030.198637745549
2007-06-29,11048.762736020772,11048.762736020772,11048.762736020772,11048.762736020772
2007-07-02,12148.276303067665,12148.276303067665,12148.276303067665,12148.276303067665
2007-07-03,12219.098286599921,12219.098286599921,12219.098286599921,12219.098286599921
2007-07-05,12307.627732262623,12307.627732262623,12307.627732262623,12307.627732262623
2007-07-06,12358.20860346747,12358.20860346747,12358.20860346747,12358.20860346747
2007-07-09,12365.79831835904,12365.79831835904,12365.79831835904,12365.79831835904
2007-07-10,12262.097307902723,12262.097307902723,12262.097307902723,12262.097307902723
2007-07-11,12345.566194591089,12345.566194591089,12345.566194591089,12345.566194591089
2007-07-12,12535.261876943212,12535.261876943212,12535.261876943212,12535.261876943212
2007-07-13,12621.259919548815,12621.259919548815,12621.259919548815,12621.259919548815
2007-07-16,12608.614139962636,12608.614139962636,12608.614139962636,12608.614139962636
2007-07-17,12704.724311957452,12704.724311957452,12704.724311957452,12704.724311957452
2007-07-18,12689.551623593903,12689.551623593903,12689.551623593903,12689.551623593903
2007-07-19,12727.486715212572,12727.486715212572,12727.486715212572,12727.486715212572
2007-07-20,12659.196134737416,12659.196134737416,12659.196134737416,12659.196134737416
2007-07-23,12664.255570141819,12664.255570141819,12664.255570141819,12664.255570141819
2007-07-24,12477.085672997135,12477.085672997135,12477.085672997135,12477.085672997135
2007-07-25,12494.79313512758,12494.79313512758,12494.79313512758,12494.79313512758
2007-07-26,12388.566339463821,12388.566339463821,12388.566339463821,12388.566339463821
2007-07-27,12138.158555828792,12138.158555828792,12138.158555828792,12138.158555828792
2007-07-30,12279.803646463235,12279.803646463235,12279.803646463235,12279.803646463235
2007-07-31,12021.810642216362,12021.810642216362,12021.810642216362,12021.810642216362
2007-08-01,13115.095118976746,13115.215082987543,13115.215082987543,13115.215082987543
2007-08-02,13235.568982627357,13232.015691317065,13232.015691317065,13232.015691317065
2007-08-03,12983.673508743877,12987.800525525008,12987.800525525008,12987.800525525008
2007-08-06,13134.263709815139,13133.799222342757,13133.799222342757,13133.799222342757
2007-08-07,13227.35543605809,13224.052576274822,13224.052576274822,13224.052576274822
2007-08-08,13372.46872313536,13364.741350534416,13364.741350534416,13364.741350534416
2007-08-09,13063.075990704714,13064.782021053334,13064.782021053334,13064.782021053334
2007-08-10,12945.338759629381,12950.634605207899,12950.634605207899,12950.634605207899
2007-08-13,13032.951139316052,13035.57567818849,13035.57567818849,13035.57567818849
2007-08-14,12811.175651696656,12820.562138474637,12820.562138474637,12820.562138474637
2007-08-15,12567.493724382446,12584.310087724823,12584.250087724824,12584.310087724823
2007-08-16,12444.282011875412,12464.855107714553,12466.732918997111,12464.855107714553
2007-08-17,12679.74917633921,12693.142864225465,12691.143034339362,12693.142864225465
2007-08-20,12739.987932586233,12751.544937185216,12748.592562988622,12751.544937185216
2007-08-21,12874.144959113235,12881.611507935178,12876.594054241079,12881.611507935178
2007-08-22,13049.379448735734,13051.503087469637,13043.879222144247,13051.503087469637
2007-08-23,13013.788629883382,13016.997434816574,13009.857300542193,13016.997434816574
2007-08-24,13197.240314918583,13194.855666983254,13185.077227327209,13194.855666983254
2007-08-27,13109.6194212639,13109.906339626048,13101.306231002847,13109.906339626048
2007-08-28,12797.481542289965,12807.28556328426,12803.017938988236,12807.28556328426
2007-08-29,13164.381263516932,13162.998490027643,13153.220738298332,13162.998490027643
2007-08-30,13232.832350052078,13229.362498832978,13218.626795019585,13229.362498832978
2007-08-31,13380.684702266917,13372.706823969978,13359.904561999923,13372.706823969978
2007-09-04,14602.163928702756,14587.543955257614,14574.741693287559,14587.543955257614
2007-09-05,14455.205483841482,14448.783972284247,14435.981710314192,14448.783972284247
2007-09-06,14443.4400863732,14437.674938339893,14424.872676369838,14437.674938339893
2007-09-07,14175.969553960616,14185.125950369293,14172.323688399238,14185.125950369293
2007-09-10,14167.158888982704,14176.806811421728,14164.004549451673,14176.806811421728
2007-09-11,14381.71581604632,14379.394118155067,14366.591856185012,14379.394118155067
2007-09-12,14384.66140884273,14382.17538333967,14369.373121369616,14382.17538333967
2007-09-13,14455.205483841482,14448.783972284247,14435.981710314192,14448.783972284247
2007-09-14,14466.959130274672,14459.881910755792,14447.079648785737,14459.881910755792
2007-09-17,14346.452265405622,14346.097837079808,14333.295575109752,14346.097837079808
2007-09-18,14707.978082695035,14687.454989429012,14674.652727458957,14687.454989429012
2007-09-19,14746.18853180271,14723.533768519186,14710.731506549131,14723.533768519186
2007-09-20,14705.03771258089,14684.678655565656,14671.876393595601,14684.678655565656
2007-09-21,14809.727684216032,14783.528222838144,14770.725960868089,14783.528222838144
2007-09-24,14877.361419523651,14847.38883301655,14834.586571046495,14847.38883301655
2007-09-25,15018.525298413973,14980.67751506382,14967.875253093765,14980.67751506382
2007-09-26,15092.048913643846,15050.099422781122,15037.297160811067,15050.099422781122
2007-09-27,15168.508981976167,15122.293965870842,15109.491703900787,15122.293965870842
2007-09-28,15118.509633330028,15075.083961890688,15062.281699920633,15075.083961890688
2007-10-01,16291.716367778397,16238.731137588351,16225.928875618296,16238.731137588351
2007-10-02,16294.844788530983,16241.618953550853,16228.816691580798,16241.618953550853
2007-10-03,16182.054718142937,16137.503493567136,16124.70123159708,16137.503493567136
2007-10-04,16219.650017244829,16172.207362850593,16159.405100880538,16172.207362850593
2007-10-05,16548.623837931547,16475.880022558664,16463.07776058861,16475.880022558664
2007-10-08,16652.0133447598,16571.317910165955,16558.515648195902,16571.317910165955
2007-10-09,16724.07274015608,16637.835264681475,16625.03300271142,16637.835264681475
2007-10-10,16764.80202412039,16675.432086105226,16662.629824135172,16675.432086105226
2007-10-11,16498.4953814349,16429.606912802938,16416.804650832884,16429.606912802938
2007-10-12,16771.069993845224,16681.217990385805,16668.41572841575,16681.217990385805
2007-10-15,16642.609999145086,16562.63776970064,16549.835507730582,16562.63776970064
2007-10-16,16564.28958916126,16490.340931126775,16477.53866915672,16490.340931126775
2007-10-17,16777.331008432768,16686.99747444415,16674.195212474096,16686.99747444415
2007-10-18,16849.391794856507,16753.516113004116,16740.713851034063,16753.516113004116
2007-10-19,16429.567188846122,16365.979942338812,16353.177680368757,16365.979942338812
2007-10-22,16626.948420997745,16548.180713265872,16535.378451295815,16548.180713265872
2007-10-23,16974.709458529476,16869.19567728231,16856.393415312257,16869.19567728231
2007-10-24,16846.259201021545,16750.624444908273,16737.82218293822,16750.624444908273
2007-10-25,16620.679060245453,16542.39352494084,16529.591262970785,16542.39352494084
2007-10-26,16896.387657518193,16796.897554664,16784.095292693946,16796.897554664
2007-10-29,16965.31585010697,16860.524525128127,16847.722263158073,16860.524525128127
2007-10-30,16999.77438229153,16892.3328741824,16879.530612212347,16892.3328741824
2007-10-31,17241.016101214962,17115.020850584602,17102.21858861455,17115.020850584602
2007-11-01,17918.014513308462,17816.95800127426,17804.155739304206,17816.95800127426
2007-11-02,18057.385830161616,17943.098025902054,17930.295763932,17943.098025902054
2007-11-05,17941.245767026183,17837.983783208823,17825.18152123877,17837.983783208823
2007-11-06,18143.65335022938,18021.17569174912,18008.373429779065,18021.17569174912
2007-11-07,17702.34055685851,17621.759169890363,17608.95690792031,17621.759169890363
2007-11-08,17164.796836171936,17135.247456455363,17122.44519448531,17135.247456455363
2007-11-09,16590.758434966916,16615.70570496576,16602.671124352884,16615.70570496576
2007-11-12,16169.348884523715,16234.30290077686,16240.841906674248,16234.30290077686
2007-11-13,16836.303461261527,16837.939779834036,16810.852151088922,16837.939779834036
2007-11-14,16620.616245804445,16642.728948194104,16625.11457242357,16642.728948194104
2007-11-15,16531.031027507735,16561.648551614806,16548.07284014453,16561.648551614806
2007-11-16,16683.665771161617,16699.79283236264,16678.996896768036,16699.79283236264
2007-11-19,16491.212755868284,16525.610449380838,16513.480303813343,16525.610449380838
2007-11-20,16557.577033008376,16585.674397558047,16570.33785018374,16585.674397558047
2007-11-21,16361.809265932123,16408.49195056757,16402.16755091827,16408.49195056757
2007-11-23,16537.666423965635,16567.65401307928,16552.781220672387,16567.65401307928
2007-11-26,16252.311965369658,16309.389836147722,16307.723589545041,16309.389836147722
2007-11-27,16577.4861688281,16603.69344867503,16586.000641375376,16603.69344867503
2007-11-28,17081.842594664082,17060.16852125519,17019.129508077636,17060.16852125519
2007-11-29,17154.843741485085,17126.239264258653,17082.053787328525,17126.239264258653
2007-11-30,17025.43435865687,17009.11543199826,16970.220546305743,17009.11543199826
2007-12-03,17882.454272885858,17879.80073079272,17846.819452647665,17879.80073079272
2007-12-04,17808.657052907387,17814.268051113428,17785.039425179988,17814.268051113428
2007-12-05,18128.488698995257,18098.281796082294,18052.04094036559,18098.281796082294
2007-12-06,18388.570375680785,18329.23696232918,18269.612910794556,18329.23696232918
2007-12-07,18392.07360580114,18332.34786620045,18272.723814665824,18332.34786620045
2007-12-10,18465.88486990927,18397.89301720929,18338.268965674666,18397.89301720929
2007-12-11,18037.10822868444,18017.135011805476,17957.51096027085,18017.135011805476
2007-12-12,18198.771765641424,18160.693871967334,18101.06982043271,18160.693871967334
2007-12-13,18100.361428207136,18073.30449439873,18013.680442864104,18073.30449439873
2007-12-14,17914.087894712036,17907.89170775412,17848.267656219494,17907.89170775412
2007-12-17,17478.278265446035,17520.888337651955,17461.26428611733,17520.888337651955
2007-12-18,17534.50940013952,17570.822155469836,17511.19810393521,17570.822155469836
2007-12-19,17530.996807266063,17567.70293737887,17508.078885844243,17567.70293737887
2007-12-20,17889.49350276243,17886.05163830421,17826.427586769583,17886.05163830421
2007-12-21,18242.370985936577,18199.41042170597,18139.786370171343,18199.41042170597
2007-12-24,18379.582132699394,18321.255311416702,18261.631259882077,18321.255311416702
2007-12-26,18471.059351458975,18402.488009297096,18342.86395776247,18402.488009297096
2007-12-27,18249.4055344366,18205.657172107607,18146.03312057298,18205.657172107607
2007-12-28,18231.80823997459,18190.030596180528,18130.406544645903,18190.030596180528
2007-12-31,18020.721850290756,18002.58374162633,17942.959690091706,18002.58374162633
2008-01-02,18735.433779858446,18749.331419256654,18689.70736772203,18749.331419256654
2008-01-03,18813.47805214742,18817.436150004807,18757.81209847018,18817.436150004807
2008-01-04,17988.39621438632,18097.434864095565,18037.48658699186,18097.434864095565
2008-01-07,17902.907693841844,18022.8339676687,17967.900933752444,18022.8339676687
2008-01-08,17438.33121590868,17617.42489646343,17590.661632910254,17617.42489646343
2008-01-09,17809.993057621752,17941.752728818763,17890.42965116862,17941.752728818763
2008-01-10,17836.01495818894,17964.46053913855,17911.414384140204,17964.46053913855
2008-01-11,17486.65289291531,17659.59243426365,17627.853767464338,17659.59243426365
2008-01-14,17791.41540531007,17925.541084177683,17873.87074191402,17925.541084177683
2008-01-15,17300.826917307837,17497.432833519342,17475.882593191567,17497.432833519342
2008-01-16,17114.9959964513,17335.268917341677,17326.01886894739,17335.268917341677
2008-01-17,16877.13281337486,17127.69944986893,17134.74088241576,17127.69944986893
2008-01-18,16854.833036935423,17108.239722388502,17116.752834923536,17108.239722388502
2008-01-22,16419.99069319908,16728.777913475664,16768.556600567244,16728.777913475664
2008-01-23,16356.80524592675,16673.6396214848,16718.202514218752,16673.6396214848
2008-01-24,16691.301892518324,16965.53553369127,16983.595127333723,16965.53553369127
2008-01-25,16349.377481834783,16667.15784058394,16710.40467076206,16667.15784058394
2008-01-28,16475.738485881324,16777.42579369896,16810.58918558764,16777.42579369896
2008-01-29,16505.466026412727,16803.367302080245,16834.107642031515,16803.367302080245
2008-01-30,16490.598959314317,16790.393670934034,16822.132610338234,16790.393670934034
2008-01-31,16773.069937351403,17036.88978575656,17046.848464232564,17036.88978575656
2008-02-01,17943.732232666185,18185.89868629403,18183.230035561242,18185.89868629403
2008-02-04,17691.831599648485,17969.90585000059,17986.663785652603,17969.90585000059
2008-02-05,17188.032079286222,17537.921674245554,17595.344533594147,17537.921674245554
2008-02-06,16849.551295916626,17247.690468571338,17334.779598046218,17247.690468571338
2008-02-07,16967.623389578566,17348.931684568422,17424.81808079679,17348.931684568422
2008-02-08,17160.48884860186,17514.30466127925,17572.383220360472,17514.30466127925
2008-02-11,17345.469102085717,17672.91644851303,17714.486247493136,17672.91644851303
2008-02-12,17247.07074462689,17588.544527491875,17638.366114056458,17588.544527491875
2008-02-13,17624.923439826573,17912.53527876389,17929.338694714555,17912.53527876389
2008-02-14,17306.114646986956,17639.171871233753,17681.750668878412,17639.171871233753
2008-02-15,17247.07074462689,17588.544527491875,17636.028220687163,17588.544527491875
2008-02-19,17215.592766701906,17561.553655530384,17611.602702680917,17561.553655530384
2008-02-20,17294.306913918823,17629.04730058449,17672.07380969412,17629.04730058449
2008-02-21,17129.00388798435,17487.307801990348,17544.376184549033,17487.307801990348
2008-02-22,17191.97730056564,17541.304514231855,17592.6410609163,17541.304514231855
2008-02-25,17278.55745091754,17615.54288361263,17659.14786818561,17615.54288361263
2008-02-26,17345.469102085717,17672.91644851303,17710.599880090253,17672.91644851303
2008-02-27,17432.050998110746,17747.15631472566,17777.31428125924,17747.15631472566
2008-02-28,17365.15505800076,17689.79622131193,17725.398827593635,17689.79622131193
2008-02-29,16904.656959689804,17294.940959654326,17369.39719299437,17294.940959654326
2008-03-03,17794.145722116453,18200.260031472157,18284.585501281104,18200.260031472157
2008-03-04,17894.236038165163,18284.63501585237,18358.818990886,18284.63501585237
2008-03-05,17981.80651037513,18358.455915981096,18423.892967050175,18358.455915981096
2008-03-06,17585.636406785783,18024.489078610008,18127.871376012205,18024.489078610008
2008-03-07,17543.93935264179,17989.338941903596,18096.80806655058,17989.338941903596
2008-03-10,17206.153263029966,17704.589156310132,17846.804534428677,17704.589156310132
2008-03-11,17860.87691518162,18256.51365914385,18326.817571635867,18256.51365914385
2008-03-12,17810.834531535424,18214.328505722595,18289.31928437018,18214.328505722595
2008-03-13,17948.439989049828,18330.32832255563,18391.60787665587,18330.32832255563
2008-03-14,17619.002928111087,18052.616672035474,18145.325191779863,18052.616672035474
2008-03-17,17297.896399991034,17781.92756479627,17906.980493150557,17781.92756479627
2008-03-18,18069.380681755974,18432.279934468286,18474.616448107732,18432.279934468286
2008-03-19,17623.179292033066,18056.137298751368,18139.8909215241,18056.137298751368
2008-03-20,17983.337967118885,18359.74691638887,18407.18573669727,18359.74691638887
2008-03-24,18605.185238086655,18883.957008294783,18872.130375321347,18883.957008294783
2008-03-25,18709.516653547722,18971.90719066417,18960.080557690733,18971.90719066417
2008-03-26,18655.270162197954,18926.178022838474,18914.351389865038,18926.178022838474
2008-03-27,18242.0894213232,18577.871414029807,18566.04478105637,18577.871414029807
2008-03-28,18150.27600011544,18500.47375673268,18488.647123759245,18500.47375673268
2008-03-31,18246.26578524518,18581.392040745697,18569.56540777226,18581.392040745697
2008-04-01,20026.404000094866,20239.11245108515,20227.285818111715,20239.11245108515
2008-04-02,19982.47132587076,20202.61060548729,20190.783972513855,20202.61060548729
2008-04-03,20026.404000094866,20239.11245108515,20227.285818111715,20239.11245108515
2008-04-04,20145.00489428023,20337.653038558576,20325.82640558514,20337.653038558576
2008-04-07,20101.076113588646,20301.154427936177,20289.32779496274,20301.154427936177
2008-04-08,19947.334141616277,20173.41656945256,20161.589936479126,20173.41656945256
2008-04-09,19723.29638670606,19987.272846534455,19975.44621356102,19987.272846534455
2008-04-10,20004.426955768373,20220.852632103706,20209.02599913027,20220.852632103706
2008-04-11,19450.95546731459,19760.99601806514,19749.169385091704,19760.99601806514
2008-04-14,19363.09790593142,19687.998796820342,19676.172163846906,19687.998796820342
2008-04-15,19389.449334047586,19709.89311073059,19698.066477757155,19709.89311073059
2008-04-16,19929.756789040857,20158.81227274041,20146.985639766976,20158.81227274041
2008-04-17,19885.839688946842,20122.323367044388,20110.49673407095,20122.323367044388
2008-04-18,20518.39271647679,20647.885567641923,20636.058934668486,20647.885567641923
2008-04-21,20663.343092012055,20768.31885153787,20756.492218564435,20768.31885153787
2008-04-22,20355.857201301053,20512.841517082907,20501.01488410947,20512.841517082907
2008-04-23,20579.87354178239,20698.967447635987,20687.14081466255,20698.967447635987
2008-04-24,20764.378314219568,20852.264847225528,20840.43821425209,20852.264847225528
2008-04-25,20711.66377738967,20808.466514478645,20796.63988150521,20808.466514478645
2008-04-28,20751.190919563916,20841.30798534402,20829.481352370585,20841.30798534402
2008-04-29,20909.33258328736,20972.70136609693,20960.874733123495,20972.70136609693
2008-04-30,20738.02493933714,20830.368915827545,20818.54228285411,20830.368915827545
2008-05-01,22392.23563350397,22373.99481451303,22362.168181539593,22373.99481451303
2008-05-02,22424.417678653033,22400.401857577748,22388.575224604312,22400.401857577748
2008-05-05,22360.05155061381,22347.58609937568,22335.759466402244,22347.58609937568
2008-05-06,22497.99235871078,22460.77371200026,22448.947079026824,22460.77371200026
2008-05-07,22088.765040594204,22124.981397909894,22113.15476493646,22124.981397909894
2008-05-08,22254.294825407003,22260.80720188845,22248.980568915013,22260.80720188845
2008-05-09,22166.942977790666,22189.130464406317,22177.30383143288,22189.130464406317
2008-05-12,22571.552774580847,22521.133861914357,22509.30722894092,22521.133861914357
2008-05-13,22631.327871927933,22570.182440478307,22558.35580750487,22570.182440478307
2008-05-14,22580.747062411694,22528.67825362638,22516.851620652946,22528.67825362638
2008-05-15,22976.182948782,22853.15398014871,22841.327347175273,22853.15398014871
2008-05-16,22994.575599925887,22868.246107718023,22856.419474744587,22868.246107718023
2008-05-19,22829.04377737199,22732.41863166684,22720.591998693402,22732.41863166684
2008-05-20,22654.319704728343,22589.048435976263,22577.221803002827,22589.048435976263
2008-05-21,22153.139319597813,22177.80384440249,22165.977211429054,22177.80384440249
2008-05-22,22231.302992606594,22241.941206390493,22230.114573417057,22241.941206390493
2008-05-23,22162.33360742866,22185.348236114514,22173.52160314108,22185.348236114514
2008-05-27,22553.154010213668,22506.03671812715,22494.210085153714,22506.03671812715
2008-05-28,22645.1233791564,22581.502372191608,22569.67573921817,22581.502372191608
2008-05-29,22847.432353033684,22747.50741509089,22735.680782117455,22747.50741509089
2008-05-30,22994.575599925887,22868.246107718023,22856.419474744587,22868.246107718023
2008-06-02,23713.784703342953,23637.908708160863,23626.082075187427,23637.908708160863
2008-06-03,23584.181859152894,23532.767849540567,23520.94121656713,23532.767849540567
2008-06-04,23886.60622415352,23778.110902021992,23766.284269048556,23778.110902021992
2008-06-05,24265.843463289504,24085.7687253725,24073.942092399066,24085.7687253725
2008-06-06,23536.176472101866,23493.8232751025,23481.996642129063,23493.8232751025
2008-06-09,23411.368848049762,23392.572559215787,23380.74592624235,23392.572559215787
2008-06-10,23300.96177639954,23303.004352718453,23291.177719745017,23303.004352718453
2008-06-11,22739.323213311367,22847.37267946008,22835.546046486645,22847.37267946008
2008-06-12,22763.32484312345,22866.84410373707,22855.017470763632,22866.84410373707
2008-06-13,23219.360064406796,23236.804616768048,23224.97798379461,23236.804616768048
2008-06-16,23425.76514559793,23404.251616836988,23392.42498386355,23404.251616836988
2008-06-17,23300.96177639954,23303.004352718453,23291.177719745017,23303.004352718453
2008-06-18,23051.34440086848,23100.501195060944,23088.674562087508,23100.501195060944
2008-06-19,23411.368848049762,23392.572559215787,23380.74592624235,23392.572559215787
2008-06-20,22779.199702337934,22879.722650799195,22867.89601782576,22879.722650799195
2008-06-23,22601.459570631647,22735.530212927395,22723.70357995396,22735.530212927395
2008-06-24,22486.184946330293,22642.013183637493,22629.53364664384,22642.013183637493
2008-06-25,22851.264159726215,22938.18524838462,22890.155018577883,22938.18524838462
2008-06-26,21928.956539118775,22189.95926809284,22226.617258852002,22189.95926809284
2008-06-27,21928.956539118775,22189.95926809284,22226.36917873497,22189.95926809284
2008-06-30,21698.36899683263,22002.89414359946,22062.955201752924,22002.89414359946
2008-07-01,23005.52056147174,23252.135514163834,23279.008795234804,23252.135514163834
2008-07-02,22453.091839197787,22809.04666433416,22894.57368841142,22809.04666433416
2008-07-03,22412.907279061365,22776.815663638783,22866.663561735186,22776.815663638783
2008-07-07,22548.504592676454,22885.574776456797,22959.53408981421,22885.574776456797
2008-07-08,23085.86076878899,23316.574325217585,23329.535830876284,23316.574325217585
2008-07-09,22473.179671118985,22825.158596937697,22902.23751124756,22825.158596937697
2008-07-10,22739.34344407484,23038.641703934532,23085.191419059644,23038.641703934532
2008-07-11,22377.75134912576,22748.617997710517,22834.53993489528,22748.617997710517
2008-07-14,22212.040080216935,22615.70525696382,22720.391502505023,22615.70525696382
2008-07-15,22217.062038197233,22619.733240114703,22723.544775233873,22619.733240114703
2008-07-16,22769.47074380962,23062.80603509568,23101.496636808115,23062.80603509568
2008-07-17,22920.129483218596,23183.64552962219,23205.673695908292,23183.64552962219
2008-07-18,22392.83279158121,22760.714434267713,22838.70344206314,22760.714434267713
2008-07-21,22488.23887283936,22837.237194774116,22904.05737030452,22837.237194774116
2008-07-22,22488.23887283936,22837.237194774116,22903.780881774146,22837.237194774116
2008-07-23,22784.538841824025,23074.891768420406,23107.783638677425,23074.891768420406
2008-07-24,22443.047923237187,22800.990698032394,22870.570245663443,22800.990698032394
2008-07-25,22734.32371016805,23034.615504655725,23070.96363346646,23034.615504655725
2008-07-28,22307.45505776911,22692.235152958532,22774.741766658826,22692.235152958532
2008-07-29,22769.47074380962,23062.80603509568,23091.908059578847,23062.80603509568
2008-07-30,22884.9757773565,23155.449647566005,23171.813431423176,23155.449647566005
2008-07-31,22829.73423957321,23111.141832906284,23133.11244790767,23111.141832906284
2008-08-01,23538.162990762372,23877.34064801091,23930.165391836992,23877.34064801091
2008-08-04,23302.151113213236,23690.06714515974,23769.725569790637,23690.06714515974
2008-08-05,24088.86433987917,24314.31768384885,24300.51659480197,24314.31768384885
2008-08-06,24455.975345394338,24605.61727712346,24551.584449148024,24605.61727712346
2008-08-07,24267.172811523837,24455.804004027726,24401.77117605229,24455.804004027726
2008-08-08,24817.864869748886,24892.773667618727,24838.74083964329,24892.773667618727
2008-08-11,25043.38268507219,25071.720217553044,25017.687389577608,25071.720217553044
2008-08-12,25069.61551791384,25092.535756783444,25038.502928808008,25092.535756783444
2008-08-13,25017.161465845224,25050.913893631314,24996.881065655878,25050.913893631314
2008-08-14,25305.622750017104,25279.80557351115,25225.772745535713,25279.80557351115
2008-08-15,25258.42501995315,25242.35455906438,25188.321731088945,25242.35455906438
2008-08-18,24964.714381945414,25009.29755966439,24955.264731688952,25009.29755966439
2008-08-19,24655.274264213607,24763.759346197785,24709.72651822235,24763.759346197785
2008-08-20,24697.2412222252,24797.059785618265,24743.02695764283,24797.059785618265
2008-08-21,24581.850669476815,24705.49832170582,24651.465493730386,24705.49832170582
2008-08-22,24907.027235101497,24963.523278424236,24909.4904504488,24963.523278424236
2008-08-25,24382.55871882635,24547.3617818167,24493.328953841265,24547.3617818167
2008-08-26,24351.090468486465,24522.391981436547,24468.35915346111,24522.391981436547
2008-08-27,24508.424752017083,24647.235454152124,24593.202626176688,24647.235454152124
2008-08-28,24707.7329617281,24805.384895473384,24751.352067497948,24805.384895473384
2008-08-29,24188.506831119998,24393.383189200806,24339.35036122537,24393.383189200806
2008-09-02,24889.246929249417,25155.980924264455,25101.94809628902,25155.980924264455
2008-09-03,24654.304024046403,24971.38156754218,24917.348739566743,24971.38156754218
2008-09-04,23856.526128950438,24344.55146124587,24289.711052967217,24344.55146124587
2008-09-05,23741.795237290586,24254.40509662898,24212.20939466941,24254.40509662898
2008-09-08,23698.062418449455,24220.043342998884,24182.553495311306,24220.043342998884
2008-09-09,23195.376993912585,23825.073314331756,23845.089468394744,23825.073314331756
2008-09-10,23386.620959173524,23975.337536754996,23971.627935122593,23975.337536754996
2008-09-11,23823.74587419048,24318.79535706961,24262.58421522237,24318.79535706961
2008-09-12,23730.847513052136,24245.80324993672,24199.778766628708,24245.80324993672
2008-09-15,22993.19256417728,23666.212949358625,23704.067508494383,23666.212949358625
2008-09-16,23173.503324727935,23807.88673337434,23822.87639620941,23807.88673337434
2008-09-17,21971.3977088245,22863.368220605193,23024.85180741334,22863.368220605193
2008-09-18,22714.514420211777,23447.249937625464,23502.76771475758,23447.249937625464
2008-09-19,23457.06003015779,24030.682928779384,23990.720238736474,24030.682928779384
2008-09-22,22352.559522440395,23162.854708778956,23250.67277867387,23162.854708778956
2008-09-23,22183.039191239706,23029.659181704177,23139.71955683471,23029.659181704177
2008-09-24,22336.14035600408,23149.95384012135,23238.840605418096,23149.95384012135
2008-09-25,22691.561466099996,23429.215340835875,23470.393692445297,23429.215340835875
2008-09-26,22461.90850899275,23248.772402519717,23318.807484499714,23248.772402519717
2008-09-29,20679.389594427994,21848.211510120702,22151.24210868136,21848.211510120702
2008-09-30,21275.38718665599,22316.498782035753,22520.992107464255,22316.498782035753
2008-10-01,22050.90092187689,23140.17111690716,23378.068493950497,23140.17111690716
2008-10-02,21048.59185241151,22361.07601219784,22756.58403041565,22361.07601219784
2008-10-03,20722.125882602602,22107.31392754667,22561.207318423894,22107.31392754667
2008-10-06,19966.099426203018,21519.654363091344,22115.693080320623,21519.654363091344
2008-10-07,18700.316452264844,20535.76092277193,21397.105660070254,20535.76092277193
2008-10-08,18551.395813144336,20420.00487060844,21318.443541644996,20420.00487060844
2008-10-09,18053.10818354012,20032.68576436816,21059.4443520376,20032.68576436816
2008-10-10,17938.558720449273,19943.646436420386,21001.918812958575,19943.646436420386
2008-10-13,20120.742468796143,21639.85844098712,22075.15675189151,21639.85844098712
2008-10-14,19250.158944782826,20963.153637586358,21565.502390170303,20963.153637586358
2008-10-15,17526.175583640306,19623.100915143288,20601.550233997532,19623.100915143288
2008-10-16,18476.933592453363,20362.125366777287,21071.132472479185,20362.125366777287
2008-10-17,18499.854891855863,20379.94209886332,21082.98637477231,20379.94209886332
2008-10-20,19015.335080287554,20780.624985625967,21360.41713178197,20780.624985625967
2008-10-21,18030.191953819543,20014.872972947232,20809.710205683845,20014.872972947232
2008-10-22,17531.901789374366,19627.5518963744,20548.73049564431,19627.5518963744
2008-10-23,17463.177181201783,19574.132240270836,20513.764324503016,19574.132240270836
2008-10-24,16901.87594011327,19137.8326371628,20233.76151507011,19137.8326371628
2008-10-27,16432.2231414408,18772.771392576913,20012.399964412583,18772.771392576913
2008-10-28,18247.833398851188,20184.045725715456,20817.66859853504,20184.045725715456
2008-10-29,18202.02248555822,20148.43689070027,20792.30694859212,20148.43689070027
2008-10-30,18809.1346399397,20620.34532882349,21120.733748022907,20620.34532882349
2008-10-31,18837.777075394337,20642.609101475537,21136.468569408007,20642.609101475537
2008-11-03,19797.38105102411,21611.262435178793,22113.114575192387,21611.262435178793
2008-11-04,20358.36109473991,22042.289884914004,22424.566814087477,22042.289884914004
2008-11-05,19296.7150550527,21226.57711556692,21815.16461394098,21226.57711556692
2008-11-06,18434.122058229,20563.806195735888,21347.58251592964,20563.806195735888
2008-11-07,18814.146610466014,20855.796999013855,21540.76862716351,20855.796999013855
2008-11-10,18560.79957862379,20661.138514712657,21407.149258317346,20661.138514712657
2008-11-11,18156.648072464457,20350.60983377663,21198.274815290908,20350.60983377663
2008-11-12,17318.178025089393,19706.37371477749,20779.569753543507,19706.37371477749
2008-11-13,18373.804006010923,20517.46098878638,21264.185362035212,20517.46098878638
2008-11-14,17481.047978604503,19831.51438865443,20805.77432973772,19831.51438865443
2008-11-17,17113.09291003917,19548.79713944474,20630.86539921572,19548.79713944474
2008-11-18,17094.99669347901,19534.892961994658,20622.048148509504,19534.892961994658
2008-11-19,16202.24600537083,18848.950464297595,20216.181362834708,18848.950464297595
2008-11-20,15418.065942500802,18246.427903257434,19900.235976858916,18246.427903257434
2008-11-21,16087.633964174038,18760.88862256294,20131.3770550435,18760.88862256294
2008-11-24,17070.86706990757,19516.35303311915,20523.096548466685,19516.35303311915
2008-11-25,16992.452801129337,19456.10364871956,20486.226152792784,19456.10364871956
2008-11-26,17704.23998881137,20003.003346307043,20812.20840533,20003.003346307043
2008-11-28,17565.500993692258,19896.40362691433,20742.842261634974,19896.40362691433
2008-12-01,17244.165261352635,19881.209496563377,21095.029238659932,19881.209496563377
2008-12-02,17820.471436769192,20318.38820023093,21336.81019209708,20318.38820023093
2008-12-03,18326.32865030474,20702.1251967927,21565.622008516493,20702.1251967927
2008-12-04,17807.66060237589,20308.670060443663,21316.710515682826,20308.670060443663
2008-12-05,18531.24248781753,20857.570287733524,21644.94710979699,20857.570287733524
2008-12-08,19261.21632923176,21411.31937339971,22002.19019925432,21411.31937339971
2008-12-09,19216.389036137352,21377.313945868464,21978.34802544773,21377.313945868464
2008-12-10,19152.36320358991,21328.744744863296,21944.60994518722,21328.744744863296
2008-12-11,18627.287613007982,20930.42892627579,21672.77084645249,20930.42892627579
2008-12-12,19005.084659622924,21217.02107144787,21859.759202928148,21217.02107144787
2008-12-15,18672.113489131436,20964.433278910477,21688.75015721177,20964.433278910477
2008-12-16,19568.575749733318,21644.478410638483,22135.47960620484,21644.478410638483
2008-12-17,19331.65678928705,21464.754631126147,22008.331030683978,21464.754631126147
2008-12-18,18992.280910084388,21207.308306143397,21829.16901009481,21207.308306143397
2008-12-19,19148.108039815652,21325.5168304975,21908.77015385141,21325.5168304975
2008-12-22,18731.28194524925,21009.3177345124,21691.478849069805,21009.3177345124
2008-12-23,18635.09228902151,20936.349456521144,21642.456600150454,20936.349456521144
2008-12-24,18686.39088846192,20975.26393663601,21667.59889567665,20975.26393663601
2008-12-26,18679.986179750747,20970.405404190653,21663.85815899281,20970.405404190653
2008-12-29,18526.08187960379,20853.655514466715,21586.02517604061,20853.655514466715
2008-12-30,18910.83341965998,21145.52325194893,21776.330641472923,21145.52325194893
2008-12-31,19071.148096401925,21267.13597370446,21857.916287682423,21267.13597370446
2009-01-02,20898.08433102893,22894.487088040645,23284.781279479153,22894.487088040645
2009-01-05,20891.342966457738,22889.424314939417,23279.718506377925,22889.424314939417
2009-01-06,21100.121390251697,23046.21716851359,23436.5113599521,23046.21716851359
2009-01-07,20500.729254755355,22596.07293604665,22986.36712748516,22596.07293604665
2009-01-08,20716.250531280457,22757.92968033201,23148.22387177052,22757.92968033201
2009-01-09,20251.536871213066,22408.92914889408,22799.223340332588,22408.92914889408
2009-01-12,19881.121954505124,22130.74708993575,22521.04128137426,22130.74708993575
2009-01-13,19887.861830916372,22135.808745427024,22526.102936865533,22135.808745427024
2009-01-14,19281.732795328684,21680.60509268872,22070.899284127227,21680.60509268872
2009-01-15,19598.267392905345,21918.32296557571,22308.617157014218,21918.32296557571
2009-01-16,19813.78271679065,22080.175239421245,22470.469430859754,22080.175239421245
2009-01-20,18830.498888083777,21341.727872233336,21732.022063671844,21341.727872233336
2009-01-21,19631.94147624243,21943.61224366283,22333.906435101337,21943.61224366283
2009-01-22,19369.285709637094,21746.357439237225,22136.651630675733,21746.357439237225
2009-01-23,19463.569571397053,21817.16473561727,22207.458927055777,21817.16473561727
2009-01-26,19605.001316676793,21923.38015062716,22313.674342065668,21923.38015062716
2009-01-27,19746.43306195653,22029.59556563705,22419.889757075558,22029.59556563705
2009-01-28,20440.120964492427,22550.556035363683,22940.85022680219,22550.556035363683
2009-01-29,19921.535914253454,22161.098023514147,22551.392214952655,22161.098023514147
2009-01-30,19571.32425701981,21898.088637320125,22288.382828758633,21898.088637320125
2009-02-02,20806.74293035241,23074.933637913775,23465.227829352283,23074.933637913775
2009-02-03,21132.186101577343,23316.980723057088,23707.274914495596,23316.980723057088
2009-02-04,21160.484420278444,23338.027486860046,23728.321678298555,23338.027486860046
2009-02-05,21627.41293192773,23685.30374031353,24075.59793175204,23685.30374031353
2009-02-06,22193.390248841726,24106.247155105855,24496.541346544363,24106.247155105855
2009-02-09,22285.357439714873,24174.647393451243,24564.94158488975,24174.647393451243
2009-02-10,21464.69838103155,23564.285429784584,23954.579621223093,23564.285429784584
2009-02-11,21365.65113903713,23490.619431121908,23880.913622560416,23490.619431121908
2009-02-12,21627.41293192773,23685.30374031353,24075.59793175204,23685.30374031353
2009-02-13,21528.373506284737,23611.643555031642,24001.93774647015,23611.643555031642
2009-02-17,20672.328261427618,22974.96325386395,23365.257445302457,22974.96325386395
2009-02-18,20686.47273096731,22985.483147736955,23375.777339175464,22985.483147736955
2009-02-19,20368.125243566505,22748.713449672512,23139.00764111102,22748.713449672512
2009-02-20,20424.714064617277,22790.801163897646,23181.095355336154,22790.801163897646
2009-02-23,19710.16979288737,22259.361657801695,22648.28167272534,22259.361657801695
2009-02-24,20361.02955974238,22743.436062593642,22980.689275344495,22743.436062593642
2009-02-25,20226.6133275473,22643.464515867658,22908.4700266722,22643.464515867658
2009-02-26,19660.639137173875,22222.52342642765,22608.217306673258,22222.52342642765
2009-02-27,19476.6922492653,22085.713648327615,22513.679023672277,22085.713648327615
2009-03-02,19846.74458688198,22617.235650300514,23195.151121173974,22617.235650300514
2009-03-03,19831.844916443177,22606.26196174608,23187.48546148164,22606.26196174608
2009-03-04,20360.79227106868,22995.834573784152,23438.80390662187,22995.834573784152
2009-03-05,19749.897552125007,22545.907280910847,23134.938611892205,22545.907280910847
2009-03-06,19593.44689704123,22430.680520018534,23060.165290855068,22430.680520018534
2009-03-09,19176.24953999256,22123.412390781174,22864.300918921464,22123.412390781174
2009-03-10,20360.79227106868,22995.834573784152,23397.508148959263,22995.834573784152
2009-03-11,20673.68699647413,23226.28324585557,23553.617149889127,23226.28324585557
2009-03-12,21359.099821898133,23731.093530640665,23903.599212175784,23731.093530640665
2009-03-13,21411.241260576593,23769.49598465383,23930.920546981037,23769.49598465383
2009-03-16,21053.645877664196,23506.125034490804,23739.27502092247,23506.125034490804
2009-03-17,21850.790592569258,24093.226465365296,24155.545418683207,24093.226465365296
2009-03-18,22126.44190354453,24296.245159549682,24358.564112867592,24296.245159549682
2009-03-19,22111.542233105727,24285.27147099525,24347.59042431316,24285.27147099525
2009-03-20,21774.99339605126,24037.40141666345,24099.72036998136,24037.40141666345
2009-03-23,23058.510040042234,24982.718426421296,25045.03737973921,24982.718426421296
2009-03-24,22633.159101324865,24669.44513980794,24731.76409312585,24669.44513980794
2009-03-25,22737.6230596395,24746.383414947402,24808.702368265316,24746.383414947402
2009-03-26,23439.082950298,25263.01245081289,25325.331404130804,25263.01245081289
2009-03-27,22998.81258685553,24938.750926505483,25001.069879823393,24938.750926505483
2009-03-30,22431.67031967659,24521.047553022272,24583.366506340186,24521.047553022272
2009-03-31,22625.691981104952,24663.94556503356,24726.26451835147,24663.94556503356
2009-04-01,23961.20012239632,25911.09008061361,25973.409033931523,25911.09008061361
2009-04-02,24732.133880527686,26474.49635475119,26536.815308069105,26474.49635475119
2009-04-03,25191.571061321978,26810.2577447557,26872.576698073615,26810.2577447557
2009-04-06,25129.272776572085,26764.72952118799,26827.0484745059,26764.72952118799
2009-04-07,24467.361446218667,26280.997952151778,26343.316905469692,26280.997952151778
2009-04-08,24880.086509022636,26582.62164864317,26644.940601961083,26582.62164864317
2009-04-09,25651.0254207416,27146.03168907527,27208.350642393183,27146.03168907527
2009-04-13,25612.088348574463,27117.576078558635,27179.89503187655,27117.576078558635
2009-04-14,25300.598642687524,26889.93621615159,26952.2551694695,26889.93621615159
2009-04-15,25230.50641562658,26838.712099840828,26901.03105315874,26838.712099840828
2009-04-16,25884.635828706672,27316.756564154533,27379.075517472447,27316.756564154533
2009-04-17,25939.152196183244,27356.597682999734,27418.91663631765,27356.597682999734
2009-04-20,25105.91671757692,26747.66067443143,26809.979627749344,26747.66067443143
2009-04-21,25456.34693135606,27003.758658218125,27066.077611536035,27003.758658218125
2009-04-22,25534.205614927534,27060.65858036784,27122.97753368575,27060.65858036784
2009-04-23,25783.407343239774,27242.777751796213,27305.096705114127,27242.777751796213
2009-04-24,26235.055735310616,27572.84701535219,27635.165968670102,27572.84701535219
2009-04-27,26266.214325929493,27595.61803200933,27657.936985327244,27595.61803200933
2009-04-28,26071.523811506224,27453.33621313164,27515.65516644955,27453.33621313164
2009-04-29,26429.73250683362,27715.11879077783,27777.43774409574,27715.11879077783
2009-04-30,26694.491198242376,27908.607149925196,27970.92610324311,27908.607149925196
2009-05-01,27764.29554031406,28959.660108240303,29021.979061558217,28959.660108240303
2009-05-04,28313.601929383727,29358.511578570244,29420.830531888154,29358.511578570244
2009-05-05,28289.3431900751,29340.897303487836,29403.216256805747,29340.897303487836
2009-05-06,28297.446068767254,29346.780805199414,29409.099758517325,29346.780805199414
2009-05-07,27635.029053080645,28865.799688038827,28928.11864135674,28865.799688038827
2009-05-08,27651.190259779385,28877.53434320098,28939.853296518893,28877.53434320098
2009-05-11,27748.130769560474,28947.92286521727,29010.241818535185,28947.92286521727
2009-05-12,27408.857696614607,28701.576624429865,28763.895577747775,28701.576624429865
2009-05-13,26673.75712842811,28167.819966404953,28230.138919722864,28167.819966404953
2009-05-14,26972.633421723112,28384.834098043524,28447.153051361434,28384.834098043524
2009-05-15,26956.47577907922,28373.102030742255,28435.42098406017,28373.102030742255
2009-05-18,27659.269972115042,28883.401023816834,28945.719977134744,28883.401023816834
2009-05-19,27788.529331238762,28977.256268296544,29039.575221614454,28977.256268296544
2009-05-20,27691.572783210868,28906.85610090629,28969.1750542242,28906.85610090629
2009-05-21,27182.67030190176,28537.34191544694,28599.660868764855,28537.34191544694
2009-05-22,27093.80950445633,28472.820074046504,28535.139027364414,28472.820074046504
2009-05-26,28103.568613259926,29206.006349027706,29268.32530234562,29206.006349027706
2009-05-27,27909.70184991713,29065.23965643864,29127.558609756554,29065.23965643864
2009-05-28,28232.80837008199,29299.84736027258,29362.16631359049,29299.84736027258
2009-05-29,28580.17006550063,29552.06675132804,29614.385704645953,29552.06675132804
2009-06-01,30395.75537282475,31144.30121198222,31206.620165300134,31144.30121198222
2009-06-02,30437.520436949697,31174.453617673542,31236.772570991452,31174.453617673542
2009-06-03,30345.632136509266,31108.114600334142,31170.433553652052,31108.114600334142
2009-06-04,30688.101608546614,31355.36140035988,31417.680353677795,31355.36140035988
2009-06-05,30721.50850048102,31379.479600094448,31441.798553412358,31379.479600094448
2009-06-08,30629.633098454462,31313.149894801278,31375.46884811919,31313.149894801278
2009-06-09,30863.51819460639,31482.003898789608,31544.32285210752,31482.003898789608
2009-06-10,30754.913549784877,31403.596469536697,31465.91542285461,31403.596469536697
2009-06-11,30754.913549784877,31403.596469536697,31465.91542285461,31403.596469536697
2009-06-12,30612.9241245956,31301.08680405704,31363.405757374952,31301.08680405704
2009-06-15,29986.49054322412,30848.831315410534,30911.150268728445,30848.831315410534
2009-06-16,29694.114825413402,30637.749842355777,30700.068795673687,30637.749842355777
2009-06-17,29978.108416836385,30842.779815653637,30905.098768971548,30842.779815653637
2009-06-18,29919.641749374787,30800.56964038735,30862.888593705262,30800.56964038735
2009-06-19,30240.788300647386,31032.422297703306,31094.741251021216,31032.422297703306
2009-06-22,29337.57686910031,30380.34626047822,30442.665213796136,30380.34626047822
2009-06-23,29270.678324226035,30332.048667562438,30394.36762088035,30332.048667562438
2009-06-24,29764.08872068142,30688.26769315115,30750.586646469063,30688.26769315115
2009-06-25,30349.50534593266,31110.91087478765,31173.229828105563,31110.91087478765
2009-06-26,30416.411261329147,31159.213788872705,31221.53274219062,31159.213788872705
2009-06-29,30483.326389878406,31207.523354419354,31269.842307737264,31207.523354419354
2009-06-30,30424.795230347434,31165.26661892192,31227.585572239834,31165.26661892192
2009-07-01,31441.213507332075,32177.156415111553,32239.475368429463,32177.156415111553
2009-07-02,30750.195755400422,31680.953688478836,31743.27264179675,31680.953688478836
2009-07-06,30586.05731970186,31563.089944586318,31625.408897904228,31563.089944586318
2009-07-07,29825.945976090174,31017.272821668346,31079.591774986256,31017.272821668346
2009-07-08,29981.432725580846,31128.92400405383,31191.242957371745,31128.92400405383
2009-07-09,30033.26481398205,31166.143342514893,31228.462295832804,31166.143342514893
2009-07-10,30162.830761415644,31259.181439171,31321.50039248891,31259.181439171
2009-07-13,30741.54216604994,31674.739760372264,31737.058713690174,31674.739760372264
2009-07-14,30853.84661020471,31755.38279920418,31817.701752522094,31755.38279920418
2009-07-15,31890.36467396054,32499.680739455333,32561.999692773243,32499.680739455333
2009-07-16,32270.420345766383,32772.58930091432,32834.90825423223,32772.58930091432
2009-07-17,32443.18762996177,32896.64920711939,32958.9681604373,32896.64920711939
2009-07-20,32754.115453520986,33119.91877350141,33182.23772681932,33119.91877350141
2009-07-21,32978.72434183052,33281.20485116524,33343.52380448316,33281.20485116524
2009-07-22,33255.129158832075,33479.68430189889,33542.0032552168,33479.68430189889
2009-07-23,33989.315894101506,34006.8856058884,34069.20455920631,34006.8856058884
2009-07-24,33730.18019294914,33820.8066793771,33883.12563269502,33820.8066793771
2009-07-27,33989.315894101506,34006.8856058884,34069.20455920631,34006.8856058884
2009-07-28,33756.10480129139,33839.42249830556,33901.74145162348,33839.42249830556
2009-07-29,33980.68704560468,34000.689443575844,34063.008396893754,34000.689443575844
2009-07-30,34179.35610043126,34143.348769514894,34205.66772283281,34143.348769514894
2009-07-31,34075.69192362885,34068.91009259278,34131.22904591069,34068.91009259278
2009-08-03,35585.00411712835,35434.66997169398,35496.98892501189,35434.66997169398
2009-08-04,35585.00411712835,35434.66997169398,35496.98892501189,35434.66997169398
2009-08-05,35309.511490139,35237.75938474995,35300.07833806786,35237.75938474995
2009-08-06,34998.458794160186,35015.43195041874,35077.75090373665,35015.43195041874
2009-08-07,35442.80692054926,35333.03337348016,35395.35232679807,35333.03337348016
2009-08-10,35193.98434530199,35155.18542207652,35217.50437539444,35155.18542207652
2009-08-11,34891.806001341916,34939.201002743044,35001.519956060954,34939.201002743044
2009-08-12,35433.92865222337,35323.688459000245,35385.988722239184,35323.688459000245
2009-08-13,35629.44637075086,35518.597892985534,35581.24191729741,35518.597892985534
2009-08-14,35220.64656442977,35111.06992332926,35172.99519201583,35111.06992332926
2009-08-17,34198.58438771253,34092.18753322143,34152.31580267371,34092.18753322143
2009-08-18,34687.3943492599,34579.47673467643,34640.46443435382,34579.47673467643
2009-08-19,34927.36215402422,34818.69796410544,34880.10757741122,34818.69796410544
2009-08-20,35336.16979295962,35226.23374200761,35288.362124710075,35226.23374200761
2009-08-21,35807.19580370509,35695.79432116216,35758.75086618187,35695.79432116216
2009-08-24,35771.64748363711,35660.35659717601,35723.25064080843,35660.35659717601
2009-08-25,35878.31202537685,35766.689289749185,35829.770871971916,35766.689289749185
2009-08-26,35816.097569873935,35704.668392619744,35767.64058880761,35704.668392619744
2009-08-27,35904.97424450463,35793.26855876953,35856.397018754156,35793.26855876953
2009-08-28,35940.51081565114,35828.69457038684,35891.88551110169,35828.69457038684
2009-08-31,35576.149346645405,35465.46668380546,35528.01700079338,35465.46668380546
2009-09-01,35909.29787473113,35800.68895239274,35862.06733221909,35800.68895239274
2009-09-02,35881.87213426388,35773.346162032925,35834.677664097384,35773.346162032925
2009-09-03,36119.53905705267,36010.29425293452,36072.03198991646,36010.29425293452
2009-09-04,36896.62453155199,36785.02940534609,36848.09538460049,36785.02940534609
2009-09-08,37244.014558498595,37131.36873905471,37195.0284987026,37131.36873905471
2009-09-09,37563.95870268913,37450.34520103575,37514.55182888679,37450.34520103575
2009-09-10,37920.501385678865,37805.809508260456,37870.62556078745,37805.809508260456
2009-09-11,37957.063668358176,37842.26120704214,37907.13975407073,37842.26120704214
2009-09-14,38103.336969822,37988.09209981019,38053.22066615932,37988.09209981019
2009-09-15,38222.188559276336,38106.58421849198,38171.91593328545,38106.58421849198
2009-09-16,38779.83185391779,38662.54090156304,38728.825774562654,38662.54090156304
2009-09-17,38770.6993401635,38653.436009414734,38719.70527256032,38653.436009414734
2009-09-18,38835.650164716,38718.19038793578,38784.57066902422,38718.19038793578
2009-09-21,38954.60649407224,38836.78692972999,38903.37053829065,38836.78692972999
2009-09-22,39027.84385624829,38909.80278295288,38976.511573316006,38909.80278295288
2009-09-23,38844.82296304795,38727.33544281964,38793.73140261898,38727.33544281964
2009-09-24,38497.07843181798,38380.64267703821,38446.44425050355,38380.64267703821
2009-09-25,38158.510727377725,38043.09898241419,38108.321855142116,38043.09898241419
2009-09-28,38808.21636733322,38690.83956502886,38757.17295458403,38690.83956502886
2009-09-29,38634.344101718234,38517.49318213814,38583.52937852631,38517.49318213814
2009-09-30,38661.79401293208,38544.860070139286,38610.94318560347,38544.860070139286
2009-10-01,38517.65783343837,38404.18346328862,38468.311463471764,38404.18346328862
2009-10-02,38404.911798233465,38291.76958185556,38355.7098713062,38291.76958185556
2009-10-05,38714.93134259938,38600.875797776556,38665.3322383775,38600.875797776556
2009-10-06,39400.7337821178,39284.65783926849,39350.256071490236,39284.65783926849
2009-10-07,39513.4798173227,39397.07172070155,39462.8576636558,39397.07172070155
2009-10-08,39682.57612323179,39565.66986296604,39631.737334147765,39565.66986296604
2009-10-09,39908.043378843475,39790.472884139315,39856.91573547193,39790.472884139315
2009-10-12,39992.58739599834,39874.767831656085,39941.35144021674,39874.767831656085
2009-10-13,40001.97152548294,39884.124315166286,39950.72354735235,39884.124315166286
2009-10-14,40546.88794874169,40427.435395540975,40494.94185839619,40427.435395540975
2009-10-15,40452.92671570475,40333.750975590214,40401.101002506475,40333.750975590214
2009-10-16,40189.88571995746,40071.484907836864,40138.39699812945,40071.484907836864
2009-10-19,40593.84995416158,40474.25904924673,40541.843699085824,40474.25904924673
2009-10-20,40603.25062684493,40483.632027218824,40551.23232822607,40483.632027218824
2009-10-21,40528.08246757531,40408.68531598131,40476.16046961453,40408.68531598131
2009-10-22,40687.7905082001,40567.922851120115,40635.66390246973,40567.922851120115
2009-10-23,40518.67765909228,40399.308214393735,40466.76770997312,40399.308214393735
2009-10-26,40387.16336491817,40268.18136594027,40335.42190353635,40268.18136594027
2009-10-27,39776.52081306999,39659.337788454905,39725.56166803283,39659.337788454905
2009-10-28,38884.02351270878,38769.46981642557,38834.2077783683,38769.46981642557
2009-10-29,39541.6404773759,39425.1494184631,39490.98224606494,39425.1494184631
2009-10-30,38480.08822910245,38366.724540324016,38430.78999092006,38366.724540324016
2009-11-02,39639.4839523012,39525.64979458942,39589.98112224478,39525.64979458942
2009-11-03,39764.76541967739,39650.57148658778,39715.10613482968,39650.57148658778
2009-11-04,39832.23870522614,39717.85100663147,39782.49515796492,39717.85100663147
2009-11-05,40815.27903525842,40698.06830374787,40764.30784137963,40698.06830374787
2009-11-06,41056.2150515105,40938.312415218716,41004.94297039814,40938.312415218716
2009-11-09,41933.22775116718,41812.80656538851,41880.86043353052,41812.80656538851
2009-11-10,42039.251138740445,41918.525481716984,41986.75141630904,41918.525481716984
2009-11-11,42309.09336730742,42187.59279447423,42256.25665880427,42187.59279447423
2009-11-12,42068.16159385767,41947.35291362151,42015.62576728958,41947.35291362151
2009-11-13,42415.10826927602,42293.30324956645,42362.13916657516,42293.30324956645
2009-11-16,42848.79903845304,42725.74857307935,42795.2883313138,42725.74857307935
2009-11-17,42983.7286383412,42860.29069069422,42930.04942756904,42860.29069069422
2009-11-18,42742.779893682105,42620.033887369,42689.4015860391,42620.033887369
2009-11-19,42077.77578395095,41956.939494293016,42025.227950929424,41956.939494293016
2009-11-20,41865.76719402543,41745.5397371992,41813.48412290672,41745.5397371992
2009-11-23,42540.41943626856,42418.25455589169,42487.29384168674,42418.25455589169
2009-11-24,42395.8501894731,42274.10047389656,42342.90513676878,42274.10047389656
2009-11-25,42578.948324281395,42456.67279908585,42525.77461381094,42456.67279908585
2009-11-27,41933.22775116718,41812.80656538851,41880.86043353052,41812.80656538851
2009-11-30,41981.413257296656,41860.85369543543,41928.9857643327,41860.85369543543
2009-12-01,43414.80835924903,43293.003339539464,43361.83925654817,43293.003339539464
2009-12-02,43474.00076120984,43352.02967070646,43420.95943963858,43352.02967070646
2009-12-03,43296.44961214411,43174.97666091691,43243.624915392924,43174.97666091691
2009-12-04,43523.32631524293,43401.21683647277,43470.22481304583,43401.21683647277
2009-12-07,43316.17027959122,43194.64199986257,43263.32152224645,43194.64199986257
2009-12-08,43049.8218419787,42929.04083208537,42997.298048356664,42929.04083208537
2009-12-09,43483.86326633479,43361.86450548858,43430.80991181747,43361.86450548858
2009-12-10,43700.88180711144,43578.2741768809,43647.56367479574,43578.2741768809
2009-12-11,43533.201848776225,43411.064663110614,43480.08829773751,43411.064663110614
2009-12-14,43947.52260568521,43824.22299756816,43893.90355434479,43824.22299756816
2009-12-15,43700.88180711144,43578.2741768809,43647.56367479574,43578.2741768809
2009-12-16,43760.087237480606,43637.31349990362,43706.69687039893,43637.31349990362
2009-12-17,43227.40339066392,43106.12415620494,43174.662935132146,43106.12415620494
2009-12-18,43931.905886870016,43808.650093175165,43878.30588901881,43808.650093175165
2009-12-21,44425.97353132165,44301.331576511635,44371.770736388324,44301.331576511635
2009-12-22,44692.795334437746,44567.40478171343,44638.26699824266,44567.40478171343
2009-12-23,45018.835596331366,44892.53030179367,44963.90946821298,44892.53030179367
2009-12-24,45433.86423009432,45306.39452707882,45378.431738014966,45306.39452707882
2009-12-28,45671.002976174306,45542.86795432563,45615.28115823886,45542.86795432563
2009-12-29,45483.26795457753,45355.65964397947,45427.77518649893,45355.65964397947
2009-12-30,45621.60359449388,45493.607168043556,45565.94204725916,45493.607168043556
2009-12-31,45206.60536035042,45079.773257088425,45151.450139987006,45079.773257088425
2010-01-04,46868.317964080175,46739.62851190122,46812.35504214774,46739.62851190122
2010-01-05,46868.317964080175,46739.62851190122,46812.35504214774,46739.62851190122
2010-01-06,46585.62554743503,46457.712302592154,46530.00017321779,46457.712302592154
2010-01-07,46615.92004290542,46487.923616455104,46560.2584956707,46487.923616455104
2010-01-08,46999.577840455444,46870.527979319704,46943.45818820852,46870.527979319704
2010-01-11,46807.74228550009,46679.219159983375,46751.85169370705,46679.219159983375
2010-01-12,46222.15816359385,46095.24291527705,46166.966786108525,46095.24291527705
2010-01-13,46797.66039100636,46669.16494801668,46741.78183745789,46669.16494801668
2010-01-14,46838.06340569185,46709.457025462434,46782.13660909019,46709.457025462434
2010-01-15,46292.81573666767,46165.706479161585,46237.539990798374,46165.706479161585
2010-01-19,47039.96754278025,46910.8067809574,46983.7996633757,46910.8067809574
2010-01-20,46363.50880936998,46236.20544520093,46308.14865272854,46236.20544520093
2010-01-21,45929.36610264073,45803.254792923886,45874.524332309265,45803.254792923886
2010-01-22,44586.49946813899,44464.07535649219,44533.26114217883,44464.07535649219
2010-01-25,44737.95419567666,44615.11422472952,44684.5350258232,44615.11422472952
2010-01-26,44778.32614818722,44655.37532528981,44724.85877237022,44655.37532528981
2010-01-27,45131.73826225604,45007.81705225433,45077.84889616057,45007.81705225433
2010-01-28,43970.616413308795,43849.88337265357,43918.113479972366,43849.88337265357
2010-01-29,43203.278630940935,43084.652520577605,43151.69193412153,43084.652520577605
2010-02-01,44677.50669251444,44557.577639196,44625.35338752596,44557.577639196
2010-02-02,45080.29009386543,44959.279838045055,45027.6666085305,44959.279838045055
2010-02-03,45328.14772435261,45206.47213751485,45275.23490786307,45206.47213751485
2010-02-04,44016.53485514228,43898.38006660706,43965.15312109352,43898.38006660706
2010-02-05,44388.33945694606,44269.18662314791,44336.52370497129,44269.18662314791
2010-02-08,44068.18888281221,43949.89543795757,44016.74685157011,43949.89543795757
2010-02-09,44522.59453870539,44403.08132031887,44470.622067013166,44403.08132031887
2010-02-10,44429.64906202725,44310.38533972621,44377.785088193385,44310.38533972621
2010-02-11,45100.956243951645,44979.8905134193,45048.30863444086,44979.8905134193
2010-02-12,45193.90172062978,45072.586494011965,45141.14561326065,45072.586494011965
2010-02-16,45772.2407307848,45649.373052942195,45718.80951208971,45649.373052942195
2010-02-17,46030.447322878965,45906.88653401825,45976.714692396505,45906.88653401825
2010-02-18,46319.60548041085,46195.268496398276,46265.53530751173,46195.268496398276
2010-02-19,46298.97110345237,46174.68950886229,46244.92501763944,46174.68950886229
2010-02-22,46205.99839266475,46081.966367265406,46152.06083650131,46081.966367265406
2010-02-23,45606.997771441755,45484.57365979496,45553.759445481606,45484.57365979496
2010-02-24,46071.76600599666,45948.094304264625,46017.98514305805,45948.094304264625
2010-02-25,46061.43066144443,45937.786703160484,46007.66186324301,45937.786703160484
2010-02-26,46226.66000373272,46102.57251580561,46172.69832869194,46102.57251580561
2010-03-01,47897.66273661187,47771.773252637664,47842.9174311927,47771.773252637664
2010-03-02,48045.33995950027,47919.062335305396,47990.42586432794,47919.062335305396
2010-03-03,48098.0672552415,47971.65104783248,48043.09289466697,47971.65104783248
2010-03-04,48256.30477175558,48129.47266849359,48201.14955139217,48129.47266849359
2010-03-05,48984.0935063783,48855.348555118944,48928.10644967297,48855.348555118944
2010-03-08,49079.01561888027,48950.02118371966,49022.92006961512,48950.02118371966
2010-03-09,49353.2680205025,49223.552767428315,49296.85901060835,49223.552767428315
2010-03-10,49754.09096508436,49623.32222858791,49697.22382898391,49623.32222858791
2010-03-11,49943.93055431411,49812.66286219935,49886.846438392524,49812.66286219935
2010-03-12,49954.49548371399,49823.200023782716,49897.39929245817,49823.200023782716
2010-03-15,49827.90176188337,49696.93902838184,49770.950262697464,49696.93902838184
2010-03-16,50144.353616040535,50012.55915175412,50087.0404237695,50012.55915175412
2010-03-17,50281.46127375485,50149.30644924849,50223.99137236341,50149.30644924849
2010-03-18,50450.22663347523,50317.62824277306,50392.56383934885,50317.62824277306
2010-03-19,50145.07679681561,50013.28043179229,50087.76277797495,50013.28043179229
2010-03-22,50599.123064978005,50466.133329607714,50541.29008758688,50466.133329607714
2010-03-23,50947.566396883565,50813.660847489344,50889.33516129911,50813.660847489344
2010-03-24,50704.71209391224,50571.444838771546,50646.75843205954,50571.444838771546
2010-03-25,50630.79931008085,50497.72631999786,50572.93012788111,50497.72631999786
2010-03-26,50683.59150666087,50550.37976278478,50625.6619848796,50550.37976278478
2010-03-29,50926.4504454064,50792.60039509257,50868.24334459484,50792.60039509257
2010-03-30,51095.39660032054,50961.10250862669,51036.99640013165,50961.10250862669
2010-03-31,50852.52375425242,50718.86800554893,50794.40114898938,50718.86800554893
2010-04-01,51852.223844225424,51718.56809552194,51794.101238962394,51718.56809552194
2010-04-05,52336.73664135897,52201.83199885969,52278.070932175506,52201.83199885969
2010-04-06,52487.46355682513,52352.17039639465,52428.62889363429,52352.17039639465
2010-04-07,52358.267707308994,52223.307565729316,52299.57786335263,52223.307565729316
2010-04-08,52476.719294936134,52341.453829216895,52417.896675288386,52341.453829216895
2010-04-09,52788.94574920547,52652.87547980731,52729.773146208725,52652.87547980731
2010-04-12,52831.98424656551,52695.8030399276,52772.76340051557,52695.8030399276
2010-04-13,53101.172203474816,52964.297130397725,53041.64961712907,52964.297130397725
2010-04-14,53736.42136989053,53597.90886071802,53676.186715019925,53597.90886071802
2010-04-15,53973.253641524774,53834.13066683631,53912.75351474926,53834.13066683631
2010-04-16,53327.26966703607,53189.81179878585,53267.49364173146,53189.81179878585
2010-04-19,53294.96125084103,53157.586661671936,53235.221440942085,53157.586661671936
2010-04-20,53564.13975393433,53426.07132269447,53504.09821433663,53426.07132269447
2010-04-21,53865.593584866656,53726.74811776439,53805.214137254196,53726.74811776439
2010-04-22,54167.071050339,54027.448486453264,54106.353668219155,54027.448486453264
2010-04-23,54393.18269462425,54252.97729901276,54332.211857649985,54252.97729901276
2010-04-26,54274.75001462912,54134.849894420346,54213.911932152136,54134.849894420346
2010-04-27,53122.712723240846,52985.782126714934,53063.165991525144,52985.782126714934
2010-04-28,53155.00695871188,53017.993119657476,53095.424027486086,53017.993119657476
2010-04-29,54080.94205963091,53941.54150425097,54020.321221901206,53941.54150425097
2010-04-30,53015.03848585872,52878.385433471645,52955.61244920164,52878.385433471645
2010-05-03,54757.643071997554,54619.07508811306,54697.38429295109,54619.07508811306
2010-05-04,53112.60989272062,52978.20477849755,53054.16141238887,52978.20477849755
2010-05-05,52838.44010358002,52704.72879487508,52780.293337051466,52704.72879487508
2010-05-06,51072.77183189633,50943.52866825554,51016.56811857978,50943.52866825554
2010-05-07,49800.59762511905,49674.57378585187,49745.793892885216,49674.57378585187
2010-05-10,52388.79452346899,52256.22107384642,52331.14257541948,52256.22107384642
2010-05-11,52333.96826933865,52201.53356132497,52276.376655572145,52201.53356132497
2010-05-12,53320.98528801814,53186.05286551813,53262.30749820192,53186.05286551813
2010-05-13,52476.52519673754,52343.72973860917,52418.77670429789,52343.72973860917
2010-05-14,51467.595972688134,51337.35367938964,51410.95776987701,51337.35367938964
2010-05-17,51632.08917951249,51501.430624834706,51575.26995795679,51501.430624834706
2010-05-18,50919.22750554026,50790.372896383305,50863.19276212666,50790.372896383305
2010-05-19,50513.44485465795,50385.617106422564,50457.85666017758,50385.617106422564
2010-05-20,48638.090371035796,48515.00833637181,48584.5659354231,48515.00833637181
2010-05-21,49175.49069847093,49051.048735297714,49121.37487349643,49051.048735297714
2010-05-24,48978.097887319476,48854.15544023827,48924.19928589817,48854.15544023827
2010-05-25,49021.95600173708,48897.90256867929,48968.00913606849,48897.90256867929
2010-05-26,48473.60197902255,48350.93619355364,48420.2585568559,48350.93619355364
2010-05-27,50305.08871860487,50177.78822990958,50249.729812414895,50177.78822990958
2010-05-28,50008.973020416575,49882.42187287245,49953.93997869826,49882.42187287245
2010-06-01,50548.08827943249,50422.70267349777,50493.5620944378,50422.70267349777
2010-06-02,51745.19087291279,51616.83582858468,51689.37337424647,51616.83582858468
2010-06-03,52237.48182791859,52107.905645426996,52181.13329536757,52107.905645426996
2010-06-04,50447.383359807965,50322.24755456398,50392.9658051347,50322.24755456398
2010-06-07,49529.95279874703,49407.092699483575,49476.52487573334,49407.092699483575
2010-06-08,49440.452050504005,49317.81395974635,49387.12067188045,49317.81395974635
2010-06-09,49026.47240822738,48904.86120275973,48973.58758913412,48904.86120275973
2010-06-10,50424.989752912625,50299.90949548589,50370.59635420636,50299.90949548589
2010-06-11,50906.08636044871,50779.812732675,50851.17400319197,50779.812732675
2010-06-14,50894.911660802536,50768.66575210849,50840.011357685944,50768.66575210849
2010-06-15,52259.83613916683,52130.20450633167,52203.46349303699,52130.20450633167
2010-06-16,52472.43050197383,52342.2715243091,52415.82853046394,52342.2715243091
2010-06-17,52640.24256294605,52509.66732390202,52583.45957269159,52509.66732390202
2010-06-18,52683.96879426482,52553.28509137585,52627.13863655737,52553.28509137585
2010-06-21,52235.59072490155,52106.01923333112,52179.24423228193,52106.01923333112
2010-06-22,51832.053900843726,51703.48339093104,51776.1427030942,51703.48339093104
2010-06-23,51619.09114134509,51491.048890077785,51563.40966636484,51491.048890077785
2010-06-24,50834.43565990423,50708.3397632141,50779.60059220454,50708.3397632141
2010-06-25,50844.534641210834,50718.41369378321,50789.68867974757,50718.41369378321
2010-06-28,50664.83073503273,50539.15554695887,50610.17862003856,50539.15554695887
2010-06-29,48710.5648772191,48589.73728708771,48658.02082734309,48589.73728708771
2010-06-30,47969.31143800837,47850.32254276714,47917.566977662456,47850.32254276714
2010-07-01,48834.20781057939,48715.55329882058,48782.60876290255,48715.55329882058
2010-07-02,48696.63194287289,48578.311704938606,48645.17826017841,48578.311704938606
2010-07-06,48845.68625640334,48727.00385498592,48794.075080407034,48727.00385498592
2010-07-07,50405.080008205456,50282.60868274164,50351.82115046813,50282.60868274164
2010-07-08,50680.276875122356,50557.136892351584,50626.7272397336,50557.136892351584
2010-07-09,51161.830021681686,51037.5199891435,51107.77156911575,51037.5199891435
2010-07-12,51310.89436443523,51186.222144045474,51256.67840797042,51186.222144045474
2010-07-13,51975.95722044306,51849.66906909002,51921.03854734674,51849.66906909002
2010-07-14,52239.66561231292,52112.736717679974,52184.468300481676,52112.736717679974
2010-07-15,52285.53927871639,52158.49892292263,52230.29349599546,52158.49892292263
2010-07-16,50840.784561419045,50717.25458642756,50787.06533090161,50717.25458642756
2010-07-19,51276.48911463263,51151.90049011348,51222.30951133509,51151.90049011348
2010-07-20,51895.65824579082,51769.56520020604,51840.82441794554,51769.56520020604
2010-07-21,51184.771869494965,51060.40609419216,51130.68917618566,51060.40609419216
2010-07-22,52480.452214815676,52352.938270930594,52425.000483798794,52352.938270930594
2010-07-23,52812.98615012536,52684.66423466653,52757.18305814346,52684.66423466653
2010-07-26,53248.685688727404,53119.305135925126,53192.422229263924,53119.305135925126
2010-07-27,53225.738826302586,53096.41402844913,53169.499612880994,53096.41402844913
2010-07-28,52801.52776274758,52673.23368821054,52745.73677789106,52673.23368821054
2010-07-29,52411.66177365665,52284.314972775945,52356.28272778021,52284.314972775945
2010-07-30,52526.31083738451,52398.68546889126,52470.81065137351,52398.68546889126
2010-08-02,54512.094170570264,54382.07287448808,54455.552072371866,54382.07287448808
2010-08-03,54278.466399946476,54149.00234874728,54222.16662970391,54149.00234874728
2010-08-04,54827.46484237525,54696.691329668145,54770.59562925372,54696.691329668145
2010-08-05,54698.986170483724,54568.519102863575,54642.25022051771,54568.519102863575
2010-08-06,54617.23816100974,54486.966077315745,54560.58700330954,54486.966077315745
2010-08-09,54991.01705254387,54859.85343795815,54933.97819660696,54859.85343795815
2010-08-10,54512.094170570264,54382.07287448808,54455.552072371866,54382.07287448808
2010-08-11,53028.6765949165,52902.193520558365,52973.67315604697,52902.193520558365
2010-08-12,52608.20279901434,52482.72263141925,52553.63549218155,52482.72263141925
2010-08-13,52234.41879918742,52109.83017466827,52180.23919588987,52109.83017466827
2010-08-16,52327.880124022515,52203.068577181744,52273.603578945585,52203.068577181744
2010-08-17,52993.649031274486,52867.249504050116,52938.681924378136,52867.249504050116
2010-08-18,53203.90636239672,53077.005333053974,53148.721168287906,53077.005333053974
2010-08-19,52397.97611764883,52272.99737906685,52343.62686623737,52272.99737906685
2010-08-20,52468.03635322564,52342.89050819192,52413.6144325693,52342.89050819192
2010-08-23,51954.096124195596,51830.176120430755,51900.20728265391,51830.176120430755
2010-08-24,50984.659643914165,50863.05192313081,50931.77634019852,50863.05192313081
2010-08-25,51475.21410856429,51352.4363258293,51421.82198237294,51352.4363258293
2010-08-26,50856.155430558705,50734.85421578336,50803.40541649119,50734.85421578336
2010-08-27,51475.21410856429,51352.4363258293,51421.82198237294,51352.4363258293
2010-08-30,50937.93408978941,50816.43781798265,50885.099251664935,50816.43781798265
2010-08-31,50762.70432230919,50641.626005487036,50710.051239424,50641.626005487036
2010-09-01,53280.85465987076,53156.15456200659,53226.626580385004,53156.15456200659
2010-09-02,53876.02215630418,53749.92911071939,53821.188328458906,53749.92911071939
2010-09-03,54768.815048727054,54640.632484087655,54713.07255595431,54640.632484087655
2010-09-07,54399.82619413652,54272.50722199338,54344.45925008694,54272.50722199338
2010-09-08,55054.497945881456,54925.64676048775,54998.464691352856,54925.64676048775
2010-09-09,55268.770530690446,55139.417855362575,55212.51919424791,55139.417855362575
2010-09-10,55471.12664652235,55341.30037091895,55414.66935648534,55341.30037091895
2010-09-13,56244.88499846422,56113.247795787174,56187.64019423135,56113.247795787174
2010-09-14,56482.943667483036,56350.749305212485,56425.456572384006,56350.749305212485
2010-09-15,56840.06290684082,56707.032732074746,56782.212343651394,56707.032732074746
2010-09-16,57066.2519606269,56932.692406268034,57008.171187204054,56932.692406268034
2010-09-17,57259.51845005689,57125.506569054625,57201.24097426098,57125.506569054625
2010-09-20,58261.78771911545,58125.43009728872,58202.49015574895,58125.43009728872
2010-09-21,58249.83480833721,58113.50516145858,58190.54941037985,58113.50516145858
2010-09-22,58094.74370860095,57958.7770415476,58035.61615894647,57958.7770415476
2010-09-23,58070.87953481722,57934.968720186385,58011.77627359282,57934.968720186385
2010-09-24,59252.08845948098,59113.41310833053,59191.78298984861,59113.41310833053
2010-09-27,58929.92731937227,58792.00596374152,58869.94973824739,58792.00596374152
2010-09-28,58906.07876350332,58768.21322374245,58846.12545491296,58768.21322374245
2010-09-29,58810.61165642523,58672.96955072283,58750.75551215222,58672.96955072283
2010-09-30,58548.142186605386,58411.114372261145,58488.55317797355,58411.114372261145
2010-10-01,59476.26537314199,59339.40507951265,59416.74921390481,59339.40507951265
2010-10-04,58833.0640022087,58697.683773407516,58774.19147577149,58697.683773407516
2010-10-05,60265.04669116223,60126.37134001177,60204.741221529854,60126.37134001177
2010-10-06,59743.19547762105,59605.720953554606,59683.41220923531,59605.720953554606
2010-10-07,59961.63952785281,59823.66234416797,59901.63766889491,59823.66234416797
2010-10-08,60374.260773820824,60235.33411113748,60313.84601685015,60235.33411113748
2010-10-11,60398.538218259375,60259.55569096932,60338.0991675601,60259.55569096932
2010-10-12,60811.13298936977,60671.201044002264,60750.28106715034,60671.201044002264
2010-10-13,61308.70675847239,61167.6298506276,61247.35692873493,61167.6298506276
2010-10-14,61187.33542119419,61046.537799830374,61126.107044204145,61046.537799830374
2010-10-15,62485.863647851234,62342.077994988285,62423.335871643256,62342.077994988285
2010-10-18,62255.28881785749,62112.03373863998,62192.991771138186,62112.03373863998
2010-10-19,61672.75723064873,61530.84260957151,61611.04310625125,61530.84260957151
2010-10-20,62121.776110874234,61978.828256533176,62059.612666415924,61978.828256533176
2010-10-21,62243.14215318092,62099.91502454309,62180.857261273704,62099.91502454309
2010-10-22,62667.872999024825,62523.6685260983,62605.16309138242,62523.6685260983
2010-10-25,62971.27486736272,62826.37223915479,62908.26135434436,62826.37223915479
2010-10-26,63141.16402871737,62995.870470104484,63077.98051258404,62995.870470104484
2010-10-27,63335.32004456753,63189.57971531139,63271.94224218769,63189.57971531139
2010-10-28,63468.82216160773,63322.77463184355,63405.31076756394,63322.77463184355
2010-10-29,63323.19455977706,63177.48213236375,63259.82889101521,63177.48213236375
2010-11-01,64371.433653712615,64225.60953363849,64308.019413389135,64225.60953363849
2010-11-02,65061.74807259875,64914.360145615334,64997.65378272575,64914.360145615334
2010-11-03,65357.57636361899,65209.518280670694,65293.19064437622,65209.518280670694
2010-11-04,66158.8653857672,66008.99209908726,66093.69029254695,66008.99209908726
2010-11-05,66158.8653857672,66008.99209908726,66093.69029254695,66008.99209908726
2010-11-08,66245.13653568838,66095.06781426648,66179.87645415695,66095.06781426648
2010-11-09,65887.6706275798,65738.41169317908,65822.76269649336,65738.41169317908
2010-11-10,66220.4976243549,66070.4847188029,66155.26181535798,66070.4847188029
2010-11-11,65801.35107115307,65652.28768115219,65736.52817606449,65652.28768115219
2010-11-12,64728.93721132551,64582.303218940746,64665.1707834674,64582.303218940746
2010-11-15,64482.40287847407,64336.3273737618,64418.87931902115,64336.3273737618
2010-11-16,63422.26275705799,63278.5888455927,63359.78357360574,63278.5888455927
2010-11-17,63607.159472821106,63463.066704739605,63544.49814203885,63463.066704739605
2010-11-18,64630.31702398419,64483.90644128948,64566.64774984639,64483.90644128948
2010-11-19,64679.60022515176,64533.077998533074,64615.88240064642,64533.077998533074
2010-11-22,65221.98974152654,65074.23881034942,65157.73759275361,65074.23881034942
2010-11-23,64186.52618094826,64041.12094185877,64123.29409855183,64041.12094185877
2010-11-24,65480.862354796875,65332.5249853676,65416.35518280668,65332.5249853676
2010-11-26,65049.43130618232,64902.07128104174,64985.349149927315,64902.07128104174
2010-11-29,65000.110455510425,64852.862159583296,64936.07688671262,64852.862159583296
2010-11-30,64211.18660628421,64065.72550258799,64147.930230159174,64065.72550258799
2010-12-01,66566.84973019292,66418.31688946906,66502.25755399597,66418.31688946906
2010-12-02,67242.65838794215,67092.61759273152,67177.41045062577,67092.61759273152
2010-12-03,67417.88057889191,67267.44880453948,67352.46261726647,67267.44880453948
2010-12-06,67392.8496174,67242.4736954701,67327.45594420464,67242.4736954701
2010-12-07,67430.40698065073,67279.94725571862,67364.97686421321,67279.94725571862
2010-12-08,67680.69475354404,67529.67655312365,67615.02177399985,67529.67655312365
2010-12-09,67743.26669676736,67592.10887747491,67677.5330014465,67592.10887747491
2010-12-10,68193.8021615959,68041.63904743506,68127.63129572776,68041.63904743506
2010-12-13,67956.00802742281,67804.37551127584,67890.06790164039,67804.37551127584
2010-12-14,68081.15191386947,67929.24015997835,68015.0903565337,67929.24015997835
2010-12-15,67780.81859951165,67629.57698940122,67715.04846624716,67629.57698940122
2010-12-16,68306.41964628373,68154.00524495843,68240.13950367433,68154.00524495843
2010-12-17,68366.62172971485,68214.07299746499,68300.28317088784,68214.07299746499
2010-12-20,68416.77648130803,68264.11583708155,68350.38925554596,68264.11583708155
2010-12-21,68830.57911935732,68676.99514344883,68763.79036621316,68676.99514344883
2010-12-22,68818.06909911781,68664.51303723636,68751.29248489015,68664.51303723636
2010-12-23,68642.50289626273,68489.33858112835,68575.89664015108,68489.33858112835
2010-12-27,68680.12032508422,68526.87207292134,68613.47756744667,68526.87207292134
2010-12-28,68554.72525534162,68401.75680139658,68488.20417298946,68401.75680139658
2010-12-29,68705.2113521469,68551.90711353518,68638.54424779551,68551.90711353518
2010-12-30,68542.17701155707,68389.23655692855,68475.66810521108,68389.23655692855
2010-12-31,68291.38687207186,68139.00601387901,68225.12131629667,68139.00601387901
2011-01-03,70356.97235738915,70202.21315342363,70289.67253519545,70202.21315342363
2011-01-04,70306.07252965916,70151.42528640709,70238.8213955946,70151.42528640709
2011-01-05,70903.94193941097,70747.97960554558,70836.11891454976,70747.97960554558
2011-01-06,71132.90530639535,70976.43933817469,71064.86326708012,70976.43933817469
2011-01-07,71069.3096026008,70912.98352130485,71001.32839562975,70912.98352130485
2011-01-10,71336.4492251859,71179.53553595355,71268.21248633935,71179.53553595355
2011-01-11,71438.22672379413,71281.0891618717,71369.8926298834,71281.0891618717
2011-01-12,71947.02005021521,71788.76333197407,71878.19927105846,71788.76333197407
2011-01-13,71972.46719447373,71814.15450196798,71903.62207390167,71814.15450196798
2011-01-14,72506.72428279217,72347.23642315045,72437.36811966321,72347.23642315045
2011-01-18,72710.24604473097,72550.31051281437,72640.69520326477,72550.31051281437
2011-01-19,71883.41326799478,71725.29646104676,71814.65333177925,71725.29646104676
2011-01-20,71374.61440236075,71217.61676391568,71306.34115668977,71217.61676391568
2011-01-21,70827.61158506127,70671.81714962132,70759.86157384895,70671.81714962132
2011-01-24,71807.10507049685,71649.15611323743,71738.41812673611,71649.15611323743
2011-01-25,71908.8604122533,71750.68763104067,71840.07613462246,71750.68763104067
2011-01-26,72290.48448793706,72131.47227551829,72221.33516855446,72131.47227551829
2011-01-27,72735.6821105636,72575.69062875082,72666.10693827915,72575.69062875082
2011-01-28,70891.22390649465,70735.28954757735,70823.41304704257,70735.28954757735
2011-01-31,71234.67172657768,71077.98191003538,71166.53234279533,71077.98191003538
2011-02-01,73570.00899813384,73410.38127593581,73500.59201325774,73410.38127593581
2011-02-02,73453.969914223,73294.59396655786,73384.66241802907,73294.59396655786
2011-02-03,73582.93030727432,73423.27454920714,73513.50113049647,73423.27454920714
2011-02-04,73995.56987192479,73835.01879367633,73925.75134906953,73835.01879367633
2011-02-07,74343.78820299872,74182.48158183577,74273.64111872354,74182.48158183577
2011-02-08,74833.80961899896,74671.43977922927,74763.20017499747,74671.43977922927
2011-02-09,74704.87730354245,74542.78721325377,74634.38951363228,74542.78721325377
2011-02-10,74820.91638745331,74658.57452263172,74750.31910886096,74658.57452263172
2011-02-11,75362.52757619304,75199.01055641969,75291.4192603423,75199.01055641969
2011-02-14,75543.0721264649,75379.16337212869,75471.79345779668,75379.16337212869
2011-02-15,75439.9094275428,75276.22450934401,75368.7280980432,75276.22450934401
2011-02-16,75929.9533056189,75765.20512007654,75858.30959519891,75765.20512007654
2011-02-17,75904.14438045173,75739.45219354241,75832.5250220441,75739.45219354241
2011-02-18,75736.52675483932,75572.1982544395,75665.0655520489,75572.1982544395
2011-02-22,73544.22815056151,73384.65636607548,73474.83549120514,73384.65636607548
2011-02-23,72938.13395753663,72779.87723929549,72869.31317837987,72779.87723929549
2011-02-24,73324.99267461475,73165.89657390432,73255.80687490033,73165.89657390432
2011-02-25,74343.78820299872,74182.48158183577,74273.64111872354,74182.48158183577
2011-02-28,74498.50136602757,74336.85905767164,74428.20830214133,74336.85905767164
2011-03-01,74298.9175325344,74139.87735735172,74229.75605304119,74139.87735735172
2011-03-02,74691.06954453092,74531.18995032633,74621.54302858448,74531.18995032633
2011-03-03,76168.16559006592,76005.12420533133,76097.26411266303,76005.12420533133
2011-03-04,75776.00219385562,75613.80025251137,75705.46576350302,75613.80025251137
2011-03-07,74756.4035474005,74596.38410282382,74686.81621500544,74596.38410282382
2011-03-08,75057.06632537345,74896.40329859575,74987.19911968759,74896.40329859575
2011-03-09,74547.26984819934,74387.69806371331,74477.87718884299,74387.69806371331
2011-03-10,73383.90565805396,73226.8241069488,73315.59592145412,73226.8241069488
2011-03-11,73841.40305713385,73683.34221226625,73772.6674570351,73683.34221226625
2011-03-14,73579.98166405223,73422.4804034361,73511.48940922576,73422.4804034361
2011-03-15,72534.25055487067,72378.98772873408,72466.73172352147,72378.98772873408
2011-03-16,70782.66403883738,70631.15056243035,70716.77567962604,70631.15056243035
2011-03-17,71436.27159655686,71283.35904377117,71369.77482382886,71283.35904377117
2011-03-18,71275.24758477978,71122.67971113468,71208.9007019729,71122.67971113468
2011-03-21,72649.68648257539,72494.17656064288,72582.06019717692,72494.17656064288
2011-03-22,72518.77940834692,72363.54969889541,72451.27497838363,72363.54969889541
2011-03-23,72924.5754005559,72768.47706652906,72856.6932335794,72768.47706652906
2011-03-24,74220.48029960682,74061.6080228496,74151.3918337625,74061.6080228496
2011-03-25,74403.74906510531,74244.48449331151,74334.4900027114,74244.48449331151
2011-03-28,73997.96445711011,73839.56848552322,73929.08312113238,73839.56848552322
2011-03-29,74717.9078285116,74557.97078575286,74648.35633002853,74557.97078575286
2011-03-30,75071.35920577122,74910.66558444008,75001.47869549374,74910.66558444008
2011-03-31,75176.06551199057,75015.14776210094,75106.08753537992,75015.14776210094
2011-04-01,76215.03544738937,76054.03363862912,76145.02091626757,76054.03363862912
2011-04-04,75963.00156567851,75802.53217037955,75893.21856412239,75802.53217037955
2011-04-05,75764.07723342859,75604.02805937744,75694.47697263706,75604.02805937744
2011-04-06,75949.7414815983,75789.30009780006,75879.97066134687,75789.30009780006
2011-04-07,75896.71268080077,75736.38331863705,75826.9905751711,75736.38331863705
2011-04-08,75538.57505540151,75379.00224744176,75469.18195096921,75379.00224744176
2011-04-11,75286.52963816733,75127.48926803727,75217.36807389774,75127.48926803727
2011-04-12,74769.24216499711,74611.29454800088,74700.5558040739,74611.29454800088
2011-04-13,75405.92807250598,75246.63547702724,75336.65682350886,75246.63547702724
2011-04-14,75273.2695540871,75114.25719545779,75204.12017112222,75114.25719545779
2011-04-15,75140.65140999992,74981.91920293057,75071.62385597761,74981.91920293057
2011-04-18,74610.09808498781,74452.48665473722,74541.5579209151,74452.48665473722
2011-04-19,75074.31638302881,74915.72430656839,75005.34976732114,74915.72430656839
2011-04-20,76772.12624384691,76609.94759871381,76701.59994427055,76609.94759871381
2011-04-21,77382.28044767202,77218.81287142627,77311.19363322819,77218.81287142627
2011-04-25,77581.23938649197,77417.35151589314,77509.9697994924,77417.35151589314
2011-04-26,78018.9432841342,77854.13077814279,77947.27160281056,77854.13077814279
2011-04-27,78549.52544795467,78383.59210422344,78477.3663501888,78383.59210422344
2011-04-28,78430.14431690103,78264.46316196586,78358.09488796712,78264.46316196586
2011-04-29,78363.80352216825,78198.26251002621,78291.8150368475,78198.26251002621
2011-05-02,79217.59077740385,79052.35800142775,79145.73633412151,79052.35800142775
2011-05-03,78841.46377139412,78677.01552457012,78769.95049471827,78677.01552457012
2011-05-04,78720.56267581283,78556.36660560068,78649.15906267043,78556.36660560068
2011-05-05,78290.70574386424,78127.40627317553,78219.69203314418,78127.40627317553
2011-05-06,78545.90828837577,78382.07651388367,78474.66309577675,78382.07651388367
2011-05-09,78841.46377139412,78677.01552457012,78769.95049471827,78677.01552457012
2011-05-10,79513.15210190142,79347.30284140923,79441.02956924374,79347.30284140923
2011-05-11,78935.48822104752,78770.84385716575,78863.8896593432,78770.84385716575
2011-05-12,79405.67472558601,79240.04964238915,79333.64968045558,79240.04964238915
2011-05-13,78465.33092390516,78301.66721841745,78394.15881913433,78301.66721841745
2011-05-16,77108.53054362469,76947.69686478988,77038.5891268237,76947.69686478988
2011-05-17,77323.47361329704,77162.19160424,77253.3372320386,77162.19160424
2011-05-18,77968.273614918,77805.64667611528,77897.55236677972,77805.64667611528
2011-05-19,78196.66376977316,78033.56045269483,78125.73535997713,78033.56045269483
2011-05-20,77605.56448669493,77443.69408991198,77535.17223445549,77443.69408991198
2011-05-23,76463.71885904527,76304.23013432456,76394.36231972116,76304.23013432456
2011-05-24,75993.54987894445,75835.04183698622,75924.61980715088,75835.04183698622
2011-05-25,76289.10536196281,76129.98084767266,76219.90720609241,76129.98084767266
2011-05-26,76759.26850058438,76599.163315716,76689.64388248198,76599.163315716
2011-05-27,77148.83675029768,76987.91900040804,77078.85877368702,76987.91900040804
2011-05-31,78398.16559574197,78234.64198431055,78327.05441339021,78234.64198431055
2011-06-01,77691.78573795651,77531.82068369703,77622.22205816874,77531.82068369703
2011-06-02,77855.09441681577,77694.79311488962,77785.3845136849,77694.79311488962
2011-06-03,76684.75993384031,76526.86831547713,76616.09792492946,76526.86831547713
2011-06-06,76058.76404323167,75902.1613316127,75990.66253859125,75902.1613316127
2011-06-07,75922.66460107912,75766.34211412536,75854.6849571724,75766.34211412536
2011-06-08,75378.3141734636,75223.11248769704,75310.82193010354,75223.11248769704
2011-06-09,75514.4195332405,75358.9376106245,75446.8054238482,75358.9376106245
2011-06-10,74357.67783336971,74204.57760718439,74291.09944748979,74204.57760718439
2011-06-13,74357.67783336971,74204.57760718439,74291.09944748979,74204.57760718439
2011-06-14,75310.28516407251,75155.22354799382,75242.85383253447,75155.22354799382
2011-06-15,73881.3741680183,73729.25463677966,73815.22225496743,73729.25463677966
2011-06-16,73595.58841823286,73444.05731127276,73529.69239205854,73444.05731127276
2011-06-17,73365.09695026287,73214.04041831515,73299.40730156488,73214.04041831515
2011-06-20,73746.9730840508,73595.13028060885,73680.94151105749,73595.13028060885
2011-06-21,75329.13279758944,75174.03237479921,75261.6845902552,75174.03237479921
2011-06-22,74783.56925698461,74629.59213314479,74716.60953639427,74629.59213314479
2011-06-23,75479.16824505829,75323.75890378629,75411.58569896834,75323.75890378629
2011-06-24,74169.79917825856,74017.08578858334,74103.38901518982,74017.08578858334
2011-06-27,75356.40712816386,75201.25054834585,75288.93449993647,75201.25054834585
2011-06-28,76474.82037519662,76317.36101608157,76406.34634199123,76317.36101608157
2011-06-29,76788.51364136067,76630.40839722875,76719.7587334436,76630.40839722875
2011-06-30,77811.44601969775,77651.2345885108,77741.77519847357,77651.2345885108
2011-07-01,79984.13760597404,79821.51102051344,79913.41651149293,79821.51102051344
2011-07-05,80384.65988341445,80221.21894185361,80313.5846515422,80221.21894185361
2011-07-06,80647.11442483698,80483.13985139379,80575.80713354675,80483.13985139379
2011-07-07,81752.04582699222,81585.82466783242,81679.76156751273,81585.82466783242
2011-07-08,81531.03557646812,81365.26378318848,81458.94673182057,81365.26378318848
2011-07-11,80053.18945155278,79890.42246743062,79982.40730218953,79890.42246743062
2011-07-12,79445.46968971331,79283.93834296554,79375.22487947732,79283.93834296554
2011-07-13,79776.95210662152,79614.74677806666,79706.41420327948,79614.74677806666
2011-07-14,78851.55070895237,78691.22693934142,78781.83103534483,78691.22693934142
2011-07-15,79901.23703913068,79738.7790100429,79830.58924441869,79738.7790100429
2011-07-18,79473.09522196342,79311.50770600366,79402.82598553575,79311.50770600366
2011-07-19,81282.4177712637,81117.15147652359,81210.54875174421,81117.15147652359
2011-07-20,80937.1285807537,80772.56434024246,80865.56486213757,80772.56434024246
2011-07-21,81475.80848206097,81310.14897846847,81403.76846860268,81310.14897846847
2011-07-22,82318.32129793327,82150.94876740126,82245.53634391256,82150.94876740126
2011-07-25,82152.5740969559,81985.53856951166,82079.93569478673,81985.53856951166
2011-07-26,82359.75959630843,82192.30281195843,82286.9380030002,82192.30281195843
2011-07-27,80232.73743360867,80069.60538616117,80161.79652989509,80069.60538616117
2011-07-28,80370.85910233593,80207.44622101267,80299.79607296248,80207.44622101267
2011-07-29,80108.43452352972,79945.55521316778,80037.60352708164,79945.55521316778
2011-08-01,80735.21989074264,80573.09880382156,80664.71862138959,80573.09880382156
2011-08-02,78693.41733221423,78535.39630534768,78624.69904768911,78535.39630534768
2011-08-03,79448.59776416625,79289.06029041795,79379.22002545105,79289.06029041795
2011-08-04,75756.55060657214,75604.42698143865,75690.3969132175,75604.42698143865
2011-08-05,75281.0830360419,75129.91417785443,75215.34454025907,75129.91417785443
2011-08-08,70749.9579707397,70607.88787913212,70688.17623718697,70607.88787913212
2011-08-09,74162.28013160058,74013.35789568233,74097.51861990258,74013.35789568233
2011-08-10,71127.52998374854,70984.70170525271,71065.41853899632,70984.70170525271
2011-08-11,74260.19995974489,74111.08109503203,74195.35294048046,74111.08109503203
2011-08-12,74917.45449589686,74767.0158252811,74852.03353530732,74767.0158252811
2011-08-15,76022.29572450723,75869.63846749137,75955.90997173461,75869.63846749137
2011-08-16,75378.9967965305,75227.63132173261,75313.17279847975,75227.63132173261
2011-08-17,74931.4525776622,74780.98579807201,74866.01939337977,74780.98579807201
2011-08-18,71253.42777245633,71110.34668376969,71191.20638864748,71110.34668376969
2011-08-19,69966.78744291276,69826.29000395152,69905.68960563734,69826.29000395152
2011-08-22,70218.52234377107,70077.51940627031,70157.20468136758,70077.51940627031
2011-08-23,73113.4008917729,72966.58486727811,73049.55530397907,72966.58486727811
2011-08-24,73686.7822227917,73538.81481474052,73622.43593515815,73538.81481474052
2011-08-25,72484.09397790577,72338.54163883874,72420.79792643945,72338.54163883874
2011-08-26,74302.14566379506,74152.94256963264,74237.26201584016,74152.94256963264
2011-08-29,76371.92618288695,76218.56684727379,76305.23511861391,76218.56684727379
2011-08-30,76875.36564632492,76720.99537455378,76808.2349582884,76720.99537455378
2011-08-31,77001.24523206554,76846.6221866562,76934.00462086794,76846.6221866562
2011-09-01,77301.67226996766,77148.45340612133,77235.04229236791,77148.45340612133
2011-09-02,75488.15748888277,75338.53317436724,75423.09066568439,75338.53317436724
2011-09-06,75502.33897198363,75352.68654849367,75437.25992509234,75352.68654849367
2011-09-07,77415.01963316512,77261.57610465503,77348.29195609718,77261.57610465503
2011-09-08,77060.81450193237,76908.07303983536,76994.39213106631,76908.07303983536
2011-09-09,75346.47174809758,75197.12826745781,75281.52705055906,75197.12826745781
2011-09-12,76309.91511454573,76158.66200254025,76244.13997947538,76158.66200254025
2011-09-13,77330.02908901586,77176.75401940492,77263.37466932887,77176.75401940492
2011-09-14,78435.12746048176,78279.6619865504,78367.52050409571,78279.6619865504
2011-09-15,79596.9210285836,79439.15277535522,79528.31266721955,79439.15277535522
2011-09-16,80326.52667628175,80167.31227906821,80257.28943320614,80167.31227906821
2011-09-19,80354.90193679043,80195.63129725962,80285.640235732,80195.63129725962
2011-09-20,80000.03291298078,79841.46565575784,79931.07709036474,79841.46565575784
2011-09-21,78608.99969693927,78453.18959260418,78541.24287182618,78453.18959260418
2011-09-22,76053.9722318466,75903.22642164385,75988.41770608573,75903.22642164385
2011-09-23,76863.06057416719,76710.71107813306,76796.80865679057,76710.71107813306
2011-09-26,77757.33002239521,77603.20800392002,77690.30729176766,77603.20800392002
2011-09-27,78566.40607040882,78410.68039047066,78498.68595876257,78410.68039047066
2011-09-28,77402.45485143208,77249.03622744895,77335.73800454543,77249.03622744895
2011-09-29,76479.81628984887,76328.22641843985,76413.89470889744,76328.22641843985
2011-09-30,74506.78287570503,74359.10373389823,74442.56194583046,74359.10373389823
2011-10-03,73590.26154408646,73446.38052540523,73527.69229633786,73446.38052540523
2011-10-04,75101.16403318284,74954.3289525823,75037.31015849882,74954.3289525823
2011-10-05,77029.4545033566,76878.849298947,76963.96112255276,76878.849298947
2011-10-06,78324.53069463951,78171.3934040848,78257.9361906522,78171.3934040848
2011-10-07,77806.48650814295,77654.36207885154,77740.33246508577,77654.36207885154
2011-10-10,80497.4010369088,80340.01542882202,80428.959075664,80340.01542882202
2011-10-11,81044.24865217257,80885.79386739993,80975.34174022364,80885.79386739993
2011-10-12,81447.15390532806,81287.91137477168,81377.90442796252,81287.91137477168
2011-10-13,82195.43856764295,82034.7330179694,82125.55287011132,82034.7330179694
2011-10-14,83720.76769836548,83557.07988032451,83649.58510781736,83557.07988032451
2011-10-17,82425.66034802937,82264.50467705457,82355.57890715737,82264.50467705457
2011-10-18,83447.34700663893,83284.19377084877,83376.39688879359,83284.19377084877
2011-10-19,81835.65744409995,81675.65532547109,81766.0776462048,81675.65532547109
2011-10-20,81432.76465456573,81273.5502573522,81363.52741149014,81273.5502573522
2011-10-21,82454.45754498593,82293.24557077281,82384.35161963847,82293.24557077281
2011-10-24,84166.84693561855,84002.2869595811,84095.28507148552,84002.2869595811
2011-10-25,82512.0020844139,82350.67760119787,82441.84723250379,82350.67760119787
2011-10-26,82411.28979269897,82250.16221851438,82341.22057022133,82250.16221851438
2011-10-27,84684.88489030449,84519.31206518793,84612.88257053982,84519.31206518793
2011-10-28,84814.38814716533,84648.56212196322,84742.27571879128,84648.56212196322
2011-10-31,83389.80246721093,83226.76174042371,83318.90127592828,83226.76174042371
2011-11-01,82216.61351948274,82057.82114678022,82147.55980135316,82057.82114678022
2011-11-02,82915.83073784717,82755.68790376726,82846.18974730825,82755.68790376726
2011-11-03,84634.75681856285,84471.29406726461,84563.67210233418,84471.29406726461
2011-11-04,84197.74684564985,84035.12813118944,84127.02917401468,84035.12813118944
2011-11-07,84794.96794370683,84631.19576218996,84723.74866618447,84631.19576218996
2011-11-08,85770.99031835837,85605.33305666066,85698.95127982834,85605.33305666066
2011-11-09,82755.6133041851,82595.77991250802,82686.1068802384,82595.77991250802
2011-11-10,82711.86373130459,82552.11483712972,82642.39405261587,82552.11483712972
2011-11-11,84270.57237835822,84107.81300936783,84199.79354057193,84107.81300936783
2011-11-14,83746.16419597346,83584.41766387796,83675.82580852027,83584.41766387796
2011-11-15,84678.43699774449,84514.88988297035,84607.3155945416,84514.88988297035
2011-11-16,83280.0088695337,83119.16266533016,83210.06200585094,83119.16266533016
2011-11-17,81328.01458837527,81170.93844705971,81259.70720431968,81170.93844705971
2011-11-18,80701.64813679154,80545.78175358655,80633.86683780006,80545.78175358655
2011-11-21,79157.51847501936,79004.63440891862,79091.03409023846,79004.63440891862
2011-11-22,79419.7194119527,79266.32893349662,79353.01480465452,79266.32893349662
2011-11-23,77627.95518149246,77478.02529915315,77562.75547663223,77478.02529915315
2011-11-25,77030.74039195356,76881.9639644865,76966.042287682,76881.9639644865
2011-11-28,79711.0593938947,79557.10622421339,79644.11009020085,79557.10622421339
2011-11-29,79215.80918207284,79062.81253386391,79149.27583893813,79062.81253386391
2011-11-30,82143.78167825627,81985.12997226797,82074.78913157634,81985.12997226797
2011-12-01,83711.5638212776,83551.81492710272,83642.09414258887,83551.81492710272
2011-12-02,83475.69778745555,83316.3990023977,83406.42384680867,83316.3990023977
2011-12-05,84389.77922858401,84228.73607879637,84319.7467195732,84228.73607879637
2011-12-06,84153.90680999574,83993.31378150932,84084.0700443253,83993.31378150932
2011-12-07,84153.90680999574,83993.31378150932,84084.0700443253,83993.31378150932
2011-12-08,82738.52544884296,82580.63342840082,82669.86326508084,82580.63342840082
2011-12-09,84065.43310443913,83905.00891256239,83995.66976040386,83905.00891256239
2011-12-12,83121.87319765758,82963.24962501212,83052.89288526759,82963.24962501212
2011-12-13,82207.80452606156,82050.92529377747,82139.58277143846,82050.92529377747
2011-12-14,80925.13053086058,80770.69905779835,80857.97322834232,80770.69905779835
2011-12-15,80703.98776794951,80549.97830721411,80637.01398507875,80549.97830721411
2011-12-16,81119.46366039991,80964.6613365122,81052.14508673282,80964.6613365122
2011-12-19,80321.00395080962,80167.72534777754,80254.34799455092,80167.72534777754
2011-12-20,82701.65342390326,82543.83176727875,82633.02183911228,82543.83176727875
2011-12-21,81518.72863140928,81363.1643800806,81451.07871989612,81363.1643800806
2011-12-22,82213.7295891168,82056.83904988505,82145.50291746423,82056.83904988505
2011-12-23,82923.48574156644,82765.24075672035,82854.67006488747,82765.24075672035
2011-12-27,83232.77658695672,83073.94137456888,83163.70423921978,83073.94137456888
2011-12-28,82270.79662962088,82113.7971879126,82202.52259976848,82113.7971879126
2011-12-29,82862.76661478262,82704.63750178166,82794.00132705872,82704.63750178166
2011-12-30,82625.99394415686,82468.31667043087,82557.4251468651,82468.31667043087
2012-01-03,85209.26290713745,85048.56366888512,85139.37995424081,85048.56366888512
2012-01-04,85568.65759132843,85407.28055761101,85498.479886888,85407.28055761101
2012-01-05,86272.47783419544,86109.77344036437,86201.72290334555,86109.77344036437
2012-01-06,86572.01539801701,86408.74609543434,86501.01480644025,86408.74609543434
2012-01-09,86287.47926252763,86124.74657695899,86216.71202850701,86124.74657695899
2012-01-10,86916.42803556615,86752.50919270335,86845.14497972075,86752.50919270335
2012-01-11,87096.109226253,86931.85151611819,87024.67880788202,86931.85151611819
2012-01-12,87440.54770605594,87275.64040690415,87368.83480222225,87275.64040690415
2012-01-13,87126.08624066359,86961.77199579045,87054.63123714524,86961.77199579045
2012-01-17,87919.77938169127,87753.96828214744,87847.67344400806,87753.96828214744
2012-01-18,89087.84925355177,88919.83524868722,89014.78534288476,88919.83524868722
2012-01-19,89641.92009619834,89472.86114904331,89568.40177358975,89472.86114904331
2012-01-20,89507.15274261974,89338.34795810294,89433.74494720387,89338.34795810294
2012-01-23,89537.11037533998,89368.24909263749,89463.67801067229,89368.24909263749
2012-01-24,89372.3918496046,89203.8412155418,89299.0945760829,89203.8412155418
2012-01-25,90495.53496322993,90324.86615284863,90421.31656265435,90324.86615284863
2012-01-26,90181.02181332998,90010.94615470101,90107.06135545792,90010.94615470101
2012-01-27,90450.56944161406,90279.98543334023,90376.38791875954,90279.98543334023
2012-01-30,90525.48613538672,90354.76083900392,90451.24317085785,90354.76083900392
2012-01-31,90645.26498176002,90474.31379010818,90570.92378261214,90474.31379010818
2012-02-01,92378.76232901061,92206.4272425068,92303.8193183059,92206.4272425068
2012-02-02,92666.39173703702,92493.52007007183,92591.21538467171,92493.52007007183
2012-02-03,93938.07698824628,93762.83295795594,93861.86897103734,93762.83295795594
2012-02-06,93862.39947625005,93687.29662441075,93786.25285302874,93687.29662441075
2012-02-07,94059.17929492048,93883.70934499266,93982.87303249548,93883.70934499266
2012-02-08,94558.79978643473,94382.39778092991,94482.08820288503,94382.39778092991
2012-02-09,95240.06720671734,95062.39427836351,95162.80293951738,95062.39427836351
2012-02-10,94573.90655136503,94397.47636378052,94497.1827123313,94397.47636378052
2012-02-13,95451.97991528985,95273.91165803096,95374.54373220807,95273.91165803096
2012-02-14,95694.217184853,95515.69702739808,95616.58448484646,95515.69702739808
2012-02-15,95028.08265447246,94850.80518905,94950.99036143806,94850.80518905
2012-02-16,96330.08593542941,96150.37954757507,96251.93738180696,96150.37954757507
2012-02-17,96027.2583250715,95848.11687033718,95949.35544277297,95848.11687033718
2012-02-21,96299.77443692466,96120.12459599285,96221.6504737481,96120.12459599285
2012-02-22,95860.72469247636,95681.89391075016,95782.95691192088,95681.89391075016
2012-02-23,96496.58691180982,96316.56991186841,96418.30328293695,96316.56991186841
2012-02-24,96829.63458327125,96648.99627386626,96751.08076680788,96648.99627386626
2012-02-27,96965.90896730521,96785.01643434093,96887.2445971565,96785.01643434093
2012-02-28,97949.93868551629,97767.21041842508,97870.47601337862,97767.21041842508
2012-02-29,97510.90200355387,97328.99277129986,97431.79550344023,97328.99277129986
2012-03-01,99282.69297819368,99099.34338945466,99202.96011316698,99099.34338945466
2012-03-02,99206.23910344437,99023.03070534061,99126.56763770382,99023.03070534061
2012-03-05,98181.58036407467,98000.26424702037,98102.73179076899,98000.26424702037
2012-03-06,97218.14806219838,97038.6111567169,97140.07321103281,97038.6111567169
2012-03-07,97967.49895849428,97786.57819471348,97888.82231166746,97786.57819471348
2012-03-08,99022.71813519906,98839.84865310416,98943.19405317819,98839.84865310416
2012-03-09,99435.59413001584,99251.9621721905,99355.73847171536,99251.9621721905
2012-03-12,99481.5139581359,99297.79719820307,99401.62142211436,99297.79719820307
2012-03-13,101331.99066390372,101144.85654961842,101250.61202990286,101144.85654961842
2012-03-14,101683.70619799165,101495.92255561042,101602.04510502069,101495.92255561042
2012-03-15,101974.30745508589,101785.98714695379,101892.41298336467,101785.98714695379
2012-03-16,101902.30701194305,101714.11967010392,101820.47036300488,101714.11967010392
2012-03-19,102622.2850526656,102432.76809663382,102539.8701970912,102432.76809663382
2012-03-20,102806.12270938071,102616.26625249795,102723.56021575752,102616.26625249795
2012-03-21,102821.44251410698,102631.55776548664,102738.86771731304,102631.55776548664
2012-03-22,102606.9850409687,102417.49634012187,102524.58247266946,102417.49634012187
2012-03-23,102545.70582206367,102356.33028816717,102463.35246644735,102356.33028816717
2012-03-26,104338.05699827148,104145.37145292005,104254.26422466472,104145.37145292005
2012-03-27,104491.18247109308,104298.21414239216,104407.26672406275,104298.21414239216
2012-03-28,104077.63351327798,103885.42890309701,103994.04988297661,103885.42890309701
2012-03-29,103679.33838342459,103487.86932186811,103596.0746196667,103487.86932186811
2012-03-30,103480.10834754222,103289.00721260063,103397.0045832876,103289.00721260063
2012-04-02,105552.21456138276,105359.13296825782,105468.2495592813,105359.13296825782
2012-04-03,105521.24868127762,105328.2237325489,105437.30831201025,105328.2237325489
2012-04-04,104082.97047333111,103892.57649780273,104000.17423006105,103892.57649780273
2012-04-05,104732.51461101515,104540.93245561361,104649.20166636546,104540.93245561361
2012-04-09,103943.75389770677,103753.61458436925,103861.06839886887,103753.61458436925
2012-04-10,102273.52799285743,102086.4439434945,102192.17113048815,102086.4439434945
2012-04-11,102768.42257057563,102580.43323434693,102686.67202793702,102580.43323434693
2012-04-12,103943.75389770677,103753.61458436925,103861.06839886887,103753.61458436925
2012-04-13,102366.29907870479,102179.0453276532,102284.86841850521,102179.0453276532
2012-04-16,101221.84038101812,101036.6801332581,101141.32011836307,101036.6801332581
2012-04-17,103278.75013263534,103089.82727872435,103196.59363304926,103089.82727872435
2012-04-18,103015.88984171917,102827.44782550495,102933.94244305031,102827.44782550495
2012-04-19,101855.90490903032,101669.58479750314,101774.88025876343,101669.58479750314
2012-04-20,101577.53836539641,101391.72745640886,101496.73515100862,101391.72745640886
2012-04-23,100649.58771950961,100465.4742660401,100569.52267417166,100465.4742660401
2012-04-24,100108.3142596292,99925.19093168556,100028.6797881772,99925.19093168556
2012-04-25,102768.42257057563,102580.43323434693,102686.67202793702,102580.43323434693
2012-04-26,103371.54786152861,103182.45525719212,103289.31754291814,103182.45525719212
2012-04-27,103990.17940519932,103799.95516791221,103907.45697565512,103799.95516791221
2012-04-30,103247.8108955761,103058.94463732449,103165.67900763001,103058.94463732449
2012-05-01,104417.66679823268,104228.48928213082,104335.39955421444,104228.48928213082
2012-05-02,104714.33326924204,104524.61827104719,104631.8322914725,104524.61827104719
2012-05-03,103605.64548080799,103417.93913506037,103524.01800166784,103417.93913506037
2012-05-04,101029.16043011227,100846.1220017498,100949.56287876953,100846.1220017498
2012-05-07,101122.88209810099,100939.6738705762,101043.21070653976,100939.6738705762
2012-05-08,100748.12992911393,100565.60065455425,100668.75379245619,100565.60065455425
2012-05-09,100435.80058749997,100253.83717206033,100356.67052485392,100253.83717206033
2012-05-10,100232.81543358897,100051.21977418526,100153.84529626687,100051.21977418526
2012-05-11,100217.1996390231,100035.63227135698,100138.24180487175,100035.63227135698
2012-05-14,99280.27886566512,99100.40895351704,99202.0592005636,99100.40895351704
2012-05-15,98952.37408037565,98773.09824597993,98874.41276066541,98773.09824597993
2012-05-16,98280.94199008244,98102.88261511325,98203.50966962404,98102.88261511325
2012-05-17,96204.13546490065,96029.83872045085,96128.33939197031,96029.83872045085
2012-05-18,94954.93915111583,94782.90562383043,94880.12727885884,94782.90562383043
2012-05-21,97609.48972434406,97432.64684535403,97532.58641903305,97432.64684535403
2012-05-22,97500.17916238305,97323.53432555609,97423.36197926717,97323.53432555609
2012-05-23,97687.56197202497,97510.57764653124,97610.59715615882,97510.57764653124
2012-05-24,97047.35474571509,96871.53030835695,96970.89432805782,96871.53030835695
2012-05-25,96922.44183948499,96746.84371165908,96846.07983659655,96746.84371165908
2012-05-29,98156.01563355557,97978.18259248704,98078.68173846301,97978.18259248704
2012-05-30,97328.42559760377,97152.09193333758,97251.74373347037,97152.09193333758
2012-05-31,96906.84622036431,96731.27634772334,96830.49650475102,96731.27634772334
2012-06-01,95330.04780934482,95159.14587845742,95255.72803212599,95159.14587845742
2012-06-04,96055.94630712665,95883.74302941577,95981.06061584527,95883.74302941577
2012-06-05,96450.45813324823,96277.54759865045,96375.26487859413,96277.54759865045
2012-06-06,98659.74338950678,98482.87218222654,98582.82776512946,98482.87218222654
2012-06-07,98265.2247669646,98089.06082875548,98188.61671125855,98089.06082875548
2012-06-08,99212.05450894052,99034.19315176598,99134.7083000802,99034.19315176598
2012-06-11,97539.31267634158,97364.45010932436,97463.27054529512,97364.45010932436
2012-06-12,98722.84135828575,98545.85703279202,98645.8765424196,98545.85703279202
2012-06-13,98044.26633708813,97868.49851975779,97967.8305416679,97868.49851975779
2012-06-14,98407.24277166142,98230.82423218248,98330.52399801582,98230.82423218248
2012-06-15,99629.85087201135,99451.24051484355,99552.178947038,99451.24051484355
2012-06-18,100563.04699427911,100382.76365967286,100484.64754498891,100382.76365967286
2012-06-19,101606.9839936779,101424.82915210168,101527.7706859348,101424.82915210168
2012-06-20,101686.07394011057,101503.77731087276,101606.79897345367,101503.77731087276
2012-06-21,99155.3655647801,98977.60583610821,99078.06355090128,98977.60583610821
2012-06-22,100199.27537849653,100019.64419159152,100121.15952735889,100019.64419159152
2012-06-25,98269.60166182605,98093.42987698513,98192.99019387108,98093.42987698513
2012-06-26,98886.4719804661,98709.19430791208,98809.37959735682,98709.19430791208
2012-06-27,99487.4998427055,99309.14468383385,99409.93889529933,99309.14468383385
2012-06-28,98380.35613179827,98203.98579305742,98303.65831911021,98203.98579305742
2012-06-29,101480.44143866976,101298.51345491526,101401.326784129,101298.51345491526
2012-07-02,102780.64526513158,102598.17855649457,102701.29633639017,102598.17855649457
2012-07-03,103643.16798869405,103459.17004154336,103563.15317335547,103459.17004154336
2012-07-05,103707.03670032472,103522.9253669079,103626.9725769298,103522.9253669079
2012-07-06,102413.27320450764,102231.45869230873,102334.2078951129,102231.45869230873
2012-07-09,102221.61902738683,102040.14475927576,102142.70167925078,102040.14475927576
2012-07-10,101215.36768154094,101035.67981368708,101137.22718167366,101035.67981368708
2012-07-11,100656.36889649836,100477.67342043361,100578.65995604236,100477.67342043361
2012-07-12,99714.02057816087,99536.99805516616,99637.03915142467,99536.99805516616
2012-07-13,101231.35201738747,101051.63577250656,101153.1991772598,101051.63577250656
2012-07-16,100943.85359376737,100764.64774547875,100865.92270877406,100764.64774547875
2012-07-17,101470.9317493457,101290.79017803262,101392.59394837223,101290.79017803262
2012-07-18,102844.57574534215,102661.99554078114,102765.17746085768,102661.99554078114
2012-07-19,103978.55765127383,103793.96428610757,103898.28390770643,103793.96428610757
2012-07-20,102604.9754238573,102422.82058228107,102525.76211611417,102422.82058228107
2012-07-23,101359.13061970207,101179.18752918366,101280.87913167058,101179.18752918366
2012-07-24,100560.51778682355,100381.99247544743,100482.88284554172,100381.99247544743
2012-07-25,99889.69041943517,99712.35602937966,99812.57337170067,99712.35602937966
2012-07-26,101215.36768154094,101035.67981368708,101137.22718167366,101035.67981368708
2012-07-27,103611.1855906499,103427.24442192173,103531.19546642916,103427.24442192173
2012-07-30,103531.33940634824,103347.53998872906,103451.41092514573,103347.53998872906
2012-07-31,103499.40505053292,103315.66232604677,103419.50122335856,103315.66232604677
2012-08-01,104195.64297056592,104012.4389831465,104115.97342289075,104012.4389831465
2012-08-02,103824.70510120207,103642.15332240495,103745.31917817208,103642.15332240495
2012-08-03,105792.20934299871,105606.1981621375,105711.31903678605,105606.1981621375
2012-08-06,106598.5240073035,106411.09510822102,106517.01718083376,106411.09510822102
2012-08-07,107485.52072457028,107296.53224649967,107403.33568713856,107296.53224649967
2012-08-08,107437.1378255081,107248.23441759763,107354.98978236497,107248.23441759763
2012-08-09,107759.67200682424,107570.20149700421,107677.27734922005,107570.20149700421
2012-08-10,107824.15251037243,107634.56862647049,107741.70855001041,107634.56862647049
2012-08-13,108082.19925847852,107892.16165893314,107999.5579917118,107892.16165893314
2012-08-14,108130.58215754069,107940.45948783518,108047.9038964854,107940.45948783518
2012-08-15,108404.75422878022,108214.14949077264,108321.86633165687,108214.14949077264
2012-08-16,109694.89095404475,109502.01780839894,109611.0165990772,109502.01780839894
2012-08-17,110178.70608534267,109984.9822624641,110094.46179808647,109984.9822624641
2012-08-20,110339.95238701516,110145.94504973445,110255.58480842403,110145.94504973445
2012-08-21,109904.54787342684,109711.30609448192,109820.51321164166,109711.30609448192
2012-08-22,110356.09849913417,110162.06277264218,110271.7185749841,110162.06277264218
2012-08-23,109452.9833883958,109260.53558136638,109369.29399957255,109260.53558136638
2012-08-24,110130.3231862805,109936.68443356206,110046.11589331288,109936.68443356206
2012-08-27,110307.73638905757,110113.78569617307,110223.3934433005,110113.78569617307
2012-08-28,110307.73638905757,110113.78569617307,110223.3934433005,110113.78569617307
2012-08-29,110307.73638905757,110113.78569617307,110223.3934433005,110113.78569617307
2012-08-30,109194.9366402897,109002.94254890371,109111.44455787116,109002.94254890371
2012-08-31,109920.64547791285,109727.37539504615,109836.59850765842,109727.37539504615
2012-09-04,110807.43365764254,110614.36210430734,110723.47302152416,110614.36210430734
2012-09-05,110693.56371408999,110500.69056844419,110609.68935912244,110500.69056844419
2012-09-06,113150.88604667407,112953.73124749532,113065.1497376897,112953.73124749532
2012-09-07,112988.15076502615,112791.27951680217,112902.5377632723,112791.27951680217
2012-09-10,111539.8053598096,111345.45771752,111455.28979346715,111345.45771752
2012-09-11,111360.79095579677,111166.75522930479,111276.4110316467,111166.75522930479
2012-09-12,111686.28249734308,111491.67963238891,111601.6559428364,111491.67963238891
2012-09-13,113199.68845001803,113002.4486172318,113113.91516264067,113002.4486172318
2012-09-14,114208.68635563603,114009.68843869859,114122.14853375767,114009.68843869859
2012-09-17,114257.48176622984,114058.39882786912,114170.906971257,114058.39882786912
2012-09-18,114355.14251491905,114155.88941186966,114268.49372077202,114155.88941186966
2012-09-19,114566.67320716078,114367.05153173335,114479.86413268876,114367.05153173335
2012-09-20,114452.7613071073,114253.33811247452,114366.03854557723,114253.33811247452
2012-09-21,114485.36850108823,114285.88849148029,114398.62103254476,114285.88849148029
2012-09-24,113816.28118783976,113617.96700007808,113730.04069788595,113617.96700007808
2012-09-25,112216.92035023801,112021.39289862811,112131.89172260134,112021.39289862811
2012-09-26,111302.95391925027,111109.01896836619,111218.6178191851,111109.01896836619
2012-09-27,112837.05141963906,112640.44344784302,112751.55290837324,112640.44344784302
2012-09-28,111906.85481553749,111711.86762402066,111822.0611297154,111711.86762402066
2012-10-01,112743.34411685192,112548.64130481619,112658.67409855992,112548.64130481619
2012-10-02,113072.65776144396,112877.38623918283,112987.74042928584,112877.38623918283
2012-10-03,113797.14636848443,113600.6236861643,113711.68494688059,113600.6236861643
2012-10-04,114192.35660748236,113995.15141440755,114106.59838380627,113995.15141440755
2012-10-05,113583.09532162358,113386.94229607626,113497.7946519133,113386.94229607626
2012-10-08,112545.74605266286,112351.38448382026,112461.22443010846,112351.38448382026
2012-10-09,110750.93871352903,110559.67669826745,110667.76498757488,110559.67669826745
2012-10-10,110191.13515002414,110000.83989097203,110108.38183538856,110000.83989097203
2012-10-11,109845.30502497128,109655.60699938214,109762.81142804449,109655.60699938214
2012-10-12,109795.93196633611,109606.31920585447,109713.47544847426,109606.31920585447
2012-10-15,110602.77720576417,110411.77105893032,110519.71474879596,110411.77105893032
2012-10-16,112167.0240728862,111973.31654029753,112082.78686975545,111973.31654029753
2012-10-17,112101.18392095945,111907.59009142639,112016.99616364665,111907.59009142639
2012-10-18,110800.33999340377,110608.99266429784,110717.12916719058,110608.99266429784
2012-10-19,108149.30730089683,107962.53818901582,108068.08739475369,107962.53818901582
2012-10-22,108709.1461409512,108521.41021193964,108627.50579699685,108521.41021193964
2012-10-23,107671.79687199047,107485.85239968364,107590.93557519201,107485.85239968364
2012-10-24,107293.0890028336,107107.79854241227,107212.51211486175,107107.79854241227
2012-10-25,107293.0890028336,107107.79854241227,107212.51211486175,107107.79854241227
2012-10-26,107605.90733289448,107420.07664893272,107525.09551900362,107420.07664893272
2012-10-31,106947.27298840052,106762.57973707376,106866.9558075404,106762.57973707376
2012-11-01,109461.83277624061,109274.52342863494,109380.37793887994,109274.52342863494
2012-11-02,108298.61147762965,108113.29261581285,108218.02223880036,108113.29261581285
2012-11-05,109013.20157781756,108826.65992078459,108932.08058450441,108826.65992078459
2012-11-06,109212.60667109033,109025.72379523265,109131.33729263663,109025.72379523265
2012-11-07,106636.80268227743,106454.32748124546,106557.45006046537,106454.32748124546
2012-11-08,104958.4177377683,104778.81456236403,104880.31406793537,104778.81456236403
2012-11-09,105407.12725992019,105226.7562599169,105328.68968775598,105226.7562599169
2012-11-12,105390.48702771241,105210.14450220988,105312.0618381968,105210.14450220988
2012-11-13,104659.31365802864,104480.22230476931,104581.43256325727,104480.22230476931
2012-11-14,103429.5883932985,103252.60132635733,103352.62238526464,103252.60132635733
2012-11-15,103080.60633896945,102904.2164445702,103003.90002215175,102904.2164445702
2012-11-16,103529.2802594264,103352.1226013492,103452.24006677006,103352.1226013492
2012-11-19,105988.70942786972,105807.34323370885,105909.83907763392,105807.34323370885
2012-11-20,106021.97565160728,105840.55253281334,105943.08054667138,105840.55253281334
2012-11-21,106237.99961607087,106056.2068405041,106158.9437592414,106056.2068405041
2012-11-23,107849.9304368337,107665.37935087907,107769.6750791416,107665.37935087907
2012-11-26,108315.2588301764,108129.91148167464,108234.65720340001,108129.91148167464
2012-11-27,107949.62230296161,107764.90062587094,107869.292760647,107764.90062587094
2012-11-28,108880.25060829107,108693.93645484299,108799.228549002,108693.93645484299
2012-11-29,109528.3296220208,109340.90648607006,109446.82530175253,109340.90648607006
2012-11-30,109345.5149185829,109158.40461224559,109264.14663789627,109158.40461224559
2012-12-03,110129.21240510928,109942.47171899216,110048.00486042064,109942.47171899216
2012-12-04,110062.09921771254,109875.47233212471,109980.94116123002,109875.47233212471
2012-12-05,108837.90869197277,108653.35760601814,108757.65333428067,108653.35760601814
2012-12-06,109542.25225246573,109356.50684579567,109461.47752293834,109356.50684579567
2012-12-07,108888.22202582203,108703.58562602306,108807.92956787089,108703.58562602306
2012-12-10,109206.83002680403,109021.6533790962,109126.30263233684,109021.6533790962
2012-12-11,110632.35292916793,110444.75909242326,110550.77437659046,110444.75909242326
2012-12-12,110397.52862894034,110210.33297220607,110316.1232320991,110210.33297220607
2012-12-13,109525.48114118264,109339.7641724607,109444.71877840826,109339.7641724607
2012-12-14,108485.74409729241,108301.79015951128,108405.7484202194,108301.79015951128
2012-12-17,109927.95906971226,109741.5596389725,109846.89992605973,109741.5596389725
2012-12-18,111605.00552792584,111415.7624120328,111522.70975665901,111415.7624120328
2012-12-19,111118.67204298079,110930.25357884614,111036.73488635715,110930.25357884614
2012-12-20,111118.67204298079,110930.25357884614,111036.73488635715,110930.25357884614
2012-12-21,109949.97564425014,109763.53888108833,109868.9002659227,109763.53888108833
2012-12-24,109730.76557916313,109544.70051972156,109649.85184288114,109544.70051972156
2012-12-26,108769.5452160742,108585.11005070155,108689.34026853125,108585.11005070155
2012-12-27,108600.93590748055,108416.78664461536,108520.85528978308,108416.78664461536
2012-12-28,107555.35699834903,107372.98067218807,107476.04737405227,107372.98067218807
2012-12-31,109831.93116431932,109645.69456337327,109750.94283013004,109645.69456337327
2013-01-02,114322.38645242169,114130.23074966305,114238.82409039221,114130.23074966305
2013-01-03,113726.98627662576,113535.83133620907,113643.85911409295,113535.83133620907
2013-01-04,113352.6864802244,113162.16067153467,113269.83290693395,113162.16067153467
2013-01-07,113386.73482231206,113196.15178438401,113303.85636185843,113196.15178438401
2013-01-08,113165.58370023183,112975.37237820822,113082.86688712217,112975.37237820822
2013-01-09,113590.86539782601,113399.93925252056,113507.83773096075,113399.93925252056
2013-01-10,114271.39005331868,114079.32006648334,114187.8649663995,114079.32006648334
2013-01-11,114424.46623808885,114232.1389572731,114340.8292622565,114232.1389572731
2013-01-14,113914.04556288774,113722.57620891019,113830.78167196529,113722.57620891019
2013-01-15,113352.6864802244,113162.16067153467,113269.83290693395,113162.16067153467
2013-01-16,113812.03826677153,113620.740369009,113728.84893666672,113620.740369009
2013-01-17,114356.43479450936,114164.2218625124,114272.84754531669,114164.2218625124
2013-01-18,114101.27157511693,113909.4875273417,114017.87083393881,113909.4875273417
2013-01-22,114288.35985719929,114096.26134712636,114204.82236643744,114096.26134712636
2013-01-23,114985.86881448278,114792.59791527395,114901.8214892273,114792.59791527395
2013-01-24,113403.75536887837,113213.14372242324,113320.86446749239,113213.14372242324
2013-01-25,113982.17124288347,113790.58738169241,113898.85755644056,113790.58738169241
2013-01-28,114237.341711231,114045.328953634,114153.84151147501,114045.328953634
2013-01-29,114254.35500884219,114062.31365490235,114170.8423734524,114062.31365490235
2013-01-30,114016.17609124057,113824.53507391644,113932.8375494256,113824.53507391644
2013-01-31,113760.99112498286,113569.7790284331,113677.839107078,113569.7790284331
2013-02-01,116104.68373459943,115911.212624438,116020.54934401171,115911.212624438
2013-02-04,114079.76638955457,113889.6695016392,113997.09934017425,113889.6695016392
2013-02-05,115761.46984515624,115568.57064966766,115677.58416194622,115568.57064966766
2013-02-06,115383.94845940363,115191.67834690517,115300.33634424188,115191.67834690517
2013-02-07,115486.91481981052,115294.47312925494,115403.22809084589,115294.47312925494
2013-02-08,116670.9036619669,116476.48903088608,116586.35896434422,116476.48903088608
2013-02-11,116705.28427740741,116510.8123561672,116620.71466612893,116510.8123561672
2013-02-12,116224.7819074217,116031.11067159714,116140.56048859139,116031.11067159714
2013-02-13,116636.61078948372,116442.25330235175,116552.09094193457,116442.25330235175
2013-02-14,116602.27404552187,116407.97377544403,116517.77907983738,116407.97377544403
2013-02-15,116259.10402755733,116065.37559904707,116174.8577374594,116065.37559904707
2013-02-19,117099.91553983607,116904.78602455235,117015.05996196516,116904.78602455235
2013-02-20,115298.12122332523,115105.99412909367,115214.5713022281,115105.99412909367
2013-02-21,114062.58339374742,113872.51513872755,113979.92879589647,113872.51513872755
2013-02-22,115212.35248255171,115020.36830911334,115128.864713131,115020.36830911334
2013-02-25,113788.06492796725,113598.45411695934,113705.6092578691,113598.45411695934
2013-02-26,114217.0621820102,114026.73651116781,114134.29564226085,114026.73651116781
2013-02-27,115383.94845940363,115191.67834690517,115300.33634424188,115191.67834690517
2013-02-28,115143.65705888868,114951.7873561112,115060.21906909288,114951.7873561112
2013-03-01,116623.89607841294,116431.22562929876,116540.10986967635,116431.22562929876
2013-03-04,117143.15704999148,116949.62874714435,117058.99778813614,116949.62874714435
2013-03-05,118873.93107852752,118677.54342163196,118788.52837515711,118677.54342163196
2013-03-06,118579.80340929684,118383.901670914,118494.61201632781,118383.901670914
2013-03-07,118891.27001562441,118694.85371364917,118805.8548554261,118694.85371364917
2013-03-08,119029.7528832843,118833.10779838203,118944.23823271699,118833.10779838203
2013-03-11,119375.9047389384,119178.68778810013,119290.1414021875,119178.68778810013
2013-03-12,118943.16882479108,118746.66678252412,118857.71637888544,118746.66678252412
2013-03-13,118787.45764702556,118591.21285000216,118702.11706883898,118591.21285000216
2013-03-14,119185.54518751008,118988.64272333792,119099.91861093996,118988.64272333792
2013-03-15,118854.20997355213,118657.8548972364,118768.82143843261,118657.8548972364
2013-03-18,118593.90466311618,118397.9796285222,118508.7031393709,118397.9796285222
2013-03-19,118368.40997926352,118172.85747691612,118283.37045786328,118172.85747691612
2013-03-20,119201.13621814507,119004.20799655118,119115.49844049702,119004.20799655118
2013-03-21,117847.93948591388,117653.24683551,117763.27388659018,117653.24683551
2013-03-22,118992.95834599105,118796.37404811669,118907.47012975569,118796.37404811669
2013-03-25,118559.25628945339,118363.38849628196,118474.07965816984,118363.38849628196
2013-03-26,119201.13621814507,119004.20799655118,119115.49844049702,119004.20799655118
2013-03-27,119357.32677953939,119160.14052072824,119271.57678976827,119160.14052072824
2013-03-28,119652.24358797439,119454.57010693997,119566.28172085992,119454.57010693997
2013-04-01,119836.48999996799,119640.16370275826,119751.11397996012,119640.16370275826
2013-04-02,120781.21948631534,120583.34545317042,120695.17040550998,120583.34545317042
2013-04-03,119679.05987616064,119482.99149432607,119593.79601529062,119482.99149432607
2013-04-04,119714.06665964331,119517.94092672829,119628.77785862486,119517.94092672829
2013-04-05,118716.89021406083,118522.39814013586,118632.31183902506,118522.39814013586
2013-04-08,119346.66276951636,119151.1389488013,119261.63572083958,119151.1389488013
2013-04-09,120151.37999628334,119954.53781958645,120065.77963680572,119954.53781958645
2013-04-10,122495.60735572086,122294.92466702886,122408.33688055525,122294.92466702886
2013-04-11,122443.1827080112,122242.58590582144,122355.9495821352,122242.58590582144
2013-04-12,122355.73640246855,122155.2828622299,122268.56557662763,122155.2828622299
2013-04-15,119941.45829018988,119744.96002502828,119856.00748682642,119744.96002502828
2013-04-16,121533.48975384717,121334.3832877753,121446.90472742615,121334.3832877753
2013-04-17,119154.3076711531,118959.09898286732,119069.41766347883,118959.09898286732
2013-04-18,117509.79206238488,117317.27755898528,117426.07366944595,117317.27755898528
2013-04-19,119119.21907874367,118924.06787556464,119034.35406950157,118924.06787556464
2013-04-22,120343.85408944917,120146.69658537561,120258.11660419266,120146.69658537561
2013-04-23,121498.46809601418,121299.41900539119,121411.90802033863,121299.41900539119
2013-04-24,121445.98395090323,121247.02084425617,121359.46126690548,121247.02084425617
2013-04-25,122093.30080256349,121893.27720657292,122006.31694570865,121893.27720657292
2013-04-26,121708.44929950892,121509.05619987694,121621.73962533103,121509.05619987694
2013-04-29,122828.04164824093,122626.81433750837,122740.53433438946,122626.81433750837
2013-04-30,123720.26467795185,123517.57565181267,123632.12171087625,123517.57565181267
2013-05-01,124142.64660887963,123940.90339429148,124054.91494496133,123940.90339429148
2013-05-02,125712.31903728098,125508.0249606788,125623.47808515502,125508.0249606788
2013-05-03,127193.7602772996,126987.05872247662,127103.87238998633,126987.05872247662
2013-05-06,127687.59401744368,127480.0899373892,127597.35713760523,127480.0899373892
2013-05-07,127617.042055965,127409.65262933455,127526.85503522928,127409.65262933455
2013-05-08,128234.33048236923,128025.93790529153,128143.70722362632,128025.93790529153
2013-05-09,128057.9730713276,127849.86709125737,127967.47444444598,127849.86709125737
2013-05-10,128833.92468676607,128624.55771397869,128742.87769453056,128624.55771397869
2013-05-13,128992.69284152407,128783.06785588784,128901.53364776254,128783.06785588784
2013-05-14,129662.8390073996,129452.12497262965,129571.20622104272,129452.12497262965
2013-05-15,129927.42760682396,129716.28359125329,129835.60783558544,129716.28359125329
2013-05-16,129786.29369365977,129575.37903367405,129694.57366182086,129575.37903367405
2013-05-17,131038.48979295869,130825.54019918294,130945.88483357598,130825.54019918294
2013-05-20,130844.51313542662,130631.87877155385,130752.0452594346,130631.87877155385
2013-05-21,130985.51209266024,130772.64859251832,130892.94457264204,130772.64859251832
2013-05-22,129839.22640864804,129628.22572813375,129747.46896923575,129628.22572813375
2013-05-23,129539.38432113943,129328.87091158525,129447.83878026459,129328.87091158525
2013-05-24,129468.84735476413,129258.44857426558,129377.351662395,129258.44857426558
2013-05-28,130315.41091209489,130103.63638798143,130223.31695288091,130103.63638798143
2013-05-29,129698.12248569065,129487.35111202447,129606.46476448387,129487.35111202447
2013-05-30,130385.90289316,130174.01381309619,130293.75911723144,130174.01381309619
2013-05-31,129186.62451374596,128976.68437131202,129095.32826838487,128976.68437131202
2013-06-03,130415.64471995567,130205.33191124884,130324.18641396581,130205.33191124884
2013-06-04,129740.2916502755,129531.06793943924,129649.30695807507,129531.06793943924
2013-06-05,128051.84097686237,127845.34012036042,127962.04036682226,127845.34012036042
2013-06-06,128673.94310752406,128466.43902746958,128583.7062276856,128466.43902746958
2013-06-07,130433.4151808767,130223.07371490597,130341.94441276042,130223.07371490597
2013-06-10,130486.72656363982,130276.29912587735,130395.21840914425,130276.29912587735
2013-06-11,129189.27136329796,128980.93624695859,129098.67309239018,128980.93624695859
2013-06-12,127696.46198031395,127490.5342203533,127606.91059160828,127490.5342203533
2013-06-13,129313.78547723447,129105.24956510038,129223.09988666532,129105.24956510038
2013-06-14,128460.68246553547,128253.52229701629,128370.59514181117,128253.52229701629
2013-06-17,129704.73561749727,129495.56924555724,129613.77586014675,129495.56924555724
2013-06-18,130771.11438212103,130560.22833066237,130679.40679121445,130560.22833066237
2013-06-19,129313.78547723447,129105.24956510038,129223.09988666532,129105.24956510038
2013-06-20,126239.095298087,126035.51773837197,126150.56593621138,126035.51773837197
2013-06-21,125568.72128187068,125366.22479063127,125480.66204205775,125366.22479063127
2013-06-24,124320.70150916757,124120.21761805972,124233.51748470552,124120.21761805972
2013-06-25,125229.95675962727,125028.0065718495,125142.13508969638,125028.0065718495
2013-06-26,126353.1979770111,126149.43641134391,126264.58859683902,126149.43641134391
2013-06-27,126888.13267244917,126683.50845246993,126799.1481515402,126683.50845246993
2013-06-28,127066.38127536119,126861.46960547972,126977.2717516943,126861.46960547972
2013-07-01,128850.50517219807,128644.32851317828,128760.84554526168,128644.32851317828
2013-07-02,128904.40093112862,128698.13803226447,128814.70380124543,128698.13803226447
2013-07-03,129425.47956564896,129218.38287686827,129335.41984723022,129218.38287686827
2013-07-05,130413.74107575908,130205.06304698972,130322.99368321603,130205.06304698972
2013-07-08,130539.5181520539,130330.6388644898,130448.68323850562,130330.6388644898
2013-07-09,131330.13649759762,131119.99212342149,131238.75143839166,131119.99212342149
2013-07-10,132084.85987173716,131873.50784731895,131992.9496441116,131873.50784731895
2013-07-11,134708.1929154946,134492.64323549301,134614.45726187076,134492.64323549301
2013-07-12,135301.16809647187,135084.66958323497,135207.019825657,135084.66958323497
2013-07-15,135606.57232071407,135389.5851231486,135512.21153673306,135389.5851231486
2013-07-16,135426.8233400254,135210.12376294113,135332.58763298165,135210.12376294113
2013-07-17,135768.335742969,135551.08970402836,135673.8623971624,135551.08970402836
2013-07-18,135426.8233400254,135210.12376294113,135332.58763298165,135210.12376294113
2013-07-19,134025.320400534,133810.86340056098,133932.05991846538,133810.86340056098
2013-07-22,134420.60672966685,134205.51722294046,134327.07119066498,134205.51722294046
2013-07-23,133432.40613592736,133218.89787171598,133339.55822866163,133218.89787171598
2013-07-24,133863.64835283504,133649.45004802666,133770.50036900974,133649.45004802666
2013-07-25,134708.1929154946,134492.64323549301,134614.45726187076,134492.64323549301
2013-07-26,135426.8233400254,135210.12376294113,135332.58763298165,135210.12376294113
2013-07-29,135175.34533289907,134959.04815156217,135081.28461488054,134959.04815156217
2013-07-30,135894.11281926383,135676.66552152843,135799.551952452,135676.66552152843
2013-07-31,136145.60605548281,135927.75633763164,136050.87018904867,135927.75633763164
2013-08-01,138528.86921379148,138308.8056248298,138433.1706057027,138308.8056248298
2013-08-02,139307.11827177482,139085.81837530716,139210.88203314002,139085.81837530716
2013-08-05,139397.62305046569,139176.17938031006,139301.32428925784,139176.17938031006
2013-08-06,138565.0864650608,138344.96534225554,138469.36283734578,138344.96534225554
2013-08-07,138311.7037643124,138091.9851590966,138216.15517860785,138091.9851590966
2013-08-08,138999.4787231909,138778.66753542025,138903.4550083193,138778.66753542025
2013-08-09,138438.4104544796,138218.49056610066,138342.77433717277,138218.49056610066
2013-08-12,138764.1509588017,138543.71360698817,138668.28981321707,138543.71360698817
2013-08-13,139542.36933719905,139320.69572661637,139445.9705822625,139320.69572661637
2013-08-14,139017.5489993431,138796.70910557167,138921.51280115094,138796.70910557167
2013-08-15,136664.71620944786,136447.6139685636,136570.30539681137,136447.6139685636
2013-08-16,136610.42868202634,136393.41268098642,136516.05537233662,136393.41268098642
2013-08-19,136375.10091763712,136158.45875255435,136280.8901772344,136158.45875255435
2013-08-20,136972.38643761777,136754.79543929966,136877.76308002401,136754.79543929966
2013-08-21,136501.7769282183,136284.93352870925,136407.47867740743,136284.93352870925
2013-08-22,137841.09425491298,137622.1232485062,137745.87077599126,137622.1232485062
2013-08-23,138764.1509588017,138543.71360698817,138668.28981321707,138543.71360698817
2013-08-26,138836.57012154738,138616.01772641504,138740.65894730727,138616.01772641504
2013-08-27,135995.05754610052,135779.01910866512,135901.10934751944,135779.01910866512
2013-08-28,136519.8932237495,136303.0210451344,136425.58245782694,136303.0210451344
2013-08-29,137479.12115952856,137260.72517476836,137384.14773910795,137260.72517476836
2013-08-30,136592.29704670218,136375.3098491367,136497.93626272117,136375.3098491367
2013-09-03,138370.26153445154,138152.03800501165,138275.36310932745,138152.03800501165
2013-09-04,139846.9389384365,139626.3865433042,139751.0277641964,139626.3865433042
2013-09-05,140083.91747064798,139862.9913370322,139987.84376950905,139862.9913370322
2013-09-06,140248.01162283457,140026.82669658045,140151.82538106415,140026.82669658045
2013-09-09,141888.73682472587,141664.96431324622,141791.42532499903,141664.96431324622
2013-09-10,142581.50154349103,142356.63647382494,142483.71492519416,142356.63647382494
2013-09-11,142308.0421927002,142083.6083953612,142210.44312092845,142083.6083953612
2013-09-12,142216.9096776723,141992.6196052844,142119.3731072795,141992.6196052844
2013-09-13,142308.0421927002,142083.6083953612,142210.44312092845,142083.6083953612
2013-09-16,141925.20219187846,141701.37217092363,141827.8656831224,141701.37217092363
2013-09-17,142873.20902928486,142647.8839081857,142775.22234935127,142647.8839081857
2013-09-18,144586.88041690807,144358.85266726458,144487.7184503626,144358.85266726458
2013-09-19,144933.25505057728,144704.68103402478,144833.85553004532,144704.68103402478
2013-09-20,144435.90452604037,144208.1148802452,144336.84610323407,144208.1148802452
2013-09-23,144143.30085749444,143915.97267650082,144044.4431109536,143915.97267650082
2013-09-24,144143.30085749444,143915.97267650082,144044.4431109536,143915.97267650082
2013-09-25,143649.62777252632,143423.07816260567,143551.10860161413,143423.07816260567
2013-09-26,144765.05081887264,144536.74207695865,144665.76665778647,144536.74207695865
2013-09-27,144582.22953745344,144354.2091227049,144483.0707606189,144354.2091227049
2013-09-30,144234.74240105756,144007.27000774437,144135.82194119683,144007.27000774437
2013-10-01,146697.29086806573,146467.51141879754,146597.3671434454,146467.51141879754
2013-10-02,146642.0308187812,146412.33792614684,146542.14473486925,146412.33792614684
2013-10-03,144929.85606539992,144702.8450394146,144831.1362394164,144702.8450394146
2013-10-04,146181.74821232498,145952.77628381472,146082.17565262428,145952.77628381472
2013-10-07,144966.63386847105,144739.56523553684,144867.88899107013,144739.56523553684
2013-10-08,142168.19154155525,141945.5062515777,142071.3528396453,141945.5062515777
2013-10-09,141726.37562386613,141504.38237269613,141629.8378674735,141504.38237269613
2013-10-10,144727.34478681406,144500.65096457387,144628.762902582,144500.65096457387
2013-10-11,145868.7946224016,145640.31288906204,145769.4352328839,145640.31288906204
2013-10-14,146899.78658920527,146669.68996056035,146799.72493343052,146669.68996056035
2013-10-15,146329.0616714115,146099.85899831625,146229.38876827958,146099.85899831625
2013-10-16,147986.02304784718,147754.22499163146,147885.22149570403,147754.22499163146
2013-10-17,148832.87708015426,148599.75255327232,148731.49868839385,148599.75255327232
2013-10-18,151244.7790961118,151007.8766840785,151141.75782307237,151007.8766840785
2013-10-21,151576.18381735598,151338.76230920386,151472.93680603665,151338.76230920386
2013-10-22,151797.0839974774,151559.31648210567,151693.6865186979,151559.31648210567
2013-10-23,150876.53434201126,150640.20873051934,150773.7639010573,150640.20873051934
2013-10-24,151539.35934194594,151301.99551384794,151436.13741383515,151301.99551384794
2013-10-25,152625.56468569522,152386.4994787633,152521.60288241014,152386.4994787633
2013-10-28,152662.34248876636,152423.21967488553,152558.35563406386,152423.21967488553
2013-10-29,152920.12937408304,152680.60277545484,152815.9669263237,152680.60277545484
2013-10-30,152772.89370222806,152533.5977263427,152668.8315449147,152533.5977263427
2013-10-31,152423.05340710937,152184.30540392257,152319.22954557574,152184.30540392257
2013-11-01,153459.59352993875,153220.78782232938,153355.74457459952,153220.78782232938
2013-11-04,153681.97350126048,153442.8217376947,153577.974057267,153442.8217376947
2013-11-05,153848.80937299217,153609.3979882617,153744.69702806763,153609.3979882617
2013-11-06,153811.66513723586,153572.31155440168,153707.5779285051,153572.31155440168
2013-11-07,150920.74116951192,150685.88628974266,150818.6103026892,150685.88628974266
2013-11-08,152959.17987149517,152721.1528811693,152855.66955536688,152721.1528811693
2013-11-11,152718.36871742253,152480.7164646854,152615.02136267198,152480.7164646854
2013-11-12,152959.17987149517,152721.1528811693,152855.66955536688,152721.1528811693
2013-11-13,154812.3358595372,154571.4250858202,154707.571478355,154571.4250858202
2013-11-14,155294.25569739557,155052.59498550105,155189.16519211404,155052.59498550105
2013-11-15,155590.67358889256,155348.55160714392,155485.382492122,155348.55160714392
2013-11-18,154071.12670647958,153831.3693632664,153966.863915289,153831.3693632664
2013-11-19,153626.35110437754,153387.2858974456,153522.38930109245,153387.2858974456
2013-11-20,153255.6760602851,153017.18767826297,153151.96509968254,153017.18767826297
2013-11-21,154812.3358595372,154571.4250858202,154707.571478355,154571.4250858202
2013-11-22,155646.24900739978,155404.04054212253,155540.92030171197,155404.04054212253
2013-11-25,156016.95537040939,155774.1700314855,155911.37580084495,155774.1700314855
2013-11-26,156832.2964003938,156588.2422708578,156726.16507442066,156588.2422708578
2013-11-27,157925.63979858288,157679.88426584454,157818.7685868384,157679.88426584454
2013-11-29,158870.7507618356,158623.5244973746,158763.23997595988,158623.5244973746
2013-12-02,159407.2127480385,159160.70735022792,159300.01544398585,159160.70735022792
2013-12-03,159276.68687782396,159030.38332365023,159169.57734910565,159030.38332365023
2013-12-04,159425.8547985593,159179.32057290585,159318.6449582009,159179.32057290585
2013-12-05,159220.68193483923,158974.46498603618,159113.6100680234,158974.46498603618
2013-12-06,160376.91454080955,160128.90960780188,160269.06513691696,160128.90960780188
2013-12-09,161029.5911667357,160780.57694243852,160921.30285438025,160780.57694243852
2013-12-10,160917.77038017983,160668.92907420293,160809.55726446476,160668.92907420293
2013-12-11,158847.79364956976,158602.15333072914,158740.9725406601,158602.15333072914
2013-12-12,158437.4794386985,158192.47362482184,158330.9342556799,158192.47362482184
2013-12-13,158232.40112468522,157987.7124414484,158125.9938516269,157987.7124414484
2013-12-16,159108.84538999887,158862.80138388454,159001.8487304205,158862.80138388454
2013-12-17,158791.78870658504,158546.2349931151,158685.00525957783,158546.2349931151
2013-12-18,160637.96628123868,160389.55766095727,160529.94132667736,160389.55766095727
2013-12-19,160190.44676074813,159942.7301792743,160082.7227517042,159942.7301792743
2013-12-20,161821.68133531406,161571.44223230064,161712.86036242728,161571.44223230064
2013-12-23,163524.19063051025,163271.31878758591,163414.22476334032,163271.31878758591
2013-12-24,163598.94793200702,163345.9604852902,163488.93179244953,163345.9604852902
2013-12-26,164141.5056660994,163887.6792146238,164031.12467023844,163887.6792146238
2013-12-27,163729.9150341866,163476.7250615171,163619.81082257742,163476.7250615171
2013-12-30,163486.74894662402,163233.9350030696,163376.80825803604,163233.9350030696
2013-12-31,164553.08053972776,164298.61763381446,164442.42277021203,164298.61763381446
2014-01-02,164261.95651612416,164009.48972510514,164152.1667930575,164009.48972510514
2014-01-03,163076.2094679454,162825.56514244768,162967.21227677597,162825.56514244768
2014-01-06,162473.82307776908,162224.10460608505,162365.2285107761,162224.10460608505
2014-01-07,163979.5987958881,163727.56598209095,163869.99779561863,163727.56598209095
2014-01-08,164337.21914164838,164084.6366737316,164227.379114403,164084.6366737316
2014-01-09,163791.38674035872,163539.64320409545,163681.91153762568,163539.64320409545
2014-01-10,164318.39952157313,164065.8459789729,164208.5720730217,164065.8459789729
2014-01-13,161890.31972677528,161641.4980861147,161782.11516287658,161641.4980861147
2014-01-14,164977.19720764476,164723.63110838647,164866.92943062625,164723.63110838647
2014-01-15,166332.36840083127,166076.71943509753,166221.19485187894,166076.71943509753
2014-01-16,166351.21973046014,166095.541790673,166240.0335816198,166095.541790673
2014-01-17,165410.08017892926,165155.8487486536,165299.52307075614,165155.8487486536
2014-01-21,166671.20083606994,166415.03109279624,166559.80081764155,166415.03109279624
2014-01-22,167104.05209780083,166847.2170722466,166992.3627694119,166847.2170722466
2014-01-23,166539.5110598736,166283.54372071044,166428.1990605116,166283.54372071044
2014-01-24,163264.3422495907,163013.40876840122,163155.21931387013,163013.40876840122
2014-01-27,161683.27219639387,161434.7687829521,161575.20601932253,161434.7687829521
2014-01-28,161589.1899507944,161340.83113956693,161481.1866565957,161340.83113956693
2014-01-29,159857.5470822187,159611.84976563975,159750.70118681778,159611.84976563975
2014-01-30,162812.56038434687,162562.32128133345,162703.7394114601,162562.32128133345
2014-01-31,162379.66155828556,162130.08781065795,162271.12992715044,162130.08781065795
2014-02-03,159652.63293960723,159408.78708697142,159546.59218658865,159408.78708697142
2014-02-04,160826.92933776844,160581.28992055941,160720.10862094947,160581.28992055941
2014-02-05,160410.28880977217,160165.28574952716,160303.7448242198,160165.28574952716
2014-02-06,162455.80649428413,162207.67920743118,162347.90388262217,162207.67920743118
2014-02-07,165353.79871549553,165101.24517289532,165243.9712669441,165101.24517289532
2014-02-10,166300.8685532017,166046.86850108998,166190.41206398304,166046.86850108998
2014-02-11,168194.9444098918,167938.0514362308,168083.22988172682,167938.0514362308
2014-02-12,168516.94177283967,168259.55699569214,168405.01337508665,168259.55699569214
2014-02-13,169767.02290363403,169507.72881191026,169654.2642061108,169507.72881191026
2014-02-14,170107.94251771935,169848.12772156094,169994.9573825112,169848.12772156094
2014-02-18,170941.35121115635,170680.26350612254,170827.81252863863,170680.26350612254
2014-02-19,169767.02290363403,169507.72881191026,169654.2642061108,169507.72881191026
2014-02-20,170562.555185435,170302.04603546896,170449.26809799008,170302.04603546896
2014-02-21,170335.24885157717,170075.08687851494,170222.11274025065,170075.08687851494
2014-02-24,171244.4422776473,170982.8916457067,171130.7022830414,170982.8916457067
2014-02-25,171055.02831010608,170793.76698006774,170941.4141236336,170793.76698006774
2014-02-26,170903.5067088814,170642.47680574388,170789.99316255748,170642.47680574388
2014-02-27,172012.34105272812,171749.6175686516,171898.0910222847,171749.6175686516
2014-02-28,171822.16126052028,171559.7282480303,171708.03754686855,171559.7282480303
2014-03-03,171547.4971958952,171287.01058671926,171434.21991071815,171287.01058671926
2014-03-04,173728.49600747964,173464.6976566908,173613.7785519218,173464.6976566908
2014-03-05,174206.66823759943,173942.14380531793,174091.6350324506,173942.14380531793
2014-03-06,174053.6807268687,173789.3885987512,173938.7485433621,173789.3885987512
2014-03-07,173192.7428281831,172929.75799278397,173078.37914441834,172929.75799278397
2014-03-10,173345.85872453073,173082.64139002023,173231.39393434738,173082.64139002023
2014-03-11,172599.6815191458,172337.59721877016,172485.70944922633,172337.59721877016
2014-03-12,173250.21143994507,172987.13934122786,173135.80980815756,172987.13934122786
2014-03-13,170801.43232792508,170542.07858230502,170688.64768883254,170542.07858230502
2014-03-14,169634.4231185654,169376.8414202022,169522.4090860814,169376.8414202022
2014-03-17,171126.61704731415,170866.7695243654,171013.61768027284,170866.7695243654
2014-03-18,173192.7428281831,172929.75799278397,173078.37914441834,172929.75799278397
2014-03-19,172255.3833910417,171993.82189078498,172141.63867015313,171993.82189078498
2014-03-20,172733.63586217203,172471.34815858054,172619.57533870725,172471.34815858054
2014-03-21,170655.0566764644,170395.92519521856,170542.368693031,170395.92519521856
2014-03-24,169159.50867347428,168902.64810981412,169047.80823938086,168902.64810981412
2014-03-25,169715.48258743153,169457.77780417036,169603.41502926676,169457.77780417036
2014-03-26,167529.6372188094,167275.25153642445,167419.0130313333,167275.25153642445
2014-03-27,166590.06312977654,166337.10414537622,166480.05936756908,166337.10414537622
2014-03-28,166916.0502592712,166662.59627912112,166805.83123926265,166662.59627912112
2014-03-31,168104.85292709855,167849.59380737497,167993.8489096926,167849.59380737497
2014-04-01,172057.48639843013,171797.74339164203,171944.53248212032,171797.74339164203
2014-04-02,172501.05218028044,172240.63955363273,172387.80706773588,172240.63955363273
2014-04-03,171131.64633933752,170873.3010077438,171019.30022721417,170873.3010077438
2014-04-04,166580.05673855523,166328.58261956216,166470.69869676587,166328.58261956216
2014-04-07,164998.48056256952,164749.39403716516,164890.16080877773,164749.39403716516
2014-04-08,166522.13927338988,166270.75258829384,166412.8192538026,166270.75258829384
2014-04-09,169376.5598977268,169120.86409588656,169265.36598125153,169120.86409588656
2014-04-10,164130.55796864224,163882.7816845353,164022.8079968349,163882.7816845353
2014-04-11,162221.1863731713,161976.2925321923,162114.68988358037,161976.2925321923
2014-04-14,163494.07924749673,163247.263810257,163386.74711722424,163247.263810257
2014-04-15,164034.1902799474,163786.55947531792,163926.50357250634,163786.55947531792
2014-04-16,166213.56896566943,165962.6481073224,166104.45151921883,165962.6481073224
2014-04-17,166252.1644671216,166001.1853438783,166143.02168313332,166001.1853438783
2014-04-21,167486.47798198625,167233.63550301004,167376.52488425706,167233.63550301004
2014-04-22,168817.2560374942,168562.40457709707,168706.42929807553,168562.40457709707
2014-04-23,167332.2089701174,167079.5993801473,167222.35714835956,167079.5993801473
2014-04-24,168933.0102578679,168677.98405151884,168822.10752703034,168677.98405151884
2014-04-25,166232.89092938261,165981.9409020348,166123.7607982676,165981.9409020348
2014-04-28,166772.8889678934,166521.12374373485,166663.4043337892,166521.12374373485
2014-04-29,168103.68316539278,167849.90893544487,167993.324879002,167849.90893544487
2014-04-30,168547.2328052517,168292.78897981258,168436.5833332232,168292.78897981258
2014-05-01,170048.4322842318,169793.23138066762,169937.45358316944,169793.23138066762
2014-05-02,169737.9884781344,169483.25347442453,169627.21238199988,169483.25347442453
2014-05-05,170630.4312037333,170374.35686283052,170519.07267274108,170374.35686283052
2014-05-06,168418.7930922577,168166.03787659956,168308.87794255125,168166.03787659956
2014-05-07,167933.73174911487,167681.70449131785,167824.13316497198,167681.70449131785
2014-05-08,167778.5666771411,167526.77228398176,167669.06935837245,167526.77228398176
2014-05-09,168399.40557698594,168146.6794572233,168289.50308015276,168146.6794572233
2014-05-12,171173.68756759126,170916.797932404,171061.97449122163,170916.797932404
2014-05-13,171290.09384647154,171033.0295140692,171178.3047998771,171033.0295140692
2014-05-14,170397.65112087264,170141.92612566322,170286.44450913594,170141.92612566322
2014-05-15,169058.98703247434,168805.27104305424,168948.65407302417,168805.27104305424
2014-05-16,170164.85480056205,169909.4791754144,170053.80011867787,169909.4791754144
2014-05-19,171348.2888671867,171091.13719836104,171236.46184077841,171091.13719836104
2014-05-20,170727.43372989184,170471.21381203792,170616.01189214518,170471.21381203792
2014-05-21,172357.1053967659,172098.4397422691,172244.61998646922,172098.4397422691
2014-05-22,173113.75432821276,172853.95312963365,173000.77510615642,172853.95312963365
2014-05-23,174374.81964317424,174113.12589549302,174261.01741211553,174113.12589549302
2014-05-27,176547.7314364563,176282.77668221618,176432.5110980672,176282.77668221618
2014-05-28,176004.45883514834,175740.31939956112,175889.59305273372,175740.31939956112
2014-05-29,177129.73035595778,176863.90216437905,177014.13018763883,176863.90216437905
2014-05-30,177149.1178712295,176883.26058375527,177033.50505003732,176883.26058375527
2014-06-02,177974.28161140697,177708.6862600975,177858.78269786524,177708.6862600975
2014-06-03,177896.1791786649,177630.70038151636,177780.73095079555,177630.70038151636
2014-06-04,178559.51915886157,178293.05044331873,178443.64044718113,178293.05044331873
2014-06-05,180061.8683585271,179793.15765071515,179945.01467620063,179793.15765071515
2014-06-06,181095.89688684783,180825.64307310083,180978.37215716267,180825.64307310083
2014-06-09,180959.36867439616,180689.31860502288,180841.93254661493,180689.31860502288
2014-06-10,181271.48448025686,181000.9686328714,181153.84580053302,181000.9686328714
2014-06-11,181232.44142847214,180961.98384598296,181114.82808628597,180961.98384598296
2014-06-12,179593.5966747002,179325.58478011706,179477.04688386995,179325.58478011706
2014-06-13,180120.34312575465,179851.54515462462,180003.45149540543,179851.54515462462
2014-06-16,180276.46634537555,180007.43538776576,180159.47339666684,180007.43538776576
2014-06-17,180374.01682273307,180104.8402881721,180256.96056726988,180104.8402881721
2014-06-18,181388.51566057513,181117.82516471145,181270.8010318206,181117.82516471145
2014-06-19,181271.48448025686,181000.9686328714,181153.84580053302,181000.9686328714
2014-06-20,181484.69448743082,181213.86046156337,181366.91744207367,181213.86046156337
2014-06-23,181523.86817259665,181252.97568688556,181406.06570492548,181252.97568688556
2014-06-24,181347.8233623537,181077.19359259683,181230.13514143848,181077.19359259683
2014-06-25,182501.9856137945,182229.63345962422,182383.5483830511,182229.63345962422
2014-06-26,182599.79735791427,182327.29923689808,182481.29665086366,182327.29923689808
2014-06-27,183401.90264721442,183128.2075249564,183282.88140265344,183128.2075249564
2014-06-30,183714.86757005245,183440.70540262436,183595.64322250243,183440.70540262436
2014-07-01,186729.58756392886,186452.41833326427,186609.05554086776,186452.41833326427
2014-07-02,187044.2534526453,186766.6171524422,186923.51831599814,186766.6171524422
2014-07-03,188224.361350522,187944.97337506257,188102.864466397,187944.97337506257
2014-07-07,187653.9996712928,187375.45830353972,187532.87094974972,187375.45830353972
2014-07-08,185392.17134729176,185116.9872901001,185272.50261260595,185116.9872901001
2014-07-09,186768.85718389077,186491.6296639615,186648.29981269495,186491.6296639615
2014-07-10,186178.89352881102,185902.5417124836,186058.71697307038,185902.5417124836
2014-07-11,187378.63623666868,187100.5036004526,187257.68525938285,187100.5036004526
2014-07-14,188499.6755339505,188219.87890005938,188378.0009373594,188219.87890005938
2014-07-15,187850.6925294715,187571.85920365818,187729.43684471693,187571.85920365818
2014-07-16,188598.0465886377,188318.10393916376,188476.30849454523,188318.10393916376
2014-07-17,186100.17370117002,185823.93873142457,185980.04795826628,185823.93873142457
2014-07-18,189050.45165439436,188769.83748432397,188928.42153749758,188769.83748432397
2014-07-21,188814.37425679734,188534.11050463084,188692.49652542608,188534.11050463084
2014-07-22,190014.1662158506,189732.1215706902,189891.51403114302,189732.1215706902
2014-07-23,191233.64223608043,190949.78748018848,191110.20289217803,190949.78748018848
2014-07-24,191017.21606552953,190733.68255854072,190893.91642248826,190733.68255854072
2014-07-25,190269.86200636337,189987.43782303514,190147.04477265995,189987.43782303514
2014-07-28,190328.79927043663,190046.28760447452,190205.94399333704,190046.28760447452
2014-07-29,189994.48215467404,189712.46672725125,189871.84267582494,189712.46672725125
2014-07-30,190741.90188210102,190458.77703354394,190618.77995152588,190458.77703354394
2014-07-31,186886.89588268928,186609.49315380806,186766.2623187307,186609.49315380806
2014-08-01,187198.2120116998,186921.83107510844,187078.02279248883,186921.83107510844
2014-08-04,188483.58813009574,188205.30945392846,188362.57364471155,188205.30945392846
2014-08-05,187040.0095887145,186763.86222344503,186919.92194219216,186763.86222344503
2014-08-06,186901.67943670202,186625.73630317472,186781.68060402456,186625.73630317472
2014-08-07,186308.44923462198,186033.38195090706,186188.83128098195,186033.38195090706
2014-08-08,187653.0295357251,187375.97710290566,187532.5483043068,187375.97710290566
2014-08-11,188760.29794974605,188481.61073698918,188639.10580488096,188481.61073698918
2014-08-12,188681.22149606608,188402.65103241752,188560.08012164975,188402.65103241752
2014-08-13,190678.41773924936,190396.89859910266,190555.99407984482,190396.89859910266
2014-08-14,191667.14574618838,191384.1668401088,191544.08728132342,191384.1668401088
2014-08-15,192596.47150791885,192312.12053785607,192472.81637636304,192312.12053785607
2014-08-18,194079.51400270205,193792.97345684518,193954.90669474675,193792.97345684518
2014-08-19,195167.05869262628,194878.91248709586,195041.75313469445,194878.91248709586
2014-08-20,195167.05869262628,194878.91248709586,195041.75313469445,194878.91248709586
2014-08-21,195562.5399922768,195273.8098949943,195436.98051851906,195273.8098949943
2014-08-22,195859.1055776915,195569.93762860805,195733.35569620616,195569.93762860805
2014-08-25,196551.2514940074,196261.06165516042,196425.05722538626,196261.06165516042
2014-08-26,196748.9343756031,196458.45267616955,196622.61318615865,196458.45267616955
2014-08-27,196788.4478446304,196497.90780719533,196662.10128585715,196497.90780719533
2014-08-28,196570.9917233126,196280.77273983328,196444.78478062412,196280.77273983328
2014-08-29,197302.60159303047,197011.30245489135,197175.92492566854,197011.30245489135
2014-09-02,198875.70912973606,198583.56340825904,198748.6643103893,198583.56340825904
2014-09-03,197703.2603907216,197412.83698055273,197576.96454941187,197412.83698055273
2014-09-04,197524.3855675405,197234.2249220627,197398.20399418083,197234.2249220627
2014-09-05,198518.0424263504,198226.42211241342,198391.2260899185,198226.42211241342
2014-09-08,198895.64862129348,198603.47360897358,198768.59106429707,198603.47360897358
2014-09-09,197246.16164707375,196956.40970876452,197120.1578073743,196956.40970876452
2014-09-10,198875.70912973606,198583.56340825904,198748.6643103893,198583.56340825904
2014-09-11,198716.7903867077,198424.87811471045,198589.8470870643,198424.87811471045
2014-09-12,197703.2603907216,197412.83698055273,197576.96454941187,197412.83698055273
2014-09-15,195795.32310163943,195507.70242549118,195670.24607960772,195507.70242549118
2014-09-16,197504.4294873878,197214.2981571213,197378.26066227478,197214.2981571213
2014-09-17,197802.5763108167,197512.00700690714,197676.21702499085,197512.00700690714
2014-09-18,199293.11136481745,199000.35248511386,199165.79990259215,199000.35248511386
2014-09-19,199169.5595069808,198876.98212328195,199042.32697155618,198876.98212328195
2014-09-22,197316.96177183837,197027.10582910536,197190.91270394536,197027.10582910536
2014-09-23,196779.10974624247,196490.04390084592,196653.40426638105,196490.04390084592
2014-09-24,198890.63886551117,198598.4712124546,198763.58450882274,198598.4712124546
2014-09-25,194707.29372413555,194421.27134839748,194582.91175177236,194421.27134839748
2014-09-26,196779.10974624247,196490.04390084592,196653.40426638105,196490.04390084592
2014-09-29,196520.12859633027,196231.44319073315,196394.5885575554,196231.44319073315
2014-09-30,196799.01606060928,196509.9209731067,196673.2978642923,196509.9209731067
2014-10-01,194651.1960772836,194366.7246541124,194527.488564528,194366.7246541124
2014-10-02,194651.1960772836,194366.7246541124,194527.488564528,194366.7246541124
2014-10-03,196573.51822986972,196286.23744446717,196448.58901543953,196286.23744446717
2014-10-06,196153.02745429295,195866.3611917486,196028.36547617588,195866.3611917486
2014-10-07,193369.68132402294,193087.0827602691,193246.78825785633,193087.0827602691
2014-10-08,197134.12257461023,196846.02249850208,197008.837076887,196846.02249850208
2014-10-09,193950.36144375728,193666.9142497181,193827.09933545394,193666.9142497181
2014-10-10,189104.62961443255,188828.2641761574,188984.44713494304,188828.2641761574
2014-10-13,186141.0517134746,185869.01737226,186022.75268940878,185869.01737226
2014-10-14,186161.12748846842,185889.0638076741,186042.8157055589,185889.0638076741
2014-10-15,184959.682395939,184689.37455740108,184842.13417260218,184689.37455740108
2014-10-16,183798.32215647033,183529.71157850308,183681.51201740702,183529.71157850308
2014-10-17,186221.17139690096,185949.01996542013,186102.82145402778,185949.01996542013
2014-10-20,189004.48417870753,188728.26509717302,188884.36534507797,188728.26509717302
2014-10-21,193970.45389298283,193686.97733499552,193847.1790152387,193686.97733499552
2014-10-22,192969.2329749766,192687.21964323803,192846.59440747346,192687.21964323803
2014-10-23,195872.65024787997,195586.3937403463,195748.1664590961,195586.3937403463
2014-10-24,197474.59371215093,197185.9960572403,197349.0918333397,197185.9960572403
2014-10-27,197614.69060708294,197325.8882086933,197489.09969188887,197325.8882086933
2014-10-28,200598.24423764442,200305.08154882502,200470.7571717652,200305.08154882502
2014-10-29,199857.45814491113,199565.37807196213,199730.44187400703,199565.37807196213
2014-10-30,200277.8988977927,199985.2043750908,200150.61542236662,199985.2043750908
2014-10-31,203041.1692530689,202744.4363711562,202912.12962453606,202744.4363711562
2014-11-03,204641.5752150749,204343.9644364024,204512.15381735275,204343.9644364024
2014-11-04,203957.44092516912,203660.82508478579,203828.45219424958,203660.82508478579
2014-11-05,203977.58174214888,203680.93661092268,203848.58027357972,203680.93661092268
2014-11-06,204621.50142244447,204323.91983714118,204492.09271998378,204323.91983714118
2014-11-07,204440.28433788862,204142.9662970659,204310.99024248344,204142.9662970659
2014-11-10,205164.7337739286,204866.36216439412,205034.98151522747,204866.36216439412
2014-11-11,205808.67021031154,205509.36212233154,205678.51070712184,205509.36212233154
2014-11-12,206170.83628202585,205871.00149497946,206040.4477342778,205871.00149497946
2014-11-13,207056.2614491179,206755.13898593257,206925.3129322503,206755.13898593257
2014-11-14,207700.1811294135,207398.1222121511,207568.82537865435,207398.1222121511
2014-11-17,207076.368753923,206775.21704863163,206945.40752059984,206775.21704863163
2014-11-18,208625.78739394105,208322.3823650645,208493.84626234532,208322.3823650645
2014-11-19,207679.99004417172,207377.96049085745,207548.64706285333,207377.96049085745
2014-11-20,208605.61306478662,208302.23737548979,208473.6846920346,208302.23737548979
2014-11-21,209008.06077046043,208704.09980041147,208875.87787785087,208704.09980041147
2014-11-24,210637.90862969885,210331.57736764057,210504.69497299456,210331.57736764057
2014-11-25,210959.89360397766,210653.0940783282,210826.47631443205,210653.0940783282
2014-11-26,212328.22920813857,212019.4397084371,212193.94654259956,212019.4397084371
2014-11-28,213314.2076553434,213003.98424460445,213179.30142781005,213003.98424460445
2014-12-01,211899.18799909874,211592.47632160946,211765.80891190495,211592.47632160946
2014-12-02,212748.35449442916,212440.4136981183,212614.440902818,212440.4136981183
2014-12-03,213132.52409051443,212824.02723118901,212998.36868490418,212824.02723118901
2014-12-04,213031.39315735854,212723.0426791422,212897.3014082053,212723.0426791422
2014-12-05,213051.62944529817,212743.24967623898,212917.5249584953,212743.24967623898
2014-12-08,211535.35570403768,211229.17065250952,211402.20562961107,211229.17065250952
2014-12-09,212202.49662099595,211895.34592202152,212068.92661741635,211895.34592202152
2014-12-10,208866.60684554954,208564.2846518592,208735.1366043024,208564.2846518592
2014-12-11,209857.25900131647,209553.50289658864,209725.16519807497,209553.50289658864
2014-12-12,207572.74708097,207272.29767359173,207442.09125452067,207272.29767359173
2014-12-15,205429.68715003182,205132.3396965241,205300.3802639918,205132.3396965241
2014-12-16,202134.16893738016,201841.59155368133,202006.93640195555,201841.59155368133
2014-12-17,205813.77256854664,205515.8691738665,205684.22392149275,205515.8691738665
2014-12-18,210767.1175249517,210462.04445324207,210634.45101494098,210462.04445324207
2014-12-19,211694.5018187576,211388.0864125392,211561.2515704525,211388.0864125392
2014-12-22,212222.10999491415,211914.93090672843,212088.52764577564,211914.93090672843
2014-12-23,211471.27973740018,211165.187432085,211338.16999533173,211165.187432085
2014-12-24,211653.79354568102,211347.4370623063,211520.56892103385,211347.4370623063
2014-12-26,213155.4877317371,212846.9576338845,213021.31787175575,212846.9576338845
2014-12-29,213114.98148482965,212806.51001739965,212980.83712134164,212806.51001739965
2014-12-30,211694.5018187576,211388.0864125392,211561.2515704525,211388.0864125392
2014-12-31,209523.05721105885,209219.78484386997,209391.17376978308,209219.78484386997
2015-01-02,209893.74882349395,209591.38690927625,209762.26130906134,209591.38690927625
2015-01-05,206814.83555367537,206516.90896025777,206685.2768182334,206516.90896025777
2015-01-06,204041.81582137992,203747.88389459305,203913.99423854073,203747.88389459305
2015-01-07,206672.14838954285,206374.42734376222,206542.67904018628,206374.42734376222
2015-01-08,210627.83918208242,210324.41977583707,210495.8917982294,210324.41977583707
2015-01-09,209241.24473551734,208939.82278442945,209110.1659809509,208939.82278442945
2015-01-12,207059.57744942745,206761.29829368487,206929.86539591991,206761.29829368487
2015-01-13,206998.35814332246,206700.167176898,206868.68444052542,206700.167176898
2015-01-14,205856.50559250946,205559.95951891743,205727.54720093345,205559.95951891743
2015-01-15,203185.45601141627,202892.757711609,203058.170893448,202892.757711609
2015-01-16,205571.13126424447,205274.99628592635,205442.3516448392,205274.99628592635
2015-01-20,207202.26461355994,206903.7799101804,207072.46317396703,206903.7799101804
2015-01-21,208262.56472592804,207962.55260987702,208132.09906347422,207962.55260987702
2015-01-22,212116.26845118194,211810.70489188054,211983.38864382368,211810.70489188054
2015-01-23,212585.21611734448,212278.977016657,212452.04253866922,212278.977016657
2015-01-26,212340.54188592627,212034.65525009015,212207.52158292843,212034.65525009015
2015-01-27,206835.23635034918,206537.28036861506,206705.6648348694,206537.28036861506
2015-01-28,205774.97007014803,205478.54145234855,205646.06275633507,205478.54145234855
2015-01-29,207752.8323825013,207453.55456010104,207622.68604084308,207453.55456010104
2015-01-30,206141.96450119186,205845.0072104838,206012.8272844598,205845.0072104838
2015-02-02,208936.07197820494,208636.52975842933,208805.81065859454,208636.52975842933
2015-02-03,210943.82319713663,210641.40255502265,210812.31014382248,210641.40255502265
2015-02-04,210759.35029241125,210457.19412077786,210627.9522488404,210457.19412077786
2015-02-05,212582.86657037563,212278.09610572655,212450.33165448564,212278.09610572655
2015-02-06,211292.1001544593,210989.1802033849,211160.36996766683,210989.1802033849
2015-02-09,210616.06211524043,210314.1113694019,210484.75340476973,210314.1113694019
2015-02-10,213894.063874662,213587.4136055954,213760.71149202486,213587.4136055954
2015-02-11,214672.69828842452,214364.9317263287,214538.86046569428,214364.9317263287
2015-02-12,217172.20161337388,216860.8516261318,217036.8054737939,216860.8516261318
2015-02-13,219036.56267066702,218722.53983309193,218900.00419406572,218722.53983309193
2015-02-17,219241.3644792947,218927.04802660664,219104.67831888274,218927.04802660664
2015-02-18,219548.81365469986,219234.05642600032,219411.9358149148,219234.05642600032
2015-02-19,220634.6762775208,220318.36229657006,220497.1214560311,220318.36229657006
2015-02-20,222109.72862663833,221791.29992968496,221971.25418287533,221791.29992968496
2015-02-23,222335.1652925715,222016.41339724124,222196.55030018368,222016.41339724124
2015-02-24,222499.05433222523,222180.06747657305,222360.33716311716,222180.06747657305
2015-02-25,221945.805592162,221627.6119042674,221807.43334631334,221627.6119042674
2015-02-26,223072.6999658359,222752.89070032013,222933.6251570129,222752.89070032013
2015-02-27,222089.24674603445,221770.8474130292,221950.7850717122,221770.8474130292
2015-03-02,225096.8000394069,224775.52213785273,224957.08656779863,224775.52213785273
2015-03-03,224047.27401679783,223727.49409086176,223908.21196681852,223727.49409086176
2015-03-04,223182.873102582,222864.32692546764,223044.34757045886,222864.32692546764
2015-03-05,223574.00388817466,223254.8994548878,223435.23558831826,223254.8994548878
2015-03-06,221042.65748304527,220727.16600943182,220905.46034365872,220727.16600943182
2015-03-09,221680.59898217965,221364.19698248975,221543.0058841588,221364.19698248975
2015-03-10,217564.71960095866,217254.1921454223,217429.68115407886,217254.1921454223
2015-03-11,216309.40985323073,216000.67408589905,216175.15055417875,216000.67408589905
2015-03-12,217729.42511794379,217418.6625802434,217594.28444135853,217418.6625802434
2015-03-13,216782.6799818539,216473.268721873,216648.126932679,216473.268721873
2015-03-16,219581.51279048756,219268.10679077072,219445.22255691877,219268.10679077072
2015-03-17,219931.34341586594,219617.43810718867,219794.83604881886,219617.43810718867
2015-03-18,222092.21765212828,221775.22815415988,221954.36906991864,221775.22815415988
2015-03-19,222421.4579537289,222103.99853511664,222283.40501807877,222103.99853511664
2015-03-20,223861.19280713462,223541.67847262655,223722.24625436275,223541.67847262655
2015-03-23,223428.04478537524,223109.14867772543,223289.3670796675,223109.14867772543
2015-03-24,222623.58800613764,222305.84008978098,222485.40961205657,222305.84008978098
2015-03-25,217528.79751038784,217218.32132601071,217393.7813596934,217218.32132601071
2015-03-26,216786.24828837923,216476.8319353982,216651.69302442166,216476.8319353982
2015-03-27,217652.59555160886,217341.94267180606,217517.50256173188,217341.94267180606
2015-03-30,220148.41255061756,219834.19742182695,220011.77045272407,219834.19742182695
2015-03-31,217817.5400939115,217506.65179078674,217682.34472597035,217506.65179078674
2015-04-01,217682.87724680468,217373.6080059854,217548.3859572155,217373.6080059854
2015-04-02,217827.82885697554,217518.35367862455,217693.24801174825,217518.35367862455
2015-04-06,219609.97382817214,219297.96669770236,219474.2919180451,219297.96669770236
2015-04-07,219237.00343849455,218925.5261993544,219101.5519611389,218925.5261993544
2015-04-08,220977.5890970129,220663.63895043972,220841.06223140066,220663.63895043972
2015-04-09,222365.97544618935,222050.05277335408,222228.59079206883,222050.05277335408
2015-04-10,223277.69037207172,222960.47239578154,223139.7424319561,222960.47239578154
2015-04-13,222718.26051556566,222401.8373397173,222580.65820871157,222401.8373397173
2015-04-14,222075.9007057788,221760.39015169116,221938.695268905,221760.39015169116
2015-04-15,223464.18414291393,223146.70120877476,223326.12098111413,223146.70120877476
2015-04-16,223153.4583862159,222836.41691040402,223015.58720050653,222836.41691040402
2015-04-17,219672.14985312414,219360.05438712574,219536.42952870435,219360.05438712574
2015-04-20,222966.9303113599,222650.1538421339,222829.17436852882,222650.1538421339
2015-04-21,223920.06733386545,223601.93671144618,223781.72251317254,223601.93671144618
2015-04-22,225142.73099253536,224822.86329154434,225003.63077199535,224822.86329154434
2015-04-23,225992.23558945194,225671.16096927153,225852.61051840373,225671.16096927153
2015-04-24,229059.10018022227,228733.66836440164,228917.58030431377,228733.66836440164
2015-04-27,228478.9335473943,228154.32599343732,228337.77211657626,228154.32599343732
2015-04-28,228023.016052429,227699.05623548897,227882.1363016982,227699.05623548897
2015-04-29,226593.22475863626,226271.29629332825,226453.2283776834,226271.29629332825
2015-04-30,223029.0205762775,222712.15589336495,222891.22627213888,222712.15589336495
2015-05-01,226971.23320711678,226650.18799962132,226831.62092670344,226650.18799962132
2015-05-04,227345.95698846976,227024.38174343415,227206.11421170275,227024.38174343415
2015-05-05,223641.13423400352,223324.79936931538,223503.57033084516,223324.79936931538
2015-05-06,222100.857722779,221786.70154120043,221964.24125914043,221786.70154120043
2015-05-07,223432.98689703937,223116.9464516221,223295.5510273942,223116.9464516221
2015-05-08,226222.00960694853,225902.02415774393,226082.8581814809,225902.02415774393
2015-05-11,225347.83213862925,225029.08319187802,225209.218428484,225029.08319187802
2015-05-12,224328.02733714014,224010.7208791108,224190.0409191495,224010.7208791108
2015-05-13,224785.80676420606,224467.85278847563,224647.53876150167,224467.85278847563
2015-05-14,228074.36930051912,227751.76373424605,227934.07847003828,227751.76373424605
2015-05-15,228074.36930051912,227751.76373424605,227934.07847003828,227751.76373424605
2015-05-18,229073.50063698943,228749.48182410048,228932.59523080956,228749.48182410048
2015-05-19,228823.66181223743,228499.9963901998,228682.9100844227,228499.9963901998
2015-05-20,228969.42696850738,228645.55536525385,228828.58557908406,228645.55536525385
2015-05-21,230155.75653072278,229830.2068935833,230014.18541809553,229830.2068935833
2015-05-22,229926.81513352727,229601.58932834363,229785.38484504804,229601.58932834363
2015-05-26,227283.52312411304,226962.03619023762,227143.71875104174,226962.03619023762
2015-05-27,230946.6543907914,230619.986048149,230804.59678896348,230619.986048149
2015-05-28,230426.26882049357,230100.33655039672,230284.53131304562,230100.33655039672
2015-05-29,229052.60320943294,228728.6139554395,228911.7106574702,228728.6139554395
2015-06-01,230822.4415550182,230497.36295946996,230681.07528329553,230497.36295946996
2015-06-02,230090.77422667056,229766.72607420187,229949.85606164695,229766.72607420187
2015-06-03,230780.6552286227,230455.63548281285,230639.31454876682,230455.63548281285
2015-06-04,229024.6778645457,228702.131148011,228884.41262593164,228702.131148011
2015-06-05,228481.14417052438,228159.3629392202,228341.21181692518,228159.3629392202
2015-06-08,226160.8178119483,225842.30441036113,226022.3065328524,225842.30441036113
2015-06-09,225784.56784612229,225466.58433586473,225646.28699979777,225466.58433586473
2015-06-10,228878.31325378816,228555.97266973252,228738.1376555886,228555.97266973252
2015-06-11,229212.79419604538,228889.98254603008,229072.41374634416,228889.98254603008
2015-06-12,227331.4059443019,227011.24394588216,227192.17774323394,227011.24394588216
2015-06-15,226202.63874399711,225884.06644393472,226064.1018518404,225884.06644393472
2015-06-16,227436.0015314906,227115.69222596174,227296.70927127788,227115.69222596174
2015-06-17,228063.07327264955,227741.88083115025,227923.39696488256,227741.88083115025
2015-06-18,231386.82515517058,231060.95171044368,231245.11322899233,231060.95171044368
2015-06-19,230242.88337588077,229918.62100061704,230101.8720522233,229918.62100061704
2015-06-22,231939.94461516416,231613.29218510113,231797.89393320747,231613.29218510113
2015-06-23,232128.52812298381,231801.61010149278,231986.36194381968,231801.61010149278
2015-06-24,230934.25242092612,230609.01635663694,230792.8176710904,230609.01635663694
2015-06-25,230473.3051185759,230148.71822904053,230332.1526740531,230148.71822904053
2015-06-26,228943.82175554108,228621.38891264095,228803.6060369243,228621.38891264095
2015-06-29,223538.19376871156,223223.3739375367,223401.28870511457,223223.3739375367
2015-06-30,224334.31412638558,224018.37307976035,224196.92148209215,224018.37307976035
2015-07-01,227114.99416496622,226796.5448766965,226976.5107666991,226796.5448766965
2015-07-02,227178.11587647937,226859.57808210206,227039.59398974015,226859.57808210206
2015-07-06,226652.00892413192,226334.20881061602,226513.80783117775,226334.20881061602
2015-07-07,227220.26074168293,226901.66385388304,227081.71315710648,226901.66385388304
2015-07-08,223263.7876930009,222950.73837387233,223127.65256839854,222950.73837387233
2015-07-09,223137.50951132292,222824.6372531463,223001.4513848588,222824.6372531463
2015-07-10,226546.74234741522,226229.0898334295,226408.60544077033,226229.0898334295
2015-07-13,230524.2443803844,230201.01481193712,230383.68219133944,230201.01481193712
2015-07-14,232039.4609052394,231714.10677594712,231897.97481271444,231714.10677594712
2015-07-15,232291.9303719661,231966.22224261196,232150.29033614983,231966.22224261196
2015-07-16,235574.91978503214,235244.608412084,235431.27794597927,235244.608412084
2015-07-17,239047.32647061517,238712.14626264502,238901.56733111828,238712.14626264502
2015-07-20,239868.06513421872,239531.73412753432,239721.80554921125,239531.73412753432
2015-07-21,239720.77534757945,239384.65086326885,239574.60557253918,239384.65086326885
2015-07-22,237006.07251071613,236673.7544469787,236861.5580260961,236673.7544469787
2015-07-23,236122.17737694771,235791.098666769,235978.2018475045,235791.098666769
2015-07-24,233807.1990347987,233479.36627149428,233664.63506371126,233479.36627149428
2015-07-27,231871.0899963354,231545.97194831245,231729.7065679948,231545.97194831245
2015-07-28,233870.32074631183,233542.39947689985,233727.71828675232,233542.39947689985
2015-07-29,234754.18112142856,234425.0205471947,234611.03972788632,234425.0205471947
2015-07-30,235869.58625494,235538.8617154021,235725.76474296744,235538.8617154021
2015-07-31,235596.05304527443,235265.7120403255,235452.39832021328,235265.7120403255
2015-08-03,235859.1477881183,235529.83961435428,235715.94220826673,235529.83961435428
2015-08-04,235415.31030552823,235086.62182072777,235272.3742085636,235086.62182072777
2015-08-05,237232.9146812424,236901.6884446388,237088.87499728103,236901.6884446388
2015-08-06,233428.7056017008,233102.79082813076,233286.97570293208,233102.79082813076
2015-08-07,233132.81976440828,232807.3181086911,232991.26951736514,232807.3181086911
2015-08-10,235795.77484673864,235466.55515471377,235652.60774476212,235466.55515471377
2015-08-11,232773.5260791311,232448.52607174282,232632.1939828827,232448.52607174282
2015-08-12,233576.62234039334,233250.50104444945,233434.80263165737,233250.50104444945
2015-08-13,233196.26251899794,232870.67228406793,233054.67375169156,232870.67228406793
2015-08-14,233555.48639106512,233229.3946052799,233413.6795153522,233229.3946052799
2015-08-17,235499.8890094461,235171.08243527415,235356.9015591952,235171.08243527415
2015-08-18,234295.19225764522,233968.06768941195,234152.93625791682,233968.06768941195
2015-08-19,232752.4250364079,232427.45449044142,232611.10575198845,232427.45449044142
2015-08-20,226306.44918377165,225990.4785538825,226169.04367466405,225990.4785538825
2015-08-21,216415.57539017353,216113.41446669793,216284.17528017864,216113.41446669793
2015-08-24,208088.62222044347,207798.08744658748,207962.27795063224,207798.08744658748
2015-08-25,207306.69681511444,207017.25377091856,207180.82730357363,207017.25377091856
2015-08-26,217746.9307582212,217442.9109871707,217614.72229493895,217442.9109871707
2015-08-27,223263.0470135334,222951.32560280792,223127.489353774,222951.32560280792
2015-08-28,223220.82747478446,222909.16501127105,223085.29544928,222909.16501127105
2015-08-31,220452.192645813,220144.3957694006,220318.3416403572,220144.3957694006
2015-09-01,214562.1492137697,214263.97184492453,214432.48142412447,214263.97184492453
2015-09-02,220613.618882578,220307.0317764604,220480.29396748482,220307.0317764604
2015-09-03,219530.6220535131,219225.53998985587,219397.9516331923,219225.53998985587
2015-09-04,216919.06397994107,216617.61120279974,216787.9718201111,216617.61120279974
2015-09-08,223034.20324310084,222724.25224694796,222899.41547994787,222724.25224694796
2015-09-09,220528.67933010255,220222.2102646196,220395.40574710153,220222.2102646196
2015-09-10,222928.02880250648,222618.22535714693,222793.30520446875,222618.22535714693
2015-09-11,224159.54710338547,223848.03221503383,224024.0792535933,223848.03221503383
2015-09-14,223480.0657535868,223169.4951415756,223345.00853933804,223169.4951415756
2015-09-15,226113.01653030087,225798.78690229933,225976.36812716484,225798.78690229933
2015-09-16,227387.0046074176,227071.00451610662,227249.58628648106,227071.00451610662
2015-09-17,227471.9441598931,227155.82602794745,227334.47450686435,227155.82602794745
2015-09-18,224236.68357971488,223925.06149467622,224101.16911351614,223925.06149467622
2015-09-21,224939.08317787966,224626.4849669734,224803.14422579805,224626.4849669734
2015-09-22,221576.0274989316,221268.10293198956,221442.12096495324,221268.10293198956
2015-09-23,221746.34497894693,221438.18372152504,221612.33551585808,221438.18372152504
2015-09-24,220937.52545015173,220630.48821054868,220804.00478641962,220630.48821054868
2015-09-25,219064.4364750422,218760.002270244,218932.04778779382,218760.002270244
2015-09-28,212827.9023890526,212532.13510584933,212699.28266847864,212532.13510584933
2015-09-29,211721.14563149793,211426.91640996645,211593.1947646941,211426.91640996645
2015-09-30,216595.3327623931,216294.32987505302,216464.4362452316,216294.32987505302
2015-10-01,218574.16986117666,218271.80626553786,218442.68161554783,218271.80626553786
2015-10-02,222401.62839259187,222093.97009939366,222267.83765253826,222093.97009939366
2015-10-05,225587.7215808263,225275.65581993392,225452.01417420592,225275.65581993392
2015-10-06,224518.56208347628,224207.97533956994,224383.4978539829,224207.97533956994
2015-10-07,225865.64245257128,225553.19223108992,225729.76785635174,225553.19223108992
2015-10-08,226763.78998168267,226450.09731185305,226627.37508446144,226450.09731185305
2015-10-09,227790.09079354396,227474.9783950983,227653.05850180934,227474.9783950983
2015-10-12,228346.12630832058,228030.2447206443,228208.7595208201,228030.2447206443
2015-10-13,226870.68126961758,226556.84073220514,226734.2020695195,226556.84073220514
2015-10-14,226507.18395146722,226193.84625643634,226370.92342141914,226193.84625643634
2015-10-15,230227.76881051908,229909.28426114318,230089.270078326,229909.28426114318
2015-10-16,231190.01940436268,230870.203729952,231050.94180851648,230870.203729952
2015-10-19,232515.67923849905,232194.02971851412,232375.804161935,232194.02971851412
2015-10-20,231318.26076497012,230998.26768844953,231179.106022627,230998.26768844953
2015-10-21,229906.97163771384,229588.9308616653,229768.66588833058,229588.9308616653
2015-10-22,234589.78947503777,234265.27074397786,234448.66667045344,234265.27074397786
2015-10-23,241154.2498145602,240820.6501667893,241009.1780100822,240820.6501667893
2015-10-26,241304.01740355534,240970.2105754632,241158.8555029898,240970.2105754632
2015-10-27,241795.70323559857,241461.21623612026,241650.24555027726,241461.21623612026
2015-10-28,243805.78086969114,243468.5132383507,243659.11397661277,243468.5132383507
2015-10-29,243420.8982477252,243084.16304203024,243274.46288951105,243084.16304203024
2015-10-30,242330.3182154166,241995.09165870844,242184.5389203377,241995.09165870844
2015-11-02,246067.10819135437,245728.0952936525,245919.68233782137,245728.0952936525
2015-11-03,246925.83294064162,246585.63695606674,246777.89260051167,246585.63695606674
2015-11-04,246947.27010637047,246607.0445872685,246799.31692262043,246607.0445872685
2015-11-05,246281.7451601,245942.43655160096,246134.1907114104,245942.43655160096
2015-11-06,246453.49010995746,246113.9448840838,246305.83276394845,246113.9448840838
2015-11-09,243834.21159404187,243498.27501463096,243688.1235328255,243498.27501463096
2015-11-10,243211.61404152054,242876.53523055307,243065.89899633324,242876.53523055307
2015-11-11,242910.94541097194,242576.28083880479,242765.4105049744,242576.28083880479
2015-11-12,240549.17819525974,240217.76748970393,240405.058291658,240217.76748970393
2015-11-13,235825.90907529235,235501.00573743292,235684.61901752654,235501.00573743292
2015-11-16,239218.16367757972,238888.58674449287,239074.84122290474,238888.58674449287
2015-11-17,239368.4714617083,239038.68744577395,239225.05895333402,239038.68744577395
2015-11-18,243962.97608785878,243626.86210633797,243816.8108801455,243626.86210633797
2015-11-19,244134.77410000766,243798.42342800694,243988.50596318382,243798.42342800694
2015-11-20,245787.96516368698,245449.33684841622,245640.70655273838,245449.33684841622
2015-11-23,245079.42438651505,244741.77224584873,244932.59028264342,244741.77224584873
2015-11-24,244864.6812931866,244527.32500952802,244717.97584805387,244527.32500952802
2015-11-25,245079.42438651505,244741.77224584873,244932.59028264342,244741.77224584873
2015-11-27,245422.91428622993,245084.78891081442,245275.87438771955,245084.78891081442
2015-11-30,244800.33442113906,244463.0667897986,244653.66752806073,244463.0667897986
2015-12-01,248247.6211394616,247906.98140592777,248099.4878271189,247906.98140592777
2015-12-02,246717.08411663756,246378.5445511586,246569.86410013153,246378.5445511586
2015-12-03,242535.04762531884,242202.2465550951,242390.32309664448,242202.2465550951
2015-12-04,248204.4846590425,247863.90411640494,248056.3770869252,247863.90411640494
2015-12-07,247083.50445442565,246744.46209530198,246936.0657890637,246744.46209530198
2015-12-08,247105.1170920008,246766.04507650793,246957.66553003353,246766.04507650793
2015-12-09,243354.1967796257,243020.27169158313,243208.98345159457,243020.27169158313
2015-12-10,244453.5998645599,244118.16620063578,244307.73050518465,244118.16620063578
2015-12-11,238827.2993112553,238499.58592884877,238684.78725509762,238499.58592884877
2015-12-14,240638.0902647067,240307.89215618258,240494.49768072495,240307.89215618258
2015-12-15,242103.9314463752,241771.72194395642,241959.4641715964,241771.72194395642
2015-12-16,245703.86519781034,245366.71594826246,245557.24978518285,245366.71594826246
2015-12-17,242125.45528921916,241793.2162522733,241980.97517082025,241793.2162522733
2015-12-18,237480.97583778793,237155.10984979806,237339.26715430582,237155.10984979806
2015-12-21,240118.87195346208,239789.38630448288,239975.58919532245,239789.38630448288
2015-12-22,241697.3581311365,241365.70651936386,241553.13346513524,241365.70651936386
2015-12-23,243492.00620245494,243157.89201546003,243346.71064134466,243157.89201546003
2015-12-24,243448.78092730462,243114.72605304813,243303.51115940502,243114.72605304813
2015-12-28,243319.08734290747,242985.21043123456,243173.89496523686,242985.21043123456
2015-12-29,247146.3000883334,246807.1715624706,246998.8239518158,246807.1715624706
2015-12-30,244919.09736342586,244583.02495443242,244772.9502342735,244583.02495443242
2015-12-31,241870.36578541517,241538.47677647843,241726.037882989,241538.47677647843
2016-01-04,237767.06819096365,237442.18139926254,237625.78532859226,237442.18139926254
2016-01-05,237354.4980628581,237030.17501022437,237213.46035255538,237030.17501022437
2016-01-06,235074.57283085032,234753.36508598222,234934.8898681383,234753.36508598222
2016-01-07,227713.54703954438,227402.3974582023,227578.23805007304,227402.3974582023
2016-01-08,225846.12059992363,225537.52268475347,225711.92124836246,225537.52268475347
2016-01-11,226541.07316982147,226231.5256659949,226406.4608725608,226231.5256659949
2016-01-12,229168.38551712997,228855.24803305173,229032.21205241416,228855.24803305173
2016-01-13,221264.566243546,220962.22860027628,221133.08928377146,220962.22860027628
2016-01-14,225976.41528981464,225667.63933895563,225842.13851623336,225667.63933895563
2016-01-15,218962.847949528,218663.6553922352,218832.7386869347,218663.6553922352
2016-01-19,219440.5475886494,219140.70229881324,219310.15447357442,219140.70229881324
2016-01-20,218767.42374862108,218468.49822049317,218637.4306084609,218468.49822049317
2016-01-21,218984.60534367897,218685.38305691173,218854.4831526892,218685.38305691173
2016-01-22,225325.06667786694,225017.18073487328,225191.17694020696,225017.18073487328
2016-01-25,221981.15137008738,221677.83457926576,221849.24861039626,221677.83457926576
2016-01-26,223978.78332995102,223672.7369591107,223845.6935633148,223672.7369591107
2016-01-27,218398.29707309898,218099.8759225632,218268.52327060275,218099.8759225632
2016-01-28,221481.69433681498,221179.0600080112,221350.088358002,221179.0600080112
2016-01-29,226106.7099797057,225797.7559931578,225972.35578410423,225797.7559931578
2016-02-01,227714.40439869114,227404.61964391102,227579.6889285879,227404.61964391102
2016-02-02,222785.43875776586,222482.3594128452,222653.63925569368,222482.3594128452
2016-02-03,221716.72118510288,221415.09573332546,221585.55393460297,221415.09573332546
2016-02-04,221694.95741441107,221393.36157026602,221563.8030393224,221393.36157026602
2016-02-05,213996.24296114672,213705.12051843328,213869.64313296738,213705.12051843328
2016-02-08,210724.7272808085,210438.05543789556,210600.06287596782,210438.05543789556
2016-02-09,210070.43489228192,209784.65315470807,209946.15756575076,209784.65315470807
2016-02-10,210877.37818931518,210590.4986787126,210752.62347644608,210590.4986787126
2016-02-11,210572.09428487028,210285.6300852786,210447.52017746097,210285.6300852786
2016-02-12,213778.08578974297,213487.2601300373,213651.61502299027,213487.2601300373
2016-02-16,218597.9997138191,218300.61699920517,218468.6774938531,218300.61699920517
2016-02-17,223548.76495057312,223244.64716973057,223416.51386597072,223244.64716973057
2016-02-18,220997.08374679546,220696.43729635942,220866.3422326299,220696.43729635942
2016-02-19,221651.35822275357,221349.8216913469,221520.22964087554,221349.8216913469
2016-02-22,225249.95740336544,224943.5253047782,225116.69989608362,224943.5253047782
2016-02-23,221542.34233104132,221240.95410584906,221411.27824278697,221240.95410584906
2016-02-24,223657.83457999077,223353.56841982855,223525.51896997355,223353.56841982855
2016-02-25,225860.59686252908,225553.33404444644,225726.97810193955,225553.33404444644
2016-02-26,225577.04090363908,225270.16383767177,225443.58989429218,225270.16383767177
2016-02-29,223548.76495057312,223244.64716973057,223416.51386597072,223244.64716973057
2016-03-01,231723.95336878346,231410.07398810686,231587.4572769936,231410.07398810686
2016-03-02,231811.42163098496,231497.4237710421,231674.87401635607,231497.4237710421
2016-03-03,231373.378702901,231059.97418965786,231237.08911575205,231059.97418965786
2016-03-04,231461.00887673555,231147.48566491035,231324.66767137413,231147.48566491035
2016-03-07,230037.24792673797,229725.65325617368,229901.74538221626,229725.65325617368
2016-03-08,228131.61996664843,227822.60654552007,227997.23992485114,227822.60654552007
2016-03-09,229599.1690182911,229288.16774316342,229463.92452244344,229288.16774316342
2016-03-10,229248.66631313445,228938.13980796654,229113.62827953947,228938.13980796654
2016-03-11,233257.14859253087,232941.1924374842,233119.74937806875,232941.1924374842
2016-03-14,233651.4034189697,233334.91322996173,233513.77197023836,233334.91322996173
2016-03-15,233563.79123531663,233247.41972052227,233426.21139420068,233247.41972052227
2016-03-16,235644.62557253084,235325.43548424178,235505.8200240568,235325.43548424178
2016-03-17,235513.24327741415,235194.23115170866,235374.51511916905,235194.23115170866
2016-03-18,235882.29385964395,235562.78184013595,235743.34831359147,235562.78184013595
2016-03-21,236805.0642366701,236484.30228770836,236665.57513632273,236484.30228770836
2016-03-22,237529.99658830962,237208.2526894275,237390.08046938528,237208.2526894275
2016-03-23,235574.75170778576,235255.65626644655,235435.98731823947,235255.65626644655
2016-03-24,235640.73969333802,235321.55486862804,235501.93643382596,235321.55486862804
2016-03-28,235311.1955495686,234992.4571056071,235172.5864067503,234992.4571056071
2016-03-29,239089.85326096337,238765.99647371023,238949.0183145442,238765.99647371023
2016-03-30,240254.21378465832,239928.7798244166,240112.69297620977,239928.7798244166
2016-03-31,239902.66764897766,239577.70987206418,239761.35391741048,239577.70987206418
2016-04-01,243450.8208625498,243122.41110375663,243308.00597460053,243122.41110375663
2016-04-04,242524.37207168498,242197.21207176658,242382.10066385128,242197.21207176658
2016-04-05,240186.03093114967,239862.02530157682,240045.1312579718,239862.02530157682
2016-04-06,244134.66529235477,243805.33304259012,243991.4492426215,243805.33304259012
2016-04-07,240627.2168068134,240302.61602727766,240486.05832197424,240302.61602727766
2016-04-08,240450.6918763386,240126.3292250196,240309.6369458357,240126.3292250196
2016-04-11,239568.28399629015,239245.11169363387,239427.746710304,239245.11169363387
2016-04-12,241575.77637488872,241249.8960095301,241434.06143914934,241249.8960095301
2016-04-13,244664.09556889546,244334.04912942793,244520.56894092978,244334.04912942793
2016-04-14,244686.11602430366,244356.0398797301,244542.57647853854,244356.0398797301
2016-04-15,244068.44134688601,243739.19843175527,243925.26414592442,243739.19843175527
2016-04-18,245369.99658282957,245038.99789854768,245226.05585408636,245038.99789854768
2016-04-19,243869.93208972397,243540.95695917917,243726.87133970394,243540.95695917917
2016-04-20,244068.44134688601,243739.19843175527,243925.26414592442,243739.19843175527
2016-04-21,244090.60631717794,243761.3335019938,243947.41611364053,243761.3335019938
2016-04-22,240406.54257935943,240082.23948446306,240265.51354803762,240082.23948446306
2016-04-25,240406.54257935943,240082.23948446306,240265.51354803762,240082.23948446306
2016-04-26,239237.381041272,238914.6551193642,239097.03787197958,238914.6551193642
2016-04-27,237318.18725663176,236998.0502845811,237178.96993873036,236998.0502845811
2016-04-28,234450.4880969976,234134.21958752171,234312.95304959625,234134.21958752171
2016-04-29,233215.1206778019,232900.5186515801,233078.31033060458,232900.5186515801
2016-05-02,236420.84046789596,236103.26257001745,236282.73600940683,236103.26257001745
2016-05-03,234227.65772215358,233913.02586898365,234090.83440417162,233913.02586898365
2016-05-04,232721.24144681197,232408.6331230107,232585.29809695613,232408.6331230107
2016-05-05,232654.71814472886,232342.1991799299,232518.81365424173,232342.1991799299
2016-05-06,233895.3496099207,233581.16413749923,233758.7204086325,233581.16413749923
2016-05-09,234559.92955224737,234244.85136706574,234422.9121387657,234244.85136706574
2016-05-10,237772.1868806234,237452.7937546448,237633.29303755972,237452.7937546448
2016-05-11,235623.23206247267,235306.72557099056,235485.59352431734,235306.72557099056
2016-05-12,234582.11608032143,234267.0080925601,234445.0857066522,234267.0080925601
2016-05-13,233718.03879602373,233404.0915005559,233581.51317026588,233404.0915005559
2016-05-16,236642.36106831502,236324.48560763925,236504.1272092937,236324.48560763925
2016-05-17,233673.7564452234,233359.86863307288,233537.25668685554,233359.86863307288
2016-05-18,234515.5746371688,234200.5560327782,234378.5831334653,234200.5560327782
2016-05-19,233297.1478411206,232983.76591740438,233160.86807743352,232983.76591740438
2016-05-20,235866.97547310492,235550.14156750898,235729.19455303575,235550.14156750898
2016-05-23,235556.7450425287,235240.3278613121,235419.145342548,235240.3278613121
2016-05-24,240275.4549283855,239952.6992282664,240135.09880950255,239952.6992282664
2016-05-25,242003.40994521574,241678.33312856228,241862.04444707747,241678.33312856228
2016-05-26,242712.3992258297,242386.37004251976,242570.61957392865,242386.37004251976
2016-05-27,243975.1083726782,243647.3830253766,243832.59111337079,243647.3830253766
2016-05-31,244440.33610159036,244111.9858261145,244297.54708103105,244111.9858261145
2016-06-01,245462.0957321505,245133.7158246739,245319.29382558292,245133.7158246739
2016-06-02,245973.76225416965,245644.69783772776,245830.662676572,245644.69783772776
2016-06-03,244817.09354116805,244489.57651950346,244674.6668760093,244489.57651950346
2016-06-06,245706.83590266845,245378.12858107802,245563.89161418704,245378.12858107802
2016-06-07,245084.09275369052,244756.2185397008,244941.51075702737,244756.2185397008
2016-06-08,245506.7048924362,245178.26530669487,245363.87703370227,245178.26530669487
2016-06-09,245106.24250416312,244778.33865817264,244963.6476214917,244778.33865817264
2016-06-10,242325.77485540524,242001.59072714354,242184.79755886339,242001.59072714354
2016-06-13,240301.58639239718,239980.11022936413,240161.78670322034,239980.11022936413
2016-06-14,240301.58639239718,239980.11022936413,240161.78670322034,239980.11022936413
2016-06-15,239612.029686895,239291.47601483346,239472.6311595022,239291.47601483346
2016-06-16,240323.8272191464,240002.32130227046,240184.01459097603,240002.32130227046
2016-06-17,237506.83798346616,237189.10064300452,237368.6641885032,237189.10064300452
2016-06-20,239001.27217591953,238681.53557703723,238862.2289674885,238681.53557703723
2016-06-21,239759.55503975484,239438.80400784602,239620.0706868842,239438.80400784602
2016-06-22,239179.63595604096,238859.6607415735,239040.48898133278,238859.6607415735
2016-06-23,242592.02724245947,242267.48692097797,242450.89504889213,242267.48692097797
2016-06-24,232600.1764418922,232289.00324754947,232464.857183883,232289.00324754947
2016-06-27,227983.4653345475,227678.46838978725,227850.83192970938,227678.46838978725
2016-06-28,232979.29055092687,232667.61017662354,232843.7507365934,232667.61017662354
2016-06-29,237105.5012629376,236788.30083191107,236967.56095269535,236788.30083191107
2016-06-30,239848.75514507087,239527.88478100105,239709.2188984646,239527.88478100105
2016-07-01,242052.81148648073,241730.32993110563,241912.57458436844,241730.32993110563
2016-07-05,240574.6772293772,240254.1649592641,240435.29670636603,240254.1649592641
2016-07-06,242545.54729324588,242222.4092769589,242405.02491730382,242222.4092769589
2016-07-07,243262.180758076,242938.08798702722,243121.24318986063,242938.08798702722
2016-07-08,247024.63448401992,246695.5290798928,246881.51708219046,246695.5290798928
2016-07-11,248435.5683493474,248104.58318953952,248291.63350196485,248104.58318953952
2016-07-12,249689.80494838592,249357.14879716598,249545.14344034583,249357.14879716598
2016-07-13,249085.09287639134,248753.24236956087,248940.78171729832,248753.24236956087
2016-07-14,250787.1430823578,250453.02497204702,250641.8458151231,250453.02497204702
2016-07-15,250384.01389489337,250050.43286459663,250238.9501865587,250050.43286459663
2016-07-18,252041.37968139636,251705.59057967347,251895.35575350406,251705.59057967347
2016-07-19,251123.0352964502,250788.46968444352,250977.54342505758,250788.46968444352
2016-07-20,254056.91587393053,253718.441518348,253909.72421512034,253718.441518348
2016-07-21,253474.59173866262,253136.89320052144,253327.7374580149,253136.89320052144
2016-07-22,254527.20887157504,254188.10795513404,254379.74474151086,254188.10795513404
2016-07-25,254549.72484388758,254210.5939299195,254402.24766885946,254210.5939299195
2016-07-26,254840.76802133466,254501.24935704065,254693.12222610612,254501.24935704065
2016-07-27,256609.98203748124,256268.10628886244,256461.31122175703,256268.10628886244
2016-07-28,257505.9019041047,257162.83254145476,257356.7120238596,257162.83254145476
2016-07-29,258065.72835785805,257721.91315092542,257916.2141338174,257721.91315092542
2016-08-01,260431.51327651317,260085.87806526982,260281.20759087693,260085.87806526982
2016-08-02,258453.15878752663,258110.14917624663,258303.99489123898,258110.14917624663
2016-08-03,259307.43570689802,258963.29233043047,259157.7787724351,258963.29233043047
2016-08-04,260049.30486930787,259704.1769111304,259899.219771787,259704.1769111304
2016-08-05,262544.89661958255,262196.45660300273,262393.37121391937,262196.45660300273
2016-08-08,262252.6401237386,261904.58797932684,262101.2833912611,261904.58797932684
2016-08-09,262859.6824061471,262510.8246173459,262707.9753247225,262510.8246173459
2016-08-10,262185.2175030979,261837.25483953053,262033.89968297427,261837.25483953053
2016-08-11,263309.29507271305,262959.8405743699,263157.32850141614,262959.8405743699
2016-08-12,263489.1621728756,263139.46896147355,263337.09179291327,263139.46896147355
2016-08-15,264613.2213812106,264262.0363594012,264460.50226067204,264262.0363594012
2016-08-16,263151.90217943076,262802.65656719834,263000.0264460146,262802.65656719834
2016-08-17,263624.0074141571,263274.13524106616,263471.8592094869,263274.13524106616
2016-08-18,263691.5218411985,263341.56006542104,263539.33467118914,263341.56006542104
2016-08-19,263624.0074141571,263274.13524106616,263471.8592094869,263274.13524106616
2016-08-22,263826.38544376014,263476.24468192534,263674.1204384458,263476.24468192534
2016-08-23,264298.4355946461,263947.66834505805,264145.89814986894,263947.66834505805
2016-08-24,262589.9184784636,262241.4187105138,262438.3670888429,262241.4187105138
2016-08-25,262162.7249349375,261814.79212268672,262011.4200961956,261814.79212268672
2016-08-26,262544.89661958255,262196.45660300273,262393.37121391937,262196.45660300273
2016-08-29,262904.6308199076,262555.7133772101,262752.8977969137,262555.7133772101
2016-08-30,262050.26209413557,261702.47853846767,261899.02216230216,261702.47853846767
2016-08-31,261780.55325029243,261433.12764237073,261629.46897847182,261433.12764237073
2016-09-01,263454.6631594743,263106.34249942395,263303.1896581438,263106.34249942395
2016-09-02,264312.2493430243,263962.7948446811,264160.2827717273,263962.7948446811
2016-09-06,265959.6869807178,265608.0543597388,265806.77321363316,265608.0543597388
2016-09-07,266117.66095779033,265765.819475069,265964.656363422,265765.819475069
2016-09-08,264560.48099898186,264210.6983067354,264408.3717066656,264210.6983067354
2016-09-09,257903.05101245784,257562.0702915993,257754.76941564653,257562.0702915993
2016-09-12,262529.4159713936,262182.31860611204,262378.4744417864,262182.31860611204
2016-09-13,260182.31083356592,259838.31664057597,260032.71877422032,259838.31664057597
2016-09-14,261423.50597579163,261077.87076454828,261273.2002901554,261077.87076454828
2016-09-15,265485.76504950033,265134.7590137482,265333.12376426667,265134.7590137482
2016-09-16,265359.1241445341,265008.28554420744,265206.5556716055,265008.28554420744
2016-09-19,264205.20082373393,263855.887857184,264053.29580008186,263855.887857184
2016-09-20,264702.97275219,264353.0016676755,264550.78153410903,264353.0016676755
2016-09-21,267304.72361014766,266951.31267922744,267151.0365130136,266951.31267922744
2016-09-22,269431.4650949735,269075.24234061135,269276.5552258632,269075.24234061135
2016-09-23,267711.9429602165,267357.99363338744,267558.0217319419,267357.99363338744
2016-09-26,265472.14437874354,265121.156351255,265319.5109247271,265121.156351255
2016-09-27,268096.60249836877,267742.14460257906,267942.4601097383,267742.14460257906
2016-09-28,268549.0151971463,268193.95915407775,268394.61269341776,268193.95915407775
2016-09-29,266603.37886909494,266250.8952053568,266450.09501076594,266250.8952053568
2016-09-30,268594.41128926264,268239.2952267715,268439.98268500913,268239.2952267715
2016-10-03,269209.3965474267,268854.7891270015,269055.18913532025,268854.7891270015
2016-10-04,268800.69636533904,268446.6272920858,268646.723063179,268446.6272920858
2016-10-05,269754.4411230499,269399.1157601848,269599.92150076583,269399.1157601848
2016-10-06,269618.13372934976,269262.98791301576,269463.6921861028,269262.98791301576
2016-10-07,269027.7273554975,268673.35923297325,268873.62400638545,268673.35923297325
2016-10-10,270730.84827995754,270374.23677616415,270575.7693561679,270374.23677616415
2016-10-11,266870.4334512143,266518.9069547117,266717.5658342662,266518.9069547117
2016-10-12,266643.30996146734,266292.08263607783,266490.5724444564,266292.08263607783
2016-10-13,265689.60220359196,265339.6311190774,265537.4109855109,265339.6311190774
2016-10-14,266007.5232894681,265657.1334336268,265855.14996114676,265657.1334336268
2016-10-17,265280.80952191574,264931.3769064152,265128.8524667664,264931.3769064152
2016-10-18,267642.50901699584,267289.9655287825,267489.1991429183,267289.9655287825
2016-10-19,267619.80961796356,267267.29602980363,267466.5127464617,267267.29602980363
2016-10-20,267301.8885320874,266949.79371525417,267148.77377082594,266949.79371525417
2016-10-21,268301.0505877805,267947.63965686026,268147.3634906464,267947.63965686026
2016-10-24,271525.71574435994,271168.05722696026,271370.18150787975,271168.05722696026
2016-10-25,270662.78708269604,270306.2652303261,270507.7471454397,270306.2652303261
2016-10-26,268823.3402646182,268469.24136441684,268669.35399167356,268469.24136441684
2016-10-27,267597.0917190135,267244.60805527546,267443.8078606846,267244.60805527546
2016-10-28,265916.7071934212,265566.43696216197,265764.385886,265566.43696216197
2016-10-31,265666.8658047242,265316.9246689999,265514.68761041306,265316.9246689999
2016-11-01,264668.22328339325,264320.9144002114,264517.18977142434,264320.9144002114
2016-11-02,262548.37662997725,262203.849499605,262398.5528132295,262203.849499605
2016-11-03,259972.59785824158,259631.45077416816,259824.2439153953,259631.45077416816
2016-11-04,259060.75219166235,258720.80167019914,258912.9185955796,258720.80167019914
2016-11-07,265215.2786871722,264867.2519346558,265063.9329968169,264867.2519346558
2016-11-08,266947.6981743897,266597.39806744555,266795.36387498985,266597.39806744555
2016-11-09,268178.63318558806,267826.71779344376,268025.59645037836,267826.71779344376
2016-11-10,263847.66803281516,263501.43591708253,263697.1027725303,263501.43591708253
2016-11-11,263961.6324923349,263615.2508275983,263811.002197977,263615.2508275983
2016-11-14,261294.6375848389,260951.75566408856,261145.52921707375,260951.75566408856
2016-11-15,264918.91909625236,264571.28123937774,264767.7425241586,264571.28123937774
2016-11-16,266491.82176625065,266142.1198796905,266339.7476137399,266142.1198796905
2016-11-17,268429.34756850736,268077.1031783018,268276.1677625758,268077.1031783018
2016-11-18,267426.34147634846,267075.4132733352,267273.73403808067,267075.4132733352
2016-11-21,270207.3565535448,269852.7789844362,270053.16212282004,269852.7789844362
2016-11-22,271027.9303741831,270672.27601325687,270873.2676811773,270672.27601325687
2016-11-23,269933.7824265048,269579.5638529845,269779.7441114659,269579.5638529845
2016-11-25,270800.0014551437,270444.6461922253,270645.4688302839,270444.6461922253
2016-11-28,270184.51537948434,269829.9677835344,270030.3339831265,269829.9677835344
2016-11-29,271119.109369823,270763.33535994624,270964.3946453199,270763.33535994624
2016-11-30,267836.7212369687,267485.2545162045,267683.8796145751,267485.2545162045
2016-12-01,264209.0594431285,263863.6649431546,264058.8584351154,263863.6649431546
2016-12-02,264735.357903076,264389.27538508415,264584.85769805824,264389.27538508415
2016-12-05,266794.62132545037,266445.8467791776,266642.9504435358,266445.8467791776
2016-12-06,267435.3170953326,267085.70498203795,267283.2819823403,267085.70498203795
2016-12-07,270821.7533501551,270467.7142256921,270667.7930717649,270467.7142256921
2016-12-08,271302.2332362359,270947.56599133543,271147.9998083808,270947.56599133543
2016-12-09,273430.16859763575,273072.71955118893,273274.7254533654,273072.71955118893
2016-12-12,272194.59563173796,271838.7618217544,272039.85490208335,271838.7618217544
2016-12-13,275626.77589806117,275266.4552768025,275470.08399785706,275266.4552768025
2016-12-14,275054.733426613,274695.16062347905,274898.36672856513,274695.16062347905
2016-12-15,275489.52522296755,275129.3840263977,275332.9113488152,275129.3840263977
2016-12-16,274468.2631373565,274109.4570135058,274312.22984357877,274109.4570135058
2016-12-19,275592.8127403781,275232.53651838365,275436.1401479923,275232.53651838365
2016-12-20,276648.48535786784,276286.8290790479,276491.21262296,276286.8290790479
2016-12-21,276441.83576068084,276080.44963018375,276284.68050462805,276080.44963018375
2016-12-22,275661.5965229525,275301.23038148205,275504.8848274659,275301.23038148205
2016-12-23,275845.15042729134,275484.54432997253,275688.33438269,275484.54432997253
2016-12-27,277268.04269700765,276905.576484956,277110.4177480726,276905.576484956
2016-12-28,275110.8229663871,274751.1768386723,274954.424381827,274751.1768386723
2016-12-29,274720.7313084101,274361.5951386561,274564.5544882376,274361.5951386561
2016-12-30,271898.0051806427,271542.55909661663,271743.4330605914,271542.55909661663
2017-01-03,275330.26517804025,274971.6390637206,275174.3101646434,274971.6390637206
2017-01-04,276827.43323826743,276466.8570166336,276670.6301856449,276466.8570166336
2017-01-05,278393.63573907944,278031.01949065545,278235.9455441304,278031.01949065545
2017-01-06,280834.98541107716,280469.1892298332,280675.9123651707,280469.1892298332
2017-01-09,281756.36133637803,281389.3650347343,281596.7663965393,281389.3650347343
2017-01-10,282378.2699742966,282010.4636175791,282218.3227674454,282010.4636175791
2017-01-11,283138.3223274667,282769.5259792496,282977.9446050133,282769.5259792496
2017-01-12,282700.6926163124,282332.46629421547,282540.5627799656,282332.46629421547
2017-01-13,283668.03537644166,283298.5490607329,283507.3576092199,283298.5490607329
2017-01-17,282815.8622684099,282447.48593430914,282655.6671966462,282447.48593430914
2017-01-18,283391.67311185674,283022.54676647316,283231.1518842026,283022.54676647316
2017-01-19,283253.47327104374,282884.5269351912,283093.0303237705,282884.5269351912
2017-01-20,283875.3632004419,283505.6068338839,283714.56799675315,283505.6068338839
2017-01-23,284105.665087596,283735.60874576704,283944.73943426757,283735.60874576704
2017-01-24,286017.3391276597,285644.7927717657,285855.33064694813,285644.7927717657
2017-01-25,288896.43076193455,288520.1343008899,288732.7914805768,288520.1343008899
2017-01-26,289195.86063227593,288819.1741546421,289032.0517451924,288819.1741546421
2017-01-27,289748.6225784868,289371.21611146576,289584.5005910739,289371.21611146576
2017-01-30,287491.4769991714,287117.0105334904,287328.6335241982,287117.0105334904
2017-01-31,286915.64744720416,286541.9310171743,286753.13013871846,286541.9310171743
2017-02-01,289896.1308519076,289519.83439086296,289732.4915705498,289519.83439086296
2017-02-02,289641.90336993674,289265.93690605863,289478.40759377973,289265.93690605863
2017-02-03,290473.9717834585,290096.92526239424,290310.00632501615,290096.92526239424
2017-02-06,290820.60124935047,290443.10478974815,290656.4401270456,290443.10478974815
2017-02-07,291883.7872622329,291504.910745805,291719.025997406,291504.910745805
2017-02-08,292369.1323435644,291989.62583033065,292204.09711330006,291989.62583033065
2017-02-09,293432.2808099276,293051.3942886051,293266.6454583353,293051.3942886051
2017-02-10,294402.9897458503,294020.84320654755,294236.8064527859,294020.84320654755
2017-02-13,296067.12657289376,295682.8199192187,295900.0039152588,295682.8199192187
2017-02-14,297060.92661816697,296675.3299733529,296893.24298469303,296675.3299733529
2017-02-15,298817.3715628334,298429.4949841176,298648.69645911234,298429.4949841176
2017-02-16,298724.95080565254,298337.1941926768,298556.3278711904,298337.1941926768
2017-02-17,300019.21687137644,299629.7802506726,299849.8633553496,299629.7802506726
2017-02-21,301498.39954450045,301107.04288711486,301328.211066003,301107.04288711486
2017-02-22,301614.02405058953,301222.5173080947,301443.770304884,301222.5173080947
2017-02-23,300481.45207009785,300091.41545011516,300311.83763359743,300091.41545011516
2017-02-24,301059.29300164874,300668.50632164645,300889.3523880638,300668.50632164645
2017-02-27,301429.10744318936,301037.84072964825,301258.95807838975,301037.84072964825
2017-02-28,300504.6182724869,300114.5515818718,300334.9907592314,300114.5515818718
2017-03-01,304786.24083850905,304391.9140847827,304614.76076021977,304391.9140847827
2017-03-02,303255.74326897186,302863.3966444551,303085.1242854692,302863.3966444551
2017-03-03,303812.3563307622,303419.28957064776,303641.4241833479,303419.28957064776
2017-03-06,303139.9642864723,302747.7674546437,302969.4104430132,302747.7674546437
2017-03-07,302629.741924844,302238.20520919055,302459.47514477157,302238.20520919055
2017-03-08,303163.11254895676,302770.8857683379,302992.54568172776,302770.8857683379
2017-03-09,303395.04721472855,303002.520361365,303224.3498554716,303002.520361365
2017-03-10,304670.3300107391,304276.1532202798,304498.9151466726,304276.1532202798
2017-03-13,305180.45819717424,304785.62141238194,305008.75632270623,304785.62141238194
2017-03-14,304438.33883985144,304044.46219524206,304267.054499604,304044.46219524206
2017-03-15,306316.75724308495,305920.4503357805,306144.4160594119,305920.4503357805
2017-03-16,306107.91433468176,305711.877624437,305935.6906510578,305711.877624437
2017-03-17,306001.063160496,305605.1646923075,305828.8995939156,305605.1646923075
2017-03-20,306279.9347425503,305883.67547551024,306107.6142761027,305883.67547551024
2017-03-21,301632.67148453544,301242.4247600209,301462.965680302,301242.4247600209
2017-03-22,303677.4221139692,303284.5299292277,303506.5658837945,303284.5299292277
2017-03-23,302910.6288560324,302518.7287341063,302740.2040422088,302518.7287341063
2017-03-24,303538.06166309665,303145.3497803072,303367.28384046734,303145.3497803072
2017-03-27,304026.096349211,303632.75305624714,303855.0439465155,303632.75305624714
2017-03-28,305884.85097210784,305489.10285708116,305712.752789303,305489.10285708116
2017-03-29,307302.33830982517,306904.756276119,307129.44261451135,306904.756276119
2017-03-30,307813.5400934626,307415.29667642334,307640.35678371566,307415.29667642334
2017-03-31,307604.4146594798,307206.4418050266,307431.3490087377,307206.4418050266
2017-04-03,308418.3259283409,308020.5934439992,308245.3648068633,308020.5934439992
2017-04-04,308907.7775965222,308509.41392132186,308734.54199035186,308509.41392132186
2017-04-05,307648.96353663364,307252.22321258107,307476.43387389544,307252.22321258107
2017-04-06,307812.01961125096,307415.06901208754,307639.39850660035,307415.06901208754
2017-04-07,307648.96353663364,307252.22321258107,307476.43387389544,307252.22321258107
2017-04-10,307765.47805234697,307368.5874726062,307592.88304822135,307368.5874726062
2017-04-11,306436.57765791734,306041.4008118003,306264.72790166846,306041.4008118003
2017-04-12,305201.1194107797,304807.53579644114,305029.9625000137,304807.53579644114
2017-04-13,303988.92249494966,303596.9021148625,303818.44538470265,303596.9021148625
2017-04-17,306506.6828887471,306111.4156357856,306334.7938174566,306111.4156357856
2017-04-18,306040.43586300756,305645.7698764829,305868.808263237,305645.7698764829
2017-04-19,306529.9442200548,306134.6469695662,306358.0421038002,306134.6469695662
2017-04-20,309094.2839653334,308695.6797738111,308920.9437663163,308695.6797738111
2017-04-21,309024.32990481274,308625.81592518743,308851.02893606096,308625.81592518743
2017-04-24,312754.17383670836,312350.8498961679,312578.7811699764,312350.8498961679
2017-04-25,315015.51159375114,314609.2714598187,314838.85076789366,314609.2714598187
2017-04-26,314572.52589931927,314166.8570342965,314396.1135000178,314166.8570342965
2017-04-27,316460.8131261623,316052.70914912847,316283.3417746229,316052.70914912847
2017-04-28,317020.46450661647,316611.63881003746,316842.6793023574,316611.63881003746
2017-05-01,320840.73801573645,320428.2749423256,320661.37103276723,320428.2749423256
2017-05-02,321378.69088180136,320965.53623258293,321199.0231546587,320965.53623258293
2017-05-03,320349.83233126334,319938.00035123737,320170.7397905987,319938.00035123737
2017-05-04,320466.7868479518,320054.80451476405,320287.62892351166,320054.80451476405
2017-05-05,321635.9149971114,321222.4296684107,321456.1034680507,321222.4296684107
2017-05-08,322337.5283651356,321923.1410636744,322157.3245970038,321923.1410636744
2017-05-09,323459.98843972676,323044.1581378068,323279.15715690237,323044.1581378068
2017-05-10,323646.9640236191,323230.8933515876,323466.0282115302,323230.8933515876
2017-05-11,323389.85364041594,322974.1135016563,323209.06156666286,322974.1135016563
2017-05-12,324114.6683582662,323697.99641979794,323933.47107465734,323697.99641979794
2017-05-15,325143.5648195065,324725.570163109,324961.79232822557,324725.570163109
2017-05-16,326500.08557028405,326080.34701215674,326317.554711983,326080.34701215674
2017-05-17,318198.36206332484,317789.2959478974,318020.47230860713,317789.2959478974
2017-05-18,320981.235078572,320568.5913864196,320801.78955029574,320568.5913864196
2017-05-19,322337.5283651356,321923.1410636744,322157.3245970038,321923.1410636744
2017-05-22,325050.266581072,324632.391866046,324868.54624845285,324632.391866046
2017-05-23,325377.47385288356,324959.17849016236,325195.5705940515,324959.17849016236
2017-05-24,326874.1125594733,326453.89316364925,326691.3726002551,326453.89316364925
2017-05-25,329656.87184261356,329233.07501627493,329472.576173419,329233.07501627493
2017-05-26,330241.4548725445,329816.90652408096,330056.83239044267,329816.90652408096
2017-05-30,330522.10780189466,330097.1986545795,330337.3284199255,330097.1986545795
2017-05-31,330405.1153745038,329980.35662908736,330220.4013975043,329980.35662908736
2017-06-01,332691.20141594356,332264.78893195756,332505.76828099525,332264.78893195756
2017-06-02,336490.8838805532,336059.6013187557,336303.33290471154,336059.6013187557
2017-06-05,336420.4996738203,335989.3073239199,336232.98792824394,335989.3073239199
2017-06-06,335083.5419705631,334654.06320807594,334896.7754092813,334654.06320807594
2017-06-07,336397.15234646533,335965.9899209868,336209.6536140618,335965.9899209868
2017-06-08,336748.9973302036,336317.3839427133,336561.30248886166,336317.3839427133
2017-06-09,328328.40727250755,327907.5866102467,328145.40584176936,327907.5866102467
2017-06-12,326569.2584037423,326150.69245406665,326387.23747530836,326150.69245406665
2017-06-13,329219.7504329754,328797.78733036894,329036.25219151354,328797.78733036894
2017-06-14,327789.0231706673,327368.8938405298,327606.32237813214,327368.8938405298
2017-06-15,326334.7964811518,325916.5310428524,326152.90623549256,325916.5310428524
2017-06-16,324918.7848795706,324502.3343525818,324737.6838807243,324502.3343525818
2017-06-19,330351.94370983785,329928.5294677197,330167.8144142699,329928.5294677197
2017-06-20,327764.64916930813,327344.5510794872,327581.9619621863,327344.5510794872
2017-06-21,331010.34594623995,330586.0878256787,330825.84967495926,330586.0878256787
2017-06-22,330916.31021244713,330492.17261809955,330731.8663541574,330492.17261809955
2017-06-23,332186.3820055783,331760.616551925,332001.2302434029,331760.616551925
2017-06-26,330634.0128862531,330210.2371142308,330449.72637290653,330210.2371142308
2017-06-27,324636.601628266,324220.51277739194,324455.6579107806,324220.51277739194
2017-06-28,329316.9422387071,328894.8545647289,329133.3898251446,328894.8545647289
2017-06-29,323601.79028195085,323187.0277555325,323421.4233405004,323187.0277555325
2017-06-30,323719.28741798794,323304.37429472356,323538.8549867915,323304.37429472356
2017-07-03,321308.718690651,320898.17653118505,321130.187051646,320898.17653118505
2017-07-05,324470.13993454137,324055.5583680225,324289.85168675665,324055.5583680225
2017-07-06,321544.59896588826,321133.7554177829,321365.9362626149,321133.7554177829
2017-07-07,325012.80951342254,324597.5345678329,324832.21973728295,324597.5345678329
2017-07-10,327136.07528332627,326718.0874013499,326954.3057380242,326718.0874013499
2017-07-11,328056.25247605337,327637.0888664674,327873.9716444623,327637.0888664674
2017-07-12,331949.1161775684,331524.9785832208,331764.67231927864,331524.9785832208
2017-07-13,332680.4442042703,332255.3721784247,332495.59399164387,332255.3721784247
2017-07-14,335299.19586927956,334870.77781545173,335112.89057622827,334870.77781545173
2017-07-17,335464.31969067384,335035.69065505103,335277.9226483958,335035.69065505103
2017-07-18,337705.64002911886,337274.14721657906,337517.9976219619,337274.14721657906
2017-07-19,339687.43103497743,339253.406051003,339498.6874675473,339253.406051003
2017-07-20,340135.7332463073,339701.1354582127,339946.7405847073,339701.1354582127
2017-07-21,339994.1059076986,339559.68907950347,339805.1919397643,339559.68907950347
2017-07-24,341551.16747229465,341114.7611574159,341361.38834030787,341114.7611574159
2017-07-25,340678.2883942658,340242.99737331097,340488.9942678932,340242.99737331097
2017-07-26,341787.20032209554,341350.49242362997,341597.29004106397,341350.49242362997
2017-07-27,339640.2473512018,339206.28265470266,339451.5300008642,339206.28265470266
2017-07-28,339357.2215358297,338923.61846670846,339168.66144565895,338923.61846670846
2017-07-31,337918.0619652114,337486.2977371909,337730.301528153,337486.2977371909
2017-08-01,339696.1974783802,339263.43862886,339508.0045122808,339263.43862886
2017-08-02,340619.0906756408,340185.1560985109,340430.3864232524,340185.1560985109
2017-08-03,339294.0480301294,338861.8015023068,339106.07785633096,338861.8015023068
2017-08-04,339909.0933763555,339476.06330630183,339720.78246513096,339476.06330630183
2017-08-07,342062.45982832875,341626.68645883497,341872.95594402205,341626.68645883497
2017-08-08,341470.9420611242,341035.92226070276,341281.7658798767,341035.92226070276
2017-08-09,341021.2401238916,340586.7932250641,340832.3130792022,340586.7932250641
2017-08-10,333709.710200975,333284.5778876541,333524.8337712561,333284.5778876541
2017-08-11,336241.58375349944,335813.22593841003,336055.30465634656,335813.22593841003
2017-08-14,340571.65295533725,340137.77881189313,340382.9749836236,340137.77881189313
2017-08-15,340808.42073836847,340374.2449626007,340619.611596416,340374.2449626007
2017-08-16,341399.9767617991,340965.04736822215,341210.8398955933,340965.04736822215
2017-08-17,334419.5927315822,333993.55605739553,334234.32302428165,333993.55605739553
2017-08-18,334182.90146100306,333757.1663216664,333997.7628815532,333757.1663216664
2017-08-21,333757.0331526004,333331.8405518042,333572.13050578895,333331.8405518042
2017-08-22,338844.4226053489,338412.74888164655,338656.7015257204,338412.74888164655
2017-08-23,337637.629954562,337207.49363458395,337450.57744258334,337207.49363458395
2017-08-24,336643.8479704284,336214.97768743086,336457.34601739224,336214.97768743086
2017-08-25,335933.9271835952,335505.9613102002,335747.81852933473,335505.9613102002
2017-08-28,336975.1851442584,336545.8927514603,336788.4996291865,336545.8927514603
2017-08-29,338300.22778976976,337869.24734766444,338112.808196108,337869.24734766444
2017-08-30,342275.39398253005,341839.34934376605,342085.7721319042,341839.34934376605
2017-08-31,345943.09488651634,345502.37774910394,345751.44111584837,345502.37774910394
2017-09-01,346469.5654602353,346029.4511975755,346278.1738604923,346029.4511975755
2017-09-05,343360.8849864529,342924.7196265278,343171.2106380597,342924.7196265278
2017-09-06,344405.0026095755,343967.5109251948,344214.7514851474,343967.5109251948
2017-09-07,345211.85913982725,344773.3425196302,345021.16230363253,344773.3425196302
2017-09-08,342221.80921248026,341787.0908006983,342032.7640955012,341787.0908006983
2017-09-11,346161.09534595936,345721.37292752025,345969.8741467205,345721.37292752025
2017-09-12,346991.7777395152,346551.00011968013,346800.0976669783,346551.00011968013
2017-09-13,347466.3382921868,347024.95784633595,347274.39606991905,347024.95784633595
2017-09-14,345425.3327363237,344986.5449443301,345234.517976198,344986.5449443301
2017-09-15,346612.02186997497,346171.72664741566,346420.55157656624,346171.72664741566
2017-09-18,346157.71905615134,345718.0009265545,345966.4997219927,345718.0009265545
2017-09-19,346752.2146308661,346311.741323881,346560.66689424316,346311.741323881
2017-09-20,345682.0458625203,345242.9319723077,345491.08929272124,345242.9319723077
2017-09-21,343565.49582220335,343129.07054869254,343375.70844571455,343129.07054869254
2017-09-22,343232.54760681937,342796.5452716354,343042.94415266585,342796.5452716354
2017-09-25,339617.4236618375,339186.013555721,339429.8172210557,339186.013555721
2017-09-26,340497.36919304647,340064.841307427,340309.27666575165,340064.841307427
2017-09-27,343565.49582220335,343129.07054869254,343375.70844571455,343129.07054869254
2017-09-28,343446.3665056826,343010.09256007045,343256.64493685117,343010.09256007045
2017-09-29,345919.9975601247,345480.5814040095,345728.90954456356,345480.5814040095
2017-10-02,347228.666534459,346788.857900544,347037.40784287045,346788.857900544
2017-10-03,347968.16964584595,347527.4243385381,347776.50362499245,347527.4243385381
2017-10-04,348302.15616995434,347860.9878268459,348110.3061843774,347860.9878268459
2017-10-05,351712.82039771543,351267.3320208099,351519.0917677738,351267.3320208099
2017-10-06,352189.86704816425,351743.7744318745,351995.875653863,351743.7744318745
2017-10-09,351784.4658940161,351338.8867691082,351590.6978006741,351338.8867691082
2017-10-10,352046.8838772441,351600.9723670643,351852.97124019085,351600.9723670643
2017-10-11,353096.28646618506,352649.0457560758,352901.7958026454,352649.0457560758
2017-10-12,352452.0926428415,352005.6678849641,352257.9568107994,352005.6678849641
2017-10-13,353811.7410087278,353363.5940857528,353616.856262231,353363.5940857528
2017-10-16,355028.25229285343,354578.56450583815,354832.6974739262,354578.56450583815
2017-10-17,355481.2888521682,355031.02723755897,355285.4844939951,355031.02723755897
2017-10-18,355052.06999543676,354602.3520403154,354856.5020573662,354602.3520403154
2017-10-19,353740.28790097794,353292.23148232105,353545.442511911,353292.23148232105
2017-10-20,354694.34272416536,354245.0778754769,354498.9718275734,354245.0778754769
2017-10-23,352380.67801280174,351934.34371050564,352186.5815169955,351934.34371050564
2017-10-24,352976.96708700765,352529.8775098497,352782.542146349,352529.8775098497
2017-10-25,351641.2903345452,351195.8925594315,351447.60110442166,351195.8925594315
2017-10-26,350520.2807270137,350076.30285109504,350327.20896558283,350076.30285109504
2017-10-27,360728.6865739746,360271.7784723496,360529.9918714283,360271.7784723496
2017-10-30,361539.6812708216,361081.7459427487,361340.53986038646,361081.7459427487
2017-10-31,362899.17572586733,362439.51842764416,362699.2854857538,362439.51842764416
2017-11-01,363779.6333920832,363320.12712933763,363579.80883246247,363320.12712933763
2017-11-02,363085.9748812272,362627.3448094519,362886.53134900256,362627.3448094519
2017-11-03,366577.9192692571,366114.8783669455,366376.5576080733,366114.8783669455
2017-11-06,367821.5504363453,367356.93864809786,367619.50564717,367356.93864809786
2017-11-07,368036.92488331365,367572.0410460065,367834.76178871375,367572.0410460065
2017-11-08,369519.69808234565,369052.9412881474,369316.7204987685,369052.9412881474
2017-11-09,367582.36982065963,367118.0601521043,367380.45641366416,367118.0601521043
2017-11-10,367558.44790071686,367094.1684490045,367356.5476340588,367094.1684490045
2017-11-13,368012.92579588725,367548.07227289665,367810.77588401287,367548.07227289665
2017-11-14,366673.5683652862,366210.4066443399,366472.154163947,366210.4066443399
2017-11-15,364951.5759668268,364490.5893712005,364751.1076578386,364490.5893712005
2017-11-16,369615.34717837477,369148.46956554183,369412.3170546422,369148.46956554183
2017-11-17,368204.4169066548,367739.32150271046,368002.161808499,367739.32150271046
2017-11-20,367917.39245108364,367452.65960051725,367715.2950157824,367452.65960051725
2017-11-21,371911.3884879765,371441.61064306775,371707.0971461837,371441.61064306775
2017-11-22,372365.86638314684,371895.5144669599,372161.32539613784,371895.5144669599
2017-11-24,373729.1071499488,373257.0332636116,373523.8173332613,373257.0332636116
2017-11-27,373561.769461575,373089.9069469276,373356.57156366704,373089.9069469276
2017-11-28,374518.37617309205,374045.30532588676,374312.65281004715,374045.30532588676
2017-11-29,367989.08104342816,367524.25763980683,367786.944229503,367524.25763980683
2017-11-30,371074.2756249477,370605.5551745929,370870.4441101871,370605.5551745929
2017-12-01,370495.5920036014,370028.8652800356,370292.62749677943,370028.8652800356
2017-12-04,366226.7433884988,365765.3942882314,366026.1174378501,365765.3942882314
2017-12-05,366466.49374981644,366004.8426273306,366265.7364593762,366004.8426273306
2017-12-06,368121.3012703329,367657.5655268452,367919.6374449715,367657.5655268452
2017-12-07,369368.37455526326,368903.0678283661,369166.0275595222,368903.0678283661
2017-12-08,370999.195433208,370531.8343021519,370795.9550428831,370531.8343021519
2017-12-11,373876.8961554172,373405.9098804769,373672.0793060994,373405.9098804769
2017-12-12,373373.3314139438,372902.9794977569,373168.7904269348,372902.9794977569
2017-12-13,374092.8146266959,373621.55635143263,373887.8794931475,373621.55635143263
2017-12-14,373829.0389346733,373358.1129472082,373624.24830244796,373358.1129472082
2017-12-15,378073.63009027194,377597.35703750927,377866.51419056935,377597.35703750927
2017-12-18,381243.4649061248,380763.19869757356,381034.61251083633,380763.19869757356
2017-12-19,378984.5808741328,378507.16026365594,378776.9659383267,378507.16026365594
2017-12-20,378575.9954996168,378099.0895989428,378368.60439462226,378099.0895989428
2017-12-21,378624.08484915976,378147.1183685895,378416.6673999082,378147.1183685895
2017-12-22,378191.51283207204,377715.09127814753,377984.3323539694,377715.09127814753
2017-12-26,376148.8954645573,375675.0470697527,375942.83397095965,375675.0470697527
2017-12-27,376196.8687497007,375722.95992121036,375990.78097542835,375722.95992121036
2017-12-28,376653.46609749336,376178.98207677744,376447.12819054053,376178.98207677744
2017-12-29,374322.23525645444,373850.68797171,374117.1744419371,373850.68797171
2018-01-02,381882.7463473911,381402.93417127273,381674.0913962689,381402.93417127273
2018-01-03,385593.44448151055,385108.97004148085,385382.7620611057,385108.97004148085
2018-01-04,386268.07455352036,385782.75248231064,386057.02352545765,385782.75248231064
2018-01-05,390147.27504693205,389657.07899896335,389934.1044824486,389657.07899896335
2018-01-08,391665.30907798687,391173.20571365254,391451.309082691,391173.20571365254
2018-01-09,391689.4362574251,391197.3025787742,391475.42307940364,391197.3025787742
2018-01-10,390773.84470845317,390282.86141425336,390560.3317957925,390282.86141425336
2018-01-11,393448.431765442,392954.0880171544,393233.45749890513,392954.0880171544
2018-01-12,396339.93069930986,395841.95396050625,396123.3765615311,395841.95396050625
2018-01-16,395207.46606313647,394710.9121964753,394991.53068689007,394710.9121964753
2018-01-17,399472.0807927193,398970.16870002344,399253.8152955485,398970.16870002344
2018-01-18,399544.4235413566,399042.42055444774,399326.1185172031,399042.42055444774
2018-01-19,400797.368916011,400293.7916803242,400578.3793014737,400293.7916803242
2018-01-22,405086.382352775,404577.41623557894,404865.049286229,404577.41623557894
2018-01-23,408435.67706112884,407922.5027611912,408212.51399066055,407922.5027611912
2018-01-24,405785.062024868,405275.218059649,405563.34721032676,405275.218059649
2018-01-25,405640.5316863038,405130.8693145632,405418.8958409514,405130.8693145632
2018-01-26,411857.0042006994,411339.5312137021,411631.9717688789,411339.5312137021
2018-01-29,409857.2023744306,409342.2420153937,409633.2626040522,409342.2420153937
2018-01-30,406483.8192763161,405973.09736560046,406261.72267139144,405973.09736560046
2018-01-31,408170.58840472845,407657.74717237847,407947.5701746887,407657.74717237847
2018-02-01,405700.55183754413,405192.0701158344,405479.4294190841,405192.0701158344
2018-02-02,397608.75219644327,397110.4122706828,397392.04012028675,397110.4122706828
2018-02-05,381932.4142172078,381453.72211122396,381724.24634872086,381453.72211122396
2018-02-06,392053.1812991806,391561.8044062337,391839.49722302845,391561.8044062337
2018-02-07,386980.80158249737,386495.7821183482,386769.88214855536,386495.7821183482
2018-02-08,370652.1205125327,370187.56647744466,370450.1008383571,370187.56647744466
2018-02-09,377053.1787620679,376580.6020089808,376847.67026473343,376580.6020089808
2018-02-12,383744.01173216314,383263.04907412,383534.85647329193,383263.04907412
2018-02-13,385724.6833862751,385241.2382683776,385514.4485851051,385241.2382683776
2018-02-14,392946.9255527166,392454.42849216145,392732.754351541,392454.42849216145
2018-02-15,400241.57251380145,399739.93276258634,400023.4254492198,399739.93276258634
2018-02-16,398454.0840067295,397954.6845907308,398236.9111921948,397954.6845907308
2018-02-20,399251.1589157523,398750.7604919381,399033.55166470824,398750.7604919381
2018-02-21,398116.01349940954,397617.03780152724,397899.02494631556,397617.03780152724
2018-02-22,398067.6399416564,397568.7248724072,397850.67775401357,397568.7248724072
2018-02-23,406207.6187130275,405698.5014628801,405986.21992360044,405698.5014628801
2018-02-26,411594.1932421268,411078.3247694872,411369.85856222163,411078.3247694872
2018-02-27,406497.70451756014,405988.2236905612,406276.14762020257,405988.2236905612
2018-02-28,403888.837666099,403382.6266426592,403668.70270160557,403382.6266426592
2018-03-01,398294.4519014831,397796.505525733,398077.91096762405,397796.505525733
2018-03-02,401950.85556720634,401448.33796796825,401732.3267546295,401448.33796796825
2018-03-05,406406.5347127931,405898.4466385673,406185.58347901865,405898.4466385673
2018-03-06,408125.73911885376,407615.50170109817,407903.85320440325,407615.50170109817
2018-03-07,409070.3445011185,408558.926140911,408847.94503261114,408558.926140911
2018-03-08,411322.373238193,410808.1393992803,411098.74940815236,410808.1393992803
2018-03-09,419313.4127697401,418789.18856025056,419085.4444474416,418789.18856025056
2018-03-12,421541.15488417615,421014.1455590349,421311.9754042641,421014.1455590349
2018-03-13,415802.10510636057,415282.27072182787,415576.0457783673,415282.27072182787
2018-03-14,415729.36218847416,415209.6187468912,415503.3424086576,415209.6187468912
2018-03-15,415366.1933658429,414846.90395669284,415140.37103019265,414846.90395669284
2018-03-16,414131.2790288621,413613.5335054366,413906.128079676,413613.5335054366
2018-03-19,405295.2755395506,404788.5767577822,405074.92846457876,404788.5767577822
2018-03-20,406629.246550888,406120.88004307606,406408.1742352628,406120.88004307606
2018-03-21,404858.62311551743,404352.47023513174,404638.5134355764,404352.47023513174
2018-03-22,394865.86689177726,394372.20692140225,394651.18997835903,394372.20692140225
2018-03-23,384460.4719832419,383979.8208023648,384251.45217581623,383979.8208023648
2018-03-26,398746.5027459692,398247.99121778324,398529.7160454128,398247.99121778324
2018-03-27,385843.17217322777,385360.7923452528,385633.40063253307,385360.7923452528
2018-03-28,381404.4117984678,380927.5812936905,381197.05348073447,380927.5812936905
2018-03-29,388389.7980327394,387904.2344217339,388178.64196675393,387904.2344217339
2018-04-02,378183.81416739756,377712.25986454764,377978.75030093093,377712.25986454764
2018-04-03,382439.6484847443,381962.7876169136,382232.2769630913,381962.7876169136
2018-04-04,388470.6818909297,387986.3009769025,388260.0401419885,387986.3009769025
2018-04-05,390683.8079804807,390196.6675376445,390471.9662008245,390196.6675376445
2018-04-06,380907.56845556555,380432.6179257848,380701.0276787587,380432.6179257848
2018-04-09,383582.62075847044,383104.3347278657,383374.62947916274,383104.3347278657
2018-04-10,392045.66558123194,391556.82704929874,391833.0853570027,391556.82704929874
2018-04-11,389783.9156797489,389297.8973052579,389572.5618516858,389297.8973052579
2018-04-12,394477.55973781133,393985.6888969568,394263.660859531,393985.6888969568
2018-04-13,392434.81242335,391945.48866740416,392222.0211907352,391945.48866740416
2018-04-16,395425.99767714395,394932.9442367848,395211.5845242077,394932.9442367848
2018-04-17,403937.6272251719,403433.96070358803,403718.598783057,403433.96070358803
2018-04-18,404764.42746134347,404259.73000931164,404544.9507005886,404259.73000931164
2018-04-19,401043.6895952419,400543.631500805,400826.23034254625,400543.631500805
2018-04-20,394696.4059781708,394204.2622597302,394482.3884341663,394204.2622597302
2018-04-23,393699.187880244,393208.2875848885,393485.711061123,393208.2875848885
2018-04-24,385357.89802064025,384877.398411346,385148.9441268425,384877.398411346
2018-04-25,385820.0196673219,385338.9438423284,385610.81519576773,385338.9438423284
2018-04-26,393942.54145989724,393451.33772895485,393728.93268635595,393451.33772895485
2018-04-27,394185.77777955384,393694.2707592351,393972.0371151745,393694.2707592351
2018-04-30,391389.16594681895,390901.1459989071,391176.94169856835,390901.1459989071
2018-05-01,396863.50750783266,396369.90816609084,396648.8569598656,396369.90816609084
2018-05-02,394522.9259581342,394032.23771678424,394309.54135450994,394032.23771678424
2018-05-03,394474.1793533925,393983.55174067576,394260.82111521944,393983.55174067576
2018-05-04,401958.86000603944,401458.92331507936,401741.4535478283,401458.92331507936
2018-05-07,405298.9820651837,404794.8910944309,405079.76904371666,404794.8910944309
2018-05-08,404884.5575541323,404380.982024235,404665.5686813882,404380.982024235
2018-05-09,409297.41840058204,408788.35437106766,409076.0427551041,408788.35437106766
2018-05-10,413539.5877596888,413025.24752824707,413315.9176629442,413025.24752824707
2018-05-11,413149.3798095139,412635.5248995585,412925.920763543,412635.5248995585
2018-05-14,413856.59743200406,413341.86291949934,413632.75587505056,413341.86291949934
2018-05-15,409273.0450982112,408764.01138301345,409051.6826354588,408764.01138301345
2018-05-16,411979.14781272504,411466.74837986036,411756.3217071344,411466.74837986036
2018-05-17,410394.5304902584,409884.10192660306,410172.5614525769,409884.10192660306
2018-05-18,408273.50458876544,407765.71405296854,408052.6827449261,407765.71405296854
2018-05-21,410565.18279222783,410054.5419796196,410343.12145427323,410054.5419796196
2018-05-22,410028.8133985751,409518.839695879,409807.0421653595,409518.839695879
2018-05-23,413490.8803403207,412976.6006887753,413267.23658783315,412976.6006887753
2018-05-24,413368.8570869722,412854.72920195706,413145.27933288884,412854.72920195706
2018-05-25,413783.35996877076,413268.71654542634,413559.5580235763,413268.71654542634
2018-05-29,411954.8136957278,411442.4445284428,411732.00075166865,411442.4445284428
2018-05-30,414904.9237315651,414388.8853622895,414680.51516905334,414388.8853622895
2018-05-31,414636.6606639916,414120.9559471457,414412.39719623746,414120.9559471457
2018-06-01,422145.99175565725,421622.1906794419,421918.20744047035,421622.1906794419
2018-06-04,425958.234477835,425429.70314981183,425728.3931276063,425429.70314981183
2018-06-05,427277.94911173516,426747.7802745113,427047.39566119044,426747.7802745113
2018-06-06,429770.5950351835,429237.333309142,429538.6965863307,429237.333309142
2018-06-07,426275.9966549311,425747.071045845,426045.9838444936,425747.071045845
2018-06-08,426300.3492568841,425771.3934309551,426070.3233061092,425771.3934309551
2018-06-11,427449.04577965,426918.6646447364,427218.4000076381,426918.6646447364
2018-06-12,429697.3408373733,429164.17000554467,429465.48191550316,429164.17000554467
2018-06-13,429672.9489570301,429139.8083907812,429441.10319669143,429139.8083907812
2018-06-14,434023.0306768564,433484.49250520335,433788.8376707665,433484.49250520335
2018-06-15,432507.631102747,431970.97324724833,432274.2557859422,431970.97324724833
2018-06-18,432258.016932729,431721.66879986995,432024.7763043824,431721.66879986995
2018-06-19,431033.43456000637,430498.6058957134,430800.8546998836,430498.6058957134
2018-06-20,434094.63518227625,433556.0081633577,433860.40353935555,433556.0081633577
2018-06-21,430323.0848723941,429789.1376139136,430090.8883074353,429789.1376139136
2018-06-22,429367.95225676417,428835.1901321041,429136.2710685542,428835.1901321041
2018-06-25,419694.3131932363,419173.554173311,419467.85177091893,419173.554173311
2018-06-26,421408.65781394544,420885.771625754,421181.2713542641,420885.771625754
2018-06-27,415677.8228417755,415162.04750524356,415453.52866378124,415162.04750524356
2018-06-28,419253.3739843264,418733.16208420484,419027.15048689215,418733.16208420484
2018-06-29,420380.03533016384,419858.42546242685,420153.20390137855,419858.42546242685
2018-07-02,424196.153114389,423671.04862003436,423967.80198439065,423671.04862003436
2018-07-03,419286.4887223051,418767.4618097935,419060.7805380374,418767.4618097935
2018-07-05,424490.72825337294,423965.2591099561,424262.21854917397,423965.2591099561
2018-07-06,431094.1800090263,430560.53657602746,430862.1155680406,430560.53657602746
2018-07-09,434972.87078584253,434434.42599398136,434738.71838763397,434434.42599398136
2018-07-10,435292.0135386631,434753.1736859495,435057.6893411402,434753.1736859495
2018-07-11,433082.6212539317,432546.51636665803,432849.48640530114,432546.51636665803
2018-07-12,440545.34892622824,440000.00606776576,440308.1967797407,440000.00606776576
2018-07-13,440913.6662778982,440367.8674862659,440676.3158606747,440367.8674862659
2018-07-16,439857.96756408975,439313.4756021758,439621.1854452643,439313.4756021758
2018-07-17,442533.7114287816,441985.907213518,442295.48891703744,441985.907213518
2018-07-18,441699.12123950326,441152.3501478455,441461.3480001332,441152.3501478455
2018-07-19,439489.68958359584,438945.65350611485,439253.1057143122,438945.65350611485
2018-07-20,439391.4978706012,438847.5833428076,439154.9668593844,438847.5833428076
2018-07-23,440790.82820871484,440245.1814760339,440553.5439170602,440245.1814760339
2018-07-24,442607.45364146767,442059.5581420963,442369.1914331881,442059.5581420963
2018-07-25,448793.61030248186,448238.05707533145,448552.01799360255,448238.05707533145
2018-07-26,441993.89323436725,441446.7572499632,441755.96131482616,441446.7572499632
2018-07-27,436028.33327259484,435488.58194343635,435793.6127031529,435488.58194343635
2018-07-30,429866.7442254173,429334.62021224765,429635.3405314613,429334.62021224765
2018-07-31,433156.20598191366,432620.0100054797,432923.0315215241,432620.0100054797
2018-08-01,435800.794434839,435262.56228182546,435566.73450645624,435262.56228182546
2018-08-02,441730.46713106567,441184.9115850186,441493.2224935582,441184.9115850186
2018-08-03,443083.84555031307,442536.6185254855,442845.87404020707,442536.6185254855
2018-08-06,445691.90868031303,445141.4605887697,445452.5364314355,445141.4605887697
2018-08-07,447315.836505974,446763.38279585197,447075.5920777994,446763.38279585197
2018-08-08,447857.093165596,447303.9709809302,447616.5580392478,447303.9709809302
2018-08-09,447586.464835785,447033.6768883911,447346.07505852357,447033.6768883911
2018-08-10,444166.47725465323,443617.9131345276,443927.9242846178,443617.9131345276
2018-08-13,443674.31094823696,443126.35467402195,443436.02231092396,443126.35467402195
2018-08-14,446454.54546974547,445903.15548996703,446214.7636238351,445903.15548996703
2018-08-15,440992.1782097425,440447.53448129824,440755.33009251277,440447.53448129824
2018-08-16,442444.0530289911,441897.61617460527,442206.4251387078,441897.61617460527
2018-08-17,442542.5099672936,441995.9515144835,442304.8291977493,441995.9515144835
2018-08-20,442148.72167578235,441602.64956793236,441911.2524020878,441602.64956793236
2018-08-21,443772.6495014433,443224.57177501457,443534.3080484516,443224.57177501457
2018-08-22,445495.1131888042,444944.90814789885,445255.84663486626,444944.90814789885
2018-08-23,444855.2022823861,444305.78755813296,444616.2794118532,444305.78755813296
2018-08-24,448988.9336082381,448434.4135534305,448747.790592927,448434.4135534305
2018-08-27,453565.425193711,453005.2529809662,453321.8242359032,453005.2529809662
2018-08-28,454229.68396823836,453668.69136820897,453985.7262502705,453668.69136820897
2018-08-29,459470.5921750335,458903.126834835,459223.8196696324,458903.126834835
2018-08-30,458658.66772390174,458092.2051442557,458412.33128695516,458092.2051442557
2018-08-31,459249.05419842823,458681.8624668684,459002.4006766628,458681.8624668684
2018-09-04,458280.4442180245,457715.6834314756,458034.847836402,457715.6834314756
2018-09-05,452362.3674519837,451804.8997928885,452119.94261795445,451804.8997928885
2018-09-06,448318.3503059209,447765.8662814823,448078.09269502066,447765.8662814823
2018-09-07,446592.35828290397,446042.0012805209,446353.02564578544,446042.0012805209
2018-09-10,448096.4861982948,447544.27558754757,447856.3474862539,447544.27558754757
2018-09-11,451548.62843620573,450992.1635863999,451306.639691825,450992.1635863999
2018-09-12,450217.1274066951,449662.30342893215,449975.8522250228,449662.30342893215
2018-09-13,455025.4881549128,454464.7386055213,454781.63613188453,454464.7386055213
2018-09-14,453694.0662213407,453134.9574465184,453450.9277186326,453134.9574465184
2018-09-17,447159.39706635184,446608.34127510845,446919.76054833416,446608.34127510845
2018-09-18,450858.19998862356,450302.5859866295,450616.5812507108,450302.5859866295
2018-09-19,450512.90666889393,449957.71818827937,450271.4729766033,449957.71818827937
2018-09-20,455493.97339893033,454932.6465128922,455249.8703106816,454932.6465128922
2018-09-21,453003.5982257892,452445.34034751554,452760.82975074317,452445.34034751554
2018-09-24,454263.39878700644,453703.58839658694,454019.95517414185,453703.58839658694
2018-09-25,454880.94032721705,454320.3689109881,454637.16576859704,454320.3689109881
2018-09-26,455201.95119381254,454640.98418062594,454958.00460274325,454640.98418062594
2018-09-27,459055.70305969904,458489.98688480933,458809.69121028,458489.98688480933
2018-09-28,458956.9517804223,458391.35730143054,458710.99285265245,458391.35730143054
2018-10-01,460895.4020170478,460328.65067160473,460648.9400051028,460328.65067160473
2018-10-02,459855.60568437865,459290.13295002165,459609.699699452,459290.13295002165
2018-10-03,460350.63355535397,459784.5520978232,460104.4628562112,459784.5520978232
2018-10-04,451512.62234825565,450957.40876816673,451271.1777410074,450957.40876816673
2018-10-05,445991.8131178707,445443.3883363803,445753.32074174593,445443.3883363803
2018-10-08,443268.6049523909,442723.52883067215,443031.5688011719,442723.52883067215
2018-10-09,444704.54248365073,444157.70062609646,444466.73847045825,444157.70062609646
2018-10-10,425146.700748885,424623.9086715381,424919.3552149964,424623.9086715381
2018-10-11,419873.60362367186,419357.29573965236,419649.0778578282,419357.29573965236
2018-10-12,431558.67904883594,431028.00232496724,431327.90473465266,431028.00232496724
2018-10-15,426334.9261749731,425810.6729670617,426106.94524218945,425810.6729670617
2018-10-16,438738.04963364074,438198.5446204887,438503.43617914256,438198.5446204887
2018-10-17,438911.21030364005,438371.4923592193,438676.50425215147,438371.4923592193
2018-10-18,428736.2671394769,428209.0610636989,428507.00209901313,428209.0610636989
2018-10-19,428340.2844766335,427813.56533065764,428111.2311863485,427813.56533065764
2018-10-22,430543.61429274717,430014.18576817424,430313.3827804685,430014.18576817424
2018-10-23,428959.24766806833,428431.7673988095,428729.8633896398,428431.7673988095
2018-10-24,409327.2112035615,408823.8719498809,409108.32507977815,408823.8719498809
2018-10-25,423488.0601265914,422967.30763740314,423261.60154428246,422967.30763740314
2018-10-26,412595.0689289247,412087.71127377066,412374.4353310155,412087.71127377066
2018-10-29,404103.5772315091,403606.6613475753,403887.48442554317,403606.6613475753
2018-10-30,410762.95056513726,410257.8458193053,410543.2966853508,410257.8458193053
2018-10-31,420418.2135496184,419901.235972634,420193.3965557488,419901.235972634
2018-11-01,426963.33554474614,426439.5389035836,426735.55315822165,426439.5389035836
2018-11-02,420313.0433990682,419797.4053054872,420088.80890363856,419797.4053054872
2018-11-05,419270.687572794,418756.3282365096,419047.00916796504,418756.3282365096
2018-11-06,422447.0562018721,421928.8001112754,422221.6832233724,421928.8001112754
2018-11-07,435698.14070820116,435163.628248548,435465.69835535093,435163.628248548
2018-11-08,432918.92244101275,432387.8195134487,432687.96278448997,432387.8195134487
2018-11-09,425623.385103996,425101.2323078238,425396.31757301954,425101.2323078238
2018-11-12,412744.4627053176,412238.109711453,412524.2660024325,412238.109711453
2018-11-13,413091.87492045475,412585.09572289477,412871.49287523015,412585.09572289477
2018-11-14,409940.41509170714,409437.50209045876,409721.71433145733,409437.50209045876
2018-11-15,417111.8851505222,416600.17422304396,416889.3584538772,416600.17422304396
2018-11-16,415647.8674315705,415137.9525542444,415426.12177962455,415137.9525542444
2018-11-19,402148.60864188394,401655.25459267484,401934.0647637847,401655.25459267484
2018-11-20,394952.3489636011,394467.8232524122,394741.6442470109,394467.8232524122
2018-11-21,397954.87244077073,397466.66324769607,397742.56589585874,397466.66324769607
2018-11-23,395076.4162418027,394591.7383254519,394865.6453360614,394591.7383254519
2018-11-26,404208.21285933035,403712.33209721313,403992.5701946963,403712.33209721313
2018-11-27,405573.11182736536,405075.55661352014,405356.7409972932,405075.55661352014
2018-11-28,418625.5218353638,418111.9539854159,418402.1876225981,418111.9539854159
2018-11-29,417260.7420481916,416748.84850376117,417038.13593728177,416748.84850376117
2018-11-30,420288.1743256918,419772.56674137485,420063.9530977642,419772.56674137485
2018-12-03,428633.1101724799,428108.49148698006,428404.9703051962,428108.49148698006
2018-12-04,412192.0615067986,411687.5655816141,411972.67238361645,411687.5655816141
2018-12-06,415102.33330768306,414594.2754015634,414881.39519305195,414594.2754015634
2018-12-07,401397.30488443904,400906.02103012614,401183.66126780957,400906.02103012614
2018-12-10,405600.8848130214,405104.4560538372,405385.0038420106,405104.4560538372
2018-12-11,406943.96772318246,406445.89511900797,406727.37189662363,406445.89511900797
2018-12-12,410525.68142958253,410023.22504381975,410307.179236786,410023.22504381975
2018-12-13,410650.07856591453,410147.4699262531,410431.51016277284,410147.4699262531
2018-12-14,400651.16098540265,400160.790362061,400437.9145036796,400160.790362061
2018-12-17,391572.59904254833,391093.33998086554,391364.18462318263,391093.33998086554
2018-12-18,394034.897801264,393552.62504813395,393825.17282399064,393552.62504813395
2018-12-19,384359.396847285,383888.96626983286,384154.82165301056,383888.96626983286
2018-12-20,378787.886437136,378324.27502133575,378586.27667790465,378324.27502133575
2018-12-21,367047.96642553917,366598.723898325,366852.60523584153,366598.723898325
2018-12-24,357945.99042501417,357507.8881167227,357755.4737598003,357507.8881167227
2018-12-26,380295.7836069892,379830.3266244039,380093.3712698607,379830.3266244039
2018-12-27,381767.4447352092,381300.1865363663,381564.2491068078,381300.1865363663
2018-12-28,381567.7881277928,381100.7742954826,381364.6987665715,381100.7742954826
2018-12-31,384785.5884446479,384314.6362367611,384580.7864100008,384314.6362367611
2019-01-02,387331.8507554916,386859.00565734477,387126.22556348343,386859.00565734477
2019-01-03,374677.5795950184,374220.1825166437,374478.67225214146,374220.1825166437
2019-01-04,390707.9678870524,390231.00130900845,390500.55039541266,390231.00130900845
2019-01-07,395359.5008358681,394876.8557819915,395149.6139569217,394876.8557819915
2019-01-08,398935.87106597814,398448.86006819794,398724.0855778318,398448.86006819794
2019-01-09,402186.9098566788,401695.93007153174,401973.39846999286,401695.93007153174
2019-01-10,403337.1674873404,402844.7834962619,403123.0454564596,402844.7834962619
2019-01-11,401861.81795446866,401371.23503343726,401648.47915127844,401371.23503343726
2019-01-14,398310.59913027694,397824.3514489378,398099.1455840083,397824.3514489378
2019-01-15,406088.3719889989,405592.62939583266,405872.7894096173,405592.62939583266
2019-01-16,406013.03753984376,405517.38691310096,405797.49495371483,405517.38691310096
2019-01-17,409214.372361706,408714.8136249663,408997.1302636827,408714.8136249663
2019-01-18,413265.6650121391,412761.1605580071,413046.27217999083,412761.1605580071
2019-01-22,404987.81832717574,404493.4192625709,404772.8200053438,404493.4192625709
2019-01-23,405513.00363646884,405017.9634386894,405297.7265063493,405017.9634386894
2019-01-24,408138.9301829345,407640.6843192818,407922.25901137665,407640.6843192818
2019-01-25,413015.6280990184,412511.42888373643,412796.3680054718,412511.42888373643
2019-01-28,407913.8849842659,407415.9138501993,407697.33328380785,407415.9138501993
2019-01-29,404062.6058951827,403569.3363069232,403848.0987464459,403569.3363069232
2019-01-30,414340.987422311,413835.17024130246,414121.0237272795,413835.17024130246
2019-01-31,420543.2841988866,420029.8954081013,420320.027853217,420029.8954081013
2019-02-01,419767.29503103066,419256.0739575652,419544.98135620996,419256.0739575652
2019-02-04,424981.46276848146,424463.8915280079,424756.3876093704,424463.8915280079
2019-02-05,428741.61023982434,428219.45963681,428514.54366258206,428219.45963681
2019-02-06,427463.1897130151,426942.5960571994,427236.80020225386,426942.5960571994
2019-02-07,421722.58292121714,421208.98056558415,421499.2337030339,421208.98056558415
2019-02-08,422549.75853910815,422035.1487929225,422325.97123903164,422035.1487929225
2019-02-11,422148.7364362109,421634.61508193274,421925.16152213595,421634.61508193274
2019-02-12,428390.6908884317,427868.967658797,428163.81016218703,427868.967658797
2019-02-13,428691.38743380335,428169.2979955275,428464.34745514725,428169.2979955275
2019-02-14,429217.94654266693,428695.2158250059,428990.6276921409,428695.2158250059
2019-02-15,431023.00621468393,430498.07717296545,430794.7313834188,430498.07717296545
2019-02-19,431875.0731356387,431349.106389051,431646.34703975474,431349.106389051
2019-02-20,431799.91900838184,431274.043789586,431571.2327150037,431274.043789586
2019-02-21,430220.6818816846,429696.729964939,429992.8319707812,429696.729964939
2019-02-22,433404.36758351995,432876.5383584625,433174.8315553887,432876.5383584625
2019-02-25,434983.6047102172,434453.8521831095,434753.23229961115,434453.8521831095
2019-02-26,435434.9696736518,434904.6674436876,435204.35821487574,434904.6674436876
2019-02-27,435159.1244131717,434629.15812626894,434928.6590452757,434629.15812626894
2019-02-28,434156.4290923262,433627.68395577115,433926.49476361345,433627.68395577115
2019-03-01,438164.3752175243,437631.96643497876,437932.84768648545,437631.96643497876
2019-03-04,438239.6610961638,437707.16083456326,438008.09378381324,437707.16083456326
2019-03-05,438566.23415097623,438033.33707399684,438334.494276324,438033.33707399684
2019-03-06,436078.7919295017,435548.9173166013,435848.36642769375,435548.9173166013
2019-03-07,430727.1572158755,430203.78531630296,430499.5595358677,430203.78531630296
2019-03-08,430073.85066751094,429551.27259364334,429846.59819688275,429551.27259364334
2019-03-11,439018.5510680874,438485.1043857253,438786.57218765334,438485.1043857253
2019-03-12,441430.70741092245,440894.32974353636,441197.4539389558,440894.32974353636
2019-03-13,444747.1366008154,444206.72917627136,444512.13071649935,444206.72917627136
2019-03-14,443993.39540135156,443453.90383956826,443758.7877964229,443453.90383956826
2019-03-15,448114.06388405256,447569.5653426648,447877.27890402457,447569.5653426648
2019-03-18,449181.30238103715,448635.50704972073,448943.95346859423,448635.50704972073
2019-03-19,450691.5924579109,450143.96198949387,450453.4455031067,450143.96198949387
2019-03-20,452478.67947058176,451928.877532108,452239.58821298345,451928.877532108
2019-03-21,459551.86197168066,458993.4654858244,459309.0332206354,458993.4654858244
2019-03-22,449458.1795362042,448912.0477744579,449220.68432094035,448912.0477744579
2019-03-25,448602.31907887344,448057.22726389114,448365.2761031567,448057.22726389114
2019-03-26,450691.5924579109,450143.96198949387,450453.4455031067,450143.96198949387
2019-03-27,447796.7160567773,447252.6031212943,447560.0987644096,447252.6031212943
2019-03-28,448828.89868912095,448283.53155971045,448591.7359879753,448283.53155971045
2019-03-29,452227.1115266143,451677.6152656222,451988.1531983645,451677.6152656222
2019-04-01,459217.3535016832,458660.5781981851,458975.2297509329,458660.5781981851
2019-04-02,460958.0527397456,460399.1669359818,460715.01120001095,460399.1669359818
2019-04-03,463606.8065637083,463044.7092943869,463362.3684604384,463044.7092943869
2019-04-04,463430.22029563127,462868.33712726284,463185.87529801,462868.33712726284
2019-04-05,465826.6965374289,465261.9077759318,465581.08799039724,465261.9077759318
2019-04-08,467012.4333313593,466446.2069304563,466766.1996009853,466446.2069304563
2019-04-09,465372.588850093,464808.35066871566,465127.21973272506,464808.35066871566
2019-04-10,467870.0404402652,467302.77423880866,467623.35453392635,467302.77423880866
2019-04-11,466760.11555200134,466194.19507226424,466514.0148569463,466194.19507226424
2019-04-12,468778.09502616554,468209.7278594171,468530.93034527573,468209.7278594171
2019-04-15,468853.94712902495,468285.48799585307,468606.7424548825,468285.48799585307
2019-04-16,470468.3065900406,469897.8901365018,470220.2507399467,469897.8901365018
2019-04-17,472107.9902825356,471535.5858044185,471859.069904212,471535.5858044185
2019-04-18,472713.5207952405,472140.3821453147,472464.2811491065,472140.3821453147
2019-04-22,474050.55982296146,473475.80008815124,473800.61521892075,473475.80008815124
2019-04-23,480079.57598590304,479497.5064069018,479826.45256469527,479497.5064069018
2019-04-24,478565.95069010503,477985.71629694116,478313.62533245265,477985.71629694116
2019-04-25,480508.2388501811,479925.64954148204,480254.88941517024,479925.64954148204
2019-04-26,480937.22329200176,480354.1138637102,480683.6476736351,480354.1138637102
2019-04-29,481870.5217149958,481286.2807146746,481616.454012188,481286.2807146746
2019-04-30,478137.04664267,477557.33227162506,477884.9474259853,477557.33227162506
2019-05-01,477597.95799413696,477020.10931819334,477346.6701085096,477020.10931819334
2019-05-02,475525.07151996164,474949.73084197834,475274.87428233755,474949.73084197834
2019-05-03,483108.8712963507,482524.3549328645,482854.68384692,482524.3549328645
2019-05-06,480151.20146801183,479570.26360725064,479898.57019482745,479570.26360725064
2019-05-07,470797.87526480487,470228.25405033946,470550.1652387193,470228.25405033946
2019-05-08,469609.852707812,469041.66888906836,469362.7677590984,469041.66888906836
2019-05-09,467081.9060218458,466516.7807811821,466836.1511507991,466516.7807811821
2019-05-10,467663.12792110496,467097.29945652816,467417.0672404967,467097.29945652816
2019-05-13,451434.0300323868,450887.83725211263,451196.5082821191,450887.83725211263
2019-05-14,456388.6959711749,455836.5085104283,456148.56732632796,455836.5085104283
2019-05-15,462834.9459218604,462274.9591040678,462591.4255863807,462274.9591040678
2019-05-16,467486.4129393287,466920.7982832838,467240.4452372045,466920.7982832838
2019-05-17,462708.6633898639,462148.8293620753,462465.2094978644,462148.8293620753
2019-05-20,454897.39392984344,454347.0108045124,454658.0499326913,454347.0108045124
2019-05-21,459649.8466913996,459093.71354454977,459408.00219401286,459093.71354454977
2019-05-22,457602.25700513297,457048.6012495058,457361.48984585935,457048.6012495058
2019-05-23,450599.88053555,450054.69699782855,450362.79767255107,450054.69699782855
2019-05-24,450372.49141493754,449827.58299669693,450135.5281925911,449827.58299669693
2019-05-28,448678.7345073176,448135.87537586736,448442.6624541752,448135.87537586736
2019-05-29,444988.06205226725,444449.66828788107,444753.9318442736,444449.66828788107
2019-05-30,446858.6950677011,446318.03801304527,446623.580627243,446318.03801304527
2019-05-31,439729.87494008406,439197.84308828524,439498.51132415707,439197.84308828524
2019-06-03,431047.6322730934,430527.31466275855,430821.36280567234,430527.31466275855
2019-06-04,443184.60387952294,442649.6357303842,442951.9633619073,442649.6357303842
2019-06-05,446478.5296444548,445939.58539742266,446244.1600491856,445939.58539742266
2019-06-06,450025.7690929872,449482.5429731063,449789.5374483278,449482.5429731063
2019-06-07,458716.56024834246,458162.8434741874,458475.766554065,458162.8434741874
2019-06-10,464063.03745305765,463502.86694610235,463819.43723704305,463502.86694610235
2019-06-11,464696.4831626542,464135.54802336317,464452.55043252144,464135.54802336317
2019-06-12,462010.6878890183,461452.9947732857,461768.16501111694,461452.9947732857
2019-06-13,464747.07322410645,464186.07701755065,464503.1139377757,464186.07701755065
2019-06-14,462770.62893981993,462212.01849922125,462527.70714670833,462212.01849922125
2019-06-17,465557.80621210433,464995.8313697335,465313.42134839494,464995.8313697335
2019-06-18,472323.0661458158,471752.9249579684,472075.1299999567,471752.9249579684
2019-06-19,474096.786807954,473524.5045618401,473847.9195844146,473524.5045618401
2019-06-20,478505.51080653176,477927.90678954194,478254.3293152491,477927.90678954194
2019-06-21,477795.9579414384,477219.2104257341,477545.14891513844,477219.2104257341
2019-06-24,477811.340873133,477234.57478869136,477560.52377188375,477234.57478869136
2019-06-25,469609.12939346314,469042.2641987539,469362.61787211784,469042.2641987539
2019-06-26,471792.98081715923,471223.4794953285,471545.3229285414,471223.4794953285
2019-06-27,473595.89271188324,473024.21509504825,473347.2884222561,473024.21509504825
2019-06-28,474205.3555830898,473632.94228360406,473956.43136863544,473632.94228360406
2019-07-01,481604.2341325623,481024.0963845589,481351.95080279553,481024.0963845589
2019-07-02,483512.893717588,482930.45680899813,483259.6105565046,482930.45680899813
2019-07-03,487151.6667350432,486564.84658097045,486896.47744085704,486564.84658097045
2019-07-05,486159.32558736065,485573.70080184547,485904.6561206828,485573.70080184547
2019-07-08,482749.3489653123,482167.83181843074,482496.46577914373,482167.83181843074
2019-07-09,485166.86306228006,484582.4337915329,484912.7134866927,484582.4337915329
2019-07-10,490001.81033795007,489411.5569169455,489745.1280259134,489411.5569169455
2019-07-11,489645.527215412,489055.70297105017,489389.03153855435,489055.70297105017
2019-07-12,492470.14110558643,491876.914347241,492212.1657843507,491876.914347241
2019-07-15,494047.7236077448,493452.5965024023,493788.9218864519,493452.5965024023
2019-07-16,491503.0059975747,490910.9442447334,491245.5372999276,490910.9442447334
2019-07-17,489085.6941962705,488496.5443236105,488829.49178207165,488496.5443236105
2019-07-18,489645.527215412,489055.70297105017,489389.03153855435,489055.70297105017
2019-07-19,486057.4899503599,485471.9878354795,485802.87382921303,485471.9878354795
2019-07-22,489925.42349541635,489335.26208957203,489668.78119782644,489335.26208957203
2019-07-23,493131.7288434633,492537.70514025487,492873.406956426,492537.70514025487
2019-07-24,496592.40075878217,495994.20834967535,496332.2660350376,495994.20834967535
2019-07-25,491884.81883284525,491292.2971504129,491627.1501265466,491292.2971504129
2019-07-26,496948.6434221876,496350.0218851748,496688.32208445796,496350.0218851748
2019-07-29,495243.69557029614,494647.1278038633,494984.26735162706,494647.1278038633
2019-07-30,493106.32050812896,492512.3274116582,492848.01193098177,492512.3274116582
2019-07-31,486286.5695596957,485700.79149680806,486031.83343759674,485700.79149680806
2019-08-01,484868.71509356826,484285.849203283,484615.2453820821,484285.849203283
2019-08-02,477729.1009426601,477154.8176592308,477479.36353206827,477154.8176592308
2019-08-05,460848.5704156971,460294.57939932443,460607.6574622608,460294.57939932443
2019-08-06,467299.7285788677,466737.98255597654,467055.4432214229,466737.98255597654
2019-08-07,469824.08071481326,469259.3001411059,469578.47572838917,469259.3001411059
2019-08-08,480049.4420939584,479472.3695035088,479798.49170306104,479472.3695035088
2019-08-09,475535.98285770195,474964.33594507835,475287.39192035317,474964.33594507835
2019-08-12,470079.17553106934,469514.08830514346,469833.4371914148,469514.08830514346
2019-08-13,480380.87885856326,479803.407844419,480129.75520595914,479803.407844419
2019-08-14,466024.82209571626,465464.60865160194,465781.20320770616,465464.60865160194
2019-08-15,465489.3743464641,464929.8045698404,465246.0353688345,464929.8045698404
2019-08-16,472960.7090610416,472392.1579127094,472713.46437245235,472392.1579127094
2019-08-19,480482.84380816336,479905.250220858,480231.6668524165,479905.250220858
2019-08-20,476760.0082228621,476186.88989620004,476510.77741466474,476186.88989620004
2019-08-21,480992.79018433456,480414.58358501317,480741.34664929146,480414.58358501317
2019-08-22,479437.4496827401,478861.11277494126,479186.81921666994,478861.11277494126
2019-08-23,464265.348981304,463707.2506187187,464022.6498745229,463707.2506187187
2019-08-26,471277.7806085956,470711.25252663204,471031.41568678856,470711.25252663204
2019-08-27,470283.0648875461,469717.7325640349,470037.2199628001,469717.7325640349
2019-08-28,471966.0744254391,471398.71893808554,471719.3496915227,471398.71893808554
2019-08-29,479182.517037378,478606.4865868503,478932.0198397619,478606.4865868503
2019-08-30,478034.95524873707,477460.30429456127,477785.05794991093,477460.30429456127
2019-09-03,474393.7703224961,473824.698226045,474146.2990902514,473824.698226045
2019-09-04,481242.12401973904,480664.8367922312,480991.080290058,480664.8367922312
2019-09-05,490057.9051040347,489470.0426638294,489802.262552985,489470.0426638294
2019-09-06,489572.3151787884,488985.03524133516,489316.925939533,488985.03524133516
2019-09-09,488550.22801769216,487964.1741530078,488295.37195822335,487964.1741530078
2019-09-10,487144.8124643018,486560.4445045036,486890.6895508829,486560.4445045036
2019-09-11,491718.7510339331,491128.89628030726,491462.2420895735,491128.89628030726
2019-09-12,493763.08786948735,493170.7807753765,493505.51248077827,493170.7807753765
2019-09-13,491999.8585216154,491409.6665577703,491743.2029353294,491409.6665577703
2019-09-16,489802.39347084577,489214.8375366485,489546.88420944416,489214.8375366485
2019-09-17,492153.2305068735,491562.85456144466,491896.4949128881,491562.85456144466
2019-09-18,491948.8699543309,491358.73915522423,491692.2409666311,491358.73915522423
2019-09-19,492766.4746778631,492175.3630985203,492509.4191802446,492175.3630985203
2019-09-20,487553.6554544084,486968.7970557553,487299.319264836,486968.7970557553
2019-09-23,487768.7012604935,487183.58489772835,487514.2528905892,487183.58489772835
2019-09-24,481290.8373999574,480713.49173697433,481039.76825855946,480713.49173697433
2019-09-25,486693.2690883657,486109.4427898449,486439.38172609155,486109.4427898449
2019-09-26,484901.0717337417,484319.39531485597,484648.11928527866,484319.39531485597
2019-09-27,478883.85199740605,478309.39369997213,478634.0384788278,478309.39369997213
2019-09-30,483441.5798591915,482861.6542139305,483189.38876611553,482861.6542139305
2019-10-01,480498.09636526357,479922.9008743367,480247.96226484125,479922.9008743367
2019-10-02,472236.15723261,471670.85195804684,471990.32407058537,471670.85195804684
2019-10-03,477419.2129764871,476847.70316060394,477170.6816581207,476847.70316060394
2019-10-04,484449.50104231975,483869.57539705874,484197.3099492438,483869.57539705874
2019-10-07,482986.8441526395,482408.66942721367,482735.4144785329,482408.66942721367
2019-10-08,475751.4030481413,475181.8897370471,475503.73994577664,475181.8897370471
2019-10-09,480395.45877636183,479820.3861510171,480145.3781062468,479820.3861510171
2019-10-10,484115.89834360464,483536.37204803823,483863.88091492315,483536.37204803823
2019-10-11,490350.7756302332,489763.78567699814,490095.5124958286,489763.78567699814
2019-10-14,490299.5993314433,489712.6706404203,490044.362838013,489712.6706404203
2019-10-15,496534.35447893396,495939.9622764528,496275.87234336283,495939.9622764528
2019-10-16,495302.74412515905,494709.8262609269,495044.90313208196,494709.8262609269
2019-10-17,496611.42427496373,496016.93981363805,496352.90201897535,496016.93981363805
2019-10-18,491838.8781736476,491250.10684005014,491582.84037396574,491250.10684005014
2019-10-21,496200.99605849467,495607.0029132871,495942.6874601534,495607.0029132871
2019-10-22,492249.46924230055,491660.2063976376,491993.2177001952,491660.2063976376
2019-10-23,493198.81604833424,492608.41675795737,492942.0703023785,492608.41675795737
2019-10-24,497996.88922947634,497400.7462533705,497737.6457385181,497400.7462533705
2019-10-25,501973.9431254965,501373.0392908451,501712.6292896063,501373.0392908451
2019-10-28,506925.9930465142,506319.16120339214,506662.10130956344,506319.16120339214
2019-10-29,503000.23758842197,502398.1051954227,502738.3894918465,502398.1051954227
2019-10-30,505437.8905030999,504832.84004034015,505174.7734314263,504832.84004034015
2019-10-31,505668.61133463745,505063.28468018625,505405.3741560413,505063.28468018625
2019-11-01,511261.190854041,510650.3661475514,510995.56274866883,510650.3661475514
2019-11-04,514423.2047777775,513808.6022836102,514155.93383351446,513808.6022836102
2019-11-05,514706.0621267362,514091.121691297,514438.6442226354,514091.121691297
2019-11-06,513549.1780170636,512935.6197585026,513282.3611774278,512935.6197585026
2019-11-07,515271.65444622183,514656.0382744491,515003.9426860276,514656.0382744491
2019-11-08,517328.34637293115,516710.27298698894,517059.56604897813,516710.27298698894
2019-11-11,516634.2974927488,516017.05331545987,516365.87776508665,516017.05331545987
2019-11-12,518125.2747215406,517506.2492126262,517856.08034979535,517506.2492126262
2019-11-13,518253.8944534799,517634.7152772983,517984.6332567608,517634.7152772983
2019-11-14,517842.4989582032,517223.811293087,517573.4515039075,517223.811293087
2019-11-15,521647.4075775828,521024.1740321374,521376.3832654975,521024.1740321374
2019-11-18,522058.5991088064,521434.8742959797,521787.3611602681,521434.8742959797
2019-11-19,522829.9095723357,522205.26324327436,522558.2708858952,522205.26324327436
2019-11-20,519693.5135336794,519072.6143855581,519423.50437623967,519072.6143855581
2019-11-21,518536.5478383855,517917.0309646161,518267.139787799,517917.0309646161
2019-11-22,518870.9265071791,518251.01013750455,518601.34472861583,518251.01013750455
2019-11-25,525015.0988525524,524387.8417882649,524742.3248409615,524387.8417882649
2019-11-26,526017.7861380161,525389.3311221185,525744.4911756301,525389.3311221185
2019-11-27,529694.034232646,529061.1870524229,529418.8292586382,529061.1870524229
2019-11-29,527277.549716116,526647.5896090211,527003.6002377635,526647.5896090211
2019-12-02,522878.4436966798,522254.9337645955,522607.29919289553,522254.9337645955
2019-12-03,518782.9290305965,518164.3028226399,518513.90830205154,518164.3028226399
2019-12-04,521410.19559911697,520788.4364893943,521139.812471914,520788.4364893943
2019-12-05,522440.47056970384,521817.48290163325,522169.55318181554,521817.48290163325
2019-12-06,528029.900291519,527400.2474702216,527756.0844419202,527400.2474702216
2019-12-09,525634.4946365237,525007.6982328797,525361.9209514956,525007.6982328797
2019-12-10,525196.6441224052,524570.3698365645,524924.2974896908,524570.3698365645
2019-12-11,527978.3211494657,527348.7298340646,527704.5320468115,527348.7298340646
2019-12-12,531919.343615104,531285.0528008431,531643.5108508804,531285.0528008431
2019-12-13,533670.7456715776,533034.3663861044,533394.0046980996,533034.3663861044
2019-12-16,539028.3553508202,538385.5873474958,538748.8361285246,538385.5873474958
2019-12-17,539337.5441064727,538694.4074089283,539057.864550867,538694.4074089283
2019-12-18,539749.400694802,539105.7728760868,539469.5075663255,539105.7728760868
2019-12-19,543123.7882749985,542476.1366450201,542842.1453198518,542476.1366450201
2019-12-20,545313.2860713055,544663.0235598906,545030.5077274262,544663.0235598906
2019-12-23,546753.6193083117,546101.6392617992,546470.0940634165,546101.6392617992
2019-12-24,547037.5498153201,546385.2311939567,546753.8773350638,546385.2311939567
2019-12-26,551864.7362730348,551206.6614405735,551578.5606008942,551206.6614405735
2019-12-27,551400.0744140772,550742.5536707884,551114.1396975749,550742.5536707884
2019-12-30,547786.223923191,547133.0125403305,547502.1632095472,547133.0125403305
2019-12-31,548818.7467961652,548164.3041744306,548534.150656161,548164.3041744306
2020-01-02,558982.164016821,558316.7940586954,558692.8159281292,558316.7940586954
2020-01-03,553861.9307477607,553202.655526847,553575.2330651202,553202.655526847
2020-01-06,557430.5843813752,556767.0613059294,557142.039442821,556767.0613059294
2020-01-07,557352.9951635583,556689.5644444308,557064.4903878096,556689.5644444308
2020-01-08,561542.1987629946,560873.7815337367,561251.5255136655,560873.7815337367
2020-01-09,566300.5264403488,565626.4452588377,566007.3901195525,565626.4452588377
2020-01-10,564852.2899108501,564179.9326002261,564559.9032463018,564179.9326002261
2020-01-13,571369.0062680792,570688.8919527261,571073.2463305646,570688.8919527261
2020-01-14,569119.1646164599,568441.7283419137,568824.5692731375,568441.7283419137
2020-01-15,569351.8913257321,568674.1780309682,569057.1755151877,568674.1780309682
2020-01-16,574808.1944100119,574123.9863460256,574510.6542323044,574123.9863460256
2020-01-17,577652.873083501,576965.2789298473,577353.8604038246,576965.2789298473
2020-01-21,577394.2696535636,576706.9833218127,577095.3908357759,576706.9833218127
2020-01-22,578920.0135125227,578230.91105104,578620.3449180697,578230.91105104
2020-01-23,580781.950019236,580090.6312498007,580481.3176234236,580090.6312498007
2020-01-24,575894.3615710913,575208.8606161239,575596.2591564964,575208.8606161239
2020-01-27,563998.9313473995,563327.5898100652,563706.9864101284,563327.5898100652
2020-01-28,572661.9415294094,571980.288202016,572365.5123248398,571980.288202016
2020-01-29,573592.8074223202,572910.0460627928,573295.8963700564,572910.0460627928
2020-01-30,575635.8400295106,574950.6467989722,575337.871434416,574950.6467989722
2020-01-31,566507.2535964213,565832.9263425879,566214.0102666516,565832.9263425879
2020-02-03,576066.5798182788,575382.063834916,575768.9057362945,575382.063834916
2020-02-04,589252.0323713933,588551.8486625684,588947.5448973085,588551.8486625684
2020-02-05,591194.8887649918,590492.3964406329,590889.3973479364,590492.3964406329
2020-02-06,596298.1423920625,595589.5860834399,595990.0139424283,595589.5860834399
2020-02-07,593733.4521876732,593027.943393867,593426.6490046469,593027.943393867
2020-02-10,600909.1297176286,600195.0943643365,600598.6186069144,600195.0943643365
2020-02-11,601012.6114605628,600298.4531442148,600702.0468771531,600298.4531442148
2020-02-12,606867.1023462868,606145.9873816516,606553.5125392989,606145.9873816516
2020-02-13,606090.0254134168,605369.8338170163,605776.8371497066,605369.8338170163
2020-02-14,607825.6312136557,607103.3772689909,607511.5461007246,607103.3772689909
2020-02-18,608058.721481232,607336.1905650862,607744.5159222728,607336.1905650862
2020-02-19,613887.2906620275,613157.8338992797,613570.0732741567,613157.8338992797
2020-02-20,608188.330005874,607465.6450813032,607874.0574735824,607465.6450813032
2020-02-21,596505.3109547104,595796.5084762918,596197.0754537146,595796.5084762918
2020-02-24,573501.9716446013,572820.5030785813,573205.6227868367,572820.5030785813
2020-02-25,557907.400132024,557244.4619474355,557619.1095437746,557244.4619474355
2020-02-26,560782.822672707,560116.4677429767,560493.0462514046,560116.4677429767
2020-02-27,532702.1924558117,532069.2045723217,532426.9262944587,532069.2045723217
2020-02-28,533116.8166885986,532483.336124359,532841.3362761639,532483.336124359
2020-03-02,561627.1155791773,560961.0652773574,561337.5394263023,560961.0652773574
2020-03-03,543617.2070214875,542985.3421568038,543349.7437672109,542985.3421568038
2020-03-04,566298.2609852297,565623.3441671184,566002.9495136901,565623.3441671184
2020-03-05,549092.7829571587,548450.5246495359,548818.596689545,548450.5246495359
2020-03-06,539828.4781060923,539203.8048023069,539565.6667232038,539203.8048023069
2020-03-09,502329.6806600548,501776.1855512431,502112.8509937483,501776.1855512431
2020-03-10,529681.7978528623,529076.3844303153,529420.4793673495,529076.3844303153
2020-03-11,506611.51258831914,506049.8899370636,506386.2565968517,506049.8899370636
2020-03-12,460159.53236549615,459686.0823579094,460009.03601129417,459686.0823579094
2020-03-13,499137.6388501414,498590.20270294405,498919.8625496825,498590.20270294405
2020-03-16,439347.01874116226,438913.0739245027,439225.4111654959,438913.0739245027
2020-03-17,472667.6916170291,472170.4992961255,472487.2736892641,472170.4992961255
2020-03-18,458291.0331145814,457821.1297915032,458134.32437799766,457821.1297915032
2020-03-19,461041.90776765987,460566.78288267186,460880.5259281828,460566.78288267186
2020-03-20,442979.98117694847,442539.14046692173,442848.9563017762,442539.14046692173
2020-03-23,443299.9372773745,442858.4892439334,443168.3318652384,442858.4892439334
2020-03-24,477628.0589302216,477121.4511076004,477436.827866458,477121.4511076004
2020-03-25,474091.2024811949,473591.30812874,473905.70331616007,473591.30812874
2020-03-26,499056.98213701224,498509.69908803795,498830.6346043422,498509.69908803795
2020-03-27,481892.96239908243,481378.2591667061,481693.6136683025,481378.2591667061
2020-03-30,499421.06727966986,498873.09314391314,499193.4604669026,498873.09314391314
2020-03-31,495155.9994568343,494616.1210428005,494935.072601145,494616.1210428005
2020-04-01,475116.870499185,474617.0468198204,474929.2125721928,474617.0468198204
2020-04-02,484759.50969710026,484233.3057068285,484543.99030634295,484233.3057068285
2020-04-03,477879.3512043823,477371.96993643825,477683.3033040928,477371.96993643825
2020-04-06,512045.1983712282,511444.3462544667,511750.98635277344,511444.3462544667
2020-04-07,511836.6875085026,511236.40583529643,511542.90645711304,511236.40583529643
2020-04-08,522704.2456746687,522074.2325599618,522388.0026777152,522074.2325599618
2020-04-09,523459.9328515253,522827.85232951783,523142.12793937704,522827.85232951783
2020-04-13,529115.0900257308,528467.5381372828,528785.5965787101,528467.5381372828
2020-04-14,552126.9236409481,551416.416029191,551749.8674805666,551416.416029191
2020-04-15,545794.2296882772,545101.0470465748,545430.2624504176,545101.0470465748
2020-04-16,555749.3057792339,555028.888062466,555364.7625873447,555028.888062466
2020-04-17,561065.7151517721,560330.7528140473,560670.1835762833,560330.7528140473
2020-04-20,554420.2549050129,553703.4732026757,554038.4587026436,553703.4732026757
2020-04-21,533962.5558327908,533301.7422581512,533623.0432525467,533301.7422581512
2020-04-22,549807.5696941734,549103.4073657941,549435.3073615589,549103.4073657941
2020-04-23,548634.7372664731,547933.7835704454,548264.899038496,547933.7835704454
2020-04-24,557286.9086913113,556562.2844039106,556899.1874577331,556562.2844039106
2020-04-27,561769.4393134707,561032.551728747,561372.4532241372,561032.551728747
2020-04-28,551188.7071089449,550480.7662678929,550813.5901301483,550480.7662678929
2020-04-29,570734.5005577898,569973.0863784198,570318.9847569453,569973.0863784198
2020-04-30,570499.9670123544,569739.1944693372,570084.9359643541,569739.1944693372
2020-05-01,555419.954994986,554703.2932566595,555038.2787566275,554703.2932566595
2020-05-04,561894.786984135,561155.7816792441,561495.0905097221,561155.7816792441
2020-05-05,568265.0518061386,567504.0637785573,567847.6261186723,567504.0637785573
2020-05-06,571763.6175976355,570990.5566023272,571336.4549808527,570990.5566023272
2020-05-07,579125.9299028142,578327.4627942145,578678.277085534,578327.4627942145
2020-05-08,587062.7635113469,586236.9077121462,586593.0215316932,586236.9077121462
2020-05-11,592310.4678257776,591466.5030731929,591826.1208539561,591466.5030731929
2020-05-12,579909.2555454543,579108.0853105546,579459.4226387121,579108.0853105546
2020-05-13,572651.2216617919,571875.0976927225,572221.5887361601,571875.0976927225
2020-05-14,579151.9995081932,578353.4424377282,578704.2741360663,578353.4424377282
2020-05-15,582911.6325978612,582100.1016599139,582453.4437147324,582100.1016599139
2020-05-18,593772.5106945367,592923.500675571,593284.0946815942,592923.500675571
2020-05-19,592284.439469774,591440.2046446776,591799.8158054507,591440.2046446776
2020-05-20,604111.2954442457,603250.202766706,603616.9947161708,603250.202766706
2020-05-21,597532.1025348292,596680.3877564963,597043.1850860768,596680.3877564963
2020-05-22,599594.6538135703,598739.9991004661,599104.0487277774,598739.9991004661
2020-05-26,597975.8220681562,597123.4748175555,597486.5415556935,597123.4748175555
2020-05-27,601239.3489174854,600382.3498765704,600747.3980962404,600382.3498765704
2020-05-28,600456.3120204745,599600.4291105495,599965.0019018801,599600.4291105495
2020-05-29,609254.5975890333,608386.1737130063,608756.088467548,608386.1737130063
2020-06-01,612081.7275168286,611210.6988451888,611581.7231412302,611210.6988451888
2020-06-02,616187.4249680319,615310.5536449351,615684.0666829828,615310.5536449351
2020-06-03,618959.4968913655,618078.6807451895,618453.8741242565,618078.6807451895
2020-06-04,614618.3759858651,613743.7375127118,614116.2994436313,613743.7375127118
2020-06-05,626804.6591684845,625912.6788901839,626292.6277548019,625912.6788901839
2020-06-08,631668.6449062295,630769.7428871783,631152.6401438217,630769.7428871783
2020-06-09,636244.9826817393,635339.5682620815,635725.2395477887,635339.5682620815
2020-06-10,643880.9577091028,642964.6768432079,643354.9768118701,642964.6768432079
2020-06-11,611977.1545503797,611106.2746922855,611477.2355995512,611106.2746922855
2020-06-12,616841.2642386974,615963.4624634635,616337.3718378895,615963.4624634635
2020-06-15,624346.4714119278,623457.9892808843,623836.4480709896,623457.9892808843
2020-06-16,635068.1546282567,634164.4149048527,634549.372835169,634164.4149048527
2020-06-17,637081.6903639033,636175.0852594918,636561.2637305387,636175.0852594918
2020-06-18,638807.7847216025,637898.7232823456,638285.9480563862,637898.7232823456
2020-06-19,638703.1704382959,637794.2578713811,638181.4192316012,637794.2578713811
2020-06-22,646362.7373913183,645442.9248054541,645834.7291492971,645442.9248054541
2020-06-23,651863.9943398527,650936.3531384348,651331.4921676554,650936.3531384348
2020-06-24,638425.3972050142,637516.8799259171,637903.8729089195,637516.8799259171
2020-06-25,644502.9003657427,643585.7344384881,643976.411408825,643585.7344384881
2020-06-26,629282.968234666,628387.461175289,628768.9123113118,628387.461175289
2020-06-29,636146.2767090619,635241.0027538689,635626.614207184,635241.0027538689
2020-06-30,648615.7456333016,647692.7268828225,648085.8969279425,647692.7268828225
2020-07-01,657186.181432573,656252.3890752833,656650.1482573777,656252.3890752833
2020-07-02,661646.2208231303,660706.0912195415,661106.5498217854,660706.0912195415
2020-07-06,677912.7458275025,676949.503204867,677359.8070531979,676949.503204867
2020-07-07,673242.5797933628,672285.9729848589,672693.4502347701,672285.9729848589
2020-07-08,682110.3545025025,681141.1475199788,681553.9919533684,681141.1475199788
2020-07-09,687856.1471560363,686878.776007226,687295.098057539,686878.776007226
2020-07-10,692552.1755675371,691568.1318568803,691987.2961587086,691568.1318568803
2020-07-13,678306.2263816234,677342.4246645569,677752.9666653441,677342.4246645569
2020-07-14,683107.3594947192,682136.7358730934,682550.1837395763,682136.7358730934
2020-07-15,684498.0519400756,683525.4522909351,683939.7418681922,683525.4522909351
2020-07-16,679827.7617665244,678861.7981079047,679273.2610116071,678861.7981079047
2020-07-17,680615.0125333926,679647.9302743365,680059.8696582662,679647.9302743365
2020-07-20,699924.6496873708,698930.1304673653,699353.7569282572,698930.1304673653
2020-07-21,692630.9213341258,691646.7657340271,692065.9776964007,691646.7657340271
2020-07-22,695070.8814638699,694083.2589373726,694503.947675389,694083.2589373726
2020-07-23,676915.533936267,675953.7082467151,676363.4085367281,675953.7082467151
2020-07-24,670487.8021164789,669535.1095569556,669940.9194892229,669535.1095569556
2020-07-27,682451.4896048447,681481.7979052647,681894.8488092453,681481.7979052647
2020-07-28,673767.317085066,672809.9646801294,673217.7595250872,672809.9646801294
2020-07-29,681533.0648600017,680564.6781452671,680977.17317652,680564.6781452671
2020-07-30,685101.2039599373,684127.747295293,684542.4019277823,684127.747295293
2020-07-31,697327.239404253,696336.4108307335,696758.465219937,696336.4108307335
2020-08-03,707745.5621512528,706741.3507067877,707169.1056778817,706741.3507067877
2020-08-04,710372.7526525365,709364.813519889,709794.1563409916,709364.813519889
2020-08-05,712133.2189184125,711122.7818819047,711553.1887127828,711122.7818819047
2020-08-06,721565.4958313968,720541.6754535728,720977.7830667008,720541.6754535728
2020-08-07,713236.7218056236,712224.7190224866,712655.7928004581,712224.7190224866
2020-08-10,710189.1808241345,709181.5021592891,709610.7340312507,709181.5021592891
2020-08-11,696737.2195675141,695748.6277244968,696169.7293536053,695748.6277244968
2020-08-12,714261.2432244524,713247.7867605168,713679.4797499018,713247.7867605168
2020-08-13,715890.3499652641,714874.5819818774,715307.2595885375,714874.5819818774
2020-08-14,715049.6490048533,714035.073881685,714467.2433763423,714035.073881685
2020-08-17,723351.8196189258,722325.464648323,722762.6518992772,722325.464648323
2020-08-18,730314.2059540155,729277.9721393586,729719.3673931952,729277.9721393586
2020-08-19,725401.1939632711,724371.9311607006,724810.3570348413,724371.9311607006
2020-08-20,735463.9137198915,734420.3730484337,734864.8807387365,734420.3730484337
2020-08-21,740560.8290457259,739510.0564240088,739957.6446435081,739510.0564240088
2020-08-24,745185.098711345,744127.7647704636,744578.1478564275,744127.7647704636
2020-08-25,751043.7335292078,749978.0868436794,750432.0108351626,749978.0868436794
2020-08-26,767070.3414770862,765981.954835311,766445.5651626557,765981.954835311
2020-08-27,764679.68099759,763594.6864344681,764056.8518683948,763594.6864344681
2020-08-28,768568.0058161619,767477.4941569373,767942.0096589667,767477.4941569373
2020-08-31,774742.0692475225,773642.797285884,774111.0443356133,773642.797285884
2020-09-01,788983.6382306851,787865.5775446806,788341.8278593521,787865.5775446806
2020-09-02,796454.4911257913,795325.8435701632,795806.603479039,795325.8435701632
2020-09-03,756073.962802303,755002.5380824993,755458.9232915856,755002.5380824993
2020-09-04,745998.8915754507,744941.744136571,745392.0477799445,744941.744136571
2020-09-08,710143.1127333735,709136.7761538664,709565.436349735,709136.7761538664
2020-09-09,731004.0774229938,729968.1789826808,730409.4313801064,729968.1789826808
2020-09-10,716430.2300231404,715414.984033692,715847.439291261,715414.984033692
2020-09-11,711458.4574988998,710450.2569577087,710879.7111286715,710450.2569577087
2020-09-14,723848.5554287141,722822.7970058133,723259.7301506762,722822.7970058133
2020-09-15,734108.2611961821,733067.9638486283,733511.0900092439,733067.9638486283
2020-09-16,722401.9334302649,721378.225000679,721814.284928217,721378.225000679
2020-09-17,711116.2404896871,710108.5249007378,710537.7725009299,710108.5249007378
2020-09-18,702040.5192730065,701045.6647962499,701469.4340634628,701045.6647962499
2020-09-21,703724.2203197875,702726.9798874089,703151.7654788072,702726.9798874089
2020-09-22,716798.5863043953,715782.8183210087,716215.4959276688,715782.8183210087
2020-09-23,694911.758914389,693927.0065314032,694346.4727000478,693927.0065314032
2020-09-24,698147.2614114082,697157.9240307542,697579.3432298645,697157.9240307542
2020-09-25,714378.3386587364,713366.000383663,713797.2170681354,713366.000383663
2020-09-28,729215.321397148,728181.9577847989,728622.1304442186,728181.9577847989
2020-09-29,725927.3329015044,724898.628664198,725336.8166112868,724898.628664198
2020-09-30,730898.6905166651,729862.9414190646,730304.13020231,729862.9414190646
2020-10-01,743499.6633934904,742447.474250264,742895.6658527666,742447.474250264
2020-10-02,722584.187806767,721561.5979188211,721997.1813911768,721561.5979188211
2020-10-05,737994.3007340872,736949.9026943475,737394.7755901524,736949.9026943475
2020-10-06,724823.1433098628,723797.384886962,724234.3180318249,723797.384886962
2020-10-07,737362.0419690824,736318.538692099,736763.030453812,736318.538692099
2020-10-08,741287.1316369147,740238.0736341688,740684.9314927541,740238.0736341688
2020-10-09,752613.944791452,751548.8572591512,752002.543073133,751548.8572591512
2020-10-12,775847.4809337467,774749.513662972,775217.2049651983,774749.513662972
2020-10-13,775821.0571872266,774723.1273109264,775190.8026845627,774723.1273109264
2020-10-14,769340.8410870248,768252.0819116168,768715.8509237824,768252.0819116168
2020-10-15,764177.9069163305,763096.4542449453,763557.1109709144,763096.4542449453
2020-10-16,759989.8261864347,758914.300421667,759372.4325162122,758914.300421667
2020-10-19,747582.6307921032,746524.6634970087,746975.3163672044,746524.6634970087
2020-10-20,749189.5768108218,748129.3353907507,748580.9569496315,748129.3353907507
2020-10-21,748610.1655388571,747550.7440925934,748002.0163745622,747550.7440925934
2020-10-22,748583.741792337,747524.3577405479,747975.6140939266,747524.3577405479
2020-10-23,750058.9845461675,748997.5127538108,749449.6584033743,748997.5127538108
2020-10-26,738810.9440699354,737765.3903292663,738210.7555086637,737765.3903292663
2020-10-27,744579.796352657,743526.0786220905,743974.9213432764,743526.0786220905
2020-10-28,715550.7349004931,714538.0986455503,714969.4422578436,714538.0986455503
2020-10-29,728063.292906735,727032.9490745917,727471.8354252349,727032.9490745917
2020-10-30,709597.5811404708,708593.3696960057,709021.1246670997,708593.3696960057
2020-11-02,712177.8865961848,711171.4383036249,711600.1460849039,711171.4383036249
2020-11-03,724496.6791701663,723472.8219858311,723908.9452770997,723472.8219858311
2020-11-04,756837.2125372981,755767.6517791783,756223.2430131704,755767.6517791783
2020-11-05,776568.7988513376,775471.3534569085,775938.8224601336,775471.3534569085
2020-11-06,777148.9413888656,776050.6761382218,776518.4943682689,776050.6761382218
2020-11-09,761269.1620257975,760193.3380459752,760651.5971685211,760193.3380459752
2020-11-10,747631.4022455112,746574.851119148,747024.9007566102,746574.851119148
2020-11-11,764355.2673659925,763275.0821085894,763735.1989655555,763275.0821085894
2020-11-12,760767.6532659464,759692.5380172495,760150.4952479342,759692.5380172495
2020-11-13,767441.5391268809,766356.9923567118,766818.9670482778,766356.9923567118
2020-11-16,773429.7717306108,772336.7624027114,772802.3418143364,772336.7624027114
2020-11-17,770976.3146567419,769886.7725492229,770350.8750599803,769886.7725492229
2020-11-18,765278.7357942034,764197.2454931583,764657.9182478972,764197.2454931583
2020-11-19,771266.8019772397,770176.8493536499,770641.1267282678,770176.8493536499
2020-11-20,765990.9331520207,764908.4363751664,765369.5378494075,764908.4363751664
2020-11-23,766017.0612008995,764934.5274999416,765395.6447024131,764934.5274999416
2020-11-24,776779.6538699974,775681.910495699,776149.506426745,775681.910495699
2020-11-25,781554.2635664056,780449.7727237191,780920.2428135503,780449.7727237191
2020-11-27,788755.7862360701,787641.1182166822,788115.9233874863,787641.1182166822
2020-11-30,790365.0743421791,789248.1320802219,789723.9059898009,789248.1320802219
2020-12-01,801494.3859935369,800363.1285858104,800845.0001900519,800363.1285858104
2020-12-02,802524.2336136705,801391.5226427382,801874.0134083031,801391.5226427382
2020-12-03,803660.0569779032,802525.7428658672,803008.9165071156,802525.7428658672
2020-12-04,806935.0573904775,805796.1208275026,806281.2634528516,805796.1208275026
2020-12-07,811504.1782693195,810358.7926881963,810846.68234415,810358.7926881963
2020-12-08,814251.0495609468,813101.7869489285,813591.3280690709,813101.7869489285
2020-12-09,795815.4358009016,794692.1938635088,795170.6511895125,794692.1938635088
2020-12-10,799011.2876624584,797883.5349871796,798363.9137118733,797883.5349871796
2020-12-11,797241.9426330291,796116.6872736469,796596.002239015,796116.6872736469
2020-12-14,803026.2853699139,801892.8657854489,802375.6583927852,801892.8657854489
2020-12-15,811609.7374420975,810464.2028710397,810952.155990904,810464.2028710397
2020-12-16,816073.4657766899,814921.6309422331,815412.2677289714,814921.6309422331
2020-12-17,821408.6613151168,820249.2961977534,820743.1405917788,820249.2961977534
2020-12-18,818925.8962410951,817770.0353858087,818262.3871006462,817770.0353858087
2020-12-21,817393.913550454,816240.2149894986,816731.6456511513,816240.2149894986
2020-12-22,819616.4881772887,818459.6525962184,818952.4195062837,818459.6525962184
2020-12-23,815488.8495845956,814337.8398980246,814828.125203895,814337.8398980246
2020-12-24,819087.3592851708,817931.2705352567,818423.7193243313,817931.2705352567
2020-12-28,827342.8864133494,826175.145521659,826672.5576693929,826175.145521659
2020-12-29,828083.6335366087,826914.8471283369,827412.7046254218,826914.8471283369
2020-12-30,828110.3774154262,826941.5532599018,827439.4268358464,826941.5532599018
2020-12-31,830147.4111758231,828975.7118790981,829474.8101532354,828975.7118790981
2021-01-04,819425.5441171663,818270.389053188,818762.4401284119,818270.389053188
2021-01-05,826181.3251232647,825016.6463451475,825512.7541517387,825016.6463451475
2021-01-06,814736.5621330104,813588.0171891617,814077.2526106101,813588.0171891617
2021-01-07,834446.5192262696,833270.1888943396,833771.2598091406,833270.1888943396
2021-01-08,845175.8229110712,843984.3673373504,844491.8810161735,843984.3673373504
2021-01-11,832963.0485152785,831788.8094516967,832288.9895676158,831788.8094516967
2021-01-12,831638.401928991,830466.0302372809,830965.4149254987,830466.0302372809
2021-01-13,837254.9701876757,836074.6807451551,836577.4380868989,836074.6807451551
2021-01-14,832777.5312603727,831603.5537229271,832103.6224388961,831603.5537229271
2021-01-15,826181.3251232647,825016.6463451475,825512.7541517387,825016.6463451475
2021-01-19,838234.7748981627,837053.1042119389,837556.4499097143,837053.1042119389
2021-01-20,857733.0221025052,856523.8644784399,857038.9185413874,856523.8644784399
2021-01-21,864594.4912209982,863375.6608928595,863894.8351510847,863375.6608928595
2021-01-22,862104.1890051904,860888.8692891335,861406.5481633161,860888.8692891335
2021-01-25,869230.5874409409,868005.2215464362,868527.1797014368,868005.2215464362
2021-01-26,870502.3482630153,869275.1895504023,869797.9113761042,869275.1895504023
2021-01-27,846235.7070121651,845042.7573057613,845550.9074269255,845042.7573057613
2021-01-28,851242.7543258874,850042.746118438,850553.9028861878,850042.746118438
2021-01-29,833333.9161930262,832159.1543123574,832659.557127997,832159.1543123574
2021-02-01,855156.3432415655,853952.2272863688,854465.1337947021,853952.2272863688
2021-02-02,869107.5509415757,867883.7907752139,868405.064952553,867883.7907752139
2021-02-03,865659.5223978781,864440.6172807902,864959.8233961955,864440.6172807902
2021-02-04,875897.462165163,874664.1413605585,875189.4879974953,874664.1413605585
2021-02-05,878867.9595922171,877630.4561333236,878157.5844181139,877630.4561333236
2021-02-08,884756.0067849135,883510.2125712058,884040.872394703,883510.2125712058
2021-02-09,884570.439428988,883324.906506231,883855.4550299579,883324.906506231
2021-02-10,882554.5866669135,881311.8921964387,881841.2316500234,881311.8921964387
2021-02-11,887408.4006751898,886158.8717177385,886691.1223966385,886158.8717177385
2021-02-12,892368.1935199511,891111.680850403,891646.9063187088,891111.680850403
2021-02-16,889954.8157289812,888701.7012529061,889235.4792231189,888701.7012529061
2021-02-17,885684.2611328487,884437.1598764234,884968.3764492216,884437.1598764234
2021-02-18,881811.9831885654,880570.3343522646,881099.2284064085,880570.3343522646
2021-02-19,877966.2625886493,876730.0287779989,877256.6162420781,876730.0287779989
2021-02-22,855209.3744166387,854005.1837900857,854518.1221055092,854005.1837900857
2021-02-23,852663.376931155,851462.7712352622,851974.1825098225,851462.7712352622
2021-02-24,859691.9701994025,858481.4677853672,858997.0946764755,858481.4677853672
2021-02-25,829720.6708622343,828552.3699941678,829050.0206700322,828552.3699941678
2021-02-26,833195.2567502994,832022.0634384842,832521.7981048726,832022.0634384842
2021-03-01,859259.4945077526,858051.008690709,858565.7765900256,858051.008690709
2021-03-02,845477.9871824043,844288.8840503896,844795.3956806506,844288.8840503896
2021-03-03,820942.0229367147,819787.4278491127,820279.2403962058,819787.4278491127
2021-03-04,807505.7451750133,806370.047232235,806853.8103314929,806370.047232235
2021-03-05,819667.4577954615,818514.6552907823,819005.704267354,818514.6552907823
2021-03-08,796459.2352476924,795339.0734155539,795816.2187366594,795339.0734155539
2021-03-09,827872.449989544,826708.1077616974,827204.0722109786,826708.1077616974
2021-03-10,825509.2704334971,824348.2518453599,824842.8005535484,824348.2518453599
2021-03-11,844521.896104588,843334.1376449509,843840.0764971409,843334.1376449509
2021-03-12,837670.8994430072,836492.7764105618,836994.6109459741,836492.7764105618
2021-03-15,846619.6945429272,845428.9856827696,845936.181290692,845428.9856827696
2021-03-16,851266.2052090816,850068.9613705216,850578.9406247698,850068.9613705216
2021-03-17,854771.5937912804,853569.4198793118,854081.4991528537,853569.4198793118
2021-03-18,828589.4973951716,827424.14669244,827920.540712752,827424.14669244
2021-03-19,831510.4455196584,830340.9867164015,830839.1306275668,830340.9867164015
2021-03-22,847104.1363186042,845912.7461264173,846420.2319552529,845912.7461264173
2021-03-23,843408.3656302238,842222.173269994,842727.4450248209,842222.173269994
2021-03-24,829183.9711654622,828017.784378725,828514.534538266,828017.784378725
2021-03-25,827748.1205245057,826583.9531569849,827079.8431225765,826583.9531569849
2021-03-26,840164.5956735159,838982.9654391764,839486.2939060243,838982.9654391764
2021-03-29,839925.3011685128,838744.007484444,839247.192593982,838744.007484444
2021-03-30,835697.7649134591,834522.4169508375,835023.0694145667,834522.4169508375
2021-03-31,848486.4759591407,847293.1416070573,847801.4555723027,847293.1416070573
2021-04-01,863949.7814079402,862736.1050496863,863253.0839174375,862736.1050496863
2021-04-05,881198.3592961872,879960.4521415987,880487.752385035,879960.4521415987
2021-04-06,880586.1204560864,879349.0733744117,879876.0072602783,879349.0733744117
2021-04-07,882715.3957330405,881475.357446183,882003.5654689792,881475.357446183
2021-04-08,891925.597414556,890672.6206395176,891206.3399544508,890672.6206395176
2021-04-09,897329.1869476463,896068.6192118749,896605.5719804865,896068.6192118749
2021-04-12,896158.0311352523,894899.1086387667,895435.3605995086,894899.1086387667
2021-04-13,906619.0784535774,905345.4602813869,905887.9720277257,905345.4602813869
2021-04-14,895732.0421473836,894473.7180800827,895009.7151332948,894473.7180800827
2021-04-15,909307.0195794285,908029.6253884612,908573.7455717598,908029.6253884612
2021-04-16,910372.2013185974,909093.3107606863,909638.0683380341,909093.3107606863
2021-04-19,902040.6804006228,900773.4939604555,901313.2660394057,900773.4939604555
2021-04-20,895465.8513473397,894207.9012247841,894743.7389920963,894207.9012247841
2021-04-21,903132.0626808024,901863.3430671801,902403.76821832,901863.3430671801
2021-04-22,892244.858959011,890991.4336854639,891525.3440432972,890991.4336854639
2021-04-23,903478.1107208594,902208.9049790684,902749.5372018781,902208.9049790684
2021-04-26,909360.7599862297,908083.2903007573,908627.4426417754,908083.2903007573
2021-04-27,905421.0524377828,904149.1172521306,904690.9121117401,904149.1172521306
2021-04-28,902359.7745294804,901092.1398259897,901632.1028476602,901092.1398259897
2021-04-29,905607.4697056122,904335.2726410459,904877.179050875,904335.2726410459
2021-04-30,899671.582280233,898407.7239482972,898946.0783827382,898407.7239482972
2021-05-03,895880.0990928139,894622.971413512,895158.4588520243,894622.971413512
2021-05-04,879757.9837858616,878523.4791756757,879049.3300676926,878523.4791756757
2021-05-05,876799.8812923195,875569.5275863969,876093.6103548348,875569.5275863969
2021-05-06,883408.5365160716,882168.9093332484,882696.9422417345,882168.9093332484
2021-05-07,890577.0683017478,889327.382005281,889859.6997044749,889327.382005281
2021-05-10,868085.9695218445,866867.843456309,867386.7177260895,866867.843456309
2021-05-11,866886.940357347,865670.4968079791,866188.6543913898,865670.4968079791
2021-05-12,844449.3068141609,843264.34847159,843769.0945829471,843264.34847159
2021-05-13,850978.0155867717,849783.8959507236,850292.5444163589,849783.8959507236
2021-05-14,869764.8449958133,868544.3630783836,869064.2408493336,868544.3630783836
2021-05-17,864488.5468231059,863275.468776444,863792.1927867555,863275.468776444
2021-05-18,858652.7910950318,857447.9019679171,857961.13781738,857447.9019679171
2021-05-19,859638.4621205294,858432.1898682286,858946.0148751616,858432.1898682286
2021-05-20,876267.072554,875037.4665023822,875561.2307992001,875037.4665023822
2021-05-21,871417.071652735,870194.2712778857,870715.136621415,870194.2712778857
2021-05-24,886073.4182207839,884830.0515905096,885359.6773579948,884830.0515905096
2021-05-25,887299.1800036402,886054.0933451309,886584.4517776659,886054.0933451309
2021-05-26,890390.526582418,889141.1020472727,889673.3082463366,889141.1020472727
2021-05-27,887059.2568489047,885814.5068582586,886344.7218833938,885814.5068582586
2021-05-28,889857.5502414755,888608.8735958205,889140.7612230845,888608.8735958205
2021-06-01,887899.1478379064,886654.6220965149,887184.7416002,886654.6220965149
2021-06-02,889633.3573219415,888386.400822114,888917.5557342385,888386.400822114
2021-06-03,880376.1301492165,879142.1490616737,879667.7769534307,879142.1490616737
2021-06-04,895315.8695846355,894060.9481793297,894595.4958310325,894060.9481793297
2021-06-07,897983.5873134994,896724.926695928,897261.0671064501,896724.926695928
2021-06-08,898410.4489967644,897151.1900676008,897687.5853355627,897151.1900676008
2021-06-09,898623.7959426258,897364.2379752588,897900.7606218507,897364.2379752588
2021-06-10,907987.822431938,906715.1393567957,907257.2527882049,906715.1393567957
2021-06-11,910362.2405450995,909086.2293617257,909629.7604376442,909086.2293617257
2021-06-14,919086.0584052855,917797.8194639318,918346.5590885977,917797.8194639318
2021-06-15,913083.3159843716,911803.490799783,912348.6464917008,911803.490799783
2021-06-16,909748.5429796351,908473.3919867676,909016.5566550264,908473.3919867676
2021-06-17,921300.2355956803,920008.8931481277,920558.954745583,920008.8931481277
2021-06-18,914070.4336269218,912789.2248467763,913334.9698965239,912789.2248467763
2021-06-21,919751.4357657364,918462.2641967811,919011.4010844885,918462.2641967811
2021-06-22,928324.9962999146,927023.8075814821,927578.0633069159,927023.8075814821
2021-06-23,928779.1241087811,927477.2988611332,928031.8257232262,927477.2988611332
2021-06-24,934521.5379520276,933211.6638377229,933769.6192035867,933211.6638377229
2021-06-25,933372.9209501445,932064.6567973195,932621.9263822853,932064.6567973195
2021-06-28,944724.2704648462,943400.0956686727,943964.1425681405,943400.0956686727
2021-06-29,948142.8553448936,946813.8888819045,947379.9768448471,946813.8888819045
2021-06-30,946647.4132253578,945320.542852017,945885.7379623916,945320.542852017
2021-07-01,948020.952871272,946693.5585049173,947258.9768159115,946693.5585049173
2021-07-02,958903.1389163203,957560.5075951219,958132.4162555485,957560.5075951219
2021-07-06,963047.3458590164,961698.9119266709,962273.2922734912,961698.9119266709
2021-07-07,965079.3468110588,963728.0677236479,964303.6599957349,963728.0677236479
2021-07-08,959250.4141358573,957907.2965688974,958479.4123510839,957907.2965688974
2021-07-09,965239.9248569487,963888.42093232,964464.1089763065,963888.42093232
2021-07-12,969009.8976090145,967653.1150662526,968231.0515960132,967653.1150662526
2021-07-13,969009.8976090145,967653.1150662526,968231.0515960132,967653.1150662526
2021-07-14,970747.7854247042,969388.5695364674,969967.5425766452,969388.5695364674
2021-07-15,963929.6012837407,962579.9320402169,963154.8385814957,962579.9320402169
2021-07-16,956122.3336456828,954783.5959359482,955353.8460695095,954783.5959359482
2021-07-19,948288.4429738658,946960.6740748024,947526.2519221461,946960.6740748024
2021-07-20,959304.2480937104,957961.0551498382,958533.2030396542,957961.0551498382
2021-07-21,966710.4065543783,965356.8436993904,965933.4087675348,965356.8436993904
2021-07-22,973100.6065311919,971738.0962838248,972318.4725927089,971738.0962838248
2021-07-23,984463.8548392408,983085.4340661179,983672.587639414,983085.4340661179
2021-07-26,985239.2821915948,983859.7756851916,984447.3917385865,983859.7756851916
2021-07-27,974383.8031646392,973019.4962186051,973600.6378511575,973019.4962186051
2021-07-28,978127.0688986123,976757.5207289198,977340.8949186561,976757.5207289198
2021-07-29,979864.9567143021,978492.9751991344,979077.385899288,978492.9751991344
2021-07-30,974758.373292604,973393.5418831853,973974.9069167167,973393.5418831853
2021-08-02,975838.0264681875,974473.0831105306,975054.4958296523,974473.0831105306
2021-08-03,981753.0558823326,980379.8389383939,980964.775883096,980379.8389383939
2021-08-04,983171.4926809263,981796.2917131701,982382.0737747601,981796.2917131701
2021-08-05,989407.9234630791,988023.9993521981,988613.4971330778,988023.9993521981
2021-08-06,985071.9054258417,983694.0462753926,984280.9606192994,983694.0462753926
2021-08-09,986891.9468111402,985511.5418966071,986099.540636881,985511.5418966071
2021-08-10,981833.1750305699,980459.8460208004,981044.8307011826,980459.8460208004
2021-08-11,980147.1419582728,978776.1712698438,979360.1513971686,978776.1712698438
2021-08-12,983680.3711744001,982304.4584181085,982890.5436738974,982304.4584181085
2021-08-13,987132.892749071,985752.1508138967,986340.2931118401,985752.1508138967
2021-08-16,987561.1476715483,986179.8067192256,986768.2041751484,986179.8067192256
2021-08-17,978862.5453317607,977493.3714595913,978076.586213158,977493.3714595913
2021-08-18,969441.3573895601,968085.3613066899,968662.9628351615,968085.3613066899
2021-08-19,974125.174919198,972762.6273949491,973343.0195823334,972762.6273949491
2021-08-20,984215.479651347,982838.8184176019,983425.22249564,982838.8184176019
2021-08-23,998935.9649597495,997538.7135992638,998133.8882695086,997538.7135992638
2021-08-24,1001987.1341590952,1000585.6150072152,1001182.6075904052,1000585.6150072152
2021-08-25,1003137.9746839856,1001734.8458058112,1002332.5240697194,1001734.8458058112
2021-08-26,996768.0400115906,995373.8210137283,995967.7040155765,995373.8210137283
2021-08-27,1006456.8242274947,1005049.0531428099,1005648.7088059229,1005049.0531428099
2021-08-30,1017751.6064379183,1016328.0368933087,1016934.4220851536,1016328.0368933087
2021-08-31,1016921.9991401158,1015499.590000143,1016105.4809047991,1015499.590000143
2021-09-01,1019607.7323023861,1018182.9648410726,1018789.8602987862,1018182.9648410726
2021-09-02,1019125.4516327506,1017701.3580951272,1018307.9664875916,1017701.3580951272
2021-09-03,1022260.2339088959,1020831.7599260837,1021440.2342176229,1020831.7599260837
2021-09-07,1023706.4868470139,1022275.9919162805,1022885.3270529378,1022275.9919162805
2021-09-08,1020143.618413752,1018718.1021222068,1019325.3165524395,1018718.1021222068
2021-09-09,1016633.9346573718,1015213.3226864367,1015818.448067065,1015213.3226864367
2021-09-10,1008918.1171669633,1007508.2870343268,1008108.8197716874,1007508.2870343268
2021-09-13,1008221.5830363453,1006812.7262183802,1007412.8443615919,1006812.7262183802
2021-09-14,1005354.8279688527,1003949.9770633678,1004548.3888438542,1003949.9770633678
2021-09-15,1012829.5472009284,1011414.2513601935,1012017.112276368,1011414.2513601935
2021-09-16,1013526.1654845163,1012109.8962115172,1012713.1717719304,1012109.8962115172
2021-09-17,1001523.7640209986,1000124.2665225959,1000720.3979601281,1000124.2665225959
2021-09-20,980828.9498531274,979458.3706307539,980042.1840087827,979458.3706307539
2021-09-21,982036.1242041865,980663.858114716,981248.3900324411,980663.858114716
2021-09-22,991208.7979069015,989823.7142145325,990413.7059319717,989823.7142145325
2021-09-23,1000354.2902003872,998956.4268875577,999551.8622256715,998956.4268875577
2021-09-24,1001293.1848838845,999894.0095894445,1000490.0037806354,999894.0095894445
2021-09-27,993300.8407348784,991912.8336883071,992504.0706408004,991912.8336883071
2021-09-28,965192.5706969093,963843.8412541411,964418.347476894,963843.8412541411
2021-09-29,963610.2424067061,962263.7240592341,962837.2884414915,962263.7240592341
2021-09-30,960069.8428163674,958728.2717108362,959299.7287606737,958728.2717108362
2021-10-01,967023.8704339487,965673.978940246,966248.9801514467,965673.978940246
2021-10-04,946726.4815839166,945404.9236954028,945967.8558941106,945404.9236954028
2021-10-05,959506.3720480463,958166.9744081516,958737.5056462632,958166.9744081516
2021-10-06,965654.7167985867,964306.7365388282,964880.9236387925,964306.7365388282
2021-10-07,974514.5804819415,973154.2325289055,973733.6877846048,973154.2325289055
2021-10-08,969655.1085930906,968301.5440918051,968878.109861208,968301.5440918051
2021-10-11,962217.975220917,960874.7923900159,961446.9359721,960874.7923900159
2021-10-12,958861.9356172016,957523.4375613634,958093.585611697,957523.4375613634
2021-10-13,966540.5852308433,965191.3683663869,965766.0822117988,965191.3683663869
2021-10-14,984341.014571507,982966.9496667013,983552.247809713,982966.9496667013
2021-10-15,990543.0202379229,989160.2978067118,989749.2837188459,989160.2978067118
2021-10-18,1000503.8172173182,999107.1902740013,999702.0989668472,999107.1902740013
2021-10-19,1008074.9765190962,1006667.7808154296,1007267.1913886343,1006667.7808154296
2021-10-20,1006759.2310794407,1005353.8720559548,1005952.5002749233,1005353.8720559548
2021-10-21,1012907.82855015,1011493.8865540222,1012096.1707851131,1011493.8865540222
2021-10-22,1004396.887180071,1002994.8258083104,1003592.0493560553,1002994.8258083104
2021-10-25,1014679.6496547196,1013263.2343316032,1013866.5721036792,1013263.2343316032
2021-10-26,1017874.7065108084,1016453.831132254,1017059.0687142708,1016453.831132254
2021-10-27,1020237.2188902908,1018813.0456248255,1019419.6879782459,1018813.0456248255
2021-10-28,1031567.4222252171,1030127.4328609238,1030740.812256562,1030127.4328609238
2021-10-29,1036641.7062576829,1035194.633580287,1035811.0301914809,1035194.633580287
2021-11-01,1041185.2170369076,1039733.197470349,1040351.701263693,1039733.197470349
2021-11-02,1045538.8798196435,1044080.7887074624,1044701.8787428142,1044080.7887074624
2021-11-03,1056637.7180873922,1055164.1487201732,1055791.831889444,1055164.1487201732
2021-11-04,1070182.4561137946,1068689.997480462,1069325.7267415444,1068689.997480462
2021-11-05,1071203.752279438,1069709.8693634789,1070346.2053134982,1069709.8693634789
2021-11-08,1069752.3346028181,1068260.4758097827,1068895.9495622565,1068260.4758097827
2021-11-09,1062389.0860585119,1060907.4959292882,1061538.5956308425,1060907.4959292882
2021-11-10,1046775.1945802663,1045315.3793241063,1045937.2037776544,1045315.3793241063
2021-11-11,1049677.4396863824,1048213.5770075236,1048837.1255055338,1048213.5770075236
2021-11-12,1060722.6497869126,1059243.3836419652,1059873.4934167142,1059243.3836419652
2021-11-15,1060480.9014293416,1059001.9724226282,1059631.9385896178,1059001.9724226282
2021-11-16,1068032.6917690889,1066543.231161315,1067177.6833802531,1066543.231161315
2021-11-17,1068596.8836981112,1067106.6362776677,1067741.4236481646,1067106.6362776677
2021-11-18,1079669.1608453037,1078163.4722115188,1078804.8369376143,1078163.4722115188
2021-11-19,1085688.753973533,1084174.6705154057,1084819.6111097743,1084174.6705154057
2021-11-22,1073084.9541829638,1071588.4477741544,1072225.9012299683,1071588.4477741544
2021-11-23,1068193.829233797,1066704.143906398,1067338.6918471458,1066704.143906398
2021-11-24,1071633.6208273615,1070139.1384238834,1070775.7297322415,1070139.1384238834
2021-11-26,1051316.7245903017,1049850.5757920123,1050475.098087878,1049850.5757920123
2021-11-29,1074132.895790181,1072634.9279394557,1073273.003912617,1072634.9279394557
2021-11-30,1058357.7825262097,1056881.8143857657,1057510.5193390215,1056881.8143857657
2021-12-01,1041351.9097936251,1039901.0519252227,1040519.0608803891,1039901.0519252227
2021-12-02,1048857.0239289342,1047395.7096011984,1048018.1726008637,1047395.7096011984
2021-12-03,1030618.8394938003,1029182.9354170511,1029794.5746392776,1029182.9354170511
2021-12-06,1038877.0730657933,1037429.6632501633,1038046.2034691167,1037429.6632501633
2021-12-07,1070161.8722229127,1068670.875031496,1069305.981775231,1068670.875031496
2021-12-08,1074950.0001667738,1073452.3319422156,1074090.2802862972,1073452.3319422156
2021-12-09,1059132.8039555377,1057657.172953328,1058285.734298824,1057657.172953328
2021-12-10,1070646.0023460572,1069154.330642987,1069789.7247024209,1069154.330642987
2021-12-13,1055178.5682042616,1053708.4464194442,1054334.6610528615,1053708.4464194442
2021-12-14,1044257.1125427111,1042802.2070164246,1043421.9401162327,1042802.2070164246
2021-12-15,1068063.468610357,1066575.395008328,1067209.2564168293,1066575.395008328
2021-12-16,1040598.5371508099,1039148.7289147329,1039766.2907674017,1039148.7289147329
2021-12-17,1035406.9674376616,1033964.3923277707,1034578.8731503439,1033964.3923277707
2021-12-20,1025363.1242273762,1023934.5426472554,1024543.0627710581,1023934.5426472554
2021-12-21,1048311.2803138274,1046850.7263404068,1047472.8654587421,1046850.7263404068
2021-12-22,1061078.1022606692,1059599.760982206,1060229.4767998476,1059599.760982206
2021-12-23,1069077.5591664207,1067588.0726882557,1068222.5359269732,1067588.0726882557
2021-12-27,1086746.4518162322,1085232.3482497553,1085877.297409498,1085232.3482497553
2021-12-28,1081709.6754513835,1080202.5893461045,1080844.5493406386,1080202.5893461045
2021-12-29,1081548.129939581,1080041.2689067053,1080683.13302916,1080041.2689067053
2021-12-30,1078316.1224769638,1076813.764420857,1077453.710450555,1076813.764420857
2021-12-31,1071582.6118259272,1070089.6351968078,1070725.5851039244,1070089.6351968078
2022-01-03,1082898.1829133013,1081390.8337531812,1082032.905798834,1081390.8337531812
2022-01-04,1068852.194657996,1067364.396928411,1067998.1408259936,1067364.396928411
2022-01-05,1036016.1573978254,1034574.0660642495,1035188.3408169509,1034574.0660642495
2022-01-06,1035288.0239908794,1033846.946188674,1034460.7892164787,1033846.946188674
2022-01-07,1024072.8771711647,1022647.4103861409,1023254.6037285232,1022647.4103861409
2022-01-10,1024746.8588767705,1023320.4539372886,1023928.0468969381,1023320.4539372886
2022-01-11,1040140.7260632537,1038692.8935019134,1039309.6137940775,1038692.8935019134
2022-01-12,1044265.2947286819,1042811.7209395773,1043430.8867712042,1042811.7209395773
2022-01-13,1018141.9564338813,1016724.7452434582,1017328.4220240156,1016724.7452434582
2022-01-14,1024477.4520506015,1023051.4221141988,1023658.8553371392,1023051.4221141988
2022-01-18,998974.0282400994,997583.4980072401,998175.8097388386,997583.4980072401
2022-01-19,988001.6770360668,986626.4198590062,987212.225863571,986626.4198590062
2022-01-20,975168.9910189052,973811.5964062068,974389.7936539261,973811.5964062068
2022-01-21,948128.8754028169,946809.1195046409,947371.2841256348,946809.1195046409
2022-01-24,952469.3750333402,951143.5773404915,951708.315530747,951143.5773404915
2022-01-25,930389.7580121072,929094.6942263772,929646.3409689863,929094.6942263772
2022-01-26,928933.8291183483,927640.7919249885,928191.5754181639,927640.7919249885
2022-01-27,919579.1015917959,918299.0857894615,918844.3226771163,918299.0857894615
2022-01-28,948425.4003196728,947105.2316711649,947667.5721077275,947105.2316711649
2022-01-31,978754.5770719288,977392.19147281,977972.5146863941,977392.19147281
2022-02-01,986413.1623460647,985041.50785616,985625.779256286,985041.50785616
2022-02-02,994428.2184399031,993045.4186327038,993634.4375039958,993045.4186327038
2022-02-03,954110.3188680278,952783.5830207211,953348.7208282436,952783.5830207211
2022-02-04,966146.137546802,964802.6653202979,965374.9321736398,964802.6653202979
2022-02-07,958374.1233843376,957041.4585137452,957609.1218543098,957041.4585137452
2022-02-08,969141.7942541754,967794.1564243218,968368.1976624809,967794.1564243218
2022-02-09,989678.6683237979,988302.4729922792,988888.6786141113,988302.4729922792
2022-02-10,967279.6567006422,965934.6082617595,966507.5465201965,965934.6082617595
2022-02-11,936595.9088447646,935293.5276188918,935848.2913060586,935293.5276188918
2022-02-14,937756.2353375906,936452.2406224575,937007.6915932195,936452.2406224575
2022-02-15,961072.8697851507,959736.4521791335,960305.7140388567,959736.4521791335
2022-02-16,960829.912419515,959493.832657288,960062.9506087122,959493.832657288
2022-02-17,932251.1749170681,930954.8352506827,931507.0254687679,930954.8352506827
2022-02-18,921618.3863995413,920336.8321320809,920882.7243459711,920336.8321320809
2022-02-22,912362.1589672285,911093.4759249319,911633.8854981111,911093.4759249319
2022-02-23,888991.5715787439,887755.386451466,888281.9531783243,887755.386451466
2022-02-24,918865.85618928,917588.1294461936,918132.3912837453,917588.1294461936
2022-02-25,933114.5065375959,931816.9663674674,932369.6679533991,931816.9663674674
2022-02-28,935894.3514812717,934592.9458043316,935147.2939456413,934592.9458043316
2022-03-01,922564.13354859,921282.654305264,921828.5145617945,921282.654305264
2022-03-02,938044.260586001,936741.278814275,937296.29831059,936741.278814275
2022-03-03,924644.3369959106,923359.9682650762,923907.0593307678,923359.9682650762
2022-03-04,911244.4980632941,909978.7422557586,910517.9049409168,909978.7422557586
2022-03-07,877636.7508089156,876417.6775342852,876936.9552782555,876417.6775342852
2022-03-08,873557.5304316917,872344.1233606912,872860.9875225587,872344.1233606912
2022-03-09,905003.6337489106,903746.5467566785,904282.0168640834,903746.5467566785
2022-03-10,894954.0296862382,893710.902004304,894240.4259891011,893710.902004304
2022-03-11,876394.0637503441,875176.7166187682,875695.2590930138,875176.7166187682
2022-03-14,859563.2267177352,858369.2583058828,858877.8423558994,858369.2583058828
2022-03-15,886524.9389879077,885293.5196570543,885818.0563402171,885293.5196570543
2022-03-16,919403.2774476372,918126.1887624711,918670.1788121948,918126.1887624711
2022-03-17,930533.9574513109,929241.407797232,929791.9836176586,929241.407797232
2022-03-18,949580.0266020233,948261.0211803766,948822.8661275927,948261.0211803766
2022-03-21,946940.0679376392,945624.7295263483,946185.0124699472,945624.7295263483
2022-03-22,965549.7278106803,964208.5398221238,964779.8336790488,964208.5398221238
2022-03-23,951673.6905876853,950351.7769812929,950914.8607019653,950351.7769812929
2022-03-24,972826.0376876626,971474.7426076463,972050.3416919605,971474.7426076463
2022-03-25,972014.5111433839,970664.3433068666,971239.4622293453,970664.3433068666
2022-03-28,987053.9960294315,985682.9377344506,986266.9551787551,985682.9377344506
2022-03-29,1004040.8567863367,1002646.2030483101,1003240.2712325396,1002646.2030483101
2022-03-30,992950.5583976872,991571.3095368615,992158.8158432731,991571.3095368615
2022-03-31,980643.3088225148,979281.1552337678,979861.3796199681,979281.1552337678
2022-04-01,979776.5655866258,978417.0045638522,978996.1246179031,978417.0045638522
2022-04-04,999948.7590785493,998561.2066453064,999152.2499502245,998561.2066453064
2022-04-05,977745.8465276269,976389.1033784152,976967.0231280574,976389.1033784152
2022-04-06,956517.658786478,955190.3723702101,955755.7446986709,955190.3723702101
2022-04-07,958792.1861638321,957461.7435598413,958028.4603013692,957461.7435598413
2022-04-08,945388.9997059449,944077.1556789451,944635.9501509082,944077.1556789451
2022-04-11,923023.7177640011,921742.9083286212,922288.4832730491,921742.9083286212
2022-04-12,919124.4795491422,917849.080788483,918392.3509961729,917849.080788483
2022-04-13,937807.4677652741,936506.1440504369,937060.4572790824,936506.1440504369
2022-04-14,916362.5897669013,915091.0234695087,915632.6611970841,915091.0234695087
2022-04-18,917066.6424290122,915794.0991715749,916336.1530460863,915794.0991715749
2022-04-19,937563.8289348013,936262.8432989395,936817.0125191063,936262.8432989395
2022-04-20,923889.9703292513,922607.9588614233,923154.0458248666,922607.9588614233
2022-04-21,904773.6863426121,903518.2010803716,904052.9889131719,903518.2010803716
2022-04-22,881081.5685158982,879858.9589939801,880379.7430415927,879858.9589939801
2022-04-25,892399.5455607015,891161.2309474521,891688.7047524115,891161.2309474521
2022-04-26,858716.1170860725,857524.5423909595,858032.106810857,857524.5423909595
2022-04-27,857687.0714100959,856496.9246429829,857003.8808211563,856496.9246429829
2022-04-28,888148.7047344922,886916.2886880225,887441.2499332256,886916.2886880225
2022-04-29,848183.1231670676,847006.1643022249,847507.5029475715,847006.1643022249
2022-05-02,863344.0442674775,862147.4349590571,862657.1439281745,862147.4349590571
2022-05-03,864265.5152185743,863067.628735979,863577.8817315614,863067.628735979
2022-05-04,893488.2174110047,892249.8277736208,892777.3335359402,892249.8277736208
2022-05-05,848488.5173681818,847312.4980689094,847813.4364959099,847312.4980689094
2022-05-06,838322.9815107499,837161.0518144728,837655.98861925,837161.0518144728
2022-05-09,805522.1450865215,804405.6778990204,804881.2494453808,804405.6778990204
2022-05-10,815308.1818587629,814178.151060356,814659.5001767917,814178.151060356
2022-05-11,791127.4809260491,790030.9649842192,790498.0380768301,790030.9649842192
2022-05-12,789256.8804721513,788162.9572138876,788628.9259242591,788162.9572138876
2022-05-13,818506.9866897364,817372.5222942461,817855.7599503939,817372.5222942461
2022-05-16,809019.1701912365,807897.8560683567,808375.4922204474,807897.8560683567
2022-05-17,829973.7471100052,828823.389592477,829313.3970997308,828823.389592477
2022-05-18,789230.0703422787,788136.1842433041,788602.1371252654,788136.1842433041
2022-05-19,785001.1117236045,783913.0870321203,784376.5431827354,783913.0870321203
2022-05-20,782561.135378646,781476.4925352514,781938.5081502704,781476.4925352514
2022-05-23,795573.3810070155,794470.702973194,794940.4008770399,794470.702973194
2022-05-24,778657.7162166847,777578.4835776401,778038.1946562807,777578.4835776401
2022-05-25,789555.3552724422,788461.0183231051,788927.1632497646,788461.0183231051
2022-05-26,811431.4879844909,810306.8303487375,810785.8907071152,810306.8303487375
2022-05-27,837916.6722956866,836755.3057507882,837250.0026750073,836755.3057507882
2022-05-31,835693.5525708371,834535.2673071198,835028.6517255417,834535.2673071198
2022-06-01,830512.6693033383,829362.9504316939,829852.6859006702,829362.9504316939
2022-06-02,853256.5409660697,852075.336652443,852578.4836936527,852075.336652443
2022-06-03,831055.3792792606,829904.9091079381,830394.9646013215,829904.9091079381
2022-06-06,833823.8032619313,832669.5006273421,833161.18860084,832669.5006273421
2022-06-07,841016.0483177052,839851.7891102957,840347.7181961036,839851.7891102957
2022-06-08,834963.5027058113,833807.6223301388,834299.9823599005,833807.6223301388
2022-06-09,812599.502542896,811474.5817347087,811953.7541942952,811474.5817347087
2022-06-10,783938.7415261433,782853.497196154,783315.7690210402,782853.497196154
2022-06-13,747488.491152363,746453.7066675752,746894.4845633247,746453.7066675752
2022-06-14,748845.3935088167,747808.7305984445,748250.3086303466,747808.7305984445
2022-06-15,767545.5704315568,766483.019961481,766935.6250857487,766483.019961481
2022-06-16,736577.8035866505,735558.1232945626,735992.4673923831,735558.1232945626
2022-06-17,745534.3444946557,744502.2652296355,744941.890807106,744502.2652296355
2022-06-21,764343.7599569225,763285.6419080031,763736.3589934577,763285.6419080031
2022-06-22,763228.9492316127,762172.3744691194,762622.4341746526,762172.3744691194
2022-06-23,774595.6185081956,773523.3083154578,773980.0707015335,773523.3083154578
2022-06-24,801136.0815582875,800027.0301184155,800499.4428450569,800027.0301184155
2022-06-27,795262.4289201441,794161.50866181,794630.4578217465,794161.50866181
2022-06-28,771033.3038642368,769965.9251560196,770420.5869217227,769965.9251560196
2022-06-29,771740.2963716091,770671.9389394568,771127.0176034445,770671.9389394568
2022-06-30,762168.3330539064,761113.2265537047,761562.6608366761,761113.2265537047
2022-07-01,768198.867127914,767136.7962008164,767589.1970584489,767136.7962008164
2022-07-05,781350.0896210423,780269.8365126586,780729.9822715003,780269.8365126586
2022-07-06,786360.1763480841,785272.9965600572,785736.0928147003,785272.9965600572
2022-07-07,803187.566137652,802077.1216948081,802550.1277864716,802077.1216948081
2022-07-08,804194.9589665785,803083.1217559482,803556.721112454,803083.1217559482
2022-07-11,787013.6548270306,785925.5715743884,786389.0526697764,785925.5715743884
2022-07-12,779389.7392393218,778312.1964071915,778771.1876938881,778312.1964071915
2022-07-13,777783.2181524624,776707.8964110068,777165.9415995658,776707.8964110068
2022-07-14,780560.4378966456,779481.2765187696,779940.9572429273,779481.2765187696
2022-07-15,794719.3083840571,793620.5717043306,794088.5907448094,793620.5717043306
2022-07-18,787993.7449627719,786904.3066895957,787368.3649709664,786904.3066895957
2022-07-19,812227.1391252809,811104.1970492402,811582.5266459846,811104.1970492402
2022-07-20,825106.2702928657,823965.5222145454,824451.4364748906,823965.5222145454
2022-07-21,836950.7909934579,835793.6673103041,836286.5569406382,835793.6673103041
2022-07-22,822274.7853827878,821137.9519650225,821622.1987324092,821137.9519650225
2022-07-25,817591.2252574217,816460.8670809738,816942.3556477069,816460.8670809738
2022-07-26,801526.4396644222,800418.2918067583,800890.3196425647,800418.2918067583
2022-07-27,835398.5350724929,834243.5574558796,834735.5329454358,834243.5574558796
2022-07-28,843567.3137522403,842401.0424163612,842897.8285905443,842401.0424163612
2022-07-29,858951.2331179891,857763.6927927866,858269.5387282018,857763.6927927866
2022-08-01,859433.7980847037,858246.9727230391,858752.514111828,858246.9727230391
2022-08-02,856871.5090807555,855688.2220830469,856192.2562665752,855688.2220830469
2022-08-03,880206.2213925847,878990.7105884113,879508.4708586906,878990.7105884113
2022-08-04,884322.4888622377,883101.2937451605,883621.475311388,883101.2937451605
2022-08-05,877098.4347695174,875887.2156280539,876403.1478171371,875887.2156280539
2022-08-08,874263.4821101805,873056.1778644574,873570.4424604023,873056.1778644574
2022-08-09,864367.8862121805,863174.2471774447,863682.6909256357,863174.2471774447
2022-08-10,888493.1698471289,887266.2152754209,887788.8501450466,887266.2152754209
2022-08-11,883450.0843808335,882230.0940008361,882749.7623959805,882230.0940008361
2022-08-12,900651.4823756679,899407.7379200897,899937.5246264418,899407.7379200897
2022-08-15,907929.6093669427,906675.8142643945,907209.882154981,906675.8142643945
2022-08-16,905803.565180782,904552.7060148537,905085.5233107662,904552.7060148537
2022-08-17,895471.8947733362,894235.3030105461,894762.0429482982,894235.3030105461
2022-08-18,897625.4437567146,896385.8780748666,896913.8847863321,896385.8780748666
2022-08-19,880124.132771787,878908.735326964,879426.4473105741,878908.735326964
2022-08-22,856953.0016223566,855769.6020884464,856273.6842080145,855769.6020884464
2022-08-23,856244.3486116934,855061.9276841256,855565.592955499,855061.9276841256
2022-08-24,858724.9747656985,857539.1282455616,858044.252685976,857539.1282455616
2022-08-25,873908.985296507,872702.1705891404,873216.2266608081,872702.1705891404
2022-08-26,838089.2239021957,836931.8740883046,837424.8600415272,836931.8740883046
2022-08-29,829829.1841656723,828683.2409600267,829171.368142313,828683.2409600267
2022-08-30,820587.9980714391,819454.8163769802,819937.5076524373,819454.8163769802
2022-08-31,815817.4911063613,814690.8971894215,815170.7823281853,814690.8971894215
2022-09-01,817171.432547495,816044.3494449767,816524.4429577478,816044.3494449767
2022-09-02,805626.412160271,804515.2525187039,804988.5632571735,804515.2525187039
2022-09-06,799840.0900939835,798736.9112329074,799206.8224696614,798736.9112329074
2022-09-07,815997.9349209202,814872.4703641477,815351.8744394577,814872.4703641477
2022-09-08,820228.289849385,819096.9905786619,819578.8800149097,819096.9905786619
2022-09-09,838160.5340227527,837004.5017173283,837496.9264632482,837004.5017173283
2022-09-12,848122.5603361162,846952.7879131627,847451.0654141064,846952.7879131627
2022-09-13,801614.2336649945,800508.6078176916,800979.561375292,800508.6078176916
2022-09-14,807973.5779303672,806859.1809621232,807333.8706756948,806859.1809621232
2022-09-15,794517.7446394237,793421.9066194352,793888.6909437401,793421.9066194352
2022-09-16,789659.5463135382,788570.4089600485,789034.3390613506,788570.4089600485
2022-09-19,795808.89895916,794711.2801155173,795178.8230013532,794711.2801155173
2022-09-20,789465.6685452419,788376.7985975227,788840.6147943793,788376.7985975227
2022-09-21,775329.3021203751,774259.92974574,774715.4407357033,774259.92974574
2022-09-22,765786.6622372004,764730.4515416665,765180.3561688518,764730.4515416665
2022-09-23,753318.3778425528,752279.3640191793,752721.9434484747,752279.3640191793
2022-09-26,750201.2428000359,749166.528282897,749607.2763751526,749166.528282897
2022-09-27,750502.0346938572,749466.905309718,749907.8301191607,749466.905309718
2022-09-28,765431.2196619904,764375.4992103692,764825.195012738,764375.4992103692
2022-09-29,743365.5594443062,742340.2730384514,742777.0051224332,742340.2730384514
2022-09-30,730760.7762338966,729752.8749660944,730182.2016582474,729752.8749660944
2022-10-03,748904.420653056,747872.8736125379,748312.2724830954,747872.8736125379
2022-10-04,772450.4798684818,771386.5002944792,771839.7141613701,771386.5002944792
2022-10-05,772039.6677085978,770976.2539906057,771429.2268248708,770976.2539906057
2022-10-06,765961.406414488,764906.3649430424,765355.7715262959,764906.3649430424
2022-10-07,736775.1318717778,735760.2918122854,736192.5741595002,735760.2918122854
2022-10-10,729410.3079738752,728405.6122827245,728833.5735240498,728405.6122827245
2022-10-11,719389.3768610288,718398.4840819022,718820.5658201942,718398.4840819022
2022-10-12,719142.9066395856,718152.3533505467,718574.2904792812,718152.3533505467
2022-10-13,736008.572772942,734994.7885781875,735426.6211681395,734994.7885781875
2022-10-14,713886.1416065904,712902.8290284658,713321.6818963059,712902.8290284658
2022-10-17,737459.6480600466,736443.8651423887,736876.5491104667,736443.8651423887
2022-10-18,743291.5245051488,742267.7087134395,742703.8143730613,742267.7087134395
2022-10-19,740580.8643038863,739560.7821975865,739995.2974526145,739560.7821975865
2022-10-20,736802.6217960261,735787.7438716884,736220.0423478527,735787.7438716884
2022-10-21,754078.7585995243,753040.0843838311,753482.5191534793,753040.0843838311
2022-10-24,762374.9103968812,761324.8089942223,761772.1113005403,761324.8089942223
2022-10-25,778145.1628096494,777073.3393330436,777529.8943969999,777073.3393330436
2022-10-26,760950.9835442826,759902.8434700526,760349.3103268346,759902.8434700526
2022-10-27,747097.2569372572,746068.1990987406,746506.5376661757,746068.1990987406
2022-10-28,769958.9707092855,768898.4229602644,769350.1750033493,768898.4229602644
2022-10-31,761005.8780203436,759957.6623340157,760404.161398607,759957.6623340157
2022-11-01,754229.6859352234,753192.1808260258,753634.117601832,753192.1808260258
2022-11-02,728376.8309734327,727374.8885974587,727801.6770337337,727374.8885974587
2022-11-03,714148.2419069257,713165.8721281703,713584.3234001921,713165.8721281703
2022-11-04,725635.4741556157,724637.3027419329,725062.484895114,724637.3027419329
2022-11-07,733613.2601824694,732604.1146664445,733033.971359889,732604.1146664445
2022-11-08,738959.3676002268,737942.8680727334,738375.8572886965,737942.8680727334
2022-11-09,721906.6715163378,720913.6293780755,721336.6266596627,720913.6293780755
2022-11-10,775175.2317998831,774108.9143656674,774563.1240699722,774108.9143656674
2022-11-11,789458.873685109,788372.907923984,788835.4870504413,788372.907923984
2022-11-14,782550.1723646173,781473.7100916893,781932.241102243,781473.7100916893
2022-11-15,793379.0789037524,792287.7205771805,792752.5967265303,792287.7205771805
2022-11-16,782550.1723646173,781473.7100916893,781932.241102243,781473.7100916893
2022-11-17,780823.1038916736,779749.0173438038,780206.5363879941,779749.0173438038
2022-11-18,780850.2028723162,779776.0790475646,780233.6139702549,779776.0790475646
2022-11-21,772817.7914554606,771754.7168747782,772207.5452497553,771754.7168747782
2022-11-22,783948.3771828853,782869.9915639663,783329.3418450165,782869.9915639663
2022-11-23,791816.6559725049,790727.4468874759,791191.4075436204,790727.4468874759
2022-11-25,786607.5822013409,785525.538626703,785986.4470544478,785525.538626703
2022-11-28,775065.7245626489,773999.5577646655,774453.7033038011,773999.5577646655
2022-11-29,769198.6670249035,768140.5708482239,768591.2786169562,768140.5708482239
2022-11-30,804263.2092330928,803156.8788880013,803628.1325342263,803156.8788880013
2022-12-01,806250.0132015533,805142.3250137033,805614.1570480687,805142.3250137033
2022-12-02,803038.178205759,801934.902683494,802404.8550941505,801934.902683494
2022-12-05,789560.5396773713,788475.7807699945,788937.8458237502,788475.7807699945
2022-12-06,773200.2524927981,772137.9706044198,772590.4613233431,772137.9706044198
2022-12-07,770043.7954381705,768985.8501329087,769436.4936362919,768985.8501329087
2022-12-08,779157.2755983889,778086.8094941707,778542.7863703463,778086.8094941707
2022-12-09,774188.7530222166,773125.1130558945,773578.1822631379,773125.1130558945
2022-12-12,783905.9126554619,782828.9225089612,783287.6783731013,782828.9225089612
2022-12-13,792332.9460024551,791244.3781503491,791708.0656662383,791244.3781503491
2022-12-14,786458.7758289345,785378.278362947,785838.5282086126,785378.278362947
2022-12-15,760052.0570796353,759007.8391918923,759452.6353499617,759007.8391918923
2022-12-16,752805.5924227684,751771.3302846969,752211.8856810856,751771.3302846969
2022-12-19,742225.7523119053,741206.025570706,741640.3894540392,741206.025570706
2022-12-20,741648.0927679582,740629.1596598044,741063.1854863645,740629.1596598044
2022-12-21,752406.5631156294,751372.8491946653,751813.1710719139,751372.8491946653
2022-12-22,733998.7471697135,732990.3233200095,733419.8726117031,732990.3233200095
2022-12-23,735649.6431963325,734638.951218879,735069.4666446724,734638.951218879
2022-12-27,725248.9468735093,724252.5441714339,724676.9729223443,724252.5441714339
2022-12-28,715673.5273802517,714690.2801248649,715109.1051677624,714690.2801248649
2022-12-29,733118.1779908532,732110.9639347146,732539.9979014591,732110.9639347146
2022-12-30,732678.321360783,731671.7116134636,732100.488168183,731671.7116134636
2023-01-03,728725.0765952829,727725.2715839904,728151.1495861405,727725.2715839904
2023-01-04,732196.8236709549,731192.2554502771,731620.1623941448,731192.2554502771
2023-01-05,720734.6414838505,719745.7992860022,720167.0075565198,719745.7992860022
2023-01-06,740627.8910767642,739611.7554986376,740044.5896863426,739611.7554986376
2023-01-09,745422.1350017332,744399.4217590585,744835.0577757251,744399.4217590585
2023-01-10,751731.8934626236,750700.523281507,751139.8468168464,750700.523281507
2023-01-11,764737.1029198442,763687.8896947514,764134.8136720121,763687.8896947514
2023-01-12,768869.8412918077,767814.9579825263,768264.2971948568,767814.9579825263
2023-01-13,774160.0001079,773097.8587427827,773550.2896042687,773097.8587427827
2023-01-17,775730.7115311155,774666.4151624136,775119.7639715103,774666.4151624136
2023-01-18,765646.0516616973,764595.5913661573,765043.0465468672,764595.5913661573
2023-01-19,758124.1044166458,757083.9641729221,757527.0234134237,757083.9641729221
2023-01-20,778871.6201208325,777803.0144505177,778258.1988542962,777803.0144505177
2023-01-23,796174.9871929941,795082.6414406283,795547.9381949158,795082.6414406283
2023-01-24,794549.5074297462,793459.391822692,793923.7386219192,793459.391822692
2023-01-25,792786.2068671678,791698.5104944662,792161.8267940647,791698.5104944662
2023-01-26,808243.220917453,807134.3176443669,807606.6672577271,807134.3176443669
2023-01-27,816288.9386256317,815168.9966918182,815646.0483448001,815168.9966918182
2023-01-30,799784.383649092,798687.0858334854,799154.4919738788,798687.0858334854
2023-01-31,811770.1648804191,810656.422668257,811130.8334812341,810656.422668257
2023-02-01,830128.3432203955,828990.7853140846,829475.3406853799,828990.7853140846
2023-02-02,859921.4298147217,858743.0452561401,859244.9911915025,858743.0452561401
2023-02-03,844638.8576626632,843481.41542092,843974.4407448084,843481.41542092
2023-02-06,837493.9127885269,836346.2615491005,836835.116287266,836346.2615491005
2023-02-07,854845.9462865136,853674.5168650056,854173.5001828094,853674.5168650056
2023-02-08,839645.6686041326,838495.0687280762,838985.1794706255,838495.0687280762
2023-02-09,832224.7497837155,831084.3190880577,831570.0981557477,831084.3190880577
2023-02-10,826762.7654302436,825629.8195091224,826112.4103543188,825629.8195091224
2023-02-13,840004.2802712679,838853.1889753719,839343.5090436368,838853.1889753719
2023-02-14,846211.1196787561,845051.5229037991,845545.4659749386,845051.5229037991
2023-02-15,852693.933032525,851525.4526004252,852023.1797635757,851525.4526004252
2023-02-16,836693.794295019,835547.2394898076,836035.627189693,835547.2394898076
2023-02-17,830790.5605535572,829652.0951844797,830137.0370995768,829652.0951844797
2023-02-21,811121.324172667,810009.812341002,810483.273098739,810009.812341002
2023-02-22,811728.1064407488,810615.763111193,811089.5780546527,810615.763111193
2023-02-23,818817.7878753936,817695.7292732116,818173.6825444947,817695.7292732116
2023-02-24,805107.4777394279,804004.2069208706,804474.1573279308,804004.2069208706
2023-02-27,810872.8961333379,809761.7247325021,810235.0404799622,809761.7247325021
2023-02-28,809824.7786644722,808715.0435407171,809187.7474900698,808715.0435407171
2023-03-01,804314.0336809305,803213.2200791636,803682.1238075556,803213.2200791636
2023-03-02,810970.8254172725,809860.9010868839,810333.6856308947,809860.9010868839
2023-03-03,827736.3141624796,826603.4439710489,827086.002558346,826603.4439710489
2023-03-06,828675.5870726553,827541.4313579688,828024.5375281144,827541.4313579688
2023-03-07,818511.1282527123,817390.8839881001,817868.0644222294,817390.8839881001
2023-03-08,822598.8384589439,821472.9996046482,821952.563116128,821472.9996046482
2023-03-09,808346.497593598,807240.1650142454,807711.4196121786,807240.1650142454
2023-03-10,796994.5441805759,795903.7482998266,796368.3848691578,795903.7482998266
2023-03-13,802905.5539135949,801806.6680087483,802274.7506133175,801806.6680087483
2023-03-14,821356.0975723007,820231.9595786319,820710.7985897165,820231.9595786319
2023-03-15,825664.7929527889,824534.7579210452,825016.1088407176,824534.7579210452
2023-03-16,847429.8564665854,846270.0329729277,846764.0726174051,846270.0329729277
2023-03-17,843424.8868213216,842270.5446755895,842762.2494792957,842270.5446755895
2023-03-20,846418.2392653038,845259.8003079445,845753.2501938731,845259.8003079445
2023-03-21,858507.2108839139,857332.226517881,857832.724103622,857332.226517881
2023-03-22,846833.0590247558,845674.0523299029,846167.7440498959,845674.0523299029
2023-03-23,856874.8246764103,855702.0744538404,856201.6203814643,855702.0744538404
2023-03-24,860028.5889867755,858851.5224070314,859352.9069347315,858851.5224070314
2023-03-27,854136.3956430107,852967.3933345655,853465.3427967171,852967.3933345655
2023-03-28,849599.3260039014,848436.5332948933,848931.8377094881,848436.5332948933
2023-03-29,865090.9709724651,863906.9758315946,864411.3116565346,863906.9758315946
2023-03-30,873279.2793227737,872084.0773636331,872593.1868567598,872084.0773636331
2023-03-31,887802.6964808021,886587.6172417905,887105.193682116,886587.6172417905
2023-04-03,886644.6980166913,885432.5718828319,885948.8904153572,885432.5718828319
2023-04-04,883653.5578075501,882445.5208417934,882960.0975479402,882445.5208417934
2023-04-05,874929.7572665974,873733.6465511705,874243.143139088,873733.6465511705
2023-04-06,880828.6876284392,879624.5125241209,880137.4442276768,879624.5125241209
2023-04-10,880330.2216046291,879126.7279499328,879639.3693824855,879126.7279499328
2023-04-11,874680.395229837,873484.6254156103,873993.9767928914,873484.6254156103
2023-04-12,866953.7847862148,865768.577970296,866273.4299216237,865768.577970296
2023-04-13,883930.5311633169,882722.1155491075,883236.8535447505,882722.1155491075
2023-04-14,882268.8630618564,881062.7191031772,881576.4894620231,881062.7191031772
2023-04-17,883016.5190892864,881809.3530149708,882323.5587552764,881809.3530149708
2023-04-18,883071.9137604398,881864.6719564336,882378.9099546385,881864.6719564336
2023-04-19,882656.6257599299,881449.9516934172,881963.9478575577,881449.9516934172
2023-04-20,875926.7753307876,874729.3015985242,875239.3787785379,874729.3015985242
2023-04-21,876840.6153716778,875641.8923347061,876152.5016698773,875641.8923347061
2023-04-24,875012.7632567573,873816.5390643873,874326.0839890637,873816.5390643873
2023-04-25,858506.6995513185,857333.040690055,857832.9736623798,857333.040690055
2023-04-26,863713.3685568837,862532.5916926748,863035.5566570774,862532.5916926748
2023-04-27,887198.5587116547,885985.6753984828,886502.3164599105,885985.6753984828
2023-04-28,893318.8957249698,892097.6453393296,892617.8504478129,892097.6453393296
2023-05-01,893293.8804151758,892074.0309112176,892593.639298655,892074.0309112176
2023-05-02,885502.9843454441,884293.7738046697,884808.8504080748,884293.7738046697
2023-05-03,879708.444576317,878507.1468474603,879018.8529011153,878507.1468474603
2023-05-04,876603.1258274019,875406.0686084363,875915.9683700042,875406.0686084363
2023-05-05,895234.7799820707,894012.2800565369,894533.0174203574,894012.2800565369
2023-05-08,897452.877104573,896227.3482266038,896749.3758062136,896227.3482266038
2023-05-09,891768.9924640433,890551.2252913889,891069.9466867774,890551.2252913889
2023-05-10,901473.1458467556,900242.1270365946,900766.4931135387,900242.1270365946
2023-05-11,904412.0943945419,903177.0622635614,903703.1378588949,903177.0622635614
2023-05-12,901167.9615854718,899937.3595237939,900461.5480821126,899937.3595237939
2023-05-15,906047.7235872124,904810.4579007323,905337.4849037335,904810.4579007323
2023-05-16,907073.7592737803,905835.0924704329,906362.7162946597,905835.0924704329
2023-05-17,918052.9869671103,916799.3273313376,917333.3375183529,916799.3273313376
2023-05-18,935104.296436937,933827.3521555907,934371.2806949103,933827.3521555907
2023-05-19,932997.1127818539,931723.045993562,932265.7488328908,931723.045993562
2023-05-22,936130.2460105643,934851.9007299433,935396.4260403988,934851.9007299433
2023-05-23,924263.6244649404,923001.4838093857,923539.1065805751,923001.4838093857
2023-05-24,919522.5042974737,918266.837942495,918801.7029137498,918266.837942495
2023-05-25,941897.1435257772,940610.9231804911,941158.8029618368,940610.9231804911
2023-05-26,965962.9547934014,964643.871055025,965205.7493621183,964643.871055025
2023-05-30,970343.6923046963,969018.6263911397,969583.0528719124,969018.6263911397
2023-05-31,964826.3500911766,963508.8184586777,964070.0356291066,963508.8184586777
2023-06-01,976971.8203014894,975639.0684123085,976206.7688194033,975639.0684123085
2023-06-02,984298.8316015599,982956.0844515646,983528.0424505483,982956.0844515646
2023-06-05,984992.6646343516,983648.9709808176,984221.3321534517,983648.9709808176
2023-06-06,984826.1240182063,983482.6575537438,984054.9219526802,983482.6575537438
2023-06-07,968118.1866867535,966797.5126248762,967360.0683478534,966797.5126248762
2023-06-08,980135.6610025151,978798.5931089381,979368.1319658393,978798.5931089381
2023-06-09,983882.5662623437,982540.3869674345,983112.103082264,982540.3869674345
2023-06-12,1000507.2332857238,999142.3751827652,999723.7515867052,999142.3751827652
2023-06-13,1008195.0825874425,1006819.7369806811,1007405.580652855,1006819.7369806811
2023-06-14,1015522.18008866,1014136.8391034915,1014726.9404176443,1014136.8391034915
2023-06-15,1027622.9247124942,1026221.0763010902,1026818.209136016,1026221.0763010902
2023-06-16,1021156.2870613609,1019763.2602181608,1020356.6354085458,1019763.2602181608
2023-06-20,1019694.4018081474,1018303.3692193285,1018895.894935004,1018303.3692193285
2023-06-21,1005798.2596930736,1004426.1837509782,1005010.6346733259,1004426.1837509782
2023-06-22,1017665.3992083396,1016277.1345161907,1016868.4812156673,1016277.1345161907
2023-06-23,1007577.0203629279,1006202.5178957334,1006788.0024232839,1006202.5178957334
2023-06-26,994070.1626280365,992714.0857589903,993291.721699227,992714.0857589903
2023-06-27,1011162.039868553,1009782.646839093,1010370.214555729,1009782.646839093
2023-06-28,1013135.3565273515,1011753.2715660974,1012341.9859408531,1011753.2715660974
2023-06-29,1011106.6987321321,1009727.3811971771,1010314.9167560936,1009727.3811971771
2023-06-30,1026698.1588066935,1025297.5719296371,1025894.1674000553,1025297.5719296371
2023-07-03,1030115.6286697742,1028711.7435530288,1029309.7439451201,1028711.7435530288
2023-07-05,1030087.8449370357,1028683.9976851356,1029281.9819482773,1028683.9976851356
2023-07-06,1022242.5644035483,1020849.4090315411,1021442.8389701929,1020849.4090315411
2023-07-07,1018848.8073350053,1017460.2771185689,1018051.7369210523,1017460.2771185689
2023-07-10,1019182.6435522888,1017793.6583697457,1018385.3119700741,1017793.6583697457
2023-07-11,1024217.970544279,1022822.1230052924,1023416.6997022438,1022822.1230052924
2023-07-12,1037153.8003956965,1035740.3233610537,1036342.4095366576,1035740.3233610537
2023-07-13,1054763.4235739666,1053325.947400583,1053938.2562747581,1053325.947400583
2023-07-14,1054540.8085725214,1053103.6357882707,1053715.8154304891,1053103.6357882707
2023-07-17,1064388.847555057,1062938.2534470516,1063556.1500505598,1062938.2534470516
2023-07-18,1073096.2003673965,1071633.739510961,1072256.6908872062,1071633.739510961
2023-07-19,1072845.887918097,1071383.768198047,1072006.574263476,1071383.768198047
2023-07-20,1048114.741815689,1046686.3267468131,1047294.7759433095,1046686.3267468131
2023-07-21,1044970.9520569084,1043546.8214775885,1044153.4456483731,1043546.8214775885
2023-07-24,1046640.1331433256,1045213.727733473,1045821.3208934821,1045213.727733473
2023-07-25,1053734.0449044935,1052297.9716118674,1052909.6829134682,1052297.9716118674
2023-07-26,1050228.7214805752,1048797.4253908643,1049407.1017900486,1048797.4253908643
2023-07-27,1047725.16556316,1046297.2814252665,1046905.504465839,1046297.2814252665
2023-07-28,1066809.1385591407,1065355.2459762613,1065974.5476016223,1065355.2459762613
2023-07-31,1067365.2446383322,1065910.594170584,1066530.218625387,1065910.594170584
2023-08-01,1065889.2588285129,1064437.9823301444,1065056.1696053748,1064437.9823301444
2023-08-02,1042499.3901990263,1041079.9605049676,1041684.5822816846,1041079.9605049676
2023-08-03,1040828.6421139766,1039411.4872504506,1040015.1400379433,1039411.4872504506
2023-08-04,1035955.7060346447,1034545.1859857127,1035146.0126005496,1034545.1859857127
2023-08-07,1044726.9391579098,1043304.4765132644,1043910.3902088276,1043304.4765132644
2023-08-08,1035844.0349426846,1034433.666941097,1035034.428789686,1034433.666941097
2023-08-09,1024455.4836122636,1023060.6218527734,1023654.7786460458,1023060.6218527734
2023-08-10,1026349.0556859112,1024951.6157067554,1025546.870721209,1024951.6157067554
2023-08-11,1019805.2851556427,1018416.7549392062,1019008.2147416896,1018416.7549392062
2023-08-14,1031249.7152149873,1029845.602673985,1030443.6999399539,1029845.602673985
2023-08-15,1020306.5527641011,1018917.3400397084,1019509.0905640043,1018917.3400397084
2023-08-16,1009502.6121231451,1008128.1096559506,1008713.5941835011,1008128.1096559506
2023-08-17,998475.761127704,997116.272424433,997695.3616731919,997116.272424433
2023-08-18,997222.678472445,995864.8959214718,996443.2584157898,995864.8959214718
2023-08-21,1013289.5835386664,1011909.924867326,1012497.6057370588,1011909.924867326
2023-08-22,1011841.6594422146,1010463.9722122742,1011050.8133247391,1010463.9722122742
2023-08-23,1027796.8070505889,1026397.3958652185,1026993.4905367601,1026397.3958652185
2023-08-24,1005826.8799701487,1004457.3822477189,1005040.7349488856,1004457.3822477189
2023-08-25,1013623.5604239022,1012243.4470216407,1012831.3215890385,1012243.4470216407
2023-08-28,1021253.2956179815,1019862.7938425523,1020455.0934523937,1019862.7938425523
2023-08-29,1043557.1995836574,1042136.3296143666,1042741.5648922479,1042136.3296143666
2023-08-30,1049376.8785168696,1047948.0846819484,1048556.6952180308,1047948.0846819484
2023-08-31,1052523.6196116635,1051090.541287186,1051700.9768489804,1051090.541287186
2023-09-01,1052409.3724904205,1050977.810876422,1051587.6003786135,1050977.810876422
2023-09-05,1053747.1553734152,1052313.7740125833,1052924.3386560644,1052313.7740125833
2023-09-06,1044466.1839656332,1043045.4272381001,1043650.6142794022,1043045.4272381001
2023-09-07,1036996.298270209,1035585.7026091791,1036186.5614318254,1035585.7026091791
2023-09-08,1038445.6855281275,1037033.118308105,1037634.8169381091,1037033.118308105
2023-09-11,1050681.3633112167,1049252.1522574415,1049860.940512509,1049252.1522574415
2023-09-12,1039030.938524436,1037617.5752019215,1038219.6129405868,1037617.5752019215
2023-09-13,1042988.7011059716,1041569.9541550544,1042174.2851097794,1041569.9541550544
2023-09-14,1051517.4019710836,1050087.053678431,1050696.326352976,1050087.053678431
2023-09-15,1033512.2707580634,1032106.4143175108,1032705.2544167801,1032106.4143175108
2023-09-18,1034589.845144915,1033182.5229115172,1033781.9873814603,1033182.5229115172
2023-09-19,1032384.6429761065,1030980.3204145649,1031578.5071411052,1030980.3204145649
2023-09-20,1017507.459941141,1016123.3743755005,1016712.9409298206,1016123.3743755005
2023-09-21,998862.1812484066,997503.4583087142,998082.2213720076,997503.4583087142
2023-09-22,999001.8812250735,997642.9682555987,998221.8122641796,997642.9682555987
2023-09-25,1003746.9257914512,1002381.5582769719,1002963.1516703832,1002381.5582769719
2023-09-26,988674.2838163597,987329.419174847,987902.2791427615,987329.419174847
2023-09-27,990991.0039120867,989642.9879041513,990217.1902314469,989642.9879041513
2023-09-28,999281.021834391,997921.7291581295,998500.7349070157,997921.7291581295
2023-09-29,1000006.4934953986,998646.2139813065,999225.6400846808,998646.2139813065
2023-10-02,1009352.0569191406,1007980.4247718465,1008564.6866548904,1007980.4247718465
2023-10-03,991638.2600212329,990290.6995673676,990864.7078463687,990290.6995673676
2023-10-04,1005133.2788778532,1003767.3797268353,1004349.1995767099,1003767.3797268353
2023-10-05,1002171.4895311639,1000809.6152250489,1001389.7206477233,1000809.6152250489
2023-10-06,1018963.5293331842,1017578.8359309438,1018168.6613999864,1017578.8359309438
2023-10-09,1024160.2248491826,1022768.4695357087,1023361.303103944,1022768.4695357087
2023-10-10,1029831.990441826,1028432.5276332659,1029028.6442942761,1028432.5276332659
2023-10-11,1037180.0870954465,1035770.6387862652,1036371.0088817021,1035770.6387862652
2023-10-12,1033575.7849401801,1032171.2346016036,1032769.5183522911,1032171.2346016036
2023-10-13,1020583.7865490492,1019196.8913413348,1019787.6546937703,1019196.8913413348
2023-10-16,1032123.056989959,1030720.4807974141,1031317.9236387659,1030720.4807974141
2023-10-17,1028742.3579454486,1027344.3758640051,1027939.8617929235,1027344.3758640051
2023-10-18,1015247.3390888283,1013867.6957045372,1014455.3700625823,1013867.6957045372
2023-10-19,1005747.8412975857,1004381.1070033038,1004963.2825916882,1004381.1070033038
2023-10-20,990744.280246767,989397.9346429524,989971.4254431385,989397.9346429524
2023-10-23,993733.6738474544,992383.2658866699,992958.4870927358,992383.2658866699
2023-10-24,1003400.9605054754,1002037.4154424615,1002618.2325425152,1002037.4154424615
2023-10-25,978842.0008857251,977511.8295680635,978078.4307521792,977511.8295680635
2023-10-26,960178.1503682394,958873.3417941186,959429.1394371175,958873.3417941186
2023-10-27,964788.147319638,963477.0741127025,964035.5402453342,963477.0741127025
2023-10-30,975656.6949619914,974330.8522311435,974895.6096058328,974330.8522311435
2023-10-31,980322.5061573676,978990.3229464217,979557.7811187329,978990.3229464217
2023-11-01,998337.5895589822,996982.2837451855,997559.5912459111,996982.2837451855
2023-11-02,1016460.8398850932,1015080.9306237365,1015668.7182350581,1015080.9306237365
2023-11-03,1028403.0281215468,1027006.9065915992,1027601.5999980308,1027006.9065915992
2023-11-06,1032598.1431480917,1031196.3264867131,1031793.4457973645,1031196.3264867131
2023-11-07,1042359.0552060966,1040943.9874951747,1041546.7512369322,1040943.9874951747
2023-11-08,1043030.2770751618,1041614.2981385073,1042217.4500269436,1041614.2981385073
2023-11-09,1035003.419810913,1033598.3378357979,1034196.8480429488,1033598.3378357979
2023-11-10,1058272.6178460736,1056835.9464770406,1057447.9125359014,1056835.9464770406
2023-11-13,1054972.3786911652,1053540.1876035125,1054150.2452369689,1053540.1876035125
2023-11-14,1077682.1818585463,1076219.1607905494,1076842.350795105,1076219.1607905494
2023-11-15,1078493.3823752317,1077029.2600517198,1077652.9191482416,1077029.2600517198
2023-11-16,1079416.3232727526,1077950.947999159,1078575.1408036256,1077950.947999159
2023-11-17,1079668.0423012085,1078202.325303266,1078826.6636689983,1078202.325303266
2023-11-20,1092812.7822486225,1091329.2204428138,1091961.1600018155,1091329.2204428138
2023-11-21,1086464.0229672617,1084989.0799998643,1085617.348269323,1084989.0799998643
2023-11-22,1090911.030263163,1089430.0502048004,1090060.890039924,1089430.0502048004
2023-11-24,1089372.8243074447,1087893.9324600205,1088523.8827986,1087893.9324600205
2023-11-27,1088422.0782453904,1086944.4770953,1087573.8776470753,1086944.4770953
2023-11-28,1091274.5762929043,1089793.102698034,1090424.1527604915,1089793.102698034
2023-11-29,1090211.916609114,1088731.8856413292,1089362.3212008248,1088731.8856413292
2023-11-30,1087471.0723219851,1085994.7622220071,1086623.6128367083,1085994.7622220071
2023-12-01,1091575.1627288284,1090094.6382245359,1090725.2840113651,1090094.6382245359
2023-12-04,1081441.4238329143,1079974.643914673,1080599.435043062,1079974.643914673
2023-12-05,1084156.8632229029,1082686.4003017002,1083312.7602459337,1082686.4003017002
2023-12-06,1077886.38306832,1076424.4249206223,1077047.162162521,1076424.4249206223
2023-12-07,1092946.7544002722,1091464.369579669,1092095.8077888056,1091464.369579669
2023-12-08,1097817.8989305121,1096328.9072823746,1096963.1597427693,1096328.9072823746
2023-12-11,1107195.4417102234,1105693.7311194518,1106333.4013541297,1105693.7311194518
2023-12-12,1116013.3369400501,1114499.66646744,1115144.4311460603,1114499.66646744
2023-12-13,1130206.0161450864,1128673.095867184,1129326.0602132664,1128673.095867184
2023-12-14,1129226.221108488,1127694.629745543,1128347.0280256018,1127694.629745543
2023-12-15,1134684.930541217,1133145.9354250967,1133801.4874157042,1133145.9354250967
2023-12-18,1141831.8595078494,1140283.17087375,1140942.8519255484,1140283.17087375
2023-12-19,1147666.326102654,1146109.7240686733,1146772.7759206714,1146109.7240686733
2023-12-20,1130612.291655351,1129078.8203381165,1129732.0194054968,1129078.8203381165
2023-12-21,1143767.4337218178,1142216.119830978,1142876.9191399198,1142216.119830978
2023-12-22,1145478.4553170102,1143924.8207344897,1144586.608567719,1143924.8207344897
2023-12-26,1152490.652712377,1150927.507350913,1151593.3464056202,1150927.507350913
2023-12-27,1154836.8374292506,1153270.5098920797,1153937.7044297233,1153270.5098920797
2023-12-28,1154275.542582163,1152709.9763400487,1153376.846595643,1152709.9763400487
2023-12-29,1149280.157162847,1147721.366258588,1148385.3504840895,1147721.366258588
2024-01-02,1130831.6063701871,1129299.1935047298,1129951.9417128693,1129299.1935047298
2024-01-03,1118865.4649225029,1117349.2676182315,1117995.108628744,1117349.2676182315
2024-01-04,1113107.3190596604,1111598.924735737,1112241.4419804711,1111598.924735737
2024-01-05,1114427.5377460984,1112917.3543670329,1113560.6336795914,1112917.3543670329
2024-01-08,1137460.4683037356,1135919.0725329074,1136575.6471089383,1135919.0725329074
2024-01-09,1139707.6342761295,1138163.193325075,1138821.0650293021,1138163.193325075
2024-01-10,1147432.0503648168,1145877.1419007163,1146539.4723578936,1145877.1419007163
2024-01-11,1149819.534045635,1148261.3902539334,1148925.0988346844,1148261.3902539334
2024-01-12,1150409.3543697917,1148850.4113005956,1149514.460342435,1148850.4113005956
2024-01-16,1150297.0654924256,1148738.2745881665,1149402.258813668,1148738.2745881665
2024-01-17,1143808.4344907347,1142258.436462064,1142918.6752649618,1142258.436462064
2024-01-18,1160043.9830222072,1158471.983872143,1159141.594296025,1158471.983872143
2024-01-19,1183048.7111956526,1181445.537871449,1182128.4272795843,1181445.537871449
2024-01-22,1184593.5944133902,1182988.3275865773,1183672.1087453025,1182988.3275865773
2024-01-23,1189509.1398131517,1187897.211830983,1188583.8303825029,1187897.211830983
2024-01-24,1196110.0596922087,1194489.1866695145,1195179.615459976,1194489.1866695145
2024-01-25,1197570.682863638,1195947.8305208338,1196639.102424587,1195947.8305208338
2024-01-26,1190436.0870991074,1188822.9029918548,1189510.0566037465,1188822.9029918548
2024-01-29,1202626.6327483908,1200996.928985263,1201691.119327278,1200996.928985263
2024-01-30,1194621.407689721,1193002.5519695748,1193692.1214677054,1193002.5519695748
2024-01-31,1171223.3213392268,1169636.1728408707,1170312.2362972056,1169636.1728408707
2024-02-01,1186014.768288037,1184408.9303135427,1185092.9547589398,1184408.9303135427
2024-02-02,1206059.0879528436,1204426.110409306,1205121.6952542937,1204426.110409306
2024-02-05,1204484.7621172944,1202853.9161763962,1203548.5930416647,1202853.9161763962
2024-02-06,1202066.8644363931,1200439.2922759051,1201132.5746382007,1200439.2922759051
2024-02-07,1214436.5302086642,1212792.2097921174,1213492.6262593127,1212792.2097921174
2024-02-08,1216685.5050810399,1215038.1396018593,1215739.853147161,1215038.1396018593
2024-02-09,1228661.3939824342,1226997.8134124384,1227706.4339550075,1226997.8134124384
2024-02-12,1223854.3458955018,1222197.2739631466,1222903.1220795289,1222197.2739631466
2024-02-13,1204765.721133017,1203134.4947797759,1203829.3336858891,1203134.4947797759
2024-02-14,1217894.3670717173,1216245.3648199246,1216947.7755666226,1216245.3648199246
2024-02-15,1221520.95304375,1219867.04047412,1220571.5428250078,1219867.04047412
2024-02-16,1210444.5672415327,1208805.6518552576,1209503.7659900305,1208805.6518552576
2024-02-20,1201307.9711197368,1199681.426484149,1200374.2711608491,1199681.426484149
2024-02-21,1196500.6624834854,1194880.6268383162,1195570.6989385597,1194880.6268383162
2024-02-22,1231528.9997880373,1229861.5365426973,1230571.810953771,1229861.5365426973
2024-02-23,1227902.4138160048,1226239.8608885019,1226948.0436953858,1226239.8608885019
2024-02-26,1227255.8172558644,1225594.1398059172,1226301.9496934537,1225594.1398059172
2024-02-27,1230207.7541910708,1228542.0798832804,1229251.5922766195,1228542.0798832804
2024-02-28,1223657.4574600635,1222000.65211033,1222706.3866728963,1222000.65211033
2024-02-29,1234143.6990546037,1232472.6955638248,1233184.4779815972,1232472.6955638248
2024-03-01,1253725.5160308038,1252029.352761462,1252751.8522651743,1252029.352761462
2024-03-04,1249252.051695912,1247561.9405693992,1248281.862095938,1247561.9405693992
2024-03-05,1226828.4064570507,1225168.632244745,1225875.6314271588,1225168.632244745
2024-03-06,1234537.6074153136,1232867.4034372144,1233578.8452937186,1232867.4034372144
2024-03-07,1253275.5359491645,1251579.981457164,1252302.2216454346,1251579.981457164
2024-03-08,1235184.6330532746,1233513.5537152125,1234225.368440974,1233513.5537152125
2024-03-11,1230598.6954277428,1228933.820397447,1229642.9923296976,1228933.820397447
2024-03-12,1248239.183646589,1246550.4428276594,1247269.7806565282,1246550.4428276594
2024-03-13,1238645.3162579248,1236969.554967024,1237683.3640223783,1236969.554967024
2024-03-14,1235522.2267633553,1233850.6906952963,1234562.6999702514,1233850.6906952963
2024-03-15,1220835.8573458765,1219184.190443793,1219887.736227753,1219184.190443793
2024-03-18,1232479.3635804243,1230811.944197157,1231522.1999246955,1230811.944197157
2024-03-19,1235550.040869232,1233878.4671715132,1234590.4924752382,1233878.4671715132
2024-03-20,1250199.643515505,1248508.2503935168,1249228.718000207,1248508.2503935168
2024-03-21,1256115.8776736793,1254416.4804878484,1255140.3575140552,1254416.4804878484
2024-03-22,1257552.563161301,1255851.2222859443,1256575.9272482016,1255851.2222859443
2024-03-25,1252988.78990139,1251293.6233476643,1252015.6982893364,1251293.6233476643
2024-03-26,1248932.015640166,1247242.3374899272,1247962.0745854336,1247242.3374899272
2024-03-27,1253185.9223767924,1251490.4891228522,1252212.6776684304,1251490.4891228522
2024-03-28,1250875.9608837173,1249183.6527730308,1249904.5101292767,1249183.6527730308
2024-04-01,1254523.7376913312,1252827.847001838,1253550.230397149,1252827.847001838
2024-04-02,1243696.900480868,1242015.6457299946,1242731.7947853808,1242015.6457299946
2024-04-03,1246488.1842552375,1244803.156190219,1245520.9125304972,1244803.156190219
2024-04-04,1227428.590906222,1225769.3279869198,1226476.109378424,1225769.3279869198
2024-04-05,1241892.4131143908,1240213.5977062196,1240928.7076966031,1240213.5977062196
2024-04-08,1242258.9822313564,1240579.6712876016,1241294.9923568475,1240579.6712876016
2024-04-09,1246854.753372203,1245169.229771601,1245887.1971907415,1245169.229771601
2024-04-10,1235971.6346670373,1234300.8230875237,1235012.5237585702,1234300.8230875237
2024-04-11,1255707.823790082,1254010.3324289315,1254733.3976480379,1254010.3324289315
2024-04-12,1235689.6182747253,1234019.1879307034,1234730.726210276,1234019.1879307034
2024-04-15,1215361.2991139053,1213718.3490049418,1214418.1817744668,1213718.3490049418
2024-04-16,1215474.0360801104,1213830.933571024,1214530.8312570667,1213830.933571024
2024-04-17,1200643.6447549756,1199020.5902703423,1199711.9482786432,1199020.5902703423
2024-04-18,1193792.2644060326,1192178.4717566238,1192865.8845837773,1192178.4717566238
2024-04-19,1169093.6480367759,1167513.2434790274,1168186.4342792742,1167513.2434790274
2024-04-22,1180850.9131720287,1179254.614904279,1179934.5758060813,1179254.614904279
2024-04-23,1198472.588271533,1196852.4686651852,1197542.5765296214,1196852.4686651852
2024-04-24,1202532.7718345064,1200907.1635894864,1201599.609400268,1200907.1635894864
2024-04-25,1196724.7303533577,1195106.9735368728,1195796.074944835,1195106.9735368728
2024-04-26,1215192.1066761983,1213549.385285011,1214249.1206296696,1213549.385285011
2024-04-29,1220126.1757040594,1218476.7843380647,1219179.3608322607,1218476.7843380647
2024-04-30,1197119.222746675,1195500.9326473537,1196190.2612130381,1195500.9326473537
2024-05-01,1189463.0551212276,1187856.4661998332,1188540.8105193677,1187856.4661998332
2024-05-02,1204644.7649691147,1203017.6703525293,1203710.749299718,1203017.6703525293
2024-05-03,1228856.2398706684,1227196.4431981593,1227903.4519477452,1227196.4431981593
2024-05-06,1242316.3941956304,1240638.417105726,1241353.1700051723,1240638.417105726
2024-05-07,1242513.8498407197,1240835.6060506008,1241550.4725539528,1240835.6060506008
2024-05-08,1241780.181974244,1240102.9291376995,1240817.3735334172,1240102.9291376995
2024-05-09,1244489.1898457587,1242808.2779951612,1243524.2809883824,1242808.2779951612
2024-05-10,1247423.861311661,1245738.9856467652,1246456.6770705255,1245738.9856467652
2024-05-13,1250302.1168789666,1248613.3535998338,1249332.7009958744,1248613.3535998338
2024-05-14,1258344.2554608993,1256644.6297924772,1257368.6041433709,1256644.6297924772
2024-05-15,1278012.6834171072,1276286.4919143622,1277021.7822761969,1276286.4919143622
2024-05-16,1275416.5944043582,1273693.909397951,1274427.70612889,1273693.909397951
2024-05-17,1274795.8453966484,1273073.9988261005,1273807.438416012,1273073.9988261005
2024-05-20,1283684.5707038227,1281950.7182726956,1282689.2718917027,1281950.7182726956
2024-05-21,1286196.0358686761,1284458.791241303,1285198.789803818,1284458.791241303
2024-05-22,1285941.9902018462,1284205.0887099344,1284944.9411101046,1284205.0887099344
2024-05-23,1280157.271117937,1278428.1829545295,1279164.70718101,1278428.1829545295
2024-05-24,1292263.0085687137,1290517.5693773446,1291261.0585050234,1290517.5693773446
2024-05-28,1297144.8120903566,1295392.7791242413,1296139.076943199,1295392.7791242413
2024-05-29,1288002.0411163527,1286262.3571462776,1287003.3947737948,1286262.3571462776
2024-05-30,1274203.1302150933,1272482.0842155593,1273215.1827933935,1272482.0842155593
2024-05-31,1271832.7918583038,1270114.94743727,1270846.6822673334,1270114.94743727
2024-06-03,1279661.4275256605,1277934.3593694328,1278670.0231515141,1277934.3593694328
2024-06-04,1283163.254867985,1281431.4605440684,1282169.137489547,1281431.4605440684
2024-06-05,1309031.4349367754,1307264.728167195,1308017.276455027,1307264.728167195
2024-06-06,1308579.580626176,1306813.4836922714,1307565.7722138527,1306813.4836922714
2024-06-07,1307421.8019761099,1305657.267613832,1306408.8905407472,1305657.267613832
2024-06-10,1312702.816557624,1310931.1547849856,1311685.8137111713,1310931.1547849856
2024-06-11,1321711.4985071227,1319927.67835619,1320687.5162780785,1319927.67835619
2024-06-12,1339022.8509370137,1337215.666883036,1337985.4569178256,1337215.666883036
2024-06-13,1346280.6627801699,1344463.683372946,1345237.6458467848,1344463.683372946
2024-06-14,1353256.000331972,1351429.6068069935,1352207.5793284078,1351429.6068069935
2024-06-17,1369833.285548828,1367984.518839194,1368772.021466054,1367984.518839194
2024-06-18,1370256.9098562198,1368407.571410941,1369195.317574922,1368407.571410941
2024-06-20,1359694.8806931917,1357859.7970686336,1358641.4712340739,1357859.7970686336
2024-06-21,1356051.9033348295,1354221.7363781135,1355001.3162345095,1354221.7363781135
2024-06-24,1340613.7510251803,1338804.4198463282,1339575.1244727047,1338804.4198463282
2024-06-25,1355944.3853596502,1354114.3635123102,1354893.8815577626,1354114.3635123102
2024-06-26,1358744.5577148448,1356910.7566737253,1357691.884508565,1356910.7566737253
2024-06-27,1362251.9613540992,1360413.4266193588,1361196.57082335,1360413.4266193588
2024-06-28,1355180.781198815,1353351.789933785,1354130.8689913044,1353351.789933785
2024-07-01,1364128.6212659352,1362288.9029607987,1363072.55131969,1362288.9029607987
2024-07-02,1378451.5551784972,1376592.5203930147,1377384.3968203447,1376592.5203930147
2024-07-03,1389943.838034009,1388069.3042971757,1388867.782674248,1388069.3042971757
2024-07-05,1404436.4505738819,1402542.3715213332,1403349.1754418006,1402542.3715213332
2024-07-08,1407776.6606740998,1405878.0768808923,1406686.7996454649,1405878.0768808923
2024-07-09,1408993.7952879912,1407093.5700184638,1407902.9919880289,1407093.5700184638
2024-07-10,1423684.685936037,1421764.6479450238,1422582.5093624296,1421764.6479450238
2024-07-11,1392462.9465754468,1390585.0154682894,1391384.9409928252,1390585.0154682894
2024-07-12,1400643.5316180636,1398754.5678474058,1399559.1928569782,1398754.5678474058
2024-07-15,1404408.2870607157,1402514.245990605,1403321.0337320329,1402514.245990605
2024-07-16,1404946.0968105888,1403051.330428784,1403858.4271247499,1403051.330428784
2024-07-17,1363703.9015364228,1361864.7560252654,1362648.1603962262,1361864.7560252654
2024-07-18,1357250.2717314828,1355419.8298430643,1356199.5268096596,1355419.8298430643
2024-07-19,1345220.0919325587,1343405.8744247777,1344178.660437003,1343405.8744247777
2024-07-22,1365260.8293726319,1363419.584126453,1364203.8829027687,1363419.584126453
2024-07-23,1360448.7923304779,1358614.036789517,1359395.5712041205,1358614.036789517
2024-07-24,1311649.1842384592,1309880.241796711,1310633.7423938287,1309880.241796711
2024-07-25,1297184.560824674,1295435.1259513886,1296180.3170839709,1295435.1259513886
2024-07-26,1310488.638231518,1308721.2609484356,1309474.0948489094,1308721.2609484356
2024-07-29,1313121.0983739342,1311350.1708500343,1312104.5170148492,1311350.1708500343
2024-07-30,1295089.9976256702,1293343.3875639152,1294087.3754367845,1293343.3875639152
2024-07-31,1333416.4409485129,1331618.1423155686,1332384.1475069984,1331618.1423155686
2024-08-01,1302118.8693716885,1300364.1281283956,1301111.5795679698,1300364.1281283956
2024-08-02,1271213.195441941,1269500.102823802,1270229.8135708685,1269500.102823802
2024-08-05,1233310.5356433855,1231648.5208200188,1232356.4744154946,1231648.5208200188
2024-08-06,1245094.8961548375,1243417.0006742578,1244131.7188113094,1243417.0006742578
2024-08-07,1231610.7877137414,1229951.0634783276,1230658.0413725316,1229951.0634783276
2024-08-08,1269286.919167651,1267576.4224080807,1268305.0274204805,1267576.4224080807
2024-08-09,1275915.6655856094,1274196.2358975604,1274928.6459896415,1274196.2358975604
2024-08-12,1278663.4125211074,1276940.2799569329,1277674.2673300526,1276940.2799569329
2024-08-13,1310390.5571120628,1308624.6689051776,1309376.8685171765,1308624.6689051776
2024-08-14,1310815.6031701404,1309049.1421692763,1309801.5857692056,1309049.1421692763
2024-08-15,1343930.9755865852,1342119.8881609507,1342891.3408800678,1342119.8881609507
2024-08-16,1345658.8214079768,1343845.405529544,1344617.8500788826,1343845.405529544
2024-08-19,1363335.449435688,1361498.212453843,1362280.8038656353,1361498.212453843
2024-08-20,1360474.2638068006,1358640.8825715743,1359421.8315854508,1358640.8825715743
2024-08-21,1366819.675272885,1364977.7429326351,1365762.3343842695,1364977.7429326351
2024-08-22,1345148.8708509235,1343336.1421841544,1344108.2940080843,1343336.1421841544
2024-08-23,1359737.697644568,1357905.309009214,1358685.8352141972,1357905.309009214
2024-08-26,1346536.9241553461,1344722.3249417027,1345495.2735457616,1344722.3249417027
2024-08-27,1350559.3729624103,1348739.3530786678,1349514.6106771065,1348739.3530786678
2024-08-28,1335234.1545276,1333434.7869771293,1334201.2474858013,1333434.7869771293
2024-08-29,1333279.5185799627,1331482.785105684,1332248.12360047,1331482.785105684
2024-08-30,1349171.406918521,1347353.25746406,1348127.71833246,1347353.25746406
2024-09-03,1309209.0929097526,1307446.1440496752,1308197.0916143928,1307446.1440496752
2024-09-04,1305806.999242854,1304048.6315586825,1304797.6277208566,1304048.6315586825
2024-09-05,1307026.087173187,1305266.0778951028,1306015.7733123593,1305266.0778951028
2024-09-06,1272014.5105699846,1270301.6470224,1271031.2601943305,1270301.6470224
2024-09-09,1288372.2079675682,1286637.3175457919,1287376.313308396,1286637.3175457919
2024-09-10,1300279.0118384187,1298528.0880065286,1299273.913377496,1298528.0880065286
2024-09-11,1328515.0444345542,1326726.0986535742,1327488.1198942696,1326726.0986535742
2024-09-12,1341555.879527704,1339749.373277975,1340518.8745945485,1339749.373277975
2024-09-13,1347565.9131624717,1345751.3139488283,1346524.2625528872,1345751.3139488283
2024-09-16,1341612.4675634387,1339805.8851136484,1340575.4188884806,1339805.8851136484
2024-09-17,1342321.389900003,1340513.8528327788,1341283.793237465,1340513.8528327788
2024-09-18,1336509.589044738,1334709.8780060282,1335476.4848273147,1334709.8780060282
2024-09-19,1370302.3396992546,1368457.1241711795,1369243.1141329792,1368457.1241711795
2024-09-20,1367694.1377497383,1365852.4343624501,1366636.9282890384,1365852.4343624501
2024-09-23,1371319.4397798122,1369472.85464971,1370259.4280086407,1369472.85464971
2024-09-24,1377934.1270556704,1376078.634749888,1376869.0022188108,1376078.634749888
2024-09-25,1379211.636893266,1377354.4243240636,1378145.5245582159,1377354.4243240636
2024-09-26,1389573.884301094,1387702.7181836353,1388499.7620859898,1387702.7181836353
2024-09-27,1381851.8879309222,1379991.1200644167,1380783.7347167758,1379991.1200644167
2024-09-30,1385599.2734084607,1383733.4594045645,1384528.223514954,1383733.4594045645
2024-10-01,1367294.1572274354,1365454.3386157367,1366238.0297013174,1365454.3386157367
2024-10-02,1369226.1999280148,1367383.7815771888,1368168.5800504033,1367383.7815771888
2024-10-03,1368203.3743550284,1366362.3323090128,1367146.5445299717,1366362.3323090128
2024-10-04,1384482.3284954217,1382619.3816364233,1383412.924454734,1382619.3816364233
2024-10-07,1369652.2315982392,1367809.2399830634,1368594.2826445678,1367809.2399830634
2024-10-08,1390107.6069735107,1388237.0907908336,1389033.8578462799,1388237.0907908336
2024-10-09,1401045.3911404097,1399160.1571746028,1399963.1934325483,1399160.1571746028
2024-10-10,1399454.5233404576,1397571.430031927,1398373.5544532305,1397571.430031927
2024-10-11,1401642.0102609477,1399755.9734898657,1400559.3517115968,1399755.9734898657
2024-10-14,1413403.805221395,1411501.9418857358,1412312.0616076866,1411501.9418857358
2024-10-15,1394511.1577080633,1392634.7161474738,1393434.007183175,1392634.7161474738
2024-10-16,1394681.6577672649,1392804.986783343,1393604.37554445,1392804.986783343
2024-10-17,1395647.5917264428,1393769.6209905497,1394569.563395384,1393769.6209905497
2024-10-18,1404795.6059228396,1402905.3257020493,1403710.5114681153,1402905.3257020493
2024-10-21,1407494.593020935,1405600.681067595,1406407.4138103065,1405600.681067595
2024-10-22,1409028.7439893025,1407132.7676963396,1407940.3797673446,1407132.7676963396
2024-10-23,1387436.9345956517,1385570.0120454938,1386365.248353424,1385570.0120454938
2024-10-24,1398687.4041607177,1396805.3430807951,1397607.0278129068,1396805.3430807951
2024-10-25,1407210.48451634,1405316.954856826,1406123.5247572542,1405316.954856826
2024-10-28,1407437.7014071266,1405543.8660066258,1406350.5661408089,1405543.8660066258
2024-10-29,1420961.0390089515,1419049.006728079,1419863.4580247093,1419049.006728079
2024-10-30,1410222.0696214905,1408324.4876003847,1409132.783649051,1408324.4876003847
2024-10-31,1374624.0867330935,1372774.405034761,1373562.2974111766,1372774.405034761
2024-11-01,1385794.451810226,1383931.0845573712,1384724.8064470943,1383931.0845573712
2024-11-04,1381757.478458999,1379899.5394021752,1380690.9490917644,1379899.5394021752
2024-11-05,1399384.3098492764,1397502.6693983956,1398304.174958915,1397502.6693983956
2024-11-06,1437396.2781149314,1435463.5260025845,1436286.8031405872,1435463.5260025845
2024-11-07,1460026.7141350287,1458063.5326806225,1458899.7715334164,1458063.5326806225
2024-11-08,1461732.9455876064,1459767.4698998742,1460604.686006727,1459767.4698998742
2024-11-11,1460879.8298613175,1458915.5012902485,1459752.2287700716,1458915.5012902485
2024-11-12,1458235.7395621256,1456274.9662883596,1457110.1793499757,1456274.9662883596
2024-11-13,1456359.4096894932,1454401.1593668298,1455235.2977495207,1454401.1593668298
2024-11-14,1446238.1601523466,1444293.5190665515,1445121.8604442836,1444293.5190665515
2024-11-15,1411780.1556883245,1409881.8475323755,1410690.4528862091,1409881.8475323755
2024-11-18,1421588.7564585328,1419677.2594595721,1420491.4827469517,1419677.2594595721
2024-11-19,1431368.934613565,1429444.2869892158,1430264.1119309224,1429444.2869892158
2024-11-20,1430544.5038650539,1428620.9647869663,1429440.3175311326,1428620.9647869663
2024-11-21,1435690.3090249551,1433759.8507931563,1434582.15082737,1433759.8507931563
2024-11-22,1437993.3279420328,1436059.7730244107,1436883.3921261993,1436059.7730244107
2024-11-25,1440267.6618813325,1438331.0488482886,1439155.970588163,1438331.0488482886
2024-11-26,1448000.799564274,1446053.7883978696,1446883.1393376498,1446053.7883978696
2024-11-27,1436600.0950731954,1434668.4135246722,1435491.234644174,1434668.4135246722
2024-11-29,1449223.2343794527,1447274.5795024673,1448104.6305989483,1447274.5795024673
2024-12-02,1466001.858602247,1464031.987064684,1464871.075632389,1464031.987064684
2024-12-03,1470497.0964724843,1468521.1846689538,1469362.8461547515,1468521.1846689538
2024-12-04,1488676.7044570637,1486676.3646542623,1487528.431516517,1486676.3646542623
2024-12-05,1484551.4752640713,1482556.6785453563,1483406.3842696392,1482556.6785453563
2024-12-06,1497837.482204615,1495824.8330345089,1496682.1432079053,1495824.8330345089
2024-12-09,1486172.9324003046,1484175.9569242822,1485026.5907143366,1484175.9569242822
2024-12-10,1481108.854321436,1479118.683463848,1479966.418751423,1479118.683463848
2024-12-11,1507624.1592094167,1505598.3596491076,1506461.2713766512,1505598.3596491076
2024-12-12,1497894.5412532345,1495881.8154126965,1496739.1582447113,1495881.8154126965
2024-12-13,1509359.7344428892,1507331.6027844087,1508195.5078949607,1507331.6027844087
2024-12-16,1531095.5563840736,1529038.2182298875,1529914.564170302,1529038.2182298875
2024-12-17,1524353.1371481088,1522304.858804911,1523177.3456186354,1522304.858804911
2024-12-18,1469359.2410274658,1467384.8581640532,1468225.868380898,1467384.8581640532
2024-12-19,1462815.4782951304,1460849.8883073064,1461687.1531015472,1460849.8883073064
2024-12-20,1475589.5290479062,1473606.7745259106,1474451.3507433173,1473606.7745259106
2024-12-23,1489965.9589114564,1487963.886733188,1488816.6915199326,1487963.886733188
2024-12-24,1510169.412844467,1508140.193218445,1509004.561760804,1508140.193218445
2024-12-26,1509143.5751636096,1507115.7339590662,1507979.5153475513,1507115.7339590662
2024-12-27,1489082.5938243915,1487081.708626707,1487934.0078059442,1487081.708626707
2024-12-30,1469277.6780929358,1467303.404825908,1468144.3683589604,1467303.404825908
2024-12-31,1456796.7988323008,1454839.2961639422,1455673.116075013,1454839.2961639422
2025-01-02,1454946.7845047885,1452993.1110071014,1453825.299840575,1452993.1110071014
2025-01-03,1478757.2055896006,1476771.559933799,1477617.3676616256,1476771.559933799
2025-01-06,1495752.1761746665,1493743.7100116275,1494599.2383869009,1493743.7100116275
2025-01-07,1469061.794856836,1467089.1680050208,1467929.4302293046,1467089.1680050208
2025-01-08,1469318.824695792,1467345.85270944,1468186.261947597,1467345.85270944
2025-01-10,1446278.0043689855,1444335.971136213,1445163.201670108,1444335.971136213
2025-01-13,1441630.099199393,1439694.307080898,1440518.8791431412,1439694.307080898
2025-01-14,1440261.3167861449,1438327.36264135,1439151.1517983682,1438327.36264135
2025-01-15,1473396.4476468898,1471418.0003098391,1472260.741834182,1471418.0003098391
2025-01-16,1463073.831562642,1461109.2452284028,1461946.082505299,1461109.2452284028
2025-01-17,1487768.0499676396,1485770.3047298873,1486621.2664084642,1485770.3047298873
2025-01-21,1496493.928384533,1494484.4662114338,1495340.4188482077,1494484.4662114338
2025-01-22,1515627.8075851568,1513592.6528210293,1514459.5495011054,1513592.6528210293
2025-01-23,1518850.0072085124,1516810.5257390544,1517679.2654271184,1516810.5257390544
2025-01-24,1510266.8744943445,1508238.918284153,1509102.7486605658,1508238.918284153
2025-01-27,1466296.0311859979,1464327.118146428,1465165.798431312,1464327.118146428
2025-01-28,1487967.7188033534,1485969.7054542743,1486820.781337836,1485969.7054542743
2025-01-29,1485173.055695767,1483178.7949645203,1484028.2723790132,1483178.7949645203
2025-01-30,1491503.6086765015,1489500.8474050865,1490353.945718678,1489500.8474050865
2025-01-31,1489336.5012166016,1487336.6498938224,1488188.508682609,1487336.6498938224
2025-02-03,1478416.6724068706,1476432.826389553,1477277.8675414638,1476432.826389553
2025-02-04,1496564.8294443008,1494556.6309222179,1495412.045292866,1494556.6309222179
2025-02-05,1503356.0602874658,1501338.7488024998,1502198.044940475,1501338.7488024998
2025-02-06,1511203.097226409,1509175.2560218659,1510039.037410351,1509175.2560218659
2025-02-07,1492141.9763853748,1490139.7127662117,1490992.5990993227,1490139.7127662117
2025-02-10,1510204.4280475006,1508177.9269292199,1509041.1374931403,1508177.9269292199
2025-02-11,1506609.0086834899,1504587.3321579772,1505448.4876332495,1504587.3321579772
2025-02-12,1507493.579295275,1505470.7157891784,1506332.3768719581,1505470.7157891784
2025-02-13,1529180.1940464622,1527128.2298780787,1528002.2867098055,1527128.2298780787
2025-02-14,1535600.3854632056,1533539.8062193766,1534417.53273777,1533539.8062193766
2025-02-18,1539081.5309934767,1537016.2804977435,1537895.9967875483,1537016.2804977435
2025-02-19,1539509.707336768,1537443.8822831656,1538323.843312249,1537443.8822831656
2025-02-20,1532975.242086285,1530918.185448992,1531794.411474172,1530918.185448992
2025-02-21,1501158.9179872202,1499144.5547861063,1500002.5950699674,1499144.5547861063
2025-02-24,1483438.937293081,1481448.3520388636,1482296.263843266,1481448.3520388636
2025-02-25,1464748.592978544,1462783.0877750476,1463620.3164544664,1462783.0877750476
2025-02-26,1468286.700159069,1466316.4472684215,1467155.6982776904,1466316.4472684215
2025-02-27,1427510.5713750285,1425595.0348320792,1426410.9788078973,1425595.0348320792
2025-02-28,1450053.1882795661,1448107.4024289616,1448936.2314319252,1448107.4024289616
2025-03-03,1419322.094379163,1417418.8871942752,1418229.5793436673,1417418.8871942752
2025-03-04,1415038.8037750216,1413141.3401697518,1413949.5857778832,1413141.3401697518
2025-03-05,1433485.2876519319,1431563.0886601072,1432381.8705797086,1431563.0886601072
2025-03-06,1394050.9165914345,1392181.596208793,1392977.853899989,1392181.596208793
2025-03-07,1404302.2079075354,1402419.141292545,1403221.2543434398,1402419.141292545
2025-03-10,1349876.714360386,1348066.6283540751,1348837.6545075558,1348066.6283540751
2025-03-11,1346649.7986434852,1344844.039695283,1345613.2226905061,1344844.039695283
2025-03-12,1361841.128988976,1360014.9995771728,1360792.859596659,1360014.9995771728
2025-03-13,1337340.9663107125,1335547.6898262505,1336311.5557779907,1335547.6898262505
2025-03-14,1369665.1082924642,1367828.4874962997,1368610.8164369867,1367828.4874962997
2025-03-17,1378545.5501782692,1376697.0213586413,1377484.4226536222,1376697.0213586413
2025-03-18,1355045.0236729807,1353228.0073416533,1354001.9855437225,1353228.0073416533
2025-03-19,1373177.2960920641,1371335.9657087796,1372120.3007501871,1371335.9657087796
2025-03-20,1368522.879925678,1366687.7907742634,1367469.4672939295,1366687.7907742634
2025-03-21,1373034.5285081004,1371193.3895657107,1371977.6430607517,1371193.3895657107
2025-03-24,1403164.8904650132,1401283.3489095825,1402084.812344491,1401283.3489095825
2025-03-25,1411172.0647825683,1409279.7861916525,1410085.8231855747,1409279.7861916525
2025-03-26,1385205.6404311636,1383348.180917318,1384139.3863402721,1383348.180917318
2025-03-27,1377312.8204929016,1375465.9446736767,1376252.641854854,1375465.9446736767
2025-03-28,1341051.0818971714,1339252.8304188945,1340018.8155242724,1339252.8304188945
2025-03-31,1340993.904707525,1339195.7298996802,1339961.6823464395,1339195.7298996802
2025-04-01,1352803.6014437175,1350990.931220514,1351763.0581497608,1350990.931220514
2025-04-02,1362676.8567720293,1360850.9570187442,1361628.7192126445,1360850.9570187442
2025-04-03,1289727.9952033309,1287999.8422545644,1288735.9681160252,1287999.8422545644
2025-04-04,1209624.417636873,1208003.5983540367,1208694.0042534114,1208003.5983540367
2025-04-07,1212543.488405922,1210918.7577551259,1211610.8297449418,1210918.7577551259
2025-04-08,1190707.413832184,1189111.942123432,1189791.5509432878,1189111.942123432
2025-04-09,1333628.9344865445,1331841.9570895545,1332603.1398753196,1331841.9570895545
2025-04-10,1276906.7960892238,1275195.8227264925,1275924.63075328,1275195.8227264925
2025-04-11,1300431.2839431532,1298688.7892726702,1299431.024149112,1298688.7892726702
2025-04-14,1309245.9790040047,1307491.6732064323,1308238.9391630858,1307491.6732064323
2025-04-15,1310705.4266285999,1308949.1652646402,1309697.2642164244,1308949.1652646402
2025-04-16,1271183.0934989597,1269479.7895312838,1270205.3306944256,1269479.7895312838
2025-04-17,1270954.1278433632,1269251.130675008,1269976.5411535862,1269251.130675008
2025-04-21,1239502.1100540804,1237841.2565760922,1238548.7154836599,1237841.2565760922
2025-04-22,1272041.56112757,1270337.1068682284,1271063.1380108271,1270337.1068682284
2025-04-23,1300889.2152543461,1299146.1069852216,1299888.603230791,1299146.1069852216
2025-04-24,1337492.5653748666,1335700.4109598254,1336463.798953686,1335700.4109598254
2025-04-25,1352402.8018465121,1350590.6686691106,1351362.5668377585,1350590.6686691106
2025-04-28,1351973.568032207,1350162.0100006384,1350933.6631795578,1350162.0100006384
2025-04-29,1360902.6142809626,1359079.0918990334,1359855.8414253115,1359079.0918990334
2025-04-30,1360730.7803393535,1358907.488203906,1359684.1396541488,1358907.488203906
2025-05-01,1379502.5681961041,1377655.5825647793,1378442.3776216323,1377655.5825647793
2025-05-02,1399979.8638749488,1398099.5240547888,1398897.9982743987,1398099.5240547888
2025-05-05,1391674.3885342085,1389807.5769844425,1390601.314201677,1389807.5769844425
2025-05-06,1378729.4572790633,1376883.7309198575,1377670.0850352712,1376883.7309198575
2025-05-07,1384142.199757656,1382287.6569200645,1383077.0981765422,1382287.6569200645
2025-05-08,1398433.2907465738,1396555.4700428527,1397353.0621792246,1396555.4700428527
2025-05-09,1397516.9395812436,1395640.6114647412,1396437.6809630378,1395640.6114647412
2025-05-12,1454452.0840102218,1452483.0177905809,1453312.5600738006,1452483.0177905809
2025-05-13,1476619.0174185843,1474613.8448646695,1475456.0299903408,1474613.8448646695
2025-05-14,1485468.471973246,1483448.885095148,1484296.1174800706,1483448.885095148
2025-05-15,1487100.760909304,1485078.5152976378,1485926.6786535464,1485078.5152976378
2025-05-16,1493573.5339193835,1491540.7452117612,1492392.6002938948,1491540.7452117612
2025-05-19,1495005.409460839,1492970.288460518,1493822.960208473,1492970.288460518
2025-05-20,1490022.1242563948,1487995.1202183103,1488844.9497648398,1487995.1202183103
2025-05-21,1469315.8725215776,1467322.5956045578,1468160.6154039463,1467322.5956045578
2025-05-22,1472065.3651354357,1470067.6097415076,1470907.1977055715,1470067.6097415076
2025-05-23,1458432.8631237857,1456457.312861508,1457289.1255698805,1456457.312861508
2025-05-27,1492742.7229145893,1490711.2874631572,1491562.6686947835,1490711.2874631572
2025-05-28,1486127.1487740872,1484106.4890184598,1484954.0970776747,1484106.4890184598
2025-05-29,1489048.3364740312,1487022.9185780862,1487872.192727742,1487022.9185780862
2025-05-30,1486699.9341200988,1484678.3413901718,1485526.276135751,1484678.3413901718
2025-06-02,1499441.997274028,1497401.2781418087,1498255.910108131,1497401.2781418087
2025-06-03,1511163.193252944,1509103.394925044,1509964.70758244,1509103.394925044
2025-06-04,1515376.0885161683,1513309.4326412007,1514173.1465084932,1513309.4326412007
2025-06-05,1503969.6864550808,1501921.5973694865,1502778.8099677467,1501921.5973694865
2025-06-06,1518671.6697329672,1516599.6494703528,1517465.2417091064,1516599.6494703528
2025-06-09,1520906.864737449,1518831.2061325568,1519698.0723579703,1518831.2061325568
2025-06-10,1530966.384725772,1528874.3517209757,1529746.9515375274,1528874.3517209757
2025-06-11,1525807.5258300777,1523723.890166179,1524593.5496050902,1523723.890166179
2025-06-12,1529389.7786716553,1527300.3119899095,1528172.013193554,1527300.3119899095
2025-06-13,1510188.7557987608,1508130.543613,1508991.3008735226,1508130.543613
2025-06-16,1531195.4056497982,1529102.9998558229,1529975.7302066688,1529102.9998558229
2025-06-17,1516264.4014478857,1514196.2996201094,1515060.5197961677,1514196.2996201094
2025-06-18,1516006.3794091519,1513938.6975771657,1514802.7706892611,1513938.6975771657
2025-06-20,1509816.3111801797,1507758.7052417484,1508619.2502212506,1507758.7052417484
2025-06-23,1525340.8715297792,1523257.995463171,1524127.3889246834,1523257.995463171
2025-06-24,1548666.380207122,1546545.5360061007,1547428.2242301863,1546545.5360061007
2025-06-25,1552625.47177557,1550498.1831568552,1551383.1279311897,1550498.1831568552
2025-06-26,1567142.9025053156,1564991.9831152891,1565885.202341315,1564991.9831152891
2025-06-27,1572508.2844905958,1570348.6315913794,1571244.908906324,1570348.6315913794
2025-06-30,1582693.475975986,1580517.2441148835,1581419.3266495313,1580517.2441148835
2025-07-01,1570351.9602430305,1568197.4445675255,1569091.9230537792,1568197.4445675255
2025-07-02,1581290.05884288,1579117.749994226,1580018.458863302,1579117.749994226
2025-07-03,1596850.3623774904,1594652.7413438607,1595562.3134213786,1594652.7413438607
2025-07-07,1584821.3031136508,1582643.2499356542,1583545.9702149807,1582643.2499356542
2025-07-08,1585711.4130476268,1583531.9119141165,1584435.1392034679,1583531.9119141165
2025-07-09,1596936.3658862268,1594738.604949367,1595648.226014813,1594738.604949367
2025-07-10,1594639.773213265,1592445.7481790131,1593354.0610964834,1592445.7481790131
2025-07-11,1591051.1932700032,1588863.005833914,1589769.2746825153,1588863.005833914
2025-07-14,1596821.694541245,1594624.1201420252,1595533.675890234,1594624.1201420252
2025-07-15,1598285.6888290176,1596085.7329277832,1596996.1225727408,1596085.7329277832
2025-07-16,1599922.3936394465,1597719.775285335,1598631.0972036165,1597719.775285335
2025-07-17,1612869.8789209155,1610646.198693449,1611564.8955488964,1610646.198693449
2025-07-18,1611319.7052481107,1609098.5467119892,1610016.36058258,1609098.5467119892
2025-07-21,1619674.0051836565,1617439.256579395,1618361.829091201,1617439.256579395
2025-07-22,1611291.0374118653,1609069.9255101536,1609987.7230514355,1609069.9255101536
2025-07-23,1618640.380192157,1616407.3130015598,1617329.2967566152,1616407.3130015598
2025-07-24,1622085.445077896,1619846.7737472863,1620770.7198244845,1619846.7737472863
2025-07-25,1625990.0747250412,1623745.0516733567,1624671.2218425449,1623745.0516733567
2025-07-28,1631071.4926686166,1628818.2035962443,1629747.2681605397,1628818.2035962443
2025-07-29,1628545.2055530995,1626296.026030816,1627223.6516123023,1626296.026030816
2025-07-30,1630726.9510047836,1628474.2224036327,1629403.0907156777,1628474.2224036327
2025-07-31,1622085.445077896,1619846.7737472863,1620770.7198244845,1619846.7737472863
2025-08-01,1591132.115589755,1588945.4227435894,1589851.1682528565,1588945.4227435894
2025-08-04,1620491.124781154,1618256.7031899637,1619179.1611962453,1618256.7031899637
2025-08-05,1609488.7777910274,1607272.242641806,1608188.4376066467,1607272.242641806
2025-08-06,1629741.5225040824,1627492.062603138,1628419.7863608391,1627492.062603138
2025-08-07,1635256.7749485557,1632998.3489385727,1633929.2122313795,1632998.3489385727
2025-08-08,1650510.964660482,1648227.7400162339,1649167.2866947216,1648227.7400162339
2025-08-11,1645627.1530970442,1643351.8680326145,1644288.6346211596,1643351.8680326145
2025-08-12,1666310.7136620432,1664001.803471439,1664950.3440930226,1664001.803471439
2025-08-13,1667144.0114802436,1664833.7466029457,1665782.7615759356,1664833.7466029457
2025-08-14,1665851.035963809,1663542.8730681667,1664491.1520200833,1663542.8730681667
2025-08-15,1658525.934572689,1656229.6800454217,1657173.7892130539,1656229.6800454217
2025-08-18,1657865.1038847603,1655569.9236655256,1656513.6566579666,1655569.9236655256
2025-08-19,1635371.6943731143,1633113.0815393908,1634044.0102496142,1633113.0815393908
2025-08-20,1625661.9709256869,1623419.1431244782,1624344.5446139744,1623419.1431244782
2025-08-21,1618135.7165448724,1615905.1241251098,1616826.2413247973,1615905.1241251098
2025-08-22,1643099.277730491,1640828.1022161497,1641763.429821886,1640828.1022161497
2025-08-25,1638359.5994116373,1636096.129160662,1637028.758723721,1636096.129160662
2025-08-26,1644937.6365496928,1642663.4724277058,1643599.8465117502,1642663.4724277058
2025-08-27,1647465.8638899813,1645187.5896457043,1646125.4029129175,1645187.5896457043
2025-08-28,1657778.8703196244,1655483.8302897203,1656427.5141940538,1655483.8302897203
2025-08-29,1638589.2622738867,1636325.4186615313,1637258.178959244,1636325.4186615313
2025-09-02,1625857.4110306178,1623615.8907094914,1624540.8343772502,1623615.8907094914
2025-09-03,1638648.7862127642,1636386.4838247423,1637318.7044538117,1636386.4838247423
2025-09-04,1653480.9280214596,1651194.5279458251,1652135.186520038,1651194.5279458251
2025-09-05,1655866.841130711,1653576.5646770375,1654518.5805875133,1653576.5646770375
2025-09-08,1663944.1493016642,1661640.7496961518,1662587.3607543905,1661640.7496961518
2025-09-09,1668658.2163128573,1666347.1577922883,1667296.4506640746,1666347.1577922883
2025-09-10,1669204.4634502768,1666892.5174454155,1667842.1210749764,1666892.5174454155
2025-09-11,1678920.1608432003,1676592.4298058243,1677547.5606561122,1676592.4298058243
2025-09-12,1686336.231747548,1683996.4518663657,1684955.8016892255,1683996.4518663657
2025-09-15,1700765.9961516648,1698402.772322911,1699370.3311800454,1698402.772322911
2025-09-16,1699328.7075844118,1696967.8189093636,1697934.5600988783,1696967.8189093636
2025-09-17,1695937.1151064297,1693581.7367303725,1694546.5484567224,1693581.7367303725
2025-09-18,1711229.2174318691,1708848.9940732378,1709822.505414398,1708848.9940732378
2025-09-19,1722813.2843051348,1720414.240385832,1721394.341855517,1720414.240385832
2025-09-22,1733012.1867738413,1730596.5727617731,1731582.476345587,1730596.5727617731
2025-09-23,1721501.0232902893,1719104.111393213,1720083.4663229443,1719104.111393213
2025-09-24,1715457.61403526,1713070.5208272322,1714046.4376860205,1713070.5208272322
2025-09-25,1708061.7940724993,1705686.7168067002,1706658.426213595,1705686.7168067002
2025-09-26,1715083.4118537589,1712696.9266096645,1713672.6305863536,1712696.9266096645
2025-09-29,1723026.183334516,1720626.7935194978,1721607.0161065743,1720626.7935194978
2025-09-30,1727745.8853903245,1725338.8275050283,1726321.7351114063,1725338.8275050283
2025-10-01,1737033.5034437568,1734612.9802302148,1735600.6027994102,1734612.9802302148
2025-10-02,1744174.5733836202,1741742.454795841,1742734.137552607,1741742.454795841
2025-10-03,1736832.1107880964,1734411.9145876253,1735399.4226512965,1734411.9145876253
2025-10-06,1749875.9413205073,1747434.5650871024,1748429.4894622015,1747434.5650871024
2025-10-07,1740661.7427835301,1738235.3281848985,1739225.0136567676,1738235.3281848985
2025-10-08,1760616.3543660855,1758157.5382938646,1759158.5693297193,1758157.5382938646
2025-10-09,1758485.6094974047,1756030.2532406405,1757030.0728020375,1756030.2532406405
2025-10-10,1697441.0816739893,1695084.8469986133,1696049.958563138,1695084.8469986133
2025-10-13,1733463.0565721,1731048.330902626,1732033.923428126,1731048.330902626
2025-10-14,1721916.5443142322,1719520.5673941602,1720499.5949362682,1719520.5673941602
2025-10-15,1734067.7631287286,1731652.05556174,1732637.991904352,1731652.05556174
2025-10-16,1727646.632288628,1725241.3510885206,1726223.6365782707,1725241.3510885206
2025-10-17,1738991.5756942863,1736567.8730439483,1737556.6089113862,1736567.8730439483
2025-10-20,1760904.259527371,1758444.975966648,1759446.1706963142,1758444.975966648
2025-10-21,1760443.681747934,1757985.146054374,1758986.0789140137,1757985.146054374
2025-10-22,1743483.5305179155,1741052.5340169817,1742043.8238685282,1741052.5340169817
2025-10-23,1758140.0880645525,1755685.292851211,1756684.915959998,1755685.292851211
2025-10-24,1776914.0065713592,1774428.727045048,1775439.0244129056,1774428.727045048
2025-10-27,1808559.4353855234,1806022.7713197686,1807051.061282269,1806022.7713197686
2025-10-28,1822467.1575983395,1819907.9107480438,1820944.108203587,1819907.9107480438
2025-10-29,1830673.6880708179,1828101.1157955062,1829141.9792259387,1828101.1157955062
2025-10-30,1802685.2186339356,1800158.0928785682,1801183.0429463407,1800158.0928785682
2025-10-31,1811381.399316458,1808840.1530623003,1809870.0475046579,1808840.1530623003
2025-11-03,1821048.0314617972,1818492.7122015608,1819527.5343886549,1818492.7122015608
2025-11-04,1784084.2566213903,1781588.9246617798,1782602.7419474858,1781588.9246617798
2025-11-05,1795695.111550823,1793180.9367146888,1794201.3519429446,1793180.9367146888
2025-11-06,1762246.0968071064,1759786.20528245,1760787.6128942152,1759786.20528245
2025-11-07,1756685.6289227859,1754234.761299504,1755233.009139842,1754234.761299504
2025-11-10,1795550.903607848,1793036.9628020655,1794057.2960832359,1793036.9628020655
2025-11-11,1790768.4181836115,1788262.238716927,1789279.854320177,1788262.238716927
2025-11-12,1789356.6612064186,1786852.7728339355,1787869.586197257,1786852.7728339355
2025-11-13,1752825.1576082793,1750380.5550175677,1751376.6091203985,1750380.5550175677
2025-11-14,1754150.3545610213,1751703.6013515396,1752700.4085060118,1751703.6013515396
2025-11-17,1739168.9474778734,1736746.5071037116,1737734.8009778222,1736746.5071037116
2025-11-18,1717993.1216999672,1715605.0468805253,1716581.307456246,1715605.0468805253
2025-11-19,1728249.6912774027,1725844.9714068184,1726827.060343779,1725844.9714068184
2025-11-20,1687338.8850980385,1685000.5580360815,1685959.3991458595,1685000.5580360815
2025-11-21,1700015.6094935187,1697656.7097903597,1698622.7545298266,1697656.7097903597
2025-11-24,1743490.4258472451,1741060.9722872488,1742051.721869073,1741060.9722872488
2025-11-25,1754236.914585472,1751790.0209005591,1752786.8772433186,1751790.0209005591
2025-11-26,1769736.8003486802,1767264.7524063638,1768270.4166583098,1767264.7524063638
2025-11-28,1784084.2566213903,1781588.9246617798,1782602.7419474858,1781588.9246617798
2025-12-01,1779091.3938781042,1776605.7870526216,1777616.199026183,1776605.7870526216
2025-12-02,1793014.5788636229,1790506.389253599,1791524.7087202035,1790506.389253599
2025-12-03,1797396.3436289968,1794881.0469921178,1795901.8550254137,1794881.0469921178
2025-12-04,1795724.4960203574,1793211.9110456712,1794231.7695747158,1793211.9110456712
2025-12-05,1803046.3700852464,1800521.909357662,1801545.9262504927,1800521.909357662
2025-12-08,1799587.1378154606,1797068.287808204,1798090.340074756,1797068.287808204
2025-12-09,1801806.683970716,1799284.2339586723,1800307.546787789,1799284.2339586723
2025-12-10,1809186.4147580818,1806651.9951521184,1807679.4992039995,1806651.9951521184
2025-12-11,1803334.7717353967,1800809.8432332096,1801834.0239200317,1800809.8432332096
2025-12-12,1768857.9860900452,1766388.9773951943,1767393.577437005,1766388.9773951943
2025-12-15,1759979.4486841303,1757524.8405806299,1758524.3981718204,1757524.8405806299
2025-12-16,1763467.4329227079,1761007.1674644698,1762008.7060112483,1761007.1674644698
2025-12-17,1730778.0319385026,1728370.7872294658,1729353.7602532606,1728370.7872294658
2025-12-18,1755857.1572076683,1753409.2352769312,1754406.4516659325,1753409.2352769312
2025-12-19,1778745.664682817,1776260.6186146564,1777270.8342357876,1776260.6186146564
2025-12-22,1787271.9463729213,1784773.071056457,1785788.1290691255,1784773.071056457
2025-12-23,1795642.2971402532,1793129.8454884815,1794149.6573337342,1793129.8454884815
2025-12-24,1800895.6169841553,1798374.6446820952,1799397.440082487,1798374.6446820952
2025-12-26,1800780.0799316484,1798259.2950255303,1799282.0248081456,1798259.2950255303
2025-12-29,1792063.2943992428,1789556.6477301568,1790574.426927039,1789556.6477301568
2025-12-30,1787906.7827881454,1785406.8777953535,1786422.2963551627,1785406.8777953535
2025-12-31,1773128.623614077,1770652.6881357953,1771659.7136310167,1770652.6881357953
2026-01-02,1770693.609984338,1768223.2454583906,1769228.320252327,1768223.2454583906
2026-01-05,1784758.0881976022,1782264.924595004,1783277.9826179203,1782264.924595004
2026-01-06,1800439.9399297505,1797921.35542392,1798943.314723607,1797921.35542392
2026-01-07,1802172.9157680224,1799651.5220396689,1800674.4650049226,1799651.5220396689
2026-01-08,1791920.3137290117,1789415.5398749409,1790432.6632947784,1789415.5398749409
2026-01-09,1809768.2528899317,1807234.5468190506,1808261.8010224823,1807234.5468190506
2026-01-12,1811270.0240894281,1808733.8835879075,1809761.9902213532,1808733.8835879075
2026-01-13,1808584.1674536383,1806052.3808321825,1807078.9629292602,1806052.3808321825
2026-01-14,1789263.4017960913,1786762.9349015749,1787778.5502145335,1786762.9349015749
2026-01-15,1795703.7746766675,1793192.8676824374,1794212.1386568889,1793192.8676824374
2026-01-16,1794202.003477171,1791693.5309135804,1792711.949458018,1791693.5309135804
2026-01-20,1756080.2413690954,1753633.5656928965,1754630.34569864,1753633.5656928965
2026-01-21,1779819.6630086133,1777334.5047889883,1778344.7596806057,1777334.5047889883
2026-01-22,1792757.9451913233,1790251.8135034514,1791269.4123766732,1790251.8135034514
2026-01-23,1798418.399523236,1795903.0920145314,1796923.9038546602,1795903.0920145314
2026-01-26,1806331.598900439,1803803.463781892,1804828.7672840387,1803803.463781892
2026-01-27,1822706.5350726417,1820151.8555335137,1821186.4537185498,1820151.8555335137
2026-01-28,1828742.388081406,1826177.9241853105,1827215.9484197123,1826177.9241853105
2026-01-29,1817796.8780944315,1815250.1573038672,1816281.9686869134,1815250.1573038672
2026-01-30,1795963.571034131,1793452.2428997082,1794471.661338842,1793452.2428997082
2026-02-02,1809295.1264832779,1806763.8079225256,1807790.2261254322,1806763.8079225256
2026-02-03,1781497.0881309712,1779010.8063939973,1780021.4546917335,1779010.8063939973
2026-02-04,1750376.1620945956,1747940.3007377926,1748933.2940468497,1747940.3007377926
2026-02-05,1725178.9362953508,1722783.898071592,1723762.5969237392,1722783.898071592
2026-02-06,1761645.5846026582,1759191.4651591098,1760190.8516431828,1759191.4651591098
2026-02-09,1775140.0368614388,1772664.0544626466,1773671.0963873572,1772664.0544626466
2026-02-10,1766904.6013491773,1764441.9615414415,1765444.3314804735,1764441.9615414415
2026-02-11,1771643.5615388816,1769173.2439334446,1770178.302297892,1769173.2439334446
2026-02-12,1735610.2642639761,1733198.3257872732,1734182.9423610517,1733198.3257872732
2026-02-13,1739308.9347503881,1736891.0038950578,1737877.7187349834,1736891.0038950578
2026-02-17,1737517.2560320718,1735102.2279541849,1736087.9263697453,1735102.2279541849
2026-02-18,1750491.6517340378,1748055.6032673935,1749048.6620940473,1748055.6032673935
2026-02-19,1743787.778366854,1741362.5911401159,1742351.8468405947,1741362.5911401159
2026-02-20,1759218.359688085,1756768.1726983078,1757766.1822108747,1756768.1726983078
2026-02-23,1737835.1174250315,1735419.5743659306,1736405.4531051512,1735419.5743659306
2026-02-24,1756502.0574955812,1754056.2713063792,1755052.7398530894,1754056.2713063792
2026-02-25,1781959.3998680648,1779472.3691195252,1780483.2796880072,1779472.3691195252
2026-02-26,1760460.844555232,1758008.6445611091,1759007.358938828,1758008.6445611091
2026-02-27,1754826.0450063695,1752382.9741986694,1753378.4919387908,1752382.9741986694
2026-03-02,1758137.4803714736,1755690.6642198437,1756687.4934138742,1755690.6642198437
2026-03-03,1739315.5641573947,1736899.2248801168,1737885.3824197522,1736899.2248801168
2026-03-04,1765828.2717073124,1763369.0024516229,1764370.1921722987,1763369.0024516229
2026-03-05,1760508.1318602725,1758057.4770958927,1759055.650402451,1758057.4770958927
2026-03-06,1734024.4014918532,1731616.629785374,1732599.7873403812,1731616.629785374
2026-03-09,1757183.3536636021,1754738.0824556143,1755734.3706786642,1754738.0824556143
2026-03-10,1757212.3308451003,1754767.012716602,1755763.317369141,1754767.012716602
2026-03-11,1756981.043463507,1754536.0998407917,1755532.2733579576,1754536.0998407917
2026-03-12,1726825.3387908307,1724429.2239702337,1725408.2997990106,1724429.2239702337
2026-03-13,1716590.2095673343,1714210.6677005095,1715183.940413359,1714210.6677005095
2026-03-16,1735845.9000532327,1733435.1789348999,1734419.3692435815,1733435.1789348999
2026-03-17,1744317.3083882153,1741892.870173043,1742881.8636027758,1741892.870173043
2026-03-18,1720002.0959986309,1717617.0295277813,1718592.2367127866,1717617.0295277813
2026-03-19,1714566.4008058598,1712190.1359361608,1713162.2611894524,1712190.1359361608
2026-03-20,1682878.2626262628,1680553.3079098323,1681507.4066152317,1680553.3079098323
2026-03-23,1702195.971348173,1699839.7369588977,1700802.4721944614,1699839.7369588977
2026-03-24,1690558.4525542364,1688221.0618997868,1689178.5124476186,1688221.0618997868
2026-03-25,1701674.9121515965,1699319.5214732103,1700281.952093091,1699319.5214732103
2026-03-26,1661059.5050988116,1658769.8798102734,1659713.9207029198,1658769.8798102734
2026-03-27,1628607.8888627863,1626370.809968531,1627300.4244906197,1626370.809968531
2026-03-30,1616159.892437552,1613942.9696219165,1614867.1270344693,1613942.9696219165
2026-03-31,1670873.2283596648,1668567.712467463,1669515.5670145727,1668567.712467463
2026-04-01,1692513.5161829987,1690174.698546213,1691131.6909147312,1690174.698546213
2026-04-02,1694454.190030424,1692111.7733551424,1693069.3682777388,1692111.7733551424
2026-04-06,1704650.2856966997,1702288.9600528353,1703249.796311826,1702288.9600528353
