date,Plain DCA 100% QQQ,"GMM/SMA defensive: sell long, 40DCA long, 20DCA short60_30, full reentry risk_on+SMA"
2000-09-05,9997.000899730081,9997.000899730081
2000-09-06,9645.346957897294,9645.346957897294
2000-09-07,9858.8513315885,9858.8513315885
2000-09-08,9557.440287684518,9557.440287684518
2000-09-11,9325.090397360489,9325.090397360489
2000-09-12,9180.665351237023,9177.911151631652
2000-09-13,9394.167907529449,9177.911151631652
2000-09-14,9343.931370496368,9177.911151631652
2000-09-15,9174.383512359416,9177.911151631652
2000-09-18,9029.956648837171,9177.911151631652
2000-09-19,9362.771434932858,9177.911151631652
2000-09-20,9507.199207154492,9177.911151631652
2000-09-21,8816.450457747189,9177.911151631652
2000-09-22,9337.654075115706,9177.911151631652
2000-09-25,9089.608220241855,9177.911151631652
2000-09-26,8986.001041982308,9177.911151631652
2000-09-27,8998.552906645466,9177.911151631652
2000-09-28,9199.502689575345,9177.911151631652
2000-09-29,8916.92444051274,9177.911151631652
2000-10-02,9715.682925850371,10177.791187620855
2000-10-03,9407.690986371796,10165.114793302202
2000-10-04,9589.685210411611,10172.60534825488
2000-10-05,9617.68650348653,10173.757831118719
2000-10-06,9295.694930395293,10160.50523705831
2000-10-09,9253.69501663251,10158.776596142876
2000-10-10,8770.707150533255,10138.837684207181
2000-10-11,8630.71385318102,10136.267146309216
2000-10-12,8413.721051571947,10132.443226593152
2000-10-13,9099.697021043628,10143.69895213725
2000-10-16,9183.69887441879,10145.390736812147
2000-10-17,8763.712904813305,10136.770796716271
2000-10-18,8735.709585888793,10136.251428440588
2000-10-19,9526.687365617028,10150.806764939513
2000-10-20,9666.683701743654,10153.911958593502
2000-10-23,9652.685081055788,10153.59376689754
2000-10-24,9239.697408869439,10144.228541244263
2000-10-25,8721.710965200928,10133.338065266431
2000-10-26,8945.702064229137,10137.511725349816
2000-10-27,8928.207840068491,10137.166019199845
2000-10-30,8597.463583810551,10130.657862886514
2000-10-31,9150.449617973116,10140.62519723865
2000-11-01,10071.401895490499,11138.805654783326
2000-11-02,10195.741023495775,11143.566371014667
2000-11-03,10327.850784726907,11148.748630578033
2000-11-06,10250.137705174662,11145.625529761654
2000-11-07,10211.282289947487,11144.085582370826
2000-11-08,9412.799121288146,11112.665205446492
2000-11-09,9410.854776158261,11112.601041637006
2000-11-10,8921.270584186435,11096.453513716047
2000-11-13,8934.872565978525,11096.836753879943
2000-11-14,9430.283608320795,11110.868427625339
2000-11-15,9620.67480556927,11117.230209759853
2000-11-16,9061.15210319237,11097.573865533524
2000-11-17,9055.322441449556,11097.39905020246
2000-11-20,8686.194872242448,11086.352179927013
2000-11-21,8672.597388646145,11085.99939213314
2000-11-22,8284.03761362966,11075.980112861602
2000-11-24,8758.077165502931,11085.935985115308
2000-11-27,8649.283239870683,11082.994201576452
2000-11-28,8138.331493351174,11069.817404059953
2000-11-29,7825.539890482573,11063.753542832495
2000-11-30,7831.368427676439,11063.839795608908
2000-12-01,8957.34917941224,12065.540228147667
2000-12-04,9097.310628221458,12070.760092852874
2000-12-05,9893.32170850584,12102.29794627691
2000-12-06,9517.18358223946,12082.962883335887
2000-12-07,9307.247421686283,12073.190954813948
2000-12-08,9517.18358223946,12082.334936696148
2000-12-11,10409.41368864167,12123.924568811113
2000-12-12,10028.909737831062,12101.867463076094
2000-12-13,9619.970332523055,12079.86507506391
2000-12-14,9149.794193676018,12056.928291655371
2000-12-15,8939.854868564602,12048.06907277608
2000-12-18,8957.34917941224,12048.749262519232
2000-12-19,8275.052701916617,12022.024007013748
2000-12-20,7800.505042320525,12009.20213268411
2000-12-21,7846.428478549087,12009.96335445719
2000-12-22,8467.495817445451,12020.958013036277
2000-12-26,8519.980015811658,12022.619692529206
2000-12-27,8616.199674841133,12025.762308968071
2000-12-28,8598.70662981679,12025.159640805728
2000-12-29,8170.081773537614,12010.52943788216
2001-01-02,8478.739179958653,12992.469892976702
2001-01-03,9906.73530328863,13038.488696282817
2001-01-04,9728.235070361387,13026.845153627095
2001-01-05,8984.485415268035,12980.554310859792
2001-01-08,9083.65476248893,12985.33972988234
2001-01-09,9083.65476248893,12985.33972988234
2001-01-10,9549.734837434144,13008.832360269029
2001-01-11,9827.404417582282,13025.438380589485
2001-01-12,9953.838465121144,13033.62065931561
2001-01-16,9834.83496145167,13025.671377662555
2001-01-17,10134.817698537834,13045.129723442595
2001-01-18,10561.232330629875,13074.855029299555
2001-01-19,10521.566887776702,13071.84333039789
2001-01-22,10531.482889734498,13072.590935988484
2001-01-23,10752.127566004361,13089.255819147667
2001-01-24,10650.480653316008,13081.281668893342
2001-01-25,10233.982023181763,13049.150212305882
2001-01-26,10400.08725366176,13061.02418696723
2001-01-29,10630.647931889422,13078.059741737408
2001-01-30,10590.983924058239,13075.003780194053
2001-01-31,10202.248664383831,13045.256033858117
2001-02-01,11336.817861158786,14054.675520097222
2001-02-02,10710.37596155974,14001.845728745995
2001-02-05,10701.676767627332,14001.198301702609
2001-02-06,10719.079876899978,14002.490830064875
2001-02-07,10545.068456706162,13989.513456876388
2001-02-08,10230.106487768198,13967.006269536056
2001-02-09,9814.221278793433,13939.78605996001
2001-02-12,9932.54762810288,13946.49180869863
2001-02-13,9614.107555394565,13927.59270354382
2001-02-14,9996.935827426185,13947.53130755441
2001-02-15,10162.246479884985,13957.621924358777
2001-02-16,9593.226342351569,13920.889319492184
2001-02-20,9220.845758953195,13901.466470706186
2001-02-21,8961.568073998298,13890.390678511145
2001-02-22,8874.560396648127,13887.309900318163
2001-02-23,8905.881429311316,13888.336846485647
2001-02-26,9074.673333145689,13894.032922373177
2001-02-27,8526.541490767018,13872.776753826933
2001-02-28,8256.823199290624,13866.83455781921
2001-03-01,9491.437722898652,14869.573750278354
2001-03-02,9082.995079218228,14853.262376957075
2001-03-05,9248.317855551917,14857.583310334012
2001-03-06,9608.135998038866,14869.138963148902
2001-03-07,9612.020047624106,14869.310610866745
2001-03-08,9433.086386478011,14861.38142741508
2001-03-09,8771.802317464968,14835.81702202442
2001-03-12,8227.206848649785,14827.46715749379
2001-03-13,8645.374568476947,14824.022325217857
2001-03-14,8509.226141043258,14822.48859209344
2001-03-15,8198.036897450855,14820.796412573833
2001-03-16,8013.263089283476,14822.427893559689
2001-03-19,8413.925320230424,14815.154101161555
2001-03-20,7847.939433409572,14814.027414666138
2001-03-21,7847.939433409572,14814.027414666138
2001-03-22,8324.457610117162,14801.82214083787
2001-03-23,8324.457610117162,14801.82214083787
2001-03-26,8131.903389216309,14801.926679810793
2001-03-27,8411.979777276949,14799.202613533336
2001-03-28,7721.51784120305,14796.580267731531
2001-03-29,7575.647855783479,14800.971711968068
2001-03-30,7614.5428831291465,14799.466036645676
2001-04-02,8273.874982908681,15811.655155012655
2001-04-03,7667.715023587739,15827.82974050032
2001-04-04,7532.765318438587,15836.658555980139
2001-04-05,8253.97219360386,15782.142455042509
2001-04-06,7953.095381539788,15789.431317436614
2001-04-09,8196.444233806711,15779.069944280327
2001-04-10,8804.819115619845,15762.591855424806
2001-04-11,9070.293683017082,15764.404959144755
2001-04-12,9468.499531612963,15772.054747104587
2001-04-16,8904.36957735215,15751.768974499333
2001-04-17,9125.600717822064,15754.611958738238
2001-04-18,10076.875914051088,15776.314213149783
2001-04-19,10685.246293989238,15812.651630738235
2001-04-20,10707.366506827906,15814.372358216058
2001-04-23,9988.386058946448,15758.025480170047
2001-04-24,9800.338739192859,15747.077239921233
2001-04-25,9977.323451485456,15756.293920393282
2001-04-26,9722.90849029922,15741.544315084848
2001-04-27,9988.386058946448,15754.707329975594
2001-04-30,10209.605194416403,15767.66034461888
2001-05-01,11629.640349573929,16795.002718467756
2001-05-02,11854.730063933284,16814.831003505726
2001-05-03,11327.104800693876,16765.42964928114
2001-05-04,11665.944965680028,16792.725590032573
2001-05-07,11423.91017846705,16771.07127818045
2001-05-08,11665.944965680028,16791.24378515725
2001-05-09,11266.589810506774,16755.463645369033
2001-05-10,11077.806901256597,16740.481639205307
2001-05-11,11024.56268480458,16736.536663611594
2001-05-14,10847.872923077959,16723.71817862105
2001-05-15,10927.750740022162,16729.093164517562
2001-05-16,11411.811558435793,16762.84506395137
2001-05-17,11593.33573346783,16778.031128523173
2001-05-18,11627.22040666737,16781.02535132986
2001-05-21,12355.737049702077,16845.54575098101
2001-05-22,12319.429150091355,16837.051448104376
2001-05-23,11774.857719496786,16709.64791556658
2001-05-24,12077.404213392245,16780.429249132172
2001-05-25,11857.146723335221,16728.899586126285
2001-05-29,11162.514753500054,16566.389102103898
2001-05-30,10753.487488211345,16470.69638747662
2001-05-31,10826.094531420462,16487.682944743985
2001-06-01,12145.274148625604,17562.305829983357
2001-06-04,12087.254202570291,17547.93895139861
2001-06-05,12620.010338064638,17679.859837823235
2001-06-06,12522.424669756381,17655.69570904484
2001-06-07,12844.187473354554,17735.37050102027
2001-06-08,12488.134138602636,17647.20469981118
2001-06-11,12145.274148625604,17562.305829983357
2001-06-12,12079.340819585173,17545.979442294047
2001-06-13,11749.661054983955,17464.344255226515
2001-06-14,11143.060592809348,17314.138062666374
2001-06-15,11235.37226269105,17336.99624581396
2001-06-18,11085.032298045537,17299.76911677737
2001-06-19,11029.64458051293,17286.05402969131
2001-06-20,11280.198863971476,17348.09619301744
2001-06-21,11433.174635157624,17385.975999540253
2001-06-22,11406.798679661637,17379.444794740335
2001-06-25,11435.809249025615,17386.628381697297
2001-06-26,11475.37139326063,17396.42474590341
2001-06-27,11549.22406864939,17414.71211934318
2001-06-28,11696.912722009913,17451.282731614217
2001-06-29,12052.968442107116,17539.449123481663
2001-07-02,12986.730432349124,18523.00159046484
2001-07-03,13041.02355937092,18537.082495086393
2001-07-05,12415.257087715798,18374.790166644805
2001-07-06,11900.931206759777,18241.399918718373
2001-07-09,12003.79974251427,18268.078839605292
2001-07-10,11572.336197929655,18156.178911341176
2001-07-11,11715.205503192781,18193.232018633193
2001-07-12,12458.113486019665,18385.90495943797
2001-07-13,12329.53783040943,18352.558905478418
2001-07-16,12100.949267839935,18293.27453702001
2001-07-17,12372.395520853024,18363.674033387593
2001-07-18,11900.931206759777,18241.399918718373
2001-07-19,12183.812896351068,18314.765191798335
2001-07-20,11900.931206759777,18241.399918718373
2001-07-23,11603.7610360745,18164.328932769997
2001-07-24,11472.329751669029,18130.242272422383
2001-07-25,11572.336197929655,18156.178911341176
2001-07-26,11743.772128262939,18200.640763441927
2001-07-27,11986.656924764777,18263.632855464824
2001-07-30,11915.222272133213,18245.106301818818
2001-07-31,11932.357337044348,18249.55027526321
2001-08-01,13314.949439288454,19348.7332285992
2001-08-02,13565.18408969445,19416.274023582424
2001-08-03,13339.661506299946,19355.403258704653
2001-08-06,13129.59566491546,19298.704420622445
2001-08-07,13061.625955134794,19280.358726986822
2001-08-08,12511.729726239437,19131.93632266509
2001-08-09,12564.244091040277,19146.110466577346
2001-08-10,12443.76141348896,19113.591006101662
2001-08-13,12697.082103582243,19181.96475356965
2001-08-14,12542.616666685879,19140.273011884456
2001-08-15,12079.223150057165,19014.545445120475
2001-08-16,12221.331854932689,19027.298029091828
2001-08-17,11665.25726002691,18975.066901345916
2001-08-20,11825.895474812938,18987.46021044305
2001-08-21,11334.689881183558,18946.99116998052
2001-08-22,11643.63262973289,18967.422798260523
2001-08-23,11529.326921161808,18958.627239909
2001-08-24,12141.008207191559,19003.354285174282
2001-08-27,12156.450978899686,19004.789697635293
2001-08-28,11776.476928910708,18969.30010694445
2001-08-29,11603.465916256666,18955.111529198894
2001-08-30,11174.049570852245,18922.30137691283
2001-08-31,11316.159672757958,18931.04595091878
2001-09-04,11957.503357885063,19906.93944936506
2001-09-05,11910.306102782688,19903.837162030766
2001-09-06,11428.23384682013,19872.972082679633
2001-09-07,11360.805929922957,19869.888008021444
2001-09-10,11495.655665782246,19875.679637857163
2001-09-17,10518.016423575109,19828.23611283907
2001-09-18,10282.035483756412,19826.973027011674
2001-09-19,10103.362937607139,19828.2756116507
2001-09-20,9766.248507103386,19834.16813422139
2001-09-21,9503.29944949335,19844.178742071337
2001-09-24,9982.003358578577,19817.507488799565
2001-09-25,10012.345921182305,19816.796242384004
2001-09-26,9665.112729692684,19824.295307791825
2001-09-27,9601.062306575428,19827.070208565037
2001-09-28,9769.615329496952,19819.0389807032
2001-10-01,10685.042719218609,20821.91940335403
2001-10-02,10718.510448068595,20821.276575445394
2001-10-03,11529.283187043027,20807.279127651076
2001-10-04,11640.85293484827,20810.204924342455
2001-10-05,11811.937031604493,20815.56282300915
2001-10-08,11849.124985395616,20817.008208985084
2001-10-09,11562.756802324882,20805.423023087875
2001-10-10,12087.152949040197,20820.10550410209
2001-10-11,12905.355205952006,20861.752625888665
2001-10-12,12849.571172968224,20857.2082016372
2001-10-15,12793.784617227926,20852.76552053452
2001-10-16,13002.051622262243,20868.965707450876
2001-10-17,12068.554347091023,20789.94861161042
2001-10-18,12395.84079992008,20807.156745105734
2001-10-19,12477.658839222282,20812.49274501254
2001-10-22,12812.3832191771,20835.31800010291
2001-10-23,12879.31447228288,20840.664608075265
2001-10-24,13158.255660172754,20863.561809839557
2001-10-25,13686.36950907269,20910.850012591338
2001-10-26,13392.563398876197,20825.07634386253
2001-10-29,12659.896042532373,20611.18165300869
2001-10-30,12414.434356356223,20539.52164109945
2001-10-31,12607.83139357089,20595.981914822452
2001-11-01,14143.08578232611,21752.211514063805
2001-11-02,14247.141556741315,21783.384326073607
2001-11-05,14711.370349866906,21922.457020299084
2001-11-06,15283.64996274957,22093.899353890774
2001-11-07,15263.644874999154,22087.906271400276
2001-11-08,15107.557593856218,22041.145969057277
2001-11-09,15099.561169012251,22038.750416769934
2001-11-12,15207.621942449681,22071.12303803896
2001-11-13,15751.88194513732,22234.17131521133
2001-11-14,15863.942288316783,22267.74211924714
2001-11-15,15799.916596763116,22248.561436023967
2001-11-16,15755.890563679674,22235.372208798854
2001-11-19,16204.11021927675,22369.648918972314
2001-11-20,15455.736427740667,22145.452658382976
2001-11-21,15375.699788898424,22121.475448943642
2001-11-23,15719.869099360489,22224.580973599746
2001-11-26,16108.060823385866,22340.87464115267
2001-11-27,16088.053925875385,22334.88101649802
2001-11-28,15507.759790548109,22161.037708977507
2001-11-29,15988.00134072234,22304.907471583298
2001-11-30,15867.94366781888,22268.94084417807
2001-12-03,16595.508327167874,23187.295115088644
2001-12-04,17387.59157843447,23429.377349919854
2001-12-05,18247.8277133365,23692.288963928408
2001-12-06,18273.37108289119,23700.09571401059
2001-12-07,17770.86151929042,23546.51509229437
2001-12-10,17459.994629184443,23451.50569603262
2001-12-11,17557.92756912218,23481.436672259937
2001-12-12,17698.471948907372,23524.390866149228
2001-12-13,16931.935918728876,23290.116558533806
2001-12-14,17080.974855443026,23335.66692059352
2001-12-17,17374.825670957234,23425.475740579175
2001-12-18,17570.708882733044,23485.342990135046
2001-12-19,17251.324326497663,23387.73036290123
2001-12-20,16518.855109303367,23163.867802040462
2001-12-21,16812.700147517466,23253.674856325706
2001-12-24,16744.54918964873,23232.846065715163
2001-12-26,16902.12697592602,23281.006132981784
2001-12-27,17038.392302096127,23322.652531433603
2001-12-28,17174.665331333043,23364.301284152636
2001-12-31,16569.959180313075,23179.486599306056
2002-01-02,18080.674945416034,24335.546956582722
2002-01-03,18707.265855985836,24530.31975367982
2002-01-04,18783.898294128114,24554.14058170902
2002-01-07,18576.532257832485,24489.681838004122
2002-01-08,18702.7526695403,24528.91685119115
2002-01-09,18531.45950918875,24475.67118898559
2002-01-10,18653.170811403554,24513.5045669852
2002-01-11,18414.259354943217,24439.240079824023
2002-01-14,18013.06684168856,24314.531299880244
2002-01-15,18184.351848135062,24367.77442748329
2002-01-16,17481.148884185608,24149.18713886327
2002-01-17,17873.32317845424,24271.092648432215
2002-01-18,17395.49211162852,24122.561139507354
2002-01-22,16859.073198537604,23955.817877905472
2002-01-23,17323.3769368843,24100.144481268082
2002-01-24,17553.270174358615,24171.605698054424
2002-01-25,17503.686277745604,24156.19278019785
2002-01-28,17602.86834030546,24187.02305146539
2002-01-29,17120.52204855794,24037.088006401227
2002-01-30,17251.24749280624,24077.72338747442
2002-01-31,17359.445735875852,24111.35629546617
2002-02-01,18192.35362108527,25059.38976983472
2002-02-04,17610.415671160994,24875.64610063806
2002-02-05,17319.46880552478,24783.781246936353
2002-02-06,17200.21110148371,24745.125087295088
2002-02-07,16785.231995910268,24694.59167672168
2002-02-08,17252.674914148894,24747.03051870834
2002-02-11,17472.092178646388,24774.06556520146
2002-02-12,17328.994150235623,24755.742059807566
2002-02-13,17624.73820034577,24792.694906931436
2002-02-14,17591.345568672645,24788.308722442816
2002-02-15,17066.655673843044,24719.757031289322
2002-02-19,16541.96901452456,24657.177124527847
2002-02-20,16766.155422399694,24681.121873517146
2002-02-21,15969.58445040742,24591.591384549425
2002-02-22,16050.673908375495,24599.060413580733
2002-02-25,16699.377708579363,24660.277401765823
2002-02-26,16637.364824121858,24653.35879010079
2002-02-27,16408.413586883893,24628.16379255379
2002-02-28,16112.683557321889,24597.31770184742
2002-03-01,18047.278111801777,25687.395658712197
2002-03-04,18759.27168764006,25776.383871652655
2002-03-05,18895.605660118683,25795.445970095618
2002-03-06,18986.501445015805,25808.391813975013
2002-03-07,19026.904519216034,25814.215081201823
2002-03-08,19526.81135554156,25886.640569445794
2002-03-11,19456.111969873753,25875.762361606263
2002-03-12,19188.497406282833,25834.90958618033
2002-03-13,18723.91742780989,25766.162894174766
2002-03-14,18612.826385432516,25750.67468923967
2002-03-15,18799.667911345892,25776.32027864396
2002-03-18,18905.69986361161,25791.26008152023
2002-03-19,18875.409260889362,25786.931171386426
2002-03-20,18208.861864876046,25692.05284480537
2002-03-21,18693.62225809138,25754.73542387861
2002-03-22,18521.944301524185,25730.834805751434
2002-03-25,17956.37547641026,25653.997297315647
2002-03-26,18123.020603094315,25674.700147214025
2002-03-27,17981.627540504036,25656.6243219144
2002-03-28,18208.861864876046,25684.986010840446
2002-04-01,19556.982666840435,26729.994266019366
2002-04-02,18673.594024218884,26606.24586904784
2002-04-03,18641.664415724055,26602.330106482663
2002-04-04,18497.984787266152,26584.80896285619
2002-04-05,18290.443535306043,26560.153140298728
2002-04-08,18519.267984245973,26586.26931458743
2002-04-09,17875.34779556681,26509.43028483731
2002-04-10,18008.402671122643,26523.341158788848
2002-04-11,17561.38213591368,26475.152433674826
2002-04-12,17838.1034041084,26501.930397633314
2002-04-15,17981.78543907885,26516.849429453734
2002-04-16,18732.14447452633,26597.407807173742
2002-04-17,18636.34241322283,26585.456090787025
2002-04-18,18279.797123791035,26541.707680686064
2002-04-19,18338.330728510642,26548.429064885357
2002-04-22,17875.34779556681,26494.645333525055
2002-04-23,17566.700528646084,26462.121006101257
2002-04-24,17295.298856440048,26435.611107507837
2002-04-25,17252.727649455308,26431.755873268765
2002-04-26,16518.340637792888,26366.097807584774
2002-04-29,16560.910641521354,26369.013978248495
2002-04-30,16885.52752571459,26391.6783816051
2002-05-01,17794.75958944807,27384.296219649466
2002-05-02,17202.72397672016,27334.633887575088
2002-05-03,16768.57183668835,27305.53194215831
2002-05-06,16334.418421778284,27282.31303305497
2002-05-07,16182.17628535486,27276.398494095294
2002-05-08,17913.17283140927,27334.205630703742
2002-05-09,17450.81783464886,27292.37554330536
2002-05-10,16667.082603545165,27231.36410298912
2002-05-13,17343.68981498951,27268.07219818124
2002-05-14,18364.238781233067,27345.295339235425
2002-05-15,18499.559458594984,27359.340818182558
2002-05-16,18527.749566541042,27362.35954607815
2002-05-17,18567.21852239769,27366.612685222903
2002-05-20,18161.252665677177,27322.484797920453
2002-05-21,17665.076423724062,27273.431851515557
2002-05-22,17704.545379580708,27276.824180515334
2002-05-23,18059.767257168754,27307.739755726016
2002-05-24,17614.331169713343,27264.737585300638
2002-05-28,17535.391983121805,27258.04382170225
2002-05-29,17073.0561095352,27219.854743525135
2002-05-30,17219.646710659923,27230.00912967196
2002-05-31,16937.729057782013,27209.235237063367
2002-06-03,17339.749648997935,28170.087753138578
2002-06-04,17567.12219799602,28182.548478112476
2002-06-05,17746.627269166052,28193.677831515408
2002-06-06,17279.924095410388,28162.185129654987
2002-06-07,16932.890969101412,28143.74185923497
2002-06-10,16902.969398610112,28142.494685501453
2002-06-11,16430.28921628952,28123.279934126305
2002-06-12,16669.623899676724,28128.985482577453
2002-06-13,16561.92545675495,28125.462455978366
2002-06-14,16526.020113316008,28124.428068668723
2002-06-17,17088.45418409816,28139.888061417623
2002-06-18,17363.69285804776,28152.98593154532
2002-06-19,16358.489352423976,28096.060886400144
2002-06-20,15831.948449191885,28084.115754044033
2002-06-21,15449.019449579764,28083.328337245384
2002-06-24,15754.172929637954,28078.9520313461
2002-06-25,15233.614446476964,28079.4163924951
2002-06-26,15347.298015222921,28076.722105239533
2002-06-27,15682.37306577241,28070.55071514983
2002-06-28,15616.55697485451,28070.77502128315
2002-07-01,15868.335502804237,29075.26376856694
2002-07-02,15293.625945874872,29089.753459967367
2002-07-03,15804.473110016164,29062.96480403393
2002-07-05,16819.794337944553,29035.28726942487
2002-07-08,16206.77543083441,29025.034742499418
2002-07-09,15747.00114363672,29028.487140845384
2002-07-10,15261.699802913377,29041.896144768718
2002-07-11,15836.402140653398,29012.687585721094
2002-07-12,15836.402140653398,29012.687585721094
2002-07-15,16328.099683136845,29001.54032573706
2002-07-16,16085.448290856239,29001.784233323684
2002-07-17,16379.181223107662,28998.493010620343
2002-07-18,15791.703807901862,28997.737280972655
2002-07-19,15319.170325454952,29008.934686761775
2002-07-22,14942.421047244003,29026.247247275212
2002-07-23,14303.84043449935,29067.9253279264
2002-07-24,15082.893477366415,28989.092934724442
2002-07-25,14208.059117939129,29038.011191973615
2002-07-26,14476.254889799817,29010.035352855935
2002-07-29,15216.997138648234,28944.881953461947
2002-07-30,15523.509479879043,28930.605192615818
2002-07-31,15229.766440762538,28939.836964027978
2002-08-01,15514.272992980814,29972.300267781942
2002-08-02,15186.647883413732,29993.62826340033
2002-08-05,14633.788323889905,30039.308642670487
2002-08-06,15357.290237493471,29956.363842723134
2002-08-07,15562.05766716637,29941.681941134946
2002-08-08,16087.618092185521,29909.708674152913
2002-08-09,15923.804765760438,29915.372330421553
2002-08-12,15971.589439945992,29913.35086705351
2002-08-13,15425.546561812132,29935.197661680893
2002-08-14,16408.414174097947,29869.353266430426
2002-08-15,16742.863681470426,29863.29965375478
2002-08-16,16858.892333709955,29862.864667646845
2002-08-19,17268.422563206495,29863.273397139154
2002-08-20,17193.343384365522,29861.987263565745
2002-08-21,17575.566762941955,29867.45336438059
2002-08-22,17855.416458021995,29875.433478735915
2002-08-23,17166.04733642702,29849.020547668486
2002-08-26,17234.292857764078,29849.975580431434
2002-08-27,16633.656340470123,29840.01413439394
2002-08-28,16026.181535823,29844.177074405965
2002-08-29,16237.776449867468,29837.145200601066
2002-08-30,16033.012106760742,29841.95231784134
2002-09-03,16452.55195942216,30860.79531042692
2002-09-04,16517.946634453547,30857.851618994897
2002-09-05,16110.994219442531,30874.914523071242
2002-09-06,16605.157061146827,30844.54314198202
2002-09-09,16772.293947739894,30838.311255532815
2002-09-10,17186.507325814397,30826.020236593107
2002-09-11,17041.179618388935,30827.710065917225
2002-09-12,16576.08527579216,30835.944658765962
2002-09-13,16706.892700214223,30830.968499236427
2002-09-16,16467.077171796274,30838.654234720816
2002-09-17,16118.263398123876,30853.660854755057
2002-09-18,15936.594726662404,30864.525192350688
2002-09-19,15682.239197758196,30882.082133155534
2002-09-20,15747.6503040253,30876.689262651835
2002-09-23,15275.293355241469,30913.956970883668
2002-09-24,15282.555961428527,30913.193708042865
2002-09-25,15892.991156439335,30849.301046954235
2002-09-26,15696.77262575017,30863.06539612708
2002-09-27,15486.030525810462,30880.03427642747
2002-09-30,15057.280433496842,30919.519069816153
2002-10-01,16972.629208177135,31812.23786240799
2002-10-02,16408.93315763042,31839.569083286588
2002-10-03,16015.11920881356,31869.390071325746
2002-10-04,15713.963462862099,31898.469709892524
2002-10-07,15567.253768677554,31915.135672011274
2002-10-08,15598.13285245139,31911.359227832923
2002-10-09,15490.028123851109,31924.37892049971
2002-10-10,16277.661259370803,31824.37022623362
2002-10-11,17157.94386794594,31753.056173880945
2002-10-14,17358.715529221576,31745.62829104939
2002-10-15,18192.667290402023,31722.20095828703
2002-10-16,17590.37151215702,31718.355927652134
2002-10-17,18184.94664647757,31708.244088651798
2002-10-18,18385.720053715195,31709.621134644105
2002-10-21,18756.361594986745,31714.924378766395
2002-10-22,18640.539714385992,31711.739910095763
2002-10-23,18995.743459732617,31718.311779349257
2002-10-24,18516.98671408884,31551.726345303396
2002-10-25,19072.96561263508,31745.18155398171
2002-10-28,18910.807646753663,31688.75800407637
2002-10-29,18470.65935861813,31535.606546074443
2002-10-30,18964.867867882764,31707.568486609198
2002-10-31,18957.140240110344,31704.87962584989
2002-11-01,20497.367465008738,32892.83836402852
2002-11-04,21025.020920710973,33077.77700148804
2002-11-05,21187.384019232955,33134.68406783976
2002-11-06,21487.735010547967,33239.954871040485
2002-11-07,20732.79377431738,32975.35354590621
2002-11-08,20351.248385364863,32841.624706268594
2002-11-11,19734.29871289202,32625.38840462933
2002-11-12,20237.598988653608,32801.791432462196
2002-11-13,20481.12711709535,32887.14624208274
2002-11-14,21187.384019232955,33134.68406783976
2002-11-15,21463.383666089678,33231.41990473684
2002-11-18,21146.79049137892,33120.45633626732
2002-11-19,20822.073471746753,33006.64542017891
2002-11-20,21706.909959049062,33316.77407103437
2002-11-21,22510.570403537455,33598.45111868299
2002-11-22,22502.45390054548,33595.60634435611
2002-11-25,22721.63252001129,33672.426830996
2002-11-26,21958.576616271086,33404.981374857845
2002-11-27,22656.69682511077,33649.66734973493
2002-11-29,22502.45390054548,33595.60634435611
2002-12-02,23729.447277493917,34675.15099798908
2002-12-03,23026.04278435838,34427.14582878392
2002-12-04,22517.553314439116,34247.86346954817
2002-12-05,22203.992281210136,34137.30864958185
2002-12-06,22432.808901873716,34217.98442757079
2002-12-09,21373.46063006835,33844.48120153203
2002-12-10,21695.495146448586,33958.023587888936
2002-12-11,21797.198022579923,33993.88181633324
2002-12-12,21915.85169743492,34035.716528787314
2002-12-13,21220.914938818918,33790.69689912988
2002-12-16,21907.36671702023,34032.72490871098
2002-12-17,21975.16991191484,34056.63084475004
2002-12-18,21509.05935501528,33892.290371152994
2002-12-19,21237.85232406856,33796.66865383961
2002-12-20,21458.205042633752,33874.36024350941
2002-12-23,21754.819109560223,33978.93993069454
2002-12-24,21483.62357587694,33883.3222670669
2002-12-26,21424.301528975873,33862.40659987558
2002-12-27,21034.469566332747,33724.960304322485
2002-12-30,20873.44847572149,33668.18775991545
2002-12-31,20653.10533820916,33590.49954831711
2003-01-02,22525.700662659077,34898.14351308051
2003-01-03,22774.0108785162,34986.21490227696
2003-01-06,23341.593414265462,35187.526726015385
2003-01-07,23634.25068408959,35291.32725722945
2003-01-08,22969.123077474036,35055.41786419327
2003-01-09,23678.58771204512,35307.052843192185
2003-01-10,24033.326044937545,35432.87246632458
2003-01-13,23891.42990969966,35382.54433258723
2003-01-14,24015.59404103855,35426.58322763486
2003-01-15,23714.063751056885,35319.6355878375
2003-01-16,23448.01952609847,35225.27424874035
2003-01-17,22445.891606096375,34869.83660489442
2003-01-21,22197.565348620887,34781.759526010144
2003-01-22,22108.89129270983,34750.308354084686
2003-01-23,22623.26378034603,34932.7474832771
2003-01-24,22011.342211438947,34715.70936236496
2003-01-27,21754.160980626584,34624.49157579621
2003-01-28,21975.86416722488,34703.12590650866
2003-01-29,22304.007502072258,34819.51273842295
2003-01-30,21727.553951367758,34615.05451731222
2003-01-31,21674.33989285011,34596.180400344245
2003-02-03,22718.38302638553,35611.78815592911
2003-02-04,22440.084529092917,35512.525471378045
2003-02-05,22338.030629998306,35476.1251886184
2003-02-06,22458.624338240945,35519.13819564713
2003-02-07,22087.572260188637,35384.773212950706
2003-02-10,22282.383935044447,35394.910864254016
2003-02-11,22402.977643287086,35401.82872705328
2003-02-12,22096.845311013778,35383.28096756417
2003-02-13,22208.16806593203,35389.112417368364
2003-02-14,22718.38302638553,35417.39563885899
2003-02-18,23423.403369192587,35466.01716506301
2003-02-19,23265.702775144116,35452.41006330415
2003-02-20,23172.934511879157,35444.74565795263
2003-02-21,23349.191695081674,35458.92106330343
2003-02-24,22950.29948954642,35425.1766673675
2003-02-25,22978.129129525605,35427.26771231412
2003-02-26,22467.903681568343,35388.5827762674
2003-02-27,22978.129129525605,35420.7592548204
2003-02-28,23339.908156752772,35448.291559608464
2003-03-03,23866.51275708262,36407.99281143762
2003-03-04,23721.27903359362,36396.54150936257
2003-03-05,23769.68881528989,36400.192727825604
2003-03-06,23711.594012374233,36395.744050897905
2003-03-07,23760.003794070504,36399.384211875986
2003-03-10,23246.864048650204,36360.20643024826
2003-03-11,23043.528954645262,36347.21466050362
2003-03-12,23459.857893473396,36371.65081731604
2003-03-13,24805.673030150723,36463.04461268051
2003-03-14,24902.496971943456,36497.755193739
2003-03-17,25754.53364883888,36803.203284269126
2003-03-18,26074.03645667419,36917.74239416742
2003-03-19,25851.34007703085,36837.90758684683
2003-03-20,25948.159640423393,36872.61659828512
2003-03-21,26306.40691153644,37001.0452773155
2003-03-24,25212.323515359756,36608.82544299973
2003-03-25,25570.55546207214,36737.24862835941
2003-03-26,25715.79356396133,36789.31528475725
2003-03-27,25531.83726919554,36723.368476948526
2003-03-28,25251.063600237303,36622.7134425116
2003-03-31,24447.43670503815,36334.619857700636
2003-04-01,25640.775921796245,37403.91791656643
2003-04-02,26346.031753767966,37657.88764322469
2003-04-03,26678.501497523546,37777.613345751226
2003-04-04,26245.279618905162,37621.60578493817
2003-04-07,26285.582295263866,37636.11918452226
2003-04-08,26255.35528799484,37625.234134834194
2003-04-09,25650.84931286894,37407.5454461256
2003-04-10,25963.181386547032,37520.0193708812
2003-04-11,25701.23677038523,37425.690476953125
2003-04-14,26225.12828072581,37614.349085146125
2003-04-15,26477.001783831893,37705.05126985188
2003-04-16,26416.556881361743,37683.28445182315
2003-04-17,27021.04918838578,37900.96821851063
2003-04-21,27121.79676721463,37937.248436123446
2003-04-22,27635.626276567396,38113.83502612334
2003-04-23,27837.116878191144,38391.72196354055
2003-04-24,27685.99550994787,38183.30204786706
2003-04-25,27152.01238439877,37446.85610847582
2003-04-28,27685.99550994787,38183.30204786706
2003-04-29,27937.866735036972,38530.671715729935
2003-04-30,27655.76850267884,38141.6142946439
2003-05-01,28897.27781675314,39474.80698518106
2003-05-02,29513.00932808564,40315.92021109374
2003-05-05,29481.680269229797,40273.12349649647
2003-05-06,29857.38593166004,40786.352064312465
2003-05-07,29523.42953776459,40330.154623360184
2003-05-08,28980.755116982345,39588.84022855741
2003-05-09,29648.663185475383,40501.228663717295
2003-05-12,30097.404701615505,41114.227052292124
2003-05-13,29909.562488820575,40857.627273559665
2003-05-14,29846.935046544986,40772.07574820556
2003-05-15,30180.90087903616,41228.28608264722
2003-05-16,29951.29523981285,40914.63583681698
2003-05-19,28897.27781675314,39474.80698518106
2003-05-20,28980.755116982345,39588.84022855741
2003-05-21,28897.27781675314,39474.80698518106
2003-05-22,29314.70207228207,40045.02477602032
2003-05-23,29325.157676694984,40059.30753887191
2003-05-27,30368.754890075747,41484.901978241396
2003-05-28,30462.671277175352,41613.19542086294
2003-05-29,30587.91200383294,41784.27913133707
2003-05-30,31088.832436782526,42468.55595253144
2003-06-02,31869.373053349413,43168.87566603642
2003-06-03,32171.052915657718,43577.51817196629
2003-06-04,32774.38340749348,44394.763586364206
2003-06-05,33011.412538886645,44715.83300574724
2003-06-06,32461.950753962465,43971.55581407097
2003-06-09,32030.984046214304,43387.786933778356
2003-06-10,32515.809716613767,44044.51083763869
2003-06-11,32882.10864099129,44540.6835328651
2003-06-12,33022.18725469499,44730.42797020696
2003-06-13,32278.785457350743,43723.44801783263
2003-06-16,33269.983793701285,45066.08245468427
2003-06-17,33140.6993843265,44890.95938011
2003-06-18,33313.077784804525,45124.455712946205
2003-06-19,32774.38340749348,44394.763586364206
2003-06-20,32731.28941639024,44336.39032810228
2003-06-23,32224.91918650423,43650.48309489946
2003-06-24,31977.11046717258,43314.81211147973
2003-06-25,31804.729630629485,43081.31247885505
2003-06-26,32558.911015912217,44102.89399526607
2003-06-27,32138.723896102543,43533.72667901015
2003-06-30,32268.02048580268,43708.86625252684
2003-07-01,33698.66048680807,45292.29892511915
2003-07-02,34387.08136651691,46217.56312908572
2003-07-03,33954.04793305135,45635.5494991739
2003-07-07,35408.57340901255,47590.487817188805
2003-07-08,35841.6193951906,48172.51831843018
2003-07-09,35752.79389103696,48053.13341623574
2003-07-10,35086.5988440709,47157.74158837858
2003-07-11,35353.08539870182,47515.909792025544
2003-07-14,35775.00214998225,48082.98217248378
2003-07-15,35819.406115160324,48142.66281365031
2003-07-16,35708.377373146395,47993.43590373965
2003-07-17,34620.24549055991,46530.94470129697
2003-07-18,34731.27674311634,46680.17498547354
2003-07-21,34287.14169072063,46083.240351703615
2003-07-22,34797.8914777822,46769.70775715403
2003-07-23,35086.5988440709,47157.74158837858
2003-07-24,34620.24549055991,46530.94470129697
2003-07-25,35308.65381755625,47456.19203393399
2003-07-28,35408.57340901255,47590.487817188805
2003-07-29,35142.10944926411,47232.34998193505
2003-07-30,34886.727024105836,46889.10615641211
2003-07-31,35308.65381755625,47456.19203393399
2003-08-01,35930.85618468191,47948.52063021076
2003-08-04,35919.413605295595,47933.25089238577
2003-08-05,34503.18846046957,46043.346008831584
2003-08-06,34480.34978475472,46012.86856326079
2003-08-07,34617.40508057277,46195.76425172515
2003-08-08,34343.31256568135,45829.996997605
2003-08-11,34720.199780426425,46332.940325717806
2003-08-12,35245.57712319956,47034.03874177344
2003-08-13,35256.99904344909,47049.280910674344
2003-08-14,35291.25189223719,47094.99018679952
2003-08-15,35599.633409406066,47506.51496266199
2003-08-18,36513.32246956591,48725.80232184685
2003-08-19,36970.16829084187,49335.44772449703
2003-08-20,36878.78518166935,49213.500034943245
2003-08-21,37278.521401697675,49746.93459308889
2003-08-22,37050.121732588574,49442.14290680339
2003-08-25,37130.041603238,49548.79328960811
2003-08-26,37164.32544073127,49594.5439191194
2003-08-27,37461.27470808223,49990.81274161892
2003-08-28,37792.487153789676,50432.804624705655
2003-08-29,38135.10860778616,50890.021446115745
2003-09-02,39683.027298639274,52621.30084383069
2003-09-03,39659.58250419897,52590.21209719397
2003-09-04,40022.81257200618,53071.869873193944
2003-09-05,39765.046991369934,52730.062277121004
2003-09-08,40421.15155062893,53600.08348638898
2003-09-09,39940.78228275826,52963.09438849272
2003-09-10,38980.05169440487,51689.12673125837
2003-09-11,39413.54726817081,52263.959412997574
2003-09-12,39624.43650557302,52543.60708006073
2003-09-15,39237.82787155838,52030.94837874222
2003-09-16,40303.99645578959,53444.73108737633
2003-09-17,40139.95177206963,53227.20119509024
2003-09-18,40749.195882870474,54035.08355246479
2003-09-19,40514.88304406248,53724.37524158675
2003-09-22,39741.61809170552,52698.99460760065
2003-09-23,40444.588397681284,53631.16169446752
2003-09-24,38921.455603079994,51611.42594178295
2003-09-25,38417.67597945012,50943.39376433544
2003-09-26,38171.63279603403,50617.13054158085
2003-09-29,38827.734706163705,51487.1482379961
2003-09-30,37984.18305481349,50368.56459544896
2003-10-01,39839.1624916155,52502.399726992924
2003-10-02,39971.354481182265,52676.6101331078
2003-10-03,41089.0137318957,54149.52746042054
2003-10-06,41389.464646515175,54545.479408984014
2003-10-07,41641.84080617215,54878.07560797948
2003-10-08,41377.424219246415,54529.61182327659
2003-10-09,41689.89925723854,54941.40987131092
2003-10-10,42074.483710358385,55448.23796265783
2003-10-13,42350.88909554856,55812.501293319016
2003-10-14,42459.04914226612,55955.04098672875
2003-10-15,42278.795984316945,55717.49273624301
2003-10-16,42615.270357366084,56160.91852450935
2003-10-17,41593.75518194559,54814.705534253764
2003-10-20,42110.5316246322,55495.744031715556
2003-10-21,42362.8941977091,55828.32232551388
2003-10-22,41545.69401356318,54751.3676898829
2003-10-23,41064.97091978242,54117.84242355768
2003-10-24,41101.03242063632,54165.36639781254
2003-10-27,41113.0429574289,54181.194592086256
2003-10-28,42495.107925804004,56002.561379944185
2003-10-29,42447.044040105575,55939.21995453389
2003-10-30,42531.161274709855,56050.07461108076
2003-10-31,42278.795984316945,55717.49273624301
2003-11-03,43975.50665371363,57635.754506887555
2003-11-04,43680.38996308601,57248.964804478026
2003-11-05,44073.912250235124,57764.72813868397
2003-11-06,44196.84764734187,57925.8513390065
2003-11-07,43815.63474890177,57426.22109705459
2003-11-10,43274.561067753915,56717.07202226748
2003-11-11,43114.70862662423,56507.56412218057
2003-11-12,44036.99520621218,57716.34343891959
2003-11-13,43987.79379821445,57651.85844514611
2003-11-14,43090.10375183632,56475.316158919675
2003-11-17,42647.39673984563,55895.08969643686
2003-11-18,41663.60492460297,54605.69958216918
2003-11-19,42069.41157572688,55137.56321038424
2003-11-20,41663.60492460297,54605.69958216918
2003-11-21,42093.99976735864,55169.78930814852
2003-11-24,43262.28226483117,56700.979016757236
2003-11-25,43262.28226483117,56700.979016757236
2003-11-26,43459.0406278797,56958.85703961077
2003-11-28,43508.208669565145,57023.29830239103
2003-12-01,45147.3880372075,58861.12109894756
2003-12-02,44895.861486037866,58533.192165920584
2003-12-03,44329.93598724708,57795.36411505186
2003-12-04,44807.815676996,58418.402025148825
2003-12-05,44065.855429911586,57451.06783699493
2003-12-08,44317.3734506127,57778.98564838316
2003-12-09,43298.707552789296,56450.89515681946
2003-12-10,43462.21672981211,56664.071021203854
2003-12-11,44392.82260114613,57877.35283593121
2003-12-12,44317.3734506127,57778.98564838316
2003-12-15,43738.865510761,57024.753180355314
2003-12-16,43826.9312242294,57139.569271617496
2003-12-17,43902.37753127333,57237.93275195263
2003-12-18,44719.77839842265,58303.62300601582
2003-12-19,44594.03076203011,58139.67892917337
2003-12-22,44732.36936995208,58320.03854481369
2003-12-23,45071.941730163584,58762.75761861243
2003-12-24,45165.023359119325,58884.113233460754
2003-12-26,45102.10831032523,58802.087440452226
2003-12-29,45844.40977615028,59769.866494156195
2003-12-30,45995.35926002822,59966.66759908481
2003-12-31,45869.54053639805,59802.63084191943
2004-01-02,46743.43612018842,60638.312710791644
2004-01-05,47681.89138057963,61855.73163135133
2004-01-06,48003.28916390356,62272.66758872597
2004-01-07,48440.40955884685,62839.72567005064
2004-01-08,48826.0508689969,63340.002078891244
2004-01-09,48504.679236362324,62923.10004571666
2004-01-12,49276.01125240897,63923.71694244242
2004-01-13,48787.50475290122,63289.99780801167
2004-01-14,48954.63090287795,63506.80360120114
2004-01-15,49083.193502966096,63673.58250737768
2004-01-16,49584.55451910337,64323.97727081275
2004-01-20,49545.99096921479,64273.9503837998
2004-01-21,49340.30708061379,64007.125242308495
2004-01-22,49044.618330548925,63623.540542942486
2004-01-23,48864.637663942674,63390.05912074869
2004-01-26,49610.26355236242,64357.32852882138
2004-01-27,48517.52213046325,62939.76059729873
2004-01-28,47694.76042536991,61872.426107133455
2004-01-29,47874.74109197615,62105.90752932725
2004-01-30,47656.19106421703,61822.39168140938
2004-02-02,48527.32274283759,62655.30532649474
2004-02-03,48474.84094479648,62587.54426129493
2004-02-04,47687.24609724605,61570.65330466102
2004-02-05,47871.03325987177,61807.94726893817
2004-02-06,48737.377505229066,62926.51429762769
2004-02-09,48724.23183834833,62909.54147230828
2004-02-10,48802.99606990252,63011.23669672827
2004-02-11,49328.01578927731,63689.10782088201
2004-02-12,48894.86740059439,63129.854950320274
2004-02-13,48487.93914368577,62604.4557990483
2004-02-17,49144.24346039892,63451.833008969246
2004-02-18,49288.647023872814,63638.27744579996
2004-02-19,48540.44170897314,62672.24367755825
2004-02-20,48382.92807961209,62468.87238108265
2004-02-23,47844.75379310816,61774.016940190864
2004-02-24,47726.64156339573,61621.518153998964
2004-02-25,48015.39528885316,61994.33807914861
2004-02-26,48133.56685355489,62146.913474798064
2004-02-27,48002.30599021226,61977.43803281387
2004-03-01,49632.03983038321,63790.59649537915
2004-03-02,49056.028422610194,63050.26602708577
2004-03-03,48788.08903113671,62705.89143226528
2004-03-04,49243.57539956982,63291.314623356346
2004-03-05,49069.40495497394,63067.45848948383
2004-03-08,47917.34580661027,61586.750855398466
2004-03-09,47770.0162310512,61397.392498610345
2004-03-10,47140.39877857467,60588.163762603566
2004-03-11,46711.747223708764,60037.23056568046
2004-03-12,47569.08061078862,61139.13587410883
2004-03-15,46738.5305657843,60071.654405058754
2004-03-16,46818.86545333688,60174.90646590255
2004-03-17,47555.66774560722,61121.89671421218
2004-03-18,47341.35862071569,60846.45151877081
2004-03-19,46550.968450150656,59830.58635149709
2004-03-22,45961.55326040066,59073.02839768169
2004-03-23,45586.45930648141,58590.93120514053
2004-03-24,46108.91008557296,59244.643051060484
2004-03-25,47341.35862071569,59226.87498856392
2004-03-26,47180.58287489238,59025.73490140758
2004-03-29,47944.162453768644,59981.01868665441
2004-03-30,48104.92911638754,60182.14741017802
2004-03-31,48011.14805857072,60064.821690142984
2004-04-01,49439.51786981845,61600.81327518541
2004-04-02,50724.71303014972,63202.14497308347
2004-04-05,51203.27085640521,63798.420029287845
2004-04-06,50560.622287590755,62997.690649334254
2004-04-07,50505.93464406786,62929.55075917625
2004-04-08,50505.93464406786,62929.55075917625
2004-04-12,50820.429539754645,63321.40614490661
2004-04-13,50082.098453767816,62401.45794713292
2004-04-14,50328.194394731436,62708.08937802589
2004-04-15,49425.86527281986,61583.80236742036
2004-04-16,49343.79517977125,61481.54440263445
2004-04-19,49945.37779984999,62231.10629655596
2004-04-20,48783.229064889965,60783.08838892242
2004-04-21,49207.059074747725,61311.17350023792
2004-04-22,50478.58927719584,62895.47888891529
2004-04-23,50875.10482239298,63389.53063360896
2004-04-26,50505.93464406786,62929.55075917625
2004-04-27,50410.24903667434,62810.32809099224
2004-04-28,49494.190062235655,61668.93391352385
2004-04-29,48728.535240924786,60714.940798036594
2004-04-30,47539.038048871604,59232.84716977818
2004-05-03,48989.9289666801,60776.96493214246
2004-05-04,49199.2899427585,60760.56614684109
2004-05-05,49590.09688779856,61243.208300058715
2004-05-06,49213.26479658687,60777.82493312477
2004-05-07,48808.48615231299,60277.927889512015
2004-05-10,48389.783127723436,59742.90614351426
2004-05-11,49115.54492140823,59742.90614351426
2004-05-12,49213.26479658687,59724.98864692018
2004-05-13,48864.32563033013,59301.517702058285
2004-05-14,48501.41791943412,58843.43626818668
2004-05-17,48040.837652277616,58843.43626818668
2004-05-18,48473.52814907371,58843.43626818668
2004-05-19,48417.68867105657,58843.43626818668
2004-05-20,48641.01819177425,58843.43626818668
2004-05-21,48878.2784019967,58843.43626818668
2004-05-24,49213.26479658687,58843.43626818668
2004-05-25,50190.2711181061,58843.43626818668
2004-05-26,50511.285813462455,58825.78853162719
2004-05-27,50832.27211746791,59199.611374124324
2004-05-28,51013.73701399682,59410.9466323188
2004-06-01,51943.66062725883,60329.38456082871
2004-06-02,51829.780486927564,60197.11974358398
2004-06-03,51203.63752978232,59469.89299838523
2004-06-04,51502.49530011814,59816.99801828288
2004-06-07,52726.347364937414,61238.427331743704
2004-06-08,52797.509184586874,61321.07743248434
2004-06-09,52057.4667881175,60461.56345544113
2004-06-10,52427.50246059683,60891.337254912534
2004-06-14,51687.47936312031,60031.845692469054
2004-06-15,52356.35350694261,60808.70209723838
2004-06-16,52270.98762855277,60709.55485109588
2004-06-17,51787.09754773265,60147.546120512736
2004-06-18,51858.28509937257,60230.22610738635
2004-06-21,51445.58578669119,59750.90109944343
2004-06-22,52199.79042741642,60626.86365692241
2004-06-23,52825.97519904618,61354.138967087245
2004-06-24,52726.347364937414,61238.427331743704
2004-06-25,53124.823319885574,61701.23277968504
2004-06-28,52683.66120924369,61188.84997290583
2004-06-29,53181.75534880419,61767.355848890846
2004-06-30,53708.296203831145,62378.90084487903
2004-07-01,53711.808014683156,62221.58918288201
2004-07-02,53392.80560165027,61852.045914357994
2004-07-06,52247.214254266466,60524.95384981805
2004-07-07,52348.72828102945,60642.551158548
2004-07-08,51768.68933096309,59970.61426803719
2004-07-09,51841.19419972138,60036.589997437244
2004-07-12,51623.70253595085,60036.589997437244
2004-07-13,51551.16816968696,60036.589997437244
2004-07-14,51029.13442562748,60036.589997437244
2004-07-15,50855.1155301062,60036.589997437244
2004-07-16,50275.096245043576,60036.589997437244
2004-07-19,50173.58221828059,60036.589997437244
2004-07-20,51377.139441663814,60036.589997437244
2004-07-21,49883.56602074804,60036.589997437244
2004-07-22,50565.122275078,60036.589997437244
2004-07-23,49608.02654346254,60036.589997437244
2004-07-26,49390.528324690764,60036.589997437244
2004-07-27,50072.07802401948,60036.589997437244
2004-07-28,49854.55686274335,60036.589997437244
2004-07-29,50434.579425306605,60036.589997437244
2004-07-30,50594.11504557958,60036.589997437244
2004-08-02,51695.309497311835,61036.47003342645
2004-08-03,50615.85105338091,61028.12007120346
2004-08-04,50630.656697316736,61028.23459767574
2004-08-05,49684.29196861302,61020.85415863683
2004-08-06,48383.02292045339,61016.02499850526
2004-08-09,48501.3176760084,61016.43839754531
2004-08-10,49107.57370279659,61018.56959258451
2004-08-11,48678.751454011384,61017.01745598178
2004-08-12,48013.35640477523,61014.65728653148
2004-08-13,48087.28770263177,61014.91093980569
2004-08-16,48634.41139123561,61016.79532556356
2004-08-17,49181.51836918039,61018.732476220226
2004-08-18,50053.938431500304,61021.90288569275
2004-08-19,49787.76436957313,61020.89754424027
2004-08-20,50290.561363928464,61022.775332069476
2004-08-23,50408.8394088244,61023.22652489391
2004-08-24,50394.08055473397,61023.16995305443
2004-08-25,51089.05347052365,61025.832249980085
2004-08-26,50867.25289269038,61024.959016586814
2004-08-27,51103.84574593222,61025.882650542095
2004-08-30,50246.204590493624,61022.504082471474
2004-08-31,50305.340270809786,61022.72937688133
2004-09-01,51674.72024498821,62023.96122673996
2004-09-02,52443.70905491135,62029.85965768176
2004-09-03,51478.69520324365,62022.24103965909
2004-09-07,51915.94303532654,62025.571246642525
2004-09-08,51719.952074224864,62024.053076130214
2004-09-09,52157.247619207796,62027.41530702679
2004-09-10,52956.401206148235,62033.54640195739
2004-09-13,53650.01045013886,62044.17532892371
2004-09-14,53725.39683219995,62045.330556245324
2004-09-15,53152.422839828505,62036.55025412092
2004-09-16,53257.98422309976,62038.16788572398
2004-09-17,53423.81722331271,62040.709124704204
2004-09-20,53423.81722331271,62040.709124704204
2004-09-21,53634.926357598066,62043.94417900845
2004-09-22,52700.02616198334,62029.6176890055
2004-09-23,52654.83182145386,62028.92512709266
2004-09-24,52473.887464185806,62026.152320393456
2004-09-27,52021.51464279066,62019.2201208563
2004-09-28,52127.06580186905,62020.83759578296
2004-09-29,52896.07506017792,62032.62195897276
2004-09-30,52986.565983165536,62034.008649562435
2004-10-01,55433.81070709011,63056.07098246891
2004-10-04,55756.29004006278,63063.249816543146
2004-10-05,55833.053976163006,63064.95868748091
2004-10-06,56278.38406626289,63074.87234860028
2004-10-07,55648.80387038087,63060.857026374826
2004-10-08,54635.31028632634,63038.2952633987
2004-10-11,54896.36597606264,63043.74010196798
2004-10-12,54804.22009924461,63043.74010196798
2004-10-13,54681.37975408086,63043.74010196798
2004-10-14,54435.6817104809,63043.74010196798
2004-10-15,54712.081163735565,63043.74010196798
2004-10-18,55495.241291635466,63043.74010196798
2004-10-19,55095.984139944594,63043.74010196798
2004-10-20,55357.008593790444,63043.74010196798
2004-10-21,56201.58542361772,63043.74010196798
2004-10-22,54973.15073608983,63043.74010196798
2004-10-25,54712.081163735565,63043.74010196798
2004-10-26,55003.834792472066,63043.74010196798
2004-10-27,56401.24523535361,63043.74010196798
2004-10-28,56754.40168339951,63043.74010196798
2004-10-29,56662.280101162934,63043.74010196798
2004-11-01,57876.9212946093,64043.44019194099
2004-11-02,58064.4487128576,64046.67932720772
2004-11-03,58455.0675586994,64053.42643273093
2004-11-04,58783.200809500464,64059.09423317732
2004-11-05,59314.49965267748,64068.27128491825
2004-11-08,59377.00290599973,64069.350895004136
2004-11-09,59251.98227272999,64067.19143082511
2004-11-10,59048.86612354235,64063.68303355594
2004-11-11,59830.149726757925,64077.17803762593
2004-11-12,60408.303054160635,64087.1644004195
2004-11-15,60673.90479838899,64091.75210276549
2004-11-16,60298.89234176808,64085.27456425378
2004-11-17,61111.38519176909,64099.30864134496
2004-11-18,61392.68867993862,64104.167557751396
2004-11-19,60439.54408585284,64087.704022457
2004-11-22,61017.69034994293,64097.69026324694
2004-11-23,60923.94606492847,64096.071031123545
2004-11-24,61455.191933260874,64105.24716783729
2004-11-26,61267.68217329411,64102.00833757962
2004-11-29,61252.072252416925,64101.73870956631
2004-11-30,61127.07280908503,64099.579611398156
2004-12-01,63376.78852231484,65120.87104906356
2004-12-02,63614.92679775975,65128.675868353836
2004-12-03,63710.15196657747,65131.79680820745
2004-12-06,63932.43732183861,65139.082058868844
2004-12-07,62837.021349032206,65103.18054870858
2004-12-08,63202.1480457771,65115.147326753075
2004-12-09,63583.17789830617,65127.63531986394
2004-12-10,63392.68450158466,65121.39202892457
2004-12-13,63948.340477622776,65139.60327393521
2004-12-14,64265.865354730326,65150.00993486093
2004-12-15,64027.669667170674,65142.203233927816
2004-12-16,63424.404694980876,65122.43163659305
2004-12-17,63262.53123745939,65117.126344608856
2004-12-20,62829.758716517055,65102.94252088946
2004-12-21,63599.1599957481,65128.15912218921
2004-12-22,63679.25707233071,65130.784249154785
2004-12-23,63727.33971842904,65132.36012503234
2004-12-27,63454.8761748814,65123.430318529776
2004-12-28,64063.92541763169,65143.391491380564
2004-12-29,64144.07990632904,65146.01849998898
2004-12-30,64095.990083716366,65144.44238890607
2004-12-31,63983.79963499171,65140.76542359357
2005-01-03,64310.313973530734,66118.40231045942
2005-01-04,63138.086733364486,66062.35837951877
2005-01-05,62747.337030141345,66043.67672067982
2005-01-06,62437.99290760349,66028.8870450552
2005-01-07,62763.60065067586,66044.45428086171
2005-01-10,62731.07340960683,66042.89916049794
2005-01-11,62291.45994643622,66021.88133585925
2005-01-12,62812.47170045773,66046.79079518685
2005-01-13,61982.13769340154,66007.09270581084
2005-01-14,62568.24037873308,66035.11414849306
2005-01-18,63040.381082972715,66057.68709349552
2005-01-19,61998.40860377045,66007.87061451813
2005-01-20,60809.866714228934,65951.04668371777
2005-01-21,60321.46967928918,65927.69652705881
2005-01-24,59474.82466777492,65887.21861208577
2005-01-25,59767.872365523486,65901.22915916416
2005-01-26,60484.27355082536,65935.48014496207
2005-01-27,60402.86432522287,65931.58798748504
2005-01-28,60109.79111305392,65917.5762205677
2005-01-31,60891.28687458301,65954.9393639829
2005-02-01,62086.35452633319,66963.97993484998
2005-02-02,62185.65915686864,66970.25020101693
2005-02-03,61474.115510065494,66925.3221042022
2005-02-04,62466.94695051771,66988.0111989299
2005-02-07,62334.56794329717,66979.65255940109
2005-02-08,62450.44680784798,66986.96935137683
2005-02-09,61407.92600645523,66921.1427844378
2005-02-10,61474.115510065494,66925.3221042022
2005-02-11,62384.201735728486,66982.78652292062
2005-02-14,62665.489529377555,67000.5475208336
2005-02-15,63079.252648996466,67026.67324000785
2005-02-16,62847.539374702224,67012.04246300981
2005-02-17,62003.63524351494,66958.75689623022
2005-02-18,61805.03709614588,66946.21706563472
2005-02-22,61043.89299801694,66898.15711051555
2005-02-23,61126.59005343151,66903.3787456586
2005-02-24,61904.31949927765,66952.48592832492
2005-02-25,62251.844955911634,66974.42928686854
2005-02-28,61589.92398783796,66932.634451835
2005-03-01,63268.08223422719,67975.17356352248
2005-03-02,63234.47685840242,67972.55419102093
2005-03-03,62713.220892862366,67931.92487178564
2005-03-04,63083.13221781524,67960.75762633204
2005-03-07,63991.06455579064,68031.52645247952
2005-03-08,63352.15589847697,67981.72668899232
2005-03-09,63167.183297807074,67967.30899147088
2005-03-10,63083.13221781524,67960.75762633204
2005-03-11,62494.714433184534,67914.89337614409
2005-03-14,62780.50692537173,67937.16948455869
2005-03-15,62276.07623200201,67897.85161190515
2005-03-16,61569.956823038796,67842.81310341484
2005-03-17,61721.2487670241,67854.60556066479
2005-03-18,61385.00680662685,67828.39716622439
2005-03-21,61502.69713883037,67836.13239522856
2005-03-22,60746.06803696925,67836.13239522856
2005-03-23,60964.69118197981,67836.13239522856
2005-03-24,60981.51645415014,67836.13239522856
2005-03-28,61099.18043805273,67836.13239522856
2005-03-29,60611.60512919727,67836.13239522856
2005-03-30,61754.936951794676,67836.13239522856
2005-03-31,61485.86810261705,67836.13239522856
2005-04-01,61863.48104340373,68835.83248520156
2005-04-04,62307.786765669654,68842.7103028306
2005-04-05,62478.738033089554,68842.7103028306
2005-04-06,62376.18181093666,68842.7103028306
2005-04-07,63128.09498577056,68842.7103028306
2005-04-08,62615.42099931482,68842.7103028306
2005-04-11,62342.02445991893,68842.7103028306
2005-04-12,62649.647215959594,68842.7103028306
2005-04-13,61624.25715849824,68842.7103028306
2005-04-14,60752.701434266244,68842.7103028306
2005-04-15,59368.460245974,68842.7103028306
2005-04-18,59385.53509561469,68842.7103028306
2005-04-19,59795.68346686289,68842.7103028306
2005-04-20,59300.08433004784,68842.7103028306
2005-04-21,60872.29807324631,68842.7103028306
2005-04-22,59966.56204278757,68842.7103028306
2005-04-25,60462.165005470786,68842.7103028306
2005-04-26,59898.235863147616,68842.7103028306
2005-04-27,59983.659847637275,68842.7103028306
2005-04-28,59385.53509561469,68842.7103028306
2005-04-29,59778.58566201318,68842.7103028306
2005-05-02,61017.555547309705,69842.5903388198
2005-05-03,61330.26339083525,69844.63967728644
2005-05-04,62077.357264226586,69849.53577517661
2005-05-05,62129.462272832345,69849.87724661922
2005-05-06,62303.276584534746,69851.01634294314
2005-05-09,62598.601830011685,69852.95176413022
2005-05-10,62146.8487604755,69849.99118938933
2005-05-11,62459.5760519738,69852.04065530872
2005-05-12,62285.851200946076,69850.90214526751
2005-05-13,62963.426350926646,69855.34265051111
2005-05-16,63380.43756193293,69858.0755436362
2005-05-17,63762.64857049104,69860.5803727872
2005-05-18,64631.311721575184,69866.27317789881
2005-05-19,65169.95055419254,69869.80316060362
2005-05-20,65430.580616274194,69871.51120606154
2005-05-23,65760.62827230828,69873.67418141165
2005-05-24,65969.14943618963,69875.0407299364
2005-05-25,65691.12899687028,69873.21871621783
2005-05-26,66351.34877596408,69877.54548261575
2005-05-27,66386.12175125041,69877.77336815598
2005-05-31,66160.26077486051,69876.29318274773
2005-06-01,67698.56080150537,70879.52300052003
2005-06-02,68174.69246699083,70889.62826737715
2005-06-03,67187.15866157919,70868.66916434432
2005-06-06,67204.78995090674,70869.0433652148
2005-06-07,66640.5255261405,70857.06759673818
2005-06-08,66499.41204523512,70854.0726491532
2005-06-09,66922.65773852362,70863.0554809765
2005-06-10,66217.27588495918,70848.08468112607
2005-06-13,66534.65093653327,70854.82054816124
2005-06-14,66270.17370083461,70849.20736752634
2005-06-15,66481.75706855067,70853.6979455498
2005-06-16,66834.4302298152,70861.18296842532
2005-06-17,66843.25771815743,70861.37032022701
2005-06-20,66843.25771815743,70861.37032022701
2005-06-21,66807.98724371672,70860.62175090841
2005-06-22,66737.36733697893,70859.1229364948
2005-06-23,65996.0557108731,70843.3895745928
2005-06-24,65254.700657946254,70827.6552910138
2005-06-27,64954.64896005985,70820.8735162852
2005-06-28,65572.44286355248,70820.8735162852
2005-06-29,65431.21489375536,70820.8735162852
2005-06-30,64919.35085036942,70820.8735162852
2005-07-01,65830.84317109811,71820.7535522744
2005-07-05,66511.89303182745,71824.8904921904
2005-07-06,66189.27928386162,71822.93082114667
2005-07-07,66422.24090936378,71824.34591320234
2005-07-08,67694.80075390651,71832.07589586581
2005-07-11,68322.13310251758,71835.88653644182
2005-07-12,68644.70275401825,71837.84593962788
2005-07-13,68806.02365869461,71838.82586037718
2005-07-14,69487.10558958045,71842.96299509877
2005-07-15,69702.16805899247,71844.26936129227
2005-07-18,69415.37266705475,71842.52726372637
2005-07-19,70221.90503258455,71847.42642916036
2005-07-20,70723.75487639515,71850.47484421838
2005-07-21,70741.67407633312,71850.58369183404
2005-07-22,70652.10212926067,71850.03959985991
2005-07-25,70383.23395480005,71848.40639861107
2005-07-26,70652.10212926067,71850.03959985991
2005-07-27,71189.75830279072,71853.30551534367
2005-07-28,71530.28724192495,71855.37400965237
2005-07-29,70938.83338088541,71851.78130781466
2005-08-01,72064.01597565888,72852.24362330565
2005-08-02,72845.51918802065,72867.76621556714
2005-08-03,72809.16036937683,72867.04403924337
2005-08-04,72100.33414267184,72852.9649921872
2005-08-05,71755.02292946957,72846.10625497274
2005-08-08,71227.9664050052,72835.63760507008
2005-08-09,71700.53348346087,72845.02395941774
2005-08-10,71082.52300010373,72832.74873828655
2005-08-11,71664.1584041647,72844.30146011709
2005-08-12,71264.27644169198,72836.35881246318
2005-08-15,71700.53348346087,72845.02395941774
2005-08-16,70537.31145729596,72821.91948468734
2005-08-17,70955.3077864812,72830.22192859558
2005-08-18,70591.84155493553,72823.00258768456
2005-08-19,70555.45021498701,72822.27976540702
2005-08-22,70591.84155493553,72823.00258768456
2005-08-23,70391.87618272065,72819.03077939227
2005-08-24,69973.8554625569,72810.7278510187
2005-08-25,70137.42136449707,72813.976675545
2005-08-26,69901.17847690011,72809.28430581339
2005-08-29,70446.43067133873,72820.11436685482
2005-08-30,70191.97585311516,72815.06026300754
2005-08-31,70846.22320022354,72828.05523813583
2005-09-01,71736.94439817914,73825.59073699887
2005-09-02,71460.4653895751,73816.32279509342
2005-09-06,72511.05593944715,73851.53997932661
2005-09-07,72640.08552329674,73855.8652215692
2005-09-08,72621.64094670581,73855.24693497602
2005-09-09,73027.16602961683,73868.84067190597
2005-09-12,73229.88322231451,73875.63602022063
2005-09-13,73045.60236097907,73869.45868210818
2005-09-14,72216.13235425217,73841.653750828
2005-09-15,72179.28442721377,73840.41855959647
2005-09-16,72621.64094670581,73855.24693497602
2005-09-19,72050.25484336418,73836.0933173539
2005-09-20,71755.33125816922,73826.20708885527
2005-09-21,70962.76689508157,73799.63928354338
2005-09-22,71220.81781755206,73808.28949163758
2005-09-23,71423.53501024976,73815.08483995224
2005-09-26,71442.02081298416,73815.70450850025
2005-09-27,71276.13505686748,73810.14379863518
2005-09-28,71294.56314300103,73810.76153244643
2005-09-29,72252.98852651926,73842.88921845048
2005-09-30,72732.23419919316,73858.95416701639
2005-10-03,73916.25637664509,74864.83297705668
2005-10-04,73430.46522792183,74842.19864592822
2005-10-05,72421.50473641306,74795.18843192916
2005-10-06,71468.57810290814,74750.78898780474
2005-10-07,71636.71311000914,74758.62285516731
2005-10-10,71244.35908816905,74740.34201395963
2005-10-11,70889.32475248456,74723.79999845158
2005-10-12,70048.54105943868,74684.62559898832
2005-10-13,70590.39949925528,74708.88555810758
2005-10-14,71113.56884204077,74708.88555810758
2005-10-17,71337.78785677986,74708.88555810758
2005-10-18,70833.29089448073,74708.88555810758
2005-10-19,72253.34465449494,74708.88555810758
2005-10-20,71580.73775991194,74708.88555810758
2005-10-21,72029.09220666635,74708.88555810758
2005-10-24,73168.8763773929,74708.88555810758
2005-10-25,72888.6485794671,74708.88555810758
2005-10-26,72514.93350502387,74708.88555810758
2005-10-27,71057.50155094743,74708.88555810758
2005-10-28,71599.36834903642,74708.88555810758
2005-10-31,72627.0430123934,74708.88555810758
2005-11-01,73570.69252781782,75708.58564808058
2005-11-02,74536.6953404689,75721.71197686098
2005-11-03,75654.26206587645,75736.89780042134
2005-11-04,75919.47137461268,75740.50154208389
2005-11-07,76014.14480208672,75741.787992309
2005-11-08,76033.11677059243,75742.04578896648
2005-11-09,76070.99292031131,75742.56046116787
2005-11-10,76904.4376823579,75753.88555238256
2005-11-11,77112.80734628112,75756.71694032544
2005-11-14,77112.80734628112,75756.71694032544
2005-11-15,76752.9076632477,75751.82651815939
2005-11-16,77226.46968908401,75758.26141748641
2005-11-17,78249.37146042909,75772.16090596086
2005-11-18,78514.53840210747,75775.76407192743
2005-11-21,78703.95304434812,75778.33789349122
2005-11-22,78988.08348112064,75782.19874097608
2005-11-23,79177.48964994971,75784.77244740065
2005-11-25,79347.95774391935,75787.08881772454
2005-11-28,78684.99802266553,75778.08032711213
2005-11-29,78306.16873818425,75772.93268398457
2005-11-30,78116.76256935518,75770.35897755998
2005-12-01,80574.93167902873,76789.87717118434
2005-12-02,80766.76882829615,76794.83170841301
2005-12-05,80172.19292565815,76779.4757231091
2005-12-06,80440.72546726429,76786.41105591394
2005-12-07,80287.29178327354,76782.4483568102
2005-12-08,79711.89187368589,76767.58762579788
2005-12-09,80018.72492221674,76775.51213764421
2005-12-12,80306.40771728524,76782.94205996979
2005-12-13,80632.52829708107,76791.36470678146
2005-12-14,80364.03865478824,76784.43048192807
2005-12-15,80498.24486655266,76787.89659719847
2005-12-16,79942.59580081374,76773.545967027
2005-12-19,78673.68559222859,76740.77409311054
2005-12-20,78731.38516863287,76742.26428779111
2005-12-21,79077.419609668,76751.20124565907
2005-12-22,79596.56135977863,76764.60900915904
2005-12-23,79596.56135977863,76764.60900915904
2005-12-27,78904.38951935644,76746.73243433966
2005-12-28,78808.25215822483,76744.24951517301
2005-12-29,78289.1790470155,76730.84352439534
2005-12-30,77693.16172745024,76715.4503119232
2006-01-03,80423.22277957741,77759.84006622236
2006-01-04,81260.3499271512,77791.5975208043
2006-01-05,81610.73988718273,77804.88999766867
2006-01-06,83090.3601223123,77861.02122283778
2006-01-09,83421.32403412706,77873.5767485165
2006-01-10,83479.72380877515,77875.792216258
2006-01-11,84122.16476918901,77900.16400933753
2006-01-12,83713.33159522447,77884.6544168086
2006-01-13,83674.37524450713,77883.17655942198
2006-01-17,83129.27303374471,77862.49743230136
2006-01-18,82175.38977615969,77826.31069015947
2006-01-19,82778.89176157016,77849.20528502158
2006-01-20,80306.3884788533,77755.40781240092
2006-01-23,80325.85796635499,77756.14641150962
2006-01-24,80676.31742924241,77769.44152505088
2006-01-25,80325.85796635499,77756.14641150962
2006-01-26,80890.43835247608,77777.56446732355
2006-01-27,81980.66883757182,77818.92371031862
2006-01-30,82136.3986740144,77824.83151443441
2006-01-31,81766.49578719625,77810.79879053829
2006-02-01,83058.22081398065,78821.57720797262
2006-02-02,81639.47177449898,78751.32675870042
2006-02-03,80634.47507364175,78701.5635745237
2006-02-06,80417.71918333646,78690.83073999653
2006-02-07,80063.02532819168,78673.2678011084
2006-02-08,80989.14254768909,78719.12520713151
2006-02-09,80220.63479802581,78681.07195516051
2006-02-10,80713.29299910754,78705.46630468992
2006-02-13,79787.12301741524,78659.60628610618
2006-02-14,80595.08809515672,78699.61329800752
2006-02-15,81107.41780123308,78724.98169722808
2006-02-16,81856.20128370682,78762.05828694729
2006-02-17,81205.90723169352,78729.85847708545
2006-02-21,80299.44392979245,78684.97424989995
2006-02-22,81304.44942434883,78734.73786950346
2006-02-23,81087.6847403444,78724.00459954952
2006-02-24,81304.44942434883,78734.73786950346
2006-02-27,82210.8775514533,78779.62035498186
2006-02-28,80989.14254768909,78719.12520713151
2006-03-01,83092.39911857294,79773.4687445528
2006-03-02,83152.23020314083,79777.1155222141
2006-03-03,82673.53702266693,79747.93858835478
2006-03-06,81955.48390077686,79704.17237379514
2006-03-07,81476.79962108913,79674.99598244962
2006-03-08,81516.69294465848,79677.427529233
2006-03-09,80818.61318691158,79634.8787156064
2006-03-10,80898.38203247798,79639.74072414561
2006-03-13,81137.69746996337,79654.32729227703
2006-03-14,82513.94592681716,79738.21131619366
2006-03-15,83212.01678377792,79780.75958730647
2006-03-16,82513.94592681716,79738.21131619366
2006-03-17,82731.49004135505,79751.47089560749
2006-03-20,82931.15247649739,79763.6405648277
2006-03-21,82052.87630294017,79710.10855962822
2006-03-22,82252.49423415172,79722.27551627951
2006-03-23,82012.97407858465,79707.67647033105
2006-03-24,82432.11209886162,79733.22344445638
2006-03-27,82452.06766143246,79734.43976036186
2006-03-28,82112.76969301119,79713.759134886
2006-03-29,83669.59729948016,79808.64967846828
2006-03-30,83929.06411683191,79824.46449780843
2006-03-31,83689.56176283715,79809.86653688754
2006-04-03,84789.0574672367,80815.64929141552
2006-04-04,85253.59258576261,80849.1065121867
2006-04-05,86061.51890920952,80907.29580357159
2006-04-06,86303.87879227875,80924.75129356695
2006-04-07,85475.74980725445,80865.10694554241
2006-04-10,85354.61490063196,80856.38244409498
2006-04-11,84667.86851871967,80806.92089770778
2006-04-12,84688.07118029705,80808.37595434743
2006-04-13,85031.43536427077,80833.10607883098
2006-04-17,84142.77045037372,80769.1017505679
2006-04-18,85758.51501347845,80885.47254881708
2006-04-19,86142.30253457179,80913.11408400002
2006-04-20,85839.3346667704,80891.29342408571
2006-04-21,84829.48080435631,80818.5607021149
2006-04-24,84748.6431370995,80812.73852942618
2006-04-25,84566.88223178001,80799.6475606397
2006-04-26,84546.72460511475,80798.1957475503
2006-04-27,85354.61490063196,80856.38244409498
2006-04-28,84526.50392957251,80796.73939349056
2006-05-01,84698.0660275388,81736.79448672899
2006-05-02,84922.9678585778,81755.45594690811
2006-05-03,84800.27673202801,81745.27552480188
2006-05-04,85495.1983248915,81802.93735695741
2006-05-05,86169.69418306976,81858.90434282066
2006-05-08,86251.44269462352,81865.6875094406
2006-05-09,85924.47599209617,81838.55711183144
2006-05-10,85168.22250780162,81775.80620305806
2006-05-11,83267.38048700387,81618.0818861236
2006-05-12,82143.29060168639,81524.80937457622
2006-05-15,82081.93136656766,81517.67477934653
2006-05-16,81468.77651438302,81517.67477934653
2006-05-17,80365.10324918822,81517.67477934653
2006-05-18,79813.25294474699,81517.67477934653
2006-05-19,80426.43514061927,81517.67477934653
2006-05-22,79649.77415076458,81517.67477934653
2006-05-23,78873.07670265967,81517.67477934653
2006-05-24,79404.44658504034,81517.67477934653
2006-05-25,80446.85176074196,81517.67477934653
2006-05-26,80712.54125921358,81517.67477934653
2006-05-30,78975.23271977356,81517.67477934653
2006-05-31,79343.13292273438,81517.67477934653
2006-06-01,82223.24018425733,82517.55481533574
2006-06-02,82016.33966164694,82516.54858658287
2006-06-05,80236.97117766144,82507.89490263877
2006-06-06,80174.8844127379,82507.59295324178
2006-06-07,79574.8322994912,82504.67469241792
2006-06-08,79450.69567662284,82504.07097311533
2006-06-09,78933.49973056493,82501.55567047025
2006-06-12,77381.6950638913,82493.94870802305
2006-06-13,77071.35812009271,82493.24128551589
2006-06-14,77857.55980717391,82495.01709684233
2006-06-15,79967.95620989348,82499.89490894004
2006-06-16,79379.96345193808,82498.45666490008
2006-06-19,78738.12341205463,82496.90969456836
2006-06-20,78841.67516755125,82497.15513478278
2006-06-21,80083.91793697908,82500.10765618057
2006-06-22,79069.39122615027,82497.61809968617
2006-06-23,78986.63655315292,82497.42014396422
2006-06-26,79193.63856995474,82497.91423723618
2006-06-27,77702.928793152,82494.33676187693
2006-06-28,78282.62670764385,82495.67315331374
2006-06-29,80663.6343049603,82501.25235210646
2006-06-30,80270.21513872838,82500.27195682313
2006-07-03,81746.13520165403,83501.26765689107
2006-07-05,79964.54904625106,83492.5159428992
2006-07-06,79880.67639992035,83492.12181060512
2006-07-07,79000.31719525055,83487.99408503603
2006-07-10,78308.62707517676,83484.8281558672
2006-07-11,78895.53009796378,83487.46139577134
2006-07-12,77407.320726126,83480.66895835004
2006-07-13,76107.7524159486,83474.99392912346
2006-07-14,75332.19899052265,83471.74833371483
2006-07-17,75520.85873414013,83472.51644480578
2006-07-18,75772.35991090047,83473.54747622942
2006-07-19,76757.53423579267,83477.62280555295
2006-07-20,75625.67852485178,83472.77919330275
2006-07-21,74829.16394357706,83469.49975971438
2006-07-24,76317.33595150067,83475.45017464737
2006-07-25,76757.53423579267,83477.30810112174
2006-07-26,76694.64609775708,83477.03872262171
2006-07-27,76191.60170983296,83474.88841957392
2006-07-28,77784.62153140387,83481.5838756287
2006-07-31,77763.65103457656,83481.49101885922
2006-08-01,77463.83418975415,84475.56052243135
2006-08-02,78334.42551462215,84481.45639859207
2006-08-03,78822.7878955573,84484.85012912792
2006-08-04,78461.83200823194,84482.30695920768
2006-08-07,77952.19657068931,84478.75228941122
2006-08-08,77463.83418975415,84475.39553539081
2006-08-09,77569.96762675646,84476.11452532296
2006-08-10,78122.09239889322,84479.8668609931
2006-08-11,77569.96762675646,84476.05258734242
2006-08-14,78079.6030642991,84479.51656506164
2006-08-15,80054.44866499233,84493.14411723729
2006-08-16,81944.30613339387,84506.91547201842
2006-08-17,82241.58952900062,84509.0099050929
2006-08-18,82368.9818279552,84510.8867282298
2006-08-21,81583.32658830982,84499.31196316559
2006-08-22,81604.5996449173,84499.62537115933
2006-08-23,80988.70301847547,84490.5515963085
2006-08-24,81222.31865391535,84493.99336816861
2006-08-25,81370.96508327046,84496.1833204665
2006-08-28,81986.79546798799,84505.25611940275
2006-08-29,82241.58952900062,84509.0099050929
2006-08-30,82623.73803655394,84514.63995625448
2006-08-31,82538.83507219348,84513.38911260688
2006-09-01,83984.47445023184,85519.83900548978
2006-09-05,84801.1523729423,85535.61609165571
2006-09-06,83103.37135236747,85502.81731418466
2006-09-07,82716.53298833949,85495.34413285843
2006-09-08,83210.82645348634,85504.8931978864
2006-09-11,83726.60136175349,85514.85725463837
2006-09-12,85273.92608655491,85544.74942489422
2006-09-13,85854.13574707945,85555.95827180173
2006-09-14,85940.13813638849,85557.6197188286
2006-09-15,86247.63019803056,85563.560039507
2006-09-18,86269.13079535782,85563.97540126373
2006-09-19,85688.54762779732,85552.75933871769
2006-09-20,86935.67804381342,85576.34832770943
2006-09-21,86398.13437932139,85576.34832770943
2006-09-22,85731.55839955533,85576.34832770943
2006-09-25,87236.70556060207,85576.34832770943
2006-09-26,87666.78454687173,85576.34832770943
2006-09-27,87559.2911373389,85576.34832770943
2006-09-28,87795.74982242136,85576.34832770943
2006-09-29,87408.71991632367,85576.34832770943
2006-10-02,87311.82250288187,86576.04841768244
2006-10-03,87681.56613617565,86580.28189641275
2006-10-04,89835.05032429149,86604.93879023196
2006-10-05,90270.12033828223,86609.92024084956
2006-10-06,90074.2768285997,86607.67787814727
2006-10-09,90378.78127345904,86611.16438332145
2006-10-10,90531.0383399033,86612.90769137137
2006-10-11,90357.0607120587,86610.91568793789
2006-10-12,91792.70069075396,86627.35343227455
2006-10-13,92292.9614530333,86633.08130181987
2006-10-16,92379.97933104311,86634.07763631367
2006-10-17,91357.65974085072,86622.372314434
2006-10-18,90922.61879094748,86617.39119659345
2006-10-19,91140.11504582618,86619.88147819952
2006-10-20,91357.65974085072,86622.372314434
2006-10-23,92292.9614530333,86633.08130181987
2006-10-24,91662.13512162256,86625.85848683112
2006-10-25,92292.9614530333,86633.08130181987
2006-10-26,93141.27435129357,86642.794287489
2006-10-27,91814.43094018349,86627.60223858379
2006-10-30,92401.69989244347,86634.32633169722
2006-10-31,92619.24458746803,86636.8171679317
2006-11-01,92357.35983082373,87622.07240440701
2006-11-02,92445.33971400664,87624.0211669704
2006-11-03,92203.39748376426,87618.6621241558
2006-11-06,93544.80912358359,87648.37451625284
2006-11-07,94182.50902049133,87662.49962804903
2006-11-08,94622.32029002394,87672.24148841549
2006-11-09,94182.50902049133,87662.49962804903
2006-11-10,94622.32029002394,87672.24148841549
2006-11-13,95589.8345658902,87693.67201926126
2006-11-14,96601.40244462372,87716.07834149187
2006-11-15,96997.27763979827,87724.84701374084
2006-11-16,97415.02293172752,87734.10011065907
2006-11-17,97415.02293172752,87734.10011065907
2006-11-20,97612.91155910263,87738.48336208881
2006-11-21,97744.84710472847,87741.4057466476
2006-11-22,98360.57896445718,87755.04426438504
2006-11-24,98184.6877563884,87751.14825783088
2006-11-27,95963.70254771598,87701.95322969567
2006-11-28,96249.58085231643,87708.28546062777
2006-11-29,96909.25858044563,87722.89738342166
2006-11-30,96843.30549869637,87721.43651655069
2006-12-01,97007.3778882168,88702.62737554197
2006-12-04,98340.49120204836,88745.58992449593
2006-12-05,98695.99600255674,88757.04685935416
2006-12-06,98340.49120204836,88745.58992449593
2006-12-07,97096.26398436885,88705.49192817799
2006-12-08,97540.5856088546,88719.81118322197
2006-12-11,97896.11020141288,88731.26875592314
2006-12-12,97318.39016052437,88712.65043947483
2006-12-13,97496.17224885343,88718.37986366836
2006-12-14,98584.90322640412,88753.46664694134
2006-12-15,98838.51855396866,88761.63996635306
2006-12-18,97859.70272560089,88730.09544383809
2006-12-19,97548.21544409543,88720.0570716747
2006-12-20,97192.31480258882,88708.5873799577
2006-12-21,96502.68061547636,88686.36238061462
2006-12-22,95501.58883493331,88654.09996587256
2006-12-26,95902.04138079046,88667.00544204374
2006-12-27,96391.44929497434,88682.77770330122
2006-12-28,95924.28764489086,88667.72237750642
2006-12-29,96013.29249334238,88670.59075720007
2007-01-03,97190.94290406871,89676.02569303158
2007-01-04,99034.0951110898,89753.77295175946
2007-01-05,98562.01833200114,89733.8599595804
2007-01-08,98629.48072643724,89736.70563679286
2007-01-09,99123.93498273769,89757.56254858086
2007-01-10,100292.79320819858,89806.86695356973
2007-01-11,101326.74664253279,89850.4808476722
2007-01-12,101843.69836251801,89872.28674030027
2007-01-16,101776.29596131842,89869.44359370338
2007-01-17,100944.59972494675,89834.3612482379
2007-01-18,99079.01004747736,89755.66753928552
2007-01-19,99281.3472364219,89764.2024620766
2007-01-22,98202.41887246363,89718.69144983249
2007-01-23,97955.14674938604,89708.26109597682
2007-01-24,99573.55429363257,89776.52824699688
2007-01-25,98292.34873396625,89722.48484257725
2007-01-26,97932.68928119224,89707.31380221379
2007-01-29,98022.58914607663,89711.10592965076
2007-01-30,98067.5240802097,89713.00136071535
2007-01-31,99056.58257590183,89754.72151083028
2007-02-01,99898.88041106338,90747.7821090768
2007-02-02,100262.1451005801,90766.58711749344
2007-02-05,100171.3466031031,90761.88678036036
2007-02-06,100035.1589568317,90754.83679750135
2007-02-07,100943.28533081917,90801.84748860083
2007-02-08,100920.56045658966,90800.67109721602
2007-02-09,99626.45461880007,90733.67952915569
2007-02-12,99240.44485516562,90713.69708367299
2007-02-13,99581.00487034104,90731.32674638607
2007-02-14,101261.16087154149,90818.30285129156
2007-02-15,101851.47230447124,90848.86131674402
2007-02-16,101510.95268907222,90831.2337453934
2007-02-20,102282.85101701187,90871.19236227142
2007-02-21,102600.73665767831,90887.64824780276
2007-02-22,103122.91386769594,90914.67963046324
2007-02-23,102759.65927812332,90895.8751448872
2007-02-26,102260.14634267057,90870.01701656784
2007-02-27,98059.88258897074,90652.58328981177
2007-02-28,98377.70762997256,90669.03603829943
2007-03-01,98923.33443300772,91645.23025988207
2007-03-02,97432.46415405859,91553.76634238489
2007-03-05,96675.56078166902,91507.33081504016
2007-03-06,98281.07257755131,91605.82791469584
2007-03-07,97891.22407982091,91581.91096408229
2007-03-08,98556.32037056536,91622.71418695372
2007-03-09,98464.57450724542,91617.08563818465
2007-03-12,99106.79555048504,91656.48547956806
2007-03-13,97180.14262382034,91538.28658136855
2007-03-14,98602.18309917113,91625.52783538753
2007-03-15,98372.87965919643,91611.46021916914
2007-03-16,98297.14238790818,91606.8137870614
2007-03-19,99306.99987989607,91668.76788436637
2007-03-20,100018.41803668506,91712.41292345349
2007-03-21,101946.27492374476,91830.68568383658
2007-03-22,101579.06700327268,91808.15771784476
2007-03-23,101257.74221751477,91788.44465218819
2007-03-26,101670.88428797199,91813.79064826878
2007-03-27,100959.37430369524,91770.1399756253
2007-03-28,99880.72782032579,91703.96571864495
2007-03-29,99995.47136780088,91711.00516031052
2007-03-30,99903.67448920997,91705.37348178792
2007-04-02,101041.07499859645,92713.52140252019
2007-04-03,102362.35271602949,92806.85164222063
2007-04-04,102779.54081988902,92836.32028853144
2007-04-05,103289.4740313154,92872.34011103031
2007-04-09,103034.54864565002,92854.33311141474
2007-04-10,103567.70935401593,92891.99363959448
2007-04-11,102478.19135538046,92815.03406127951
2007-04-12,103289.4740313154,92872.34011103031
2007-04-13,103498.18143837665,92887.08244117883
2007-04-16,104448.54055561405,92954.21234357785
2007-04-17,104680.26935937577,92970.58082123795
2007-04-18,104332.54734108379,92946.01900589198
2007-04-19,104657.11399751992,92968.94521091632
2007-04-20,105236.61634463338,93009.8791434647
2007-04-23,105398.87906282753,93021.34079015994
2007-04-24,105932.01916116953,93058.99986252275
2007-04-25,107345.98015609769,93158.87691096048
2007-04-26,107902.3065313314,93198.17377737029
2007-04-27,107948.64817007896,93201.44718173893
2007-04-30,106534.67687013885,93101.56940539274
2007-05-01,107441.68337760477,94094.72195872002
2007-05-02,108611.54220567926,94187.4726889748
2007-05-03,109009.33810280511,94219.01141746523
2007-05-04,109102.8606536264,94226.4262308391
2007-05-07,109102.8606536264,94226.4262308391
2007-05-08,109336.86986570808,94244.9793457843
2007-05-09,109570.87907778978,94263.5324607295
2007-05-10,108073.42607603432,94144.80885399858
2007-05-11,109453.85886905443,94254.25466621763
2007-05-14,108705.15837266753,94194.89492458428
2007-05-15,107862.83130749603,94128.1121226486
2007-05-16,108915.72193581682,94211.58918185573
2007-05-17,108400.9890443263,94170.7792563962
2007-05-18,109290.12419299193,94241.27317613663
2007-05-21,109991.96459690304,94296.917676501
2007-05-22,110085.58076389131,94304.3399121105
2007-05-23,109570.87907778978,94263.5324607295
2007-05-24,108003.22435258944,94139.2430019843
2007-05-25,108681.78553630946,94193.04183976045
2007-05-29,109524.05019070297,94259.81969353906
2007-05-30,110413.13333038696,94330.30948981528
2007-05-31,110927.93903445182,94371.12518812472
2007-06-01,111997.82004427703,95376.38948072631
2007-06-04,112328.34369070953,95405.31098416097
2007-06-05,112328.34369070953,95405.31098416097
2007-06-06,111124.2812695858,95299.95302921909
2007-06-07,109400.86053142711,95149.15014616975
2007-06-08,110746.54895550269,95266.90066961624
2007-06-11,110534.12044655459,95248.31273523552
2007-06-12,109873.09414464899,95190.47156511864
2007-06-13,111077.06210645549,95295.82125467468
2007-06-14,111808.96438271517,95359.86421930109
2007-06-15,112841.4362063689,95450.2076416743
2007-06-18,112865.12450403174,95452.28041676803
2007-06-19,112841.4362063689,95450.2076416743
2007-06-20,111778.25460913898,95357.17705052649
2007-06-21,112794.15407036046,95446.07035687266
2007-06-22,111730.98296861022,95353.04068410106
2007-06-25,111258.42399551791,95311.69079548982
2007-06-26,110620.56121729058,95255.87648165645
2007-06-27,112321.6475746666,95404.72506014245
2007-06-28,112274.4074205769,95400.59144884562
2007-06-29,112463.36803693567,95417.12589403288
2007-07-02,114479.05155196768,96505.72663736169
2007-07-03,115146.44117182301,96569.44269315049
2007-07-05,115980.6967255371,96649.08953185033
2007-07-06,116457.3446069111,96694.59536846766
2007-07-09,116528.86614137911,96701.42356888416
2007-07-10,115551.64163430873,96608.12740520667
2007-07-11,116338.20910641752,96683.22143640452
2007-07-12,118125.80277463947,96853.88399168494
2007-07-13,118936.20369961092,96931.2534157973
2007-07-16,118817.03643529744,96919.87645122473
2007-07-17,119722.72881995984,97006.34340364923
2007-07-18,119579.74927866358,96992.6930678351
2007-07-19,119937.2298957241,97026.82193987985
2007-07-20,119293.6949046114,96965.38329867853
2007-07-23,119341.37239827677,96966.51701931376
2007-07-24,117577.58041909762,96966.51701931376
2007-07-25,117744.44635295638,96966.51701931376
2007-07-26,116743.4201568432,96966.51701931376
2007-07-27,114383.70715257693,96966.51701931376
2007-07-30,115718.49698022754,96966.51701931376
2007-07-31,113287.3047932531,96966.51701931376
2007-08-01,115168.89557884571,97966.39705530296
2007-08-02,116226.82475868682,97970.07031062405
2007-08-03,114014.82985775059,97962.39000253263
2007-08-06,115337.22264141243,97966.98150678615
2007-08-07,116154.69832128118,97969.81987909703
2007-08-08,117428.99613268807,97974.2443919147
2007-08-09,114712.09480860992,97964.81098896514
2007-08-10,113678.19709391952,97961.22117373525
2007-08-13,114447.55644023095,97963.89248044133
2007-08-14,112500.05718506897,97957.13053253578
2007-08-15,110360.18872153839,97949.64065597138
2007-08-16,109278.2173958954,97947.84413529879
2007-08-17,111345.94874136914,97951.20324487386
2007-08-20,111874.92935226647,97952.09889317238
2007-08-21,113053.01585786112,97954.11339990719
2007-08-22,114591.81999569344,97956.80124024196
2007-08-23,114279.28278092013,97956.24084637423
2007-08-24,115890.24539811164,97959.11458268334
2007-08-27,115120.81128724194,97957.70590356813
2007-08-28,112379.80373345484,97952.74780825594
2007-08-29,115601.69692588433,97958.31434715418
2007-08-30,116202.79329353612,97959.4113226622
2007-08-31,117501.14393139607,97961.80288290411
2007-09-04,120448.3753184846,98965.28042816154
2007-09-05,119236.16416887015,98960.94804544834
2007-09-06,119139.1153330298,98960.60749107467
2007-09-07,116932.84020613988,98952.87714072948
2007-09-10,116860.16397217575,98952.63143658233
2007-09-11,118629.97243373813,98958.6073674142
2007-09-12,118654.26964533018,98958.6918645146
2007-09-13,119236.16416887015,98960.71627066626
2007-09-14,119333.11607434512,98961.05667335927
2007-09-17,118339.09517723204,98957.56136645084
2007-09-18,121321.20094873366,98967.77052220402
2007-09-19,121636.38618687239,98969.90219222153
2007-09-20,121296.94681730402,98967.60648595323
2007-09-21,122160.4994425971,98973.44689031588
2007-09-24,122718.3875456412,98977.2200154451
2007-09-25,123882.80125507593,98985.09521228816
2007-09-26,124489.27301126352,98989.19691980073
2007-09-27,125119.96658875897,98993.46244504333
2007-09-28,124707.53865404909,98990.67310037735
2007-10-01,127138.43712914226,100000.23265912804
2007-10-02,127162.85091810023,100000.47326391813
2007-10-03,126282.65186791398,99991.7986535138
2007-10-04,126576.04069591191,99994.69008333224
2007-10-05,129143.30963641677,100019.99124431089
2007-10-08,129950.14791035667,100027.94286353185
2007-10-09,130512.49006659955,100033.4849044126
2007-10-10,130830.33610514541,100036.61736695317
2007-10-11,128752.11367702205,100016.13589756997
2007-10-12,130879.2505262413,100037.09943239742
2007-10-15,129876.76542331534,100027.21965838246
2007-10-16,129265.56312296403,100021.19608697249
2007-10-17,130928.11067034975,100037.58096292662
2007-10-18,131490.4636819901,100043.12311079039
2007-10-19,128214.20702053212,100010.83467544531
2007-10-22,129754.54450296056,100026.01513666988
2007-10-23,132468.4264419832,100052.76121018517
2007-10-24,131466.01732683968,100042.88218505128
2007-10-25,129705.61922646718,100025.53296424262
2007-10-26,131857.2132862344,100046.7375317922
2007-10-29,132395.1199427243,100052.03875391684
2007-10-30,132664.0298493793,100054.68893704713
2007-10-31,134546.64887010655,100073.24267956837
2007-11-01,133028.0270068631,101048.30394097221
2007-11-02,134062.75612199763,101061.53523319757
2007-11-05,133200.50191163944,101050.50941275536
2007-11-06,134703.2287581184,101069.72508741826
2007-11-07,131426.80713498546,101027.82881590615
2007-11-08,127435.94193394708,100976.79680865457
2007-11-09,123174.1306779198,100922.30015893916
2007-11-12,120045.47593686743,100882.29341268486
2007-11-13,124997.1211864418,100945.6111103655
2007-11-14,123395.80287622675,100925.13472654835
2007-11-15,122730.69878056154,100916.62990483093
2007-11-16,123863.89904590862,100931.12036773698
2007-11-19,122435.07751565601,100912.84973542545
2007-11-20,122927.78326969623,100919.15006438833
2007-11-21,121474.35215508527,100900.56474430255
2007-11-23,122779.96169965042,100917.25983982436
2007-11-26,120661.41555178119,100890.16955815993
2007-11-27,123075.59390214898,100921.04014909107
2007-11-28,126820.0679445916,100968.9215023469
2007-11-29,127362.04755531375,100975.85190616443
2007-11-30,126401.27844437081,100963.56635559662
2007-12-03,126341.68358522312,101949.90097103114
2007-12-04,125820.29737761927,101941.63643073196
2007-12-05,128079.94630577805,101977.45433185097
2007-12-06,129917.45453595089,102006.58084228961
2007-12-07,129942.2052767965,102006.9731685387
2007-12-10,130463.69070786031,102015.23928163799
2007-12-11,127434.33232630411,101967.22064581697
2007-12-12,128576.5045987341,101985.32532261209
2007-12-13,127881.22376513567,101974.3043627464
2007-12-14,126565.17891636888,101953.44361589591
2007-12-17,123486.13163103041,101904.63735673208
2007-12-18,123883.4113398819,101910.93467360768
2007-12-19,123858.59445006298,101910.54129882519
2007-12-20,126391.4165883209,101950.68929339622
2007-12-21,128884.5383177659,101990.20799316862
2007-12-24,129853.95152157641,102005.57425022068
2007-12-26,130500.24904044118,102015.81877109988
2007-12-27,128934.23824637703,101990.99579126699
2007-12-28,128809.91125104699,101989.02507273207
2007-12-31,127318.5605981884,101965.38553760243
2008-01-02,126304.78516416371,102933.34978953979
2008-01-03,126830.92003568984,102943.28933108061
2008-01-04,121268.63706504938,102837.85456010587
2008-01-07,120692.31685019635,102832.57658639895
2008-01-08,117560.37803697528,102804.18524880306
2008-01-09,120065.93353266669,102825.58650308153
2008-01-10,120241.35997858307,102827.1606915916
2008-01-11,117886.1382571446,102805.95795842474
2008-01-14,119940.6924300772,102823.64209851285
2008-01-15,116633.39384765805,102794.00994519814
2008-01-16,115380.61609981235,102783.4911799724
2008-01-17,113777.06324963858,102770.39264975644
2008-01-18,113626.72947538564,102769.2100969147
2008-01-22,110695.24310302608,102746.23601570223
2008-01-23,110269.27888799876,102743.14713616733
2008-01-24,112524.28550179287,102759.29652331857
2008-01-25,110219.20467253575,102741.70480468628
2008-01-28,111071.06642587204,102747.80476853711
2008-01-29,111271.474415588,102749.27590032377
2008-01-30,111171.24819515724,102748.53600105143
2008-01-31,113075.52415776884,102762.55440479977
2008-02-01,115227.7646623704,103771.3065026692
2008-02-04,113610.15543351532,103755.71159914625
2008-02-05,110374.94818584829,103725.67877596572
2008-02-06,108201.35444608865,103707.14667152625
2008-02-07,108959.56813570799,103713.19473049032
2008-02-08,110198.076124775,103723.31909260737
2008-02-11,111385.94834886114,103733.40396216452
2008-02-12,110754.0718457227,103727.8546697403
2008-02-13,113180.49689904852,103748.79268363636
2008-02-14,111133.22913572664,103729.9353888865
2008-02-15,110754.0718457227,103726.62441061655
2008-02-19,110551.93234735324,103724.87787084848
2008-02-20,111057.40440375175,103729.22022454803
2008-02-21,109995.89178623285,103719.96961290529
2008-02-22,110400.28288340347,103723.38846137594
2008-02-25,110956.26739430802,103728.14490740896
2008-02-26,111385.94834886114,103731.87957565174
2008-02-27,111941.94406980886,103736.77007382637
2008-02-28,111512.36400564422,103732.93432774635
2008-02-29,108555.22187871004,103706.83214526021
2008-03-03,108847.18710344024,104700.92070512443
2008-03-04,109459.44180385306,104706.84579460062
2008-03-05,109995.11233967022,104712.12556410009
2008-03-06,107571.7309611204,104687.86660065368
2008-03-07,107316.66914894067,104685.49327392143
2008-03-10,105250.42408884656,104666.42776773396
2008-03-11,109255.38330294489,104700.79674192272
2008-03-12,108949.27292367168,104697.78637022029
2008-03-13,109791.00858294015,104705.9893317287
2008-03-14,107775.83471785046,104685.85886729728
2008-03-17,105811.61890821044,104667.38908195308
2008-03-18,110530.80550339831,104708.91450591569
2008-03-19,107801.38162930813,104680.96598182702
2008-03-20,110004.48029480173,104701.80390177593
2008-03-24,113808.3339503703,104740.25221480882
2008-03-25,114446.53155068234,104747.36676291001
2008-03-26,114114.70455061937,104743.6138606868
2008-03-27,111587.26872358583,104715.2400739828
2008-03-28,111025.64397391399,104709.30251494603
2008-03-31,111612.81563504352,104715.42048287072
2008-04-01,117386.47317864842,105765.32455204437
2008-04-02,117128.95806587778,105757.89372341812
2008-04-03,117386.47317864842,105765.32455204437
2008-04-04,118081.66242401607,105785.38485875631
2008-04-07,117824.17013351804,105777.95468868712
2008-04-08,116922.99846688824,105751.95057519837
2008-04-09,115609.78207978011,105714.05654320626
2008-04-10,117257.65286101348,105761.60732669932
2008-04-11,114013.43257891895,105667.9924522841
2008-04-14,113498.44799792288,105653.13211214573
2008-04-15,113652.90913881281,105657.58922635164
2008-04-16,116819.96731728014,105748.9775193351
2008-04-17,116562.54349359988,105741.5493249371
2008-04-18,120270.30695427235,105848.54015186951
2008-04-21,121119.94592939365,105873.05724350884
2008-04-22,119317.59118499777,105821.0486872528
2008-04-23,120630.68204960665,105858.93909718105
2008-04-24,121712.172491971,105890.1464700287
2008-04-25,121403.18174337335,105881.23026594568
2008-04-28,121634.87345470826,105887.91593725455
2008-04-29,122561.8342893649,105914.66422022508
2008-04-30,121557.69993994477,105885.68902654425
2008-05-01,126393.86969686222,106996.2738220256
2008-05-02,126575.52253795072,107002.04882410994
2008-05-05,126212.2053536626,106990.49845427279
2008-05-06,126990.81776243886,107015.25164974517
2008-05-07,124680.91779671003,106941.81664571897
2008-05-08,125615.25728808598,106971.5206265532
2008-05-09,125122.1962902426,106955.84551641901
2008-05-12,127406.03247214908,107028.45191570114
2008-05-13,127743.43540005953,107039.17843448427
2008-05-14,127457.92999757119,107030.10181181997
2008-05-15,129689.98367516688,107101.06197166795
2008-05-16,129793.80173023333,107104.36249524252
2008-05-19,128859.45073674625,107074.6581487398
2008-05-20,127873.2137199482,107043.30427178674
2008-05-21,125044.28098944266,106953.36847822997
2008-05-22,125485.47896819732,106967.39478925076
2008-05-23,125096.17851486476,106955.0183743488
2008-05-27,127302.17991074923,107025.15029512117
2008-05-28,127821.30469241495,107041.65400999945
2008-05-29,128963.24578759047,107077.95794097745
2008-05-30,129793.80173023333,107104.36249524252
2008-06-02,129210.259227276,108053.90899821675
2008-06-03,128504.0869606437,108029.44701264698
2008-06-04,130151.91884775982,108086.52832516617
2008-06-05,132218.2841534417,108158.10774095166
2008-06-06,128242.51806378622,108020.38620003402
2008-06-09,127562.47370734745,107996.82929186863
2008-06-10,126960.89422406748,107975.99042671574
2008-06-11,123900.67143649921,107869.98353688593
2008-06-12,124031.4500890295,107874.51374242104
2008-06-13,126516.26767069887,107960.5884506734
2008-06-16,127640.91539691246,107999.5465317956
2008-06-17,126960.89422406748,107975.99042671574
2008-06-18,125600.79391939304,107928.8762088422
2008-06-19,127562.47370734745,107996.82929186863
2008-06-20,124117.94807743414,107877.51005457339
2008-06-23,123149.48822253708,107843.96236073891
2008-06-24,122521.38670796927,107822.20476572745
2008-06-25,124510.60860533798,107891.11191437625
2008-06-26,119485.19371535716,107717.03027406058
2008-06-27,119485.19371535716,107717.03027406058
2008-06-30,118228.78203387749,107673.50785626782
2008-07-01,120903.70542702131,108731.41805034256
2008-07-02,118000.45968960066,108622.07817789828
2008-07-03,117789.27289169854,108614.12461845724
2008-07-07,118501.89391751747,108640.96281925432
2008-07-08,121325.92707305952,108747.31944660605
2008-07-09,118106.02971166464,108626.05407721594
2008-07-10,119504.83250401235,108678.73474317497
2008-07-11,117604.51366464303,108607.1663544499
2008-07-14,116733.63111327647,108574.36782628777
2008-07-15,116760.02361879246,108575.36180111718
2008-07-16,119663.16416022123,108684.6977117486
2008-07-17,120454.93932570107,108714.51695663105
2008-07-18,117683.77300029581,108610.15136034816
2008-07-21,118185.172162882,108629.0346810999
2008-07-22,118185.172162882,108629.0346810999
2008-07-23,119742.35336521277,108687.68007643826
2008-07-24,117947.67467856867,108620.09022823945
2008-07-25,119478.4516869399,108677.74120854697
2008-07-28,117235.07702963681,108593.25290784524
2008-07-29,119663.16416022123,108684.6977117486
2008-07-30,120270.1917870891,108707.55913282515
2008-07-31,119979.87422641317,108696.62540970158
2008-08-01,119448.82068490202,109638.85534578611
2008-08-04,118251.1341682466,109590.11697108815
2008-08-05,122243.45791837694,109752.57965906497
2008-08-06,124106.43153643052,109828.39107130552
2008-08-07,123148.31768438508,109789.40181053076
2008-08-08,125942.90776948811,109903.12420516482
2008-08-11,127087.34020010625,109949.6954705538
2008-08-12,127220.46362810652,109955.11276416505
2008-08-13,126954.27570757084,109944.28057524856
2008-08-14,128418.126570576,110003.8501795406
2008-08-15,128178.61284143086,109994.10346392341
2008-08-18,126688.12314831407,109933.44982531568
2008-08-19,125117.81126160621,109869.54792105049
2008-08-20,125330.7804573835,109878.2144396416
2008-08-21,124745.20946573971,109854.38535080565
2008-08-22,126395.37890731757,109921.53695971191
2008-08-25,123733.86510184292,109813.2299400443
2008-08-26,123574.17356628887,109806.73149008457
2008-08-27,124372.59588278025,109839.22230089961
2008-08-28,125384.02275632782,109880.38106928937
2008-08-29,122749.11241968587,109773.15664495384
2008-09-02,122231.6839864305,110711.29900801962
2008-09-03,121077.87378778281,110660.95545953888
2008-09-04,117159.96755936522,110490.00767073923
2008-09-05,116596.52142004599,110465.42314369626
2008-09-08,116381.74850595904,110456.05207848523
2008-09-09,113913.04842309846,110347.49322782036
2008-09-10,114852.2520877387,110365.299208075
2008-09-11,116998.98294813115,110406.86449792598
2008-09-12,116542.75688577589,110397.62465616853
2008-09-15,112920.11587706229,110324.91925332005
2008-09-16,113805.6263131808,110341.35244216952
2008-09-17,107902.05702564456,110229.49115728245
2008-09-18,111551.52088003625,110288.78400051488
2008-09-19,115198.18004165875,110354.565565316
2008-09-22,109773.95176324071,110247.92950161066
2008-09-23,108941.43338245165,110233.5352169508
2008-09-24,109693.31684612694,110246.23260315198
2008-09-25,111438.7983761565,110276.34928403114
2008-09-26,110310.96723849788,110255.95762633979
2008-09-29,101556.97442849986,110102.25568376012
2008-09-30,104483.93278754421,110140.4899282808
2008-10-01,104382.64835411946,111124.04235109719
2008-10-02,99638.00433658858,111048.40932259196
2008-10-03,98092.60795360716,111028.35258892449
2008-10-06,94513.79527722915,110985.74697568308
2008-10-07,88521.94126957102,110930.35988457417
2008-10-08,87816.99362316605,110927.451058245
2008-10-09,85458.24272203699,110919.34347166393
2008-10-10,84915.99837713124,110918.78498285662
2008-10-13,95245.83114245742,110923.35365603113
2008-10-14,91124.73812354066,110879.87232141264
2008-10-15,82963.89473704851,110820.70612080555
2008-10-16,87464.51080055532,110818.10006504515
2008-10-17,87573.01366598594,110818.56902905538
2008-10-20,90013.14921569485,110829.373956841
2008-10-21,85349.76385502834,110797.94923485992
2008-10-22,82991.0009546883,110792.44389890533
2008-10-23,82665.67834616684,110792.51142867314
2008-10-24,80008.63905889013,110794.05117544769
2008-10-27,77785.43724477652,110802.37193111534
2008-10-28,86380.01611113829,110745.25353137743
2008-10-29,86163.16037041448,110744.3777766926
2008-10-30,89037.055398415,110755.36163116235
2008-10-31,89172.64048306344,110756.25815172086
2008-11-03,89982.53705350294,111754.79982464752
2008-11-04,92532.28883328804,111777.01401485963
2008-11-05,87706.92310144458,111723.73733834233
2008-11-06,83786.28803871917,111697.6738533745
2008-11-07,85513.5656652282,111701.99223649994
2008-11-10,84362.05938157467,111696.8587604877
2008-11-11,82525.12055696534,111691.0018561054
2008-11-12,78714.12849131148,111686.95689325007
2008-11-13,83512.13200996367,111668.86360523257
2008-11-14,79454.40073183176,111658.64352176945
2008-11-17,77781.98100591596,111662.70718868203
2008-11-18,77699.73055708356,111663.0959053458
2008-11-19,73642.02354698998,111682.75112101791
2008-11-20,70077.78889484287,111721.93741122534
2008-11-21,73121.09190369898,111669.29701696649
2008-11-24,77590.05722496413,111617.39072843746
2008-11-25,77233.65074737623,111618.96098116315
2008-11-26,80468.84720213628,111603.05403138873
2008-11-28,79838.254360745,111603.32097124417
2008-12-01,74833.61708286693,112610.55703880172
2008-12-02,77334.58335174572,112593.24099920987
2008-12-03,79529.82588408014,112586.92341548878
2008-12-04,77278.98883261587,112586.13095069234
2008-12-05,80419.07992560689,112577.12530322067
2008-12-08,83586.9098611811,112582.51154691767
2008-12-09,83392.37516289644,112581.3855839246
2008-12-10,83114.52555036663,112579.84200614273
2008-12-11,80835.88201560348,112567.9460035027
2008-12-12,82475.38842794245,112571.84598008949
2008-12-15,81030.41056473218,112565.34955462931
2008-12-16,84920.74173022348,112575.7452218095
2008-12-17,83892.59670278965,112568.00918240032
2008-12-18,82419.82465459245,112558.66420452368
2008-12-19,83096.05963498702,112561.76394708594
2008-12-22,81287.18087059491,112551.96951449376
2008-12-23,80869.75156668933,112550.64217819259
2008-12-24,81092.36946029156,112551.22951604798
2008-12-26,81064.57527530463,112551.14809938881
2008-12-29,80396.6846995621,112549.21580416855
2008-12-30,82066.37116940459,112552.58343368849
2008-12-31,82762.08052675793,112555.50435468901
2009-01-02,87351.69476728045,113572.35963414473
2009-01-05,87323.51660458333,113570.68104267475
2009-01-06,88196.18746093383,113622.66661289454
2009-01-07,85690.79423749635,113473.41870986513
2009-01-08,86591.64947688892,113527.08324210488
2009-01-09,84649.19747289733,113411.37011347542
2009-01-12,83100.90384803728,113319.1372557258
2009-01-13,83129.07579038944,113320.81547664577
2009-01-14,80595.52306528974,113169.89009379639
2009-01-15,81918.60288030164,113248.70681848607
2009-01-16,82819.43323831435,113302.36986852586
2009-01-20,78709.41494600245,113057.53340700688
2009-01-21,82059.356846198,113257.09162373605
2009-01-22,80961.48462068928,113191.69066155632
2009-01-23,81355.5807963712,113215.16722693623
2009-01-26,81946.74994127393,113250.38355720608
2009-01-27,82537.91908617665,113285.59988747592
2009-01-28,85437.45824805577,113458.3273202852
2009-01-29,83269.8297562858,113329.20028189576
2009-01-30,81805.98353468762,113241.99801085613
2009-02-02,83790.9613859352,114300.57168359507
2009-02-03,85101.55556613459,114383.9677696767
2009-02-04,85215.5158980091,114391.21932457483
2009-02-05,87095.88655575986,114510.87158277063
2009-02-06,89375.13726143734,114655.90548489231
2009-02-09,89745.49889684658,114679.47243742007
2009-02-10,86440.61779520904,114469.17534240341
2009-02-11,86041.74404273761,114443.79409907167
2009-02-12,87095.88655575986,114510.87158277063
2009-02-13,86697.04428056495,114485.49234240953
2009-02-17,83249.65925271419,114266.1273987201
2009-02-18,83306.62053228555,114269.7519743868
2009-02-19,82024.60142370137,114188.17418505045
2009-02-20,82252.4906101739,114202.67529187608
2009-02-23,79374.94501442755,114019.57052624211
2009-02-24,81996.02635208618,114186.35588830517
2009-02-25,81454.71792340986,114151.91120283608
2009-02-26,79175.47980864298,114006.87810190266
2009-02-27,78434.7061741821,113959.74099209413
2009-03-02,76898.74795948762,114796.89065412634
2009-03-03,76841.0172824621,114796.41870811356
2009-03-04,78890.49139793338,114812.9888289163
2009-03-05,76523.50174800954,114786.4824428506
2009-03-06,75917.31369330277,114781.82442625548
2009-03-09,74300.82922308617,114770.96035178051
2009-03-10,78890.49139793338,114789.56779378078
2009-03-11,80102.84199384473,114803.50404697316
2009-03-12,82758.56156940265,114838.5748942637
2009-03-13,82960.59023630201,114841.95337884966
2009-03-16,81575.04123093856,114818.43705525438
2009-03-17,84663.6802896202,114865.50481061435
2009-03-18,85731.72651728216,114885.89268790824
2009-03-19,85673.99584025666,114884.72030818944
2009-03-20,84369.99436619043,114858.32280456842
2009-03-23,89343.14361371523,114951.65427900251
2009-03-24,87695.06704944192,114911.69073303277
2009-03-25,88099.82600455021,114920.83988097822
2009-03-26,90817.72198488603,114982.2566367155
2009-03-27,89111.8382030807,114866.24779758044
2009-03-30,86914.37301829708,114716.8089038847
2009-03-31,87666.13473798598,114767.93255330178
2009-04-01,89966.96603303157,115856.29617901311
2009-04-02,92861.58612206012,116063.82366300689
2009-04-03,94586.63198903225,116187.49945379667
2009-04-06,94352.7210146495,116170.72939261448
2009-04-07,91867.44674330266,115992.54963129728
2009-04-08,93417.10291730869,116103.65099760986
2009-04-09,96311.74235647988,116311.17986889671
2009-04-13,96165.54557872283,116300.69840724622
2009-04-14,94995.99715685661,116216.84856376633
2009-04-15,94732.82231674176,116197.98045301613
2009-04-16,97188.87787268935,116374.06540178253
2009-04-17,97393.57013167285,116388.74065041389
2009-04-20,94265.02616816644,116164.44218037587
2009-04-21,95580.78426788482,116258.77441036832
2009-04-22,95873.11977297098,116279.73317179008
2009-04-23,96808.79592073974,116346.81572867396
2009-04-24,98504.59727212242,116468.39485718882
2009-04-27,98621.58823457532,116476.78243115055
2009-04-28,97890.58499564741,116424.37373560497
2009-04-29,99235.54891066994,116520.79985328618
2009-04-30,100229.63668904701,116592.07018554756
2009-05-01,101492.55676946772,117610.82156930414
2009-05-04,103500.5497255841,117761.27648804388
2009-05-05,103411.8717516423,117754.63202381766
2009-05-06,103441.49187560569,117756.85140079823
2009-05-07,101020.02231330343,117575.41550227221
2009-05-08,101079.09970591919,117579.8420538088
2009-05-11,101433.46634842709,117606.39404157359
2009-05-12,100193.25149888004,117513.46720941513
2009-05-13,97506.08675379926,117312.12329925355
2009-05-14,98598.63092155046,117393.98546090997
2009-05-15,98539.56655735959,117389.55988556736
2009-05-18,101108.63514512083,117582.0550855286
2009-05-19,101581.14354443536,117617.45920017261
2009-05-20,101226.7182740155,117590.90281953497
2009-05-21,99366.42205654469,117451.51452368521
2009-05-22,99041.59085323845,117427.17556764021
2009-05-26,102732.77161901475,117703.74840146261
2009-05-27,102024.09044769847,117650.64833070888
2009-05-28,103205.20836199244,117739.14714703981
2009-05-29,104474.99122180334,117834.28945140298
2009-06-01,108457.16484938661,119057.64029807292
2009-06-02,108606.18961910148,119069.25295650655
2009-06-03,108278.31671624517,119043.70367340551
2009-06-04,109500.30536331281,119138.92634541712
2009-06-05,109619.50676960111,119148.21503761696
2009-06-08,109291.6798904538,119122.66934088357
2009-06-09,110126.22123078328,119187.70043304717
2009-06-10,109738.70160107384,119157.50321747857
2009-06-11,109738.70160107384,119157.50321747857
2009-06-12,109232.05946286295,119118.02345776894
2009-06-15,106996.83913789807,118943.84536504398
2009-06-16,105953.59342692274,118862.55112028802
2009-06-17,106966.9303018691,118941.51473841314
2009-06-18,106758.31140382565,118925.25824621783
2009-06-19,107904.21628511457,119014.55214017446
2009-06-22,104681.40606297638,118763.41674585248
2009-06-23,104442.70080888356,118744.81579389398
2009-06-24,106203.27204820229,118882.00716476065
2009-06-25,108292.1369785738,119044.7806083754
2009-06-26,108530.8685319289,119063.38360968683
2009-06-29,108769.63295936186,119081.98917268944
2009-06-30,108560.78394277346,119065.7147486559
2009-07-01,109620.13733441517,120070.2432294509
2009-07-02,107210.8963281925,119875.42820415198
2009-07-06,106638.62586353831,119829.15351234593
2009-07-07,103988.48928860208,119614.85929165222
2009-07-08,104530.59555396216,119658.6948587574
2009-07-09,104711.30870129488,119673.30760869755
2009-07-10,105163.0418046696,119709.83545947504
2009-07-13,107180.7254935708,119872.98854290806
2009-07-14,107572.27617556468,119904.64994823092
2009-07-15,111186.10782592445,120196.8700717356
2009-07-16,112511.17611339258,120304.01718208245
2009-07-17,113113.53115340958,120352.72456007278
2009-07-20,114197.58443626724,120440.38281724996
2009-07-21,114980.68580025497,120503.70562789566
2009-07-22,115944.37424035092,120581.63099416358
2009-07-23,118504.12438264658,120788.6164254435
2009-07-24,117600.64490524192,120715.55965080242
2009-07-27,118504.12438264658,120788.6164254435
2009-07-28,117691.0313378825,120722.86844021622
2009-07-29,118474.03980728376,120786.18373925923
2009-07-30,119166.70165601007,120842.19346814675
2009-07-31,118805.27536134465,120812.96796826646
2009-08-03,121581.74366552249,121956.52028266477
2009-08-04,121581.74366552249,121956.52028266477
2009-08-05,120640.47992852495,121877.93824261944
2009-08-06,119577.71964263356,121789.21298097183
2009-08-07,121095.9046573962,121915.95968429948
2009-08-10,120245.76333206904,121844.98506045586
2009-08-11,119213.32366069235,121758.79113582926
2009-08-12,121065.5706622043,121879.89543388132
2009-08-13,121733.58759028542,122515.63993038605
2009-08-14,120336.85898238505,122515.63993038605
2009-08-17,116844.82337179905,122478.8962615076
2009-08-18,118514.9192147106,124229.52148895012
2009-08-19,119334.806828909,125088.9427893356
2009-08-20,120731.56219816377,126553.04749707524
2009-08-21,122340.89638595117,128239.98123832376
2009-08-24,122219.4399790889,128112.66839529738
2009-08-25,122583.87610306169,128494.67705373814
2009-08-26,122371.31066520621,128271.86204610155
2009-08-27,122674.97175337769,128590.16519247601
2009-08-28,122796.38801820838,128717.43595788543
2009-08-31,121551.48995439375,127412.51087507767
2009-09-01,120273.81216714386,126025.0215224762
2009-09-02,120181.95299548838,125928.76986239887
2009-09-03,120977.98935714495,126762.87080093924
2009-09-04,123580.74234674085,129490.08128526044
2009-09-08,124744.28285915831,130709.25955422479
2009-09-09,125815.89673578128,131832.11547299716
2009-09-10,127010.09295295802,133083.41533004845
2009-09-11,127132.55385806158,133211.732026121
2009-09-14,127622.47843544264,133725.08363854876
2009-09-15,128020.55733399601,134142.1977289221
2009-09-16,129888.31551489796,136099.26769041826
2009-09-17,129857.72727427765,136067.21679244598
2009-09-18,130075.27213688065,136295.16413607507
2009-09-21,130473.7018489568,136712.6458150445
2009-09-22,130719.0014583423,136969.6750718315
2009-09-23,130105.99530577894,136327.3564142766
2009-09-24,128941.26742451517,135106.93399929482
2009-09-25,127807.2762049775,133918.71800053748
2009-09-28,129983.38597956959,136198.8841999519
2009-09-29,129401.0220389377,135588.67299246098
2009-09-30,129492.96216755996,135685.00948067586
2009-10-01,126661.5222251177,132670.37347918298
2009-10-02,126290.76799842893,132282.03058814807
2009-10-05,127310.23672050775,133349.86313691654
2009-10-06,129565.43046335502,135712.04378085115
2009-10-07,129936.1846900438,136100.38667188605
2009-10-08,130492.2412291435,136682.82265893178
2009-10-09,131233.66808150275,137459.42296881255
2009-10-12,131511.6827508829,137750.62671697058
2009-10-13,131542.54153597355,137782.94944980348
2009-10-14,133334.4454973692,139659.86174029895
2009-10-15,133025.46324154065,139336.22129638924
2009-10-16,132160.47884729123,138430.2018468932
2009-10-19,133488.87542451973,139821.61785811197
2009-10-20,133519.78861028928,139853.99757240427
2009-10-21,133272.6055256604,139595.0880663495
2009-10-22,133797.78967949972,140145.18707519746
2009-10-23,133241.67873972113,139562.69410669236
2009-10-26,132809.206942851,139109.70574999158
2009-10-27,130801.1690842932,137006.4061213821
2009-10-28,127866.27965943774,133932.28487859742
2009-10-29,130028.78824565525,136197.3833611145
2009-10-30,126537.97828339727,132540.96858493256
2009-11-02,128062.82172670044,134090.72494765898
2009-11-03,128467.5671124265,134514.52165508317
2009-11-04,128685.55227461837,134742.7673553733
2009-11-05,131861.44928393784,138068.15349474462
2009-11-06,132639.8384812836,138883.1813877444
2009-11-09,135473.19325308973,141849.90186338875
2009-11-10,135815.72178343072,142208.55317474826
2009-11-11,136687.49794612976,143121.3637474988
2009-11-12,135909.12245595636,142306.3502068665
2009-11-13,137029.999062126,143479.9863541233
2009-11-16,138431.1188073897,144947.05665483745
2009-11-17,138867.03430308396,145403.49064594772
2009-11-18,138088.6039842211,144588.41969584543
2009-11-19,135940.1829085456,142338.87267161263
2009-11-20,135255.24921241496,141621.69922020112
2009-11-23,137434.84039805864,143903.88352812
2009-11-24,136967.78220674093,143414.84095805863
2009-11-25,137559.3152303459,144034.2173773519
2009-11-27,135473.19325308973,141849.90186338875
2009-11-30,135628.86560968994,142012.9017010417
2009-12-01,138029.69915209903,144479.68644409633
2009-12-02,138217.89091761675,144676.67221918958
2009-12-03,137653.39846410046,144085.80160811753
2009-12-04,138374.7127864906,144840.82221431128
2009-12-07,137716.0968358698,144151.42981095673
2009-12-08,136869.28911973126,143265.05163250893
2009-12-09,138249.24700708783,144709.49354679315
2009-12-10,138939.2190471797,145431.7072777513
2009-12-11,138406.11029748013,144873.6868990187
2009-12-14,139723.36981306734,146252.50061046373
2009-12-15,138939.2190471797,145431.7072777513
2009-12-16,139127.4522342159,145628.73640994838
2009-12-17,137433.8782234573,143856.0234101566
2009-12-18,139673.7192196116,146200.52989533273
2009-12-21,141244.5198496671,147844.7324393557
2009-12-22,142092.83254764284,148732.68592590952
2009-12-23,143129.41985417326,149817.71190176427
2009-12-24,144448.9299389299,151198.88134918438
2009-12-28,145202.87061069044,151988.05290083267
2009-12-29,144606.0003369145,151363.2914869291
2009-12-30,145045.8140198787,151823.6572154559
2009-12-31,143726.40058533175,150442.5889346114
2010-01-04,146830.85229260175,153645.3935417846
2010-01-05,146830.85229260175,153645.3935417846
2010-01-06,145945.22271860097,152718.6611670489
2010-01-07,146040.1304682902,152817.97366386742
2010-01-08,147242.06823456864,154075.69435559624
2010-01-11,146641.07849869403,153446.81218920375
2010-01-12,144806.53824968394,151527.1294105075
2010-01-13,146609.49355548414,153413.76136266624
2010-01-14,146736.06965932486,153546.2119681346
2010-01-15,145027.89698680156,151758.7615896259
2010-01-19,147368.60263293856,154208.10132000843
2010-01-20,145249.3669385079,151990.51014489407
2010-01-21,143889.26812517887,150567.2880211594
2010-01-22,139682.28436676232,146165.0546683371
2010-01-25,140156.76750791416,146661.55896435483
2010-01-26,140283.24629898972,146793.90774069214
2010-01-27,141390.42923563844,147952.47595280837
2010-01-28,137752.8224662394,144146.04484580364
2010-01-29,135348.8774245646,141630.53072725242
2010-02-01,137835.19682441297,144185.84535835363
2010-02-02,139077.82949379872,145485.7313528833
2010-02-03,139842.49851433648,146285.63189850395
2010-02-04,135796.02342275914,142052.71864236487
2010-02-05,136943.0829671189,143252.62805512952
2010-02-08,135955.38198141058,142219.41952155696
2010-02-09,137357.27518572978,143685.90385519486
2010-02-10,137070.52780387521,143385.94481273295
2010-02-11,139141.5869206476,145552.42635314353
2010-02-12,139428.33430250216,145852.38539560544
2010-02-16,141212.57602047853,147718.8346506371
2010-02-17,142009.17276629971,148552.1339664298
2010-02-18,142901.25861681718,149485.32197248712
2010-02-19,142837.5992136863,149418.72951231073
2010-02-22,142550.76781150204,149118.68257834838
2010-02-23,140702.7826700651,147185.5529716399
2010-02-24,142136.64560983257,148685.48002120006
2010-02-25,142104.759894714,148652.12519677824
2010-02-26,142614.5112349626,149185.3629300252
2010-03-01,145685.25643831972,152351.52991182538
2010-03-02,146134.43063299602,152821.25744245455
2010-03-03,146294.80567349854,152988.97093232698
2010-03-04,146776.0999967369,153492.28834601658
2010-03-05,148989.73804040256,155807.2181533871
2010-03-08,149278.45259371097,156109.14372210766
2010-03-09,150112.61712651642,156981.47799860258
2010-03-10,151331.7578973068,158256.40427562385
2010-03-11,151909.17290377934,158860.24066772565
2010-03-12,151941.30713248564,158893.84529612542
2010-03-15,151556.26039377955,158491.17956890227
2010-03-16,152518.77853953512,159497.74066958466
2010-03-17,152935.80440536092,159933.84882647468
2010-03-18,153449.1201561517,160470.65290584922
2010-03-19,152520.97816203543,159500.0409425247
2010-03-22,153902.00268876122,160944.25846072985
2010-03-23,154961.82592986652,162052.57714833063
2010-03-24,154223.161673949,161280.11305531615
2010-03-25,153998.34897430314,161045.01336457182
2010-03-26,154158.92141682492,161212.93328919527
2010-03-29,154897.59977288666,161985.41212754912
2010-03-30,155411.4654293025,162522.79127515867
2010-03-31,154672.74477280807,161750.26820078673
2010-04-01,155672.44486278106,162749.96829075972
2010-04-05,157127.06505272078,164270.72162637068
2010-04-06,157579.58233544588,164743.81224609757
2010-04-07,157191.7063241735,164338.30176162504
2010-04-08,157547.3255604707,164710.0889425996
2010-04-09,158484.70204856436,165690.08250439033
2010-04-12,158613.9136350796,165825.16859253324
2010-04-13,159422.078536658,166670.07606618103
2010-04-14,161329.2443918789,168663.9496944652
2010-04-15,162040.26999530275,169407.30150931692
2010-04-16,160100.87574766274,167379.73425048112
2010-04-19,160003.87836228855,167278.32695641665
2010-04-20,160812.01488131087,168123.20475711813
2010-04-21,161717.0494467611,169069.38599657192
2010-04-22,162622.15496860154,170015.64141839152
2010-04-23,163300.99475344038,170725.34411211108
2010-04-26,162945.43228225532,170353.61627702916
2010-04-27,159486.74819066678,166737.68587438174
2010-04-28,159583.70300220686,166839.0486590267
2010-04-29,162363.5756915126,169745.30604090088
2010-04-30,159163.48506829105,166399.72585221723
2010-05-03,162393.55737074855,169731.20024674624
2010-05-04,157514.91806144806,164632.12292529774
2010-05-05,156701.81864948853,163782.28416724445
2010-05-06,151465.41445659136,158309.2765983024
2010-05-07,147692.55493518655,154365.9429753532
2010-05-10,155368.31448068685,162388.5265159602
2010-05-11,155205.71744498477,162218.58264335158
2010-05-12,158132.89246305637,165278.0200815949
2010-05-13,155628.4954403362,162660.46357601127
2010-05-14,152636.33586887212,159533.1053013543
2010-05-17,153124.16981352176,160042.981692309
2010-05-18,151010.0513698662,157833.3382389901
2010-05-19,149806.63054129865,156575.54165554326
2010-05-20,144244.93232272932,150762.54187075005
2010-05-21,145838.6888470861,152382.58271060558
2010-05-24,145253.2852576703,152336.88164611175
2010-05-25,145383.35431872326,152473.29381141526
2010-05-26,143757.11265726082,150767.7448933945
2010-05-27,149188.7132564149,156417.2901904959
2010-05-28,148310.5293367949,156370.37907677286
2010-06-01,147944.28295840396,155929.9011294091
2010-06-02,151447.96610149427,159622.70327874564
2010-06-03,152888.80461436987,161141.314220402
2010-06-04,147649.53952435215,155619.24827002714
2010-06-07,144964.40125027992,152789.17374992828
2010-06-08,144702.45021565605,152467.32940688173
2010-06-09,143490.8134669541,152467.32940688173
2010-06-10,147583.99785447397,152467.32940688173
2010-06-11,148992.07272057346,152421.60292600395
2010-06-14,148959.366579101,152388.14394783333
2010-06-15,152954.23127364067,156474.96326040305
2010-06-16,153576.4530358686,157111.5074512614
2010-06-17,154067.6058346661,157613.96570630366
2010-06-18,154195.5838880233,157744.88958484205
2010-06-21,152883.26972888992,156402.3683082052
2010-06-22,151702.19704909803,155194.10945430218
2010-06-23,151078.89706242597,154556.46222020747
2010-06-24,148782.36525434998,152207.06837014685
2010-06-25,148811.9229804455,152237.3064620672
2010-06-28,148285.96509659095,151699.24197135415
2010-06-29,142566.2144416098,145847.83291817366
2010-06-30,140396.71184938017,143585.30375092287
2010-07-01,141001.8680507512,144585.18378691206
2010-07-02,140604.63719117496,144584.05724374906
2010-07-06,141035.01043958185,144585.2777784302
2010-07-07,145537.5393407087,144598.0469101014
2010-07-08,146332.1313706953,144600.3003659878
2010-07-09,147722.54797157386,144604.24357502526
2010-07-12,148152.95017794392,144605.46419183092
2010-07-13,150073.22510964776,144610.910074353
2010-07-14,150834.64579284054,144569.82683825694
2010-07-15,150967.09951631067,144696.77918243164
2010-07-16,146795.574613025,140698.51585407293
2010-07-19,148053.6098853413,141861.72815937438
2010-07-20,149841.37317764873,141861.72815937438
2010-07-21,147788.78931229052,141819.182404653
2010-07-22,151529.88305124297,145365.5400448976
2010-07-23,152490.02775658568,145321.94346185907
2010-07-26,153748.04854992044,146520.8285908897
2010-07-27,153681.79273022222,146457.68725223394
2010-07-28,152456.94328368132,145290.41418763957
2010-07-29,151331.2603819641,144217.64615548696
2010-07-30,151662.29333776838,144533.1182764849
2010-08-02,155509.16932308621,148246.15733410328
2010-08-03,154842.68858897925,147610.80439511806
2010-08-04,156408.8418076508,149103.8108684671
2010-08-05,156042.32476504616,148754.41190119003
2010-08-06,155809.1184419257,148532.0974137607
2010-08-09,156875.41475318276,149548.59265588352
2010-08-10,155509.16932308621,148246.15733410328
2010-08-11,151277.35547591752,144211.9891617261
2010-08-12,150077.85045381598,143025.58613210524
2010-08-13,149011.53956989612,143025.58613210524
2010-08-16,149278.16100886455,143025.58613210524
2010-08-17,151177.43072695564,143025.58613210524
2010-08-18,151777.24152865767,143025.58613210524
2010-08-19,149478.12708809087,143025.58613210524
2010-08-20,149677.99115867744,143025.58613210524
2010-08-23,148211.85012494467,143025.58613210524
2010-08-24,145446.2938928113,143025.58613210524
2010-08-25,146845.7212761507,143025.58613210524
2010-08-26,145079.70398689253,143025.58613210524
2010-08-27,146845.7212761507,143025.58613210524
2010-08-30,145312.9977459899,143025.58613210524
2010-08-31,144813.11169324975,143025.58613210524
2010-09-01,150144.56495201617,144025.46616809443
2010-09-02,151821.73708816207,144029.93298082508
2010-09-03,154337.61265511398,144036.6335124932
2010-09-07,153297.8081812874,143990.78944771257
2010-09-08,155142.662322228,145723.63877753323
2010-09-09,155746.47891324677,146290.7964469997
2010-09-10,156316.71509228172,146826.41243893738
2010-09-13,158497.1532979361,148874.47184891172
2010-09-14,159167.9986798479,149504.58885635514
2010-09-15,160174.3547747653,150449.84704557408
2010-09-16,160811.75177776787,151048.5463925694
2010-09-17,161356.37354032238,151560.1030708481
2010-09-20,164180.75172134492,154213.00756315104
2010-09-21,164147.06861696971,154181.3694278928
2010-09-22,163710.02446956479,153770.8591110465
2010-09-23,163642.77562354738,153707.69307793505
2010-09-24,166971.4027869674,156834.2325811688
2010-09-27,166063.55803607416,155981.5049138398
2010-09-28,165996.35320108163,155918.38021975526
2010-09-29,165727.3284763288,155665.68852795815
2010-09-30,164987.6938625288,154970.9586214616
2010-10-01,165785.6914254745,155781.20195112715
2010-10-04,163992.815169089,154096.51845541713
2010-10-05,167984.36101864863,157847.19081285005
2010-10-06,166529.73935208353,156480.3496237627
2010-10-07,167138.6359880483,157052.50183423999
2010-10-08,168288.7871976187,158133.24611507534
2010-10-11,168356.45877866095,158196.83399254567
2010-10-12,169506.5361915235,159277.50893000318
2010-10-13,170893.48627704635,160580.7622416202
2010-10-14,170555.17264985974,160262.86446029527
2010-10-15,174174.72405479793,163663.99071876152
2010-10-18,173532.0137673244,163060.06537256244
2010-10-19,171908.25004650754,161534.28916148818
2010-10-20,173159.85696994586,162710.36671816456
2010-10-21,173498.15583779092,163028.2506308139
2010-10-22,174682.06166150386,164140.71257266882
2010-10-25,175527.77193276264,164935.38768260332
2010-10-26,176001.32540664286,165380.36413813994
2010-10-27,176542.52094288226,165888.90073379574
2010-10-28,176914.6482215777,166238.5716508425
2010-10-29,176508.72205071503,165857.1414667495
2010-11-01,177643.72102474788,166983.97570563646
2010-11-02,179548.75894432663,168774.69931717878
2010-11-03,180365.1465159307,169542.0984779075
2010-11-04,182576.4373856732,171620.6979282069
2010-11-05,182576.4373856732,171620.6979282069
2010-11-08,182814.5170309321,171844.49129095895
2010-11-09,181828.0301616555,170917.19986482259
2010-11-10,182746.52184047506,171780.57624140987
2010-11-11,181589.81693056074,170693.28093222858
2010-11-12,178630.31179411904,167911.36479720546
2010-11-15,177949.959132041,167271.83759218888
2010-11-16,175024.32542642727,164521.7603882007
2010-11-17,175534.5787908328,165001.39532780965
2010-11-18,178358.15291784302,167655.53717255325
2010-11-19,178494.15814162776,167783.38122385606
2010-11-22,179990.97258966317,169190.37735062468
2010-11-23,177133.43797460102,166504.3128616182
2010-11-24,180705.37479701702,169861.91091313213
2010-11-26,179514.76877053344,168742.74876850657
2010-11-29,179378.65964665412,168614.80705177115
2010-11-30,177201.4925365407,166568.28371998592
2010-12-01,181943.19906086088,171085.44622247116
2010-12-02,183790.34654706903,172822.36221354885
2010-12-03,184269.2709080245,173272.70599349675
2010-12-06,184200.85527429896,173208.37317267712
2010-12-07,184303.50857464023,173304.90047232754
2010-12-08,184987.6052123901,173948.17254368195
2010-12-09,185158.62937182758,174108.99056152056
2010-12-10,186390.05107938204,175266.92519943204
2010-12-13,185740.1025589891,174655.76340164553
2010-12-14,186082.15087786404,174977.39943732275
2010-12-15,185261.2677472924,174205.50382696048
2010-12-16,186697.86173164126,175556.36675627847
2010-12-17,186862.40849469198,175711.09392677073
2010-12-20,186999.49348504306,175839.99814998807
2010-12-21,188130.5155486028,176903.52465403095
2010-12-22,188096.32265661648,176871.3722778316
2010-12-23,187616.45802844354,176420.14434262374
2010-12-27,187719.275502426,176516.82601858937
2010-12-28,187376.54063923354,176194.5444092303
2010-12-29,187787.8553097927,176581.31321572425
2010-12-30,187342.24327311196,176162.29379355762
2010-12-31,186656.7735467271,175517.73057483946
2011-01-03,190569.79459821808,179256.89451541705
2011-01-04,190431.92667425005,179127.2109212467
2011-01-05,192051.32339920016,180650.47450304893
2011-01-06,192671.49650152022,181233.83192660217
2011-01-07,192499.2403653708,181071.8015267034
2011-01-10,193222.8181615626,181752.42517411365
2011-01-11,193498.4939951668,182011.73591078637
2011-01-12,194876.61810227708,183308.04967456125
2011-01-13,194945.54456246961,183372.88441518793
2011-01-14,196392.64014052137,184734.07525834042
2011-01-18,196943.90178623187,185252.612054184
2011-01-19,194704.3319589617,183145.99104882852
2011-01-20,193326.19284826843,181849.66317213667
2011-01-21,191844.57402578852,180455.9985070029
2011-01-24,194497.64259988198,182951.57150445043
2011-01-25,194773.25841915424,183210.8257894552
2011-01-26,195806.93026829758,184183.13520510055
2011-01-27,197012.79823925844,185317.4185689767
2011-01-28,192016.87517268688,180618.07124565257
2011-01-31,192947.14232795843,181493.1144374409
2011-02-01,197564.56635947785,185895.77752237822
2011-02-02,197252.95553319427,185602.57141814707
2011-02-03,197599.26518406547,185928.42692451895
2011-02-04,198707.36558751928,186971.07940957084
2011-02-07,199642.469504372,187850.95312827837
2011-02-08,200958.37077823753,189089.1331063764
2011-02-09,200612.13652681134,188763.34854611955
2011-02-10,200923.74735309492,189056.5546503507
2011-02-11,202378.18756719792,190425.09102022045
2011-02-14,202863.0210784176,190881.28872914106
2011-02-15,202585.98843760963,190620.61851326659
2011-02-16,203901.95003103116,191858.85524825662
2011-02-17,203832.64286118993,191793.64157931323
2011-02-18,203382.5232544469,191370.10746175636
2011-02-22,197495.3345890816,185830.63479954985
2011-02-23,195867.7320095985,184299.16358188266
2011-02-24,196906.6006426561,185276.6733441062
2011-02-25,199642.469504372,187850.95312827837
2011-02-28,200057.93552619443,188241.88041136356
2011-03-01,197837.08404212186,186211.24490047386
2011-03-02,198881.27436320795,187194.07367872793
2011-03-03,202814.3649680722,190896.03734941263
2011-03-04,201770.14433403226,189913.1800395367
2011-03-07,199055.24040532229,187357.81665658957
2011-03-08,199855.82067283598,188111.3510557558
2011-03-09,198498.37628671946,186833.6764971877
2011-03-10,195400.66522038254,183918.00152756594
2011-03-11,196618.85189653683,185064.60181530353
2011-03-14,195922.76038092558,184409.415916693
2011-03-15,193138.27306666525,181788.55819576338
2011-03-16,188474.29167517615,177398.65432457146
2011-03-17,190214.664450735,179036.75459630165
2011-03-18,189785.9028750796,178633.18907088536
2011-03-21,193445.64641864985,182077.86884143634
2011-03-22,193097.0777623904,181749.78372165398
2011-03-23,194177.59815865927,182766.80764870872
2011-03-24,197628.22779013234,186014.66202584995
2011-03-25,198116.22087760016,186473.9783403831
2011-03-28,197035.73079428513,185456.9829449502
2011-03-29,198952.73715189667,187261.3369772658
2011-03-30,199893.8785863879,188147.17250700257
2011-03-31,200172.68197937394,188409.5920990713
2011-04-01,201276.946603634,189507.71201865468
2011-04-04,200611.3481445683,188881.03299142816
2011-04-05,200086.00715423218,188386.41018047972
2011-04-06,200576.329473781,188848.0619617558
2011-04-07,200436.28525489525,188716.20652599772
2011-04-08,199490.47650100445,187825.70189552938
2011-04-11,198824.84757767533,187198.99418537147
2011-04-12,197458.73861367855,185912.76549150608
2011-04-13,199140.16793607795,187495.87686707996
2011-04-14,198789.82890688803,187166.0231556991
2011-04-15,198439.59650262006,186836.2698345782
2011-04-18,197038.4536357043,185517.05576957474
2011-04-19,198264.4117558934,186671.32863742206
2011-04-20,202748.17250851946,190892.91116740002
2011-04-21,204359.53402508088,192410.05180069772
2011-04-25,204884.96640820723,192904.76066044046
2011-04-26,206040.90241895345,193993.10581040874
2011-04-27,207442.12144652774,195312.39158274076
2011-04-28,207126.84678452025,195015.55192542943
2011-04-29,206951.64680566188,194850.59638680756
2011-05-02,207566.0044277894,195487.48607719305
2011-05-03,206580.47609969115,194559.3068416342
2011-05-04,206263.69093752603,194260.95579349928
2011-05-05,205137.37940792055,193200.18570222487
2011-05-06,205806.06135045667,193829.95622891566
2011-05-09,206580.47609969115,194559.3068416342
2011-05-10,208340.43448287316,196216.85110509486
2011-05-11,206826.83904940414,194791.33363154484
2011-05-12,208058.82216231094,195951.62614811392
2011-05-13,205594.93246574362,193631.11319089212
2011-05-16,202039.8428577767,190282.89857281683
2011-05-17,202603.03688720262,190813.3196564122
2011-05-18,204292.54244623394,192404.51083128198
2011-05-19,204890.9705406598,192968.11566676444
2011-05-20,203342.17165388935,191509.44327169386
2011-05-23,200350.30668704683,188691.6785675805
2011-05-24,199118.36949168783,187531.42929656123
2011-05-25,199892.7842409223,188260.77990927978
2011-05-26,201124.70613043208,189421.01476511577
2011-05-27,202145.453217681,190382.3633373784
2011-05-31,205418.945810935,193465.367413656
2011-06-01,201948.37364804864,190254.92583230286
2011-06-02,202372.87054672305,190654.84302160438
2011-06-03,199330.75813784765,187788.87851657305
2011-06-06,197703.57386324278,186255.9133438999
2011-06-07,197349.80337468922,185922.6272824894
2011-06-08,195934.84447642998,184589.59896747445
2011-06-09,196288.6303469779,184922.8995202133
2011-06-10,193281.8503791742,182090.22159647074
2011-06-13,193281.8503791742,182090.22159647074
2011-06-14,195758.0130691335,184423.00665641853
2011-06-15,192043.76903419456,180923.82906649684
2011-06-16,191300.91099801013,180169.91765825936
2011-06-17,190701.7823172344,180169.91765825936
2011-06-20,191694.41317802566,180169.91765825936
2011-06-21,195807.0047212072,180169.91765825936
2011-06-22,194388.89251410178,180115.88289339136
2011-06-23,196196.99980650598,181791.22985959591
2011-06-24,192793.4874398687,178637.6204793121
2011-06-27,195877.90033326612,181441.11160561274
2011-06-28,198785.05112352467,181386.69559693366
2011-06-29,199600.45064516578,182130.72853092875
2011-06-30,202259.41295623776,184556.96925977728
2011-07-01,206308.131970559,188338.8275873754
2011-07-05,207341.22434793,189281.93828924184
2011-07-06,208018.18990371077,189899.94058452206
2011-07-07,210868.20917449717,192501.7250267269
2011-07-08,210298.14349276669,191981.31169585424
2011-07-11,206486.24175203402,188501.4241224923
2011-07-12,204918.71183198487,187070.4250410197
2011-07-13,205773.72534166745,187850.96742898514
2011-07-14,203386.77913720146,185671.92268959785
2011-07-15,206094.3013086719,188143.62143734444
2011-07-18,204989.9681100895,187135.4749435528
2011-07-19,209656.86790361148,191395.89079427224
2011-07-20,208766.24171176986,190582.83756564822
2011-07-21,210155.6927641306,191851.26833321975
2011-07-22,212328.83922049607,193835.1351437919
2011-07-25,211901.31700876146,193444.84983920126
2011-07-26,212435.72363765302,193932.70999759153
2011-07-27,206949.36118903433,188924.20615713362
2011-07-28,207305.62712266427,189249.44155919115
2011-07-29,206628.73885135003,188631.50981695054
2011-08-01,206666.5564713768,188753.10677576644
2011-08-02,201439.93661034762,183979.52002061182
2011-08-03,203373.05253667195,185745.0772693579
2011-08-04,193922.12550107963,177113.33795779588
2011-08-05,192705.0204303525,175948.92863647026
2011-08-08,181106.2161482263,175948.92863647026
2011-08-09,189841.1012641699,175948.92863647026
2011-08-10,182072.72751531116,175948.92863647026
2011-08-11,190091.7570959152,175948.92863647026
2011-08-12,191774.20165846843,175948.92863647026
2011-08-15,194602.38163337295,175948.92863647026
2011-08-16,192955.66073007206,175948.92863647026
2011-08-17,191810.03404190112,175948.92863647026
2011-08-18,182395.00151784453,175948.92863647026
2011-08-19,179101.4509870624,175948.92863647026
2011-08-22,179745.84367187152,175948.92863647026
2011-08-23,187156.17316286726,175948.92863647026
2011-08-24,188623.91853331393,175948.92863647026
2011-08-25,185545.26911097326,175948.92863647026
2011-08-26,190199.12999000712,175948.92863647026
2011-08-29,195497.36802182434,175948.92863647026
2011-08-30,196786.0757313138,175948.92863647026
2011-08-31,197108.30313776986,175948.92863647026
2011-09-01,196317.99938678858,176948.80867245945
2011-09-02,191712.3345515238,176939.42739603124
2011-09-06,191748.35033629197,176939.50075656545
2011-09-07,196605.86026903416,176949.39501614834
2011-09-08,195706.30867209978,176947.56271994484
2011-09-09,191352.50454583592,176938.6944584704
2011-09-12,193799.29862763814,176943.67833212714
2011-09-13,196390.01534480142,176948.95536172876
2011-09-14,199196.5613746739,176954.67201395085
2011-09-15,202147.09248600155,176960.68194931425
2011-09-16,204000.02421297855,176911.50739108102
2011-09-19,204072.08700556197,176974.00119377504
2011-09-20,203170.84936408707,176192.436043055
2011-09-21,199638.13331752963,173128.81816657548
2011-09-22,193149.29723422325,167451.3635820615
2011-09-23,195204.08596035614,167451.3635820615
2011-09-26,197475.20356795102,167451.3635820615
2011-09-27,199529.9610710369,167451.3635820615
2011-09-28,196573.9503149526,167451.3635820615
2011-09-29,194230.78552629784,167451.3635820615
2011-09-30,189220.00165560417,167451.3635820615
2011-10-03,185353.19957528554,168451.24361805068
2011-10-04,189158.73857900963,168459.45366825353
2011-10-05,194015.56067554638,168469.93175117415
2011-10-06,197277.49385408597,168476.96902897576
2011-10-07,195972.68605107267,168474.15404335683
2011-10-10,202750.34395342396,168488.7761275298
2011-10-11,204127.6995034994,168491.74762728374
2011-10-12,205142.50467243226,168443.53667372896
2011-10-13,207027.22356652247,169991.08878470314
2011-10-14,210869.0992285003,173145.67210714825
2011-10-17,207607.08756905733,170467.2180175636
2011-10-18,210180.4293015529,172580.20178552432
2011-10-19,206121.03596783406,169247.01361482704
2011-10-20,205106.26219126253,168413.7777911619
2011-10-21,207679.61961993878,170526.77444733508
2011-10-24,211992.64753712298,174068.2232431519
2011-10-25,207824.55815225633,170645.7842011784
2011-10-26,207570.89217642962,170437.49779963391
2011-10-27,213297.43964395564,175139.5945684158
2011-10-28,213623.62197448313,175407.42451151932
2011-10-31,210035.49076923536,172461.192031681
2011-11-01,205562.2936713284,168967.06886620415
2011-11-02,207310.51327109843,170404.06169320524
2011-11-03,211608.2625054384,173936.7041729077
2011-11-04,210515.62722719315,173038.58527664698
2011-11-07,212008.83077195374,174265.96127869835
2011-11-08,214449.13315634182,176271.82886108937
2011-11-09,206909.929231695,170074.79162249467
2011-11-10,206800.54425263198,169984.87990298538
2011-11-11,210697.70944756854,173188.25231197724
2011-11-14,209386.5565774071,172110.51741541634
2011-11-15,211717.47398273216,174026.47327829807
2011-11-16,208221.0505560802,171152.50058921578
2011-11-17,203340.57197040896,167140.86914379292
2011-11-18,201774.49768256673,165803.83913323813
2011-11-21,197913.78363205912,165803.83913323813
2011-11-22,198569.35218069577,165803.83913323813
2011-11-23,194089.4891802042,165803.83913323813
2011-11-25,192596.3014083317,165803.83913323813
2011-11-28,199297.77569952596,165803.83913323813
2011-11-29,198059.52511822234,165803.83913323813
2011-11-30,205380.1956780649,165803.83913323813
2011-12-01,207800.244342605,166753.81298934136
2011-12-02,207214.74555100454,166283.96678531545
2011-12-05,209483.80299235237,168104.82114202523
2011-12-06,208898.28835161566,167634.9622195162
2011-12-07,208898.28835161566,167634.9622195162
2011-12-08,205384.83597706142,164815.5161593498
2011-12-09,208678.66687050453,167408.4845820351
2011-12-12,206336.4339670588,167358.27709890544
2011-12-13,204067.40822398348,165517.88356416608
2011-12-14,200883.38014652784,162886.45637625636
2011-12-15,200334.42946313566,162886.45637625636
2011-12-16,201365.7803067775,162886.45637625636
2011-12-19,199383.7348739049,162886.45637625636
2011-12-20,205293.30721517812,162886.45637625636
2011-12-21,202356.89019346322,162837.60509472794
2011-12-22,204082.11622242985,164176.63536758133
2011-12-23,205843.96960528605,164176.63536758133
2011-12-27,206611.73346384027,164127.3971484368
2011-12-28,204223.77580229353,162230.46095357678
2011-12-29,205693.24431948343,163348.7521077335
2011-12-30,205105.49495053448,163299.7621790798
2012-01-03,210036.14536233962,167379.4357247718
2012-01-04,210922.03348712545,167331.04349129958
2012-01-05,212656.91166581452,168707.37659017445
2012-01-06,213395.25528187034,169293.12766457468
2012-01-09,212693.88936136453,168736.7121521354
2012-01-10,214244.2134859066,169966.63274990546
2012-01-11,214687.11773596582,170318.00253856086
2012-01-12,215536.139639736,170991.55815888208
2012-01-13,214761.00942733194,170376.6231274923
2012-01-17,216717.419355718,171928.70428943294
2012-01-18,219596.64732963953,174212.88585814057
2012-01-19,220962.4014751011,175296.38132105817
2012-01-20,220630.20736262322,175032.841345819
2012-01-23,220704.0512791889,175091.4240335076
2012-01-24,220298.02917507882,174769.31400432743
2012-01-25,223066.51516155203,176965.6404921236
2012-01-26,222291.2575496801,176350.60439075288
2012-01-27,222955.67762450283,176877.70960872644
2012-01-30,223140.34315318422,177024.21054606457
2012-01-31,223435.59141997903,177258.44022683802
2012-02-01,226244.06138000725,179693.09400461736
2012-02-02,226948.49217994,180252.58427004117
2012-02-03,230062.96599163648,182726.23786345014
2012-02-06,229877.62482406182,182579.03166654592
2012-02-07,230359.5566474723,182961.80335089282
2012-02-08,231583.17305344093,183933.65391139884
2012-02-09,233251.65944755034,185258.83999864178
2012-02-10,231620.17090625878,183963.03925130042
2012-02-13,233770.65310623054,185671.0478405987
2012-02-14,234363.914395967,186142.24233761962
2012-02-15,232732.48983712736,184846.4924079867
2012-02-16,235921.21528426718,187379.11995203255
2012-02-17,235179.56269293494,186790.06648472763
2012-02-21,235846.97964443685,187320.15870582277
2012-02-22,234771.70655322503,186466.12900231942
2012-02-23,236328.9914459122,187702.99391230522
2012-02-24,237144.65573849308,188350.83076384038
2012-02-27,237478.4042032765,188615.9086354557
2012-02-28,239888.38323258836,190530.02114573246
2012-02-29,238813.1421326025,189676.01685108332
2012-03-01,241703.76361075524,192177.5707916677
2012-03-02,241517.63661605748,192029.58205882623
2012-03-05,239023.10442426143,190046.19077968586
2012-03-06,236677.62802386988,188181.31308708058
2012-03-07,238501.92313983326,189631.8018943527
2012-03-08,241070.8547309597,191674.34779987572
2012-03-09,242076.00153810432,192473.53548649006
2012-03-12,242187.79338165768,192562.4206763914
2012-03-13,246692.7798082079,196144.3150373666
2012-03-14,247549.03144441292,196825.11684605203
2012-03-15,248256.50034400373,197387.6221728328
2012-03-16,248081.21523068505,197248.2537709085
2012-03-19,249834.00211568584,198641.88670670925
2012-03-20,250281.55497901505,198997.73396696942
2012-03-21,250318.85105095914,199027.38790532446
2012-03-22,249796.75422988122,198612.2710809361
2012-03-23,249647.5699421048,198493.65532751603
2012-03-26,254011.04973909966,201963.0384064466
2012-03-27,254383.8337760293,202259.43731052996
2012-03-28,253377.04864014295,201458.94699613258
2012-03-29,252407.39895573579,200687.98291148405
2012-03-30,251922.37333795114,200302.34123340205
2012-04-02,255532.84665015063,203377.85532080795
2012-04-03,255457.88091375964,203318.1903075245
2012-04-04,251975.93289136438,200546.91792349785
2012-04-05,253548.42346597754,201798.45863448465
2012-04-09,251638.90151766938,200278.6756256622
2012-04-10,247595.42804069386,197060.48675259054
2012-04-11,248793.52531190286,198014.04891369227
2012-04-12,251638.90151766938,200278.6756256622
2012-04-13,247820.01887236815,197239.23794747377
2012-04-16,245049.38265115148,195034.09657354833
2012-04-17,250028.984512821,198997.34732684342
2012-04-18,249392.62232290188,198490.86849608005
2012-04-19,246584.3984201349,196255.8111948662
2012-04-20,245910.49692406,195719.45493865135
2012-04-23,243664.00810258285,193931.48096777586
2012-04-24,242353.63154066826,192888.55604317816
2012-04-25,248793.52531190286,198014.04891369227
2012-04-26,250253.63984502133,199176.14985750924
2012-04-27,251751.29368429555,200368.12822677768
2012-04-30,249954.08327695605,198937.73364934252
2012-05-01,251365.715976489,200265.28971465206
2012-05-02,252079.8842027872,200834.27385868697
2012-05-03,249410.9287637366,198707.8934485321
2012-05-04,243208.52998075774,193766.38746640662
2012-05-07,243434.14710953363,193946.13862890453
2012-05-08,242532.00238479854,193227.391945564
2012-05-09,241780.12877008767,192628.3675850066
2012-05-10,241291.48053545484,192239.05721347427
2012-05-11,241253.88847367116,192209.10728527966
2012-05-14,238998.42952472286,190412.163186933
2012-05-15,238209.06098533885,189783.2662881763
2012-05-16,236592.71565526872,188495.50966413575
2012-05-17,231593.19809129456,184512.34979090776
2012-05-18,228585.9950437828,182116.4845186641
2012-05-21,234976.3217566433,187207.71434509754
2012-05-22,234713.1773241574,186998.06484773522
2012-05-23,235164.26587604338,187357.45108773804
2012-05-24,233623.08848002224,186129.58142175418
2012-05-25,233322.3843647895,185890.00779286237
2012-05-29,236291.97916099912,188255.91023857883
2012-05-30,234299.71321309198,186668.65433259212
2012-05-31,233284.84087156106,185860.09655966543
2012-06-01,228082.10979951837,181918.26487084787
2012-06-04,229818.85980310067,183303.49647644747
2012-06-05,230762.74991655818,184056.34312373545
2012-06-06,236048.58008213397,188272.3206634415
2012-06-07,235104.67370788584,187519.46104654876
2012-06-08,237370.01323234197,189326.29559396088
2012-06-11,233367.89118272226,186134.20350173963
2012-06-12,236199.54526230416,188392.73047399882
2012-06-13,234576.0191438495,187097.80622631722
2012-06-14,235444.45918880316,187790.47390753604
2012-06-15,238369.61281448358,190123.5761071439
2012-06-18,240602.33319294432,191904.3936274149
2012-06-19,243100.0068938623,193896.5378875848
2012-06-20,243289.23371437506,194047.46517813366
2012-06-21,237234.38197773194,189218.1161206887
2012-06-22,239731.99063548743,191210.20850243958
2012-06-25,235115.14565704888,187527.8134720118
2012-06-26,236591.04005741162,188704.9866781111
2012-06-27,238029.0305548256,189851.92773552352
2012-06-28,235380.1315010874,187739.16615112018
2012-06-29,242797.24723319997,193655.05681662753
2012-07-02,244515.91818069405,195228.2079808996
2012-07-03,246567.86614384953,196866.5394510858
2012-07-05,246719.81028301216,196987.85581454643
2012-07-06,243641.9373209157,194530.3977183463
2012-07-09,243185.99061060871,194166.3573734464
2012-07-10,240792.1111879278,192255.0184582148
2012-07-11,239462.2489280248,191193.21999620044
2012-07-12,237220.3952822344,189403.262626228
2012-07-13,240830.1380415824,192285.38013997924
2012-07-16,240146.17715725803,191739.2870317301
2012-07-17,241400.10000267086,192740.45338473358
2012-07-18,244668.0092677669,195349.64167159764
2012-07-19,247365.7606412275,197503.60027739083
2012-07-20,244097.9983240417,194894.52931776416
2012-07-23,241134.12428518114,192528.09108505878
2012-07-24,239234.2184264618,191011.1541964915
2012-07-25,237638.31513888674,189736.94128936346
2012-07-26,240792.1111879278,192255.0184582148
2012-07-27,246491.77978144915,196805.7900148375
2012-07-30,246301.8251161775,196654.12500597214
2012-07-31,246225.85304659617,196593.46682424183
2012-08-01,246503.61438122694,197016.7512332804
2012-08-02,245626.0582483386,196315.368988803
2012-08-03,250280.73375190335,200035.59454435695
2012-08-06,252188.29412019879,201560.20239842965
2012-08-07,254286.73020175652,203237.36668868555
2012-08-08,254172.2670711203,203145.88261779048
2012-08-09,254935.31089127675,203755.7414828348
2012-08-10,255087.85735798685,203877.6634650288
2012-08-13,255698.3383174013,204365.58724503306
2012-08-14,255812.8014480375,204457.07131592813
2012-08-15,256461.43131965338,204975.48541861543
2012-08-16,259513.60660027913,207414.92087879262
2012-08-17,260658.20511857758,208329.73538205112
2012-08-20,261039.67784656014,208634.62550603523
2012-08-21,260009.60803502548,207811.34748505586
2012-08-22,261077.87594085722,208665.15513725628
2012-08-23,258941.30734112993,206957.5136271634
2012-08-24,260543.74198794135,208238.25131115605
2012-08-27,260963.46199231668,208573.71037489927
2012-08-28,260963.46199231668,208573.71037489927
2012-08-29,260963.46199231668,208573.71037489927
2012-08-30,258330.82638171548,206469.5898471591
2012-08-31,260047.69137109935,207841.7853963548
2012-09-04,260780.26710550286,208627.98771331663
2012-09-05,260512.2793603244,208413.5936388379
2012-09-06,266295.4759663889,213040.23461848526
2012-09-07,265912.4858653208,212733.83699497324
2012-09-10,262503.87067439087,210006.89551252953
2012-09-11,262082.56839751985,209669.84759391888
2012-09-12,262848.5979710166,210282.68233874586
2012-09-13,266410.3302081968,213132.11967410962
2012-09-14,268784.96099469194,215031.85866911628
2012-09-17,268899.7987793797,215123.7305588063
2012-09-18,269129.63891995704,215307.6059975296
2012-09-19,269627.46680571284,215705.87551073165
2012-09-20,269359.3803178133,215491.40244064698
2012-09-21,269436.1198692605,215552.79519238454
2012-09-24,267861.45323809446,214293.03909877423
2012-09-25,264097.4300795354,211281.76609874004
2012-09-26,261946.4515564261,209560.95215115213
2012-09-27,265556.88041224936,212449.34748617094
2012-09-28,263367.7049131784,210697.9754050246
2012-10-01,263983.2958179104,211390.3825879518
2012-10-02,264754.36839818716,212007.83577658163
2012-10-03,266450.72477086005,213366.23014586847
2012-10-04,267376.0911616558,214107.23746899577
2012-10-05,265949.53420155216,212964.8908646567
2012-10-08,263520.6291421925,211019.89215488223
2012-10-09,259318.17124586063,207654.68232309
2012-10-10,258007.41724204586,206605.06746209433
2012-10-11,257197.6720910598,205956.64636887578
2012-10-12,257082.06737093002,205864.0733674611
2012-10-15,258971.2579673918,207376.88394788164
2012-10-16,262633.8692433863,210309.7998223674
2012-10-17,262479.70759030676,210186.35151582243
2012-10-18,259433.84204471012,207747.3082384809
2012-10-19,253226.57231210681,202776.70159635946
2012-10-22,254537.40891432125,203826.38259982542
2012-10-23,252108.50385496157,201881.38389005093
2012-10-24,251221.77699551528,201171.31801452424
2012-10-25,251221.77699551528,201171.31801452424
2012-10-26,251954.2265641225,201757.84298404754
2012-10-31,250412.06488388908,200522.9233782938
2012-11-01,254958.738490367,204362.93988434982
2012-11-02,252249.3609168595,202191.23018160652
2012-11-05,253913.78572924176,203525.35487130703
2012-11-06,254378.24050530334,203897.639987092
2012-11-07,248378.6722637533,199088.66810740775
2012-11-08,244469.3744080522,195896.37216370497
2012-11-09,245514.50960097666,195896.37216370497
2012-11-12,245475.75113600053,195896.37216370497
2012-11-13,243772.7005363143,195896.37216370497
2012-11-14,240908.4217805745,195896.37216370497
2012-11-15,240095.57202216244,195896.37216370497
2012-11-16,241140.62429154178,195896.37216370497
2012-11-19,246869.13204889433,195896.37216370497
2012-11-20,246946.6158094285,195896.37216370497
2012-11-21,247449.77929633914,195896.37216370497
2012-11-23,251204.2920627711,195896.37216370497
2012-11-26,252288.13596654462,195896.37216370497
2012-11-27,251436.49457373837,195896.37216370497
2012-11-28,253604.1160424493,195896.37216370497
2012-11-29,255113.62308789027,195837.62087744175
2012-11-30,254687.81068384164,195510.74657280985
2012-12-03,255184.39704103104,196124.2320997716
2012-12-04,255028.8866375212,196004.71319961332
2012-12-05,252192.27031791015,193824.60656340726
2012-12-06,253824.3303578291,195020.41710293983
2012-12-07,252308.85317073413,195020.41710293983
2012-12-10,253047.11133900256,195020.41710293983
2012-12-11,256350.24221920702,195020.41710293983
2012-12-12,255806.12230628388,194961.92852438253
2012-12-13,253785.4694068878,193421.89350648347
2012-12-14,251376.2569478868,191528.2431793668
2012-12-17,254718.06562973512,191528.2431793668
2012-12-18,258604.0108744427,191470.80193878518
2012-12-19,257477.10989688872,190636.44274556052
2012-12-20,257477.10989688872,190636.44274556052
2012-12-21,254769.0810340557,188631.41406759556
2012-12-24,254261.141432356,188255.3348159821
2012-12-26,252033.86282551265,186550.2724805152
2012-12-27,251643.17207408237,186550.2724805152
2012-12-28,249220.42321700286,186550.2724805152
2012-12-31,254495.55588321417,186550.2724805152
2013-01-02,263583.8115979721,187494.02427323326
2013-01-03,262211.0459251028,186517.5403274627
2013-01-04,261348.05338202041,185903.67127443035
2013-01-07,261426.55587015554,185959.5121370641
2013-01-08,260916.6657470926,185596.81402396425
2013-01-09,261897.2031058135,186294.29576315862
2013-01-10,263466.2333556833,187410.38780982504
2013-01-11,263819.1686424514,187661.43986352667
2013-01-14,262642.3332800798,186824.32624619026
2013-01-15,261348.05338202041,185903.67127443035
2013-01-16,262407.14336885186,186657.0295421277
2013-01-17,263662.3140861073,187549.86513586697
2013-01-18,263074.00504153484,187131.38560324884
2013-01-22,263505.3592498124,187438.21907646878
2013-01-23,265113.54882046155,188582.16616702513
2013-01-24,261465.79875756055,185987.4266240694
2013-01-25,262799.4051096506,186936.0555259501
2013-01-28,263387.73086754815,187354.54694719132
2013-01-29,263426.957041628,187382.44954557356
2013-01-30,262877.80731783493,186991.8250568453
2013-01-31,262289.4481332871,186573.3098583579
2013-02-01,266387.882268969,189777.22011154305
2013-02-04,261741.95907306045,186467.42095153083
2013-02-05,265600.4203145223,189216.22484634697
2013-02-06,264734.2440395689,188599.15276263535
2013-02-07,264970.4876587878,188767.45492766853
2013-02-08,267687.0040829925,190702.72664867115
2013-02-11,267765.8861663306,190758.92298299764
2013-02-12,266663.4327195919,189973.52483109068
2013-02-13,267608.3233150521,190646.67373331782
2013-02-14,267529.5418894128,190590.5491084779
2013-02-15,266742.1805926649,190029.6255527684
2013-02-19,268671.31894383853,191403.9617664804
2013-02-20,264537.32402803696,188458.86510369778
2013-02-21,261702.53480767453,186439.33473594868
2013-02-22,264340.5382267702,188318.67305740897
2013-02-25,261072.68603335577,185990.62457517572
2013-02-26,262056.96734163555,186691.83578982283
2013-02-27,264734.2440395689,188599.15276263535
2013-02-28,264182.9250466422,188206.38795298582
2013-03-01,266285.1624647697,189991.5459527713
2013-03-04,267470.78133729845,190837.47202847718
2013-03-05,271422.6253321916,193657.06942175387
2013-03-06,270751.049121654,193177.90715343927
2013-03-07,271462.2150032373,193685.31621829377
2013-03-08,271778.41034701664,193910.91813179
2013-03-11,272568.77241019416,194474.83280452507
2013-03-12,271580.71458432986,193769.86437110163
2013-03-13,271225.1821620466,193516.19588307658
2013-03-14,272134.1280038306,194164.71878262318
2013-03-15,271377.59650174656,193624.94184457493
2013-03-18,270783.24625097745,193200.87945245428
2013-03-19,270268.3784533498,192833.52691982672
2013-03-20,272169.72671271645,194190.1180713877
2013-03-21,269079.9979023644,191985.63041679945
2013-03-22,271694.39806762617,193850.97629089782
2013-03-25,270704.13426689716,193144.43391857744
2013-03-26,272169.72671271645,194190.1180713877
2013-03-27,272526.35370268073,194444.56752146082
2013-03-28,273199.73174001626,194925.01537345463
2013-04-01,272337.52168614324,194596.26297519993
2013-04-02,274484.49116910895,196130.36020690057
2013-04-03,271979.7497774663,194340.62035939365
2013-04-04,272059.3053506967,194397.46606010228
2013-04-05,269793.14617101947,192778.20293050545
2013-04-08,271224.35211654374,193800.8579316326
2013-04-09,273053.133109678,195107.59651418508
2013-04-10,278380.5677611621,198914.26578254302
2013-04-11,278261.4287690862,198829.1361151763
2013-04-12,278062.7004006893,198687.13659341467
2013-04-15,272576.0700950183,194766.71553942375
2013-04-16,276194.0824655317,197351.93289155688
2013-04-17,270787.21055163344,193488.50246039237
2013-04-18,267049.9239766825,190818.05882614732
2013-04-19,270707.4690614058,193431.5239144091
2013-04-22,273490.5450993114,195420.1452149157
2013-04-23,276114.4930892108,197295.06303716195
2013-04-24,275995.2188847733,197209.83675505006
2013-04-25,277466.29557541135,198260.98102916882
2013-04-26,276591.6913162321,197636.0406266685
2013-04-29,279136.0499298107,199454.0885945198
2013-04-30,281163.6945037033,200902.9233135791
2013-05-01,280851.3952464088,200965.14637716426
2013-05-02,284402.5092562885,203506.17041648348
2013-05-03,287754.015371231,205904.36365452115
2013-05-06,288871.2293080031,206703.79376645284
2013-05-07,288711.617624509,206589.58252919422
2013-05-08,290108.12656451325,207588.86410049902
2013-05-09,289709.14824154304,207303.3724190115
2013-05-10,291464.60536923097,208559.50183334152
2013-05-13,291823.7910238189,208816.51959744236
2013-05-14,293339.8815120308,209901.36856754348
2013-05-15,293938.46772993816,210329.6910503126
2013-05-16,293619.1765152629,210101.22002691656
2013-05-17,296452.0549113407,212128.30563579162
2013-05-20,296013.2160723013,211814.29148803864
2013-05-21,296332.2019723854,212042.5440414803
2013-05-22,293738.9276826879,210186.90879790977
2013-05-23,293060.58650879865,209701.5171081704
2013-05-24,292901.00874914794,209587.33014535112
2013-05-28,294816.21325570386,210957.7678946973
2013-05-29,293419.7043156996,209958.48632339248
2013-05-30,294975.68924382416,211071.88203419844
2013-05-31,292262.52809132787,209130.4609218772
2013-06-03,293781.0255193829,210501.3900132097
2013-06-04,292259.6902698863,209411.31558063196
2013-06-05,288456.1989676016,206686.01974296305
2013-06-06,289857.5783980835,207690.14285653323
2013-06-07,293821.0561786228,210530.0729732417
2013-06-10,293941.14815634245,210616.1218533378
2013-06-11,291018.4334763639,208521.92430718988
2013-06-12,287655.6538621563,206112.40932286676
2013-06-13,291298.92040845286,208722.90014959118
2013-06-14,289377.17644752865,207345.92294587678
2013-06-17,292179.59491173027,209353.9252702958
2013-06-18,294581.7748628855,211075.1467749388
2013-06-19,291298.92040845286,208722.90014959118
2013-06-20,284372.7143085331,203760.10172183882
2013-06-21,282862.5951323524,202678.06388392992
2013-06-24,280051.2412531419,200663.6591130752
2013-06-25,282099.4766509159,202131.27056804727
2013-06-26,284629.74790370354,203944.27266673834
2013-06-27,285834.76946188504,204807.70049549156
2013-06-28,286236.3014826279,205095.40814560873
2013-07-01,289003.0352050853,207361.23165243768
2013-07-02,289123.9197751131,207447.96698139698
2013-07-03,290292.66417976754,208286.54737576566
2013-07-05,292509.2684190485,209876.97283554377
2013-07-08,292791.37795955705,210079.38794768698
2013-07-09,294564.68184568145,211351.74302056665
2013-07-10,296257.4757200637,212566.3317271403
2013-07-11,302141.43567029043,216788.10462792247
2013-07-12,303471.4392032583,217742.3893139037
2013-07-15,304156.44038080506,218233.88134186342
2013-07-16,303753.275481105,217944.60835861776
2013-07-17,304519.2648800521,218494.2098708845
2013-07-18,303753.275481105,217944.60835861776
2013-07-19,300609.79845072347,215689.14668767544
2013-07-22,301496.39915703656,216325.28746147233
2013-07-23,299279.9315490865,214734.96003540876
2013-07-24,300247.17889847275,215428.96520922624
2013-07-25,302141.43567029043,216788.10462792247
2013-07-26,303753.275481105,217944.60835861776
2013-07-29,303189.2271892516,217539.90067647462
2013-07-30,304801.37442056066,218696.62498302766
2013-07-31,305365.45687024685,219101.35717359948
2013-08-01,309468.3960636467,222327.6480055761
2013-08-02,311206.9758201916,223576.67489510454
2013-08-05,311409.160165278,223721.92775606993
2013-08-06,309549.30407021433,222385.77376909123
2013-08-07,308983.25644103845,221979.1149966461
2013-08-08,310519.72038956307,223082.9382634671
2013-08-09,309266.3145241595,222182.46900199764
2013-08-12,309994.0068238053,222705.25620582813
2013-08-13,311732.518043284,223954.23385709862
2013-08-14,310560.0887215142,223111.93959740223
2013-08-15,305303.94685139536,219335.83297575283
2013-08-16,305182.67051287653,219248.70587830257
2013-08-19,304656.9569471188,218871.0238206636
2013-08-20,305991.27081909,219829.6188456482
2013-08-21,304939.94649317366,219074.3285877572
2013-08-22,307931.9321151221,221223.8247387551
2013-08-23,309994.0068238053,222705.25620582813
2013-08-26,310155.7885684075,222821.48311372942
2013-08-27,303807.9540404211,218261.08490025386
2013-08-28,304980.41763072397,219103.40377907924
2013-08-29,307123.2975403756,220642.88715228048
2013-08-30,305142.1651067931,219219.60606785154
2013-09-03,307880.4792218441,221468.35766648196
2013-09-04,311166.15738529665,223831.85193061858
2013-09-05,311693.4460039164,224211.14763873589
2013-09-06,312058.563375615,224473.7883390166
2013-09-09,315709.2557702657,227099.84911114574
2013-09-10,317250.6905499369,228208.65285851742
2013-09-11,316642.2303574395,227770.96781957502
2013-09-12,316439.45613349613,227625.10578094452
2013-09-13,316642.2303574395,227770.96781957502
2013-09-16,315790.3929639765,227158.21371120814
2013-09-17,317899.7537194565,228675.5449282538
2013-09-18,321712.7548816956,231418.35963127046
2013-09-19,322483.4550814478,231972.74913957494
2013-09-20,321376.8262716328,231176.7153485545
2013-09-23,320725.7690524372,230708.38889457934
2013-09-24,320725.7690524372,230708.38889457934
2013-09-25,319627.32272232696,229918.24102509065
2013-09-26,322109.1925853733,231703.53005640578
2013-09-27,321702.4064514808,231410.91567168623
2013-09-30,320929.2308797171,230854.7455484646
2013-10-01,325183.8388838328,234195.80586992344
2013-10-02,325061.3439498301,234107.58561924243
2013-10-03,321265.96670837,231374.17354472156
2013-10-04,324041.03563975025,233372.7645785194
2013-10-07,321347.4920529597,231432.88769804643
2013-10-08,315144.1858202637,226965.29697394793
2013-10-09,314164.8126134105,226259.95719379876
2013-10-10,320817.06002033147,231050.87314970055
2013-10-11,323347.3115146382,232873.1478660478
2013-10-14,325632.711085685,234519.08142816214
2013-10-15,324367.58533853164,233607.94406998853
2013-10-16,328040.5711045482,236253.21040417525
2013-10-17,329917.79217366484,237605.17581114874
2013-10-18,335264.25461969676,241455.67184256137
2013-10-21,335998.87936184916,241984.7449788245
2013-10-22,336488.5487221826,242337.40245050797
2013-10-23,334447.9665882092,240867.78520584418
2013-10-24,335917.2505587004,241925.9563151528
2013-10-25,338325.0416051908,243660.03561760133
2013-10-28,338406.56694978045,243718.74977092617
2013-10-29,338978.0030580081,244130.29525341047
2013-10-30,338651.6257901586,243895.23994585275
2013-10-31,337876.13491715223,243336.7352225803
2013-11-01,338957.49829646037,244395.2488130073
2013-11-04,339448.68530547427,244749.40463456305
2013-11-05,339817.18797388027,245015.10255181216
2013-11-06,339735.1447666849,244955.9477311143
2013-11-07,333349.7482377034,240351.94698968434
2013-11-08,337852.1978204343,243598.3046940273
2013-11-11,337320.30050161056,243214.7959112737
2013-11-12,337852.1978204343,243598.3046940273
2013-11-13,341945.39983675064,246549.5865811287
2013-11-14,343009.8516501724,247317.07798373257
2013-11-15,343664.5716623985,247789.14442597106
2013-11-18,340308.23663009953,245369.15861818966
2013-11-19,339325.82802387315,244660.82203628361
2013-11-20,338507.09077365365,244070.49583023856
2013-11-21,341945.39983675064,246549.5865811287
2013-11-22,343787.32517940365,247877.65220786678
2013-11-25,344606.13160602044,248468.02829150096
2013-11-26,346407.03534507577,249766.5165078901
2013-11-27,348821.98337474605,251507.7431441144
2013-11-29,350909.5195160053,253012.89915102764
2013-12-02,350886.0315135448,253274.8598203076
2013-12-03,350598.71888935484,253067.4732101812
2013-12-04,350927.06626356486,253304.47932529126
2013-12-05,350475.44120417186,252978.48950712805
2013-12-06,353020.5322550816,254815.57483186605
2013-12-09,354457.1994371047,255852.5829953594
2013-12-10,354211.06031103304,255674.91604069842
2013-12-11,349654.6421426959,252386.0242945938
2013-12-12,348751.46139795886,251734.0947335083
2013-12-13,348300.04446071305,251408.25514106776
2013-12-16,350229.2673910757,252800.79751484664
2013-12-17,349531.36445751286,252297.04059154066
2013-12-18,353595.1575034614,255230.34805211885
2013-12-19,352610.0806938068,254519.30466916825
2013-12-20,356200.7427251531,257111.09898690882
2013-12-23,359948.2941684529,259816.13846191144
2013-12-24,360112.84941282775,259934.91693329133
2013-12-26,361307.12366742856,260796.9622051315
2013-12-27,360401.13327370456,260143.00459679012
2013-12-30,359865.8777981674,259756.64907573973
2013-12-31,362213.079374128,261450.89477585242
2014-01-02,360371.4265366724,260399.66322488684
2014-01-03,357770.0368763593,258519.93319753048
2014-01-06,356448.47193607566,257564.98771617818
2014-01-07,359751.9668845823,259952.04981020547
2014-01-08,360536.54389129486,260518.9748583021
2014-01-09,359339.051755717,259653.68275727256
2014-01-10,360495.25585676,260489.14066642008
2014-01-13,355168.33416439436,256639.97696315905
2014-01-14,361940.58055009757,261533.51332108007
2014-01-15,364913.6668717748,263681.8264777129
2014-01-16,364955.02447334345,263711.7109378205
2014-01-17,362890.27491143264,262219.7500025919
2014-01-21,365657.02541098633,264218.9676021531
2014-01-22,366606.6502052877,264905.1540154394
2014-01-23,365368.1135197931,264010.20366131735
2014-01-24,358182.77808764024,258818.17457989947
2014-01-27,354714.0962174774,256311.7505842313
2014-01-28,354507.69082832005,256162.60475893403
2014-01-29,350708.6698983616,253417.482094097
2014-01-30,357191.6217741859,258101.97803594163
2014-01-31,356241.89262933395,257415.71622031694
2014-02-03,349065.5879429361,252507.5425624933
2014-02-04,351633.07746751205,254364.81664736127
2014-02-05,350722.13182140497,253705.85553961634
2014-02-06,355194.4654124328,256941.05833128985
2014-02-07,361530.6550506825,261524.5398603425
2014-02-10,363601.3348987685,263022.4310817463
2014-02-11,367742.5550612581,266018.1125884878
2014-02-12,368446.5722562391,266527.38551015843
2014-02-13,371179.75802876666,268504.52117355855
2014-02-14,371925.14696060464,269043.7216388375
2014-02-18,373747.31732018385,270361.8457264596
2014-02-19,371179.75802876666,268504.52117355855
2014-02-20,372919.1151477907,269762.73970593116
2014-02-21,372422.13105419767,269403.2306723843
2014-02-24,374409.99766172847,270841.21633853856
2014-02-25,373995.8616921113,270541.6380942578
2014-02-26,373664.57384646987,270301.99063924316
2014-02-27,376088.93669623625,272055.72955427587
2014-02-28,375673.1263224292,271754.9400772015
2014-03-03,373886.5480736889,270739.0983306111
2014-03-04,378640.0194466051,274181.18673971336
2014-03-05,379682.19241576263,274935.8460646555
2014-03-06,379348.7572259728,274694.3986440395
2014-03-07,377472.3492089103,273335.6522081028
2014-03-10,377806.0642142376,273577.30224902346
2014-03-11,376179.7763106953,272399.6730379713
2014-03-12,377597.6016388524,273426.3501220046
2014-03-13,372260.5050087418,269561.64641232556
2014-03-14,369717.0167504466,267719.8531699283
2014-03-17,372969.24278810946,270074.8583166517
2014-03-18,377472.3492089103,273335.6522081028
2014-03-19,375429.3809931928,271856.29603577947
2014-03-20,376471.72884706117,272611.0819984121
2014-03-21,371941.4803191296,269330.63393740286
2014-03-24,368681.94410055137,266970.3353352185
2014-03-25,369893.6852853914,267847.78256482305
2014-03-26,365129.6508759372,264398.04523921746
2014-03-27,363081.85584219894,262915.19386663765
2014-03-28,363792.3424686755,263429.6721478684
2014-03-31,366383.32941444946,265305.86018699233
2014-04-01,373818.9267730779,270965.9285957549
2014-04-02,374782.6354032306,271664.48125096486
2014-04-03,371807.4098986998,269507.86294226605
2014-04-04,361918.4456037323,262339.7604168882
2014-04-07,358482.25040471746,259849.0041810421
2014-04-08,361792.6118192064,262248.54869423114
2014-04-09,367994.23940707924,266743.8528583595
2014-04-10,356596.56731486524,258482.15025021028
2014-04-11,352448.19077182363,255475.16311915882
2014-04-14,355213.72837287607,257479.78731142328
2014-04-15,356387.1950479701,258330.38492572235
2014-04-16,361122.19971636427,261762.5945999412
2014-04-17,361206.05383531674,261823.37699371853
2014-04-21,363887.7723881482,263767.24421353306
2014-04-22,366779.0736322636,265863.02928579977
2014-04-23,363552.6014074586,263524.29258771543
2014-04-24,367030.565847658,266045.325624477
2014-04-25,361164.1793819377,261793.02392882094
2014-04-28,362337.4005619114,262643.44359382836
2014-04-29,365228.7368767583,264739.25408742245
2014-04-30,366192.4104361795,265437.781321305
2014-05-01,368281.68801156257,267227.2712104724
2014-05-02,367609.34562412335,266739.4157797976
2014-05-05,369542.1497612872,268141.8693694597
2014-05-06,364752.30368023954,264666.3300216646
2014-05-07,363701.7840850738,263904.06707482913
2014-05-08,363365.7359730193,263660.2286682425
2014-05-09,364710.31524932774,264635.8629792343
2014-05-12,370718.7049815684,268995.58447715815
2014-05-13,370970.81139798934,269178.51431566995
2014-05-14,369038.0072608254,267776.0607260079
2014-05-15,366138.8010550796,265672.3803415148
2014-05-16,368533.8295941736,267410.2265657702
2014-05-19,371096.8470231048,269269.9664765329
2014-05-20,369752.23258060636,268294.3066487552
2014-05-21,373281.6872443095,270855.2988711349
2014-05-22,374920.3965341407,272044.35557985475
2014-05-23,377651.5435176692,274026.09124426864
2014-05-27,382357.5182354635,277440.77305756084
2014-05-28,381180.9278489923,276587.0324330764
2014-05-29,383617.9799851881,278355.3712165481
2014-05-30,383659.9684160999,278385.8382589784
2014-06-02,384281.6671292967,279111.25841672043
2014-06-03,384113.02853281394,278988.7729199921
2014-06-04,385545.3107207542,280029.0673656529
2014-06-05,388789.1797215483,282385.15259270585
2014-06-06,391021.8517858747,284006.78579254396
2014-06-09,390727.06037772243,283792.67305197404
2014-06-10,391400.98012122465,284282.1540857323
2014-06-11,391316.67845193966,284220.92414162244
2014-06-12,387778.08855881874,281650.77739101683
2014-06-13,388915.4383069559,282476.85666207323
2014-06-16,389252.5392103579,282721.6996129868
2014-06-17,389463.1699808759,282874.6848434813
2014-06-18,391653.67358160345,284465.6902670101
2014-06-19,391400.98012122465,284282.1540857323
2014-06-20,391861.342687454,284616.52438278054
2014-06-23,391945.9264200407,284677.9591949594
2014-06-24,391565.8108631349,284401.8738635297
2014-06-25,394057.87539125467,286211.9088612834
2014-06-26,394269.070288376,286365.3038279158
2014-06-27,396000.97421850957,287623.2193798273
2014-06-30,396676.7273734726,288114.0320560338
2014-07-01,402027.25389162253,292273.8221096859
2014-07-02,402704.72694120405,292766.3450311068
2014-07-03,405245.4894613202,294613.4794371428
2014-07-07,404017.5054946817,293720.7350673404
2014-07-08,399147.80786542344,290180.46478754125
2014-07-09,402111.8010578248,292335.28790130897
2014-07-10,400841.61419969564,291411.86202849745
2014-07-11,403424.650302913,293289.729330345
2014-07-14,405838.2386156731,295044.4080849347
2014-07-15,404440.9835876037,294028.60364988033
2014-07-16,406050.030680842,295198.38092080643
2014-07-17,400672.1310634332,291288.6477848384
2014-07-18,407024.0550366263,295906.4966481291
2014-07-21,406515.7823568652,295536.9823991579
2014-07-22,409098.9244974983,297414.92679020896
2014-07-23,411724.44625864836,299323.6811662751
2014-07-24,411258.48250779364,298984.92550951656
2014-07-25,409649.4354145553,297815.1482385905
2014-07-28,409776.32685546926,297907.39831882744
2014-07-29,409056.54487698135,297384.1168051939
2014-07-30,410665.73335344077,298553.9968617247
2014-07-31,402365.9373977054,292520.0450257946
2014-08-01,401883.5525269645,292442.2693178808
2014-08-04,404643.0421355618,294450.29228429263
2014-08-05,401543.91813043656,292195.12445953937
2014-08-06,401246.9462079222,291979.0241926891
2014-08-07,399973.37923035235,291052.2760968614
2014-08-08,402859.9704122773,293152.7882241361
2014-08-11,405237.0922824362,294882.5701716264
2014-08-12,405067.328235095,294759.0364192723
2014-08-13,409354.9777413512,297879.0694332263
2014-08-14,411477.61299326655,299423.66678263544
2014-08-15,413472.72146447207,300875.4655566485
2014-08-18,416656.5680404996,303192.2842271289
2014-08-19,418991.34634218155,304891.25364402786
2014-08-20,418991.34634218155,304891.25364402786
2014-08-21,419840.3791825786,305509.0771130648
2014-08-22,420477.05636951793,305972.3738073454
2014-08-25,421962.97900054546,307053.64867792954
2014-08-26,422387.3714019242,307362.4701665425
2014-08-27,422472.20027467195,307424.19836590294
2014-08-28,422005.3580029708,307084.4869930653
2014-08-29,423576.0032049006,308227.41270937654
2014-09-02,425806.7141002754,310122.8936573193
2014-09-03,423296.41987080226,308294.6000099999
2014-09-04,422913.4364434782,308015.6661069601
2014-09-05,425040.9248323042,309565.1551908962
2014-09-08,425849.4059373934,310153.98691072315
2014-09-09,422317.7396946069,307581.809163458
2014-09-10,425806.7141002754,310122.8936573193
2014-09-11,425466.45802740473,309875.0788756147
2014-09-12,423296.41987080226,308294.6000099999
2014-09-15,419211.3935429088,305319.39989332366
2014-09-16,422870.7090890248,307984.54698562494
2014-09-17,423509.0621576787,308449.4713145996
2014-09-18,426700.40129292384,310773.7825442976
2014-09-19,426435.8681790678,310581.1181920913
2014-09-22,422469.3276819777,307692.2134941799
2014-09-23,421317.749117188,306853.4975581455
2014-09-24,425838.6797021109,310146.17479547526
2014-09-25,416881.84703314735,303622.7481483106
2014-09-26,421317.749117188,306853.4975581455
2014-09-29,420763.252477349,306449.6474149333
2014-09-30,421360.36991963524,306884.5390756868
2014-10-01,415621.0107959882,302976.0578837561
2014-10-02,415621.0107959882,302976.0578837561
2014-10-03,419725.5706046839,305968.1668433225
2014-10-06,418827.7348620964,305313.66977303405
2014-10-07,412884.7087961346,300981.37048451393
2014-10-08,420922.5781192186,306840.7517430041
2014-10-09,414124.5822887039,301885.20347970765
2014-10-10,403777.93145101465,294342.7852629311
2014-10-13,397450.07286298025,289729.95386112883
2014-10-14,397492.9388410148,289761.20195664105
2014-10-15,394927.6023116944,287891.14358949993
2014-10-16,392447.85532655596,286083.47759911243
2014-10-17,397621.14514242875,289854.660753933
2014-10-20,403564.1000024469,294186.9081353178
2014-10-21,414167.4838697102,301916.47752878757
2014-10-22,412029.6678256381,300358.0696026023
2014-10-23,418229.070891456,304877.26053213864
2014-10-24,421649.5552001883,307370.6976418945
2014-10-27,421948.69136916363,307588.75951771985
2014-10-28,428319.2023174019,312232.68329362816
2014-10-29,426737.4690897099,311079.64414136764
2014-10-30,427635.19802338205,311734.06335095305
2014-10-31,433535.35811130924,316035.11454396095
2014-11-03,435817.6908629707,317969.8178639368
2014-11-04,434360.7150448675,316906.81756535533
2014-11-05,434403.6082074078,316938.1121441815
2014-11-06,435774.94043973996,317938.62742680387
2014-11-07,435389.009031359,317657.05432363803
2014-11-10,436931.84254419775,318782.6958507186
2014-11-11,438303.21046135726,319783.23716876423
2014-11-12,439074.5023208807,320345.96680832293
2014-11-13,440960.1599705956,321721.7306472032
2014-11-14,442331.49220292777,322722.2459298256
2014-11-17,441002.98176348116,321752.9731551828
2014-11-18,444302.722068759,324160.4427138184
2014-11-19,442288.4919859052,322690.8732447294
2014-11-20,444259.7575365638,324129.09606414556
2014-11-21,445116.83572116797,324754.4148613566
2014-11-24,448587.8631979879,327286.85445191053
2014-11-25,449273.58284139505,327787.15114635666
2014-11-26,452187.6772169111,329913.255885213
2014-11-28,454287.47951588116,331445.2582994144
2014-12-01,450144.63912857446,328692.9935352744
2014-12-02,451948.5523441466,330010.2004580362
2014-12-03,452764.6568598218,330606.1152218202
2014-12-04,452549.8209850832,330449.24331744004
2014-12-05,452592.8096185834,330480.6333672261
2014-12-08,449371.7378319244,328128.62551037694
2014-12-09,450788.96793151955,329163.4786741645
2014-12-10,443702.42402674817,323988.92559187586
2014-12-11,445806.9000342803,325525.60171463946
2014-12-12,440953.8338017959,321981.9210193227
2014-12-15,436401.2588327631,318657.6572943076
2014-12-16,429400.4776094673,313545.72762249067
2014-12-17,437217.1845271675,319253.4414838412
2014-12-18,447739.743386099,326936.95267190936
2014-12-19,449709.81732649816,328375.4891881038
2014-12-22,450830.63328761584,329193.9024744979
2014-12-23,449235.6190805918,328029.2323910044
2014-12-24,449623.33935993945,328312.34348063066
2014-12-26,452813.4393024959,330641.73587731784
2014-12-29,452727.39050698717,330578.90354804555
2014-12-30,449709.81732649816,328375.4891881038
2014-12-31,445096.94382495177,325007.195825868
2015-01-02,444760.4198510019,325031.19288746564
2015-01-05,438236.2676728401,320263.3383968217
2015-01-06,432360.29743883386,315969.1756762044
2015-01-07,437933.91658624203,320042.3800337086
2015-01-08,446315.9418135399,326167.9693101872
2015-01-09,443377.7774724191,324020.75697278127
2015-01-12,438754.87057988223,320642.3337255141
2015-01-13,438625.1481634746,320547.5325025021
2015-01-14,436205.5867293959,318779.31549378857
2015-01-15,430545.689091716,314643.05876165326
2015-01-16,435600.88455619983,318337.39876756235
2015-01-20,439057.22166648024,320863.29208862723
2015-01-21,441303.9752062508,322505.22098014236
2015-01-22,449469.8919923987,328472.87807271956
2015-01-23,450463.58219069993,329199.06749088457
2015-01-26,449945.122662952,328820.17694386997
2015-01-27,438279.49653003475,320294.9300726859
2015-01-28,436032.8146799113,318653.05357200967
2015-01-29,440223.8631383838,321715.8744056684
2015-01-30,436810.4681267097,319221.3631971121
2015-02-02,441612.4795638148,322999.79479674133
2015-02-03,445856.1124882061,326103.630460817
2015-02-04,445466.2059675331,325818.44892271445
2015-02-05,449320.4353373703,328637.4709231494
2015-02-06,446592.23932950257,326642.04101234395
2015-02-09,445163.3485115971,325596.9359432429
2015-02-10,452091.81457916874,330664.48548417125
2015-02-11,453737.5556466626,331868.19699978357
2015-02-12,459020.56805595127,335732.2452390777
2015-02-13,462961.1279674984,338614.4102631983
2015-02-17,463394.0021651939,338931.0187910337
2015-02-18,464043.8343909318,339406.31259562226
2015-02-19,466338.94064419594,341084.9763181087
2015-02-20,469456.6479850718,343365.29872279667
2015-02-23,469933.1365305142,343713.8072218158
2015-02-24,470279.53648189444,343967.1676189765
2015-02-25,469110.1761813889,343111.88577214145
2015-02-26,471492.0081640279,344853.9815625334
2015-02-27,469413.3569726871,343333.6352423384
2015-03-02,474656.9055439596,347437.32865687076
2015-03-03,472443.79201194906,345817.38329297694
2015-03-04,470621.0479168787,344483.17887749383
2015-03-05,471445.81720866734,345086.8899710233
2015-03-06,466108.0200862374,341179.7520963429
2015-03-09,467453.233957977,342164.41598432267
2015-03-10,458774.16535131296,335811.54852003633
2015-03-11,456127.11999015545,333873.97559447197
2015-03-12,459121.4764237249,336065.7717912083
2015-03-13,457125.0947934371,334604.46891642566
2015-03-16,463026.9348900018,338924.4725513892
2015-03-17,463764.61539935396,339464.4367709718
2015-03-18,468321.205622202,342799.75016538263
2015-03-19,469015.4677472556,343307.93318199716
2015-03-20,472051.4064642951,345530.16660048155
2015-03-23,471138.0363070348,344861.6018249417
2015-03-24,469441.69515331805,343619.9212930581
2015-03-25,458698.41719164106,335756.1027065663
2015-03-26,457132.61920663645,334609.9766041706
2015-03-27,458959.46752708824,335947.1852129691
2015-03-30,464222.344535318,339799.48338335706
2015-03-31,459307.2826271786,336201.7774201623
2015-04-01,457914.9753612772,335450.58621129236
2015-04-02,458219.8937537546,335673.95748981956
2015-04-06,461968.7916041376,338420.25330721453
2015-04-07,461184.21576170204,337845.50375667936
2015-04-08,464845.6899622243,340527.7564303196
2015-04-09,467766.28210486786,342667.26790963067
2015-04-10,469684.1542090141,344072.22593946266
2015-04-13,468507.34456648125,343210.1412606742
2015-04-14,467156.0845124434,342220.2610391478
2015-04-15,470076.4601706053,344359.6139304016
2015-04-16,469422.8213588526,343880.78372311284
2015-04-17,462099.5843118326,338516.06692508946
2015-04-20,469030.4432357675,343593.3428694881
2015-04-21,471035.45034379885,345062.1325923319
2015-04-22,473607.43030940805,346946.26443690987
2015-04-23,475394.43754436536,348255.35598618124
2015-04-24,481845.8555028239,352981.4122466291
2015-04-27,480625.42423722806,352087.3720743204
2015-04-28,479666.36190254067,351384.8005497044
2015-04-29,476658.6708367589,349181.4838087244
2015-04-30,469161.0555397278,343689.0243306487
2015-05-01,476350.58817276923,349223.15344531974
2015-05-04,477137.0309793206,349799.7120635461
2015-05-05,469361.6205309161,344099.38666552515
2015-05-06,466129.0010852572,341729.4818417859
2015-05-07,468924.7761564619,343779.12639126595
2015-05-08,474778.1725958252,348070.3808027723
2015-05-11,472943.51299902383,346725.3512682201
2015-05-12,470803.2214292659,345156.2561734698
2015-05-13,471763.97533739347,345860.60611616273
2015-05-14,478665.7693501447,350920.46398011234
2015-05-15,478665.7693501447,350920.46398011234
2015-05-18,480762.67296680337,352457.75040666934
2015-05-19,480238.32955359906,352073.34265155374
2015-05-20,480544.2507795763,352297.62026953977
2015-05-21,483034.0323115486,354122.93418658676
2015-05-22,482553.5468876021,353770.67969356984
2015-05-26,477005.99936096085,349703.64988560247
2015-05-27,484693.91077061516,355339.8278027671
2015-05-28,483601.7636778521,354539.15060989565
2015-05-29,480718.8149775456,352425.59714457067
2015-06-01,483334.824790348,354610.24964641326
2015-06-02,481802.7367595252,353486.1963168688
2015-06-03,483247.3255566906,354546.0537236291
2015-06-04,479570.36500690936,351848.36294775025
2015-06-05,478432.22280116193,351013.337472629
2015-06-08,473573.53347085486,347448.64287996874
2015-06-09,472785.6780522709,346870.61375328514
2015-06-10,479263.88218392467,351623.50443394866
2015-06-11,479964.27460041794,352137.36422001076
2015-06-12,476024.70765496435,349247.0059292916
2015-06-15,473661.1051676457,347512.89196707815
2015-06-16,476243.72747585835,349407.69510247174
2015-06-17,477556.7956857871,350371.059258836
2015-06-18,484516.6260340073,355477.30662751995
2015-06-19,482121.24846266484,353719.8801086681
2015-06-22,485674.8405277242,356327.0586207457
2015-06-23,486069.7283735345,356616.7776113976
2015-06-24,483568.9531745692,354782.02358141576
2015-06-25,482603.74423683283,354073.87476859207
2015-06-26,479401.05489557143,351724.14450171706
2015-06-29,468081.84243817575,343419.5313237633
2015-06-30,469748.8930550746,344642.60320915485
2015-07-01,474477.9083087564,348378.4053000266
2015-07-02,474609.77920419304,348475.2295598145
2015-07-06,473510.661432536,347668.21854871884
2015-07-07,474697.82626405923,348539.8768147665
2015-07-08,466432.1498241538,342470.9258131818
2015-07-09,466168.33541714866,342277.2239762823
2015-07-10,473290.74347723316,347506.7470339789
2015-07-13,481600.35267690686,353607.95501638507
2015-07-14,484765.8714045073,355932.19044854597
2015-07-15,485293.318678188,356319.4608290358
2015-07-16,492151.98494739924,361355.3353671566
2015-07-17,499406.3728271182,366681.7626606266
2015-07-20,501121.02124038804,367940.7179658259
2015-07-21,500813.31038168055,367714.7858067668
2015-07-22,495141.8815601244,363550.62285201735
2015-07-23,493295.289635286,362194.7899697065
2015-07-24,488458.94632998627,358643.7762371822
2015-07-27,484414.11886183376,355673.92133268
2015-07-28,488590.8172254229,358740.6004969701
2015-07-29,490437.3365341294,360096.3800619573
2015-07-30,492767.58820514387,361807.3329785839
2015-07-31,492196.1355555631,361387.752299949
2015-08-03,491656.95457940525,361257.55166667025
2015-08-04,490731.7592369102,360577.74067014095
2015-08-05,494520.62153194664,363361.70437401644
2015-08-06,486590.6096236913,357534.92482787016
2015-08-07,485973.8248560421,357081.72640773014
2015-08-10,491524.8513828422,361160.4854563518
2015-08-11,485224.8641277447,356531.40831199475
2015-08-12,486898.947434452,357761.4839389824
2015-08-13,486106.07358077547,357178.89954860247
2015-08-14,486854.8887809026,357729.11071378394
2015-08-17,490908.066615193,360707.28703621175
2015-08-18,488396.8325090043,358862.0933978148
2015-08-19,485180.8782382804,356499.0885520732
2015-08-20,471744.00760290213,346626.0033804191
2015-08-21,451126.1221696085,331476.4834909926
2015-08-24,433768.2860426307,318626.75169462303
2015-08-25,432138.3341535579,318626.75169462303
2015-08-26,453901.38075871055,318626.75169462303
2015-08-27,465399.9253122127,318626.75169462303
2015-08-28,465311.9171512416,318626.75169462303
2015-08-31,459540.5973566945,318626.75169462303
2015-09-01,446178.37699696445,319626.63173061225
2015-09-02,458762.306292831,319637.90987038583
2015-09-03,456510.2326197452,319635.89148637647
2015-09-04,451079.5415730277,319631.02431879693
2015-09-08,463795.8707184291,319642.4211197592
2015-09-09,458585.67592347076,319637.7515683208
2015-09-10,463575.0827567288,319642.2232421779
2015-09-11,466136.0043299966,319644.5184260409
2015-09-14,464723.0343025999,319643.2520748806
2015-09-15,470198.2111153412,319648.15911209665
2015-09-16,472847.4478732892,319650.5334469921
2015-09-17,473024.0782426494,319650.69174905715
2015-09-18,466296.40833388094,319644.6621854926
2015-09-21,467757.0364729114,319645.84548358555
2015-09-22,460763.61880776443,319645.84548358555
2015-09-23,461117.791140051,319645.84548358555
2015-09-24,459435.8645469232,319645.84548358555
2015-09-25,455540.8075578518,319645.84548358555
2015-09-28,442572.0399221363,319645.84548358555
2015-09-29,440270.55787776987,319645.84548358555
2015-09-30,450406.3479563619,319645.84548358555
2015-10-01,453442.14697174926,320645.7255195748
2015-10-02,461382.3853587121,320652.72783030645
2015-10-05,467992.08190539305,320658.55676727364
2015-10-06,465774.0614584138,320656.6007468594
2015-10-07,468568.6415091759,320659.0652217185
2015-10-08,470431.88977934566,320660.7083768383
2015-10-09,472560.99791625317,320662.5859875635
2015-10-12,473714.5191112461,320663.6032509565
2015-10-13,470653.6406620074,320660.9039337611
2015-10-14,469899.54879257357,320660.1145997285
2015-10-15,477618.07284118625,320660.1145997285
2015-10-16,479614.3058611923,320660.1145997285
2015-10-19,482364.44802907424,320660.1145997285
2015-10-20,479880.3484494878,320660.1145997285
2015-10-21,476952.56438302004,320660.1145997285
2015-10-22,486667.2849073272,320660.1145997285
2015-10-23,500285.5591615746,320660.1145997285
2015-10-26,500596.25889861974,320660.1145997285
2015-10-27,501616.28372341435,320660.1145997285
2015-10-28,505786.28202907747,320660.1145997285
2015-10-29,504987.8253653866,320660.1145997285
2015-10-30,502725.3670355272,320660.1145997285
2015-11-02,509403.2857143426,321659.8146897015
2015-11-03,511181.000793885,321663.3034420806
2015-11-04,511225.3795925751,321663.3905351369
2015-11-05,509847.62294380186,321660.6866981489
2015-11-06,510203.1659597103,321661.3844486247
2015-11-09,504780.78711348603,321650.7430712083
2015-11-10,503491.89791060466,321648.2136359098
2015-11-11,502869.4596276563,321646.99210549385
2015-11-12,497980.17560827156,321637.3969226374
2015-11-13,488202.15681206004,321618.20763480896
2015-11-16,495224.73554306617,321631.9893923793
2015-11-17,495535.8997602845,321632.6000497988
2015-11-18,505047.35283499106,321651.2662044178
2015-11-19,505403.00569941115,321651.9641704705
2015-11-20,508825.4093109371,321658.68061163666
2015-11-23,507358.6021354193,321655.8020136644
2015-11-24,506914.04520893685,321654.9295740632
2015-11-25,507358.6021354193,321655.8020136644
2015-11-27,508069.6881672363,321657.197514616
2015-11-30,506780.83558052545,321654.6681511764
2015-12-01,512847.48134932586,322664.31208366685
2015-12-02,509685.58979256346,322651.95547603397
2015-12-03,501046.04323159606,322618.19230450725
2015-12-04,512758.3669592839,322663.96382645046
2015-12-07,510442.5668241549,322654.91372681473
2015-12-08,510487.2157383917,322655.08821385977
2015-12-09,502738.2994502355,322624.80560725107
2015-12-10,505009.52404650033,322633.6815065912
2015-12-11,493386.3147088545,322588.2582418644
2015-12-14,497127.1746432422,322602.8774460936
2015-12-15,500155.41295878484,322614.7117395892
2015-12-16,507592.41053795104,322643.77537425305
2015-12-17,500199.87843459006,322614.8855097606
2015-12-18,490604.9845221642,322577.3888602941
2015-12-21,496054.53675865737,322598.68559914565
2015-12-22,499315.48506845115,322611.4293185465
2015-12-23,503022.995895985,322625.9181951471
2015-12-24,502933.69806751155,322625.56922105706
2015-12-28,502665.7678944047,322624.5221554121
2015-12-29,510572.29448293976,322655.420699856
2015-12-30,505971.1816800037,322637.4396449843
2015-12-31,499672.89650846296,322612.8260751551
2016-01-04,490130.4633132258,323571.32772353693
2016-01-05,489279.99571240915,323566.2762267903
2016-01-06,484580.18249275006,323538.360888021
2016-01-07,469406.2435238104,323447.3962651534
2016-01-08,465556.7508542891,323447.3962651534
2016-01-11,466989.3185671196,323447.3962651534
2016-01-12,472405.23182984546,323447.3962651534
2016-01-13,456112.3842459472,323447.3962651534
2016-01-14,465825.33891910996,323447.3962651534
2016-01-15,451367.6470439159,323447.3962651534
2016-01-19,452352.3719144732,323447.3962651534
2016-01-20,450964.8017093543,323447.3962651534
2016-01-21,451412.49750094867,323447.3962651534
2016-01-22,464482.6559336935,323447.3962651534
2016-01-25,457589.5450771226,323447.3962651534
2016-01-26,461707.44199811626,323447.3962651534
2016-01-27,450203.88797192444,323447.3962651534
2016-01-28,456559.96974953247,323447.3962651534
2016-01-29,466093.9269839308,323447.3962651534
2016-02-01,468346.940009282,324447.27630114264
2016-02-02,458209.3908215877,324438.6207443583
2016-02-03,456011.32783030457,324436.7440127455
2016-02-04,455966.5656404313,324436.7057942699
2016-02-05,440132.3922787908,324423.18639385793
2016-02-08,433403.76937008736,324417.3814177707
2016-02-09,432058.06689313176,324416.85324764065
2016-02-10,433717.7310014454,324417.4998740857
2016-02-11,433089.8445800378,324417.2530108418
2016-02-12,439683.7019821105,324419.8366804729
2016-02-16,449596.96128342743,324423.8583538229
2016-02-17,459779.3463436121,324428.1904282261
2016-02-18,454531.22825980355,324425.85805330233
2016-02-19,455876.8938954506,324426.4433739502
2016-02-22,463278.23909805197,324429.68101897073
2016-02-23,455652.67769169033,324426.24384291033
2016-02-24,460003.673071298,324428.1463284818
2016-02-25,464534.1593061012,324430.16299778485
2016-02-26,463950.96139194985,324429.8987481494
2016-02-29,459779.3463436121,324428.01277281414
2016-03-01,475537.0851728402,325434.4026918071
2016-03-02,475716.5849692477,325434.70657033945
2016-03-03,474817.6461492712,325433.18474014924
2016-03-04,474997.4782159723,325433.48918118817
2016-03-07,472075.67784832866,325428.54281118995
2016-03-08,468165.00416789716,325421.92235923174
2016-03-09,471176.6651905092,325427.0208559983
2016-03-10,470457.3738426262,325425.80315434333
2016-03-11,478683.4633400616,325439.72925372474
2016-03-14,479492.54150506976,325441.0989571466
2016-03-15,479312.7463572902,325440.7945786084
2016-03-16,483582.9734143593,325448.0237251423
2016-03-17,483313.35453053296,325447.5672823364
2016-03-18,484070.70928649814,325448.84942224046
2016-03-21,485964.3915277833,325452.05527200626
2016-03-22,487452.07638916455,325454.57380128244
2016-03-23,483439.5803231938,325447.7809723204
2016-03-24,483574.998927312,325448.01022498537
2016-03-28,482898.7181229944,325446.8653366768
2016-03-29,490653.1683980716,325459.74379852385
2016-03-30,493042.63483638596,325459.74379852385
2016-03-31,492321.2021910551,325459.74379852385
2016-04-01,498550.7628650449,326459.44388849684
2016-04-04,496653.5347111015,326455.63954338804
2016-04-05,491864.9628125874,326446.0374404241
2016-04-06,499951.173678828,326462.2520093961
2016-04-07,492768.4453069086,326447.84911457676
2016-04-08,492406.9487284986,326447.12423721445
2016-04-11,490599.9097536551,326443.5007405511
2016-04-12,494710.9530159045,326451.7442548034
2016-04-13,501035.36746925366,326464.42604805087
2016-04-14,501080.4620588036,326464.5164722736
2016-04-15,499815.55697227345,326461.9800691167
2016-04-18,502480.94685878773,326467.32474153093
2016-04-19,499409.03979051457,326461.1649158897
2016-04-20,499815.55697227345,326461.9800691167
2016-04-21,499860.9475066276,326461.7703885851
2016-04-22,492316.5375907956,326461.7703885851
2016-04-25,492316.5375907956,326461.7703885851
2016-04-26,489922.2701380888,326461.7703885851
2016-04-27,485992.0491512454,326461.7703885851
2016-04-28,480119.43143470766,326461.7703885851
2016-04-29,477589.58426854684,326461.7703885851
2016-05-02,483106.88179562864,327461.6504245743
2016-05-03,478625.2900907406,327457.94089544157
2016-05-04,475547.05016897153,327455.39295680297
2016-05-05,475411.1151770626,327455.28043990146
2016-05-06,477946.2453179596,327457.37883255567
2016-05-09,479304.26072390244,327458.5028969602
2016-05-10,485868.24898469046,327463.93607947294
2016-05-11,481477.03347567754,327460.3013570503
2016-05-12,479349.5971010785,327458.5404230498
2016-05-13,477583.9249986473,327457.0789306752
2016-05-16,483559.5412410064,327462.02510248125
2016-05-17,477493.4375933433,327457.00403191417
2016-05-18,479213.6250393599,327458.4278754646
2016-05-19,476723.86834544863,327456.3670395836
2016-05-20,481975.1034378506,327460.71362241416
2016-05-23,481341.1726233878,327460.1889015161
2016-05-24,490983.47494556423,327468.1700840347
2016-05-25,494514.4113825207,327471.0927312639
2016-05-26,495963.17368243495,327472.29190921487
2016-05-27,498543.4177816502,327474.4276438569
2016-05-31,499494.0730495818,327475.21452576044
2016-06-01,500538.8500280634,328474.9519270376
2016-06-02,501582.2248585659,328477.8977084651
2016-06-03,499223.58115130686,328471.2385016069
2016-06-06,501037.9167501222,328476.36095228716
2016-06-07,499768.0378357321,328472.77567726246
2016-06-08,500629.8156727733,328475.2087521966
2016-06-09,499813.20493412623,328472.9031984521
2016-06-10,494143.35975783406,328456.8954089896
2016-06-13,490015.69612613536,328445.24169211846
2016-06-14,490015.69612613536,328444.82665072737
2016-06-15,488609.5730366551,328444.82665072737
2016-06-16,490061.04894450644,328444.82665072737
2016-06-17,484316.73005745746,328444.82665072737
2016-06-20,487364.1348712315,328444.82665072737
2016-06-21,488910.40225531795,328444.82665072737
2016-06-22,487727.8488740895,328444.82665072737
2016-06-23,494686.2935384483,328444.82665072737
2016-06-24,474311.2148752831,328444.82665072737
2016-06-27,464896.9578117253,328444.82665072737
2016-06-28,475084.2928513333,328444.82665072737
2016-06-29,483498.3364070317,328444.82665072737
2016-06-30,489092.2964007423,328444.82665072737
2016-07-01,492547.8831779051,329444.52674070036
2016-07-05,489540.0606497634,329438.4219120031
2016-07-06,493550.5403133364,329446.561784323
2016-07-07,495008.8018139934,329449.52154560346
2016-07-08,502664.93522920896,329465.0608211246
2016-07-11,505536.0131745683,329470.888106102
2016-07-12,508088.2313374843,329476.06821714144
2016-07-13,506857.7161901331,329473.5707013759
2016-07-14,510321.18030303856,329480.6003232737
2016-07-15,509500.86168449646,329478.93536312506
2016-07-18,512873.39846595464,329485.7804343131
2016-07-19,511004.6798997222,329481.9875886171
2016-07-20,516974.7682414369,329494.10478180007
2016-07-21,515789.8098086545,329491.6997302461
2016-07-22,517931.75700368534,329496.04713458323
2016-07-25,517977.5742550204,329496.14012759336
2016-07-26,518569.8115444144,329497.3421623431
2016-07-27,522169.94580102613,329504.6491768754
2016-07-28,523993.0332136137,329508.3494072746
2016-07-29,525132.2116145991,329510.6615413612
2016-08-01,528911.7273426417,330516.00368571794
2016-08-02,524893.8768263912,330500.2700967482
2016-08-03,526628.8323061219,330507.0640469682
2016-08-04,528135.4982822008,330512.96403331327
2016-08-05,533203.8086674281,330532.81114112615
2016-08-08,532610.2634159371,330530.4868642562
2016-08-09,533843.1087737022,330535.31459043565
2016-08-10,532473.3344617701,330529.950661161
2016-08-11,534756.2294982899,330538.89029991074
2016-08-12,535121.5225361491,330540.3207589305
2016-08-15,537404.3802826487,330549.2602516554
2016-08-16,534436.5794451529,330537.638575256
2016-08-17,535395.380444483,330541.393165121
2016-08-18,535532.495848751,330541.9300983402
2016-08-19,535395.380444483,330541.393165121
2016-08-22,535806.3910471051,330543.00265055546
2016-08-23,536765.0801763748,330546.756802346
2016-08-24,533295.2437969536,330533.16919395555
2016-08-25,532427.6541870276,330529.77178077115
2016-08-26,533203.8086674281,330532.81114112615
2016-08-29,533934.3947431467,330535.6720591658
2016-08-30,532199.252813315,330528.8773788217
2016-08-31,531651.499706627,330526.7324204161
2016-09-01,534020.8622384715,331531.7960015893
2016-09-02,535759.183768601,331541.8445702219
2016-09-06,539098.5289797074,331561.1480413923
2016-09-07,539418.7411878946,331562.9990650926
2016-09-08,536262.3476957816,331544.75316749123
2016-09-09,522767.7810820802,331466.7462646054
2016-09-12,532145.3922990251,331520.9546307161
2016-09-13,527387.8256860994,331493.45296672266
2016-09-14,529903.7200419202,331507.99638499634
2016-09-15,538137.892355146,331555.59497029154
2016-09-16,537881.1920771791,331554.1110846487
2016-09-19,535542.1971270014,331540.5902538468
2016-09-20,536551.1775384481,331546.4227817984
2016-09-21,541824.90934427,331576.9081983812
2016-09-22,546135.8002879522,331601.8278020129
2016-09-23,542650.3402773802,331581.67969734676
2016-09-26,538110.2833454796,331555.4353732183
2016-09-27,543430.0426207318,331586.18685691094
2016-09-28,544347.0801731949,331591.4878985335
2016-09-29,540403.2881861861,331568.6903528739
2016-09-30,544439.0977520965,331592.0198167897
2016-10-03,544658.983418841,332587.2120993078
2016-10-04,543832.1095111922,332580.92333781277
2016-10-05,545761.7065343196,332595.5988226089
2016-10-06,545485.9321838055,332593.50143012765
2016-10-07,544291.4339994534,332584.41671464907
2016-10-10,547737.1536632258,332610.62301883136
2016-10-11,539926.8407872119,332551.2219488199
2016-10-12,539467.3291556617,332547.72714867163
2016-10-13,537537.80698985,332533.0522332003
2016-10-14,538181.0184737784,332537.9441563531
2016-10-17,536710.7459389123,332526.7620483933
2016-10-18,541488.8883909516,332563.1020489572
2016-10-19,541442.963427857,332562.75276820606
2016-10-20,540799.7519439287,332557.8608450532
2016-10-21,542821.2363219028,332573.235176014
2016-10-24,549345.313373349,332622.8538230318
2016-10-25,547599.4536312578,332609.57574590266
2016-10-26,543877.9221883134,332581.2717645768
2016-10-27,541397.0010361046,332562.4032027925
2016-10-28,537997.2811927424,332536.5467486861
2016-10-31,537491.80716944,332532.7023831244
2016-11-01,534448.5010748067,333501.6535265134
2016-11-02,530167.863027777,333461.1511292231
2016-11-03,524966.5544363016,333411.93756229995
2016-11-04,523125.2508462102,333394.5155778391
2016-11-07,535553.1782322207,333512.1057237362
2016-11-08,539051.4788090332,333545.2058266289
2016-11-09,541537.1242843156,333568.7244234961
2016-11-10,532791.541586886,333485.97576288646
2016-11-11,533021.6717241972,333488.1532004898
2016-11-14,527636.1690257521,333437.19683195226
2016-11-15,534954.7348785709,333506.4433925139
2016-11-16,538130.9207609881,333536.49572141067
2016-11-17,542043.3955868802,333573.5146443015
2016-11-18,540018.01038622,333554.3509226409
2016-11-21,545633.7557183771,333607.4857931965
2016-11-22,547290.752705098,333623.16391162825
2016-11-23,545081.3233926693,333602.2588075728
2016-11-25,546830.4924304757,333618.8090364216
2016-11-28,545587.632194034,333607.04938318307
2016-11-29,547474.871814467,333624.9060036329
2016-11-30,540846.6963735819,333562.19175588124
2016-12-01,532502.2954148748,334473.4801444125
2016-12-02,533563.0279218752,334485.48908557434
2016-12-05,537713.3871169364,334532.47682192177
2016-12-06,539004.682611663,334547.096051102
2016-12-07,545829.9030744658,334624.3668714206
2016-12-08,546798.2901645149,334635.33033629943
2016-12-09,551087.0547770085,334683.88501106296
2016-12-12,548596.8092045066,334655.69202898553
2016-12-13,555514.2248069346,334734.0066242426
2016-12-14,554361.2971603089,334720.9539081423
2016-12-15,555237.6018187273,334730.8748740912
2016-12-16,553179.290851063,334707.57198185363
2016-12-19,555445.7734848494,334733.23166175775
2016-12-20,557573.4374385561,334757.31972454797
2016-12-21,557156.9438289859,334752.6044478702
2016-12-22,555584.4043182712,334734.8011521908
2016-12-23,555954.3495260503,334738.98943736544
2016-12-27,558822.1293113044,334771.4566225219
2016-12-28,554474.3432789447,334722.2337446499
2016-12-29,553688.1298775848,334713.33273481444
2016-12-30,547999.0435702045,334648.9245053323
2017-01-03,553901.4662888716,335704.1301136074
2017-01-04,556913.4257017042,335743.6041513674
2017-01-05,560064.266605969,335784.8983375709
2017-01-06,564975.703284276,335849.26648146735
2017-01-09,566829.3007291388,335873.55929737276
2017-01-10,568080.438544366,335889.9564178488
2017-01-11,569609.4898915,335909.99580827245
2017-01-12,568729.0790926974,335898.4573496305
2017-01-13,570675.1512867333,335923.962118036
2017-01-17,568960.7740686476,335901.49388996046
2017-01-18,570119.173673878,335916.6756050803
2017-01-19,569841.1472301898,335913.0318553373
2017-01-20,571092.2474081565,335929.4284825482
2017-01-23,571555.5620855361,335935.50057667797
2017-01-24,575401.4126431306,335985.9033973412
2017-01-25,581193.4859438034,336061.8129594706
2017-01-26,581795.8702989179,336069.7076683696
2017-01-27,582907.9007991496,336084.2816808113
2017-01-30,578367.0405882254,336024.7702256883
2017-01-31,577208.6033457344,336009.5880173033
2017-02-01,582193.1860337764,337061.51304944366
2017-02-02,581682.6255538176,337053.956555055
2017-02-03,583353.653584591,337078.6884221569
2017-02-06,584049.7833070809,337088.9914137676
2017-02-07,586184.9606561804,337120.59287195053
2017-02-08,587159.6704544653,337135.0189574202
2017-02-09,589294.7723995653,337166.6192995945
2017-02-10,591244.2296981348,337195.4720285381
2017-02-13,594586.2857596815,337244.935762742
2017-02-14,596582.116517884,337274.474836989
2017-02-15,600109.5533119633,337326.68227839336
2017-02-16,599923.9463674325,337323.935223167
2017-02-17,602523.1976308586,337362.4051564223
2017-02-21,605493.8135913453,337406.37143214757
2017-02-22,605726.0202075074,337409.80818070314
2017-02-23,603451.4962675109,337376.1443385843
2017-02-24,604611.9638183254,337393.3197112976
2017-02-27,605354.6555104469,337404.3118382332
2017-02-28,603498.0205351426,337376.8329159049
2017-03-01,611088.7465109457,338474.08276164014
2017-03-02,608020.1373810405,338423.72040912777
2017-03-03,609136.1325692922,338442.036245617
2017-03-06,607788.0034333488,338419.91060109786
2017-03-07,606765.0204320443,338403.12129091047
2017-03-08,607834.4151173757,338420.67231479054
2017-03-09,608299.438288333,338428.3043265166
2017-03-10,610856.3482168032,338470.268615127
2017-03-13,611879.1423992142,338487.05482639786
2017-03-14,610391.2117545097,338462.634744051
2017-03-15,614157.3934046298,338524.44573393575
2017-03-16,613738.6686263632,338517.5735765524
2017-03-17,613524.434709777,338514.05754581327
2017-03-20,614083.565217264,338523.2340575573
2017-03-21,604765.9192788064,338370.31182162813
2017-03-22,608865.5928586589,338437.59611795703
2017-03-23,607328.1916638525,338412.36411946913
2017-03-24,608586.1786600302,338433.01034121827
2017-03-27,609564.6759300218,338449.069546662
2017-03-28,613291.4321951752,338510.23348276713
2017-03-29,616133.4586528583,338556.8771353967
2017-03-30,617158.4053706555,338573.6986743164
2017-03-31,616739.1141357083,338566.8172201833
2017-04-03,617366.3123125479,339560.4037675491
2017-04-04,618346.0562059458,339578.0438923577
2017-04-05,615826.266269011,339532.6754963121
2017-04-06,616152.6584416667,339538.55213274836
2017-04-07,615826.266269011,339532.6754963121
2017-04-10,616059.4953959776,339536.8747477046
2017-04-11,613399.4124275929,339488.9803991104
2017-04-12,610926.3742261316,339444.4537602366
2017-04-13,608499.8986350006,339400.76547336805
2017-04-17,613539.7432840713,339491.5070326924
2017-04-18,612606.4485259176,339474.70321678906
2017-04-19,613586.3058944016,339492.34538469755
2017-04-20,618719.3892392188,339584.7656911323
2017-04-21,618579.36098297,339582.24450581684
2017-04-24,626045.4542729995,339716.67026580987
2017-04-25,630572.0132826058,339798.17020311067
2017-04-26,629685.2811347822,339782.20473921264
2017-04-27,633465.0984277851,339850.25971689756
2017-04-28,634585.362302805,339870.42988045467
2017-05-01,641231.0531267727,340971.78508855274
2017-05-02,642306.2036359403,340992.7890085549
2017-05-03,640249.9309320432,340952.618086431
2017-05-04,640483.6757749454,340957.1844777775
2017-05-05,642820.2907539603,341002.8321091338
2017-05-08,644222.5325068261,341030.2260166376
2017-05-09,646465.8768532275,341074.0515320303
2017-05-10,646839.5655291411,341081.3518374179
2017-05-11,646325.7057156686,341071.3131774141
2017-05-12,647774.3175962025,341099.61296222877
2017-05-15,649830.6660682822,341139.7853645443
2017-05-16,652541.8031732178,341192.74958339677
2017-05-17,635950.0108090148,340868.6157281477
2017-05-18,641511.8500109852,340977.2706789353
2017-05-19,644222.5325068261,341030.2260166376
2017-05-22,649644.2005712376,341136.14261280897
2017-05-23,650298.1557540866,341148.9181472373
2017-05-24,653289.3320614101,341207.35315455537
2017-05-25,658850.9439588331,341316.0036647679
2017-05-26,660019.2893324317,341338.8282205419
2017-05-30,660580.2011872146,341349.7860795817
2017-05-31,660346.3805761299,341345.2182080436
2017-06-01,663917.0466334797,342395.1441622528
2017-06-02,671499.6756579687,342554.4714200783
2017-06-05,671359.2172555076,342551.52008855063
2017-06-06,668691.1905507357,342495.45913959696
2017-06-07,671312.6254353503,342550.5410947322
2017-06-08,672014.7656827694,342565.29456346564
2017-06-09,655210.6745068586,342212.20465775335
2017-06-12,651700.1250346497,342138.440502991
2017-06-13,656989.4348591497,342249.58021817496
2017-06-14,654134.2820493162,342189.5873494226
2017-06-15,651232.2338895524,342128.609109042
2017-06-16,648406.4475852578,342069.23329339677
2017-06-19,659248.8346070048,342297.05504056107
2017-06-20,654085.6414031911,342188.5653053874
2017-06-21,660562.7391119286,342324.66298513254
2017-06-22,660375.0818297642,342320.7199041666
2017-06-23,662909.6313168543,342373.97621122014
2017-06-26,659811.7305710547,342308.8826890064
2017-06-27,647843.323973878,342057.400861594
2017-06-28,657183.3903841041,342253.65563869616
2017-06-29,645778.2591631938,342014.00943199144
2017-06-30,646012.7359128451,342018.9362901333
2017-07-03,640206.9190796822,342875.6379100576
2017-07-05,646506.0439920464,343017.6255706095
2017-07-06,640676.9100120687,342886.2319074618
2017-07-07,647587.3119407953,343041.99827453407
2017-07-10,651817.9143423632,343137.3596693438
2017-07-11,653651.3653858453,343178.68722325366
2017-07-12,661407.8877948856,343353.52586928784
2017-07-13,662865.0572881985,343386.3717153794
2017-07-14,668082.9142518138,343503.98667200684
2017-07-17,668411.9231047085,343511.4028128158
2017-07-18,672877.748975833,343612.0663457184
2017-07-19,676826.4632195384,343701.07374046795
2017-07-20,677719.7043948843,343721.20816017874
2017-07-21,677437.5122325377,343714.8473075976
2017-07-24,680539.9539936875,343784.77899712475
2017-07-25,678800.7443402701,343745.5757247125
2017-07-26,681010.2489305582,343795.3798470499
2017-07-27,676732.4498328369,343698.9545983611
2017-07-28,676168.5215148699,343686.24317198026
2017-07-31,673300.9992187923,343621.60676802497
2017-08-01,675851.7301865377,344656.26841993595
2017-08-02,677687.8972345531,344700.3119783792
2017-08-03,675051.6229071172,344637.0764995929
2017-08-04,676275.3029614592,344666.42852616776
2017-08-07,680559.5912552202,344769.1943949148
2017-08-08,679382.7211301824,344740.96518331434
2017-08-09,678488.0045139735,344719.50389872224
2017-08-10,663941.1529878291,344370.5731704154
2017-08-11,668978.510290588,344491.4026673849
2017-08-14,677593.5162388833,344698.0480912763
2017-08-15,678064.5839664644,344709.3474439212
2017-08-16,679241.5302052085,344737.57848123705
2017-08-17,665353.5189198045,344404.4511454806
2017-08-18,664882.6034196357,344393.1554442665
2017-08-21,664035.3056423804,344372.83158037206
2017-08-22,674157.0585183208,344615.6188664316
2017-08-23,671756.0516567039,344558.0266739638
2017-08-24,669778.845911127,344510.6000648741
2017-08-25,668366.4038654454,344476.7202640935
2017-08-28,670438.0667203984,344526.4125860015
2017-08-29,673074.3410478341,344589.6480647878
2017-08-30,680983.2401438479,344779.35632686206
2017-08-31,688280.41338325,344954.391314222
2017-09-01,688338.5869277102,345931.50730462844
2017-09-05,682162.5041260628,345774.6089559154
2017-09-06,684236.8752135547,345827.30666232546
2017-09-07,685839.8745510264,345868.02955369774
2017-09-08,679899.4776243892,345717.1186125036
2017-09-11,687725.7426731561,345915.9384959441
2017-09-12,689376.0773690952,345957.86390350945
2017-09-13,690318.8970935454,345981.81547000416
2017-09-14,686263.987166989,345878.8037889614
2017-09-15,688621.6081611877,345938.69722834055
2017-09-18,687719.0349250963,345915.7680910729
2017-09-19,688900.1321544888,345945.7729033322
2017-09-20,686774.0046927627,345891.7603684275
2017-09-21,682569.0089033685,345784.93587839225
2017-09-22,681907.5334753809,345768.13163439184
2017-09-25,674725.2884647641,345585.67255500285
2017-09-26,676473.4953028484,345630.0843245522
2017-09-27,682569.0089033685,345784.93587839225
2017-09-28,682332.3321110313,345778.92329742643
2017-09-29,687246.7484821589,345903.7700390072
2017-10-02,688860.2837440129,346919.06411111145
2017-10-03,690327.369766097,346958.4092383983
2017-10-04,690989.9592177693,346976.17893010186
2017-10-05,697756.3104846164,347157.6426942264
2017-10-06,698702.7141737677,347183.0238736896
2017-10-09,697898.4466089268,347161.4545797048
2017-10-10,698419.0526066693,347175.41648032895
2017-10-11,700500.9422513073,347231.24975242926
2017-10-12,699222.9384955588,347196.9755383163
2017-10-13,701920.3187794634,347269.31538002554
2017-10-16,704333.7321555085,347334.0396395761
2017-10-17,705232.5026859221,347358.1433665481
2017-10-18,704380.9836382949,347335.3068560697
2017-10-19,701778.5643311045,347265.5137305447
2017-10-20,703671.2953742167,347316.27404227154
2017-10-23,699081.2603823901,347193.175936035
2017-10-24,700264.2268262341,347224.9013867642
2017-10-25,697614.4033658769,347153.8369503466
2017-10-26,695390.4539321187,347094.1938399675
2017-10-27,715642.7142610154,347637.3301990446
2017-10-30,717251.6310666486,347680.4790230118
2017-10-31,719948.7060097922,347752.810675923
2017-11-01,720711.8433450725,348746.16649463
2017-11-02,719337.5830563657,348707.4557041627
2017-11-03,726255.7429689715,348902.3295872231
2017-11-06,728719.5964357416,348971.7325351784
2017-11-07,729146.2913368186,348983.75187172246
2017-11-08,732083.9274974037,349066.50054663944
2017-11-09,728245.7373007048,348958.3846549856
2017-11-10,728198.3437430789,348957.0496516432
2017-11-13,729098.7448967488,348982.4125619177
2017-11-14,726445.240758253,348907.6674473615
2017-11-15,723033.669021409,348811.5687390205
2017-11-16,732273.4252866853,349071.8384067779
2017-11-17,729478.1226814218,348993.0990483505
2017-11-20,728909.4764311331,348977.08116147283
2017-11-21,736822.2895241067,349199.9728888741
2017-11-22,737722.6906777765,349225.33579914854
2017-11-24,740423.5119326762,349301.41376381594
2017-11-27,740091.9863529608,349292.0752001127
2017-11-28,741987.1935694425,349345.4602611904
2017-11-29,729051.5042215668,348981.0818650377
2017-11-30,735163.8207720885,349153.2563848148
2017-12-01,733036.4633534168,350064.87209296366
2017-12-04,724590.4203803183,349815.76602250966
2017-12-05,725064.7735460269,349829.7565093558
2017-12-06,728338.8590643189,349926.3217980229
2017-12-07,730806.2303638917,349999.0940027992
2017-12-08,734032.8576019289,350094.2595654949
2017-12-11,739726.4734114722,350262.1860448542
2017-12-12,738730.1557085734,350232.80082994554
2017-12-13,740153.6744793792,350274.78583621915
2017-12-14,739631.7864878024,350259.3933657791
2017-12-15,748029.8353613527,350507.083906904
2017-12-18,754301.4470970322,350692.05769402115
2017-12-19,749832.1783724509,350560.24188710074
2017-12-20,749023.7801502388,350536.39913551416
2017-12-21,749118.9263475884,350539.2053603245
2017-12-22,748263.0698451214,350513.96288276656
2017-12-26,744221.691098967,350394.76718581386
2017-12-27,744316.6076594767,350397.5666377566
2017-12-28,745219.9989878119,350424.21109890845
2017-12-29,740607.5899663329,350288.1735378486
2018-01-02,754588.0482533693,351670.72577246296
2018-01-03,761920.2686520763,351896.40839719167
2018-01-04,763253.3160185782,351937.43902805116
2018-01-05,770918.49167028,352173.36987382703
2018-01-08,773918.0781863825,352265.69587076164
2018-01-09,773965.7527184642,352267.16327257827
2018-01-10,772156.5732084071,352211.47749688785
2018-01-11,777441.4713781219,352374.14441434375
2018-01-12,783154.9804536253,352550.00379314774
2018-01-16,780917.2666849372,352481.12791527616
2018-01-17,789344.0084954224,352740.4994434474
2018-01-18,789486.9554445097,352744.89928973035
2018-01-19,791962.7352849755,352821.1027400174
2018-01-22,800437.6881576463,353081.9581841736
2018-01-23,807055.7869881784,353285.66045082285
2018-01-24,801818.2567619146,353124.45149851596
2018-01-25,801532.6694523707,353115.6612426177
2018-01-26,813816.2195905362,353493.74369041977
2018-01-29,809864.6753759542,353372.11684049095
2018-01-30,803198.9786604982,353166.9495311921
2018-01-31,806531.9803125416,353269.53790417535
2018-02-01,800675.5921473627,354058.21051425056
2018-02-02,784705.915892718,353547.3451249493
2018-02-05,753767.6755147442,352557.6396379396
2018-02-06,773741.6468086975,353189.1757512506
2018-02-07,763730.9859534027,353189.1757512506
2018-02-08,731505.3053979701,353189.1757512506
2018-02-09,744138.1970248189,353189.1757512506
2018-02-12,757342.9773141867,353189.1757512506
2018-02-13,761251.9575764089,353189.1757512506
2018-02-14,775505.5073856355,353189.1757512506
2018-02-15,789901.9526175152,353189.1757512506
2018-02-16,786374.2314636393,353189.1757512506
2018-02-20,787947.3090004508,353189.1757512506
2018-02-21,785707.0280240335,353189.1757512506
2018-02-22,785611.5597609936,353189.1757512506
2018-02-23,801676.3205637946,353189.1757512506
2018-02-26,812307.0646709889,353189.1757512506
2018-02-27,802248.8231701276,353189.1757512506
2018-02-28,797100.06011899,353189.1757512506
2018-03-01,785085.9164456751,354188.8758412236
2018-03-02,792293.1246030953,354198.0532401458
2018-03-05,801075.8001555685,354209.2367824258
2018-03-06,804464.5572930229,354213.5519035409
2018-03-07,806326.4872764169,354215.92281802674
2018-03-08,810765.5047833577,354221.5753028161
2018-03-09,826516.797737672,354241.63243115554
2018-03-12,830907.943411851,354247.2239576797
2018-03-13,819595.5911236544,354232.8192162834
2018-03-14,819452.2061478378,354232.63663502666
2018-03-15,818736.3570402773,354231.72509859194
2018-03-16,816302.1934476087,354228.6255224671
2018-03-19,798885.3756536236,354206.447574868
2018-03-20,801514.7917776696,354209.7957785241
2018-03-21,798024.6815946085,354205.35159809625
2018-03-22,778327.7660581757,354180.27025626926
2018-03-23,757817.4904097285,354154.1532110114
2018-03-26,785976.9626297961,354190.0104672967
2018-03-27,760542.9575625905,354157.62372258323
2018-03-28,751793.6309273223,354146.4826456116
2018-03-29,765562.6611693419,354164.0156321083
2018-04-02,744474.6203544154,355135.589989461
2018-04-03,752852.4528237224,355157.49366751494
2018-04-04,764724.8575571182,355188.5338359547
2018-04-05,769081.5120293417,355199.92422330147
2018-04-06,749836.4731457277,355149.6084480234
2018-04-09,755102.4535315298,355163.37625006906
2018-04-10,771762.3999529249,355206.93335199816
2018-04-11,767310.0269634827,355195.29271047254
2018-04-12,776549.7108084874,355219.44968198077
2018-04-13,772528.4558672581,355208.93619010464
2018-04-16,778416.7605032738,355224.3310466506
2018-04-17,795172.3484977421,355268.1382015896
2018-04-18,796799.9480111902,355272.39352847444
2018-04-19,789475.4808961641,355253.2438534013
2018-04-20,776980.5210801177,355220.57602695446
2018-04-23,775017.4450915297,355215.44360342994
2018-04-24,758597.1796839099,355172.5131427927
2018-04-25,759506.8903182169,355174.8915633363
2018-04-26,775496.4993424978,355216.6960813378
2018-04-27,775975.3227610289,355217.9479557388
2018-04-30,770470.0460821798,355203.5545182461
2018-05-01,780278.3119689444,356226.2844300778
2018-05-02,775676.4652733564,356208.37247696647
2018-05-03,775580.623963328,356207.9994299779
2018-05-04,790296.3483239475,356265.27803619485
2018-05-07,796863.4041322417,356290.8392518326
2018-05-08,796048.5989112922,356287.6677526763
2018-05-09,804724.7798830428,356321.43840107723
2018-05-10,813065.3621839863,356353.9027852644
2018-05-11,812298.1694466361,356350.9166100943
2018-05-14,813688.6388705863,356356.3287901977
2018-05-15,804676.8592280286,356321.251877583
2018-05-16,809997.3616631228,356341.96108335414
2018-05-17,806881.8257015134,356329.83435733465
2018-05-18,802711.6501153223,356313.60261505656
2018-05-21,807217.347329467,356331.14032167144
2018-05-22,806162.7847477387,356327.03560528986
2018-05-23,812969.5979168116,356353.5300381529
2018-05-24,812729.6864703255,356352.59622117365
2018-05-25,813544.6457769824,356355.7683200839
2018-05-29,809949.5180509622,356341.7748597369
2018-05-30,815749.7663361748,356364.3513995896
2018-05-31,815222.3309596033,356362.2984416448
2018-06-01,829020.6980810651,357411.8152984336
2018-06-04,836507.2742526175,357449.9483784498
2018-06-05,839098.962361543,357463.14921255206
2018-06-06,843994.081831781,357488.08263714693
2018-06-07,837131.3034439983,357453.12688816397
2018-06-08,837179.1276836345,357453.3704822335
2018-06-11,839434.9662129219,357464.8606573376
2018-06-12,843850.2234335208,357487.3498904699
2018-06-13,843802.3220580142,357487.1059035067
2018-06-14,852345.1197026913,357530.6188764174
2018-06-15,849369.1406875285,357515.460646098
2018-06-18,848878.9422312583,357512.96380688495
2018-06-19,846474.0772003952,357500.71456122864
2018-06-20,852485.7383943957,357531.33512156067
2018-06-21,845079.0749845578,357493.60907937685
2018-06-22,843203.3620245071,357484.0550842322
2018-06-25,824206.0313236343,357387.2916619267
2018-06-26,827572.703522276,357404.43989863695
2018-06-27,816318.3486261015,357347.1155348754
2018-06-28,823340.104042739,357382.8810376929
2018-06-29,825552.6693487428,357394.1507994533
2018-07-02,832083.319888503,358422.0229364655
2018-07-03,822452.7520087374,358361.45773966715
2018-07-05,832661.1446938502,358425.6567899919
2018-07-06,845614.166590034,358507.1164017271
2018-07-09,853222.4248797406,358554.96359686257
2018-07-10,853848.4403665281,358558.90051435586
2018-07-11,849514.5998691118,358531.6456415492
2018-07-12,864153.1371858653,358623.70520693494
2018-07-13,864875.6112641897,358628.2487380415
2018-07-16,862804.8020780658,358615.22572969395
2018-07-17,868053.4160076309,358648.2334753982
2018-07-18,866416.32295447,358637.9380427529
2018-07-19,862082.4052283976,358610.6826842669
2018-07-20,861889.7969599485,358609.47139975807
2018-07-23,864634.657856988,358626.7334182069
2018-07-24,868198.065280608,358649.1431529784
2018-07-25,880332.5406502114,358725.45504839096
2018-07-26,866994.533903098,358641.5743246765
2018-07-27,855292.7706939277,358567.98369113344
2018-07-30,843206.4860057646,358491.9748596878
2018-07-31,849658.9402274644,358532.55337641167
2018-08-01,853885.1763429119,359552.54466746433
2018-08-02,865503.4654340079,359639.1271046704
2018-08-03,868155.2039919341,359658.8885329993
2018-08-06,873265.3058414764,359696.9703081243
2018-08-07,876447.1446896156,359720.68217827217
2018-08-08,877507.6545467568,359728.58536671865
2018-08-09,876977.3996181862,359724.63377249544
2018-08-10,870276.4556637532,359674.6966384986
2018-08-13,869312.1308651045,359667.51024550473
2018-08-14,874759.5762919803,359708.1059905329
2018-08-15,864056.900916856,359628.3469389774
2018-08-16,866901.6281451981,359649.5465678285
2018-08-17,867094.5394964352,359650.98419214855
2018-08-20,866322.9714106658,359645.23427107045
2018-08-21,869504.8102588049,359668.94614121836
2018-08-22,872879.7150965389,359694.0967880906
2018-08-23,871625.9072922663,359684.75309431343
2018-08-24,879725.323234605,359745.1119962769
2018-08-27,888692.260363669,359811.93588616466
2018-08-28,889993.7741012935,359821.63509665744
2018-08-29,900262.5342446975,359898.1605018465
2018-08-30,898671.6921398068,359886.3051429747
2018-08-31,899828.4643746194,359894.9257030759
2018-09-04,896971.5611426072,360865.8854068925
2018-09-05,885388.3774768604,360766.7510064923
2018-09-06,877473.2058422058,360699.00919934246
2018-09-07,874094.9998136966,360670.0969038347
2018-09-10,877038.9612710275,360695.2927275647
2018-09-11,883795.6829498434,360753.11996847094
2018-09-12,881189.596279178,360730.8158380226
2018-09-13,890600.7830345392,360811.361254807
2018-09-14,887994.8511747727,360789.058449304
2018-09-17,875204.8391473072,360679.5954372305
2018-09-18,882444.3386140802,360741.55452028965
2018-09-19,881768.5116352998,360735.77047125367
2018-09-20,891517.7279882252,360819.20890626503
2018-09-21,886643.4294335601,360777.4923386501
2018-09-24,889109.1800244489,360798.5954061157
2018-09-25,890317.8661169533,360808.93991713354
2018-09-26,890946.1661497973,360814.31720793934
2018-09-27,898488.9401673505,360878.87185898883
2018-09-28,898295.6587601788,360877.2176646877
2018-10-01,901132.7320027472,361892.6428688478
2018-10-02,899099.7446787602,361873.0075391162
2018-10-03,900067.6124766103,361882.3555577306
2018-10-04,882787.7239169305,361715.4601198735
2018-10-05,871993.5569912671,361611.2061364558
2018-10-08,866669.1992232539,361559.78155591345
2018-10-09,869476.7132597719,361586.8975458573
2018-10-10,831237.6436630765,361217.5707274843
2018-10-11,820927.7980934229,361117.99449557497
2018-10-12,843774.205099121,361336.20854643703
2018-10-15,833560.8363435846,361336.20854643703
2018-10-16,857811.1553503756,361336.20854643703
2018-10-17,858149.7153510808,361336.20854643703
2018-10-18,838255.8863144529,361336.20854643703
2018-10-19,837481.6695675898,361336.20854643703
2018-10-22,841789.5724193179,361336.20854643703
2018-10-23,838691.8530262787,361336.20854643703
2018-10-24,800307.7194970312,361336.20854643703
2018-10-25,827994.7053546512,361336.20854643703
2018-10-26,806696.9643169304,361336.20854643703
2018-10-29,790094.5832157457,361336.20854643703
2018-10-30,803114.8460764644,361336.20854643703
2018-10-31,821992.607653892,361336.20854643703
2018-11-01,833834.5968394616,362336.08858242625
2018-11-02,820846.9625193365,362329.8601341236
2018-11-05,818811.3021293039,362328.7660948005
2018-11-06,825014.5655825036,362328.7660948005
2018-11-07,850893.1640174798,362328.7660948005
2018-11-08,845465.5121550704,362328.7660948005
2018-11-09,831217.7514512687,362328.7660948005
2018-11-12,806065.9639978393,362328.7660948005
2018-11-13,806744.439876749,362328.7660948005
2018-11-14,800589.8218639242,362328.7660948005
2018-11-15,814595.2863790655,362328.7660948005
2018-11-16,811736.1448022121,362328.7660948005
2018-11-19,785372.8764054808,362328.7660948005
2018-11-20,771318.9992032679,362328.7660948005
2018-11-21,777182.7531714921,362328.7660948005
2018-11-23,771561.2953919283,362328.7660948005
2018-11-26,789395.1638229991,362328.7660948005
2018-11-27,792060.7322360011,362328.7660948005
2018-11-28,817551.3309144961,362328.7660948005
2018-11-29,814885.9952547973,362328.7660948005
2018-11-30,820798.3946633962,362328.7660948005
2018-12-03,836142.9135846171,363328.6461307897
2018-12-04,804071.0413762907,363313.30796167464
2018-12-06,809748.1649702556,363315.9068328893
2018-12-07,783013.50046438,363315.9068328893
2018-12-10,791213.5052833179,363315.9068328893
2018-12-11,793833.4831409217,363315.9068328893
2018-12-12,800820.4014704232,363315.9068328893
2018-12-13,801063.0653746941,363315.9068328893
2018-12-14,781557.983102591,363315.9068328893
2018-12-17,763848.2564064848,363315.9068328893
2018-12-18,768651.5103067721,363315.9068328893
2018-12-19,749777.323114851,363315.9068328893
2018-12-20,738908.8697993,363315.9068328893
2018-12-21,716007.5803496891,363315.9068328893
2018-12-24,698252.1793975933,363315.9068328893
2018-12-26,741850.354026871,363315.9068328893
2018-12-27,744721.1519058868,363315.9068328893
2018-12-28,744331.6778930781,363315.9068328893
2018-12-31,750608.703322089,363315.9068328893
2019-01-02,754625.3123038608,364315.7868688785
2019-01-03,729971.4313802444,364302.722643984
2019-01-04,761202.8851004413,364319.27236029226
2019-01-07,770265.3066321205,364324.0745864953
2019-01-08,777233.0256476029,364327.76681850135
2019-01-09,783566.9126180632,364331.12317947735
2019-01-10,785807.9199663482,364332.31070139643
2019-01-11,782933.547255121,364330.7875557446
2019-01-14,776014.8298580415,364327.1212899613
2019-01-15,791167.9969964875,364335.1510352161
2019-01-16,791021.2254823192,364335.07326019666
2019-01-17,797258.2759211741,364338.3783069706
2019-01-18,805151.2699406547,364342.56084720755
2019-01-22,789023.8261798078,364334.01482749905
2019-01-23,790047.0266402649,364334.5570269592
2019-01-24,795163.0289425505,364337.26802426
2019-01-25,804664.1316294542,364342.30270998075
2019-01-28,794724.5811283661,364337.03568839096
2019-01-29,787221.2666457071,364333.05964144896
2019-01-30,807246.2835782383,364343.67100626946
2019-01-31,819330.0048960063,364350.0742355763
2019-02-01,816870.1907267462,365348.1210562414
2019-02-04,827016.9988382687,365358.458461288
2019-02-05,834334.273000491,365365.91318261717
2019-02-06,831846.4574133181,365363.3786360757
2019-02-07,820675.1950962845,365351.74670633714
2019-02-08,822284.8848285471,365351.74670633714
2019-02-11,821504.4929172262,365351.74670633714
2019-02-12,833651.3814058024,365351.74670633714
2019-02-13,834236.5390569018,365351.74670633714
2019-02-14,835261.2268893698,365351.74670633714
2019-02-15,838773.8860603151,365351.74670633714
2019-02-19,840432.014448285,365351.74670633714
2019-02-20,840285.7639733363,365351.74670633714
2019-02-21,837212.5571081074,365351.74670633714
2019-02-22,843408.0324994905,365351.74670633714
2019-02-25,846481.2393647196,365351.74670633714
2019-02-26,847359.5988465865,365351.74670633714
2019-02-27,846822.8019755422,365351.74670633714
2019-02-28,844871.5496324569,365351.74670633714
2019-03-01,851725.318254295,366351.44679631013
2019-03-04,851871.6626231462,366351.6185658649
2019-03-05,852506.4712812104,366352.3636632091
2019-03-06,847671.2595717399,366346.6884044403
2019-03-07,837268.4905712224,366334.4783070264
2019-03-08,835998.5613864338,366332.6933739748
2019-03-11,853385.7070017938,366332.6933739748
2019-03-12,858074.574342413,366332.6933739748
2019-03-13,864521.2114197132,366332.6933739748
2019-03-14,863056.0524535695,366332.6933739748
2019-03-15,871066.0091578466,366332.6933739748
2019-03-18,873140.5594862391,366332.6933739748
2019-03-19,876076.335120082,366332.6933739748
2019-03-20,879550.1621601274,366332.6933739748
2019-03-21,893299.359852953,366332.6933739748
2019-03-22,873678.7668267718,366332.6933739748
2019-03-25,872015.1034583397,366332.6933739748
2019-03-26,876076.335120082,366332.6933739748
2019-03-27,870449.1329477503,366332.6933739748
2019-03-28,872455.5399738648,366332.6933739748
2019-03-29,879061.1521007589,366332.6933739748
2019-04-01,891705.560163775,367332.3934639478
2019-04-02,895085.6397215641,367336.182905204
2019-04-03,900228.9743414827,367341.94914948015
2019-04-04,899886.0801631766,367341.5647273612
2019-04-05,904539.5436556085,367346.78177217947
2019-04-08,906842.0003985345,367349.36307963775
2019-04-09,903657.7600151979,367345.7931956537
2019-04-10,908507.2968461013,367351.2300602677
2019-04-11,906352.0512163748,367348.813792672
2019-04-12,910270.5519082308,367353.2068632877
2019-04-15,910417.8410761032,367353.37199065817
2019-04-16,913552.5947967842,367356.886394646
2019-04-17,916736.522961429,367360.45592859853
2019-04-18,917912.3385548738,367361.77414731
2019-04-22,920508.593086815,367364.68483443046
2019-04-23,932215.7012651486,367377.80979139166
2019-04-24,929276.5525549013,367374.5146821523
2019-04-25,933048.0762975767,367378.74297542905
2019-04-26,933881.0757673883,367379.6768595295
2019-04-29,935693.3491641358,367381.7086174984
2019-04-30,928443.7091944355,367373.5809730676
2019-05-01,926455.3983488892,368369.93117386807
2019-05-02,922434.3659470135,368361.0890869006
2019-05-03,937145.5935082483,368393.43847892096
2019-05-06,931408.2382010636,368380.82226758037
2019-05-07,913264.4429682004,368340.9247986382
2019-05-08,910959.8897496128,368335.8571796928
2019-05-09,906056.1211828713,368325.0739917445
2019-05-10,907183.5886629852,368327.55324694957
2019-05-13,875702.0148880823,368258.3265446079
2019-05-14,885313.1887408439,368279.46112562396
2019-05-15,897817.7712373883,368306.9581947535
2019-05-16,906840.7929158608,368326.7994530217
2019-05-17,897572.8055051713,368306.4195250558
2019-05-20,882420.327069988,368273.09984028176
2019-05-21,891639.2431952446,368293.3718624837
2019-05-22,887667.2820788018,368284.6376812802
2019-05-23,874083.9126926287,368254.7684035872
2019-05-24,873642.8180966591,368253.79845448246
2019-05-28,870357.2298643609,368246.5735793793
2019-05-29,863197.9793644648,368230.8306782496
2019-05-30,866826.6758998458,368238.81003457843
2019-05-31,852998.0282254976,368208.40139988996
2019-06-03,835216.4752059168,369166.80227693554
2019-06-04,858733.5946280552,369245.72786823486
2019-06-05,865116.0471947668,369245.72786823486
2019-06-06,871989.3312754403,369245.72786823486
2019-06-07,888828.9828871391,369245.72786823486
2019-06-10,899188.5476112108,369245.72786823486
2019-06-11,900415.9393266311,369245.72786823486
2019-06-12,895211.8266169954,369245.72786823486
2019-06-13,900513.9648106914,369245.72786823486
2019-06-14,896684.3211588808,369245.72786823486
2019-06-17,902084.875999782,369245.72786823486
2019-06-18,915193.535304762,369245.72786823486
2019-06-19,918630.372926671,369245.72786823486
2019-06-20,927172.9066110109,369245.72786823486
2019-06-21,925798.046390041,369245.72786823486
2019-06-24,925827.8530216668,369245.72786823486
2019-06-25,909934.8944527559,369245.72786823486
2019-06-26,914166.4191194249,369245.72786823486
2019-06-27,917659.8189320567,369245.72786823486
2019-06-28,918840.7404658874,369245.72786823486
2019-07-01,932239.7646142527,370245.42795820785
2019-07-02,935934.3508246042,370249.38989837293
2019-07-03,942977.9120328793,370256.9431577821
2019-07-05,941057.0404699479,370254.8832848318
2019-07-08,934456.3597072379,370247.8049543391
2019-07-09,939135.9339571779,370252.8231599299
2019-07-10,948494.9258238324,370262.8594031436
2019-07-11,947805.2697312335,370262.1198409794
2019-07-12,953272.8657394894,370267.98309250426
2019-07-15,956326.5871070364,370271.2577924707
2019-07-16,951400.7854263524,370265.9755415195
2019-07-17,946721.6027594765,370260.95775584824
2019-07-18,947805.2697312335,370262.1198409794
2019-07-19,940859.9175554496,370254.67189737246
2019-07-22,948347.0640588055,370262.70084155304
2019-07-23,954553.498992519,370269.35639712703
2019-07-24,961252.3104711075,370276.53995943797
2019-07-25,952139.8593016483,370266.7680975203
2019-07-26,961941.8882470937,370277.2794376182
2019-07-29,958641.6261823515,370273.7403563558
2019-07-30,954504.3161596605,370269.303655242
2019-07-31,941303.3462173047,370255.14741417614
2019-08-01,937623.3937407248,371249.82921457454
2019-08-02,923817.0394807227,371220.3191433186
2019-08-05,891174.0170952083,371150.5470732656
2019-08-06,903649.0574973158,371177.21155863616
2019-08-07,908530.5677763304,371187.64542940736
2019-08-08,928304.0399350554,371229.9097782276
2019-08-09,919576.058865391,371211.2543578005
2019-08-12,909023.8618575903,371188.6998093844
2019-08-13,928944.9615997565,371231.2797013542
2019-08-14,901183.6846938676,371171.9420047965
2019-08-15,900148.2532044846,371169.7288458078
2019-08-16,914596.0779306131,371200.6100132132
2019-08-19,929142.1381118938,371231.70115171064
2019-08-20,921943.0394132795,371216.3136053987
2019-08-21,930128.2558731916,371233.8089062166
2019-08-22,927120.588861213,371227.3802382159
2019-08-23,897781.272656596,371164.6695982096
2019-08-26,911341.6854778008,371193.65398764925
2019-08-27,909418.1364816613,371189.5425425225
2019-08-28,912672.6857348809,371196.4989032358
2019-08-29,926627.6083807677,371226.3265285376
2019-08-30,924408.4906169312,371221.583326813
2019-09-03,916433.7977972208,372202.10130909446
2019-09-04,929663.4462033466,372244.7795486725
2019-09-05,946693.7704720185,372299.71859443677
2019-09-06,945755.7079442096,372296.6924477039
2019-09-09,943781.2401553799,372290.3229050869
2019-09-10,941066.258649191,372281.56449914793
2019-09-11,949902.1923323184,372310.0688163488
2019-09-12,953851.44185326,372322.8089143494
2019-09-13,950445.2357250486,372311.8206494516
2019-09-16,946200.1731462663,372298.12627208047
2019-09-17,950741.5196978129,372312.77644797205
2019-09-18,950346.7360201959,372311.502893917
2019-09-19,951926.1846739466,372316.5981229039
2019-09-20,941856.061461887,372284.1123668331
2019-09-23,942271.4869103219,372285.45251029497
2019-09-24,929757.5507022458,372245.08312547405
2019-09-25,940193.9672390447,372278.750527027
2019-09-26,936731.8007207456,372267.5817364749
2019-09-27,925107.7367466302,372230.0830387069
2019-09-30,933912.3545873383,372258.486332435
2019-10-01,927294.613358996,373233.6129057449
2019-10-02,911350.2179252509,373165.043095173
2019-10-03,921352.7958925589,373208.0597701733
2019-10-04,934920.2757704665,373266.40751556336
2019-10-07,932097.5510494888,373254.2682218398
2019-10-08,918134.15429052,373194.21781261096
2019-10-09,927096.5370626762,373232.7610669798
2019-10-10,934276.4688795327,373263.6387861537
2019-10-11,946308.9163888566,373315.38503453665
2019-10-14,946210.1532375381,373314.9602977942
2019-10-15,958242.3650352836,373366.7055324856
2019-10-16,955865.5280499721,373356.48380520096
2019-10-17,958391.0990412071,373367.3451718281
2019-10-18,949180.7476886521,373327.7355139913
2019-10-21,957599.0295675063,373363.938830459
2019-10-22,949973.1314444575,373331.1432069491
2019-10-23,951805.2389722578,373339.0222931553
2019-10-24,961064.8540446829,373378.84381251765
2019-10-25,968740.015887602,373411.85129755305
2019-10-28,978296.7846897698,373452.9507440116
2019-10-29,970720.6217097477,373420.36900941026
2019-10-30,975424.9533899742,373440.600264557
2019-10-31,975870.2125614317,373442.51512781845
2019-11-01,985733.5322722424,374480.33373541775
2019-11-04,991830.030911093,374512.7083747086
2019-11-05,992375.3920273015,374515.60444185574
2019-11-06,990144.8697810259,374503.7595522837
2019-11-07,993465.8783088463,374521.3953231645
2019-11-08,997431.2686689564,374542.45299743966
2019-11-11,996093.1126217726,374535.34689902014
2019-11-12,998967.7807494655,374550.61243900104
2019-11-13,999215.7651162675,374551.9293267591
2019-11-14,998422.5769338384,374547.71720717754
2019-11-15,1005758.6041552455,374586.6741969499
2019-11-18,1006551.3990862207,374590.88422822236
2019-11-19,1008038.5187841255,374598.78137815284
2019-11-20,1001991.4125278792,374566.66903049283
2019-11-21,999760.7329810222,374554.8233055971
2019-11-22,1000405.429414475,374558.2468796388
2019-11-25,1012251.6575601652,374621.1546872006
2019-11-26,1014184.881707325,374631.42081504554
2019-11-27,1021272.8459116392,374669.0604993979
2019-11-29,1016613.7599869259,374644.31904775935
2019-12-02,1007204.3300441827,375588.7428471755
2019-12-03,999315.2687237826,375539.0603422136
2019-12-04,1004376.0898302828,375570.9315952719
2019-12-05,1006360.6761600899,375583.4298147905
2019-12-06,1017127.4191500833,375651.2349363758
2019-12-09,1012513.2244419089,375622.17637767363
2019-12-10,1011669.8067431139,375616.8648326997
2019-12-11,1017028.0638681008,375650.609232114
2019-12-12,1024619.531713149,375698.41759911255
2019-12-13,1027993.2025083288,375719.66377900826
2019-12-16,1038313.3978284292,375784.65670204116
2019-12-17,1038908.9784212961,375788.4074569863
2019-12-18,1039702.3248369367,375793.40367081086
2019-12-19,1046202.301691964,375834.3382153957
2019-12-20,1050419.8625565346,375860.89891508745
2019-12-23,1053194.3312509463,375878.3715330681
2019-12-24,1053741.2576724463,375881.81588133035
2019-12-26,1063039.7153938385,375940.3742640224
2019-12-27,1062144.6518432363,375934.7374718252
2019-12-30,1055183.4051014136,375890.8980133972
2019-12-31,1057172.3214950154,375903.42350211897
2020-01-02,1075823.8021940163,377014.28823412955
2020-01-03,1065969.3396042672,376943.12882368907
2020-01-06,1072837.613348889,376992.7248626369
2020-01-07,1072688.284206218,376991.6465518049
2020-01-08,1080750.8758855741,377049.86680129083
2020-01-09,1089908.8106167119,377115.9965603096
2020-01-10,1087121.51715739,377095.8694191811
2020-01-13,1099663.6679102415,377186.43671750906
2020-01-14,1095333.5955827339,377155.16911755793
2020-01-15,1095781.5042090884,377158.40348102443
2020-01-16,1106282.7708109976,377234.2334852955
2020-01-17,1111757.673631763,377273.76794528216
2020-01-21,1111259.962357299,377270.1739551951
2020-01-22,1114196.4273559747,377291.3782690968
2020-01-23,1117779.9327717859,377317.2548839174
2020-01-24,1108373.2212050743,377249.3286988846
2020-01-27,1085479.1329929847,377084.00970711745
2020-01-28,1102152.066679246,377204.40552988526
2020-01-29,1103943.6223830057,377217.3424147219
2020-01-30,1107875.667533927,377245.7358468565
2020-01-31,1090306.6801899814,377118.86959006725
2020-02-03,1107780.3397787518,378237.5287034145
2020-02-04,1133136.063615454,378443.339919397
2020-02-05,1136872.1909855243,378473.6658892669
2020-02-06,1146685.7858633192,378553.32237661333
2020-02-07,1141753.8674261451,378513.29022698046
2020-02-10,1155552.7489630403,378625.295098409
2020-02-11,1155751.7451283527,378626.910340909
2020-02-12,1167009.974870937,378718.2928614024
2020-02-13,1165515.6501194465,378706.1634977858
2020-02-14,1168853.2330490397,378733.254501206
2020-02-18,1169301.467376218,378736.89279812534
2020-02-19,1180509.849486429,378827.87070773484
2020-02-20,1169550.7055380838,378738.91585254465
2020-02-21,1147084.1725581244,378556.5560626488
2020-02-24,1102848.5790872497,378197.49783419573
2020-02-25,1072860.1014804486,377954.0827740905
2020-02-26,1078389.5605234124,377998.96513267304
2020-02-27,1024390.298679952,377560.6556679645
2020-02-28,1025187.6241794147,377564.63110158907
2020-03-02,1079090.4114376546,378564.5111375783
2020-03-03,1044486.8121875892,378551.6880336318
2020-03-04,1088065.3844727515,378567.83700583014
2020-03-05,1055007.38949837,378555.5866586118
2020-03-06,1037207.2828865094,378548.99044832477
2020-03-09,965158.4240582942,378522.23120240815
2020-03-10,1017711.8114866056,378530.8191454411
2020-03-11,973385.3839913324,378522.6272479859
2020-03-12,884134.1974651127,378507.6428905679
2020-03-13,959025.3481892034,378517.1517668411
2020-03-16,844145.7722859369,378498.1948556905
2020-03-17,908166.9308190661,378505.17747769976
2020-03-18,880544.1293051001,378501.1462939592
2020-03-19,885829.562253156,378501.84314222954
2020-03-20,851126.0174002193,378497.16885267606
2020-03-23,851740.7696984495,378497.23982991447
2020-03-24,917697.6045639669,378504.8792743135
2020-03-25,910902.0140824777,378503.8433325655
2020-03-26,958870.3772425711,378510.9996669679
2020-03-27,925892.0387557863,378505.34921192226
2020-03-30,959569.917516697,378510.64155086956
2020-03-31,951375.1675409822,378509.2310133124
2020-04-01,911951.6080279124,379502.2313081249
2020-04-02,930459.9390685104,379509.0770201966
2020-04-03,917253.9849327862,379503.9619837054
2020-04-06,982832.7955330181,379528.5669030762
2020-04-07,982432.5743908936,379528.3935911442
2020-04-08,1003292.0465762514,379537.42020208866
2020-04-09,1004742.532086009,379538.0705502901
2020-04-13,1015597.1870117512,379542.9486986759
2020-04-14,1059766.6955518702,379563.13793432264
2020-04-15,1047611.5590120559,379557.22578495194
2020-04-16,1066719.5895049528,379566.3768652183
2020-04-17,1076924.0431399646,379571.3844560086
2020-04-20,1064168.5748869635,379565.04816332104
2020-04-21,1024901.5382400379,379545.8358247605
2020-04-22,1055314.8676066222,379559.97197685245
2020-04-23,1053063.7027147822,379558.8810166644
2020-04-24,1069670.9042976776,379566.90619610145
2020-04-27,1078274.789494635,379571.1508324149
2020-04-28,1057965.8584775315,379561.0294408127
2020-04-29,1095482.55988855,379579.18114252714
2020-04-30,1095032.3901362708,379578.8171112342
2020-05-01,1065168.2749769366,380553.7390186198
2020-05-04,1077585.519907774,380568.43246035284
2020-05-05,1089802.228959326,380582.8886061096
2020-05-06,1096511.6769283959,380590.82795846544
2020-05-07,1110630.905860348,380607.5353737401
2020-05-08,1125851.9350789615,380625.5465595696
2020-05-11,1135915.8301585712,380637.45526047575
2020-05-12,1112133.1450507343,380609.3129873843
2020-05-13,1098213.8982500776,380592.8422128307
2020-05-14,1110680.9013931716,380607.59453392035
2020-05-15,1117891.0166521813,380616.1263305497
2020-05-18,1138719.6935532033,380640.7730981801
2020-05-19,1135865.9137326032,380523.6423254245
2020-05-20,1158547.1149812015,388122.0156959844
2020-05-21,1145929.7297053572,383895.0965290821
2020-05-22,1149885.2307057632,385220.2191775382
2020-05-26,1146780.6821524866,384180.1720126516
2020-05-27,1153039.379257585,386276.8827157815
2020-05-28,1151537.6938151885,385773.8067741063
2020-05-29,1168410.7906089488,391426.4213755711
2020-06-01,1172915.0826216445,393600.1861743938
2020-06-02,1180782.7157312527,396240.36183806765
2020-06-03,1186094.759569223,398022.9473590231
2020-06-04,1177775.9910835137,395231.38224639924
2020-06-05,1201128.2244592432,403067.79217961524
2020-06-08,1210448.9441882942,406195.58640358737
2020-06-09,1219218.4521784165,409138.40812078695
2020-06-10,1233851.0573967623,414048.7347279649
2020-06-11,1172714.692372976,393532.94035212416
2020-06-12,1182035.6496250401,396660.81428272085
2020-06-15,1196417.6680646287,401487.0504009682
2020-06-16,1216963.3295182744,408381.64685816085
2020-06-17,1220821.811690776,409676.45440556883
2020-06-18,1224129.477996037,410786.42229057854
2020-06-19,1223929.008573031,410719.149899434
2020-06-22,1238606.8223381923,415644.6473341568
2020-06-23,1249148.727051621,419182.2398839635
2020-06-24,1223396.7195008078,410540.5273537529
2020-06-25,1235042.8687018608,414448.67600122653
2020-06-26,1205877.3387563082,404661.4730003189
2020-06-29,1219029.3046856986,409074.9350787474
2020-06-30,1242924.1989718876,417093.44808025105
2020-07-01,1258431.4880010097,422961.5225239987
2020-07-02,1266971.92017286,425831.9800966685
2020-07-06,1298120.3341903845,436301.0288630719
2020-07-07,1289177.5350908309,433295.33490290097
2020-07-08,1306158.243507667,439002.5874263815
2020-07-09,1317160.7365652202,442700.5489439963
2020-07-10,1326153.0589672185,445722.88779234915
2020-07-13,1298873.8015231004,436554.2708498278
2020-07-14,1308067.3866262343,439644.2545237522
2020-07-15,1310730.3932639374,440539.29676698433
2020-07-16,1301787.356452532,437533.52291135024
2020-07-17,1303294.8457789514,438040.19330760976
2020-07-20,1340270.448892623,450467.772828879
2020-07-21,1326303.8475185025,445773.5681478856
2020-07-22,1330976.0739643534,447343.91347852664
2020-07-23,1296210.7948853974,435659.22860659566
2020-07-24,1283902.47138898,431522.37467739836
2020-07-27,1306811.4756762346,439222.1401594571
2020-07-28,1290182.3430881144,433633.05302615813
2020-07-29,1305052.8041598154,438631.04689033853
2020-07-30,1311885.3559142337,440927.4821912093
2020-07-31,1335296.7245814884,448796.09341898613
2020-08-03,1354331.9398117294,455857.5688348053
2020-08-04,1359359.2945535146,457549.7372337717
2020-08-05,1362728.0980054073,458683.650203199
2020-08-06,1380777.5702614742,464758.9618011413
2020-08-07,1364839.7455885895,459394.4143114715
2020-08-10,1359008.0140881184,457431.49896867044
2020-08-11,1333266.5304854882,448767.1163396029
2020-08-12,1366800.2553462533,460054.3066063619
2020-08-13,1369917.691061057,461103.6111558408
2020-08-14,1368308.9375436855,460562.11726817157
2020-08-17,1384195.8543026235,465909.5295510253
2020-08-18,1397518.9787348832,470393.98933111277
2020-08-19,1388117.5081844805,467229.52766363235
2020-08-20,1407373.3869869434,473710.90629661997
2020-08-21,1417126.7723692714,476993.81975202804
2020-08-24,1425975.7096729744,479972.303037742
2020-08-25,1437186.7107471556,483745.83856743714
2020-08-26,1467855.0019967353,494068.5462274918
2020-08-27,1463280.267773343,492528.72636513895
2020-08-28,1470720.9113828174,495033.18897631584
2020-08-31,1482535.5122092771,499009.8914753002
2020-09-01,1508874.6661141699,508538.65410313
2020-09-02,1523162.1368822206,513353.9852357243
2020-09-03,1445937.2703079882,487326.7540859752
2020-09-04,1426669.4186100946,480832.87650292873
2020-09-08,1358097.8111558165,457722.068330709
2020-09-09,1397992.9111371767,471167.98329333425
2020-09-10,1370121.4724103026,461774.4238040069
2020-09-11,1360613.313756554,458569.87254911126
2020-09-14,1384308.4881189715,466555.8983931498
2020-09-15,1403929.4401440772,473168.78199385724
2020-09-16,1381541.9272181669,465623.4795590443
2020-09-17,1359958.8482511952,458349.2969010959
2020-09-18,1342602.1818299831,452499.54941723676
2020-09-21,1345822.1394206057,453584.77732660406
2020-09-22,1370825.927400188,462011.847494972
2020-09-23,1328968.9385221265,447904.71370388183
2020-09-24,1335156.6051774824,449990.1537630334
2020-09-25,1366197.3772233473,460451.8791753758
2020-09-28,1394572.0434277898,470015.0422970641
2020-09-29,1388284.00106144,467895.7724373864
2020-09-30,1397791.3662313074,471100.0562630288
2020-10-01,1420977.6691284261,479577.345700912
2020-10-02,1381003.9808925977,466086.29955817224
2020-10-05,1410455.8117764543,476026.2382272827
2020-10-06,1385283.0760001198,467530.48627429846
2020-10-07,1409247.437878769,475618.4142627994
2020-10-08,1416749.0751247895,478150.2030143174
2020-10-09,1438396.8973733243,485456.303145029
2020-10-12,1482800.8664113255,500442.56089733535
2020-10-13,1482750.36530744,500425.5168678038
2020-10-14,1470365.3666008033,496245.60261912935
2020-10-15,1460497.9590888056,492915.3707609076
2020-10-16,1452493.6929314728,490213.94567773107
2020-10-19,1428781.0425297369,482210.96984900226
2020-10-20,1431852.2401650818,483247.4933933765
2020-10-21,1430744.868475167,482873.7574879563
2020-10-22,1430694.3673712816,482856.7134584247
2020-10-23,1433513.8535297136,483808.28484302684
2020-10-26,1412016.5817418182,476552.9952154471
2020-10-27,1423042.020856119,480274.06060619775
2020-10-28,1367561.6351744232,461549.5326408777
2020-10-29,1391475.6547576897,469620.47019742423
2020-10-30,1356183.958800947,457709.5878240232
2020-11-02,1360204.5142308825,459728.82102641603
2020-11-03,1383732.4523828074,467680.912902749
2020-11-04,1445500.3622077722,488557.54436809424
2020-11-05,1483186.1613352462,501294.78190925065
2020-11-06,1484294.188575764,501669.2785761996
2020-11-09,1453965.0419100756,491418.4797489084
2020-11-10,1427917.9787166351,482614.96121339465
2020-11-11,1459859.263696697,493410.6387253575
2020-11-12,1453007.1990846882,491094.74317235907
2020-11-13,1465753.8033339325,495402.9051305694
2020-11-16,1477190.8630533624,499268.46058624674
2020-11-17,1472504.950375986,497684.69205139444
2020-11-18,1461623.0167539644,494006.76092986116
2020-11-19,1473059.75862278,497872.2089567758
2020-11-20,1462983.258456717,494466.5023200528
2020-11-23,1463033.16100312,494483.3686358047
2020-11-24,1483588.8780632257,501430.8941516558
2020-11-25,1492708.0121798224,504513.0253549736
2020-11-27,1506462.3618008571,509161.790205485
2020-11-30,1509535.9772385529,510200.62634128437
2020-12-01,1529882.449578158,517739.2466479862
2020-12-02,1531848.2098221667,518404.49464014673
2020-12-03,1534016.2552397356,519138.1995084523
2020-12-04,1540267.535025492,521253.7430181878
2020-12-07,1548989.0157553619,524205.2461640555
2020-12-08,1554232.209287031,525979.6354773421
2020-12-09,1519042.5405487625,514070.829943056
2020-12-10,1525142.7425712466,516135.24606887816
2020-12-11,1521765.4389306018,514992.3068560706
2020-12-14,1532806.5199289862,518728.8037090538
2020-12-15,1549190.5057827998,524273.4339487062
2020-12-16,1557710.8145436808,527156.856946521
2020-12-17,1567894.5689928012,530603.2193503707
2020-12-18,1563155.4981027879,528999.4340444581
2020-12-21,1560231.268722735,528009.8231650917
2020-12-22,1564473.6913446442,529445.5339236766
2020-12-23,1556594.9064753845,526779.2139434475
2020-12-24,1563463.6967398631,529103.7339076413
2020-12-28,1579221.743566056,534436.5353229961
2020-12-29,1580635.6724010597,534915.0338181258
2020-12-30,1580686.7207821233,534932.3094920587
2020-12-31,1584574.9853210773,536248.166899091
2021-01-04,1563200.7047873293,529676.1167046967
2021-01-05,1576088.5647105877,534043.0489712186
2021-01-06,1554255.633456578,526645.1619260757
2021-01-07,1591855.8999368055,539385.6648412264
2021-01-08,1612323.9646711424,546321.0794759191
2021-01-11,1589025.914372405,538426.750378425
2021-01-12,1586498.9142170588,537570.4997222573
2021-01-13,1597213.522180521,541201.0456404617
2021-01-14,1588672.0070458627,538306.8321505083
2021-01-15,1576088.5647105877,534043.0489712186
2021-01-19,1599082.674814318,541834.3907416799
2021-01-20,1636279.0668364682,554438.0445280301
2021-01-21,1649368.545726781,558873.2935188194
2021-01-22,1644617.8490871268,557263.5638532506
2021-01-25,1658212.728008509,561870.0629752734
2021-01-26,1660638.839114832,562692.1283092742
2021-01-27,1614345.8830574036,547006.1878409863
2021-01-28,1623897.720861224,550242.7398332072
2021-01-29,1589733.4107635051,538666.4789941254
2021-02-01,1630456.1847689901,553125.9756864832
2021-02-02,1657055.8037266817,562149.7938830736
2021-02-03,1650481.7316183913,559919.5652617222
2021-02-04,1670001.5683649532,566541.5946339574
2021-02-05,1675665.1712137864,568462.9500686668
2021-02-08,1686891.425965231,572271.4137187205
2021-02-09,1686537.6199675896,572151.3863978534
2021-02-10,1682694.1594945616,570847.507247947
2021-02-11,1691948.5269936249,573987.0157487572
2021-02-12,1701404.9556137535,577195.0727059941
2021-02-16,1696803.5669009534,575634.069322367
2021-02-17,1688661.252096547,572871.8204115372
2021-02-18,1681278.2985895087,570367.1818936937
2021-02-19,1673945.979784203,567879.721003229
2021-02-22,1630557.2949438337,553160.2769235447
2021-02-23,1625703.0511796142,551513.4934384157
2021-02-24,1639103.8912189924,556059.6767649243
2021-02-25,1581960.082655738,536673.8599847758
2021-02-26,1588584.7894657608,538921.266233506
2021-03-01,1637372.9796737032,556133.0273834522
2021-03-02,1611111.45116231,547213.3105345346
2021-03-03,1564356.6289660805,531333.0553113503
2021-03-04,1538752.9570892816,522636.77918505546
2021-03-05,1561927.8649704992,530508.1266662399
2021-03-08,1517703.1380412485,515487.2172108562
2021-03-09,1577562.9933605792,535818.5912903948
2021-03-10,1573059.8061675124,534289.0856996443
2021-03-11,1609289.5595138273,546594.5058207563
2021-03-12,1596234.5547228316,542160.379065856
2021-03-15,1613287.046305295,547952.2504878922
2021-03-16,1622141.2644584335,550959.5818703849
2021-03-17,1628821.002749876,553228.3521043296
2021-03-18,1578929.372265467,536282.6812969854
2021-03-19,1584495.4225269228,538173.187871174
2021-03-22,1614210.180560766,548265.7926401993
2021-03-23,1607167.6571986114,545873.8026132268
2021-03-24,1580062.1794032643,536667.4387534754
2021-03-25,1577326.0757496222,535738.1223258659
2021-03-26,1600986.4496433388,543774.3581291214
2021-03-29,1600530.4589220483,543619.4810770153
2021-03-30,1592474.6228459144,540883.3198231402
2021-03-31,1616844.3156394165,549160.4754852275
2021-04-01,1645405.3249201286,559521.3623720851
2021-04-05,1678255.500376357,570692.0901235121
2021-04-06,1677089.4823168546,570295.584774148
2021-04-07,1681144.7190381507,571674.5711799145
2021-04-08,1698685.686368054,577639.3907833932
2021-04-09,1708976.9037313366,581138.9272637741
2021-04-12,1706746.4199098304,580380.4495029108
2021-04-13,1726669.6415278309,587155.3565326335
2021-04-14,1705935.1174891568,580104.5654828241
2021-04-15,1731788.8657428536,588896.1527143992
2021-04-16,1733817.5203514353,589585.9982941995
2021-04-19,1717950.0137230079,584190.2403057434
2021-04-20,1705428.1531154602,579932.1718526657
2021-04-21,1720028.567655164,584897.0541893926
2021-04-22,1699293.724770972,577846.1547159164
2021-04-23,1720687.6213409698,585121.1659085985
2021-04-26,1731891.2151541472,588930.956711431
2021-04-27,1724387.983000678,586379.4767732542
2021-04-28,1718557.7332804077,584396.8958145999
2021-04-29,1724743.0174850246,586500.2065261984
2021-04-30,1713438.0307971078,582655.9369973341
2021-05-03,1705312.8504288187,580552.7143799572
2021-05-04,1674624.3124906716,570105.1803712482
2021-05-05,1668993.5476146229,568188.2559593999
2021-05-06,1681573.1603200843,572470.8298578889
2021-05-07,1695218.5012370218,577116.2177736462
2021-05-10,1652406.5671305812,562541.4231562833
2021-05-11,1650124.2083145664,561764.4222643395
2021-05-12,1607414.0455894943,547224.2744577859
2021-05-13,1619841.4797717186,551455.0410560991
2021-05-14,1655602.3161185628,563629.3764599736
2021-05-17,1645558.8526174498,560210.2032590675
2021-05-18,1634450.4584862199,556428.4875676234
2021-05-19,1636326.6888743918,557067.2270484064
2021-05-20,1667979.3431589182,567842.9825689206
2021-05-21,1658747.3389321319,564700.0606636055
2021-05-24,1686645.777761325,574197.7398637467
2021-05-25,1688979.022268024,574992.0641610952
2021-05-26,1694863.4180161348,576995.3340732362
2021-05-27,1688522.3271820405,574836.5879552219
2021-05-28,1693848.8945278868,576649.9520720647
2021-06-01,1689217.829741811,575732.7277501895
2021-06-02,1692517.1431695498,576857.2261340037
2021-06-03,1674905.3758509126,570854.6427724425
2021-06-04,1703328.0568360887,580541.8881741029
2021-06-07,1708403.3588715605,582271.693196043
2021-06-08,1709215.45827267,582548.4794074913
2021-06-09,1709621.3483624933,582686.8181134097
2021-06-10,1727436.3001421392,588758.6524276385
2021-06-11,1731953.6030608108,590298.2757288194
2021-06-14,1748550.5653495237,595954.9851256816
2021-06-15,1737130.417521421,592062.6790271907
2021-06-16,1730786.0505609845,589900.3411500569
2021-06-17,1752763.0117713166,597390.704797958
2021-06-18,1739008.3973864869,592702.7471411647
2021-06-21,1749816.4380598615,596386.429984761
2021-06-22,1766127.5375287265,601945.7093295981
2021-06-23,1766991.5104175247,602240.1754779019
2021-06-24,1777916.3861462476,605963.6789792774
2021-06-25,1775731.155623333,605218.8912393132
2021-06-28,1797326.9664072008,612579.3481511808
2021-06-29,1803830.7844882563,614796.031434218
2021-06-30,1800985.72320194,613826.354897452
2021-07-01,1802696.6487108094,615068.4605216652
2021-07-02,1823389.5250176475,622128.7363495003
2021-07-06,1831269.8866747774,624817.4648808764
2021-07-07,1835133.8110905085,626135.8109507242
2021-07-08,1824049.8815978933,622354.0457522207
2021-07-09,1835439.156140431,626239.9927108213
2021-07-12,1842607.8977439755,628685.9210732682
2021-07-13,1842607.8977439755,628685.9210732682
2021-07-14,1845912.5552324948,629813.4488774989
2021-07-15,1832947.527757119,625389.8651893595
2021-07-16,1818101.72169757,620324.5719883209
2021-07-19,1803205.2909618572,615242.0059745465
2021-07-20,1824152.2488452785,622388.9727962699
2021-07-21,1838235.3310771964,627194.0295505389
2021-07-22,1850386.5309508955,631339.9405140679
2021-07-23,1871994.1648131504,638712.3257152482
2021-07-26,1873468.6683936608,639215.4168193154
2021-07-27,1852826.5764622805,632172.4682925844
2021-07-28,1859944.533690367,634601.0693539272
2021-07-29,1863249.1911788862,635728.597158158
2021-07-30,1853538.8353130415,632415.4864149865
2021-08-02,1854690.5691308,633467.0594315351
2021-08-03,1865932.7517194944,637306.8117139819
2021-08-04,1868628.6513277327,638227.592584806
2021-08-05,1880481.6935775399,642275.9831596402
2021-08-06,1872240.6007495106,639461.2490324695
2021-08-09,1875699.795309655,640642.7322634126
2021-08-10,1866085.0272248671,637358.8212072189
2021-08-11,1862880.5306243915,636264.329720473
2021-08-12,1869595.8324757097,638557.9319998783
2021-08-13,1876157.7403237144,640799.142764585
2021-08-16,1876971.6872537977,641077.1452394533
2021-08-17,1860439.0094049815,635430.431444857
2021-08-18,1842532.9758702472,629314.6498702269
2021-08-19,1851435.1009813068,632355.1586810509
2021-08-20,1870612.8666747638,638905.2986572274
2021-08-23,1898590.8143812446,648461.1289167514
2021-08-24,1904389.9066336039,650441.8010448226
2021-08-25,1906577.2092496052,651188.8712997249
2021-08-26,1894470.42775265,647053.8164276604
2021-08-27,1912885.0582796214,653343.3086182125
2021-08-30,1934352.0696871157,660675.3373767679
2021-08-31,1932775.3071613868,660136.7962652642
2021-09-01,1936979.5038518352,662230.9878419831
2021-09-02,1936063.3007449028,661917.7485498991
2021-09-03,1942018.5410059984,663953.7766199427
2021-09-07,1944766.0312512852,664893.111897164
2021-09-08,1937997.542830189,662579.0436458552
2021-09-09,1931330.0909408638,660299.5186213125
2021-09-10,1916672.120173386,655288.1272040037
2021-09-13,1915348.8933166282,654835.7311787762
2021-09-14,1909902.8324126396,652973.785667673
2021-09-15,1924102.7815606163,657828.5847674418
2021-09-16,1925426.1682853042,658281.0354496738
2021-09-17,1902624.8448985764,650485.5255434149
2021-09-20,1863310.2834165131,637044.3296840535
2021-09-21,1865603.5888726194,637828.3844118401
2021-09-22,1883029.1932445667,643785.9978889215
2021-09-23,1900403.160275118,649725.9571535892
2021-09-24,1902186.8067703273,650335.7653514222
2021-09-27,1887003.5099848106,645144.771017731
2021-09-28,1833605.3832078238,626888.5663577873
2021-09-29,1830599.386519698,625860.8507044886
2021-09-30,1823873.5828359164,623561.3758733482
2021-10-01,1836184.8981822333,628428.3869650128
2021-10-04,1797644.2168004627,615237.9624836571
2021-10-05,1821910.6724569583,623543.0790330124
2021-10-06,1833585.1492976325,627538.6312548546
2021-10-07,1850408.2582122334,633296.286276092
2021-10-08,1841181.093125352,630138.3186457357
2021-10-11,1827059.4644859019,625305.2365764985
2021-10-12,1820687.016580062,623124.2867372694
2021-10-13,1835267.2362520695,628114.320115251
2021-10-14,1869066.6909871623,639682.074996853
2021-10-15,1880843.0591734028,643712.4992046284
2021-10-18,1899756.6201997893,650185.6047504494
2021-10-19,1914132.7372706307,655105.784668383
2021-10-20,1911634.3998665465,654250.7367118851
2021-10-21,1923309.3565722704,658246.4531660002
2021-10-22,1907148.781336376,652715.5481694643
2021-10-25,1926673.6904361607,659397.885630884
2021-10-26,1932740.4643053012,661474.2195123138
2021-10-27,1937226.4027455049,663009.5175429165
2021-10-28,1958740.1925215418,670372.5430311685
2021-10-29,1968375.242900722,673670.1080934393
2021-11-01,1976103.9306285088,676972.7826013617
2021-11-02,1984366.9082398117,679803.50969997
2021-11-03,2005431.8038678204,687019.9120295604
2021-11-04,2031138.8631069825,695826.6246502365
2021-11-05,2033077.2188713942,696490.6656832846
2021-11-08,2030322.519583678,695546.9620586266
2021-11-09,2016347.5378489124,690759.4191945333
2021-11-10,1986713.3557478865,680607.354616297
2021-11-11,1992221.6340714733,682494.3780902473
2021-11-12,2013184.7468175332,689675.9116865963
2021-11-15,2012725.9236688733,689518.7282617491
2021-11-16,2027058.7458502392,694428.8599427098
2021-11-17,2028129.5465784161,694795.6943674228
2021-11-18,2049144.030873384,701994.8268055494
2021-11-19,2060568.839300199,705908.732461781
2021-11-22,2036647.6215385029,697713.8125993435
2021-11-23,2027364.5746040198,694533.6306175905
2021-11-24,2033893.0822867649,696770.1637997377
2021-11-26,1995332.8935179666,683560.2319313544
2021-11-29,2038636.5486719334,698395.1783489077
2021-11-30,2008696.3777811488,688138.2882707386
2021-12-01,1975522.6352927368,677430.865999997
2021-12-02,1989760.3994100532,682313.1693983927
2021-12-03,1955161.196355448,670448.6796327678
2021-12-06,1970827.6844999213,675820.909968826
2021-12-07,2030177.2936898875,696172.6166170074
2021-12-08,2039260.7313297628,699287.4384452705
2021-12-09,2009254.3244193878,688997.8746327903
2021-12-10,2031095.7248251303,696487.5578827736
2021-12-13,2001752.8427795472,686425.5248592291
2021-12-14,1981034.022689214,679320.7881249863
2021-12-15,2026196.4647351443,694807.54169555
2021-12-16,1974093.4309145678,676940.7743440992
2021-12-17,1964244.6339953234,673563.5014610309
2021-12-20,1945190.710513124,667029.678130107
2021-12-21,1988725.0828618524,681958.1466953863
2021-12-22,2012944.7011287806,690263.34992801
2021-12-23,2028120.2705388302,695467.2382276597
2021-12-27,2061639.484401104,706961.3864944015
2021-12-28,2052084.342067291,703684.8113591392
2021-12-29,2051777.8781215355,703579.7211250603
2021-12-30,2045646.5176853684,701477.2026644631
2021-12-31,2032872.5432190963,697096.8506349019
2022-01-03,2053442.2238953288,704807.3363465179
2022-01-04,2026807.563485994,695665.4652779534
2022-01-05,1964542.332608944,674294.0378227383
2022-01-06,1963161.6119594465,673820.1301413403
2022-01-07,1941894.9255893289,666520.7202046898
2022-01-10,1943172.961247954,666959.3830985514
2022-01-11,1972363.5327795458,676978.5249707712
2022-01-12,1980184.7329501477,679663.0121188039
2022-01-13,1930648.4360664175,662660.5637164027
2022-01-14,1942662.09941349,666784.0389059562
2022-01-18,1894301.3133925062,650185.0635939481
2022-01-19,1873495.0274338813,643043.6778684981
2022-01-20,1849161.0875220618,634691.4879833934
2022-01-21,1797886.3545682135,616907.2247701873
2022-01-24,1806117.013142356,616907.2247701873
2022-01-25,1764248.6098203901,616907.2247701873
2022-01-26,1761487.8093013694,616907.2247701873
2022-01-27,1743748.9370794399,616907.2247701873
2022-01-28,1798448.6389956106,616907.2247701873
2022-01-31,1855960.243633748,616907.2247701873
2022-02-01,1869586.8335061427,617907.1048061765
2022-02-02,1884778.0778192396,617910.3540135488
2022-02-03,1808362.010930063,617894.0096218201
2022-02-04,1831173.9613290068,617898.7712987928
2022-02-07,1816443.3637430947,617898.7712987928
2022-02-08,1836851.7447889203,617898.7712987928
2022-02-09,1875776.0726746318,617898.7712987928
2022-02-10,1833322.3638102817,617898.7712987928
2022-02-11,1775166.2754856558,617898.7712987928
2022-02-14,1777365.4869483216,617898.7712987928
2022-02-15,1821558.4016709465,617898.7712987928
2022-02-16,1821097.9152244602,617898.7712987928
2022-02-17,1766931.5340442609,617898.7712987928
2022-02-18,1746778.800712374,617898.7712987928
2022-02-22,1729235.1165889467,617898.7712987928
2022-02-23,1684939.9427807464,617898.7712987928
2022-02-24,1741561.8242603436,617898.7712987928
2022-02-25,1768567.8396941666,617898.7712987928
2022-02-28,1773836.5868117781,617898.7712987928
2022-03-01,1747676.2417167716,618898.651334782
2022-03-02,1777001.303528982,618905.3611054437
2022-03-03,1751616.9131678022,618899.552986818
2022-03-04,1726232.6831790563,618893.7449048866
2022-03-07,1662567.2324226121,618879.1778231056
2022-03-08,1654839.6866848657,618877.4097088554
2022-03-09,1714410.1877086624,618891.0398386957
2022-03-10,1695372.536427514,618886.6838965035
2022-03-11,1660213.125462264,618878.6391876573
2022-03-14,1628329.3214637768,618871.2839596361
2022-03-15,1679404.734280161,618876.6988866427
2022-03-16,1741688.4161442856,618883.7672719616
2022-03-17,1762774.02340906,618886.3341229169
2022-03-18,1798854.2928909883,618890.818764998
2022-03-21,1793853.238905601,618890.1761862998
2022-03-22,1829106.7884896756,618894.6861483804
2022-03-23,1802820.463559043,618891.2211414328
2022-03-24,1842890.7992017083,618896.3897951959
2022-03-25,1841353.469048299,618896.1848226304
2022-03-28,1869843.7923409499,618899.9268891515
2022-03-29,1902023.1627355076,618907.2897447447
2022-03-30,1881014.0531218052,618902.4827196745
2022-03-31,1857699.589767725,618897.0206979848
2022-04-01,1855163.5588028033,619896.9007339741
2022-04-04,1893358.7142920848,619905.1336900814
2022-04-05,1851318.4821508976,619896.071928674
2022-04-06,1811123.8482924888,619887.2908693235
2022-04-07,1815430.565203441,619887.2908693235
2022-04-08,1790052.2249145773,619887.2908693235
2022-04-11,1747704.553518495,619887.2908693235
2022-04-12,1740321.5185517764,619887.2908693235
2022-04-13,1775696.9297684736,619887.2908693235
2022-04-14,1735092.002499435,619887.2908693235
2022-04-18,1736425.0950514541,619887.2908693235
2022-04-19,1775235.6104272297,619887.2908693235
2022-04-20,1749344.7644076066,619887.2908693235
2022-04-21,1713148.926828551,619887.2908693235
2022-04-22,1668288.9504147796,619887.2908693235
2022-04-25,1689719.0389782004,619887.2908693235
2022-04-26,1625940.958100895,619887.2908693235
2022-04-27,1623992.5056623819,619887.2908693235
2022-04-28,1681670.2600299788,619887.2908693235
2022-04-29,1605997.2003402368,619887.2908693235
2022-05-02,1633810.545591222,620887.1709053128
2022-05-03,1635554.3567257915,620887.5977083232
2022-05-04,1690856.0169731546,620901.1329556929
2022-05-05,1605697.632008808,620880.290185314
2022-05-06,1586460.1567569228,620875.5217554922
2022-05-09,1524387.1595434113,620868.152201342
2022-05-10,1542906.4626928263,620870.1608086567
2022-05-11,1497146.3923639974,620865.0479440825
2022-05-12,1493606.4284661068,620864.6812021501
2022-05-13,1548959.9486707912,620870.378816785
2022-05-16,1531005.0038804603,620868.3486935281
2022-05-17,1570659.8888311463,620872.7098960094
2022-05-18,1493555.6924087894,620863.7053362079
2022-05-19,1485552.7215955474,620862.8764553968
2022-05-20,1480935.2587082363,620862.4052410226
2022-05-23,1505559.9077929372,620864.8962857993
2022-05-24,1473548.3456542562,620861.5076135616
2022-05-25,1494171.2684966212,620863.5662556178
2022-05-26,1535570.1251390202,620867.8644389652
2022-05-27,1585691.2485971353,620873.4490652095
2022-05-31,1581484.1697683786,620872.944841253
2022-06-01,1570787.6030752629,621871.3708367252
2022-06-02,1613804.1553498008,621881.8895651499
2022-06-03,1571814.0559323386,621871.0518089101
2022-06-06,1577050.1061851096,621872.3358072871
2022-06-07,1590653.136926791,621875.6945178582
2022-06-08,1579205.6732509078,621872.8186449346
2022-06-09,1536907.5897785053,621862.3444160899
2022-06-10,1482700.1468775051,621849.6716206362
2022-06-13,1413760.0770479245,621834.892369188
2022-06-14,1416326.4501797021,621835.3712628145
2022-06-15,1451694.9727456423,621842.0112081565
2022-06-16,1393124.181410565,621830.126531031
2022-06-17,1410064.1077292475,621833.1418420983
2022-06-21,1445639.2382736192,621839.7487504743
2022-06-22,1443530.7444097498,621839.3246388974
2022-06-23,1465029.0596646995,621843.630186095
2022-06-24,1515226.2834757846,621854.1237105276
2022-06-27,1504117.168479977,621851.5878473441
2022-06-28,1458291.4867319737,621841.3106571453
2022-06-29,1459628.654853658,621841.5874373171
2022-06-30,1441524.751238135,621837.8304221648
2022-07-01,1452039.503834026,622839.5553686604
2022-07-05,1476897.773483821,622848.0488451447
2022-07-06,1486367.7742305,622851.4224068649
2022-07-07,1518174.687474486,622862.922603857
2022-07-08,1520078.8482928288,622863.6440022519
2022-07-11,1487602.970749187,622851.3082273132
2022-07-12,1473192.3446978393,622846.0825731857
2022-07-13,1470155.7194414344,622845.0058686956
2022-07-14,1475405.1840682945,622846.8580853696
2022-07-15,1502168.0968466701,622856.3813380833
2022-07-18,1489455.5243720987,622851.6682080062
2022-07-19,1535261.1707244574,622868.334970848
2022-07-20,1559605.1368908111,622877.7888298582
2022-07-21,1581993.4958134699,622886.7529340289
2022-07-22,1554253.1009534055,622875.3524056863
2022-07-25,1545400.2965408717,622871.8289398033
2022-07-26,1515034.8478272185,622859.8742036491
2022-07-27,1579059.4418676107,622884.1037929257
2022-07-28,1594499.9610464748,622890.2720875484
2022-07-29,1623578.4452759305,622912.7851879161
2022-08-01,1623600.6632842144,623911.9084391968
2022-08-02,1618760.1111257966,623906.9709119034
2022-08-03,1662842.9182849564,623951.9368695867
2022-08-04,1670619.1712190132,623959.8689111897
2022-08-05,1656971.8384719414,623945.9481691513
2022-08-08,1651616.183355356,623940.4852193788
2022-08-09,1632921.9033545107,623921.416420053
2022-08-10,1678498.2195279195,623967.9058075598
2022-08-11,1668971.0669696615,623958.1877889857
2022-08-12,1701467.11408355,623991.3348586385
2022-08-15,1715216.5987289466,624005.3597990761
2022-08-16,1711200.17912977,624001.2629149307
2022-08-17,1691682.0883079458,623981.3538006408
2022-08-18,1695750.4686365065,623985.5036864916
2022-08-19,1662687.84044246,623951.7786849303
2022-08-22,1618914.0628843743,623907.127947916
2022-08-23,1617575.309974359,623905.7623745649
2022-08-24,1622261.5886359368,623910.5425376617
2022-08-25,1650946.485162086,623939.8021045193
2022-08-26,1583277.5285908035,623870.7774748793
2022-08-29,1567673.061993306,623854.8603899677
2022-08-30,1550215.0612658884,623837.0526374099
2022-08-31,1541202.8507966662,623827.8598772227
2022-09-01,1542871.7664725157,624828.4225357955
2022-09-02,1521074.031885456,624800.5529982273
2022-09-06,1510149.0868956873,624786.5848877521
2022-09-07,1540656.1281328094,624825.5897269227
2022-09-08,1548643.3079598611,624835.8017518176
2022-09-09,1582500.5282965158,624879.0899692402
2022-09-12,1601309.4691424156,624903.1381785361
2022-09-13,1513498.7830749191,624790.8676485653
2022-09-14,1525505.6305117356,624806.2190275989
2022-09-15,1500100.1593314258,624773.736811125
2022-09-16,1490927.5711395387,624762.0091799718
2022-09-19,1502537.9410094635,624776.8536418115
2022-09-20,1490561.5175515926,624761.5411614177
2022-09-21,1463871.156424499,624727.4161463081
2022-09-22,1445854.0438983473,624704.3803307093
2022-09-23,1422313.12799912,624674.2820451547
2022-09-26,1416427.7782942378,624666.7573194064
2022-09-27,1416995.6925678854,624667.4834273476
2022-09-28,1445182.9456537792,624703.5222966936
2022-09-29,1403521.572284046,624649.9655166968
2022-09-30,1379722.9379176674,624635.9548726288
2022-10-03,1413091.497977474,625654.0606783241
2022-10-04,1457520.0460947065,625686.880210691
2022-10-05,1456744.8935460122,625686.268761001
2022-10-06,1445275.9542256882,625677.2313436343
2022-10-07,1390205.0062160934,625634.5112573325
2022-10-10,1376308.4798407354,625624.5954923631
2022-10-11,1357400.2024065696,625611.4270740888
2022-10-12,1356935.143094832,625611.1143865007
2022-10-13,1388758.6024890097,625632.491852506
2022-10-14,1347016.2672408035,625602.7508914758
2022-10-17,1391496.6049557927,625632.10451282
2022-10-18,1402500.6460517747,625639.9999912389
2022-10-19,1397385.9601470372,625636.2624985484
2022-10-20,1390256.8763575482,625631.0963198158
2022-10-21,1422854.843950837,625654.4393615398
2022-10-24,1438508.6727272149,625666.2546550055
2022-10-25,1468265.2197456032,625689.2363661266
2022-10-26,1435821.8960523033,625663.1429517509
2022-10-27,1409681.5999827185,625643.0124068893
2022-10-28,1452818.8715350435,625674.9675449404
2022-10-31,1435925.4752478169,625661.6308133362
2022-11-01,1422253.0131515497,626650.1339324656
2022-11-02,1373502.2127605735,626606.4984897872
2022-11-03,1346671.3228471887,626584.284016921
2022-11-04,1368332.8285968762,626601.3443638129
2022-11-07,1383376.561860838,626613.6942268137
2022-11-08,1393457.7314638472,626622.1937600591
2022-11-09,1361301.4151056604,626594.6182992415
2022-11-10,1461750.0871511996,626676.0918940027
2022-11-11,1488684.790317716,626701.3676308322
2022-11-14,1475657.0330532305,626677.3875356553
2022-11-15,1496077.132184338,626714.9746591137
2022-11-16,1475657.0330532305,626677.3875356553
2022-11-17,1472400.2952379887,626671.3928827622
2022-11-18,1472451.3958610364,626671.4869432962
2022-11-21,1457304.6553474613,626643.6064515306
2022-11-22,1478293.631761645,626682.2407031412
2022-11-23,1493130.866924269,626709.5514907265
2022-11-25,1483308.102049163,626691.4708010249
2022-11-28,1461543.589049862,626651.4090250334
2022-11-29,1450480.0623589903,626631.0444743548
2022-11-30,1516601.366969984,626752.7534642911
2022-12-01,1519462.4515846611,627756.0597368272
2022-12-02,1513409.4127048033,627743.3322934307
2022-12-05,1488009.393672746,627689.9248544702
2022-12-06,1457176.721837631,627625.0944290699
2022-12-07,1451228.0484782334,627612.5864302004
2022-12-08,1468403.3547479669,627648.7001480709
2022-12-09,1459039.6544431867,627629.0115308363
2022-12-12,1477352.657800719,627667.5174314723
2022-12-13,1493234.2832758767,627700.9109868901
2022-12-14,1482163.7953791504,627677.6335867487
2022-12-15,1432397.5728028708,627572.9924645833
2022-12-16,1418740.8524648186,627544.277113743
2022-12-19,1398802.0375451257,627502.3526947328
2022-12-20,1397713.3777343284,627500.0636203694
2022-12-21,1417988.8400129091,627542.6958921277
2022-12-22,1383297.386136916,627469.751785157
2022-12-23,1386408.6723171878,627476.2937419387
2022-12-27,1366807.472597376,627435.0792107107
2022-12-28,1348761.5933540356,627397.1349795287
2022-12-29,1381637.8614468167,627466.2623797562
2022-12-30,1380808.9056359283,627464.5193729177
2023-01-03,1372474.263264589,628444.7725210447
2023-01-04,1379012.9205208842,628460.4161211035
2023-01-05,1357425.1495522344,628408.7678327846
2023-01-06,1394891.9171383544,628498.406286772
2023-01-09,1403921.3530808846,628520.0090224872
2023-01-10,1415805.0954867983,628548.4406264253
2023-01-11,1440298.9901552722,628607.0417546162
2023-01-12,1448082.552481447,628625.6637638896
2023-01-13,1458045.9900752124,628649.5010789249
2023-01-17,1461004.2538603025,628656.578662855
2023-01-18,1442010.8960507694,628611.137453491
2023-01-19,1427844.1281776216,628577.2437591063
2023-01-20,1466919.8128840076,628670.7315134882
2023-01-23,1499508.8189949517,628748.7000256652
2023-01-24,1496447.4050102176,628741.3756570504
2023-01-25,1493126.4205700418,628733.4302715765
2023-01-26,1522238.021985012,628803.0791661051
2023-01-27,1537391.254443486,628839.3329562771
2023-01-30,1506306.7238578633,628764.9638701739
2023-01-31,1528880.636563014,628817.8741374342
2023-02-01,1562573.1386612253,629817.5742274072
2023-02-02,1618653.475166182,629853.4531991255
2023-02-03,1589886.6743100418,629835.0488296322
2023-02-06,1576437.5504140558,629826.4443745598
2023-02-07,1609099.754597952,629847.3409378333
2023-02-08,1580487.8588583863,629829.0356732428
2023-02-09,1566519.261703897,629820.0988705507
2023-02-10,1556238.0201293551,629813.5211572439
2023-02-13,1581162.8833444824,629829.4675391329
2023-02-14,1592846.1858281684,629836.9422603189
2023-02-15,1605048.9615703577,629844.7493291246
2023-02-16,1574931.4656310074,629825.4808144832
2023-02-17,1563819.6483427766,629818.3717170159
2023-02-21,1526795.7102038553,629794.6846118347
2023-02-22,1527937.8729559935,629795.415342562
2023-02-23,1541282.9729780753,629803.9532454369
2023-02-24,1515475.6836400616,629787.4423066303
2023-02-27,1526328.08735455,629794.3854369718
2023-02-28,1524355.1873609684,629793.123218742
2023-03-01,1513100.0997718,630784.9829638106
2023-03-02,1525623.0594848401,630801.2634627594
2023-03-03,1557162.8084271783,630842.2667767738
2023-03-06,1558929.797283006,630844.5639541879
2023-03-07,1539808.107233416,630819.7047626001
2023-03-08,1547498.0323893668,630829.7020652576
2023-03-09,1520686.0939147342,630794.8451507456
2023-03-10,1499330.4528061987,630767.0817065929
2023-03-13,1510450.4246607882,630780.9491491228
2023-03-14,1545160.1503174047,630780.9491491228
2023-03-15,1553265.7995254216,630780.9491491228
2023-03-16,1594210.9010593947,630780.9491491228
2023-03-17,1586676.6299711498,630780.9491491228
2023-03-20,1592307.8159159154,630780.9491491228
2023-03-21,1615049.9581592195,630780.9491491228
2023-03-22,1593088.1875035423,630780.9491491228
2023-03-23,1611979.0634215807,630780.9491491228
2023-03-24,1617912.02106355,630780.9491491228
2023-03-27,1606827.4471745135,630780.9491491228
2023-03-28,1598292.1733434824,630780.9491491228
2023-03-29,1627435.5285082408,630780.9491491228
2023-03-30,1642839.6240020283,630780.9491491228
2023-03-31,1670161.5194689895,630780.9491491228
2023-04-03,1667102.0912076635,631780.6492390959
2023-04-04,1661478.0389701566,631777.2767008706
2023-04-05,1645075.2271588044,631767.4405351493
2023-04-06,1656166.613780878,631774.0916336407
2023-04-10,1655229.379562314,631773.5296085929
2023-04-11,1644606.3674522266,631767.1593771486
2023-04-12,1630078.509272594,631758.4475524764
2023-04-13,1661998.8144979868,631777.5889908887
2023-04-14,1658874.4847940656,631775.7154447497
2023-04-17,1660280.2552561467,631776.5584338293
2023-04-18,1660384.4103617128,631776.6208918329
2023-04-19,1659603.570533028,631776.1526507749
2023-04-20,1646949.8573274633,631768.5646822294
2023-04-21,1648668.0931062426,631769.5950453199
2023-04-24,1645231.298085623,631767.5341251702
2023-04-25,1614195.9877944812,631748.9233858195
2023-04-26,1623985.7590600399,631754.793953235
2023-04-27,1668143.4805317938,631781.2737221473
2023-04-28,1679651.164113071,631788.1744586842
2023-05-01,1678724.1564816022,632786.7191725752
2023-05-02,1664083.100811527,632769.2257741146
2023-05-03,1653193.7013659535,632756.2149224527
2023-05-04,1647358.0254348076,632749.2423511675
2023-05-05,1682371.5955379817,632791.077198814
2023-05-08,1686539.958607072,632796.057634497
2023-05-09,1675858.5080140408,632783.2952438899
2023-05-10,1694095.055984335,632805.0846016643
2023-05-11,1699618.0804111143,632811.68361127
2023-05-12,1693521.537903861,632804.3993518755
2023-05-15,1702691.8395591187,632815.3561943652
2023-05-16,1704620.018997282,632817.6600180768
2023-05-17,1725252.7526948852,632842.3123819524
2023-05-18,1757296.4571623756,632880.5987803539
2023-05-19,1753336.5284295299,632875.8673857906
2023-05-22,1759224.474772638,632882.9024107106
2023-05-23,1736924.1045571773,632856.2575245228
2023-05-24,1728014.345822225,632845.6119834328
2023-05-25,1770061.927462051,632895.8511954476
2023-05-26,1815287.6472459044,632949.8877044722
2023-05-30,1823520.1562159625,632959.7240552783
2023-05-31,1813151.6807830997,632947.3356130605
2023-06-01,1835097.0897308446,633972.0620152985
2023-06-02,1848859.7969387504,633995.9944558709
2023-06-05,1850163.0596867409,633998.2607438763
2023-06-06,1849850.2377673574,633997.7167671802
2023-06-07,1818466.8482619235,633943.1431216792
2023-06-08,1841039.8966185935,633982.396164716
2023-06-09,1848077.9040563991,633994.6347956923
2023-06-12,1879304.8826021412,634048.9364528453
2023-06-13,1893745.3706353782,634074.0475095925
2023-06-14,1907508.2397593914,634097.9802317263
2023-06-15,1930237.699075753,634137.5052631111
2023-06-16,1918091.076535221,634116.38308724
2023-06-20,1915345.1412708194,634111.6080868322
2023-06-21,1889243.2932707523,634066.2186938403
2023-06-22,1911533.959936219,634104.9806937312
2023-06-23,1892584.4321457408,634072.0287140901
2023-06-26,1867213.7972864273,634027.9108525472
2023-06-27,1899318.3611339594,634083.7385726881
2023-06-28,1903024.9446632173,634090.1840771008
2023-06-29,1899214.4109930464,634083.5578102455
2023-06-30,1928500.6630761952,634134.4846720163
2023-07-03,1934041.786144878,635142.0819971706
2023-07-05,1933989.622194933,635141.964371007
2023-07-06,1919260.1103289814,635108.7503223269
2023-07-07,1912888.3324431702,635094.3823960301
2023-07-10,1913515.1098417311,635095.7957364868
2023-07-11,1922968.934770092,635117.1134695007
2023-07-12,1947255.9514649159,635171.8790423273
2023-07-13,1980318.0137394392,635246.4317468462
2023-07-14,1979900.0541405021,635245.4892763427
2023-07-17,1998389.7443982866,635287.182271867
2023-07-18,2014737.7967111298,635324.0460193071
2023-07-19,2014267.8351620925,635322.9862879385
2023-07-20,1967835.1157176965,635218.283659772
2023-07-21,1961932.6513815445,635204.9740036492
2023-07-24,1965066.53837435,635212.0407059327
2023-07-25,1978385.3555939666,635242.073734014
2023-07-26,1971804.1119091532,635227.2334765694
2023-07-27,1967103.6864195566,635216.6343363909
2023-07-28,2002933.840037893,635297.4288988532
2023-07-31,2003977.929036013,635299.783248619
2023-08-01,2000329.529586179,636289.0021898756
2023-08-02,1956434.3082719815,636168.133501163
2023-08-03,1953298.8542805437,636159.4998002471
2023-08-04,1944153.9287129603,636134.3185816854
2023-08-07,1960614.697486102,636179.6445073157
2023-08-08,1943944.3581773734,636133.741513953
2023-08-09,1922571.7293261483,636074.8904238743
2023-08-10,1926125.351903676,636084.6755824465
2023-08-11,1913844.8102638074,636050.8602166674
2023-08-14,1935322.3054232497,636110.0000637631
2023-08-15,1914785.5275016625,636053.450550093
2023-08-16,1894510.0239059578,635997.6204743072
2023-08-17,1873816.189643316,635940.6384945638
2023-08-18,1871464.5586295258,635934.1631073015
2023-08-21,1901616.9448993185,636017.189898849
2023-08-22,1898899.6594939707,636009.7076555896
2023-08-23,1928842.3131473293,636092.1569331031
2023-08-24,1887611.8630439474,635978.6258859909
2023-08-25,1902243.7115359115,636018.9157464294
2023-08-28,1916562.2577500027,636058.3429062284
2023-08-29,1958419.4744899774,636173.599800921
2023-08-30,1969341.130305901,636203.6733756182
2023-08-31,1975246.545978066,636219.9343677541
2023-09-01,1974155.7272992842,637213.878062048
2023-09-05,1976665.1991924292,637222.0553573213
2023-09-06,1959255.5453652148,637165.3247438644
2023-09-07,1945243.205667977,637119.6645236855
2023-09-08,1947962.029949752,637128.5240088261
2023-09-11,1970914.2517792794,637203.3154801276
2023-09-12,1949059.873227076,637132.101410377
2023-09-13,1956484.0181196097,637156.2935223125
2023-09-14,1972482.5298199002,637208.4258273062
2023-09-15,1938707.713827103,637098.3681518532
2023-09-18,1940729.0751936976,637104.9549037486
2023-09-19,1936592.460103408,637091.4754449358
2023-09-20,1908685.1866960493,637000.5375804602
2023-09-21,1873709.553942752,636886.5669569297
2023-09-22,1873971.6092952124,636887.4208832083
2023-09-25,1882872.5723157506,636916.4253135964
2023-09-26,1854598.6484430996,636824.2926921182
2023-09-27,1858944.4537590537,636838.4538123786
2023-09-28,1874495.2335112358,636889.1271505064
2023-09-29,1875856.1051188142,636893.5616488543
2023-10-02,1892511.3422367673,637944.2764360986
2023-10-03,1859298.390112121,637818.5623962798
2023-10-04,1884601.232737525,637914.3359533368
2023-10-05,1879047.9474457365,637893.3162642204
2023-10-06,1910532.6267177188,638012.4886343495
2023-10-09,1920276.3084576628,638049.3693545469
2023-10-10,1930910.735406124,638089.6216262459
2023-10-11,1944688.243625878,638141.7707459761
2023-10-12,1937930.261945521,638116.191171632
2023-10-13,1913570.5708496452,638023.9875287608
2023-10-16,1935206.4312423174,638105.8812250728
2023-10-17,1928867.7001300496,638081.8885522005
2023-10-18,1903564.8575046456,637986.1149951436
2023-10-19,1885753.5228050821,637918.6974758805
2023-10-20,1857622.1990831243,637812.2178610222
2023-10-23,1863227.2417012365,637833.4334563188
2023-10-24,1881353.1765755385,637902.0417658116
2023-10-25,1835305.705511995,637727.7479063224
2023-10-26,1800311.425218986,637595.2913776261
2023-10-27,1808955.0609637122,637628.0083238378
2023-10-30,1829333.3319007894,637705.1419298601
2023-10-31,1838081.6180388657,637738.2549873138
2023-11-01,1870984.7612228945,638858.7125065099
2023-11-02,1904949.5498260767,639005.3516082847
2023-11-03,1927330.4082047846,639101.978412236
2023-11-06,1935192.474472078,639135.9219868302
2023-11-07,1953485.4025428637,639214.8996178254
2023-11-08,1954743.3396390472,639220.3306177951
2023-11-09,1939700.2041516264,639155.3835957034
2023-11-10,1983309.0148234705,639343.6596630478
2023-11-13,1977124.0356823446,639316.9567208817
2023-11-14,2019684.4842729974,639500.7066044856
2023-11-15,2021204.7553925943,639507.2702016874
2023-11-16,2022934.4391917728,639514.7379142537
2023-11-17,2023406.1858947678,639516.7746268505
2023-11-20,2048040.7467778393,639623.1315343736
2023-11-21,2036142.5351985823,639571.7623626384
2023-11-22,2044476.6728396919,639607.7440515585
2023-11-24,2041593.9206195313,639595.2980975695
2023-11-27,2039812.1271535733,639587.6054074588
2023-11-28,2045157.9945576787,639610.6855803846
2023-11-29,2043166.4637413183,639602.08737318
2023-11-30,2038029.8466813837,639579.9106147544
2023-12-01,2044847.4855492783,640604.728991979
2023-12-04,2025863.9549523378,640513.52902399
2023-12-05,2030950.786897926,640537.9669918503
2023-12-06,2019204.297956907,640481.5349488258
2023-12-07,2047416.8878921648,640617.0728186568
2023-12-08,2056542.0017501125,640660.9113495082
2023-12-11,2074108.950347391,640745.3058272137
2023-12-12,2090627.5113262539,640824.6636803171
2023-12-13,2117214.653812232,640952.3926362802
2023-12-14,2115379.204009643,640943.5748369574
2023-12-15,2125605.003055817,640992.7012384406
2023-12-18,2138993.3433422367,641057.0210023175
2023-12-19,2149923.0481882887,641109.5290817288
2023-12-20,2117975.729626313,640956.0489682532
2023-12-21,2142619.2540441924,641074.4404669562
2023-12-22,2145824.5103802774,641089.8390396165
2023-12-26,2158960.4580471744,641152.9462683067
2023-12-27,2163355.5653038654,641174.0610782768
2023-12-28,2162304.0918040015,641169.0096285985
2023-12-29,2152946.2375189136,641124.0529748881
2024-01-02,2117513.5339837754,641948.7258734014
2024-01-03,2095106.6023749493,641830.5516066175
2024-01-04,2084324.314608551,641773.685768256
2024-01-05,2086796.4607005094,641786.7238788237
2024-01-08,2129926.2617322104,642014.1906601946
2024-01-09,2134134.142315709,642036.3830429513
2024-01-10,2148598.3255926687,642112.6672162253
2024-01-11,2153068.954975346,642136.2453374327
2024-01-12,2154173.4098844454,642142.0702380196
2024-01-16,2153963.145848492,642140.9613044667
2024-01-17,2141813.004407708,642076.881399143
2024-01-18,2172214.519145517,642237.2191364103
2024-01-19,2215291.5104309395,642464.4073989213
2024-01-22,2218184.3470863313,642479.664233576
2024-01-23,2227388.8421254447,642528.208785385
2024-01-24,2239749.247602182,642593.3976242616
2024-01-25,2242484.304984845,642607.822330261
2024-01-26,2229124.576616985,642537.363057574
2024-01-29,2251951.7113146638,642657.7534775017
2024-01-30,2236961.7054562937,642578.6961133643
2024-01-31,2193148.1400789265,642347.6231554935
2024-02-01,2219973.2685230006,643483.5266807877
2024-02-02,2257492.0710129826,643698.2074178405
2024-02-05,2254545.260092652,643681.34591112
2024-02-06,2250019.4579178845,643655.4494943329
2024-02-07,2273172.902621312,643787.9323627712
2024-02-08,2277382.5163898324,643812.0195650953
2024-02-09,2299798.8925925274,643940.2849639319
2024-02-12,2290801.0971697113,643888.8000223819
2024-02-13,2255071.157004842,643684.3550673091
2024-02-14,2279645.2549124826,643824.9668433014
2024-02-15,2286433.470480434,643863.80867792
2024-02-16,2265700.777220414,643745.1772298256
2024-02-20,2248598.9672784046,643647.3215169662
2024-02-21,2239600.684161389,643595.8337848542
2024-02-22,2305166.4549562656,643970.9978909965
2024-02-23,2298378.239388314,643932.1560563779
2024-02-26,2297167.9449489773,643925.2308112996
2024-02-27,2302693.357668739,643956.8469503146
2024-02-28,2290432.5629193448,643886.6912875811
2024-02-29,2310060.628816666,643999.0021123971
2024-03-01,2345842.1915469663,645197.7223046159
2024-03-04,2337471.9053519517,645146.2812836663
2024-03-05,2295515.087518223,644888.4285060093
2024-03-06,2309939.7511625127,644977.0777358481
2024-03-07,2345000.2351160184,645192.5479178155
2024-03-08,2311150.39896471,644984.5179783326
2024-03-11,2302569.6643204684,644931.7836105566
2024-03-12,2335576.7308706236,645134.6341657629
2024-03-13,2317625.6733124377,645024.3128808743
2024-03-14,2311782.069580472,644988.4000178019
2024-03-15,2284302.4461863195,644819.5193069428
2024-03-18,2306088.5770684727,644953.409688826
2024-03-19,2311834.112473635,644988.7198562752
2024-03-20,2339244.9416683884,645157.1777806525
2024-03-21,2350314.790312177,645225.209422908
2024-03-22,2353002.9683780717,645241.7300795477
2024-03-25,2344463.7054143194,645189.2505830551
2024-03-26,2336873.0868124985,645142.6011422331
2024-03-27,2344832.55941961,645191.5174382344
2024-03-28,2340510.3971424475,645164.9548530292
2024-04-01,2346464.9059295924,646195.1055646482
2024-04-02,2326214.3576192698,646062.0777412332
2024-04-03,2331435.183038725,646096.3738517057
2024-04-04,2295786.0633201483,645862.191313527
2024-04-05,2322839.2391169895,646039.906259195
2024-04-08,2323524.871076525,646044.4102422893
2024-04-09,2332120.8149982607,646100.8778348
2024-04-10,2311764.9976139423,645967.1584885891
2024-04-11,2348679.6240675137,646209.6542637179
2024-04-12,2311237.513320441,645963.69339291
2024-04-15,2273215.3650945486,645713.922199432
2024-04-16,2273426.228649261,645715.3073826523
2024-04-17,2245687.420892884,645533.0884538899
2024-04-18,2232872.5788432984,645448.9065088315
2024-04-19,2186676.2138050958,645145.4380892834
2024-04-22,2208667.0372552364,645289.8979495225
2024-04-23,2241626.670431068,645506.4129887574
2024-04-24,2249220.849764559,645556.2998921575
2024-04-25,2238357.471816224,645484.937304772
2024-04-26,2272898.9070591195,645711.8433557875
2024-04-29,2282127.6043483526,645772.4675667732
2024-04-30,2239095.331554358,645489.7843772288
2024-05-01,2223905.0710924645,646383.1310401051
2024-05-02,2252289.8799969577,646582.2694643235
2024-05-03,2297557.3824892524,646899.8512787705
2024-05-06,2322723.4482464776,647076.4080664357
2024-05-07,2323092.6254214547,647078.9980913019
2024-05-08,2321720.9075847995,647069.3745729832
2024-05-09,2326785.8621600186,647104.9086178395
2024-05-10,2332272.7335066414,647143.402691114
2024-05-13,2337654.125660413,647181.1567572841
2024-05-14,2352690.282267199,647286.6454552369
2024-05-15,2389463.7797574336,647544.6361420105
2024-05-16,2384609.9463444473,647510.5832533496
2024-05-17,2383449.3496700255,647502.4408912265
2024-05-20,2400068.3452757006,647619.0342636935
2024-05-21,2404763.9598994106,647651.9771416973
2024-05-22,2404288.9779785178,647648.6448257541
2024-05-23,2393473.4540745495,647572.7666898618
2024-05-24,2416107.205320697,647731.5575970853
2024-05-28,2425234.573809458,647795.5921933451
2024-05-29,2408140.59628289,647675.6665049348
2024-05-30,2382341.1670389646,647494.6662486831
2024-05-31,2377909.4131739135,647463.5745304271
2024-06-03,2391676.978894786,648552.8497396451
2024-06-04,2398221.866205249,648601.4830156621
2024-06-05,2446569.287972942,648960.7395461407
2024-06-06,2445724.7758783917,648954.4642066512
2024-06-07,2443560.896836282,648938.3850105199
2024-06-10,2453431.0708746114,649011.7275870335
2024-06-11,2470268.225426079,649136.8398992547
2024-06-12,2502623.004736854,649377.2594570017
2024-06-13,2516187.7970553897,649478.0557362415
2024-06-14,2529224.647181382,649574.92902076
2024-06-17,2560207.4607388633,649805.1538744577
2024-06-18,2560999.2111830786,649811.0371564858
2024-06-20,2541258.8631064207,649664.3520034587
2024-06-21,2534450.1675442853,649613.758440135
2024-06-24,2505596.3842845573,649399.3538310354
2024-06-25,2534249.2173081352,649612.265233631
2024-06-26,2539482.717056429,649651.1539456468
2024-06-27,2546038.026421279,649699.8646651128
2024-06-28,2532822.04723551,649601.660321312
2024-07-01,2548676.7574082147,650711.7439475197
2024-07-02,2575437.0849841903,650921.0112059527
2024-07-03,2596908.7510329694,651088.9208354315
2024-07-05,2623986.098548938,651300.6672075272
2024-07-08,2630226.7973471098,651349.4698211907
2024-07-09,2632500.8370913845,651367.2529391851
2024-07-10,2659948.638535176,651581.896281717
2024-07-11,2601615.3404915156,651125.7266282517
2024-07-12,2616899.5788214537,651245.2502268871
2024-07-15,2623933.4791036053,651300.2557205216
2024-07-16,2624938.2987284125,651308.1134661903
2024-07-17,2547883.2301072357,650705.5385196416
2024-07-18,2535825.557518046,650611.2468455707
2024-07-19,2513348.90893596,650435.4781964696
2024-07-22,2550792.1242739935,650728.2862347292
2024-07-23,2541801.530004559,650657.9792846702
2024-07-24,2450626.530099245,649944.9856857077
2024-07-25,2423601.4762116103,649733.6482527105
2024-07-26,2448458.217971134,649928.0293635853
2024-07-29,2453376.588479007,649966.4912960567
2024-07-30,2419688.088237044,649703.0453398613
2024-07-31,2491295.496635529,650263.0192787639
2024-08-01,2431952.4223407265,650790.8354978878
2024-08-02,2374230.2509280737,650315.9026500406
2024-08-05,2303439.8895575088,649733.4459076305
2024-08-06,2325449.4040232585,649908.7981413536
2024-08-07,2300265.2899168003,649908.7981413536
2024-08-08,2370632.5669058636,649908.7981413536
2024-08-09,2383013.000280595,649908.7981413536
2024-08-12,2388144.9355999776,649908.7981413536
2024-08-13,2447401.3583098026,649908.7981413536
2024-08-14,2448195.211939347,649908.7981413536
2024-08-15,2510044.411777568,649908.7981413536
2024-08-16,2513271.4895272297,649908.7981413536
2024-08-19,2546285.9242013483,649908.7981413536
2024-08-20,2540942.1207402274,649908.7981413536
2024-08-21,2552793.3726870934,649908.7981413536
2024-08-22,2512319.0607423694,649908.7981413536
2024-08-23,2539566.444598371,649908.7981413536
2024-08-26,2514911.511919778,649908.7981413536
2024-08-27,2522424.1932503246,649908.7981413536
2024-08-28,2493801.4592034537,649908.7981413536
2024-08-29,2490150.8081458095,649908.7981413536
2024-08-30,2519831.9050484095,649908.7981413536
2024-09-03,2444327.322960629,650908.4982313267
2024-09-04,2437975.525871603,650905.9004237164
2024-09-05,2440251.5946472795,650906.8313081108
2024-09-06,2374884.073313515,650880.0967884151
2024-09-09,2405424.318493734,650892.5873765486
2024-09-10,2427654.630052271,650901.6793030907
2024-09-11,2480372.03504168,650923.2400793484
2024-09-12,2504719.612296559,650933.1979417605
2024-09-13,2515940.500926904,650937.7871484793
2024-09-16,2504825.2636265475,650933.2411518671
2024-09-17,2506148.840010569,650933.7824784799
2024-09-18,2495298.0571195357,650929.3446404986
2024-09-19,2558389.998804151,650955.1484758467
2024-09-20,2553520.418136305,650953.1568766914
2024-09-23,2560288.9510269524,650955.9251241664
2024-09-24,2572638.7436832846,650960.9760388756
2024-09-25,2575023.8876746437,650961.9515337042
2024-09-26,2594370.4722678945,650969.8640510568
2024-09-27,2579953.304821048,650963.9676052501
2024-09-30,2586949.770673615,650966.829074529
2024-10-01,2551906.8782308237,651951.7881833497
2024-10-02,2555512.827273012,651954.6750120376
2024-10-03,2553603.833805047,651953.1467216919
2024-10-04,2583986.743599317,651977.4704862799
2024-10-07,2556307.969374544,651955.311582051
2024-10-08,2594485.7183549087,651985.8756914462
2024-10-09,2614899.9112340137,652002.2187614553
2024-10-10,2611930.7282973393,651999.8417110917
2024-10-11,2616013.4363883026,652003.1102206308
2024-10-14,2637965.5564213246,652020.6845149794
2024-10-15,2602704.470222415,651992.4554096821
2024-10-16,2603022.6901690997,651992.7101682659
2024-10-17,2604825.501584122,651994.1534520314
2024-10-18,2621899.282106432,652007.8222750922
2024-10-21,2626936.6500374503,652011.8550603826
2024-10-22,2629799.9771333258,652014.1473653228
2024-10-23,2589501.196791254,651981.8852135782
2024-10-24,2610498.9831963656,651998.6954933325
2024-10-25,2626406.3921970236,652011.4305497953
2024-10-28,2626830.4679845073,652011.7700538024
2024-10-29,2652070.3171130326,652031.9764182551
2024-10-30,2632027.1905479757,652015.9304142523
2024-10-31,2565587.4000289757,651962.74045204
2024-11-01,2585569.54789708,652977.6373942627
2024-11-04,2578037.496264913,652968.6975242357
2024-11-05,2610925.056472045,653007.7321097793
2024-11-06,2681846.5322182667,653091.9095432663
2024-11-07,2724069.652792002,653142.024602017
2024-11-08,2727253.083119412,653145.803048416
2024-11-11,2725661.367955707,653143.9138252166
2024-11-12,2720728.1115477667,653138.0584921347
2024-11-13,2717227.3172025806,653133.9033630987
2024-11-14,2698343.423883676,653111.4898747004
2024-11-15,2634052.816494466,653035.1826874852
2024-11-18,2652353.380063473,653056.9038157668
2024-11-19,2670600.913655217,653078.5620022196
2024-11-20,2669062.7179762577,653076.7363018504
2024-11-21,2678663.5913983393,653088.1316778688
2024-11-22,2682960.488079119,653093.2317090052
2024-11-25,2687203.865275153,653098.2682173114
2024-11-26,2701632.098319809,653115.3932364212
2024-11-27,2680361.040178249,653090.1463973916
2024-11-29,2703912.8768496164,653118.1003160606
2024-12-02,2734352.372778798,654152.74280437
2024-12-03,2742736.785298171,654165.7561171816
2024-12-04,2776644.964839102,654218.3844612926
2024-12-05,2768950.683848988,654206.4422906094
2024-12-06,2793731.4331976064,654244.9040960411
2024-12-09,2771974.98776907,654211.1362644398
2024-12-10,2762529.5877993223,654196.4762099455
2024-12-11,2811985.314209199,654273.2356533305
2024-12-12,2793837.8584003206,654245.0692768991
2024-12-13,2815222.4685347104,654278.2599888769
2024-12-16,2855763.615157704,654341.1832552986
2024-12-17,2843187.812522837,654321.6645528056
2024-12-18,2740614.4839397455,654162.4621271264
2024-12-19,2728409.210768317,654143.5185174979
2024-12-20,2752235.071411599,654180.4982554152
2024-12-23,2779049.6520881657,654222.1167379803
2024-12-24,2816732.661748689,654280.6039356536
2024-12-26,2814819.2933035684,654277.6342270374
2024-12-27,2777402.0201921538,654219.5594748195
2024-12-30,2740462.3546622456,654162.2260097036
2024-12-31,2717183.310628003,654126.094977115
2025-01-02,2712867.790049278,655117.5453979473
2025-01-03,2757264.275966447,655202.787323511
2025-01-06,2788952.794600998,655263.6297593676
2025-01-07,2739186.386267431,655168.0775014105
2025-01-08,2739665.6395147745,655168.997674906
2025-01-10,2696704.1374264476,655086.5109400336
2025-01-13,2688037.7364555816,655069.8713188744
2025-01-14,2685485.529213342,655064.9710423036
2025-01-15,2747268.7024458796,655183.5956709195
2025-01-16,2728021.3368499395,655146.6404373795
2025-01-17,2774065.7354663205,655235.0463802913
2025-01-21,2790335.852524336,655266.2852515335
2025-01-22,2826012.541964035,655334.7850357563
2025-01-23,2832020.5978354984,655346.320594051
2025-01-24,2816016.6418654453,655315.59275613
2025-01-27,2734029.392721403,655158.1759956742
2025-01-28,2774438.0344114457,655235.7611999062
2025-01-29,2769227.155491781,655225.7562334362
2025-01-30,2781030.991520382,655248.4197774382
2025-01-31,2776990.2416536855,655240.661476477
2025-02-03,2755765.0010317722,656197.6893435775
2025-02-04,2789593.120621062,656274.8880029672
2025-02-05,2802251.95802517,656303.776551574
2025-02-06,2816878.815366368,656337.1562898371
2025-02-07,2781348.9335174006,656256.0740635615
2025-02-10,2815017.298500243,656332.908149289
2025-02-11,2808315.445746349,656317.6139486561
2025-02-12,2809964.2831670814,656321.3767365373
2025-02-13,2850388.0791358366,656413.627293001
2025-02-14,2862355.2999717477,656440.937513503
2025-02-18,2868844.146583712,656455.7456159194
2025-02-19,2869642.2662228737,656457.5669931322
2025-02-20,2857462.039245033,656429.7706744138
2025-02-21,2798156.4902410805,656294.4303441482
2025-02-24,2765126.490290953,656219.0530619713
2025-02-25,2730287.7349653775,656139.5480454763
2025-02-26,2736882.75795177,656154.5984514514
2025-02-27,2660876.1552951015,655981.1448897074
2025-02-28,2702895.5371491066,656077.0367094981
2025-03-03,2644749.1161450376,656941.7602973185
2025-03-04,2636767.679736517,656920.5359248937
2025-03-05,2671140.6540759197,657011.941127089
2025-03-06,2597659.0825418658,656816.5376732773
2025-03-07,2616761.2255684366,656865.2468583627
2025-03-10,2515345.361949725,656865.2468583627
2025-03-11,2509332.362839836,656865.2468583627
2025-03-12,2537639.7200376242,656865.2468583627
2025-03-13,2491986.3874745956,656865.2468583627
2025-03-14,2552218.8366663195,656865.2468583627
2025-03-17,2568766.5540036825,656865.2468583627
2025-03-18,2524975.932445726,656865.2468583627
2025-03-19,2558763.40862466,656865.2468583627
2025-03-20,2550090.42094204,656865.2468583627
2025-03-21,2558497.3770853803,656865.2468583627
2025-03-24,2614641.9608061966,656865.2468583627
2025-03-25,2629562.4410009584,656865.2468583627
2025-03-26,2581176.8926291047,656865.2468583627
2025-03-27,2566469.4991218247,656865.2468583627
2025-03-28,2498899.7758851205,656865.2468583627
2025-03-31,2498793.2325413795,656865.2468583627
2025-04-01,2519936.1609999104,657865.1268943519
2025-04-02,2538327.576503274,657868.0453650684
2025-04-03,2402442.017080931,657846.4221511929
2025-04-04,2253229.003810005,657835.1621013175
2025-04-07,2258666.505587494,657835.5124964949
2025-04-08,2217991.337459667,657832.8729121102
2025-04-09,2484218.5323737413,657849.2336860907
2025-04-10,2378559.3165614037,657840.5385177528
2025-04-11,2422379.578090022,657843.8472785605
2025-04-14,2438799.15947517,657845.1364937112
2025-04-15,2441517.746889025,657845.3528835912
2025-04-16,2367897.4842624483,657839.4800059638
2025-04-17,2367470.9782755123,657839.4480753615
2025-04-21,2308883.7030205955,657835.0636765895
2025-04-22,2369496.595632402,657839.3417308492
2025-04-23,2423232.5900638937,657843.3766356293
2025-04-24,2491415.5143878707,657848.7491250786
2025-04-25,2519189.5711791604,657851.0590386406
2025-04-28,2518390.015494183,657850.9912097632
2025-04-29,2535022.6046604654,657852.4014257496
2025-04-30,2534702.5208266512,657852.3739766229
2025-05-01,2568807.1938573914,658855.0323547021
2025-05-02,2606938.4925322076,658861.3399693675
2025-05-05,2591472.653398905,658858.714280961
2025-05-06,2567367.56414511,658854.6634580912
2025-05-07,2577446.7710549515,658856.3295738895
2025-05-08,2604058.5789535097,658860.7595759579
2025-05-09,2602352.217892741,658860.4703667227
2025-05-12,2708372.6139139812,658878.3109272668
2025-05-13,2749650.230438915,658891.2841689397
2025-05-14,2766129.02725004,658896.4633297417
2025-05-15,2769168.5544376425,658897.4186300738
2025-05-16,2781221.671449408,658901.2068332955
2025-05-19,2783888.0037030755,658902.0448412916
2025-05-20,2774608.500223094,658899.1283637576
2025-05-21,2736050.8565908866,658887.0099889268
2025-05-22,2741170.757465861,658888.6191349237
2025-05-23,2715785.3250316214,658880.6406861258
2025-05-27,2779674.5969204763,658900.7205995098
2025-05-28,2767355.5662528924,658896.8488216437
2025-05-29,2772795.184961277,658898.5584525297
2025-05-30,2768422.1645697732,658897.1840454018
2025-06-02,2791287.6207713997,659903.7563766105
2025-06-03,2813107.2238611244,659918.4263503994
2025-06-04,2820949.742889685,659923.6991112336
2025-06-05,2799716.1447054693,659909.4231261238
2025-06-06,2827084.6351165413,659927.8237833367
2025-06-09,2831245.564420484,659930.621300944
2025-06-10,2849971.8730508653,659943.211560063
2025-06-11,2840368.3945575077,659936.7548533482
2025-06-12,2847036.940609537,659941.2383169287
2025-06-13,2811293.258927488,659917.206767352
2025-06-16,2850398.20716135,659943.4981972763
2025-06-17,2822603.382639793,659924.8109028501
2025-06-18,2822123.0614777124,659924.4879685222
2025-06-20,2810599.9343072902,659916.7406244087
2025-06-23,2839499.693818185,659936.1707997784
2025-06-24,2882921.3158199894,659965.3644589857
2025-06-25,2890291.366348519,659970.3195650724
2025-06-26,2917316.3027948868,659988.4892406474
2025-06-27,2927304.23453446,659995.2044268139
2025-06-30,2946264.487055092,660007.951973429
2025-07-01,2922428.834633744,660990.9545107983
2025-07-02,2942784.662851591,661011.5989545026
2025-07-03,2971742.425745816,661040.9672955729
2025-07-07,2949356.3170668916,661018.2637850386
2025-07-08,2951012.813828702,661019.9437684703
2025-07-09,2971902.4784856946,661041.1296176235
2025-07-10,2967628.513910369,661036.7950545625
2025-07-11,2960950.157868483,661030.0220093261
2025-07-14,2971689.0748325232,661040.9131882227
2025-07-15,2974413.5717788404,661043.6763144993
2025-07-16,2977459.483429781,661046.7654126649
2025-07-17,3001554.785171376,661071.2023500872
2025-07-18,2998669.9081789637,661068.2765698131
2025-07-21,3014217.2807699074,661084.0443811135
2025-07-22,2998616.557265671,661068.2224624628
2025-07-23,3012293.702135416,661082.0935289838
2025-07-24,3018704.976304621,661088.5957055222
2025-07-25,3025971.501617594,661095.9652593986
2025-07-28,3035428.0328253065,661105.5558702087
2025-07-29,3030726.606331205,661100.7877844522
2025-07-30,3034786.839947143,661104.9055861655
2025-07-31,3018704.976304621,661088.5957055222
2025-08-01,2960240.010283353,662027.9880085172
2025-08-04,3014861.315968232,662101.8111695759
2025-08-05,2994391.8732060124,662074.1457933849
2025-08-06,3032071.324604314,662125.0712733656
2025-08-07,3042332.2393284766,662138.939362947
2025-08-08,3070712.0716926544,662177.2959878788
2025-08-11,3061625.9284044118,662165.0156549399
2025-08-12,3100106.89610013,662217.0244203891
2025-08-13,3101657.21459207,662219.1197458357
2025-08-14,3099251.6834494546,662215.8685618746
2025-08-15,3085623.614475849,662197.4496112812
2025-08-18,3084394.1644363063,662195.787954037
2025-08-19,3042546.0424911454,662139.2283275757
2025-08-20,3024481.4760379647,662114.8132503085
2025-08-21,3010479.1696754918,662095.8885009853
2025-08-22,3056922.9136592736,662158.6593181472
2025-08-25,3048104.9247205346,662146.7414079201
2025-08-26,3060343.109428399,662163.2818671681
2025-08-27,3065046.7790071126,662169.639088998
2025-08-28,3084233.7302101078,662195.5711199358
2025-08-29,3048532.203629084,662147.3188946588
2025-09-02,3023984.881406044,663112.4910303997
2025-09-03,3047775.974586032,663152.5002418709
2025-09-04,3075362.7557416647,663198.8926187453
2025-09-05,3079800.3928442635,663206.3553427121
2025-09-08,3094823.6400402994,663231.6197670705
2025-09-09,3103591.486024251,663246.3645541832
2025-09-10,3104607.4687751746,663248.0731208483
2025-09-11,3122678.0091738515,663278.4621436115
2025-09-12,3136471.399751668,663301.6583320488
2025-09-15,3163309.786134296,663346.7921419247
2025-09-16,3160636.5265556253,663342.2965516216
2025-09-17,3154328.393808113,663331.6882363511
2025-09-18,3182770.670432931,663379.5192902499
2025-09-19,3204316.2517688405,663415.75224993
2025-09-22,3223285.520945252,663447.6526546819
2025-09-23,3201875.534986158,663411.6477242085
2025-09-24,3190635.202288241,663392.7449842413
2025-09-25,3176879.4770928733,663369.6121372504
2025-09-26,3189939.2115256,663391.5745444724
2025-09-29,3204712.22957215,663416.4181613091
2025-09-30,3213490.5563581744,663431.1805738678
2025-10-01,3229905.2236216515,664456.8038392409
2025-10-02,3243183.596810933,664483.2368564387
2025-10-03,3229530.746566818,664456.0583745451
2025-10-06,3253784.9341165363,664504.3407467514
2025-10-07,3236651.70788511,664470.2339433673
2025-10-08,3273756.0608282504,664544.0969072618
2025-10-09,3269794.073930523,664536.209851648
2025-10-10,3156285.590127838,664310.2505672027
2025-10-13,3223266.2008402455,664443.5876567421
2025-10-14,3201796.183029788,664400.8476808482
2025-10-15,3224390.6148841553,664445.8260074299
2025-10-16,3212450.9234499475,664422.0578797746
2025-10-17,3233546.1365791014,664464.0517387725
2025-10-20,3274291.402479692,664545.1626021988
2025-10-21,3273434.986887973,664543.4577511796
2025-10-22,3241898.6457968852,664480.6789277098
2025-10-23,3269151.5984234987,664534.9308872835
2025-10-24,3304060.5263933768,664604.4234584162
2025-10-27,3362903.2232256345,664721.5605500733
2025-10-28,3388763.7633561483,664773.0406592906
2025-10-29,3404023.2938075284,664803.4175303953
2025-10-30,3351980.484353285,664699.8168514783
2025-10-31,3368150.48876388,664732.0061866159
2025-11-03,3385265.8072704826,665763.7873465128
2025-11-04,3316551.418131374,665606.747260211
2025-11-05,3338135.5990572525,665656.0758168324
2025-11-06,3275955.0283405674,665513.968140202
2025-11-07,3265618.309332609,665490.3445692814
2025-11-10,3337867.521439279,665655.4631513807
2025-11-11,3328977.0451307315,665635.1448281845
2025-11-12,3326352.6373498836,665629.1469981876
2025-11-13,3258441.825618197,665473.9434102816
2025-11-14,3260905.321283611,665479.5734912114
2025-11-17,3233055.3995532827,665415.9251903704
2025-11-18,3193690.266010309,665325.9599873567
2025-11-19,3212756.87693463,665369.5348813862
2025-11-20,3136705.091965675,665195.7258870176
2025-11-21,3160270.687657164,665249.5827753274
2025-11-24,3241088.879564762,665434.2849314685
2025-11-25,3261066.233399045,665479.9412402784
2025-11-26,3289879.989205732,665545.7922906224
2025-11-28,3316551.418131374,665606.747260211
2025-12-01,3306411.1495292154,666580.9880298476
2025-12-02,3332287.1524324315,666647.9309117674
2025-12-03,3340430.5878538494,666668.9985023793
2025-12-04,3337323.4874583664,666660.9602340398
2025-12-05,3350931.0660947994,666696.163914194
2025-12-08,3344502.141653375,666679.5318736364
2025-12-09,3348627.1304987394,666690.2034847902
2025-12-10,3362342.2348715854,666725.6853409325
2025-12-11,3351467.055665027,666697.5505536469
2025-12-12,3287392.534901239,666531.7856519503
2025-12-15,3270891.9238750464,666489.0975111404
2025-12-16,3277374.28336231,666505.8677915945
2025-12-17,3216621.5866444632,666348.6966621159
2025-12-18,3263230.7151556495,666469.2774719874
2025-12-19,3305768.617689677,666579.3257586992
2025-12-22,3321614.567448748,666620.3202487521
2025-12-23,3337170.722235292,666660.5650205933
2025-12-24,3346933.9279726082,666685.823061075
2025-12-26,3346719.2043221504,666685.2675571962
2025-12-29,3330519.206406599,666643.3571218165
2025-12-30,3322794.4001479824,666623.3725517436
2025-12-31,3295329.4422313767,666552.3189411216
2026-01-02,3289945.7851889534,667535.504876093
2026-01-05,3316077.562339841,667611.0294578762
2026-01-06,3345214.4168014075,667695.2391438454
2026-01-07,3348434.283029426,667704.5450187909
2026-01-08,3329384.9654765367,667649.4897604694
2026-01-09,3362546.4067816176,667745.3310793141
2026-01-12,3365336.695174958,667753.3954127403
2026-01-13,3360346.3780084457,667738.9726808001
2026-01-14,3324448.4275198616,667635.2224581547
2026-01-15,3336414.6296307305,667669.8064975309
2026-01-16,3333624.3412373904,667661.7421641047
2026-01-20,3262794.17058322,667457.0328178783
2026-01-21,3306901.9765443234,667584.5106996677
2026-01-22,3330941.2833417137,667653.9877421877
2026-01-23,3341458.3980850694,667684.3837113547
2026-01-26,3356161.109379441,667726.8766545318
2026-01-27,3386585.713579008,667814.8081218341
2026-01-28,3397800.3184401956,667847.2199374223
2026-01-29,3377463.579071317,667788.4438455093
2026-01-30,3336897.3308312236,667671.2015731924
2026-02-02,3360809.597688088,668737.1222654864
2026-02-03,3309174.066964628,668572.5731633046
2026-02-04,3251366.191742366,668388.3543931365
2026-02-05,3204561.7334416276,668239.2006712015
2026-02-06,3272299.417489298,668455.0631778466
2026-02-09,3297365.689985707,668534.9429152394
2026-02-10,3282068.168699311,668486.1936652943
2026-02-11,3290870.9022365296,668514.2457038809
2026-02-12,3223938.178246257,668300.9483970678
2026-02-13,3230808.5484183035,668322.8424926185
2026-02-17,3227480.461726225,668312.2367397678
2026-02-18,3251580.716549839,668389.0380282995
2026-02-19,3239128.109109333,668349.3547841177
2026-02-20,3267790.7883169525,668440.6953409717
2026-02-23,3228070.89697615,668314.1183044368
2026-02-24,3262745.1910867584,668424.6163255619
2026-02-25,3310032.8222336858,668575.3097945842
2026-02-26,3270098.7341049938,668448.0501681999
2026-02-27,3259631.957221736,668414.695253188
2026-03-02,3264925.7616765816,669428.0795448727
2026-03-03,3229972.773177366,669306.0251133925
2026-03-04,3279207.8431636067,669477.9519995927
2026-03-05,3269328.148409217,669443.4525024617
2026-03-06,3220146.890111442,669268.3401374478
2026-03-09,3263153.9133978137,669268.3401374478
2026-03-10,3263207.7250862797,669268.3401374478
2026-03-11,3262778.2159387046,669268.3401374478
2026-03-12,3206777.9667280857,669268.3401374478
2026-03-13,3187770.956497679,669268.3401374478
2026-03-16,3223529.479723631,669268.3401374478
2026-03-17,3239261.19559873,669268.3401374478
2026-03-18,3194106.954694533,669268.3401374478
2026-03-19,3184012.6694263807,669268.3401374478
2026-03-20,3125166.6350080296,669268.3401374478
2026-03-23,3161040.3283721013,669268.3401374478
2026-03-24,3139429.029291957,669268.3401374478
2026-03-25,3160072.702339863,669268.3401374478
2026-03-26,3084648.4023132236,669268.3401374478
2026-03-27,3024384.5611518063,669268.3401374478
2026-03-30,3001268.1753948643,669268.3401374478
2026-03-31,3102872.8462205078,669268.3401374478
2026-04-01,3142202.8745010598,670268.220173437
2026-04-02,3145805.794586213,670268.6786848288
2026-04-06,3164735.156629662,670271.0876553115
