date,Plain DCA 100% QQQ,GMM 60L/40Reserve immediate deploy risk_on no short,GMM 60L/30Reserve/10Short2x Donchian30_15 immediate deploy risk_on,GMM 60L/30Reserve/10Idle immediate deploy risk_on no short
2000-09-05,9997.000899730081,9998.20053983805,9998.20053983805,9998.20053983805
2000-09-06,9645.346957897294,9787.208174738378,9787.208174738378,9787.208174738378
2000-09-07,9858.8513315885,9915.310798953098,9915.310798953098,9915.310798953098
2000-09-08,9557.440287684518,9734.464172610711,9734.464172610711,9734.464172610711
2000-09-11,9325.090397360489,9595.054238416295,9595.054238416295,9595.054238416295
2000-09-12,9180.665351237023,9508.399210742213,9508.399210742213,9508.399210742213
2000-09-13,9394.167907529449,9636.500744517669,9636.500744517669,9636.500744517669
2000-09-14,9343.931370496368,9606.358822297821,9606.358822297821,9606.358822297821
2000-09-15,9174.383512359416,9504.630107415649,9504.630107415649,9504.630107415649
2000-09-18,9029.956648837171,9417.973989302303,9417.973989302303,9417.973989302303
2000-09-19,9362.771434932858,9617.662860959714,9617.662860959714,9617.662860959714
2000-09-20,9507.199207154492,9704.319524292694,9704.319524292694,9704.319524292694
2000-09-21,8816.450457747189,9289.870274648314,9289.270274648314,9289.870274648314
2000-09-22,9337.654075115706,9602.592445069424,9483.610918834884,9602.592445069424
2000-09-25,9089.608220241855,9453.764932145114,9381.397947356376,9453.764932145114
2000-09-26,8986.001041982308,9391.600625189385,9340.178283491621,9391.600625189385
2000-09-27,8998.552906645466,9399.13174398728,9344.852378794178,9399.13174398728
2000-09-28,9199.502689575345,9519.701613745206,9422.977415104106,9519.701613745206
2000-09-29,8916.92444051274,9350.154664307644,9308.724603130833,9350.154664307644
2000-10-02,9715.682925850371,10229.409755510223,10230.912952942224,10229.409755510223
2000-10-03,9407.690986371796,10044.614591823078,10115.713770814029,10044.614591823078
2000-10-04,9589.685210411611,10153.811126246968,10179.344273006724,10153.811126246968
2000-10-05,9617.68650348653,10170.611902091918,10189.326421163876,10170.611902091918
2000-10-06,9295.694930395293,9977.416958237176,10070.794443681372,9977.416958237176
2000-10-09,9253.69501663251,9952.217009979506,10056.117899302642,9952.217009979506
2000-10-10,8770.707150533255,9662.424290319954,9891.73536181672,9662.424290319954
2000-10-11,8630.71385318102,9578.428311908612,9849.884748797414,9578.428311908612
2000-10-12,8413.721051571947,9448.232630943168,9788.35186487515,9448.232630943168
2000-10-13,9099.697021043628,9859.818212626178,9964.795480897665,9859.818212626178
2000-10-16,9183.69887441879,9910.219324651274,9992.686636140004,9910.219324651274
2000-10-17,8763.712904813305,9658.227742887982,9848.589407394486,9658.227742887982
2000-10-18,8735.709585888793,9641.425751533276,9839.752159400598,9641.425751533276
2000-10-19,9526.687365617028,10116.012419370218,10078.940654703532,10116.012419370218
2000-10-20,9666.683701743654,10200.010221046192,10131.466635632678,10200.010221046192
2000-10-23,9652.685081055788,10191.611048633473,10125.829711004157,10191.611048633473
2000-10-24,9239.697408869439,9943.818445321664,9966.308949373086,9943.818445321664
2000-10-25,8721.710965200928,9633.026579120557,9781.127918903945,9633.026579120557
2000-10-26,8945.702064229137,9767.421238537483,9851.142664256084,9767.421238537483
2000-10-27,8928.207840068491,9756.924704041096,9845.017551537254,9756.924704041096
2000-10-30,8597.463583810551,9558.47815028633,9734.33717065685,9558.47815028633
2000-10-31,9150.449617973116,9890.26977078387,9901.724663505878,9890.26977078387
2000-11-01,10071.401895490499,10842.8411372943,10873.123579716423,10842.8411372943
2000-11-02,10195.741023495775,10917.444614097465,10917.08099472537,10917.444614097465
2000-11-03,10327.850784726907,10996.710470836144,10964.996814732192,10996.710470836144
2000-11-06,10250.137705174662,10950.082623104798,10935.695788928313,10950.082623104798
2000-11-07,10211.282289947487,10926.769373968491,10921.112433153168,10926.769373968491
2000-11-08,9412.799121288146,10447.679472772888,10628.547968288294,10447.679472772888
2000-11-09,9410.854776158261,10446.512865694956,10627.650456531082,10446.512865694956
2000-11-10,8921.270584186435,10152.76235051186,10477.301311205316,10152.76235051186
2000-11-13,8934.872565978525,10160.923539587115,10480.480930011281,10160.923539587115
2000-11-14,9430.283608320795,10458.170164992476,10608.88639337033,10458.170164992476
2000-11-15,9620.67480556927,10572.404883341562,10668.286175565818,10572.404883341562
2000-11-16,9061.15210319237,10236.691261915421,10483.02239337558,10236.691261915421
2000-11-17,9055.322441449556,10233.193464869735,10481.069977210585,10233.193464869735
2000-11-20,8686.194872242448,10011.716923345468,10377.318757629495,10011.716923345468
2000-11-21,8672.597388646145,10003.558433187689,10373.720196027882,10003.558433187689
2000-11-22,8284.03761362966,9770.422568177795,10280.938056744168,9770.422568177795
2000-11-24,8758.077165502931,10054.846299301758,10369.225951658518,10054.846299301758
2000-11-27,8649.283239870683,9989.56994392241,10341.242702316971,9989.56994392241
2000-11-28,8138.331493351174,9682.998896010704,10217.661459759704,9682.998896010704
2000-11-29,7825.539890482573,9495.323934289543,10162.949209202958,9495.323934289543
2000-11-30,7831.368427676439,9498.821056605862,10163.256664443827,9498.821056605862
2000-12-01,8957.34917941224,10574.409507647342,11178.250220052543,10574.409507647342
2000-12-04,9097.310628221458,10658.386376932875,11202.315327176919,10658.386376932875
2000-12-05,9893.32170850584,11135.993025103504,11356.833423480664,11135.993025103504
2000-12-06,9517.18358223946,10910.310149343677,11246.461488206816,10910.310149343677
2000-12-07,9307.247421686283,10784.34845301177,11192.32525381571,10784.34845301177
2000-12-08,9517.18358223946,10910.310149343677,11240.863235166551,10910.310149343677
2000-12-11,10409.41368864167,11445.648213185003,11470.11872678262,11445.648213185003
2000-12-12,10028.909737831062,11217.345842698636,11338.356228503688,11217.345842698636
2000-12-13,9619.970332523055,10971.982199513832,11208.568848029381,10971.982199513832
2000-12-14,9149.794193676018,10689.87651620561,11076.329171862157,10689.87651620561
2000-12-15,8939.854868564602,10563.912921138763,11027.387817891622,10563.912921138763
2000-12-18,8957.34917941224,10574.409507647342,11030.59766691353,10574.409507647342
2000-12-19,8275.052701916617,10165.03162114997,10888.38014609765,10165.03162114997
2000-12-20,7800.505042320525,9880.303025392315,10835.275007987559,9880.303025392315
2000-12-21,7846.428478549087,9907.857087129452,10835.785795879407,9907.857087129452
2000-12-22,8467.495817445451,10280.49749046727,10855.246038866837,10280.49749046727
2000-12-26,8519.980015811658,10311.988009486995,10863.086826008715,10311.988009486995
2000-12-27,8616.199674841133,10369.71980490468,10878.604162297037,10369.71980490468
2000-12-28,8598.70662981679,10359.223977890075,10875.05851639232,10359.223977890075
2000-12-29,8170.081773537614,10102.04906412257,10798.517263363072,10102.04906412257
2001-01-02,8478.739179958653,10687.243507975192,11720.94692073345,10687.243507975192
2001-01-03,9906.73530328863,11544.041181973176,11757.440827507684,11544.041181973176
2001-01-04,9728.235070361387,11436.941042216831,11708.129246763743,11436.941042216831
2001-01-05,8984.485415268035,10990.69124916082,11517.04834851838,10990.69124916082
2001-01-08,9083.65476248893,11050.192857493359,11533.60386398791,11050.192857493359
2001-01-09,9083.65476248893,11050.192857493359,11533.19280206189,11050.192857493359
2001-01-10,9549.734837434144,11329.840902460484,11619.19735371725,11329.840902460484
2001-01-11,9827.404417582282,11496.442650549368,11687.190409533487,11496.442650549368
2001-01-12,9953.838465121144,11572.303079072684,11721.772257722587,11572.303079072684
2001-01-16,9834.83496145167,11500.900976871002,11687.081456019876,11500.900976871002
2001-01-17,10134.817698537834,11680.8906191227,11769.961360247173,11680.8906191227
2001-01-18,10561.232330629875,11936.739398377924,11899.364074076588,11936.739398377924
2001-01-19,10521.566887776702,11912.94013266602,11875.564808364685,11912.94013266602
2001-01-22,10531.482889734498,11918.889733840697,11881.51440953936,11918.889733840697
2001-01-23,10752.127566004361,12051.276539602615,12013.901215301279,12051.276539602615
2001-01-24,10650.480653316008,11990.288391989605,11952.913067688269,11990.288391989605
2001-01-25,10233.982023181763,11740.389213909057,11703.01388960772,11740.389213909057
2001-01-26,10400.08725366176,11840.052352197057,11802.677027895721,11840.052352197057
2001-01-29,10630.647931889422,11978.388759133652,11941.013434832315,11978.388759133652
2001-01-30,10590.983924058239,11954.590354434942,11917.215030133606,11954.590354434942
2001-01-31,10202.248664383831,11721.349198630298,11683.973874328962,11721.349198630298
2001-02-01,11336.817861158786,12802.090716695271,12764.715392393935,12802.090716695271
2001-02-02,10710.37596155974,12426.225576935842,12388.850252634506,12426.225576935842
2001-02-05,10701.676767627332,12421.006060576397,12383.630736275061,12421.006060576397
2001-02-06,10719.079876899978,12431.447926139987,12394.07260183865,12431.447926139987
2001-02-07,10545.068456706162,12327.041074023695,12289.665749722359,12327.041074023695
2001-02-08,10230.106487768198,12138.063892660917,12100.688568359581,12138.063892660917
2001-02-09,9814.221278793433,11888.53276727606,11851.157442974723,11888.53276727606
2001-02-12,9932.54762810288,11959.528576861727,11922.15325256039,11959.528576861727
2001-02-13,9614.107555394565,11768.464533236738,11731.089208935402,11768.464533236738
2001-02-14,9996.935827426185,11998.161496455708,11960.786172154372,11998.161496455708
2001-02-15,10162.246479884985,12097.34788793099,12059.972563629653,12097.34788793099
2001-02-16,9593.226342351569,11755.93580541094,11718.560481109604,11755.93580541094
2001-02-20,9220.845758953195,11532.507455371917,11494.254556265161,11532.507455371917
2001-02-21,8961.568073998298,11376.940844398978,11420.57360768382,11376.940844398978
2001-02-22,8874.560396648127,11324.736237988875,11398.006293845801,11324.736237988875
2001-02-23,8905.881429311316,11343.528857586789,11405.350440452641,11343.528857586789
2001-02-26,9074.673333145689,11444.803999887412,11447.082744425057,11444.803999887412
2001-02-27,8526.541490767018,11115.924894460211,11299.358175720723,11115.924894460211
2001-02-28,8256.823199290624,10954.093919574374,11243.663165825563,10954.093919574374
2001-03-01,9491.437722898652,12094.86263373919,12282.151422270968,12094.86263373919
2001-03-02,9082.995079218228,11849.797047530936,12190.519647763434,11849.797047530936
2001-03-05,9248.317855551917,11948.99071333115,12218.642198910777,11948.99071333115
2001-03-06,9608.135998038866,12164.881598823318,12288.642455603638,12164.881598823318
2001-03-07,9612.020047624106,12167.212028574462,12289.203021189101,12167.212028574462
2001-03-08,9433.086386478011,12059.851831886805,12245.578834608017,12059.851831886805
2001-03-09,8771.802317464968,11663.08139047898,12098.786933669684,11663.08139047898
2001-03-12,8227.206848649785,11336.324109189869,12024.358037166356,11336.324109189869
2001-03-13,8645.374568476947,11587.224741086167,12042.169561532115,11587.224741086167
2001-03-14,8509.226141043258,11505.535684625953,12024.755055333964,11505.535684625953
2001-03-15,8198.036897450855,11318.82213847051,11992.582094713738,11318.82213847051
2001-03-16,8013.263089283476,11207.957853570084,11983.71713576385,11207.957853570084
2001-03-19,8413.925320230424,11448.355192138253,11986.020574827475,11448.355192138253
2001-03-20,7847.939433409572,11108.763660045743,11933.554401308294,11108.763660045743
2001-03-21,7847.939433409572,11108.763660045743,11933.02518110683,11108.763660045743
2001-03-22,8324.457610117162,11394.674566070296,11924.010041764635,11394.674566070296
2001-03-23,8324.457610117162,11394.674566070296,11923.545305847321,11394.674566070296
2001-03-26,8131.903389216309,11279.142033529784,11906.034566619932,11279.142033529784
2001-03-27,8411.979777276949,11447.187866366168,11920.198545669258,11447.187866366168
2001-03-28,7721.51784120305,11032.910704721828,11845.777645002476,11032.910704721828
2001-03-29,7575.647855783479,10945.388713470085,11848.893719552054,10945.388713470085
2001-03-30,7614.5428831291465,10968.725729877486,11845.977255283447,10968.725729877486
2001-04-02,8273.874982908681,11764.324989745208,12862.440780325805,11764.324989745208
2001-04-03,7667.715023587739,11400.629014152642,12908.12477000548,11400.629014152642
2001-04-04,7532.765318438587,11319.65919106315,12939.35700928209,11319.65919106315
2001-04-05,8253.97219360386,11752.383316162315,12735.683298241773,11752.383316162315
2001-04-06,7953.095381539788,11571.857228923871,12750.196834063578,11571.857228923871
2001-04-09,8196.444233806711,11717.866540284025,12719.43503711103,11717.866540284025
2001-04-10,8804.819115619845,12082.891469371905,12682.826576228956,12082.891469371905
2001-04-11,9070.293683017082,12242.176209810248,12702.918416312566,12242.176209810248
2001-04-12,9468.499531612963,12481.099718967776,12751.647661309682,12481.099718967776
2001-04-16,8904.36957735215,12142.621746411289,12647.548749801546,12142.621746411289
2001-04-17,9125.600717822064,12275.360430693236,12670.242347936732,12275.360430693236
2001-04-18,10076.875914051088,12846.125548430651,12802.804297481925,12846.125548430651
2001-04-19,10685.246293989238,13211.14777639354,13167.826525444814,13211.14777639354
2001-04-20,10707.366506827906,13224.419904096741,13181.098653148016,13224.419904096741
2001-04-23,9988.386058946448,12793.031635367868,12749.710384419142,12793.031635367868
2001-04-24,9800.338739192859,12680.203243515713,12636.881992566987,12680.203243515713
2001-04-25,9977.323451485456,12786.39407089127,12743.072819942545,12786.39407089127
2001-04-26,9722.90849029922,12633.745094179529,12590.423843230803,12633.745094179529
2001-04-27,9988.386058946448,12793.031635367868,12749.710384419142,12793.031635367868
2001-04-30,10209.605194416403,12925.76311664984,12882.441865701114,12925.76311664984
2001-05-01,11629.640349573929,14177.784209744354,14134.462958795628,14177.784209744354
2001-05-02,11854.730063933284,14312.838038359969,14269.516787411243,14312.838038359969
2001-05-03,11327.104800693876,13996.262880416323,13952.941629467598,13996.262880416323
2001-05-04,11665.944965680028,14199.566979408013,14156.245728459287,14199.566979408013
2001-05-07,11423.91017846705,14054.346107080226,14011.0248561315,14054.346107080226
2001-05-08,11665.944965680028,14199.566979408013,14156.245728459287,14199.566979408013
2001-05-09,11266.589810506774,13959.953886304062,13916.632635355336,13959.953886304062
2001-05-10,11077.806901256597,13846.684140753956,13803.36288980523,13846.684140753956
2001-05-11,11024.56268480458,13814.737610882745,13771.416359934019,13814.737610882745
2001-05-14,10847.872923077959,13708.723753846773,13665.402502898047,13708.723753846773
2001-05-15,10927.750740022162,13756.650444013296,13713.32919306457,13756.650444013296
2001-05-16,11411.811558435793,14047.086935061472,14003.765684112746,14047.086935061472
2001-05-17,11593.33573346783,14156.001440080694,14112.680189131968,14156.001440080694
2001-05-18,11627.22040666737,14176.33224400042,14133.010993051694,14176.33224400042
2001-05-21,12355.737049702077,14613.442229821243,14570.120978872517,14613.442229821243
2001-05-22,12319.429150091355,14591.657490054811,14548.336239106085,14591.657490054811
2001-05-23,11774.857719496786,14264.914631698068,14221.593380749342,14264.914631698068
2001-05-24,12077.404213392245,14446.442528035343,14403.121277086617,14446.442528035343
2001-05-25,11857.146723335221,14314.28803400113,14270.966783052405,14314.28803400113
2001-05-29,11162.514753500054,13897.508852100029,13854.187601151303,13897.508852100029
2001-05-30,10753.487488211345,13652.092492926804,13608.771241978078,13652.092492926804
2001-05-31,10826.094531420462,13695.656718852275,13652.33546790355,13695.656718852275
2001-06-01,12145.274148625604,14887.16448917536,14843.843238226635,14887.16448917536
2001-06-04,12087.254202570291,14852.352521542172,14809.031270593447,14852.352521542172
2001-06-05,12620.010338064638,15172.00620283878,15128.684951890054,15172.00620283878
2001-06-06,12522.424669756381,15113.454801853826,15070.1335509051,15113.454801853826
2001-06-07,12844.187473354554,15306.51248401273,15263.191233064004,15306.51248401273
2001-06-08,12488.134138602636,15092.880483161578,15049.559232212852,15092.880483161578
2001-06-11,12145.274148625604,14887.16448917536,14843.843238226635,14887.16448917536
2001-06-12,12079.340819585173,14847.604491751103,14804.283240802377,14847.604491751103
2001-06-13,11749.661054983955,14649.796632990372,14606.475382041646,14649.796632990372
2001-06-14,11143.060592809348,14285.836355685606,14241.401097487449,14285.836355685606
2001-06-15,11235.37226269105,14341.223357614628,14265.639267168606,14341.223357614628
2001-06-18,11085.032298045537,14251.01937882732,14223.861941801068,14251.01937882732
2001-06-19,11029.64458051293,14217.786748307757,14208.93632909862,14217.786748307757
2001-06-20,11280.198863971476,14368.119318382884,14272.935768034426,14368.119318382884
2001-06-21,11433.174635157624,14459.90478109457,14315.37549245478,14459.90478109457
2001-06-22,11406.798679661637,14444.07920779698,14307.266406373923,14444.07920779698
2001-06-25,11435.809249025615,14461.485549415367,14315.319403026166,14461.485549415367
2001-06-26,11475.37139326063,14485.222835956374,14326.539143549113,14485.222835956374
2001-06-27,11549.22406864939,14529.534441189633,14348.057330363563,14529.534441189633
2001-06-28,11696.912722009913,14618.147633205945,14392.343346956597,14618.147633205945
2001-06-29,12052.968442107116,14831.781065264267,14503.685858361609,14831.781065264267
2001-07-02,12986.730432349124,15792.038259409474,15480.738797660408,15792.038259409474
2001-07-03,13041.02355937092,15824.61413562255,15498.826336825003,15824.61413562255
2001-07-05,12415.257087715798,15449.154252629476,15283.673386741979,15449.154252629476
2001-07-06,11900.931206759777,15140.558724055863,15126.674427459224,15140.558724055863
2001-07-09,12003.79974251427,15202.27984550856,15153.627142238056,15202.27984550856
2001-07-10,11572.336197929655,14943.401718757792,15034.601244695863,14943.401718757792
2001-07-11,11715.205503192781,15029.123301915668,15068.231513139237,15029.123301915668
2001-07-12,12458.113486019665,15474.868091611797,15254.91526368567,15474.868091611797
2001-07-13,12329.53783040943,15397.722698245656,15214.12380611916,15397.722698245656
2001-07-16,12100.949267839935,15260.56956070396,15143.926069992234,15260.56956070396
2001-07-17,12372.395520853024,15423.43731251181,15221.88856288953,15423.43731251181
2001-07-18,11900.931206759777,15140.558724055863,15075.681548317616,15140.558724055863
2001-07-19,12183.812896351068,15310.287737810639,15152.99359516661,15310.287737810639
2001-07-20,11900.931206759777,15140.558724055863,15068.429664104573,15140.558724055863
2001-07-23,11603.7610360745,14962.256621644698,14985.985940482473,14962.256621644698
2001-07-24,11472.329751669029,14883.397851001417,14952.529471370306,14883.397851001417
2001-07-25,11572.336197929655,14943.401718757792,14976.007727516895,14943.401718757792
2001-07-26,11743.772128262939,15046.263276957761,15018.202436596799,15046.263276957761
2001-07-27,11986.656924764777,15191.994154858865,15081.935605517403,15191.994154858865
2001-07-30,11915.222272133213,15149.133363279925,15061.188592692526,15149.133363279925
2001-07-31,11932.357337044348,15159.414402226606,15065.552934147297,15159.414402226606
2001-08-01,13314.949439288454,16388.96966357307,16172.301740483603,16388.96966357307
2001-08-02,13565.18408969445,16539.11045381667,16251.242641351751,16539.11045381667
2001-08-03,13339.661506299946,16403.796903779963,16175.787354993074,16403.796903779963
2001-08-06,13129.59566491546,16277.757398949274,16108.29748586859,16277.757398949274
2001-08-07,13061.625955134794,16236.975573080874,16087.082475009618,16236.975573080874
2001-08-08,12511.729726239437,15907.03783574366,15920.91865061521,15907.03783574366
2001-08-09,12564.244091040277,15938.546454624164,15934.221100635536,15938.546454624164
2001-08-10,12443.76141348896,15866.256848093373,15901.66633455612,15866.256848093373
2001-08-13,12697.082103582243,16018.249262149344,15966.25058217224,16018.249262149344
2001-08-14,12542.616666685879,15925.570000011525,15922.953960423041,15925.570000011525
2001-08-15,12079.223150057165,15647.533890034298,15799.4379774508,15647.533890034298
2001-08-16,12221.331854932689,15732.79911295961,15831.225661307937,15732.79911295961
2001-08-17,11665.25726002691,15399.154356016144,15697.159342404339,15399.154356016144
2001-08-20,11825.895474812938,15495.53728488776,15726.974706036555,15495.53728488776
2001-08-21,11334.689881183558,15200.813928710133,15625.421723846051,15200.813928710133
2001-08-22,11643.63262973289,15386.179577839732,15672.612968798607,15386.179577839732
2001-08-23,11529.326921161808,15317.596152697082,15650.36399677027,15317.596152697082
2001-08-24,12141.008207191559,15684.604924314932,15758.703830208802,15684.604924314932
2001-08-27,12156.450978899686,15693.870587339808,15761.964291468881,15693.870587339808
2001-08-28,11776.476928910708,15465.886157346422,15669.042826924357,15465.886157346422
2001-08-29,11603.465916256666,15362.079549753997,15632.405986845904,15362.079549753997
2001-08-30,11174.049570852245,15104.429742511344,15549.67899914072,15104.429742511344
2001-08-31,11316.159672757958,15189.695803654773,15569.649254810367,15189.695803654773
2001-09-04,11957.503357885063,15974.502014731035,16510.922898878147,15974.502014731035
2001-09-05,11910.306102782688,15946.18366166961,16503.609070375453,15946.18366166961
2001-09-06,11428.23384682013,15656.940308092075,16436.978696095794,15656.940308092075
2001-09-07,11360.805929922957,15616.483557953772,16431.036691112073,15616.483557953772
2001-09-10,11495.655665782246,15697.393399469345,16439.72471134474,15697.393399469345
2001-09-17,10518.016423575109,15110.809854145064,16352.955621752757,15110.809854145064
2001-09-18,10282.035483756412,14969.221290253845,16365.070925167836,14969.221290253845
2001-09-19,10103.362937607139,14862.01776256428,16382.053877222013,14862.01776256428
2001-09-20,9766.248507103386,14659.74910426203,16427.222896830983,14659.74910426203
2001-09-21,9503.29944949335,14501.979669696007,16482.23017264273,14501.979669696007
2001-09-24,9982.003358578577,14789.202015147144,16347.40174199265,14789.202015147144
2001-09-25,10012.345921182305,14807.407552709381,16341.939237085962,14807.407552709381
2001-09-26,9665.112729692684,14599.06763781561,16391.815119454594,14599.06763781561
2001-09-27,9601.062306575428,14560.637383945254,16405.433077256388,14560.637383945254
2001-09-28,9769.615329496952,14661.76919769817,16363.663950839793,14661.76919769817
2001-10-01,10685.042719218609,15611.025631531164,17379.324267677617,15611.025631531164
2001-10-02,10718.510448068595,15631.106268841155,17373.031503719023,15631.106268841155
2001-10-03,11529.283187043027,16117.569912225814,17247.131971596147,16117.569912225814
2001-10-04,11640.85293484827,16184.51176090896,17246.94904044352,16184.51176090896
2001-10-05,11811.937031604493,16287.162218962694,17250.031029243826,16287.162218962694
2001-10-08,11849.124985395616,16309.474991237366,17251.086448794962,16309.474991237366
2001-10-09,11562.756802324882,16137.654081394929,17235.243771725403,16137.654081394929
2001-10-10,12087.152949040197,16452.291769424115,17240.963771567065,16452.291769424115
2001-10-11,12905.355205952006,16943.2131235712,17311.453000036006,16943.2131235712
2001-10-12,12849.571172968224,16909.742703780932,17277.982580245738,16909.742703780932
2001-10-15,12793.784617227926,16876.270770336752,17244.51064680156,16876.270770336752
2001-10-16,13002.051622262243,17001.230973357342,17369.470849822148,17001.230973357342
2001-10-17,12068.554347091023,16441.13260825461,16809.372484719417,16441.13260825461
2001-10-18,12395.84079992008,16637.504479952047,17005.74435641685,16637.504479952047
2001-10-19,12477.658839222282,16686.595303533366,17054.835179998172,16686.595303533366
2001-10-22,12812.3832191771,16887.429931506256,17255.669807971062,16887.429931506256
2001-10-23,12879.31447228288,16927.588683369726,17295.828559834532,16927.588683369726
2001-10-24,13158.255660172754,17094.95339610365,17463.193272568456,17094.95339610365
2001-10-25,13686.36950907269,17411.82170544361,17780.06158190842,17411.82170544361
2001-10-26,13392.563398876197,17235.538039325715,17603.77791579052,17235.538039325715
2001-10-29,12659.896042532373,16795.937625519422,17164.177501984228,16795.937625519422
2001-10-30,12414.434356356223,16648.660613813732,17016.90049027854,16648.660613813732
2001-10-31,12607.83139357089,16764.698836142532,17132.938712607338,16764.698836142532
2001-11-01,14143.08578232611,18085.851469395664,18454.09134586047,18085.851469395664
2001-11-02,14247.141556741315,18148.284934044786,18516.524810509592,18148.284934044786
2001-11-05,14711.370349866906,18426.822209920138,18795.062086384947,18426.822209920138
2001-11-06,15283.64996274957,18770.189977649738,19138.429854114547,18770.189977649738
2001-11-07,15263.644874999154,18758.186924999492,19126.426801464295,18758.186924999492
2001-11-08,15107.557593856218,18664.534556313727,19032.774432778533,18664.534556313727
2001-11-09,15099.561169012251,18659.736701407346,19027.976577872156,18659.736701407346
2001-11-12,15207.621942449681,18724.573165469807,19092.813041934613,18724.573165469807
2001-11-13,15751.88194513732,19051.129167082392,19419.369043547198,19051.129167082392
2001-11-14,15863.942288316783,19118.36537299007,19486.605249454875,19118.36537299007
2001-11-15,15799.916596763116,19079.949958057867,19448.189834522673,19079.949958057867
2001-11-16,15755.890563679674,19053.5343382078,19421.774214672605,19053.5343382078
2001-11-19,16204.11021927675,19322.46613156605,19690.706008030855,19322.46613156605
2001-11-20,15455.736427740667,18873.4418566444,19241.681733109206,18873.4418566444
2001-11-21,15375.699788898424,18825.41987333905,19193.659749803857,18825.41987333905
2001-11-23,15719.869099360489,19031.92145961629,19400.161336081095,19031.92145961629
2001-11-26,16108.060823385866,19264.836494031515,19633.07637049632,19264.836494031515
2001-11-27,16088.053925875385,19252.83235552523,19621.072231990034,19252.83235552523
2001-11-28,15507.759790548109,18904.655874328862,19272.89575079367,18904.655874328862
2001-11-29,15988.00134072234,19192.800804433402,19561.040680898208,19192.800804433402
2001-11-30,15867.94366781888,19120.766200691323,19489.00607715613,19120.766200691323
2001-12-03,16595.508327167874,19957.30499630072,20325.544872765528,19957.30499630072
2001-12-04,17387.59157843447,20432.55494706068,20800.794823525484,20432.55494706068
2001-12-05,18247.8277133365,20948.696628001897,21316.936504466703,20948.696628001897
2001-12-06,18273.37108289119,20964.02264973471,21332.262526199516,20964.02264973471
2001-12-07,17770.86151929042,20662.516911574246,21030.756788039052,20662.516911574246
2001-12-10,17459.994629184443,20475.996777510663,20844.23665397547,20475.996777510663
2001-12-11,17557.92756912218,20534.756541473304,20902.99641793811,20534.756541473304
2001-12-12,17698.471948907372,20619.08316934442,20987.323045809226,20619.08316934442
2001-12-13,16931.935918728876,20159.16155123732,20527.401427702127,20159.16155123732
2001-12-14,17080.974855443026,20248.58491326581,20616.824789730617,20248.58491326581
2001-12-17,17374.825670957234,20424.895402574337,20793.135279039143,20424.895402574337
2001-12-18,17570.708882733044,20542.425329639824,20910.66520610463,20542.425329639824
2001-12-19,17251.324326497663,20350.794595898595,20719.0344723634,20350.794595898595
2001-12-20,16518.855109303367,19911.313065582013,20279.55294204682,19911.313065582013
2001-12-21,16812.700147517466,20087.620088510474,20455.85996497528,20087.620088510474
2001-12-24,16744.54918964873,20046.729513789236,20414.969390254042,20046.729513789236
2001-12-26,16902.12697592602,20141.27618555561,20509.516062020415,20141.27618555561
2001-12-27,17038.392302096127,20223.035381257672,20591.27525772248,20223.035381257672
2001-12-28,17174.665331333043,20304.79919879982,20673.039075264627,20304.79919879982
2001-12-31,16569.959180313075,19941.97550818784,20310.215384652645,19941.97550818784
2002-01-02,18080.674945416034,21248.40496724962,21616.644843714424,21248.40496724962
2002-01-03,18707.265855985836,21624.359513591495,21992.5993900563,21624.359513591495
2002-01-04,18783.898294128114,21670.338976476865,22038.57885294167,21670.338976476865
2002-01-07,18576.532257832485,21545.919354699487,21914.159231164293,21545.919354699487
2002-01-08,18702.7526695403,21621.651601724174,21989.89147818898,21621.651601724174
2002-01-09,18531.45950918875,21518.875705513245,21887.11558197805,21518.875705513245
2002-01-10,18653.170811403554,21591.902486842126,21960.14236330693,21591.902486842126
2002-01-11,18414.259354943217,21448.555612965927,21816.795489430733,21448.555612965927
2002-01-14,18013.06684168856,21207.840105013132,21576.07998147794,21207.840105013132
2002-01-15,18184.351848135062,21310.611108881036,21678.85098534584,21310.611108881036
2002-01-16,17481.148884185608,20888.689330511363,21256.92920697617,20888.689330511363
2002-01-17,17873.32317845424,21123.99390707254,21492.233783537347,21123.99390707254
2002-01-18,17395.49211162852,20837.295266977108,21203.754199516035,20837.295266977108
2002-01-22,16859.073198537604,20515.44391912256,21064.206793966765,20515.44391912256
2002-01-23,17323.3769368843,20794.026162130576,21168.666131516504,20794.026162130576
2002-01-24,17553.270174358615,20931.962104615166,21227.00177237185,20931.962104615166
2002-01-25,17503.686277745604,20902.21176664736,21212.975204976075,20902.21176664736
2002-01-28,17602.86834030546,20961.721004183273,21238.862331453827,20961.721004183273
2002-01-29,17120.52204855794,20672.31322913476,21106.50300835439,20672.31322913476
2002-01-30,17251.24749280624,20750.74849568374,21137.940336916072,20750.74849568374
2002-01-31,17359.445735875852,20815.667441525507,21164.73652942488,20815.667441525507
2002-02-01,18192.35362108527,21715.41217265116,22120.447826535987,21715.41217265116
2002-02-04,17610.415671160994,21366.249402696594,21969.255452878813,21366.249402696594
2002-02-05,17319.46880552478,21191.681283314865,21903.106311474974,21191.681283314865
2002-02-06,17200.21110148371,21120.126660890222,21877.787639420814,21120.126660890222
2002-02-07,16785.231995910268,20871.13919754616,21794.887324355615,20871.13919754616
2002-02-08,17252.674914148894,21151.60494848933,21872.730544014583,21151.60494848933
2002-02-11,17472.092178646388,21283.25530718783,21916.615372164364,21283.25530718783
2002-02-12,17328.994150235623,21197.39649014137,21884.630081930198,21197.39649014137
2002-02-13,17624.73820034577,21374.842920207462,21945.721270916983,21374.842920207462
2002-02-14,17591.345568672645,21354.80734120358,21937.366119909373,21354.80734120358
2002-02-15,17066.655673843044,21039.993404305824,21817.650837268193,21039.993404305824
2002-02-19,16541.96901452456,20725.18140871473,21715.909708366995,20725.18140871473
2002-02-20,16766.155422399694,20859.693253439815,21749.578233851225,20859.693253439815
2002-02-21,15969.58445040742,20381.750670244448,21611.967694495008,20381.750670244448
2002-02-22,16050.673908375495,20430.404345025294,21619.850313787294,20430.404345025294
2002-02-25,16699.377708579363,20819.62662514761,21693.832124953256,20819.62662514761
2002-02-26,16637.364824121858,20782.418894473114,21682.389824979804,20782.418894473114
2002-02-27,16408.413586883893,20645.04815213033,21643.313704696804,20645.04815213033
2002-02-28,16112.683557321889,20467.61013439313,21598.376743028894,20467.61013439313
2002-03-01,18047.278111801777,22028.366867081066,22713.69785212044,22028.366867081066
2002-03-04,18759.27168764006,22455.563012584033,22865.12970525797,22455.563012584033
2002-03-05,18895.605660118683,22537.363396071203,22899.57820582473,22537.363396071203
2002-03-06,18986.501445015805,22591.900867009477,22923.00235294936,22591.900867009477
2002-03-07,19026.904519216034,22616.142711529617,22933.234920474337,22616.142711529617
2002-03-08,19526.81135554156,22916.08681332493,23066.93215625775,22916.08681332493
2002-03-11,19456.111969873753,22873.667181924247,23024.512524857066,22873.667181924247
2002-03-12,19188.497406282833,22713.098443769697,22863.943786702515,22713.098443769697
2002-03-13,18723.91742780989,22434.350456685934,22585.195799618752,22434.350456685934
2002-03-14,18612.826385432516,22367.695831259505,22518.541174192324,22367.695831259505
2002-03-15,18799.667911345892,22479.80074680753,22630.64608974035,22479.80074680753
2002-03-18,18905.69986361161,22543.41991816696,22694.26526109978,22543.41991816696
2002-03-19,18875.409260889362,22525.245556533613,22676.09089946643,22525.245556533613
2002-03-20,18208.861864876046,22125.317118925625,22276.162461858443,22125.317118925625
2002-03-21,18693.62225809138,22416.173354854825,22567.018697787644,22416.173354854825
2002-03-22,18521.944301524185,22313.166580914505,22464.011923847323,22313.166580914505
2002-03-25,17956.37547641026,21973.825285846153,22124.67062877897,21973.825285846153
2002-03-26,18123.020603094315,22073.812361856588,22224.657704789406,22073.812361856588
2002-03-27,17981.627540504036,21988.976524302416,22139.821867235234,21988.976524302416
2002-03-28,18208.861864876046,22125.317118925625,22276.162461858443,22125.317118925625
2002-04-01,19556.982666840435,23334.189600104255,23485.034943037073,23334.189600104255
2002-04-02,18673.594024218884,22804.156414531328,22955.001757464146,22804.156414531328
2002-04-03,18641.664415724055,22784.99864943443,22935.84399236725,22784.99864943443
2002-04-04,18497.984787266152,22698.79087235969,22849.636215292507,22698.79087235969
2002-04-05,18290.443535306043,22574.266121183624,22725.111464116442,22574.266121183624
2002-04-08,18519.267984245973,22711.56079054758,22862.4061334804,22711.56079054758
2002-04-09,17875.34779556681,22325.20867734008,22476.0540202729,22325.20867734008
2002-04-10,18008.402671122643,22405.041602673584,22555.886945606402,22405.041602673584
2002-04-11,17561.38213591368,22136.829281548205,22285.844117275265,22136.829281548205
2002-04-12,17838.1034041084,22302.862042465036,22355.122483741266,22302.862042465036
2002-04-15,17981.78543907885,22389.07126344731,22393.127733392965,22389.07126344731
2002-04-16,18732.14447452633,22839.286684715793,22600.343521135692,22839.286684715793
2002-04-17,18636.34241322283,22781.805447933693,22569.500456494166,22781.805447933693
2002-04-18,18279.797123791035,22567.87827427462,22457.827140747027,22567.87827427462
2002-04-19,18338.330728510642,22602.99843710638,22474.47103643353,22602.99843710638
2002-04-22,17875.34779556681,22325.20867734008,22336.017647236233,22325.20867734008
2002-04-23,17566.700528646084,22140.02031718765,22250.713795997315,22140.02031718765
2002-04-24,17295.298856440048,21977.179313864024,22180.244805365128,21977.179313864024
2002-04-25,17252.727649455308,21951.63658967318,22169.30079598379,21951.63658967318
2002-04-26,16518.340637792888,21511.004382675732,21993.403812417968,21511.004382675732
2002-04-29,16560.910641521354,21536.54638491281,22000.773788582344,21536.54638491281
2002-04-30,16885.52752571459,21731.31651542875,22062.922589859576,21731.31651542875
2002-05-01,17794.75958944807,22676.85575366884,23042.324635642264,22676.85575366884
2002-05-02,17202.72397672016,22321.634386032092,22910.308538808047,22321.634386032092
2002-05-03,16768.57183668835,22061.143102013008,22830.17167007984,22061.143102013008
2002-05-06,16334.418421778284,21800.65105306697,22764.02409845365,21800.65105306697
2002-05-07,16182.17628535486,21709.305771212916,22745.693667779185,21709.305771212916
2002-05-08,17913.17283140927,22747.90369884556,22919.871224459996,22747.90369884556
2002-05-09,17450.81783464886,22470.490700789313,22805.50856408126,22470.490700789313
2002-05-10,16667.082603545165,22000.249562127097,22634.098112001415,22000.249562127097
2002-05-13,17343.68981498951,22406.213888993705,22744.234123866532,22406.213888993705
2002-05-14,18364.238781233067,23018.543268739835,22962.998940475758,23018.543268739835
2002-05-15,18499.559458594984,23099.735675156986,23000.155051129364,23099.735675156986
2002-05-16,18527.749566541042,23116.649739924622,23007.5966194939,23116.649739924622
2002-05-17,18567.21852239769,23140.33111343861,23018.33008537364,23140.33111343861
2002-05-20,18161.252665677177,22896.751599406303,22899.97535498855,22896.751599406303
2002-05-21,17665.076423724062,22599.045854234435,22765.713868515246,22599.045854234435
2002-05-22,17704.545379580708,22622.727227748423,22774.553576079503,22622.727227748423
2002-05-23,18059.767257168754,22835.86035430125,22860.523071461903,22835.86035430125
2002-05-24,17614.331169713343,22568.598701828003,22741.8051823961,22568.598701828003
2002-05-28,17535.391983121805,22521.235189873078,22722.190757511104,22521.235189873078
2002-05-29,17073.0561095352,22243.83366572112,22612.882571827846,22243.83366572112
2002-05-30,17219.646710659923,22331.788026395952,22642.247787006047,22331.788026395952
2002-05-31,16937.729057782013,22162.637434669206,22580.77144472602,22162.637434669206
2002-06-03,17339.749648997935,22803.84978939876,23462.40830141482,22803.84978939876
2002-06-04,17567.12219799602,22940.273318797612,23499.4411104995,22940.273318797612
2002-06-05,17746.627269166052,23047.976361499626,23531.56501573475,23047.976361499626
2002-06-06,17279.924095410388,22767.954457246233,23439.244364978393,22767.954457246233
2002-06-07,16932.890969101412,22559.734581460845,23381.679199907554,22559.734581460845
2002-06-10,16902.969398610112,22541.781639166067,23376.73096363255,22541.781639166067
2002-06-11,16430.28921628952,22258.17352977371,23312.3404639579,22258.17352977371
2002-06-12,16669.623899676724,22401.774339806034,23334.009811210046,22401.774339806034
2002-06-13,16561.92545675495,22337.155274052966,23320.613307102074,22337.155274052966
2002-06-14,16526.020113316008,22315.612067989605,23315.884294947333,22315.612067989605
2002-06-17,17088.45418409816,22653.072510458893,23373.3587084254,22653.072510458893
2002-06-18,17363.69285804776,22818.215714828657,23414.603681937475,22818.215714828657
2002-06-19,16358.489352423976,22215.093611454384,23238.650854332394,22215.093611454384
2002-06-20,15831.948449191885,21899.16906951513,23187.281349182966,21899.16906951513
2002-06-21,15449.019449579764,21669.411669747857,23168.83769148256,21669.411669747857
2002-06-24,15754.172929637954,21852.503757782768,23169.227562554526,21852.503757782768
2002-06-25,15233.614446476964,21540.168667886177,23147.808384177253,21540.168667886177
2002-06-26,15347.298015222921,21608.378809133752,23144.727859907845,21608.378809133752
2002-06-27,15682.37306577241,21809.423839463445,23142.311685724726,21809.423839463445
2002-06-28,15616.55697485451,21769.9341849127,23139.06259715382,21769.9341849127
2002-07-01,15868.335502804237,22321.00130168254,24117.17298314939,22321.00130168254
2002-07-02,15293.625945874872,21976.175567524922,24133.153323991904,21976.175567524922
2002-07-03,15804.473110016164,22282.6838660097,24080.61826436015,22282.6838660097
2002-07-05,16819.794337944553,22891.87660276673,24046.55908566844,22891.87660276673
2002-07-08,16206.77543083441,22524.065258500646,23995.221254920878,22524.065258500646
2002-07-09,15747.00114363672,22248.20068618203,23983.371697496474,22248.20068618203
2002-07-10,15261.699802913377,21957.019881748027,23995.30440357919,21957.019881748027
2002-07-11,15836.402140653398,22301.841284392038,23944.471512152035,22301.841284392038
2002-07-12,15836.402140653398,22301.841284392038,23943.414588888038,22301.841284392038
2002-07-15,16328.099683136845,22596.859809882102,23936.728626360673,22596.859809882102
2002-07-16,16085.448290856239,22451.26897451374,23925.080651137694,22451.26897451374
2002-07-17,16379.181223107662,22627.508733864597,23929.605380964433,22627.508733864597
2002-07-18,15791.703807901862,22275.022284741113,23899.092658101876,22275.022284741113
2002-07-19,15319.170325454952,21991.50219527297,23903.219991023474,21991.50219527297
2002-07-22,14942.421047244003,21765.4526283464,23927.48300792701,21765.4526283464
2002-07-23,14303.84043449935,21382.30426069961,24001.46875440578,21382.30426069961
2002-07-24,15082.893477366415,21849.73608641985,23833.753514006246,21849.73608641985
2002-07-25,14208.059117939129,21324.835470763475,23909.085729712126,21324.835470763475
2002-07-26,14476.254889799817,21485.75293387989,23850.37011986551,21485.75293387989
2002-07-29,15216.997138648234,21930.19828318894,23724.123976936913,21930.19828318894
2002-07-30,15523.509479879043,22114.105687927426,23705.75853106957,22114.105687927426
2002-07-31,15229.766440762538,21937.85986445752,23709.8066609234,21937.85986445752
2002-08-01,15514.272992980814,22508.563795788486,24746.33310780166,22508.563795788486
2002-08-02,15186.647883413732,22311.988730048237,24782.438837607173,22311.988730048237
2002-08-05,14633.788323889905,21980.272994333944,24869.602280168398,21980.272994333944
2002-08-06,15357.290237493471,22414.374142496083,24690.34542727917,22414.374142496083
2002-08-07,15562.05766716637,22537.23460029982,24663.293754594273,22537.23460029982
2002-08-08,16087.618092185521,22852.57085531131,24610.94897802554,22852.57085531131
2002-08-09,15923.804765760438,22754.28285945626,24614.57156799389,22754.28285945626
2002-08-12,15971.589439945992,22782.953663967593,24611.145792733034,22782.953663967593
2002-08-13,15425.546561812132,22455.327937087277,24633.050050089856,22455.327937087277
2002-08-14,16408.414174097947,23045.04850445877,24523.528419515344,23045.04850445877
2002-08-15,16742.863681470426,23245.718208882252,24528.3575525994,23245.718208882252
2002-08-16,16858.892333709955,23315.335400225973,24530.747977106457,23315.335400225973
2002-08-19,17268.422563206495,23561.053537923894,24776.466114804378,23561.053537923894
2002-08-20,17193.343384365522,23516.00603061931,24731.418607499796,23516.00603061931
2002-08-21,17575.566762941955,23745.34005776517,24960.752634645654,23745.34005776517
2002-08-22,17855.416458021995,23913.2498748132,25128.662451693683,23913.2498748132
2002-08-23,17166.04733642702,23499.628401856207,24715.04097873669,23499.628401856207
2002-08-26,17234.292857764078,23540.575714658444,24755.988291538928,23540.575714658444
2002-08-27,16633.656340470123,23180.193804282073,24395.606381162557,23180.193804282073
2002-08-28,16026.181535823,22815.7089214938,24031.121498374283,22815.7089214938
2002-08-29,16237.776449867468,22942.665869920478,24158.078446800962,22942.665869920478
2002-08-30,16033.012106760742,22819.807264056442,24035.219840936927,22819.807264056442
2002-09-03,16452.55195942216,23471.531175653294,24686.943752533778,23471.531175653294
2002-09-04,16517.946634453547,23510.767980672128,24726.180557552612,23510.767980672128
2002-09-05,16110.994219442531,23266.596531665517,24482.009108546,23266.596531665517
2002-09-06,16605.157061146827,23563.09423668809,24778.506813568576,23563.09423668809
2002-09-09,16772.293947739894,23663.376368643934,24878.78894552442,23663.376368643934
2002-09-10,17186.507325814397,23911.904395488637,25127.31697236912,23911.904395488637
2002-09-11,17041.179618388935,23824.70777103336,25040.120347913846,23824.70777103336
2002-09-12,16576.08527579216,23545.651165475298,24761.063742355782,23545.651165475298
2002-09-13,16706.892700214223,23624.13562012853,24839.548197009015,23624.13562012853
2002-09-16,16467.077171796274,23480.246303077765,24695.65887995825,23480.246303077765
2002-09-17,16118.263398123876,23270.958038874323,24486.370615754808,23270.958038874323
2002-09-18,15936.594726662404,23161.95683599744,24377.369412877924,23161.95683599744
2002-09-19,15682.239197758196,23009.343518654918,24221.986847989276,23009.343518654918
2002-09-20,15747.6503040253,23048.59018241518,24221.74782715225,23048.59018241518
2002-09-23,15275.293355241469,22765.17601314488,24211.682863350485,22765.17601314488
2002-09-24,15282.555961428527,22769.533576857117,24210.374134676946,22769.533576857117
2002-09-25,15892.991156439335,23135.7946938636,24188.860756740414,23135.7946938636
2002-09-26,15696.77262575017,23018.0635754501,24180.114898256135,23018.0635754501
2002-09-27,15486.030525810462,22891.618315486274,24175.172544870176,22891.618315486274
2002-09-30,15057.280433496842,22634.368260098105,24176.2403794544,22634.368260098105
2002-10-01,16972.629208177135,24183.57752490628,25123.270424797523,24183.57752490628
2002-10-02,16408.93315763042,23845.35989457825,25078.986544927888,23845.35989457825
2002-10-03,16015.11920881356,23609.071525288135,25068.878864173443,23609.071525288135
2002-10-04,15713.963462862099,23428.378077717258,25073.635964329806,23428.378077717258
2002-10-07,15567.253768677554,23340.35226120653,25080.562135564793,23340.35226120653
2002-10-08,15598.13285245139,23358.879711470832,25077.157009943916,23358.879711470832
2002-10-09,15490.028123851109,23294.016874310662,25083.487055129823,23294.016874310662
2002-10-10,16277.661259370803,23766.59675562248,25016.99713421017,23766.59675562248
2002-10-11,17157.94386794594,24294.766320767565,25030.33437069729,24294.766320767565
2002-10-14,17358.715529221576,24415.229317532947,25048.267623843636,24415.229317532947
2002-10-15,18192.667290402023,24915.600374241214,25548.638680551903,24915.600374241214
2002-10-16,17590.37151215702,24554.22290729421,25187.2612136049,24554.22290729421
2002-10-17,18184.94664647757,24910.96798788654,25544.00629419723,24910.96798788654
2002-10-18,18385.720053715195,25031.432032229117,25664.470338539806,25031.432032229117
2002-10-21,18756.361594986745,25253.816956992046,25886.855263302736,25253.816956992046
2002-10-22,18640.539714385992,25184.323828631594,25817.362134942283,25184.323828631594
2002-10-23,18995.743459732617,25397.44607583957,26030.484382150258,25397.44607583957
2002-10-24,18516.98671408884,25110.192028453304,25743.230334763994,25110.192028453304
2002-10-25,19072.96561263508,25443.779367581046,26076.817673891735,25443.779367581046
2002-10-28,18910.807646753663,25346.484588052197,25979.522894362886,25346.484588052197
2002-10-29,18470.65935861813,25082.395615170877,25715.433921481566,25082.395615170877
2002-10-30,18964.867867882764,25378.920720729657,26011.959027040346,25378.920720729657
2002-10-31,18957.140240110344,25374.284144066205,26007.322450376894,25374.284144066205
2002-11-01,20497.367465008738,26698.42047900524,27331.45878531593,26698.42047900524
2002-11-04,21025.020920710973,27015.012552426582,27648.05085873727,27015.012552426582
2002-11-05,21187.384019232955,27112.43041153977,27745.46871785046,27112.43041153977
2002-11-06,21487.735010547967,27292.641006328777,27925.679312639466,27292.641006328777
2002-11-07,20732.79377431738,26839.676264590424,27472.714570901113,26839.676264590424
2002-11-08,20351.248385364863,26610.74903121892,27243.787337529608,26610.74903121892
2002-11-11,19734.29871289202,26240.57922773521,26873.617534045898,26240.57922773521
2002-11-12,20237.598988653608,26542.55939319216,27175.59769950285,26542.55939319216
2002-11-13,20481.12711709535,26688.67627025721,27321.714576567898,26688.67627025721
2002-11-14,21187.384019232955,27112.43041153977,27745.46871785046,27112.43041153977
2002-11-15,21463.383666089678,27278.030199653804,27911.068505964493,27278.030199653804
2002-11-18,21146.79049137892,27088.07429482735,27721.11260113804,27088.07429482735
2002-11-19,20822.073471746753,26893.24408304805,27526.282389358737,26893.24408304805
2002-11-20,21706.909959049062,27424.145975429434,28057.184281740123,27424.145975429434
2002-11-21,22510.570403537455,27906.342242122468,28539.380548433157,27906.342242122468
2002-11-22,22502.45390054548,27901.472340327284,28534.510646637973,27901.472340327284
2002-11-25,22721.63252001129,28032.979512006772,28666.01781831746,28032.979512006772
2002-11-26,21958.576616271086,27575.14596976265,28208.184276073338,27575.14596976265
2002-11-27,22656.69682511077,27994.018095066458,28627.056401377147,27994.018095066458
2002-11-29,22502.45390054548,27901.472340327284,28534.510646637973,27901.472340327284
2002-12-02,23729.447277493917,29037.668366496346,29670.706672807035,29037.668366496346
2002-12-03,23026.04278435838,28615.625670615023,29248.663976925713,28615.625670615023
2002-12-04,22517.553314439116,28310.531988663468,28943.570294974157,28310.531988663468
2002-12-05,22203.992281210136,28122.39536872608,28755.43367503677,28122.39536872608
2002-12-06,22432.808901873716,28259.685341124226,28892.723647434916,28259.685341124226
2002-12-09,21373.46063006835,27624.07637804101,28257.114684351698,27624.07637804101
2002-12-10,21695.495146448586,27817.29708786915,28450.335394179838,27817.29708786915
2002-12-11,21797.198022579923,27878.31881354795,28511.35711985864,27878.31881354795
2002-12-12,21915.85169743492,27949.511018460948,28582.549324771637,27949.511018460948
2002-12-13,21220.914938818918,27532.548963291345,28165.587269602034,27532.548963291345
2002-12-16,21907.36671702023,27944.420030212135,28577.458336522825,27944.420030212135
2002-12-17,21975.16991191484,27985.101947148898,28618.140253459587,27985.101947148898
2002-12-18,21509.05935501528,27705.435613009166,28338.473919319855,27705.435613009166
2002-12-19,21237.85232406856,27542.711394441132,28175.74970075182,27542.711394441132
2002-12-20,21458.205042633752,27674.923025580247,28307.961331890936,27674.923025580247
2002-12-23,21754.819109560223,27852.89146573613,28485.92977204682,27852.89146573613
2002-12-24,21483.62357587694,27690.174145526158,28323.212451836847,27690.174145526158
2002-12-26,21424.301528975873,27654.580917385523,28287.619223696212,27654.580917385523
2002-12-27,21034.469566332747,27420.68173979965,28053.72004611034,27420.68173979965
2002-12-30,20873.44847572149,27324.06908543289,27954.507568759793,27324.06908543289
2002-12-31,20653.10533820916,27191.863202925495,27912.782019289476,27191.863202925495
2003-01-02,22525.700662659077,28715.420397595444,29061.617600671747,28715.420397595444
2003-01-03,22774.0108785162,28864.40652710972,29118.288275803992,28864.40652710972
2003-01-06,23341.593414265462,29204.956048559274,29255.888264869354,29204.956048559274
2003-01-07,23634.25068408959,29380.550410453754,29331.82393127525,29380.550410453754
2003-01-08,22969.123077474036,28981.47384648442,28932.747367305914,28981.47384648442
2003-01-09,23678.58771204512,29407.15262722707,29358.426148048566,29407.15262722707
2003-01-10,24033.326044937545,29619.995626962525,29571.26914778402,29619.995626962525
2003-01-13,23891.42990969966,29534.857945819793,29486.131466641287,29534.857945819793
2003-01-14,24015.59404103855,29609.356424623125,29560.62994544462,29609.356424623125
2003-01-15,23714.063751056885,29428.438250634128,29379.711771455623,29428.438250634128
2003-01-16,23448.01952609847,29268.81171565908,29220.085236480576,29268.81171565908
2003-01-17,22445.891606096375,28667.53496365782,28618.808484479316,28667.53496365782
2003-01-21,22197.565348620887,28518.53920917253,28469.812729994024,28518.53920917253
2003-01-22,22108.89129270983,28465.334775625895,28416.60829644739,28465.334775625895
2003-01-23,22623.26378034603,28773.958268207614,28725.23178902911,28773.958268207614
2003-01-24,22011.342211438947,28406.805326863367,28358.07884768486,28406.805326863367
2003-01-27,21754.160980626584,28252.49658837595,28203.770109197445,28252.49658837595
2003-01-28,21975.86416722488,28385.518500334925,28336.79202115642,28385.518500334925
2003-01-29,22304.007502072258,28582.404501243353,28533.678022064847,28582.404501243353
2003-01-30,21727.553951367758,28236.532370820652,28187.805891642147,28236.532370820652
2003-01-31,21674.33989285011,28204.60393571006,28155.877456531554,28204.60393571006
2003-02-03,22718.38302638553,29231.029815831316,29182.30333665281,29231.029815831316
2003-02-04,22440.084529092917,29064.050717455746,29015.32423827724,29064.050717455746
2003-02-05,22338.030629998306,29002.818377998978,28954.091898820472,29002.818377998978
2003-02-06,22458.624338240945,29075.174602944564,29026.44812376606,29075.174602944564
2003-02-07,22087.572260188637,28852.54335611318,28801.50611282218,28852.54335611318
2003-02-10,22282.383935044447,28969.430361026665,28849.657611624072,28969.430361026665
2003-02-11,22402.977643287086,29041.786585972244,28880.27111644931,29041.786585972244
2003-02-12,22096.845311013778,28858.107186608264,28797.947106001127,28858.107186608264
2003-02-13,22208.16806593203,28924.90083955921,28825.212871914016,28924.90083955921
2003-02-14,22718.38302638553,29231.029815831316,28955.894135140723,29231.029815831316
2003-02-18,23423.403369192587,29654.042021515546,29153.134127685167,29654.042021515546
2003-02-19,23265.702775144116,29559.421665086466,29103.54141565915,29559.421665086466
2003-02-20,23172.934511879157,29503.76070712749,29074.5945165943,29503.76070712749
2003-02-21,23349.191695081674,29609.515017049,29126.7918280564,29609.515017049
2003-02-24,22950.29948954642,29370.17969372785,29003.47060823081,29370.17969372785
2003-02-25,22978.129129525605,29386.87747771536,29010.82826743921,29386.87747771536
2003-02-26,22467.903681568343,29080.742208941003,28860.421337904147,29080.742208941003
2003-02-27,22978.129129525605,29386.87747771536,28998.629238221383,29386.87747771536
2003-02-28,23339.908156752772,29603.94489405166,29104.348688387683,29603.94489405166
2003-03-03,23866.51275708262,30319.907654249568,29957.36037052088,30319.907654249568
2003-03-04,23721.27903359362,30232.767420156168,29913.695874370147,30232.767420156168
2003-03-05,23769.68881528989,30261.81328917393,29926.914476189922,30261.81328917393
2003-03-06,23711.594012374233,30226.956407424535,29909.17320531468,30226.956407424535
2003-03-07,23760.003794070504,30256.002276442297,29922.38012884171,30256.002276442297
2003-03-10,23246.864048650204,29948.11842919012,29772.06004449945,29948.11842919012
2003-03-11,23043.528954645262,29826.117372787154,29716.1187130605,29826.117372787154
2003-03-12,23459.857893473396,30075.914736084036,29824.50525285921,30075.914736084036
2003-03-13,24805.673030150723,30883.40381809043,30199.096882728023,30883.40381809043
2003-03-14,24902.496971943456,30941.49818316607,30257.19124780366,30941.49818316607
2003-03-17,25754.53364883888,31452.720189303323,30768.41325394092,31452.720189303323
2003-03-18,26074.03645667419,31644.42187400451,30960.114938642102,31644.42187400451
2003-03-19,25851.34007703085,31510.804046218505,30826.4971108561,31510.804046218505
2003-03-20,25948.159640423393,31568.895784254033,30884.588848891624,31568.895784254033
2003-03-21,26306.40691153644,31783.84414692186,31099.53721155945,31783.84414692186
2003-03-24,25212.323515359756,31127.39410921585,30443.08717385344,31127.39410921585
2003-03-25,25570.55546207214,31342.33327724328,30658.026341880875,31342.33327724328
2003-03-26,25715.79356396133,31429.476138376795,30745.16920301439,31429.476138376795
2003-03-27,25531.83726919554,31319.102361517318,30634.79542615491,31319.102361517318
2003-03-28,25251.063600237303,31150.63816014238,30466.33122477997,31150.63816014238
2003-03-31,24447.43670503815,30668.462023022887,29984.15508766048,30668.462023022887
2003-04-01,25640.775921796245,31784.46555307774,31100.158617715337,31784.46555307774
2003-04-02,26346.031753767966,32207.619052260776,31523.31211689837,32207.619052260776
2003-04-03,26678.501497523546,32407.100898514123,31722.793963151715,32407.100898514123
2003-04-04,26245.279618905162,32147.16777134309,31462.860835980682,32147.16777134309
2003-04-07,26285.582295263866,32171.349377158316,31487.042441795908,32171.349377158316
2003-04-08,26255.35528799484,32153.2131727969,31468.906237434494,32153.2131727969
2003-04-09,25650.84931286894,31790.50958772136,31106.202652358952,31790.50958772136
2003-04-10,25963.181386547032,31977.908831928216,31293.601896565808,31977.908831928216
2003-04-11,25701.23677038523,31820.742062231133,31136.435126868724,31820.742062231133
2003-04-14,26225.12828072581,32135.076968435482,31450.770033073073,32135.076968435482
2003-04-15,26477.001783831893,32286.201070299132,31601.894134936723,32286.201070299132
2003-04-16,26416.556881361743,32249.93412881704,31565.62719345463,32249.93412881704
2003-04-17,27021.04918838578,32612.62951303146,31928.322577669052,32612.62951303146
2003-04-21,27121.79676721463,32673.07806032877,31988.771124966363,32673.07806032877
2003-04-22,27635.626276567396,32976.45724149777,32292.355536646814,32976.45724149777
2003-04-23,27837.116878191144,33216.88769682792,32527.798225001734,33216.88769682792
2003-04-24,27685.99550994787,33036.56077793423,32351.21221592568,33036.56077793423
2003-04-25,27152.01238439877,32399.38065648057,31727.250494623117,32399.38065648057
2003-04-28,27685.99550994787,33036.56077793423,32351.21221592568,33036.56077793423
2003-04-29,27937.866735036972,33337.108361021106,32645.52489292568,33337.108361021106
2003-04-30,27655.76850267884,33000.49213223863,32315.891819862576,33000.49213223863
2003-05-01,28897.27781675314,34288.73323298429,33598.147092720676,34288.73323298429
2003-05-02,29513.00932808564,35019.34369633327,34314.042825826,35019.34369633327
2003-05-05,29481.680269229797,34982.16947707426,34277.61730732595,34982.16947707426
2003-05-06,29857.38593166004,35427.97171889386,34714.44094829123,35427.97171889386
2003-05-07,29523.42953776459,35031.70803709156,34326.15814477578,35031.70803709156
2003-05-08,28980.755116982345,34387.785153954836,33695.204076073554,34387.785153954836
2003-05-09,29648.663185475383,35180.306917767426,34471.764196094075,35180.306917767426
2003-05-12,30097.404701615505,35712.77154073524,34993.50480991568,35712.77154073524
2003-05-13,29909.562488820575,35489.88301935746,34775.10533520643,35489.88301935746
2003-05-14,29846.935046544986,35415.57097948751,34702.28996377389,35415.57097948751
2003-05-15,30180.90087903616,35811.84586087382,35090.58374131013,35811.84586087382
2003-05-16,29951.29523981285,35539.401980102724,34823.626968119876,35539.401980102724
2003-05-19,28897.27781675314,34288.73323298429,33598.147092720676,34288.73323298429
2003-05-20,28980.755116982345,34387.785153954836,33695.204076073554,34387.785153954836
2003-05-21,28897.27781675314,34288.73323298429,33598.147092720676,34288.73323298429
2003-05-22,29314.70207228207,34784.03763617312,34083.47590556822,34784.03763617312
2003-05-23,29325.157676694984,34796.443975371476,34095.63237709596,34796.443975371476
2003-05-27,30368.754890075747,36034.748381731624,35308.99693354537,36034.748381731624
2003-05-28,30462.671277175352,36146.1870426285,35418.191183889605,36146.1870426285
2003-05-29,30587.91200383294,36294.79432299238,35563.80546572349,36294.79432299238
2003-05-30,31088.832436782526,36889.1730463198,36146.21320996549,36889.1730463198
2003-06-02,31869.373053349413,37628.82439513604,36891.10202425518,37628.82439513604
2003-06-03,32171.052915657718,37985.024014856994,37240.31826269353,37985.024014856994
2003-06-04,32774.38340749348,38697.38873855314,37938.71690051417,38697.38873855314
2003-06-05,33011.412538886645,38977.25391025873,38213.09524659295,38977.25391025873
2003-06-06,32461.950753962465,38328.4930770243,37577.05352929482,38328.4930770243
2003-06-09,32030.984046214304,37819.6418191455,37078.178425665385,37819.6418191455
2003-06-10,32515.809716613767,38392.085462237446,37639.39917013198,38392.085462237446
2003-06-11,32882.10864099129,38824.582137915866,38063.416641952506,38824.582137915866
2003-06-12,33022.18725469499,38989.97583887594,38225.56775866599,38989.97583887594
2003-06-13,32278.785457350743,38112.226043156144,37365.026463895876,38112.226043156144
2003-06-16,33269.983793701285,39282.55431026229,38512.410157053804,39282.55431026229
2003-06-17,33140.6993843265,39129.90554841658,38362.754111784045,39129.90554841658
2003-06-18,33313.077784804525,39333.43627210681,38562.294565503274,39333.43627210681
2003-06-19,32774.38340749348,38697.38873855314,37938.71690051417,38697.38873855314
2003-06-20,32731.28941639024,38646.50677670862,37888.8324920647,38646.50677670862
2003-06-23,32224.91918650423,38048.62502900657,37302.6723632947,38048.62502900657
2003-06-24,31977.11046717258,37756.03217605949,37015.8158653002,37756.03217605949
2003-06-25,31804.729630629485,37552.49857605712,36816.27259165964,37552.49857605712
2003-06-26,32558.911015912217,38442.9760530184,37689.29203834547,38442.9760530184
2003-06-27,32138.723896102543,37946.85247638109,37202.89508663175,37946.85247638109
2003-06-30,32268.02048580268,38099.515619787526,37352.56523150818,38099.515619787526
2003-07-01,33698.66048680807,39608.03532820573,38851.10940597592,39608.03532820573
2003-07-02,34387.08136651691,40417.17723860471,39644.78828010792,40417.17723860471
2003-07-03,33954.04793305135,39908.20734831151,39145.54501473831,39908.20734831151
2003-07-07,35408.57340901255,41617.79745086764,40822.464143985875,41617.79745086764
2003-07-08,35841.6193951906,42126.7820951087,41321.72188134932,42126.7820951087
2003-07-09,35752.79389103696,42022.38020922542,41219.31515864694,42022.38020922542
2003-07-10,35086.5988440709,41239.36163891646,40451.26039678096,41239.36163891646
2003-07-11,35353.08539870182,41552.57909972459,40758.49214248315,41552.57909972459
2003-07-14,35775.00214998225,42048.48289378842,41244.91901012161,42048.48289378842
2003-07-15,35819.406115160324,42100.67350896655,41296.11224107712,42100.67350896655
2003-07-16,35708.377373146395,41970.17484009942,41168.1074556976,41970.17484009942
2003-07-17,34620.24549055991,40691.22886941005,39913.60267100305,40691.22886941005
2003-07-18,34731.27674311634,40821.73048906675,40041.61035078133,40821.73048906675
2003-07-21,34287.14169072063,40299.712207281635,39529.56805407315,40299.712207281635
2003-07-22,34797.8914777822,40900.02673959746,40118.410327610276,40900.02673959746
2003-07-23,35086.5988440709,41239.36163891646,40451.26039678096,41239.36163891646
2003-07-24,34620.24549055991,40691.22886941005,39913.60267100305,40691.22886941005
2003-07-25,35308.65381755625,41500.356025861154,40707.26707314123,41500.356025861154
2003-07-28,35408.57340901255,41617.79745086764,40822.464143985875,41617.79745086764
2003-07-29,35142.10944926411,41304.60654716567,40515.25844787257,41304.60654716567
2003-07-30,34886.727024105836,41004.440428639035,40220.828627907715,41004.440428639035
2003-07-31,35308.65381755625,41500.356025861154,40707.26707314123,41500.356025861154
2003-08-01,35930.85618468191,42056.36064168591,41271.75089282388,42056.36064168591
2003-08-04,35919.413605295595,42042.96732751415,41258.60744632275,42042.96732751415
2003-08-05,34503.18846046957,40385.30364328445,39631.86938350054,40385.30364328445
2003-08-06,34480.34978475472,40358.57142244603,39605.635882968825,40358.57142244603
2003-08-07,34617.40508057277,40518.991951229145,39763.06358239438,40518.991951229145
2003-08-08,34343.31256568135,40198.17205213712,39448.22894728182,40198.17205213712
2003-08-11,34720.199780426425,40639.31112611545,39881.138064774,40639.31112611545
2003-08-12,35245.57712319956,41254.254975131145,40484.60942944776,41254.254975131145
2003-08-13,35256.99904344909,41267.624108189535,40497.72914596198,41267.624108189535
2003-08-14,35291.25189223719,41307.716394168834,40537.07346426282,41307.716394168834
2003-08-15,35599.633409406066,41668.67089618857,40891.29394515332,41668.67089618857
2003-08-18,36513.32246956591,42738.12597488016,41940.79711008183,42738.12597488016
2003-08-19,36970.16829084187,43272.85502554554,42465.55017567028,43272.85502554554
2003-08-20,36878.78518166935,43165.89289316093,42360.58354481142,43165.89289316093
2003-08-21,37278.521401697675,43633.77627853439,42819.73802782877,43633.77627853439
2003-08-22,37050.121732588574,43366.43895695424,42557.38819126982,43366.43895695424
2003-08-25,37130.041603238,43459.98359405371,42649.18764564063,43459.98359405371
2003-08-26,37164.32544073127,43500.11215170307,42688.56755892184,43500.11215170307
2003-08-27,37461.27470808223,43847.68543010773,43029.65645830466,43847.68543010773
2003-08-28,37792.487153789676,44235.36308504838,43410.10154098176,44235.36308504838
2003-08-29,38135.10860778616,44636.39475985156,43803.651508931274,44636.39475985156
2003-09-02,39683.027298639274,46277.773942317865,45433.059430358124,46277.773942317865
2003-09-03,39659.58250419897,46250.432961271545,45406.217507963374,46250.432961271545
2003-09-04,40022.81257200618,46674.02662615335,45822.07925997603,46674.02662615335
2003-09-05,39765.046991369934,46373.42412471053,45526.96369694163,46373.42412471053
2003-09-08,40421.15155062893,47138.563796324066,46278.13716989804,47138.563796324066
2003-09-09,39940.78228275826,46578.364086255126,45728.162861450204,46578.364086255126
2003-09-10,38980.05169440487,45457.97393424642,44628.22334351128,45457.97393424642
2003-09-11,39413.54726817081,45963.51021848106,45124.53200508309,45963.51021848106
2003-09-12,39624.43650557302,46209.44620471318,45365.97888825589,46209.44620471318
2003-09-15,39237.82787155838,45758.5887931948,44923.35103848801,45758.5887931948
2003-09-16,40303.99645578959,47001.93921487859,46144.006415549375,47001.93921487859
2003-09-17,40139.95177206963,46810.632671340485,45956.19181641121,46810.632671340485
2003-09-18,40749.195882870474,47521.12436400166,46653.71480741949,47521.12436400166
2003-09-19,40514.88304406248,47247.87211173433,46385.45026573659,47247.87211173433
2003-09-22,39741.61809170552,46346.10167992255,45500.13997246036,46346.10167992255
2003-09-23,40444.588397681284,47165.895509241214,46304.969993336046,47165.895509241214
2003-09-24,38921.455603079994,45389.64001788896,44561.13673543788,45389.64001788896
2003-09-25,38417.67597945012,44802.13948866677,43984.35993340785,44802.13948866677
2003-09-26,38171.63279603403,44515.207477747106,43702.665331570824,44515.207477747106
2003-09-29,38827.734706163705,45280.34405998425,44453.83577154165,45280.34405998425
2003-09-30,37984.18305481349,44296.60629380852,43488.05430482162,44296.60629380852
2003-10-01,39839.1624916155,46293.7208192332,45466.9628886832,46293.7208192332
2003-10-02,39971.354481182265,46447.32994846203,45617.82871788025,46447.32994846203
2003-10-03,41089.0137318957,47746.06722323407,46893.37188937829,47746.06722323407
2003-10-06,41389.464646515175,48095.19581659254,47236.26540747746,48095.19581659254
2003-10-07,41641.84080617215,48388.46080375308,47524.29298555537,48388.46080375308
2003-10-08,41377.424219246415,48081.204654538335,47222.52411309389,48081.204654538335
2003-10-09,41689.89925723854,48444.305464572455,47579.14031854293,48444.305464572455
2003-10-10,42074.483710358385,48891.19852634038,48018.052332851585,48891.19852634038
2003-10-13,42350.88909554856,49212.385843910604,48333.50357742327,49212.385843910604
2003-10-14,42459.04914226612,49338.069485166656,48456.94263895425,49338.069485166656
2003-10-15,42278.795984316945,49128.61253755536,48251.22637559736,49128.61253755536
2003-10-16,42615.270357366084,49519.60094480518,48635.23213464508,49519.60094480518
2003-10-17,41593.75518194559,48332.584567302794,47469.41464084498,48332.584567302794
2003-10-20,42110.5316246322,48933.08675829954,48059.19248435068,48933.08675829954
2003-10-21,42362.8941977091,49226.33595764463,48347.20455656717,49226.33595764463
2003-10-22,41545.69401356318,48276.736748920324,47414.564206685136,48276.736748920324
2003-10-23,41064.97091978242,47718.12910500893,46865.932717023104,47718.12910500893
2003-10-24,41101.03242063632,47760.03312478355,46907.08837438361,47760.03312478355
2003-10-27,41113.0429574289,47773.98955364376,46920.79555587208,47773.98955364376
2003-10-28,42495.107925804004,49379.970347378185,48498.09519514248,49379.970347378185
2003-10-29,42447.044040105575,49324.11937143263,48443.24165981035,49324.11937143263
2003-10-30,42531.161274709855,49421.864894463535,48539.24154898614,49421.864894463535
2003-10-31,42278.795984316945,49128.61253755536,48251.22637559736,49128.61253755536
2003-11-03,43975.50665371363,50938.24966319478,50046.39886422698,50938.24966319478
2003-11-04,43680.38996308601,50596.406468860696,49710.540821090755,50596.406468860696
2003-11-05,44073.912250235124,51052.23604391666,50158.389517859876,51052.23604391666
2003-11-06,44196.84764734187,51194.63608491172,50298.29635205701,51194.63608491172
2003-11-07,43815.63474890177,50753.06487236192,49864.45637568667,50753.06487236192
2003-11-10,43274.561067753915,50126.32175207167,49248.686568305166,50126.32175207167
2003-11-11,43114.70862662423,49941.1595066505,49066.76623044088,49941.1595066505
2003-11-12,44036.99520621218,51009.47383949055,50116.37601419273,51009.47383949055
2003-11-13,43987.79379821445,50952.48225951616,50060.38226956743,50952.48225951616
2003-11-14,43090.10375183632,49912.65888550366,49038.7646115548,49912.65888550366
2003-11-17,42647.39673984563,49399.857055111905,48534.94115645412,49399.857055111905
2003-11-18,41663.60492460297,48260.299221337504,47415.335236442785,48260.299221337504
2003-11-19,42069.41157572688,48730.35817194174,47877.16417417006,48730.35817194174
2003-11-20,41663.60492460297,48260.299221337504,47415.335236442785,48260.299221337504
2003-11-21,42093.99976735864,48758.839468449994,47905.1468067624,48758.839468449994
2003-11-24,43262.28226483117,50112.098818069586,49234.71265611159,50112.098818069586
2003-11-25,43262.28226483117,50112.098818069586,49234.71265611159,50112.098818069586
2003-11-26,43459.0406278797,50340.01038482447,49458.63384011386,50340.01038482447
2003-11-28,43508.208669565145,50396.96331552167,49514.58961215168,50396.96331552167
2003-12-01,45147.3880372075,52137.39290650681,51242.05016313907,52137.39290650681
2003-12-02,44895.861486037866,51846.92341990125,50956.568838244406,51846.92341990125
2003-12-03,44329.93598724708,51193.37774718262,50314.24634610515,51193.37774718262
2003-12-04,44807.815676996,51745.245800456156,50856.637303780895,51745.245800456156
2003-12-05,44065.855429911586,50888.410563578924,50014.51628963005,50888.410563578924
2003-12-08,44317.3734506127,51178.87019897475,50299.98793248741,51178.87019897475
2003-12-09,43298.707552789296,50002.48798808121,49143.80744663676,50002.48798808121
2003-12-10,43462.21672981211,50191.31269260747,49329.38951052564,50191.31269260747
2003-12-11,44392.82260114613,51266.00086537302,50385.62232518392,51266.00086537302
2003-12-12,44317.3734506127,51178.87019897475,50299.98793248741,51178.87019897475
2003-12-15,43738.865510761,50510.79399189219,49643.38443531002,50510.79399189219
2003-12-16,43826.9312242294,50612.494597493336,49743.33856119393,50612.494597493336
2003-12-17,43902.37753127333,50699.62198015503,49828.96972654467,50699.62198015503
2003-12-18,44719.77839842265,51643.5780322208,50756.7154513547,51643.5780322208
2003-12-19,44594.03076203011,51498.3613494692,50613.99253930911,51498.3613494692
2003-12-22,44732.36936995208,51658.11841779446,50771.00613843016,51658.11841779446
2003-12-23,45071.941730163584,52050.26552384512,51156.418997788336,52050.26552384512
2003-12-24,45165.023359119325,52157.75864077236,51262.06616161287,52157.75864077236
2003-12-26,45102.10831032523,52085.10268521616,51190.65790907639,52085.10268521616
2003-12-29,45844.40977615028,52942.33197048293,52033.16620471979,52942.33197048293
2003-12-30,45995.35926002822,53116.6524105379,52204.493082336696,53116.6524105379
2003-12-31,45869.54053639805,52971.353634371815,52061.689486646814,52971.353634371815
2004-01-02,46743.43612018842,53825.77136686164,52918.602117658804,53825.77136686164
2004-01-05,47681.89138057963,54906.4167467598,53981.03450714285,54906.4167467598
2004-01-06,48003.28916390356,55276.511139446906,54344.89139976591,55276.511139446906
2004-01-07,48440.40955884685,55779.861863974584,54839.75874751589,55779.861863974584
2004-01-08,48826.0508689969,56223.93364629673,55276.346229007206,56223.93364629673
2004-01-09,48504.679236362324,55853.869366522646,54912.51894177988,55853.869366522646
2004-01-12,49276.01125240897,56742.069811113746,55785.749826065585,56742.069811113746
2004-01-13,48787.50475290122,56179.5472125157,55232.70787568625,56179.5472125157
2004-01-14,48954.63090287795,56371.99549370199,55421.912670373014,56371.99549370199
2004-01-15,49083.193502966096,56520.037265831896,55567.45937480834,56520.037265831896
2004-01-16,49584.55451910337,57097.362034115395,56135.05402193816,57097.362034115395
2004-01-20,49545.99096921479,57052.95552505902,56091.39593168671,57052.95552505902
2004-01-21,49340.30708061379,56816.10742657482,55858.53962572532,56816.10742657482
2004-01-22,49044.618330548925,56475.61737325863,55523.78812660323,56475.61737325863
2004-01-23,48864.637663942674,56268.36692238689,55320.030635165975,56268.36692238689
2004-01-26,49610.26355236242,57126.966373486306,56164.15941543912,57126.966373486306
2004-01-27,48517.52213046325,55868.658152691205,54927.05848057671,55868.658152691205
2004-01-28,47694.76042536991,54921.23564584138,53995.60365133542,54921.23564584138
2004-01-29,47874.74109197615,55128.48609671312,54199.36114277267,55128.48609671312
2004-01-30,47656.19106421703,54876.82244502656,53951.93898210714,54876.82244502656
2004-02-02,48527.32274283759,55728.47407111121,54806.08578866799,55728.47407111121
2004-02-03,48474.84094479648,55668.20430232881,54746.81357328064,55668.20430232881
2004-02-04,47687.24609724605,54763.73530302196,53857.3148673597,54763.73530302196
2004-02-05,47871.03325987177,54974.795331642694,54064.88154181029,54974.795331642694
2004-02-06,48737.377505229066,55969.699647092,55043.31872626384,55969.699647092
2004-02-09,48724.23183834833,55954.60324542581,55028.47219226829,55954.60324542581
2004-02-10,48802.99606990252,56045.05559655096,55117.42742382955,56045.05559655096
2004-02-11,49328.01578927731,56647.98496013962,55710.377418892785,56647.98496013962
2004-02-12,48894.86740059439,56150.56005838728,55221.185631511864,56150.56005838728
2004-02-13,48487.93914368577,55683.24619205036,54761.60649758449,55683.24619205036
2004-02-17,49144.24346039892,56436.94196650158,55502.82749747085,56436.94196650158
2004-02-18,49288.647023872814,56602.774116061475,55665.91488083795,56602.774116061475
2004-02-19,48540.44170897314,55743.53980980854,54820.90216721196,55743.53980980854
2004-02-20,48382.92807961209,55562.65214254094,54643.00845711809,55562.65214254094
2004-02-23,47844.75379310816,54944.61615629648,54035.20187624211,54944.61615629648
2004-02-24,47726.64156339573,54808.97681006896,53901.807560866124,54808.97681006896
2004-02-25,48015.39528885316,55140.57978325103,54227.92201669714,55140.57978325103
2004-02-26,48133.56685355489,55276.28726940934,54361.38334418776,55276.28726940934
2004-02-27,48002.30599021226,55125.54811451909,54213.13914421049,55125.54811451909
2004-03-01,49632.03983038321,56848.77502458672,55924.39062031887,56848.77502458672
2004-03-02,49056.028422610194,56189.008812196684,55275.35247721321,56189.008812196684
2004-03-03,48788.08903113671,55882.109755898455,54973.44372547658,55882.109755898455
2004-03-04,49243.57539956982,56403.82601366887,55486.6766628601,56403.82601366887
2004-03-05,49069.40495497394,56204.33035613392,55290.42488656032,56204.33035613392
2004-03-08,47917.34580661027,54884.7563155713,53992.30766125617,54884.7563155713
2004-03-09,47770.0162310512,54716.00431738528,53826.299639791636,54716.00431738528
2004-03-10,47140.39877857467,53994.83748584433,53116.85927679224,53994.83748584433
2004-03-11,46711.747223708764,53503.85795145909,52633.86327106182,53503.85795145909
2004-03-12,47569.08061078862,54485.85170004835,53599.88939843335,54485.85170004835
2004-03-15,46738.5305657843,53534.53571915234,52664.04220566674,53534.53571915234
2004-03-16,46818.86545333688,53626.5516823227,52754.56195152614,53626.5516823227
2004-03-17,47555.66774560722,54470.48854032858,53584.7760499934,54470.48854032858
2004-03-18,47341.35862071569,54225.01784703629,53343.29681087908,54225.01784703629
2004-03-19,46550.968450150656,53319.70117777076,52452.70096206449,53319.70117777076
2004-03-22,45961.55326040066,52644.58220960659,51788.5597052921,52644.58220960659
2004-03-23,45586.45930648141,52214.94780666221,51365.91133399831,52214.94780666221
2004-03-24,46108.91008557296,52813.36541962951,51954.598431076265,52813.36541962951
2004-03-25,47341.35862071569,54225.01784703629,53343.29681087908,54225.01784703629
2004-03-26,47180.58287489238,54040.864541329836,53162.13791347282,54040.864541329836
2004-03-29,47944.162453768644,54915.472231065214,54022.52412336286,54915.472231065214
2004-03-30,48104.92911638754,55099.615132826024,54203.67278599591,55099.615132826024
2004-03-31,48011.14805857072,54992.19786213524,54098.00216419478,54992.19786213524
2004-04-01,49439.51786981845,56482.89829438475,55580.71872944463,56482.89829438475
2004-04-02,50724.71303014972,57951.18825062119,57025.556256115226,57951.18825062119
2004-04-05,51203.27085640521,58497.92361926992,57563.55883144209,58497.92361926992
2004-04-06,50560.622287590755,57763.720388426154,56841.08274582958,57763.720388426154
2004-04-07,50505.93464406786,57701.24169243246,56779.60199796658,57701.24169243246
2004-04-08,50505.93464406786,57701.24169243246,56779.60199796658,57701.24169243246
2004-04-12,50820.429539754645,58060.54097310008,57133.16232970445,58060.54097310008
2004-04-13,50082.098453767816,57217.02385492779,56303.11838535419,57217.02385492779
2004-04-14,50328.194394731436,57498.179752133554,56579.78348777638,57498.179752133554
2004-04-15,49425.86527281986,56467.30068581267,55565.370255462665,56467.30068581267
2004-04-16,49343.79517977125,56373.53851096943,55473.10570770059,56373.53851096943
2004-04-19,49945.37779984999,57060.825349709434,56149.41477865799,57060.825349709434
2004-04-20,48783.229064889965,55733.111576841766,54842.90806615978,55733.111576841766
2004-04-21,49207.059074747725,56217.32235341,55319.38473061736,56217.32235341
2004-04-22,50478.58927719584,57670.0005792015,56748.85988699638,57670.0005792015
2004-04-23,50875.10482239298,58123.00554722092,57194.62918125782,58123.00554722092
2004-04-26,50505.93464406786,57701.24169243246,56779.60199796658,57701.24169243246
2004-04-27,50410.24903667434,57591.92427463571,56672.030665151426,57591.92427463571
2004-04-28,49494.190062235655,56545.35933803738,55642.18210692059,56545.35933803738
2004-04-29,48728.535240924786,55670.625819911635,54781.420370141976,55670.625819911635
2004-04-30,47539.038048871604,54311.6674033448,53444.168072596156,54311.6674033448
2004-05-03,48989.9289666801,55826.83703545808,54951.104308383976,55826.83703545808
2004-05-04,49199.2899427585,56065.415889104974,55185.94067327061,56065.415889104974
2004-05-05,49590.09688779856,56510.76284292308,55624.301651828944,56510.76284292308
2004-05-06,49213.26479658687,56081.34103747172,55201.61601035753,56081.34103747172
2004-05-07,48808.48615231299,55620.072530128484,54747.58323316309,55620.072530128484
2004-05-10,48389.783127723436,55142.93639188439,54277.93173409468,55142.93639188439
2004-05-11,49115.54492140823,55969.98362867789,55092.0054196258,55969.98362867789
2004-05-12,49213.26479658687,56081.34103747172,55201.61601035753,56081.34103747172
2004-05-13,48864.32563033013,55683.704821604726,54810.2173509454,55683.704821604726
2004-05-14,48501.41791943412,55270.15064705423,54403.15043134796,55270.15064705423
2004-05-17,48040.837652277616,54745.29298633416,53886.525997780926,54745.29298633416
2004-05-18,48473.52814907371,55238.368652311474,54371.86698773949,55238.368652311474
2004-05-19,48417.68867105657,55174.73636083523,54309.23286995719,55174.73636083523
2004-05-20,48641.01819177425,55429.233173165645,54559.73749502913,55429.233173165645
2004-05-21,48878.2784019967,55699.60480608015,54825.867918876655,55699.60480608015
2004-05-24,49213.26479658687,56081.34103747172,55201.61601035753,56081.34103747172
2004-05-25,50190.2711181061,57194.69584007133,56297.50607217553,57194.69584007133
2004-05-26,50511.285813462455,57560.510517937764,56657.582365020295,57560.510517937764
2004-05-27,50832.27211746791,57926.29284222965,57017.62681180778,57926.29284222965
2004-05-28,51013.73701399682,58133.082511450564,57221.17265618433,58133.082511450564
2004-06-01,51943.66062725883,59053.26829967999,58142.605752697826,59053.26829967999
2004-06-02,51829.780486927564,58923.80121168931,58015.13518126743,58923.80121168931
2004-06-03,51203.63752978232,58211.95711761232,57314.268460237385,58211.95711761232
2004-06-04,51502.49530011814,58551.72000459345,57648.79185167598,58551.72000459345
2004-06-07,52726.347364937414,59943.08255914093,59018.69815487307,59943.08255914093
2004-06-08,52797.509184586874,60023.98440505834,59098.35241055238,60023.98440505834
2004-06-09,52057.4667881175,59182.65128251537,58269.99351596149,59182.65128251537
2004-06-10,52427.50246059683,59603.33429914333,58684.189164854775,59603.33429914333
2004-06-14,51687.47936312031,58762.02311707566,57855.851872394334,58762.02311707566
2004-06-15,52356.35350694261,59522.44708020945,58604.549310595765,59522.44708020945
2004-06-16,52270.98762855277,59425.39704447232,58508.99588690525,59425.39704447232
2004-06-17,51787.09754773265,58875.27619382074,57967.35846942218,58875.27619382074
2004-06-18,51858.28509937257,58956.20729370522,58047.041527942085,58956.20729370522
2004-06-21,51445.58578669119,58487.021199684,57585.090769334,58487.021199684
2004-06-22,52199.79042741642,59344.4549743502,58429.30202732011,59344.4549743502
2004-06-23,52825.97519904618,60056.34660612366,59130.21555296613,60056.34660612366
2004-06-24,52726.347364937414,59943.08255914093,59018.69815487307,59943.08255914093
2004-06-25,53124.823319885574,60396.09852286714,59464.728143339504,60396.09852286714
2004-06-28,52683.66120924369,59894.55388452648,58970.91784267274,59894.55388452648
2004-06-29,53181.75534880419,60460.82292499778,59528.45442816702,60460.82292499778
2004-06-30,53708.296203831145,61059.43222605909,60117.832553944594,61059.43222605909
2004-07-01,53711.808014683156,60926.594235089506,60002.459472929055,60926.594235089506
2004-07-02,53392.80560165027,60564.742134084896,59646.0959456663,60564.742134084896
2004-07-06,52247.214254266466,59265.27034638783,58366.33454990126,59265.27034638783
2004-07-07,52348.72828102945,59380.4201457777,58479.737756792274,59380.4201457777
2004-07-08,51768.68933096309,58722.46802952089,57831.76546018735,58722.46802952089
2004-07-09,51841.19419972138,58804.71204405299,57912.76199726297,58804.71204405299
2004-07-12,51623.70253595085,58558.006024690556,57669.79801553433,58558.006024690556
2004-07-13,51551.16816968696,58475.728550429194,57588.76852624673,58475.728550429194
2004-07-14,51029.13442562748,57883.57313289714,57005.59492384505,57883.57313289714
2004-07-15,50855.1155301062,57686.17931897516,56811.195179878414,57686.17931897516
2004-07-16,50275.096245043576,57028.24950920452,56163.24485141482,57028.24950920452
2004-07-19,50173.58221828059,56913.09970981465,56049.8416445238,56913.09970981465
2004-07-20,51377.139441663814,58278.32358326413,57394.35779820943,58278.32358326413
2004-07-21,49883.56602074804,56584.12736943394,55725.85915757823,56584.12736943394
2004-07-22,50565.122275078,57357.233002828325,56487.23832243106,57357.233002828325
2004-07-23,49608.02654346254,56271.5763206267,55418.04888400681,56271.5763206267
2004-07-26,49390.528324690764,56024.862865768875,55175.0775795644,56024.862865768875
2004-07-27,50072.07802401948,56797.96106366786,55936.44942170345,56797.96106366786
2004-07-28,49854.55686274335,56551.22158457617,55693.45248776283,56551.22158457617
2004-07-29,50434.579425306605,57209.1551120945,56341.40647758332,57209.1551120945
2004-07-30,50594.11504557958,57390.12019894762,56519.62668546202,57390.12019894762
2004-08-02,51695.309497311835,58505.06774583512,57632.82797819551,58505.06774583512
2004-08-03,50615.85105338091,57291.76606289071,56437.739680400875,57291.76606289071
2004-08-04,50630.656697316736,57308.40747489264,56454.13128112298,57308.40747489264
2004-08-05,49684.29196861302,56244.70194322429,55406.33348345397,56244.70194322429
2004-08-06,48383.02292045339,54782.087115416645,53970.88778147281,54782.087115416645
2004-08-09,48501.3176760084,54915.04936774359,54101.31693946285,54915.04936774359
2004-08-10,49107.57370279659,55596.475745695345,54769.875948450004,55596.475745695345
2004-08-11,48678.751454011384,55114.48335491797,54296.87769577825,55114.48335491797
2004-08-12,48013.35640477523,54366.58524211877,53563.019930821596,54366.58524211877
2004-08-13,48087.28770263177,54449.683362862495,53644.51924287306,54449.683362862495
2004-08-16,48634.41139123561,55064.645519019636,54247.8101686944,55064.645519019636
2004-08-17,49181.51836918039,55679.588892544714,54851.16527720087,55679.588892544714
2004-08-18,50053.938431500304,56660.1812773637,55813.41795896975,56660.1812773637
2004-08-19,49787.76436957313,56361.004000917244,55519.750378168406,56361.004000917244
2004-08-20,50290.561363928464,56926.14334728169,56074.38907672404,56926.14334728169
2004-08-23,50408.8394088244,57059.08681697658,56204.86050290119,57059.08681697658
2004-08-24,50394.08055473397,57042.497996344406,56188.55607888976,57042.497996344406
2004-08-25,51089.05347052365,57823.641367883356,56955.23887470015,57823.641367883356
2004-08-26,50867.25289269038,57574.33949259935,56709.67937539479,57574.33949259935
2004-08-27,51103.84574593222,57840.26775377964,56971.61567487985,57840.26775377964
2004-08-30,50246.204590493624,56876.28672875131,56022.10537706859,56876.28672875131
2004-08-31,50305.340270809786,56942.75470707234,56087.575576431336,56942.75470707234
2004-09-01,51674.72024498821,58358.09166045966,57496.67502975462,58358.09166045966
2004-09-02,52443.70905491135,59214.63288985735,58340.49234999732,59214.63288985735
2004-09-03,51478.69520324365,58139.74839189454,57281.57524768901,58139.74839189454
2004-09-07,51915.94303532654,58626.7786201773,57761.37064807591,58626.7786201773
2004-09-08,51719.952074224864,58408.47331247114,57546.308262961174,58408.47331247114
2004-09-09,52157.247619207796,58895.55668595644,58026.1560190793,58895.55668595644
2004-09-10,52956.401206148235,59785.69707161947,58903.07338054497,59785.69707161947
2004-09-13,53650.01045013886,60558.27647316982,59664.17612483359,60558.27647316982
2004-09-14,53725.39683219995,60642.24589318895,59746.89818017786,60642.24589318895
2004-09-15,53152.422839828505,60004.03654409869,59118.1694229155,60004.03654409869
2004-09-16,53257.98422309976,60121.61650864085,59234.002738567986,60121.61650864085
2004-09-17,53423.81722331271,60306.330252253465,59415.97256184993,60306.330252253465
2004-09-20,53423.81722331271,60306.330252253465,59415.97256184993,60306.330252253465
2004-09-21,53634.926357598066,60541.4749969942,59647.62423437456,60541.4749969942
2004-09-22,52700.02616198334,59500.132714008294,58621.7510778629,59500.132714008294
2004-09-23,52654.83182145386,59449.79281894167,58572.15898130231,59449.79281894167
2004-09-24,52473.887464185806,59248.24723046627,58373.60735000064,59248.24723046627
2004-09-27,52021.51464279066,58744.36997297715,57877.21518281366,58744.36997297715
2004-09-28,52127.06580186905,58861.93854926162,57993.03727938089,58861.93854926162
2004-09-29,52896.07506017792,59718.50255517469,58836.877037794125,59718.50255517469
2004-09-30,52986.565983165536,59819.29622788481,58936.17342176794,59819.29622788481
2004-10-01,55433.81070709011,62431.4696014141,61524.39530707983,62431.4696014141
2004-10-04,55756.29004006278,62787.676097451986,61875.36219479357,62787.676097451986
2004-10-05,55833.053976163006,62872.468547399956,61958.90739284828,62872.468547399956
2004-10-06,56278.38406626289,63364.37439920276,62443.5775708931,63364.37439920276
2004-10-07,55648.80387038087,62668.94826605273,61758.38078672074,62668.94826605273
2004-10-08,54635.31028632634,61549.456374882306,60655.356026546084,61549.456374882306
2004-10-11,54896.36597606264,61837.815109857744,60939.47315771888,61837.815109857744
2004-10-12,54804.22009924461,61736.03196734401,60839.187191159835,61736.03196734401
2004-10-13,54681.37975408086,61600.34411249915,60705.49523257639,61600.34411249915
2004-10-14,54435.6817104809,61328.94923460934,60438.09242916343,61328.94923460934
2004-10-15,54712.081163735565,61634.25649211032,60738.90877909922,61634.25649211032
2004-10-18,55495.241291635466,62499.32502975659,61591.25261811919,62499.32502975659
2004-10-19,55095.984139944594,62058.31074921066,61156.72542335389,62058.31074921066
2004-10-20,55357.008593790444,62346.634981425916,61440.80855928379,62346.634981425916
2004-10-21,56201.58542361772,63279.54361285459,62359.99460034627,63279.54361285459
2004-10-22,54973.15073608983,61922.630561645834,61023.041019268865,61922.630561645834
2004-10-25,54712.081163735565,61634.25649211032,60738.90877909922,61634.25649211032
2004-10-26,55003.834792472066,61956.523773056906,61056.43567954564,61956.523773056906
2004-10-27,56401.24523535361,63500.08525588774,62577.29219297182,63500.08525588774
2004-10-28,56754.40168339951,63890.17729605665,62961.64618646391,63890.17729605665
2004-10-29,56662.280101162934,63788.420989023056,62861.386660649354,63788.420989023056
2004-11-01,57876.9212946093,65025.6622030452,64095.135535535905,65025.6622030452
2004-11-02,58064.4487128576,65231.168135592685,64297.64717256481,65231.168135592685
2004-11-03,58455.0675586994,65659.23615324676,64719.4780848905,65659.23615324676
2004-11-04,58783.200809500464,66018.8279949924,65073.83054387522,66018.8279949924
2004-11-05,59314.49965267748,66601.0631969079,65647.58236901302,66601.0631969079
2004-11-08,59377.00290599973,66669.55872402187,65715.07989160548,66669.55872402187
2004-11-09,59251.98227272999,66532.55218882949,65580.06959101935,66532.55218882949
2004-11-10,59048.86612354235,66309.96301203512,65360.72361877046,66309.96301203512
2004-11-11,59830.149726757925,67166.14936047769,66204.43502347574,67166.14936047769
2004-11-12,60408.303054160635,67799.73105116146,66828.78520053094,67799.73105116146
2004-11-15,60673.90479838899,68090.79640386427,67115.6096261208,68090.79640386427
2004-11-16,60298.89234176808,67679.83098166258,66710.63211826657,67679.83098166258
2004-11-17,61111.38519176909,68570.21865076886,67588.0465180645,68570.21865076886
2004-11-18,61392.68867993862,68878.49109543396,67891.8273220839,68878.49109543396
2004-11-19,60439.54408585284,67833.96720399514,66862.52252027628,67833.96720399514
2004-11-22,61017.69034994293,68467.5411541967,67486.86506963088,68467.5411541967
2004-11-23,60923.94606492847,68364.80947424905,67385.63022729308,68364.80947424905
2004-11-24,61455.191933260874,68946.98662254793,67959.32484467638,68946.98662254793
2004-11-26,61267.68217329411,68741.50004120599,67756.83227689896,68741.50004120599
2004-11-29,61252.072252416925,68724.39357551247,67739.9750585772,68724.39357551247
2004-11-30,61127.07280908503,68587.41026176672,67604.98764109286,68587.41026176672
2004-12-01,63376.78852231484,70957.08667465467,69954.70475302187,70957.08667465467
2004-12-02,63614.92679775975,71216.192919753,70210.06856575073,71216.192919753
2004-12-03,63710.15196657747,71319.80262249867,70312.1817692314,71319.80262249867
2004-12-06,63932.43732183861,71561.66010481416,70550.54595376758,71561.66010481416
2004-12-07,62837.021349032206,70369.79324089101,69375.8939629554,70369.79324089101
2004-12-08,63202.1480457771,70767.06918152665,69767.4318005234,70767.06918152665
2004-12-09,63583.17789830617,71181.64854376785,70176.02313563554,71181.64854376785
2004-12-10,63392.68450158466,70974.382287857,69971.75055494437,70974.382287857
2004-12-13,63948.340477622776,71578.96352641974,70567.59945131172,71578.96352641974
2004-12-14,64265.865354730326,71924.44632828742,70908.09223057183,71924.44632828742
2004-12-15,64027.669667170674,71665.27761596309,70652.66685286988,71665.27761596309
2004-12-16,63424.404694980876,71008.89543022914,70005.76520257302,71008.89543022914
2004-12-17,63262.53123745939,70832.76908648573,69832.182760964,70832.76908648573
2004-12-20,62829.758716517055,70361.89113680038,69368.10599386033,70361.89113680038
2004-12-21,63599.1599957481,71199.03785780919,70193.16128501766,71199.03785780919
2004-12-22,63679.25707233071,71286.18744650047,70279.05211809083,71286.18744650047
2004-12-23,63727.33971842904,71338.50374828628,70330.61278304829,71338.50374828628
2004-12-27,63454.8761748814,71042.0499104355,70038.44081203711,71042.0499104355
2004-12-28,64063.92541763169,71704.72566919024,70691.54513337214,71704.72566919024
2004-12-29,64144.07990632904,71791.93772510752,70777.49753141838,71791.93772510752
2004-12-30,64095.990083716366,71739.61361491846,70725.92917083928,71739.61361491846
2004-12-31,63983.79963499171,71617.54484688597,70605.62351781243,71617.54484688597
2005-01-03,64310.313973530734,71884.90544225535,70883.56347990528,71884.90544225535
2005-01-04,63138.086733364486,70618.35745162802,69635.15111150336,70618.35745162802
2005-01-05,62747.337030141345,70196.16691169029,69219.00589175573,70196.16691169029
2005-01-06,62437.99290760349,69861.93207787332,68889.55694582105,69861.93207787332
2005-01-07,62763.60065067586,70213.73914956576,69236.32651384553,70213.73914956576
2005-01-10,62731.07340960683,70178.59467381482,69201.68526966595,70178.59467381482
2005-01-11,62291.45994643622,69703.60865629786,68733.50054751227,69703.60865629786
2005-01-12,62812.47170045773,70266.54250354029,69288.37377986523,70266.54250354029
2005-01-13,61982.13769340154,69369.39745166674,68404.07489241859,69369.39745166674
2005-01-14,62568.24037873308,70002.65963238747,69028.26943119903,70002.65963238747
2005-01-18,63040.381082972715,70512.79012565539,69531.09539753229,70512.79012565539
2005-01-19,61998.40860377045,69386.97756593749,68421.40327812204,69386.97756593749
2005-01-20,60809.866714228934,68102.80220266772,67155.25977747788,68102.80220266772
2005-01-21,60321.46967928918,67575.10734791963,66644.52092937253,67575.10734791963
2005-01-24,59474.82466777492,66660.33886160125,65759.63652726471,66660.33886160125
2005-01-25,59767.872365523486,66976.96601376399,66065.49046587585,66976.96601376399
2005-01-26,60484.27355082536,67751.01088376585,66813.61793775955,67751.01088376585
2005-01-27,60402.86432522287,67663.05123944745,66728.39793146051,67663.05123944745
2005-01-28,60109.79111305392,67346.39651990123,66421.9673122249,67346.39651990123
2005-01-31,60891.28687458301,68190.77366157903,67238.37644026683,68190.77366157903
2005-02-01,62086.35452633319,69401.68110913642,68442.28885923946,69401.68110913642
2005-02-02,62185.65915686864,69508.20782319528,68544.96085894378,69508.20782319528
2005-02-03,61474.115510065494,68744.91605930994,67807.98896563923,68744.91605930994
2005-02-04,62466.94695051771,69809.95270861227,68835.18747826158,69809.95270861227
2005-02-07,62334.56794329717,69667.94623244354,68697.91409034493,69667.94623244354
2005-02-08,62450.44680784798,69792.25256743425,68817.78452615126,69792.25256743425
2005-02-09,61407.92600645523,68673.91282122557,67737.74116313124,68673.91282122557
2005-02-10,61474.115510065494,68744.91605930994,67806.07845282485,68744.91605930994
2005-02-11,62384.201735728486,69721.18971953451,68747.71178066308,69721.18971953451
2005-02-14,62665.489529377555,70022.93460495152,69038.93003682033,70022.93460495152
2005-02-15,63079.252648996466,70466.78929021722,69467.0975205452,70466.78929021722
2005-02-16,62847.539374702224,70218.22430808812,69222.05967068029,70218.22430808812
2005-02-17,62003.63524351494,69312.94593797252,68329.62718303756,69312.94593797252
2005-02-18,61805.03709614588,69099.9044318179,68119.60873171366,69099.9044318179
2005-02-22,61043.89299801694,68283.40494673082,67314.6953584468,68283.40494673082
2005-02-23,61126.59005343151,68372.11627396858,67402.14787367565,68372.11627396858
2005-02-24,61904.31949927765,69206.40730195059,68224.60032818963,69206.40730195059
2005-02-25,62251.844955911634,69579.20708729194,68592.1100918244,69579.20708729194
2005-02-28,61589.92398783796,68869.1468885345,67892.12563348339,68869.1468885345
2005-03-01,63268.08223422719,70596.76702233068,69609.41829829584,70596.76702233068
2005-03-02,63234.47685840242,70560.968660737,69574.12339383675,70560.968660737
2005-03-03,62713.220892862366,70005.69709839624,69026.66099977221,70005.69709839624
2005-03-04,63083.13221781524,70399.74772402566,69415.16981873695,70399.74772402566
2005-03-07,63991.06455579064,71366.9289960615,70368.74895117266,71366.9289960615
2005-03-08,63352.15589847697,70686.32708108478,69697.71881196053,70686.32708108478
2005-03-09,63167.183297807074,70489.28372474104,69503.44661270776,70489.28372474104
2005-03-10,63083.13221781524,70399.74772402566,69415.16981873695,70399.74772402566
2005-03-11,62494.714433184534,69772.93156424805,68797.16900842424,69772.93156424805
2005-03-14,62780.50692537173,70077.37401504596,69097.32987433659,70077.37401504596
2005-03-15,62276.07623200201,69540.02569154075,68567.53865219545,69540.02569154075
2005-03-16,61569.956823038796,68787.82705337666,67825.4624048722,68787.82705337666
2005-03-17,61721.2487670241,68948.99185466436,67980.45954415384,68948.99185466436
2005-03-18,61385.00680662685,68590.80775507163,67635.38634244939,68590.80775507163
2005-03-21,61502.69713883037,68716.17820443877,67755.89644776206,68716.17820443877
2005-03-22,60746.06803696925,67910.17376270998,66979.78839214593,67910.17376270998
2005-03-23,60964.69118197981,68143.0635967248,67203.62069097898,68143.0635967248
2005-03-24,60981.51645415014,68160.98683556035,67220.69579111908,68160.98683556035
2005-03-28,61099.18043805273,68286.32921721565,67341.12245076007,68286.32921721565
2005-03-29,60611.60512919727,67766.93620993094,66841.15758745428,67766.93620993094
2005-03-30,61754.936951794676,68984.87842906664,68012.28796686721,68984.87842906664
2005-03-31,61485.86810261705,68698.2509559301,67736.0853922718,68698.2509559301
2005-04-01,61863.48104340373,69035.38832409961,68097.67496476963,69035.38832409961
2005-04-04,62307.786765669654,69505.34761156183,68548.33885876228,69505.34761156183
2005-04-05,62478.738033089554,69686.16935614277,68721.72630009592,69686.16935614277
2005-04-06,62376.18181093666,69577.69168711345,68617.38498169204,69577.69168711345
2005-04-07,63128.09498577056,70373.019233372,69380.73083099475,70373.019233372
2005-04-08,62615.42099931482,69830.74419773574,68859.44332314124,69830.74419773574
2005-04-11,62342.02445991893,69541.562140404,68581.54182070536,69541.562140404
2005-04-12,62649.647215959594,69866.94658627323,68893.72867180567,69866.94658627323
2005-04-13,61624.25715849824,68782.35200055022,67851.8925515904,68782.35200055022
2005-04-14,60752.701434266244,67860.47391837116,66967.49979040446,67860.47391837116
2005-04-15,59368.460245974,66396.30866025118,65564.66617306166,66396.30866025118
2005-04-18,59385.53509561469,66414.36938683769,65581.72665979524,66414.36938683769
2005-04-19,59795.68346686289,66848.19912759044,65996.28428943893,66848.19912759044
2005-04-20,59300.08433004784,66323.98481854067,65494.578634023484,66323.98481854067
2005-04-21,60872.29807324631,67986.97589307297,67084.10002861904,67986.97589307297
2005-04-22,59966.56204278757,67028.94398357513,66165.83722351273,67028.94398357513
2005-04-25,60462.165005470786,67553.16233939311,66667.33020385307,67553.16233939311
2005-04-26,59898.235863147616,66956.67274985154,66095.843152897,66956.67274985154
2005-04-27,59983.659847637275,67047.02899077098,66182.10914901631,67047.02899077098
2005-04-28,59385.53509561469,66414.36938683769,65576.39643615606,66414.36938683769
2005-04-29,59778.58566201318,66830.1141203946,65973.7355969363,66830.1141203946
2005-05-02,61017.555547309705,68083.01905914648,67215.44947001078,68083.01905914648
2005-05-03,61330.26339083525,68411.43704503342,67528.68731271586,68411.43704503342
2005-05-04,62077.357264226586,69196.06419861365,68277.74445488454,69196.06419861365
2005-05-05,62129.462272832345,69250.78691291463,68329.84956453479,69250.78691291463
2005-05-06,62303.276584534746,69433.33348905435,68504.18011206009,69433.33348905435
2005-05-09,62598.601830011685,69743.49559182611,68800.03441492135,69743.49559182611
2005-05-10,62146.8487604755,69269.04688103386,68332.13515814349,69269.04688103386
2005-05-11,62459.5760519738,69597.48529194108,68656.03969168974,69597.48529194108
2005-05-12,62285.851200946076,69415.03267089458,68476.1057096956,69415.03267089458
2005-05-13,62963.426350926646,70126.6485470262,69177.89819427698,70126.6485470262
2005-05-16,63380.43756193293,70564.6100016124,69609.8138775466,70564.6100016124
2005-05-17,63762.64857049104,70966.02292493172,70005.68555810934,70966.02292493172
2005-05-18,64631.311721575184,71878.32688020477,70905.39575421246,71878.32688020477
2005-05-19,65169.95055419254,72444.02641154459,71463.28617366687,72444.02641154459
2005-05-20,65430.580616274194,72717.75027815893,71733.23146140376,72717.75027815893
2005-05-23,65760.62827230828,73064.37921211647,72075.07540973196,73064.37921211647
2005-05-24,65969.14943618963,73283.37627942578,72291.04936581975,73283.37627942578
2005-05-25,65691.12899687028,72991.38835968815,72003.09214826251,72991.38835968815
2005-05-26,66351.34877596408,73684.77694773296,72686.90896054274,73684.77694773296
2005-05-27,66386.12175125041,73721.29688397144,72722.92476295694,73721.29688397144
2005-05-31,66160.26077486051,73484.08886859153,72488.99124902098,73484.08886859153
2005-06-01,67698.56080150537,75049.56760387462,74046.66143632674,75049.56760387462
2005-06-02,68174.69246699083,75546.45403529656,74536.74691073023,75546.45403529656
2005-06-03,67187.15866157919,74515.87324420549,73520.2718291555,74515.87324420549
2005-06-06,67204.78995090674,74534.27308834608,73538.41983194718,74534.27308834608
2005-06-07,66640.5255261405,73945.41215611933,72957.61872513859,73945.41215611933
2005-06-08,66499.41204523512,73798.14748326647,72812.36968532998,73798.14748326647
2005-06-09,66922.65773852362,74239.8426222327,73248.01927854288,74239.8426222327
2005-06-10,66217.27588495918,73503.71289717009,72521.96506833348,73503.71289717009
2005-06-13,66534.65093653327,73834.92245164955,72848.64130936007,73834.92245164955
2005-06-14,66270.17370083461,73558.91654957483,72576.41314030068,73558.91654957483
2005-06-15,66481.75706855067,73779.72291922782,72794.19730098508,73779.72291922782
2005-06-16,66834.4302298152,74147.76924183556,73157.20611992484,74147.76924183556
2005-06-17,66843.25771815743,74156.98152385489,73166.2923120973,74156.98152385489
2005-06-20,66843.25771815743,74156.98152385489,73166.2923120973,74156.98152385489
2005-06-21,66807.98724371672,74120.1735956077,73129.98817932956,74120.1735956077
2005-06-22,66737.36733697893,74046.47533945304,73057.29864194995,74046.47533945304
2005-06-23,65996.0557108731,73272.84964897991,72294.26167907442,73272.84964897991
2005-06-24,65254.700657946254,72499.17863869361,71531.18001668462,72499.17863869361
2005-06-27,64954.64896005985,72186.04756967965,71222.33481825763,72186.04756967965
2005-06-28,65572.44286355248,72830.77135159339,71858.23417178636,72830.77135159339
2005-06-29,65431.21489375536,72683.38719923313,71712.86728780378,72683.38719923313
2005-06-30,64919.35085036942,72149.21080155137,71186.00224034445,72149.21080155137
2005-07-01,65830.84317109811,73056.97807505309,72095.02945367125,73056.97807505309
2005-07-05,66511.89303182745,73763.12739917764,72791.59854341001,73763.12739917764
2005-07-06,66189.27928386162,73428.62401959338,72461.63332688811,73428.62401959338
2005-07-07,66422.24090936378,73670.17123057018,72699.9034988346,73670.17123057018
2005-07-08,67694.80075390651,74989.6300924655,74001.46143704775,74989.6300924655
2005-07-11,68322.13310251758,75640.08219519227,74643.08894221709,75640.08219519227
2005-07-12,68644.70275401825,75974.53985317689,74973.00905743823,75974.53985317689
2005-07-13,68806.02365869461,76141.80609075073,75138.00601611307,76141.80609075073
2005-07-14,69487.10558958045,76847.98866694776,75834.60790679784,76847.98866694776
2005-07-15,69702.16805899247,77070.97706497373,76054.5710507516,77070.97706497373
2005-07-18,69415.37266705475,76773.61209383642,75761.2403908064,76773.61209383642
2005-07-19,70221.90503258455,77609.86846454257,76586.15138205205,77609.86846454257
2005-07-20,70723.75487639515,78130.21352068774,77099.4369857145,78130.21352068774
2005-07-21,70741.67407633312,78148.79311618386,77117.76451429848,78148.79311618386
2005-07-22,70652.10212926067,78055.9200777576,77026.1514720881,78055.9200777576
2005-07-25,70383.23395480005,77777.14301513453,76751.15654096338,77777.14301513453
2005-07-26,70652.10212926067,78055.9200777576,77026.1514720881,78055.9200777576
2005-07-27,71189.75830279072,78613.39107282256,77576.05933197252,78613.39107282256
2005-07-28,71530.28724192495,78966.46989139389,77924.34797696015,78966.46989139389
2005-07-29,70938.83338088541,78353.21854474997,77319.41653014129,78353.21854474997
2005-08-01,72064.01597565888,79483.14564531537,78447.57848563195,79483.14564531537
2005-08-02,72845.51918802065,80288.71436307541,79242.30640888226,80288.71436307541
2005-08-03,72809.16036937683,80251.23591583312,79205.3323210275,80251.23591583312
2005-08-04,72100.33414267184,79520.5821891059,78484.51123394305,79520.5821891059
2005-08-05,71755.02292946957,79164.63750858838,78133.35661422762,79164.63750858838
2005-08-08,71227.9664050052,78621.35087600154,77597.38116269078,78621.35087600154
2005-08-09,71700.53348346087,79108.47012186705,78077.94508989788,79108.47012186705
2005-08-10,71082.52300010373,78471.42870634205,77449.47654336301,78471.42870634205
2005-08-11,71664.1584041647,79070.97491324406,78040.95446622565,79070.97491324406
2005-08-12,71264.27644169198,78658.77903910172,77634.30564309315,78658.77903910172
2005-08-15,71700.53348346087,79108.47012186705,78077.94508989788,79108.47012186705
2005-08-16,70537.31145729596,77909.4279922051,76895.038851625,77909.4279922051
2005-08-17,70955.3077864812,78340.29604444579,77320.10857541501,78340.29604444579
2005-08-18,70591.84155493553,77965.63728237819,76950.4917154984,77965.63728237819
2005-08-19,70555.45021498701,77928.1253123745,76913.4845560087,77928.1253123745
2005-08-22,70591.84155493553,77965.63728237819,76950.4917154984,77965.63728237819
2005-08-23,70391.87618272065,77759.51420323596,76747.14250020594,77759.51420323596
2005-08-24,69973.8554625569,77328.62100892422,76322.04797268972,77328.62100892422
2005-08-25,70137.42136449707,77497.2237373724,76488.38176058375,77497.2237373724
2005-08-26,69901.17847690011,77253.7060178914,76248.14113652386,77253.7060178914
2005-08-29,70446.43067133873,77815.7486354801,76802.62016780555,77815.7486354801
2005-08-30,70191.97585311516,77553.45816961654,76543.85942818335,77553.45816961654
2005-08-31,70846.22320022354,78227.85232202859,77209.178043942,78227.85232202859
2005-09-01,71736.94439817914,79115.33760256974,78098.17504926631,79115.33760256974
2005-09-02,71460.4653895751,78832.00454694455,77818.62378679465,78832.00454694455
2005-09-06,72511.05593944715,79908.63973964553,78880.88857152613,79908.63973964553
2005-09-07,72640.08552329674,80040.86802866732,79011.35194103642,80040.86802866732
2005-09-08,72621.64094670581,80021.96620219012,78992.7024070346,80021.96620219012
2005-09-09,73027.16602961683,80437.5444461008,79402.73371271706,80437.5444461008
2005-09-12,73229.88322231451,80645.2870950809,79607.70351288194,80645.2870950809
2005-09-13,73045.60236097907,80456.43782294614,79421.37490986864,80456.43782294614
2005-09-14,72216.13235425217,79606.40485754315,78582.68777505263,79606.40485754315
2005-09-15,72179.28442721377,79568.64345274806,78545.43039130021,79568.64345274806
2005-09-16,72621.64094670581,80021.96620219012,78992.7024070346,80021.96620219012
2005-09-19,72050.25484336418,79436.41516372627,78414.96702178991,79436.41516372627
2005-09-20,71755.33125816922,79134.18028162389,78116.76622531642,79134.18028162389
2005-09-21,70962.76689508157,78321.96786843904,77315.39483220453,78321.96786843904
2005-09-22,71220.81781755206,78586.41599685074,77576.31323437489,78586.41599685074
2005-09-23,71423.53501024976,78794.15864583083,77781.28303453977,78794.15864583083
2005-09-26,71442.02081298416,78813.10272046736,77799.97425279282,78813.10272046736
2005-09-27,71276.13505686748,78643.10457701862,77632.24516267986,78643.10457701862
2005-09-28,71294.56314300103,78661.98950423209,77650.8780229812,78661.98950423209
2005-09-29,72252.98852651926,79644.1747119701,78619.95349565528,79644.1747119701
2005-09-30,72732.23419919316,80135.30111436655,79104.52457939331,80135.30111436655
2005-10-03,73916.25637664509,81324.01268864443,80290.71492064165,81324.01268864443
2005-10-04,73430.46522792183,80828.9695081023,79802.22672041309,80828.9695081023
2005-10-05,72421.50473641306,79800.79307452468,78787.66460685016,79800.79307452468
2005-10-06,71468.57810290814,78829.71767985479,77829.4474442401,78829.71767985479
2005-10-07,71636.71311000914,79001.05486641018,77998.51591580456,79001.05486641018
2005-10-10,71244.35908816905,78601.22834964328,77603.98359366403,78601.22834964328
2005-10-11,70889.32475248456,78239.4322831632,77246.97815189413,78239.4322831632
2005-10-12,70048.54105943868,77382.63562343134,76400.64808242019,77382.63562343134
2005-10-13,70590.39949925528,77934.81391271346,76922.55832249376,77934.81391271346
2005-10-14,71113.56884204077,78467.94716574892,77426.96953838902,78467.94716574892
2005-10-17,71337.78785677986,78696.43649596044,77643.1782490464,78696.43649596044
2005-10-18,70833.29089448073,78182.33124425549,77155.50622860581,78182.33124425549
2005-10-19,72253.34465449494,79629.43033559508,78525.83706806006,79629.43033559508
2005-10-20,71580.73775991194,78944.01344970897,77874.72847217822,78944.01344970897
2005-10-21,72029.09220666635,79400.90693555129,78307.77198445098,79400.90693555129
2005-10-24,73168.8763773929,80562.39862285553,79409.94759542069,80562.39862285553
2005-10-25,72888.6485794671,80276.83380611052,79138.09727044545,80276.83380611052
2005-10-26,72514.93350502387,79896.00122084185,78775.80380044796,79896.00122084185
2005-10-27,71057.50155094743,78410.81205700894,77364.58220405738,78410.81205700894
2005-10-28,71599.36834903642,78962.99886374913,77887.60513733602,78962.99886374913
2005-10-31,72627.0430123934,80010.24588594762,78880.75926029093,80010.24588594762
2005-11-01,73570.69252781782,80952.94786610757,79825.9473230843,80952.94786610757
2005-11-02,74536.6953404689,81931.84795329729,80752.68830532966,81931.84795329729
2005-11-03,75654.26206587645,83064.33550987019,81870.30098176394,83064.33550987019
2005-11-04,75919.47137461268,83333.08567503063,82135.5211951198,83333.08567503063
2005-11-07,76014.14480208672,83429.02310419251,82230.19851528418,83429.02310419251
2005-11-08,76033.11677059243,83448.24837080787,82249.17126386093,83448.24837080787
2005-11-09,76070.99292031131,83486.6302117059,82287.04897093466,83486.6302117059
2005-11-10,76904.4376823579,84331.20244229412,83120.52800175613,84331.20244229412
2005-11-11,77112.80734628112,84542.35408648277,83328.90623322148,84542.35408648277
2005-11-14,77112.80734628112,84542.35408648277,83328.90623322148,84542.35408648277
2005-11-15,76752.9076632477,84177.64931907727,82968.9917521813,84177.64931907727
2005-11-16,77226.46968908401,84657.53395534318,83442.57324948255,84657.53395534318
2005-11-17,78249.37146042909,85694.0926692958,84465.51707951243,85694.0926692958
2005-11-18,78514.53840210747,85962.7999017483,84730.69492406842,85962.7999017483
2005-11-21,78703.95304434812,86154.74345240476,84920.11735447696,86154.74345240476
2005-11-22,78988.08348112064,86442.66736493104,85204.25947384973,86442.66736493104
2005-11-23,79177.48964994971,86634.6023290459,85393.67343049828,86634.6023290459
2005-11-25,79347.95774391935,86807.34637271176,85564.14853360999,86807.34637271176
2005-11-28,78684.99802266553,86135.53535887257,84901.16155342014,86135.53535887257
2005-11-29,78306.16873818425,85751.64825755966,84522.31669260308,85751.64825755966
2005-11-30,78116.76256935518,85559.71329344479,84332.90273595451,85559.71329344479
2005-12-01,80574.93167902873,88037.47464516688,86791.25177755611,88037.47464516688
2005-12-02,80766.76882829615,88230.88921251263,86982.14466074586,88230.88921251263
2005-12-05,80172.19292565815,87631.42429447097,86390.49539592335,87631.42429447097
2005-12-06,80440.72546726429,87902.16489685871,86657.70615928812,87902.16489685871
2005-12-07,80287.29178327354,87747.46957471353,86505.02771078495,87747.46957471353
2005-12-08,79711.89187368589,87167.33832803543,85932.46005041385,87167.33832803543
2005-12-09,80018.72492221674,87476.69437067682,86237.78279689768,87476.69437067682
2005-12-12,80306.40771728524,87766.74269319138,86524.04955182197,87766.74269319138
2005-12-13,80632.52829708107,88095.54486255549,86848.56489195536,88095.54486255549
2005-12-14,80364.03865478824,87824.84751222897,86581.39681674373,87824.84751222897
2005-12-15,80498.24486655266,87960.15726053713,86714.94243501172,87960.15726053713
2005-12-16,79942.59580081374,87399.93926284289,86162.02840034405,87399.93926284289
2005-12-19,78673.68559222859,86120.59519454677,84899.36405639017,86120.59519454677
2005-12-20,78731.38516863287,86178.7692168823,84956.77962235695,86178.7692168823
2005-12-21,79077.419609668,86527.64899306287,85301.11080317566,86527.64899306287
2005-12-22,79596.56135977863,87051.0594866623,85817.69721952533,87051.0594866623
2005-12-23,79596.56135977863,87051.0594866623,85817.69721952533,87051.0594866623
2005-12-27,78904.38951935644,86353.19612935423,85128.93240632037,86353.19612935423
2005-12-28,78808.25215822483,86256.26826016915,85033.2682551445,86256.26826016915
2005-12-29,78289.1790470155,85732.92696986767,84516.75013983986,85732.92696986767
2005-12-30,77693.16172745024,85132.00878256916,83923.666553072,85132.00878256916
2006-01-03,80423.22277957741,87876.4180265252,86645.3303390232,87876.4180265252
2006-01-04,81260.3499271512,88716.18068915958,87474.22581624964,88716.18068915958
2006-01-05,81610.73988718273,89067.67377673801,87821.17030846621,89067.67377673801
2006-01-06,83090.3601223123,90551.95227844623,89286.24108590568,90551.95227844623
2006-01-09,83421.32403412706,90883.9581590666,89613.95055085796,90883.9581590666
2006-01-10,83479.72380877515,90942.54179286447,89671.77606663192,90942.54179286447
2006-01-11,84122.16476918901,91587.00534068531,90307.89975228164,91587.00534068531
2006-01-12,83713.33159522447,91176.88504326483,89903.086732155,91176.88504326483
2006-01-13,83674.37524450713,91137.80604684268,89864.51344849977,91137.80604684268
2006-01-17,83129.27303374471,90590.9876988242,89324.7713574248,90590.9876988242
2006-01-18,82175.38977615969,89634.10134463826,88380.26786078654,89634.10134463826
2006-01-19,82778.89176157016,90239.50332645461,88977.83546763546,90239.50332645461
2006-01-20,80306.3884788533,87759.2158980941,86529.6448977664,87759.2158980941
2006-01-23,80325.85796635499,87778.74668109634,86548.92293716679,87778.74668109634
2006-01-24,80676.31742924241,88130.30949034546,86895.93624880111,88130.30949034546
2006-01-25,80325.85796635499,87778.74668109634,86548.92293716679,87778.74668109634
2006-01-26,80890.43835247608,88345.1045273259,87107.95167006936,88345.1045273259
2006-01-27,81980.66883757182,89438.76736898937,88187.46165950093,89438.76736898937
2006-01-30,82136.3986740144,89594.98748738076,88341.66016742244,89594.98748738076
2006-01-31,81766.49578719625,89223.92004075591,87975.39462366937,89223.92004075591
2006-02-01,83058.22081398065,90516.68440935561,89264.36806380465,90516.68440935561
2006-02-02,81639.47177449898,89100.35300699818,87866.23250905567,89100.35300699818
2006-02-03,80634.47507364175,88097.06888339465,86875.83774523807,88097.06888339465
2006-02-06,80417.71918333646,87880.6823586873,86662.23117458775,87880.6823586873
2006-02-07,80063.02532819168,87526.59292406235,86312.69078645113,87526.59292406235
2006-02-08,80989.14254768909,88451.1319818772,87225.35213557714,88451.1319818772
2006-02-09,80220.63479802581,87683.93381749939,86468.0102949815,87683.93381749939
2006-02-10,80713.29299910754,88175.75249818437,86953.51049840203,88175.75249818437
2006-02-13,79787.12301741524,87251.16076808471,86040.7971536809,87251.16076808471
2006-02-14,80595.08809515672,88057.74902278512,86837.02303348738,88057.74902278512
2006-02-15,81107.41780123308,88569.20568698953,87341.90892795194,88569.20568698953
2006-02-16,81856.20128370682,89316.71319556312,88079.81308190842,89316.71319556312
2006-02-17,81205.90723169352,88667.52728529868,87438.96737215995,88667.52728529868
2006-02-21,80299.44392979245,87762.60865357498,86545.67438221295,87762.60865357498
2006-02-22,81304.44942434883,88765.90155589265,87536.07781196308,88765.90155589265
2006-02-23,81087.6847403444,88549.50625247117,87322.46257538027,88549.50625247117
2006-02-24,81304.44942434883,88765.90155589265,87536.07781196308,88765.90155589265
2006-02-27,82210.8775514533,89670.7850727598,88429.33613818002,89670.7850727598
2006-02-28,80989.14254768909,88451.1319818772,87225.35213557714,88451.1319818772
2006-03-01,83092.39911857294,90552.62798748678,89312.69472504672,90552.62798748678
2006-03-02,83152.23020314083,90612.07040723653,89371.37902677257,90612.07040723653
2006-03-03,82673.53702266693,90136.48683440675,88901.86096204218,90136.48683440675
2006-03-06,81955.48390077686,89423.09821071259,88197.57076966952,89423.09821071259
2006-03-07,81476.79962108913,88947.52348084917,87728.06143512386,88947.52348084917
2006-03-08,81516.69294465848,88987.15765599323,87767.19012306424,88987.15765599323
2006-03-09,80818.61318691158,88293.61264877013,87082.49046521593,88293.61264877013
2006-03-10,80898.38203247798,88372.86331312558,87160.73038072724,88372.86331312558
2006-03-13,81137.69746996337,88610.62414915826,87395.4588574459,88610.62414915826
2006-03-14,82513.94592681716,89977.93244789781,88745.3287499112,89977.93244789781
2006-03-15,83212.01678377792,90671.46861215458,89430.01967757479,90671.46861215458
2006-03-16,82513.94592681716,89977.93244789781,88745.3287499112,89977.93244789781
2006-03-17,82731.49004135505,90194.0633882584,88958.70319479091,90194.0633882584
2006-03-20,82931.15247649739,90392.42880923823,89154.53869855677,90392.42880923823
2006-03-21,82052.87630294017,89519.85794842486,88293.09645093762,89519.85794842486
2006-03-22,82252.49423415172,89718.179154573,88488.88830377985,89718.179154573
2006-03-23,82012.97407858465,89480.21493031445,88253.95903281252,89480.21493031445
2006-03-24,82432.11209886162,89896.63021535106,88665.06343154355,89896.63021535106
2006-03-27,82452.06766143246,89916.45614588943,88684.63650569847,89916.45614588943
2006-03-28,82112.76969301119,89579.362268939,88351.84186395655,89579.362268939
2006-03-29,83669.59729948016,91126.07666882154,89878.82974413592,91126.07666882154
2006-03-30,83929.06411683191,91383.85798065212,90133.32335907346,91383.85798065212
2006-03-31,83689.56176283715,91145.91144232625,89898.41154847556,91145.91144232625
2006-04-03,84789.0574672367,92244.8788349346,90996.11443360339,92244.8788349346
2006-04-04,85253.59258576261,92704.24106740697,91449.65995422164,92704.24106740697
2006-04-05,86061.51890920952,93503.17063120281,92238.4730070468,93503.17063120281
2006-04-06,86303.87879227875,93742.83168697337,92475.09933508938,93742.83168697337
2006-04-07,85475.74980725445,92923.92443074058,91666.56155899235,92923.92443074058
2006-04-10,85354.61490063196,92804.1384362758,91548.29236448348,92804.1384362758
2006-04-11,84667.86851871967,92125.03940036523,90877.79247567961,92125.03940036523
2006-04-12,84688.07118029705,92145.01709280217,90897.5171989515,92145.01709280217
2006-04-13,85031.43536427077,92484.55770407336,91232.75834945095,92484.55770407336
2006-04-17,84142.77045037372,91605.78862400253,90365.11675475817,91605.78862400253
2006-04-18,85758.51501347845,93203.54087138502,91942.63733357868,93203.54087138502
2006-04-19,86142.30253457179,93583.05468089829,92317.34551842684,93583.05468089829
2006-04-20,85839.3346667704,93283.4605478169,92021.54502056864,93283.4605478169
2006-04-21,84829.48080435631,92284.85203317669,91035.5814679521,92284.85203317669
2006-04-24,84748.6431370995,92204.91454337661,90956.65619315716,92204.91454337661
2006-04-25,84566.88223178001,92025.1776582328,90779.19524102772,92025.1776582328
2006-04-26,84546.72460511475,92005.24449921635,90759.51448726827,92005.24449921635
2006-04-27,85354.61490063196,92804.1384362758,91548.29236448348,92804.1384362758
2006-04-28,84526.50392957251,91985.24899341121,90739.77217619143,91985.24899341121
2006-05-01,84698.0660275388,92166.15288447813,90931.04566017573,92166.15288447813
2006-05-02,84922.9678585778,92387.5180384865,91149.62792780504,92387.5180384865
2006-05-03,84800.27673202801,92266.75628212959,91030.38432478343,92266.75628212959
2006-05-04,85495.1983248915,92950.74993712694,91705.77917101892,92950.74993712694
2006-05-05,86169.69418306976,93614.63906081191,92361.32222954389,93614.63906081191
2006-05-08,86251.44269462352,93695.1020422223,92440.77367263881,93695.1020422223
2006-05-09,85924.47599209617,93373.27703027733,92122.99447561082,93373.27703027733
2006-05-10,85168.22250780162,92628.91595394979,91387.99111554035,92628.91595394979
2006-05-11,83267.38048700387,90757.96548309087,89539.35349379193,90757.96548309087
2006-05-12,82143.29060168639,89651.55238972927,88500.72607698831,89651.55238972927
2006-05-15,82081.93136656766,89591.15805470255,88443.72607419097,89591.15805470255
2006-05-16,81468.77651438302,88987.64532357993,87878.24851653687,88987.64532357993
2006-05-17,80365.10324918822,87901.32779029853,86861.9920019381,87901.32779029853
2006-05-18,79813.25294474699,87358.15556680955,86354.7749251938,87358.15556680955
2006-05-19,80426.43514061927,87961.69521162871,86916.68914496583,87961.69521162871
2006-05-22,79649.77415076458,87197.24754645317,86202.90996070253,87197.24754645317
2006-05-23,78873.07670265967,86432.7639963489,85490.29403423601,86432.7639963489
2006-05-24,79404.44658504034,86955.77786113243,85976.15124262325,86955.77786113243
2006-05-25,80446.85176074196,87981.79077170891,86930.9462553429,87981.79077170891
2006-05-26,80712.54125921358,88243.30218971676,87174.53629093445,88243.30218971676
2006-05-30,78975.23271977356,86533.31356660729,85577.27284954104,86533.31356660729
2006-05-31,79343.13292273438,86895.4283822666,85913.65614983943,86895.4283822666
2006-06-01,82223.24018425733,89746.0854045648,88636.22653779466,89746.0854045648
2006-06-02,82016.33966164694,89543.40515106128,88446.64378912249,89543.40515106128
2006-06-05,80236.97117766144,87800.33147072331,86820.54738889124,87800.33147072331
2006-06-06,80174.8844127379,87739.51112529763,86763.54471434063,87739.51112529763
2006-06-07,79574.8322994912,87151.69862055506,86217.0521665909,87151.69862055506
2006-06-08,79450.69567662284,87030.09408386954,86103.74933766939,87030.09408386954
2006-06-09,78933.49973056493,86523.44768135947,85633.4407739955,86523.44768135947
2006-06-12,77381.6950638913,85003.29606810513,84225.11547380345,85003.29606810513
2006-06-13,77071.35812009271,84699.28924566205,83944.15655102652,84699.28924566205
2006-06-14,77857.55980717391,85469.4543241842,84653.43056659085,85469.4543241842
2006-06-15,79967.95620989348,87536.80375616977,86562.41122781142,87536.80375616977
2006-06-16,79379.96345193808,86960.80462510402,86026.96514004562,86960.80462510402
2006-06-19,78738.12341205463,86332.05656612861,85443.33606563168,86332.05656612861
2006-06-20,78841.67516755125,86433.49611683632,85536.74823399859,86433.49611683632
2006-06-21,80083.91793697908,87650.40014512946,86663.36284966572,87650.40014512946
2006-06-22,79069.39122615027,86656.56731985393,85739.49852383367,86656.56731985393
2006-06-23,78986.63655315292,86575.5006415774,85663.84846386233,86575.5006415774
2006-06-26,79193.63856995474,86778.28031903687,85851.24669492274,86778.28031903687
2006-06-27,77702.928793152,85317.97740800219,84496.78555716059,85317.97740800219
2006-06-28,78282.62670764385,85885.85089030323,85020.80634409105,85885.85089030323
2006-06-29,80663.6343049603,88218.29170451341,87178.12369003159,88218.29170451341
2006-06-30,80270.21513872838,87832.89733557227,86818.9549577754,87832.89733557227
2006-07-03,81746.13520165403,89299.22362948101,88252.00381169228,89299.22362948101
2006-07-05,79964.54904625106,87562.24813743628,86638.01483442044,87562.24813743628
2006-07-06,79880.67639992035,87480.47565021328,86561.84331705235,87480.47565021328
2006-07-07,79000.31719525055,86622.16051452927,85767.53444863125,86622.16051452927
2006-07-10,78308.62707517676,85947.79021645861,85144.7339394349,85947.79021645861
2006-07-11,78895.53009796378,86519.9972712207,85671.19018833537,86519.9972712207
2006-07-12,77407.320726126,85069.05244990284,84332.12460204678,85069.05244990284
2006-07-13,76107.7524159486,83802.02514495302,83167.44437997439,83802.02514495302
2006-07-14,75332.19899052265,83045.89146674113,82474.79655290402,83045.89146674113
2006-07-17,75520.85873414013,83229.82719727271,82642.14054161918,83229.82719727271
2006-07-18,75772.35991090047,83475.03082041959,82865.56903504868,83475.03082041959
2006-07-19,76757.53423579267,84435.5365206575,83743.23940611098,84435.5365206575
2006-07-20,75625.67852485178,83332.02231536749,82730.5108916188,83332.02231536749
2006-07-21,74829.16394357706,82555.45234566118,82020.08466130844,82555.45234566118
2006-07-24,76317.33595150067,84006.36073865194,83342.31888680729,84006.36073865194
2006-07-25,76757.53423579267,84435.5365206575,83734.94400178305,84435.5365206575
2006-07-26,76694.64609775708,84374.22309263333,83678.11998879173,84374.22309263333
2006-07-27,76191.60170983296,83883.7748644716,83227.67073578456,83883.7748644716
2006-07-28,77784.62153140387,85436.90569680245,84649.59549368602,85436.90569680245
2006-07-31,77763.65103457656,85416.46029822626,84630.22228041073,85416.46029822626
2006-08-01,77463.83418975415,85149.30313621,84463.45403192585,85149.30313621
2006-08-02,78334.42551462215,85993.88218480186,85235.53109403847,85993.88218480186
2006-08-03,78822.7878955573,86467.65285454842,85669.54090339511,86467.65285454842
2006-08-04,78461.83200823194,86117.48191763138,85347.2861770447,86117.48191763138
2006-08-07,77952.19657068931,85623.07380595656,84892.98929548515,85623.07380595656
2006-08-08,77463.83418975415,85149.30313621,84458.26720308347,85149.30313621
2006-08-09,77569.96762675646,85252.26542711128,84551.88154357146,85252.26542711128
2006-08-10,78122.09239889322,85787.89334050217,85041.5556937171,85787.89334050217
2006-08-11,77569.96762675646,85252.26542711128,84549.87043624737,85252.26542711128
2006-08-14,78079.6030642991,85746.67353878608,85001.84231527954,85746.67353878608
2006-08-15,80054.44866499233,87662.51300433808,86756.17120730245,87662.51300433808
2006-08-16,81944.30613339387,89495.90368610118,88567.03849806293,89495.90368610118
2006-08-17,82241.58952900062,89784.30459276284,88851.89637025254,89784.30459276284
2006-08-18,82368.9818279552,89907.89055505727,88973.96406643004,89907.89055505727
2006-08-21,81583.32658830982,89145.7097982923,88221.14677778458,89145.7097982923
2006-08-22,81604.5996449173,89166.34724022054,88241.53068663966,89166.34724022054
2006-08-23,80988.70301847547,88568.8529028286,87651.3766279547,88568.8529028286
2006-08-24,81222.31865391535,88795.48836941324,87875.22785478088,88795.48836941324
2006-08-25,81370.96508327046,88939.69341292244,88017.66132466325,88939.69341292244
2006-08-28,81986.79546798799,89537.12348781727,88607.7519103224,89537.12348781727
2006-08-29,82241.58952900062,89784.30459276284,88851.89637025254,89784.30459276284
2006-08-30,82623.73803655394,90155.03493857593,89218.07225605972,90155.03493857593
2006-08-31,82538.83507219348,90072.66877799759,89136.71797214168,90072.66877799759
2006-09-01,83984.47445023184,91505.10396250899,90563.83843577256,91505.10396250899
2006-09-05,84801.1523729423,92293.78244456068,91342.89957828674,92293.78244456068
2006-09-06,83103.37135236747,90654.2090938827,89723.31958861576,90654.2090938827
2006-09-07,82716.53298833949,90280.633311733,89354.29928150654,90280.633311733
2006-09-08,83210.82645348634,90757.98014447984,89825.82522947945,90757.98014447984
2006-09-11,83726.60136175349,91256.07193858933,90317.84316964998,91256.07193858933
2006-09-12,85273.92608655491,92750.34732091786,91793.89699016156,92750.34732091786
2006-09-13,85854.13574707945,93310.6647503587,92347.38177094981,93310.6647503587
2006-09-14,85940.13813638849,93393.71858586336,92429.42282754123,93393.71858586336
2006-09-15,86247.63019803056,93690.6684184411,92722.75158076851,93690.6684184411
2006-09-18,86269.13079535782,93711.43187731726,92743.26184491637,93711.43187731726
2006-09-19,85688.54762779732,93150.75374636365,92189.42076109839,93150.75374636365
2006-09-20,86935.67804381342,94355.12684874858,93379.10744142531,94355.12684874858
2006-09-21,86398.13437932139,93836.01263057425,92866.32342980351,93836.01263057425
2006-09-22,85731.55839955533,93192.28991287271,92230.45042536921,93192.28991287271
2006-09-25,87236.70556060207,94645.83377052836,93666.26941144554,94645.83377052836
2006-09-26,87666.78454687173,95061.16768934882,94076.53864622854,95061.16768934882
2006-09-27,87559.2911373389,94957.35964372473,93973.99646146437,94957.35964372473
2006-09-28,87795.74982242136,95185.71144757885,94199.5636872152,95185.71144757885
2006-09-29,87408.71991632367,94811.95069029441,93830.36066060352,94811.95069029441
2006-10-02,87311.82250288187,94752.76960029665,93784.09329122078,94752.76960029665
2006-10-03,87681.56613617565,95108.28848842964,94135.30786897254,95108.28848842964
2006-10-04,89835.05032429149,97178.92401865011,96180.8739632053,97178.92401865011
2006-10-05,90270.12033828223,97597.25605659786,96594.14120433397,97597.25605659786
2006-10-06,90074.2768285997,97408.94702152364,96408.11204963067,97408.94702152364
2006-10-09,90378.78127345904,97701.73659765118,96697.35678678029,97701.73659765118
2006-10-10,90531.0383399033,97848.13604337102,96841.98375662036,97848.13604337102
2006-10-11,90357.0607120587,97680.85166781509,96676.72471332767,97680.85166781509
2006-10-12,91792.70069075396,99061.2598291085,98040.4201052653,99061.2598291085
2006-10-13,92292.9614530333,99542.27460250095,98515.61117434343,99542.27460250095
2006-10-16,92379.97933104311,99625.94473621536,98598.26830358138,99625.94473621536
2006-10-17,91357.65974085072,98642.95573709719,97627.1804717282,98642.95573709719
2006-10-18,90922.61879094748,98224.65164508588,97213.94083819113,98224.65164508588
2006-10-19,91140.11504582618,98433.78040281116,97420.53764863334,98433.78040281116
2006-10-20,91357.65974085072,98642.95573709719,97627.1804717282,98642.95573709719
2006-10-23,92292.9614530333,99542.27460250095,98515.61117434343,99542.27460250095
2006-10-24,91662.13512162256,98935.7173672883,97916.39760128624,98935.7173672883
2006-10-25,92292.9614530333,99542.27460250095,98515.61117434343,99542.27460250095
2006-10-26,93141.27435129357,100357.95128012676,99321.4123553123,100357.95128012676
2006-10-27,91814.43094018349,99082.15407425673,98061.06138124844,99082.15407425673
2006-10-30,92401.69989244347,99646.82966605145,98618.900377034,99646.82966605145
2006-10-31,92619.24458746803,99856.00500033748,98825.54320012887,99856.00500033748
2006-11-01,92357.35983082373,99642.77579108099,98627.000525712,99642.77579108099
2006-11-02,92445.33971400664,99727.0266303939,98710.23824776684,99727.0266303939
2006-11-03,92203.39748376426,99495.33916701343,98481.33682865067,99495.33916701343
2006-11-06,93544.80912358359,100779.89482258222,99750.44568850525,100779.89482258222
2006-11-07,94182.50902049133,101390.56568960914,100353.77323172154,101390.56568960914
2006-11-08,94622.32029002394,101811.73547589274,100769.87844674928,101811.73547589274
2006-11-09,94182.50902049133,101390.56568960914,100353.77323172154,101390.56568960914
2006-11-10,94622.32029002394,101811.73547589274,100769.87844674928,101811.73547589274
2006-11-13,95589.8345658902,102738.24147749186,101685.24320361318,102738.24147749186
2006-11-14,96601.40244462372,103706.93386172813,102642.28705140467,103706.93386172813
2006-11-15,96997.27763979827,104086.02981241586,103016.82436916669,104086.02981241586
2006-11-16,97415.02293172752,104486.06889170044,103412.05297417667,104486.06889170044
2006-11-17,97415.02293172752,104486.06889170044,103412.05297417667,104486.06889170044
2006-11-20,97612.91155910263,104675.56997244377,103599.27530236523,104675.56997244377
2006-11-21,97744.84710472847,104801.91340519277,103724.09945396276,104801.91340519277
2006-11-22,98360.57896445718,105391.54735442175,104306.64304854619,105391.54735442175
2006-11-24,98184.6877563884,105223.11132823667,104140.23246740596,105223.11132823667
2006-11-27,95963.70254771598,103096.26299470122,102038.95950818837,103096.26299470122
2006-11-28,96249.58085231643,103370.02429367756,102309.42882457025,103370.02429367756
2006-11-29,96909.25858044563,104001.74145742253,102933.5495825579,104001.74145742253
2006-11-30,96843.30549869637,103938.5838094282,102871.15140596687,103938.5838094282
2006-12-01,97007.3778882168,104138.19439996133,103080.38452399186,104138.19439996133
2006-12-04,98340.49120204836,105409.89044698444,104336.88753393712,105409.89044698444
2006-12-05,98695.99600255674,105749.01694494496,104671.96246511825,105749.01694494496
2006-12-06,98340.49120204836,105409.89044698444,104336.88753393712,105409.89044698444
2006-12-07,97096.26398436885,104222.98546456108,103164.16258411515,104222.98546456108
2006-12-08,97540.5856088546,104646.83694635401,103582.95028412355,104646.83694635401
2006-12-11,97896.11020141288,104985.98232453378,103918.0438699607,104985.98232453378
2006-12-12,97318.39016052437,104434.87816507388,103373.52378847134,104434.87816507388
2006-12-13,97496.17224885343,104604.469734383,103541.08923604593,104604.469734383
2006-12-14,98584.90322640412,105643.0422743597,104567.25388095615,105643.0422743597
2006-12-15,98838.51855396866,105884.97340368084,104806.29464301802,105884.97340368084
2006-12-18,97859.70272560089,104951.2521612447,103883.72863023753,104951.2521612447
2006-12-19,97548.21544409543,104654.11527087043,103590.1416540139,104654.11527087043
2006-12-20,97192.31480258882,104314.61116852514,103254.69362971264,104314.61116852514
2006-12-21,96502.68061547636,103656.74880938158,102604.69079583693,103656.74880938158
2006-12-22,95501.58883493331,102701.77788019262,101661.1289677216,102701.77788019262
2006-12-26,95902.04138079046,103083.78135604359,102038.56862269253,103083.78135604359
2006-12-27,96391.44929497434,103550.64197726165,102499.85162908278,103550.64197726165
2006-12-28,95924.28764489086,103105.00272246757,102059.53645604337,103105.00272246757
2006-12-29,96013.29249334238,103189.90706838276,102143.42644410269,103189.90706838276
2007-01-03,97190.94290406871,104359.47917353922,103310.97051023712,104359.47917353922
2007-01-04,99034.0951110898,106111.00635077892,105041.70797547801,106111.00635077892
2007-01-05,98562.01833200114,105662.39700361385,104598.42338675732,105662.39700361385
2007-01-08,98629.48072643724,105726.50577165069,104661.77121722983,105726.50577165069
2007-01-09,99123.93498273769,106196.3801881601,105126.06847003789,106196.3801881601
2007-01-10,100292.79320819858,107307.13324503528,106223.63746876411,107307.13324503528
2007-01-11,101326.74664253279,108289.6877694734,107194.52958461866,108289.6877694734
2007-01-12,101843.69836251801,108780.94127714672,107679.95216995424,108780.94127714672
2007-01-16,101776.29596131842,108716.88952001967,107616.6606737018,108716.88952001967
2007-01-17,100944.59972494675,107926.53777605419,106835.68999178795,107926.53777605419
2007-01-18,99079.01004747736,106153.68851856036,105083.88352823962,106153.68851856036
2007-01-19,99281.3472364219,106345.96731357936,105273.88007447375,106345.96731357936
2007-01-22,98202.41887246363,105320.67361045002,104260.75607163753,105320.67361045002
2007-01-23,97955.14674938604,105085.69364401298,104028.56519456844,105085.69364401298
2007-01-24,99573.55429363257,106623.64845143443,105548.26528237779,106623.64845143443
2007-01-25,98292.34873396625,105406.13296419586,104345.20106752751,105406.13296419586
2007-01-26,97932.68928119224,105064.35256012226,104007.47741818764,105064.35256012226
2007-01-29,98022.58914607663,105149.78340841322,104091.89424696758,105149.78340841322
2007-01-30,98067.5240802097,105192.48457983126,104134.08857780254,105192.48457983126
2007-01-31,99056.58257590183,106132.37594012452,105062.82391896886,106132.37594012452
2007-02-01,99898.88041106338,106982.61837050736,105914.84175755348,106982.61837050736
2007-02-02,100262.1451005801,107326.55140914266,106254.7183797999,107326.55140914266
2007-02-05,100171.3466031031,107240.58488379077,106169.7657611774,107240.58488379077
2007-02-06,100035.1589568317,107111.64465822405,106042.34628292316,107111.64465822405
2007-02-07,100943.28533081917,107971.44378619843,106892.00476466099,107971.44378619843
2007-02-08,100920.56045658966,107949.92824870769,106870.74298580663,107949.92824870769
2007-02-09,99626.45461880007,106724.69010706838,105659.95555264753,106724.69010706838
2007-02-12,99240.44485516562,106359.22240602013,105298.79825218777,106359.22240602013
2007-02-13,99581.00487034104,106681.6590320869,105617.43199493883,106681.6590320869
2007-02-14,101261.16087154149,108272.4031246189,107189.41452727564,108272.4031246189
2007-02-15,101851.47230447124,108831.30028893946,107741.71994447576,108831.30028893946
2007-02-16,101510.95268907222,108508.9019127171,107423.12400044268,108508.9019127171
2007-02-20,102282.85101701187,109239.72256528033,108145.32520520828,109239.72256528033
2007-02-21,102600.73665767831,109540.6914661619,108442.74441750244,109540.6914661619
2007-02-22,103122.91386769594,110035.08026785466,108931.30229685747,110035.08026785466
2007-02-23,102759.65927812332,109691.15679168046,108591.43512429052,109691.15679168046
2007-02-26,102260.14634267057,109218.2261527118,108124.08232571292,109218.2261527118
2007-02-27,98059.88258897074,105241.48545214566,104192.35546581986,105241.48545214566
2007-02-28,98377.70762997256,105542.39697826059,104468.63907790656,105542.39697826059
2007-03-01,98923.33443300772,106112.3079057961,105071.7240099703,106112.3079057961
2007-03-02,97432.46415405859,104706.00122078323,103779.23529531393,104706.00122078323
2007-03-05,96675.56078166902,103992.03013454593,103124.95198751397,103992.03013454593
2007-03-06,98281.07257755131,105506.47575955883,104507.92795145337,105506.47575955883
2007-03-07,97891.22407982091,105138.73984299945,104169.86713778731,105138.73984299945
2007-03-08,98556.32037056536,105766.11123342683,104744.14244391458,105766.11123342683
2007-03-09,98464.57450724542,105679.56928357988,104663.98480724564,105679.56928357988
2007-03-12,99106.79555048504,106285.3629325085,105219.27230033115,106285.3629325085
2007-03-13,97180.14262382034,104467.9916100498,103548.05326359662,104467.9916100498
2007-03-14,98602.18309917113,105809.37258402313,104774.81723529992,105809.37258402313
2007-03-15,98372.87965919643,105593.07545536874,104575.4852340415,105593.07545536874
2007-03-16,98297.14238790818,105521.63407484007,104509.20221573467,105521.63407484007
2007-03-19,99306.99987989607,106474.21148009488,105382.62896967697,106474.21148009488
2007-03-20,100018.41803668506,107145.2773158409,105999.19494642496,107145.2773158409
2007-03-21,101946.27492374476,108963.7843089048,107672.0816425737,108963.7843089048
2007-03-22,101579.06700327268,108617.40477431942,107329.76111835439,108617.40477431942
2007-03-23,101257.74221751477,108314.3058389847,107030.21401445779,108314.3058389847
2007-03-26,101670.88428797199,108704.01409445652,107415.35551672753,108704.01409445652
2007-03-27,100959.37430369524,108032.86163976604,106752.06788804087,108032.86163976604
2007-03-28,99880.72782032579,107015.39702078034,105746.52631595371,107015.39702078034
2007-03-29,99995.47136780088,107123.632204052,105853.49315716988,107123.632204052
2007-03-30,99903.67448920997,107037.04213256924,105767.91778188784,107037.04213256924
2007-04-02,101041.07499859645,108166.75210594076,106896.1056545675,108166.75210594076
2007-04-03,102362.35271602949,109408.59809240032,108123.49112054624,109408.59809240032
2007-04-04,102779.54081988902,109800.70594795636,108511.03312515315,109800.70594795636
2007-04-05,103289.4740313154,110279.98331986465,108984.72961156674,110279.98331986465
2007-04-09,103034.54864565002,110040.38337591777,108747.91965924074,110040.38337591777
2007-04-10,103567.70935401593,110541.49186892138,109243.19305698681,110541.49186892138
2007-04-11,102478.19135538046,109517.47281832428,108231.0980683228,109517.47281832428
2007-04-12,103289.4740313154,110279.98331986465,108984.72961156674,110279.98331986465
2007-04-13,103498.18143837665,110476.14378816265,109178.6059137924,110476.14378816265
2007-04-16,104448.54055561405,111369.36982222412,110061.43088886558,111369.36982222412
2007-04-17,104680.26935937577,111587.16770158113,110276.6926480197,111587.16770158113
2007-04-18,104332.54734108379,111260.34981377292,109953.68035028601,111260.34981377292
2007-04-19,104657.11399751992,111565.40437899852,110255.18274572863,111565.40437899852
2007-04-20,105236.61634463338,112110.0685736728,110793.50466621746,112110.0685736728
2007-04-23,105398.87906282753,112262.57648528197,110944.23671849836,112262.57648528197
2007-04-24,105932.01916116953,112763.66560728195,111439.49097080404,112763.66560728195
2007-04-25,107345.98015609769,114092.62299708286,112752.97348226827,114092.62299708286
2007-04-26,107902.3065313314,114615.50449817089,113269.76635502561,114615.50449817089
2007-04-27,107948.64817007896,114659.06019984157,113312.81487776835,114659.06019984157
2007-04-30,106534.67687013885,113330.09312453885,111999.32279358392,113330.09312453885
2007-05-01,107441.68337760477,114242.7920896795,112913.03622936204,114242.7920896795
2007-05-02,108611.54220567926,115338.62245185267,113996.18238150913,115338.62245185267
2007-05-03,109009.33810280511,115711.24589286727,114364.49271517643,115711.24589286727
2007-05-04,109102.8606536264,115798.85035272037,114451.08315551853,115798.85035272037
2007-05-07,109102.8606536264,115798.85035272037,114451.08315551853,115798.85035272037
2007-05-08,109336.86986570808,116018.0515020158,114667.74705679493,116018.0515020158
2007-05-09,109570.87907778978,116237.25265131125,114884.41095807133,116237.25265131125
2007-05-10,108073.42607603432,114834.55821855486,113497.95267956078,114834.55821855486
2007-05-11,109453.85886905443,116127.63746130487,114776.0645612469,116127.63746130487
2007-05-14,108705.15837266753,115426.31460385778,114082.85949896868,115426.31460385778
2007-05-15,107862.83130749603,114637.28985083314,113302.9676884401,114637.28985083314
2007-05-16,108915.72193581682,115623.55374086216,114277.81559771688,115623.55374086216
2007-05-17,108400.9890443263,115141.39305842074,113801.23591355176,115141.39305842074
2007-05-18,109290.12419299193,115974.26388744793,114624.46628281013,115974.26388744793
2007-05-21,109991.96459690304,116631.69195103023,115274.28463240441,116631.69195103023
2007-05-22,110085.58076389131,116719.38410303534,115360.96174986397,116719.38410303534
2007-05-23,109570.87907778978,116237.25265131125,114884.41095807133,116237.25265131125
2007-05-24,108003.22435258944,114768.79884812348,113432.95447225694,114768.79884812348
2007-05-25,108681.78553630946,115404.42079657385,114061.21911197629,115404.42079657385
2007-05-29,109524.05019070297,116193.3870881638,114841.0531377599,116193.3870881638
2007-05-30,110413.13333038696,117026.20919932878,115664.23535306411,117026.20919932878
2007-05-31,110927.93903445182,117508.43808677731,116140.88245276504,117508.43808677731
2007-06-01,111997.82004427703,118573.99802404761,117205.68145247104,118573.99802404761
2007-06-04,112328.34369070953,118882.61277329245,117510.74448305934,118882.61277329245
2007-06-05,112328.34369070953,118882.61277329245,117510.74448305934,118882.61277329245
2007-06-06,111124.2812695858,117758.36212986347,116399.43237220093,117758.36212986347
2007-06-07,109400.86053142711,116149.17905116103,114808.76871156375,116149.17905116103
2007-06-08,110746.54895550269,117405.66795911148,116050.79721181499,117405.66795911148
2007-06-11,110534.12044655459,117207.32036211176,115854.7323147266,117207.32036211176
2007-06-12,109873.09414464899,116590.11046318701,115244.62562755165,116590.11046318701
2007-06-13,111077.06210645549,117714.27290857385,116355.85055540247,117714.27290857385
2007-06-14,111808.96438271517,118397.66073845408,117031.3735592789,118397.66073845408
2007-06-15,112841.4362063689,119361.694738437,117984.31289333406,119361.694738437
2007-06-18,112865.12450403174,119383.81284745026,118006.17645423963,119383.81284745026
2007-06-19,112841.4362063689,119361.694738437,117984.31289333406,119361.694738437
2007-06-20,111778.25460913898,118368.98657497477,117003.02939480852,118368.98657497477
2007-06-21,112794.15407036046,119317.54671845262,117940.67295453054,119317.54671845262
2007-06-22,111730.98296861022,118324.84835477285,116959.39914300585,118324.84835477285
2007-06-25,111258.42399551791,117883.61314949061,116523.24192999177,117883.61314949061
2007-06-26,110620.56121729058,117288.03137045611,115934.51445368017,117288.03137045611
2007-06-27,112321.6475746666,118876.36051208267,117504.5641765207,118876.36051208267
2007-06-28,112274.4074205769,118832.25169122814,117460.96298572056,118832.25169122814
2007-06-29,112463.36803693567,119008.68697464628,117635.36774892111,119008.68697464628
2007-07-02,114479.05155196768,120957.1455703676,119572.90885863369,120957.1455703676
2007-07-03,115146.44117182301,121578.35208728911,120187.00641194299,121578.35208728911
2007-07-05,115980.6967255371,122354.8774801436,120954.64540291438,122354.8774801436
2007-07-06,116457.3446069111,122798.54151293234,121393.23223290626,122798.54151293234
2007-07-09,116528.86614137911,122865.11378494548,121459.04266510217,122865.11378494548
2007-07-10,115551.64163430873,121955.51283487507,120559.85100707803,121955.51283487507
2007-07-11,116338.20910641752,122687.65014288171,121283.60988160082,122687.65014288171
2007-07-12,118125.80277463947,124351.54302234818,122928.461502464,124351.54302234818
2007-07-13,118936.20369961092,125105.86451752011,123674.15069273408,125105.86451752011
2007-07-16,118817.03643529744,124994.94358169362,123564.4991139976,124994.94358169362
2007-07-17,119722.72881995984,125837.96240449225,124397.87059734882,125837.96240449225
2007-07-18,119579.74927866358,125704.8769920177,124266.30818781907,125704.8769920177
2007-07-19,119937.2298957241,126037.62008897995,124595.24343907447,126037.62008897995
2007-07-20,119293.6949046114,125438.61746974099,124003.09568646649,125438.61746974099
2007-07-23,119341.37239827677,125482.9956993302,124046.96606043809,125482.9956993302
2007-07-24,117577.58041909762,123841.25744125317,122424.01552789117,123841.25744125317
2007-07-25,117744.44635295638,123996.57631718613,122577.55696555326,123996.57631718613
2007-07-26,116743.4201568432,123064.8207457263,121656.46421921287,123064.8207457263
2007-07-27,114383.70715257693,120868.39896644777,119485.17785316751,120868.39896644777
2007-07-30,115718.49698022754,122110.82185554942,120713.38270226312,122110.82185554942
2007-07-31,113287.3047932531,119847.86722529224,118476.32487392989,119847.86722529224
2007-08-01,115168.89557884571,121668.55148068526,120287.61532294864,121668.55148068526
2007-08-02,116226.82475868682,122650.23458575044,121258.12729615031,122650.23458575044
2007-08-03,114014.82985775059,120597.66049656087,119228.91061801495,120597.66049656087
2007-08-06,115337.22264141243,121824.747033843,120442.0334378355,121824.747033843
2007-08-07,116154.69832128118,122583.30637696401,121191.96070161789,122583.30637696401
2007-08-08,117428.99613268807,123765.76419750314,122360.96266031309,123765.76419750314
2007-08-09,114712.09480860992,121244.67282503784,119868.56022424331,121244.67282503784
2007-08-10,113678.19709391952,120285.2892120161,118920.09398444871,120285.2892120161
2007-08-13,114447.55644023095,120999.20001662344,119625.88079089827,120999.20001662344
2007-08-14,112500.05718506897,119192.05909230685,117839.304353693,119192.05909230685
2007-08-15,110360.18872153839,117206.41321190372,115874.13316087086,117206.41321190372
2007-08-16,109278.2173958954,116202.42070390972,114950.070812434,116202.42070390972
2007-08-17,111345.94874136914,118121.12846464106,116709.86282953975,118121.12846464106
2007-08-20,111874.92935226647,118611.98488350169,117161.45933798463,118611.98488350169
2007-08-21,113053.01585786112,119705.16544878417,118169.19565887873,119705.16544878417
2007-08-22,114591.81999569344,121133.06634508165,119488.7062609377,121133.06634508165
2007-08-23,114279.28278092013,120843.05401789246,119219.09492259956,120843.05401789246
2007-08-24,115890.24539811164,122337.91285563243,120603.67401136956,122337.91285563243
2007-08-27,115120.81128724194,121623.93267482764,119939.47476514477,121623.93267482764
2007-08-28,112379.80373345484,119080.47243412139,117578.11921641651,119080.47243412139
2007-08-29,115601.69692588433,122070.16037694528,120338.99276028723,122070.16037694528
2007-08-30,116202.79329353612,122627.93509370698,120856.5548905205,122627.93509370698
2007-08-31,117501.14393139607,123832.71222806029,121974.56558619447,123832.71222806029
2007-09-04,120448.3753184846,126639.70293901673,124760.99147169475,126639.70293901673
2007-09-05,119236.16416887015,125518.1564668854,123652.13902159012,125518.1564668854
2007-09-06,119139.1153330298,125428.36618612793,123563.36501597599,125428.36618612793
2007-09-07,116932.84020613988,123387.1045743192,121545.20705658507,123387.1045743192
2007-09-10,116860.16397217575,123319.8640000709,121478.72753268271,123319.8640000709
2007-09-11,118629.97243373813,124957.30351466768,123097.63398263868,124957.30351466768
2007-09-12,118654.26964533018,124979.78346954382,123119.85950218873,124979.78346954382
2007-09-13,119236.16416887015,125518.1564668854,123652.13902159012,125518.1564668854
2007-09-14,119333.11607434512,125607.8570669718,123740.82436156775,125607.8570669718
2007-09-17,118339.09517723204,124688.18178537043,122831.55825923102,124688.18178537043
2007-09-18,121321.20094873366,127447.24748825059,125559.39597319075,127447.24748825059
2007-09-19,121636.38618687239,127738.85913694298,125847.70706788584,127738.85913694298
2007-09-20,121296.94681730402,127424.80739145048,125537.20986059026,127424.80739145048
2007-09-21,122160.4994425971,128223.77248982071,126327.13201619414,128223.77248982071
2007-09-24,122718.3875456412,128739.9345742993,126837.452012955,128739.9345742993
2007-09-25,123882.80125507593,129817.25851108476,127902.58245252633,129817.25851108476
2007-09-26,124489.27301126352,130378.37054079662,128457.34363664988,130378.37054079662
2007-09-27,125119.96658875897,130961.89277375156,129034.26137816175,130961.89277375156
2007-09-28,124707.53865404909,130580.31148295962,128656.99894657952,130580.31148295962
2007-10-01,127138.43712914226,132904.2865740111,130965.98682700268,132904.2865740111
2007-10-02,127162.85091810023,132926.81195784427,130988.25856498108,132926.81195784427
2007-10-03,126282.65186791398,132114.69625187299,130185.28764357553,132114.69625187299
2007-10-04,126576.04069591191,132385.3914714636,130452.93471442586,132385.3914714636
2007-10-05,129143.30963641677,134754.0823120128,132794.95304109508,134754.0823120128
2007-10-08,129950.14791035667,135498.51169342,133530.99981609863,135498.51169342
2007-10-09,130512.49006659955,136017.3567173018,134044.00241391783,136017.3567173018
2007-10-10,130830.33610514541,136310.61738365816,134333.96083455265,136310.61738365816
2007-10-11,128752.11367702205,134393.14533682552,132438.08037700978,134393.14533682552
2007-10-12,130879.2505262413,136355.74827718965,134378.58353412166,136355.74827718965
2007-10-15,129876.76542331534,135430.80533738964,133464.0558637936,135430.80533738964
2007-10-16,129265.56312296403,134866.8794986421,132906.48008116303,134866.8794986421
2007-10-17,130928.11067034975,136400.82909205544,134423.15671893305,136400.82909205544
2007-10-18,131490.4636819901,136919.68413167034,134936.16921970376,136919.68413167034
2007-10-19,128214.20702053212,133896.84572824318,131947.36932307205,133896.84572824318
2007-10-22,129754.54450296056,135318.03819795977,133352.55853258024,135318.03819795977
2007-10-23,132468.4264419832,137822.00153030574,135828.3261225382,137822.00153030574
2007-10-24,131466.01732683968,136897.12870063772,134913.86777287078,136897.12870063772
2007-10-25,129705.61922646718,135272.89728869515,133307.9259300597,135272.89728869515
2007-10-26,131857.2132862344,137258.06567582506,135270.74043695605,137258.06567582506
2007-10-29,132395.1199427243,137754.36528440737,135761.45149089379,137754.36528440737
2007-10-30,132664.0298493793,138002.47502576598,136006.76740605658,138002.47502576598
2007-10-31,134546.64887010655,139739.4735771384,137724.20658008102,139739.4735771384
2007-11-01,133028.0270068631,138415.76373130392,136426.6607158192,138415.76373130392
2007-11-02,134062.75612199763,139367.94770136068,137368.17520664117,139367.94770136068
2007-11-05,133200.50191163944,138574.47951223922,136583.5980434491,138574.47951223922
2007-11-06,134703.2287581184,139957.32686200686,137950.95021418916,139957.32686200686
2007-11-07,131426.80713498546,136942.2806020117,134969.6883640082,136942.2806020117
2007-11-08,127435.94193394708,133269.78524501005,131338.34431198915,133269.78524501005
2007-11-09,123174.1306779198,129347.95845764942,127458.43309654671,129347.95845764942
2007-11-12,120045.47593686743,126468.89102956728,124782.62323849041,126468.89102956728
2007-11-13,124997.1211864418,131025.52055036636,128994.42879587915,131025.52055036636
2007-11-14,123395.80287622675,129551.94683561989,127620.12617383427,129551.94683561989
2007-11-15,122730.69878056154,128939.9011813047,127050.22083835183,128939.9011813047
2007-11-16,123863.89904590862,129982.70080078505,128018.25899439749,129982.70080078505
2007-11-19,122435.07751565601,128667.86299707487,126793.85952619697,128667.86299707487
2007-11-20,122927.78326969623,129121.26332580806,127214.16792960737,129121.26332580806
2007-11-21,121474.35215508527,127783.77915852984,125970.40167250366,127783.77915852984
2007-11-23,122779.96169965042,128985.23416864268,127083.71442648355,128985.23416864268
2007-11-26,120661.41555178119,127035.69428199877,125271.39338773926,127035.69428199877
2007-11-27,123075.59390214898,129257.28241792298,127328.07836492777,129257.28241792298
2007-11-28,126820.0679445916,132703.0423828814,130531.27283054366,132703.0423828814
2007-11-29,127362.04755531375,133201.78576400306,130996.93983009139,133201.78576400306
2007-11-30,126401.27844437081,132317.66166525614,130168.94172370872,132317.66166525614
2007-12-03,126341.68358522312,132342.69164581702,130257.0205332893,132342.69164581702
2007-12-04,125820.29737761927,131864.21994446585,129810.45356342063,131864.21994446585
2007-12-05,128079.94630577805,133937.88060396299,131740.54155434284,133937.88060396299
2007-12-06,129917.45453595089,135624.14632468115,133313.24878538385,135624.14632468115
2007-12-07,129942.2052767965,135646.85986966832,133335.7091356427,135646.85986966832
2007-12-10,130463.69070786031,136125.4226275473,133808.93721029512,136125.4226275473
2007-12-11,127434.33232630411,133345.40612982094,131059.91039393423,133345.40612982094
2007-12-12,128576.5045987341,134393.56793858318,132096.38802726098,134393.56793858318
2007-12-13,127881.22376513567,133755.51461358712,131465.44727488887,133755.51461358712
2007-12-14,126565.17891636888,132547.79141596402,130271.18693156989,132547.79141596402
2007-12-17,123486.13163103041,129722.1758325997,127477.06933631514,129722.1758325997
2007-12-18,123883.4113398819,130086.75605247178,127837.58547064844,130086.75605247178
2007-12-19,123858.59445006298,130063.98180313276,127815.06509272741,130063.98180313276
2007-12-20,126391.4165883209,132388.33120102287,130113.50426768124,132388.33120102287
2007-12-21,128884.5383177659,134676.24787040573,132375.91684072767,134676.24787040573
2007-12-24,129853.95152157641,135565.8701468967,133255.62222970856,135565.8701468967
2007-12-26,130500.24904044118,136158.97189934127,133842.11249824986,136158.97189934127
2007-12-27,128934.23824637703,134721.85707343565,132421.01762423187,134721.85707343565
2007-12-28,128809.91125104699,134607.763244117,132308.1956331988,134607.763244117
2007-12-31,127318.5605981884,133239.16339667604,130954.85198054076,133239.16339667604
2008-01-02,126304.78516416371,132391.23403660528,130127.52003981321,132391.23403660528
2008-01-03,126830.92003568984,132872.74056852603,130603.6869261163,132872.74056852603
2008-01-04,121268.63706504938,127782.26714108262,125567.73320305454,127782.26714108262
2008-01-07,120692.31685019635,127254.83213734529,125076.0147140772,127254.83213734529
2008-01-08,117560.37803697528,124388.5537783993,122409.28277137432,124388.5537783993
2008-01-09,120065.93353266669,126681.58053362269,124530.61872554742,126681.58053362269
2008-01-10,120241.35997858307,126842.12678165102,124679.12306782191,126842.12678165102
2008-01-11,117886.1382571446,124686.6820385477,122674.47466480677,124686.6820385477
2008-01-14,119940.6924300772,126566.96275741089,124415.20391452876,126566.96275741089
2008-01-15,116633.39384765805,123540.19917143544,121601.3813531611,123540.19917143544
2008-01-16,115380.61609981235,122393.68579382375,120540.83417974069,122393.68579382375
2008-01-17,113777.06324963858,120926.15111132074,119186.59519113433,120926.15111132074
2008-01-18,113626.72947538564,120788.56909920069,119059.30326366617,120788.56909920069
2008-01-22,110695.24310302608,118105.74020319243,116592.42303824611,118105.74020319243
2008-01-23,110269.27888799876,117715.90755190812,116235.40505614268,117715.90755190812
2008-01-24,112524.28550179287,119779.63773370905,118118.41307054576,119779.63773370905
2008-01-25,110219.20467253575,117670.08078175636,116182.24886186575,117670.08078175636
2008-01-28,111071.06642587204,118449.6850633261,116893.15731375557,118449.6850633261
2008-01-29,111271.474415588,118633.09384559792,117060.10206089998,118633.09384559792
2008-01-30,111171.24819515724,118541.36911412906,116975.34151983216,118541.36911412906
2008-01-31,113075.52415776884,120284.11867170458,118569.05577367285,120284.11867170458
2008-02-01,115227.7646623704,122338.71720166472,120537.05449264322,122338.71720166472
2008-02-04,113610.15543351532,120862.74168696364,119179.24898354425,120862.74168696364
2008-02-05,110374.94818584829,117910.80088608198,116473.15101059707,117910.80088608198
2008-02-06,108201.35444608865,115927.52143789073,114667.34401142086,115927.52143789073
2008-02-07,108959.56813570799,116619.3478820199,115292.78207983974,116619.3478820199
2008-02-08,110198.076124775,117749.41528891667,116316.98413395992,117749.41528891667
2008-02-11,111385.94834886114,118833.2804685099,117302.30726661182,118833.2804685099
2008-02-12,110754.0718457227,118256.72945092738,116775.39538397192,118256.72945092738
2008-02-13,113180.49689904852,120470.70295149957,118791.77149345922,120470.70295149957
2008-02-14,111133.22913572664,118602.68870133442,117079.5504109792,118602.68870133442
2008-02-15,110754.0718457227,118256.72945092738,116763.1327514192,118256.72945092738
2008-02-19,110551.93234735324,118072.28876845275,116594.18144752286,118072.28876845275
2008-02-20,111057.40440375175,118533.50298836533,117013.47587261705,118533.50298836533
2008-02-21,109995.89178623285,117564.93369235986,116129.23812578706,117564.93369235986
2008-02-22,110400.28288340347,117933.91734251459,116464.08887662139,117933.91734251459
2008-02-25,110956.26739430802,118441.22127600474,116925.24587428097,118441.22127600474
2008-02-26,111385.94834886114,118833.2804685099,117281.92263485216,118833.2804685099
2008-02-27,111941.94406980886,119340.5946305206,117744.17076103171,119340.5946305206
2008-02-28,111512.36400564422,118948.62749470037,117385.08355423632,118948.62749470037
2008-02-29,108555.22187871004,116250.40514594734,114920.40593873539,116250.40514594734
2008-03-03,108847.18710344024,116604.45778381791,115333.59939810928,116604.45778381791
2008-03-04,109459.44180385306,117161.34810182273,115836.05819893551,117161.34810182273
2008-03-05,109995.11233967022,117648.57953481279,116276.26722961149,117648.57953481279
2008-03-06,107571.7309611204,115444.33736952175,114277.0067142431,115444.33736952175
2008-03-07,107316.66914894067,115212.34004291912,114067.02732745593,115212.34004291912
2008-03-10,105250.42408884656,113332.93941469064,112373.80378488761,113332.93941469064
2008-03-11,109255.38330294489,116975.7420078463,115633.99616088439,116975.7420078463
2008-03-12,108949.27292367168,116697.31228514579,115380.95267767525,116697.31228514579
2008-03-13,109791.00858294015,117462.93227736463,116072.84239153187,117462.93227736463
2008-03-14,107775.83471785046,115629.9846269699,114409.75450727584,115629.9846269699
2008-03-17,105811.61890821044,113843.38704572963,112796.8711811738,113843.38704572963
2008-03-18,110530.80550339831,118135.83154953868,116648.09582077699,118135.83154953868
2008-03-19,107801.38162930813,115653.2214067547,114390.06290644135,115653.2214067547
2008-03-20,110004.48029480173,117657.10037345841,116198.92580827912,117657.10037345841
2008-03-24,113808.3339503703,121116.98278916722,119338.46608312028,121116.98278916722
2008-03-25,114446.53155068234,121697.47006733438,119912.59157588237,121697.47006733438
2008-03-26,114114.70455061937,121395.64920183012,119614.07848239884,121395.64920183012
2008-03-27,111587.26872358583,119096.76192419148,117340.38560277862,119096.76192419148
2008-03-28,111025.64397391399,118585.92324017116,116835.14539818512,118585.92324017116
2008-03-31,111612.81563504352,119119.9987039763,117363.36772167412,119119.9987039763
2008-04-01,117386.47317864842,124462.08135341584,122657.86182982475,124462.08135341584
2008-04-02,117128.95806587778,124228.53148908183,122426.85710822292,124228.53148908183
2008-04-03,117386.47317864842,124462.08135341584,122657.86182982475,124462.08135341584
2008-04-04,118081.66242401607,125092.57387944747,123281.48347423592,125092.57387944747
2008-04-07,117824.17013351804,124859.04471346633,123050.4992254237,124859.04471346633
2008-04-08,116922.99846688824,124041.73920382618,122242.10041835756,124041.73920382618
2008-04-09,115609.78207978011,122850.73528273405,121064.07563121783,122850.73528273405
2008-04-10,117257.65286101348,124345.2495007785,122542.3031688524,124345.2495007785
2008-04-11,114013.43257891895,121402.94759623868,119632.06541613532,121402.94759623868
2008-04-14,113498.44799792288,120935.88926427637,119170.09691851087,120935.88926427637
2008-04-15,113652.90913881281,121075.9757163358,119308.65675861378,121075.9757163358
2008-04-16,116819.96731728014,123948.29648990445,122149.67600964825,123948.29648990445
2008-04-17,116562.54349359988,123714.82941898183,121918.75317920487,123714.82941898183
2008-04-18,120270.30695427235,127077.53556816984,125244.81376175798,127077.53556816984
2008-04-21,121119.94592939365,127848.10419708448,126006.98500987726,127848.10419708448
2008-04-22,119317.59118499777,126213.48282862776,124390.17715935016,126213.48282862776
2008-04-23,120630.68204960665,127404.37290877923,125568.08934614703,127404.37290877923
2008-04-24,121712.172491971,128385.21610425293,126538.24366394797,128385.21610425293
2008-04-25,121403.18174337335,128104.98110507555,126261.0625653733,128104.98110507555
2008-04-28,121634.87345470826,128315.11078316468,126468.90232552767,128315.11078316468
2008-04-29,122561.8342893649,129155.80543152044,127300.43538485686,129155.80543152044
2008-04-30,121557.69993994477,128245.11930301708,126399.67358745025,128245.11930301708
2008-05-01,126393.86969686222,132724.373867062,130841.01052101144,132724.373867062
2008-05-02,126575.52253795072,132888.68046965613,131003.53596354135,132888.68046965613
2008-05-05,126212.2053536626,132560.05686070657,130678.47478750184,132560.05686070657
2008-05-06,126990.81776243886,133264.31867603003,131375.1020768817,133264.31867603003
2008-05-07,124680.91779671003,131174.99371184583,129308.4263679838,131174.99371184583
2008-05-08,125615.25728808598,132020.11205173854,130144.38323163155,132020.11205173854
2008-05-09,125122.1962902426,131574.13401505127,129703.23980448477,131574.13401505127
2008-05-12,127406.03247214908,133639.88405607466,131746.59615336414,133639.88405607466
2008-05-13,127743.43540005953,133945.06799076067,132048.47175212132,133945.06799076067
2008-05-14,127457.92999757119,133686.82582716976,131793.02905380705,133686.82582716976
2008-05-15,129689.98367516688,135705.73813471134,133790.05541204062,135705.73813471134
2008-05-16,129793.80173023333,135799.64248442414,133882.94179488585,135799.64248442414
2008-05-19,128859.45073674625,134954.5137407701,133046.97464025838,134954.5137407701
2008-05-20,127873.2137199482,134062.45362978237,132164.58487616773,134062.45362978237
2008-05-21,125044.28098944266,131503.6589358407,129633.52870794214,131503.6589358407
2008-05-22,125485.47896819732,131902.72641271685,130028.27010758515,131902.72641271685
2008-05-23,125096.17851486476,131550.6007069358,129679.96160838506,131550.6007069358
2008-05-27,127302.17991074923,133545.9484950779,131653.67889757978,133545.9484950779
2008-05-28,127821.30469241495,134015.50145492592,132118.14168474512,134015.50145492592
2008-05-29,128963.24578759047,135048.3972829603,133139.84044114422,135048.3972829603
2008-05-30,129793.80173023333,135799.64248442414,133882.94179488585,135799.64248442414
2008-06-02,129210.259227276,135367.4055996455,133466.22907401016,135367.4055996455
2008-06-03,128504.0869606437,134730.33026584436,132836.02439626626,134730.33026584436
2008-06-04,130151.91884775982,136216.92652448686,134306.58818426172,136216.92652448686
2008-06-05,132218.2841534417,138081.1039059498,136150.66100204413,138081.1039059498
2008-06-06,128242.51806378622,134494.35513604755,132602.5941836384,134494.35513604755
2008-06-09,127562.47370734745,133880.85117129417,131995.70666517937,133880.85117129417
2008-06-10,126960.89422406748,133338.13451669342,131458.84303811315,133338.13451669342
2008-06-11,123900.67143649921,130577.34576015755,128727.82851546525,130577.34576015755
2008-06-12,124031.4500890295,130695.32809626957,128844.53844938362,130695.32809626957
2008-06-13,126516.26767069887,132937.01339754355,131062.04788341481,132937.01339754355
2008-06-16,127640.91539691246,133951.61756630125,132065.70986698984,133951.61756630125
2008-06-17,126960.89422406748,133338.13451669342,131458.84303811315,133338.13451669342
2008-06-18,125600.79391939304,132111.11612961383,130245.05765640395,132111.11612961383
2008-06-19,127562.47370734745,133880.85117129417,131995.70666517937,133880.85117129417
2008-06-20,124117.94807743414,130773.36250435926,128921.73128105343,130773.36250435926
2008-06-23,123149.48822253708,129899.6636712489,128057.45501362944,129899.6636712489
2008-06-24,122521.38670796927,129333.02009012588,127494.48892472486,129333.02009012588
2008-06-25,124510.60860533798,131127.6023247332,129137.20848829566,131127.6023247332
2008-06-26,119485.19371535716,126593.90988196444,124968.07025153287,126593.90988196444
2008-06-27,119485.19371535716,126593.90988196444,124967.1455785233,126593.90988196444
2008-06-30,118228.78203387749,125460.43448340835,123934.04965623315,125460.43448340835
2008-07-01,120903.70542702131,127971.56204051545,126305.34054348808,127971.56204051545
2008-07-02,118000.45968960066,125359.64396297293,123927.02608709823,125359.64396297293
2008-07-03,117789.27289169854,125169.64881097146,123754.21399075071,125169.64881097146
2008-07-07,118501.89391751747,125810.76152002758,124332.75873594203,125810.76152002758
2008-07-08,121325.92707305952,128351.41564222838,126632.35725647557,128351.41564222838
2008-07-09,118106.02971166464,125454.62050785213,123991.37208504142,125454.62050785213
2008-07-10,119504.83250401235,126713.05972750147,125129.30481373836,126713.05972750147
2008-07-11,117604.51366464303,125003.42934187209,123576.0161734582,125003.42934187209
2008-07-14,116733.63111327647,124219.93593998335,122866.69764504484,124219.93593998335
2008-07-15,116760.02361879246,124243.68007620315,122887.12112795634,124243.68007620315
2008-07-16,119663.16416022123,126855.50351369873,125242.67347815367,126855.50351369873
2008-07-17,120454.93932570107,127567.8276002927,125888.95337999462,127567.8276002927
2008-07-18,117683.77300029581,125074.73535945688,123618.751300724,125074.73535945688
2008-07-21,118185.172162882,125525.82136982921,124025.85087058583,125525.82136982921
2008-07-22,118185.172162882,125525.82136982921,124024.8817364396,125525.82136982921
2008-07-23,119742.35336521277,126926.7464379189,125292.82687551952,126926.7464379189
2008-07-24,117947.67467856867,125312.15569053334,123824.14881780007,125312.15569053334
2008-07-25,119478.4516869399,126689.32610684245,125070.06763711777,126689.32610684245
2008-07-28,117235.07702963681,124671.06401259876,123235.24430699582,124671.06401259876
2008-07-29,119663.16416022123,126855.50351369873,125209.06406370827,126855.50351369873
2008-07-30,120270.1917870891,127401.61864675411,125704.67253494842,127401.61864675411
2008-07-31,119979.87422641317,127140.43314833632,125465.94109808249,127140.43314833632
2008-08-01,119448.82068490202,126763.10381713256,125211.68068614422,126763.10381713256
2008-08-04,118251.1341682466,125688.6034261802,124237.73008705457,125688.6034261802
2008-08-05,122243.45791837694,129270.30312027269,127470.93695161371,129270.30312027269
2008-08-06,124106.43153643052,130941.66357486183,128990.89932716558,130941.66357486183
2008-08-07,123148.31768438508,130082.09498635122,128140.49819232557,130082.09498635122
2008-08-08,125942.90776948811,132589.25199048963,130620.91591586721,132589.25199048963
2008-08-11,127087.34020010625,133615.97565900994,131636.68939171007,133615.97565900994
2008-08-12,127220.46362810652,133735.40689033968,131754.84686746675,133735.40689033968
2008-08-13,126954.27570757084,133496.5973014323,131518.5842257974,133496.5973014323
2008-08-14,128418.126570576,134809.88613179117,132817.8665944622,134809.88613179117
2008-08-15,128178.61284143086,134595.00720310156,132605.2793882132,134595.00720310156
2008-08-18,126688.12314831407,133257.81943677622,131282.35297003452,133257.81943677622
2008-08-19,125117.81126160621,131849.01946055493,129888.5780990646,131849.01946055493
2008-08-20,125330.7804573835,132040.0840512815,130077.60495155017,132040.0840512815
2008-08-21,124745.20946573971,131514.74102478684,129557.86480296534,131514.74102478684
2008-08-22,126395.37890731757,132995.18493515538,131022.51951263296,132995.18493515538
2008-08-25,123733.86510184292,130607.41686334502,128660.21741697275,130607.41686334502
2008-08-26,123574.17356628887,130464.15014455137,128518.47866351502,130464.15014455137
2008-08-27,124372.59588278025,131180.45201426832,129227.14104489729,131180.45201426832
2008-08-28,125384.02275632782,132087.85019896313,130124.86166467155,132087.85019896313
2008-08-29,122749.11241968587,129723.94933886795,127786.17223261883,129723.94933886795
2008-09-02,122231.6839864305,129362.68269055997,127439.42181891005,129362.68269055997
2008-09-03,121077.87378778281,128330.34987369519,126418.03863081463,128330.34987369519
2008-09-04,117159.96755936522,124824.93522427116,122947.2627807981,124824.93522427116
2008-09-05,116596.52142004599,124320.8107670279,122488.28728412898,124320.8107670279
2008-09-08,116381.74850595904,124128.64993533693,122312.97730741369,124128.64993533693
2008-09-09,113913.04842309846,121919.86367783914,120308.63117917601,121919.86367783914
2008-09-10,114852.2520877387,122760.18452598572,121065.35720518534,122760.18452598572
2008-09-11,116998.98294813115,124680.8996650588,122800.44028928914,124680.8996650588
2008-09-12,116542.75688577589,124272.70676068826,122428.64160762202,124272.70676068826
2008-09-15,112920.11587706229,121031.47072256137,119485.81125797058,121031.47072256137
2008-09-16,113805.6263131808,121823.75136278522,120197.71635931783,121823.75136278522
2008-09-17,107902.05702564456,116541.73156498685,115432.84170283614,116541.73156498685
2008-09-18,111551.52088003625,119806.96644093614,118329.89359915323,119806.96644093614
2008-09-19,115198.18004165875,123069.69191248753,121257.46752733443,123069.69191248753
2008-09-22,109773.95176324071,118216.5463392035,116858.01454388884,118216.5463392035
2008-09-23,108941.43338245165,117471.67855580292,116191.05966987697,117471.67855580292
2008-09-24,109693.31684612694,118144.40096276354,116789.99833415812,118144.40096276354
2008-09-25,111438.7983761565,119706.11177689294,118184.97231240434,119706.11177689294
2008-09-26,110310.96723849788,118697.0228499173,117277.41909882594,118697.0228499173
2008-09-29,101556.97442849986,110864.6826028375,110261.55638564819,110864.6826028375
2008-09-30,104483.93278754421,113483.48001958737,112542.41026155528,113483.48001958737
2008-10-01,104382.64835411946,113498.2312505569,112672.88494444046,113498.2312505569
2008-10-02,99638.00433658858,109266.51292466112,108962.40857510031,109266.51292466112
2008-10-03,98092.60795360716,107888.18355569853,107775.17376306921,107888.18355569853
2008-10-06,94513.79527722915,104696.26291178515,105046.76706875788,104696.26291178515
2008-10-07,88521.94126957102,99352.16579583459,100561.3272760167,99352.16579583459
2008-10-08,87816.99362316605,98723.42739879854,100051.3943436457,98723.42739879854
2008-10-09,85458.24272203699,96619.67222187687,98357.87479947261,96619.67222187687
2008-10-10,84915.99837713124,96136.04788189,97974.65116865298,96136.04788189
2008-10-13,95245.83114245742,105349.16112177806,105206.6731248754,105349.16112177806
2008-10-14,91124.73812354066,101673.58403181407,102075.02505893016,101673.58403181407
2008-10-15,82963.89473704851,94394.97885389476,96010.5289669825,94394.97885389476
2008-10-16,87464.51080055532,98409.05017376458,99167.45054808792,98409.05017376458
2008-10-17,87573.01366598594,98505.82320085756,99245.17093719085,98505.82320085756
2008-10-20,90013.14921569485,100682.16483686223,101025.8380175265,100682.16483686223
2008-10-21,85349.76385502834,96522.92059882639,97560.7654249065,96522.92059882639
2008-10-22,82991.0009546883,94419.15471988349,95861.25175352486,94419.15471988349
2008-10-23,82665.67834616684,94129.00151993385,95629.96338100378,94129.00151993385
2008-10-24,80008.63905889013,91759.2047969238,93757.81369604508,91759.2047969238
2008-10-27,77785.43724477652,89776.34500297761,92230.42707234705,89776.34500297761
2008-10-28,86380.01611113829,97441.79614278021,97982.41252140605,97441.79614278021
2008-10-29,86163.16037041448,97248.38386385981,97822.0280603388,97248.38386385981
2008-10-30,89037.055398415,99811.59286579026,99924.30741392853,99811.59286579026
2008-10-31,89172.64048306344,99932.52035482945,100024.21565037461,99932.52035482945
2008-11-03,89982.53705350294,100763.05583678599,100880.82803034745,100763.05583678599
2008-11-04,92532.28883328804,103028.89486081433,102772.8570752957,103028.89486081433
2008-11-05,87706.92310144458,98740.82961967883,99133.71014700385,98740.82961967883
2008-11-06,83786.28803871917,95256.75403454651,96257.5797268389,95256.75403454651
2008-11-07,85513.5656652282,96791.70072328068,97487.17621111646,96791.70072328068
2008-11-10,84362.05938157467,95768.41371369737,96653.31187787508,95768.41371369737
2008-11-11,82525.12055696534,94136.01651074167,95335.62748671857,94136.01651074167
2008-11-12,78714.12849131148,90749.37526547168,92644.75302681648,90749.37526547168
2008-11-13,83512.13200996367,95013.12505326615,95908.01248158945,95013.12505326615
2008-11-14,79454.40073183176,91407.21880313444,93006.03549238313,91407.21880313444
2008-11-17,77781.98100591596,89921.02163304985,91851.04085921019,89921.02163304985
2008-11-18,77699.73055708356,89847.9297037939,91793.60771527202,89847.9297037939
2008-11-19,73642.02354698998,86242.04501947446,89045.48727040603,86242.04501947446
2008-11-20,70077.78889484287,83074.6849534254,86750.34077911856,83074.6849534254
2008-11-21,73121.09190369898,85779.11868461399,88596.94073392305,85779.11868461399
2008-11-24,77590.05722496413,89750.46840666623,91461.72400000654,89750.46840666623
2008-11-25,77233.65074737623,89433.74749612992,91216.76840609097,89433.74749612992
2008-11-26,80468.84720213628,92308.70749643676,93414.82189827757,92308.70749643676
2008-11-28,79838.254360745,91748.33064735474,92969.32444971675,91748.33064735474
2008-12-01,74833.61708286693,87412.39134257655,89764.98464686582,87412.39134257655
2008-12-02,77334.58335174572,89625.23316133047,91395.69636181899,89625.23316133047
2008-12-03,79529.82588408014,91567.57222375798,92874.53454489227,91567.57222375798
2008-12-04,77278.98883261587,89576.04342280625,91317.3062670655,89576.04342280625
2008-12-05,80419.07992560689,92354.37952902744,93435.3445343836,92354.37952902744
2008-12-08,83586.9098611811,95157.25881747215,95646.80663787796,95157.25881747215
2008-12-09,83392.37516289644,94985.13553819417,95505.55283532786,94985.13553819417
2008-12-10,83114.52555036663,94739.29566039119,95304.7051118401,94739.29566039119
2008-12-11,80835.88201560348,92723.16382906599,93671.42435167653,92723.16382906599
2008-12-12,82475.38842794245,94173.79049144211,94821.96688840512,94173.79049144211
2008-12-15,81030.41056473218,92895.28166760306,93790.17367432729,92895.28166760306
2008-12-16,84920.74173022348,96337.4262494491,96528.93233802514,96337.4262494491
2008-12-17,83892.59670278965,95427.72892935312,95779.12487579243,95427.72892935312
2008-12-18,82419.82465459245,94124.62795662241,94713.56626746438,94124.62795662241
2008-12-19,83096.05963498702,94722.95711545277,95195.20628400086,94722.95711545277
2008-12-22,81287.18087059491,93122.4706855829,93894.36538219004,93122.4706855829
2008-12-23,80869.75156668933,92753.13142997201,93597.38360741298,92753.13142997201
2008-12-24,81092.36946029156,92950.10257296418,93752.89959282857,92950.10257296418
2008-12-26,81064.57527530463,92925.51042407253,93731.76127103258,92925.51042407253
2008-12-29,80396.6846995621,92334.56435065059,93258.31362864732,92334.56435065059
2008-12-30,82066.37116940459,93811.89416938959,94429.67771064081,93811.89416938959
2008-12-31,82762.08052675793,94427.45415466682,94924.30703935782,94427.45415466682
2009-01-02,87351.69476728045,98603.61139357147,98493.78592976998,98603.61139357147
2009-01-05,87323.51660458333,98578.77134558046,98469.20133213961,98578.77134558046
2009-01-06,88196.18746093383,99348.06160006193,99230.58035098221,99348.06160006193
2009-01-07,85690.79423749635,97139.46877676698,97044.70027902344,97139.46877676698
2009-01-08,86591.64947688892,97933.60456269376,97830.6693225599,97933.60456269376
2009-01-09,84649.19747289733,96221.26435378849,96135.938496859,96221.26435378849
2009-01-12,83100.90384803728,94856.38871022486,94785.09897655451,94856.38871022486
2009-01-13,83129.07579038944,94881.22327476155,94809.67814712139,94881.22327476155
2009-01-14,80595.52306528974,92647.8068538385,92599.22975872272,92647.8068538385
2009-01-15,81918.60288030164,93814.14855092045,93753.57701814309,93814.14855092045
2009-01-16,82819.43323831435,94608.26240303,94539.52435342557,94608.26240303
2009-01-20,78709.41494600245,90985.13577400663,90953.65727415556,90985.13577400663
2009-01-21,82059.356846198,93938.22815488078,93876.38061089804,93938.22815488078
2009-01-22,80961.48462068928,92970.41492082622,92918.52018529829,92970.41492082622
2009-01-23,81355.5807963712,93317.82465162482,93262.35722005977,93317.82465162482
2009-01-26,81946.74994127393,93838.96118163993,93778.13448045598,93838.96118163993
2009-01-27,82537.91908617665,94360.09771165503,94293.91174085217,94360.09771165503
2009-01-28,85437.45824805577,96916.14413338302,96823.6722640804,96916.14413338302
2009-01-29,83269.8297562858,95005.30287872188,94932.48173987634,95005.30287872188
2009-01-30,81805.98353468762,93714.87061077099,93655.32003357403,93714.87061077099
2009-02-02,83790.9613859352,95583.24789247711,95514.7652368425,95583.24789247711
2009-02-03,85101.55556613459,96734.18081952473,96653.9586690719,96734.18081952473
2009-02-04,85215.5158980091,96834.25809768852,96753.01516082771,96834.25809768852
2009-02-05,87095.88655575986,98485.55530147308,98387.46916331738,98485.55530147308
2009-02-06,89375.13726143734,100487.13956439242,100368.63730334149,100487.13956439242
2009-02-09,89745.49889684658,100812.38242564397,100690.56269335333,100812.38242564397
2009-02-10,86440.61779520904,97910.11371629154,97817.89707178631,97910.11371629154
2009-02-11,86041.74404273761,97559.83218567727,97471.18840638158,97559.83218567727
2009-02-12,87095.88655575986,98485.55530147308,98387.46916331738,98485.55530147308
2009-02-13,86697.04428056495,98135.30141346132,98040.78785856113,98135.30141346132
2009-02-17,83249.65925271419,95107.88911397987,95044.25510919695,95107.88911397987
2009-02-18,83306.62053228555,95157.91116750025,95093.76693868576,95157.91116750025
2009-02-19,82024.60142370137,94032.07219502037,93979.41150314621,94032.07219502037
2009-02-20,82252.4906101739,94232.19910874544,94177.49712600936,94232.19910874544
2009-02-23,79374.94501442755,91705.20637120595,91672.57042912568,91705.20637120595
2009-02-24,81996.02635208618,94006.97824045262,93541.47841106879,94006.97824045262
2009-02-25,81454.71792340986,93531.61393343487,93145.87306284852,93531.61393343487
2009-02-26,79175.47980864298,91530.04072755655,91490.48334396449,91530.04072755655
2009-02-27,78434.7061741821,90879.5107768894,90960.68990837972,90879.5107768894
2009-03-02,76898.74795948762,89652.57545634558,90161.3214511515,89652.57545634558
2009-03-03,76841.0172824621,89602.08651061074,90120.05415952866,89602.08651061074
2009-03-04,78890.49139793338,91394.47476469743,91530.24889698533,91394.47476469743
2009-03-05,76523.50174800954,89324.40009820538,89865.73578290328,89324.40009820538
2009-03-06,75917.31369330277,88794.25222230786,89447.4760141577,88794.25222230786
2009-03-09,74300.82922308617,87380.5394286415,88341.42166520184,87380.5394286415
2009-03-10,78890.49139793338,91394.47476469743,91421.50192578603,91394.47476469743
2009-03-11,80102.84199384473,92454.7482034019,92275.29325971063,92454.7482034019
2009-03-12,82758.56156940265,94777.33453783995,94166.68069489973,94777.33453783995
2009-03-13,82960.59023630201,94954.02074568502,94312.4001036397,94954.02074568502
2009-03-16,81575.04123093856,93742.27489150334,93301.78331293612,93742.27489150334
2009-03-17,84663.6802896202,96443.47532536261,95525.8161276255,96443.47532536261
2009-03-18,85731.72651728216,97377.54592368424,96450.44419791466,97377.54592368424
2009-03-19,85673.99584025666,97327.05697794938,96400.46564538381,97327.05697794938
2009-03-20,84369.99436619043,96186.62933956929,95271.5666001997,96186.62933956929
2009-03-23,89343.14361371523,100535.94716202632,99576.91712989069,100535.94716202632
2009-03-24,87695.06704944192,99094.60518393562,98150.14569074738,99094.60518393562
2009-03-25,88099.82600455021,99448.59120961699,98500.5532685292,99448.59120961699
2009-03-26,90817.72198488603,101825.55454582538,100853.48786111311,101825.55454582538
2009-03-27,89111.8382030807,100333.65668272806,99376.67160685688,100333.65668272806
2009-03-30,86914.37301829708,98411.84134666811,97474.28391921721,98411.84134666811
2009-03-31,87666.13473798598,99069.30213920539,98125.09843472263,99069.30213920539
2009-04-01,89966.96603303157,101207.0396088778,100251.3326870627,101207.0396088778
2009-04-02,92861.58612206012,103729.72767962798,102748.71397291393,103729.72767962798
2009-04-03,94586.63198903225,105233.12104257806,104237.02578341374,105233.12104257806
2009-04-06,94352.7210146495,105029.26547378355,104035.21522727449,105029.26547378355
2009-04-07,91867.44674330266,102863.32605374273,101891.00380588822,102863.32605374273
2009-04-08,93417.10291730869,104213.86568370894,103227.99526225764,104213.86568370894
2009-04-09,96311.74235647988,106736.57061828667,105725.39324276401,106736.57061828667
2009-04-13,96165.54557872283,106609.15877981165,105599.25955834507,106609.15877981165
2009-04-14,94995.99715685661,105589.88655711497,104590.21234253384,105589.88655711497
2009-04-15,94732.82231674176,105360.52725977723,104363.15390294763,105360.52725977723
2009-04-16,97188.87787268935,107501.00230020577,106482.15639508226,107501.00230020577
2009-04-17,97393.57013167285,107679.393489388,106658.75802196987,107679.393489388
2009-04-20,94265.02616816644,104952.83860729162,103959.5550502093,104952.83860729162
2009-04-21,95580.78426788482,106099.53391101502,105094.74708020955,106099.53391101502
2009-04-22,95873.11977297098,106354.30699648237,105346.964365082,106354.30699648237
2009-04-23,96808.79592073974,107169.75737803966,106154.23441406425,107169.75737803966
2009-04-24,98504.59727212242,108647.66387627406,107617.31503577225,108647.66387627406
2009-04-27,98621.58823457532,108749.6225776885,107718.25092070962,108749.6225776885
2009-04-28,97890.58499564741,108112.54652148589,107087.56580395985,108112.54652148589
2009-04-29,99235.54891066994,109284.69496226986,108247.95563344166,109284.69496226986
2009-04-30,100229.63668904701,110151.0516179483,109105.62128138701,110151.0516179483
2009-05-01,101492.55676946772,111380.27031820081,110332.53872915234,111380.27031820081
2009-05-04,103500.5497255841,113124.88457665897,112059.7706337995,113124.88457665897
2009-05-05,103411.8717516423,113047.8380624873,111983.4917676983,113047.8380624873
2009-05-06,103441.49187560569,113073.57305844253,112008.97035464917,113073.57305844253
2009-05-07,101020.02231330343,110969.71591494663,109926.07485872593,110969.71591494663
2009-05-08,101079.09970591919,111021.04441248743,109976.8919480282,111021.04441248743
2009-05-11,101433.46634842709,111328.93050111044,110281.71043308212,111328.93050111044
2009-05-12,100193.25149888004,110251.38861856516,109214.90457092518,110251.38861856516
2009-05-13,97506.08675379926,107916.68624084315,106903.46385266524,107916.68624084315
2009-05-14,98598.63092155046,108865.92668874816,107843.24660341044,108865.92668874816
2009-05-15,98539.56655735959,108814.60951075694,107792.44072087613,108814.60951075694
2009-05-18,101108.63514512083,111046.70583137043,110002.29769098734,111046.70583137043
2009-05-19,101581.14354443536,111457.23759552547,110408.73914787784,111457.23759552547
2009-05-20,101226.7182740155,111149.3005689294,110103.8702323681,111149.3005689294
2009-05-21,99366.42205654469,109533.01038421063,108503.6838526686,109533.01038421063
2009-05-22,99041.59085323845,109250.78571447062,108224.27111057383,109250.78571447062
2009-05-26,102732.77161901475,112457.81220074608,111399.34459130929,112457.81220074608
2009-05-27,102024.09044769847,111842.08530169836,110789.75244827327,111842.08530169836
2009-05-28,103205.20836199244,112868.28170737847,111805.72441097602,112868.28170737847
2009-05-29,104474.99122180334,113971.51330768068,112897.964033012,113971.51330768068
2009-06-01,108457.16484938661,117562.61030979306,116463.24301115933,117562.61030979306
2009-06-02,108606.18961910148,117691.71894344276,116591.07349075294,117691.71894344276
2009-06-03,108278.31671624517,117407.66400023075,116309.83064435859,117407.66400023075
2009-06-04,109500.30536331281,118466.34226465764,117358.02816958535,118466.34226465764
2009-06-05,109619.50676960111,118569.61322239474,117460.27676197184,118569.61322239474
2009-06-08,109291.6798904538,118285.59815213938,117179.07339379849,118285.59815213938
2009-06-09,110126.22123078328,119008.60877903238,117894.92633542107,119008.60877903238
2009-06-10,109738.70160107384,118672.87848399517,117562.51971461247,118672.87848399517
2009-06-11,109738.70160107384,118672.87848399517,117562.51971461247,118672.87848399517
2009-06-12,109232.05946286295,118233.94558486085,117127.93217836767,118233.94558486085
2009-06-15,106996.83913789807,116297.44709125864,115210.60469861815,116297.44709125864
2009-06-16,105953.59342692274,115393.62399820742,114315.72930425842,115393.62399820742
2009-06-17,106966.9303018691,116271.53536556939,115184.94949471489,116271.53536556939
2009-06-18,106758.31140382565,116090.7969491878,115006.00035867389,116090.7969491878
2009-06-19,107904.21628511457,117083.55952012689,115988.93474484402,117083.55952012689
2009-06-22,104681.40606297638,114291.455730343,113224.47231941385,114291.455730343
2009-06-23,104442.70080888356,114084.65179258221,113019.71570633145,114084.65179258221
2009-06-24,106203.27204820229,115609.93478806216,114529.89865317607,115609.93478806216
2009-06-25,108292.1369785738,117419.63727950066,116321.6853901499,117419.63727950066
2009-06-26,108530.8685319289,117626.46400180811,116526.46456221573,117626.46400180811
2009-06-29,108769.63295936186,117833.31920479889,116731.27193301085,117833.31920479889
2009-06-30,108560.78394277346,117652.38142363403,116552.12540586485,117652.38142363403
2009-07-01,109620.13733441517,118703.8825255797,117603.11487400877,118703.8825255797
2009-07-02,107210.8963281925,116622.47227763351,115542.17973374305,116622.47227763351
2009-07-06,106638.62586353831,116128.07192223043,115052.64285997419,116128.07192223043
2009-07-07,103988.48928860208,113838.54529899833,112785.63861271016,113838.54529899833
2009-07-08,104530.59555396216,114306.88596449506,113249.37214918624,114306.88596449506
2009-07-09,104711.30870129488,114463.00907373377,113403.95945476672,114463.00907373377
2009-07-10,105163.0418046696,114853.27385350144,113790.38514831985,114853.27385350144
2009-07-13,107180.7254935708,116596.40685528328,115516.3707203972,116596.40685528328
2009-07-14,107572.27617556468,116934.67836900374,115851.31461253249,116934.67836900374
2009-07-15,111186.10782592445,120056.76794492555,118942.6917806922,120056.76794492555
2009-07-16,112511.17611339258,121201.53125654161,120076.19390432422,121201.53125654161
2009-07-17,113113.53115340958,121721.9225125244,120591.46600274892,121721.9225125244
2009-07-20,114197.58443626724,122658.46626486459,121518.7968504272,122658.46626486459
2009-07-21,114980.68580025497,123335.00929230552,122188.68463469778,123335.00929230552
2009-07-22,115944.37424035092,124167.56651255133,123013.05187954038,124167.56651255133
2009-07-23,118504.12438264658,126379.00578516659,125202.73693177532,126379.00578516659
2009-07-24,117600.64490524192,125598.46476074352,124429.87419256289,125598.46476074352
2009-07-27,118504.12438264658,126379.00578516659,125202.73693177532,126379.00578516659
2009-07-28,117691.0313378825,125676.55211136036,124507.19338759198,125676.55211136036
2009-07-29,118474.03980728376,126353.01488458688,125177.00170711947,126353.01488458688
2009-07-30,119166.70165601007,126951.42470185988,125769.52488793634,126951.42470185988
2009-07-31,118805.27536134465,126639.17848338243,125460.35027677535,126639.17848338243
2009-08-03,121581.74366552249,129173.99796653053,127980.06976767893,129173.99796653053
2009-08-04,121581.74366552249,129173.99796653053,127980.06976767893,129173.99796653053
2009-08-05,120640.47992852495,128362.85673847364,127176.86216241171,128362.85673847364
2009-08-06,119577.71964263356,127447.01492969663,126269.97803349921,127447.01492969663
2009-08-07,121095.9046573962,128755.32248356062,127565.48927241065,128755.32248356062
2009-08-10,120245.76333206904,128022.70669104383,126840.03905987737,128022.70669104383
2009-08-11,119213.32366069235,127132.993903843,125959.02838939882,127132.993903843
2009-08-12,121065.5706622043,128721.86412642487,127532.33732189258,128721.86412642487
2009-08-13,121733.58759028542,129432.12703420508,128236.03664567872,129432.12703420508
2009-08-14,120336.85898238505,127947.06807727597,126764.701211537,127947.06807727597
2009-08-17,116844.82337179905,124234.19305482486,123086.13709959871,124234.19305482486
2009-08-18,118514.9192147106,126009.90723180746,124845.44179071003,126009.90723180746
2009-08-19,119334.806828909,126881.64526183961,125709.12403503482,126881.64526183961
2009-08-20,120731.56219816377,128366.73267253477,127180.48765999953,128366.73267253477
2009-08-21,122340.89638595117,130077.84257373358,128875.78508748386,130077.84257373358
2009-08-24,122219.4399790889,129948.70515658108,128747.84103728744,129948.70515658108
2009-08-25,122583.87610306169,130336.18854245366,129131.74366493424,130336.18854245366
2009-08-26,122371.31066520621,130110.18027883302,128907.82395782611,130110.18027883302
2009-08-27,122674.97175337769,130433.04516203878,129227.70522643444,130433.04516203878
2009-08-28,122796.38801820838,130562.13989854221,129355.60699039637,130562.13989854221
2009-08-31,121551.48995439375,129238.51338321596,128044.21219055883,129238.51338321596
2009-09-01,120273.81216714386,127816.81221044391,126644.88733843836,127816.81221044391
2009-09-02,120181.95299548838,127719.19206951933,126548.1622555987,127719.19206951933
2009-09-03,120977.98935714495,128565.15203634191,127386.3657973572,128565.15203634191
2009-09-04,123580.74234674085,131331.13728372921,130126.99032066637,131331.13728372921
2009-09-08,124744.28285915831,132567.6495094183,131352.1652315941,132567.6495094183
2009-09-09,125815.89673578128,133706.46989901463,132480.54402187158,133706.46989901463
2009-09-10,127010.09295295802,134975.56040910157,133737.99851391147,134975.56040910157
2009-09-11,127132.55385806158,135105.70147828953,133866.9463476149,135105.70147828953
2009-09-14,127622.47843544264,135626.3517892431,134382.82292780117,135626.3517892431
2009-09-15,128020.55733399601,136049.3962983057,134801.98863270992,136049.3962983057
2009-09-16,129888.31551489796,138034.29136699365,136768.68462524278,138034.29136699365
2009-09-17,129857.72727427765,138001.7847777639,136736.47608194116,138001.7847777639
2009-09-18,130075.27213688065,138232.97301691302,136965.54460582836,138232.97301691302
2009-09-21,130473.7018489568,138656.3903408499,137385.07970735192,138656.3903408499
2009-09-22,130719.0014583423,138917.07397216733,137643.3731864978,138917.07397216733
2009-09-23,130105.99530577894,138265.622996479,136997.89522475106,138265.622996479
2009-09-24,128941.26742451517,137027.84893583087,135771.47004835773,137027.84893583087
2009-09-25,127807.2762049775,135822.73919378236,134577.40969844925,135822.73919378236
2009-09-28,129983.38597956959,138135.32419792117,136868.79110786447,138135.32419792117
2009-09-29,129401.0220389377,137516.43716759712,136255.5785196678,137516.43716759712
2009-09-30,129492.96216755996,137614.14334272346,136352.38884788012,137614.14334272346
2009-10-01,126661.5222251177,134542.4325640144,133318.00796011926,134542.4325640144
2009-10-02,126290.76799842893,134148.60992028014,132927.76936139868,134148.60992028014
2009-10-05,127310.23672050775,135231.51023113882,134000.81456737398,135231.51023113882
2009-10-06,129565.43046335502,137627.02267039835,136374.52626828154,137627.02267039835
2009-10-07,129936.1846900438,138020.84531413257,136764.7648670021,138020.84531413257
2009-10-08,130492.2412291435,138611.49982466843,137350.04403311075,138611.49982466843
2009-10-09,131233.66808150275,139399.05843388362,138130.4353411277,139399.05843388362
2009-10-12,131511.6827508829,139694.371242776,138423.060609278,139694.371242776
2009-10-13,131542.54153597355,139727.15006888777,138455.54112651863,139727.15006888777
2009-10-14,133334.4454973692,141630.5467252044,140341.61562169582,141630.5467252044
2009-10-15,133025.46324154065,141302.33951919587,140016.39531707266,141302.33951919587
2009-10-16,132160.47884729123,140383.5355881537,139105.95310595693,140383.5355881537
2009-10-19,133488.87542451973,141794.5853195187,140504.16135693926,141794.5853195187
2009-10-20,133519.78861028928,141827.42193113265,140536.69913379604,141827.42193113265
2009-10-21,133272.6055256604,141564.85905560094,140276.52575307828,141564.85905560094
2009-10-22,133797.78967949972,142122.72029364947,140829.3100870423,142122.72029364947
2009-10-23,133241.67873972113,141532.00799761145,140243.97366131752,141532.00799761145
2009-10-26,132809.206942851,141072.62770165366,139788.7740281157,141072.62770165366
2009-10-27,130801.1690842932,138939.64924517475,137675.20707811782,138939.64924517475
2009-10-28,127866.27965943774,135822.15029529913,134586.07941857862,135822.15029529913
2009-10-29,130028.78824565525,138119.21068521898,136862.23504853205,138119.21068521898
2009-10-30,126537.97828339727,134411.20168856296,133187.97137192448,134411.20168856296
2009-11-02,128062.82172670044,135968.71967745785,134740.4128511494,135968.71967745785
2009-11-03,128467.5671124265,136398.4518288388,135166.2629115886,136398.4518288388
2009-11-04,128685.55227461837,136629.8942022949,135395.6144935164,136629.8942022949
2009-11-05,131861.44928393784,140001.85371686963,138737.11258358398,140001.85371686963
2009-11-06,132639.8384812836,140828.2964045041,139556.08939820604,140828.2964045041
2009-11-09,135473.19325308973,143836.5669979528,142537.18404034709,143836.5669979528
2009-11-10,135815.72178343072,144200.24136570064,142897.57306636695,144200.24136570064
2009-11-11,136687.49794612976,145125.83621898663,143814.806331198,145125.83621898663
2009-11-12,135909.12245595636,144299.40808473036,142995.84393848263,144299.40808473036
2009-11-13,137029.999062126,145489.4814799781,144175.16651340452,145489.4814799781
2009-11-16,138431.1188073897,146977.09869244962,145649.34497039355,146977.09869244962
2009-11-17,138867.03430308396,147439.92522584903,146107.99044662243,147439.92522584903
2009-11-18,138088.6039842211,146613.43887807996,145288.97036628035,146613.43887807996
2009-11-19,135940.1829085456,144332.38603972323,143028.5239790189,144332.38603972323
2009-11-20,135255.24921241496,143605.16828463128,142307.8757241393,143605.16828463128
2009-11-23,137434.84039805864,145919.31550500644,144601.11752719045,145919.31550500644
2009-11-24,136967.78220674093,145423.423696345,144109.7054789852,145423.423696345
2009-11-25,137559.3152303459,146051.47473240722,144732.0828617491,146051.47473240722
2009-11-27,135473.19325308973,143836.5669979528,142537.18404034709,143836.5669979528
2009-11-30,135628.86560968994,144001.8497141284,142700.97363450882,144001.8497141284
2009-12-01,138029.69915209903,146489.18156995112,145174.86660337754,146489.18156995112
2009-12-02,138217.89091761675,146688.90712088867,145372.80019754398,146688.90712088867
2009-12-03,137653.39846410046,146089.8183883479,144779.08654648735,146089.8183883479
2009-12-04,138374.7127864906,146855.34019554374,145537.74001871367,146855.34019554374
2009-12-07,137716.0968358698,146156.3593807769,144845.03052675954,146156.3593807769
2009-12-08,136869.28911973126,145257.65301507252,143954.38744063897,145257.65301507252
2009-12-09,138249.24700708783,146722.1849437925,145405.77944863366,146722.1849437925
2009-12-10,138939.2190471797,147454.44358146316,146131.46819167744,147454.44358146316
2009-12-11,138406.11029748013,146888.66197858352,145570.7628355247,146888.66197858352
2009-12-14,139723.36981306734,148286.6529148745,146956.21086324722,148286.6529148745
2009-12-15,138939.2190471797,147454.44358146316,146131.46819167744,147454.44358146316
2009-12-16,139127.4522342159,147654.21309253664,146329.4453515653,147654.21309253664
2009-12-17,137433.8782234573,145856.8443212638,144548.2027450455,145856.8443212638
2009-12-18,139673.7192196116,148233.95936526541,146903.99008521182,148233.95936526541
2009-12-21,141244.5198496671,149901.03029362287,148556.1038935417,149901.03029362287
2009-12-22,142092.83254764284,150801.33387759962,149448.32986753935,150801.33387759962
2009-12-23,143129.41985417326,151901.45093278578,150538.57656714623,151901.45093278578
2009-12-24,144448.9299389299,153301.83036979596,151926.39166573074,153301.83036979596
2009-12-28,145202.87061069044,154101.97811073103,152719.36040450257,154101.97811073103
2009-12-29,144606.0003369145,153468.52720526664,152091.59288122875,153468.52720526664
2009-12-30,145045.8140198787,153935.29592863898,152554.17371091168,153935.29592863898
2009-12-31,143726.40058533175,152535.0190652793,151166.46026567707,152535.0190652793
2010-01-04,146830.85229260175,155768.4655425868,154379.86535646758,155768.4655425868
2010-01-05,146830.85229260175,155768.4655425868,154379.86535646758,155768.4655425868
2010-01-06,145945.22271860097,154828.92758018145,153448.7029184979,154828.92758018145
2010-01-07,146040.1304682902,154929.6123770505,153548.49015932324,154929.6123770505
2010-01-08,147242.06823456864,156204.7122529116,154812.2231393317,156204.7122529116
2010-01-11,146641.07849869403,155567.1401929369,154180.33472449062,155567.1401929369
2010-01-12,144806.53824968394,153620.93123819385,152251.47527696245,153620.93123819385
2010-01-13,146609.49355548414,155533.63267008844,154147.12590492782,155533.63267008844
2010-01-14,146736.06965932486,155667.91347798254,154280.2096646634,155667.91347798254
2010-01-15,145027.89698680156,153855.76411069222,152484.21472850218,153855.76411069222
2010-01-19,147368.60263293856,156338.9488167174,154945.26304939354,156338.9488167174
2010-01-20,145249.3669385079,154090.71496742597,152717.0711125052,154090.71496742597
2010-01-21,143889.26812517887,152647.82676082233,151287.04555319835,152647.82676082233
2010-01-22,139682.28436676232,148184.76334888194,146863.76818307902,148184.76334888194
2010-01-25,140156.76750791416,148688.12834110964,147362.64592097412,148688.12834110964
2010-01-26,140283.24629898972,148822.30591279775,147495.62736480433,148822.30591279775
2010-01-27,141390.42923563844,149996.8832201134,148659.73388612442,149996.8832201134
2010-01-28,137752.8224662394,146137.85484924036,144835.10687816763,146137.85484924036
2010-01-29,135348.8774245646,143587.58135737112,142307.56783536114,143587.58135737112
2010-02-01,137835.19682441297,146164.39146972416,144870.31877814492,146164.39146972416
2010-02-02,139077.82949379872,147482.11475177197,146176.37554075383,147482.11475177197
2010-02-03,139842.49851433648,148292.99168769008,146980.0733430372,148292.99168769008
2010-02-04,135796.02342275914,144001.99357556607,142727.06576623223,144001.99357556607
2010-02-05,136943.0829671189,145218.3683778197,143932.67134214766,145218.3683778197
2010-02-08,135955.38198141058,144170.98195652693,142894.5580013343,144170.98195652693
2010-02-09,137357.27518572978,145657.5896723768,144368.00397218717,145657.5896723768
2010-02-10,137070.52780387521,145353.51453380604,144066.62097586156,145353.51453380604
2010-02-11,139141.5869206476,147549.7249537504,146243.38715291725,147549.7249537504
2010-02-12,139428.33430250216,147853.80009232118,146544.77014924286,147853.80009232118
2010-02-16,141212.57602047853,149745.86112572424,148420.07973936,149745.86112572424
2010-02-17,142009.17276629971,150590.59513621096,149257.33486115414,150590.59513621096
2010-02-18,142901.25861681718,151536.5885289272,150194.95286090623,151536.5885289272
2010-02-19,142837.5992136863,151469.08227410752,150128.04427560093,151469.08227410752
2010-02-22,142550.76781150204,151164.9180379721,149826.57297053977,151164.9180379721
2010-02-23,140702.7826700651,149205.2616521847,147884.26648638182,149205.2616521847
2010-02-24,142136.64560983257,150725.77099138554,149391.31393111323,150725.77099138554
2010-02-25,142104.759894714,150691.95846559925,149357.8007659702,150691.95846559925
2010-02-26,142614.5112349626,151232.51339035644,149893.5698645806,151232.51339035644
2010-03-01,145685.25643831972,154428.4090506797,153070.0214134867,154428.4090506797
2010-03-02,146134.43063299602,154904.5399781758,153541.96418435042,154904.5399781758
2010-03-03,146294.80567349854,155074.53976375278,153710.46861289773,155074.53976375278
2010-03-04,146776.0999967369,155584.71847668447,154216.15967708224,155584.71847668447
2010-03-05,148989.73804040256,157931.20575792887,156542.0067190516,157931.20575792887
2010-03-08,149278.45259371097,158237.24722174762,156845.3561720967,158237.24722174762
2010-03-09,150112.61712651642,159121.4732912689,157721.80438669666,159121.4732912689
2010-03-10,151331.7578973068,160413.77955646522,159002.74323015436,160413.77955646522
2010-03-11,151909.17290377934,161025.84753775265,159609.42732136603,161025.84753775265
2010-03-12,151941.30713248564,161059.91026953832,159643.19042956538,161059.91026953832
2010-03-15,151556.26039377955,160651.7553421129,159238.62572631493,160651.7553421129
2010-03-16,152518.77853953512,161672.03803622597,160249.93378029123,161672.03803622597
2010-03-17,152935.80440536092,162114.09128558636,160688.09862807704,162114.09128558636
2010-03-18,153449.1201561517,162658.2131595032,161227.43428143254,162658.2131595032
2010-03-19,152520.97816203543,161674.36966683526,160252.24490134392,161674.36966683526
2010-03-22,153902.00268876122,163138.27497706498,161703.27336535303,163138.27497706498
2010-03-23,154961.82592986652,164261.7024329388,162816.81889615412,164261.7024329388
2010-03-24,154223.161673949,163478.70799237068,162040.71185392543,163478.70799237068
2010-03-25,153998.34897430314,163240.40338702168,161804.5034304369,163240.40338702168
2010-03-26,154158.92141682492,163410.6124214995,161973.21526728384,163410.6124214995
2010-03-29,154897.59977288666,164193.62180841767,162749.33712439105,164193.62180841767
2010-03-30,155411.4654293025,164738.32658998686,163289.25055800972,164738.32658998686
2010-03-31,154672.74477280807,163955.2723640185,162513.08425626688,163955.2723640185
2010-04-01,155672.44486278106,164954.9724539915,163512.78434623987,164954.9724539915
2010-04-05,157127.06505272078,166496.32958738803,165040.66551771472,166496.32958738803
2010-04-06,157579.58233544588,166975.82983531355,165515.97353339085,166975.82983531355
2010-04-07,157191.7063241735,166564.82532638198,165108.56240395064,166564.82532638198
2010-04-08,157547.3255604707,166941.64963449395,165482.09216732843,166941.64963449395
2010-04-09,158484.70204856436,167934.92055606778,166466.67900081715,167934.92055606778
2010-04-12,158613.9136350796,168071.8368466364,166602.39824322728,168071.8368466364
2010-04-13,159422.078536658,168928.19147764164,167451.26583430587,168928.19147764164
2010-04-14,161329.2443918789,170949.0789339314,169454.48483348152,170949.0789339314
2010-04-15,162040.26999530275,171702.50198789738,170201.32077005194,171702.50198789738
2010-04-16,160100.87574766274,169647.46440575572,168164.25021683858,169647.46440575572
2010-04-19,160003.87836228855,169544.6832035551,168062.36762245384,169544.6832035551
2010-04-20,160812.01488131087,170401.00775959258,168911.20540150776,170401.00775959258
2010-04-21,161717.0494467611,171360.00825544365,169861.82143286,171360.00825544365
2010-04-22,162622.15496860154,172319.08393871403,170812.51199427395,172319.08393871403
2010-04-23,163300.99475344038,173038.4019792797,171525.5410948437,173038.4019792797
2010-04-26,162945.43228225532,172661.63782110318,171152.0709555153,172661.63782110318
2010-04-27,159486.74819066678,168996.71729160333,167519.1925325665,168996.71729160333
2010-04-28,159583.70300220686,169099.45338135236,167621.0304089142,169099.45338135236
2010-04-29,162363.5756915126,172045.08594525428,170540.90954331795,172045.08594525428
2010-04-30,159163.48506829105,168654.178446698,167179.6484773375,168654.178446698
2010-05-03,162393.55737074855,172017.24468793065,170522.05199766575,172017.24468793065
2010-05-04,157514.91806144806,166849.48984962655,165399.21584919028,166849.48984962655
2010-05-05,156701.81864948853,165988.20493926934,164545.41732140208,165988.20493926934
2010-05-06,151465.41445659136,160441.4835303771,159046.90862118657,160441.4835303771
2010-05-07,147692.55493518655,156445.03865919908,155085.2012855927,156445.03865919908
2010-05-10,155368.31448068685,164575.6753007108,163145.1655448346,164575.6753007108
2010-05-11,155205.71744498477,164403.44251925853,162974.42982954168,164403.44251925853
2010-05-12,158132.89246305637,167504.08634700882,166048.1225222777,167504.08634700882
2010-05-13,155628.4954403362,164851.27497673102,163418.36967835107,164851.27497673102
2010-05-14,152636.33586887212,161681.79551287033,160276.4396763766,161681.79551287033
2010-05-17,153124.16981352176,162198.5392333881,160788.69180400172,162198.5392333881
2010-05-18,151010.0513698662,159959.1349398341,158568.75265730752,159959.1349398341
2010-05-19,149806.63054129865,158684.3975765922,157305.09545054054,158684.3975765922
2010-05-20,144244.93232272932,152793.10472708658,151465.010362331,152793.10472708658
2010-05-21,145838.6888470861,154481.30966860015,153138.54124199226,154481.30966860015
2010-05-24,145253.2852576703,153861.21417890146,152523.83569005906,153861.21417890146
2010-05-25,145383.35431872326,153998.9913288311,152660.41526594412,153998.9913288311
2010-05-26,143757.11265726082,152276.37613195577,150952.77322862137,152276.37613195577
2010-05-27,149188.7132564149,158029.8615807578,156656.24875311492,158029.8615807578
2010-05-28,148310.5293367949,157099.63515658138,155734.10795868014,157099.63515658138
2010-06-01,147944.28295840396,156652.44072879505,155299.4900961705,156652.44072879505
2010-06-02,151447.96610149427,160362.3543863559,158977.36256748092,160362.3543863559
2010-06-03,152888.80461436987,161888.00218581478,160489.8338971329,161888.00218581478
2010-06-04,147649.53952435215,156340.34838288138,154990.0931792899,156340.34838288138
2010-06-07,144964.40125027992,153497.16001550131,152171.4604044204,153497.16001550131
2010-06-08,144702.45021565605,153219.79026450662,151896.48619592944,153219.79026450662
2010-06-09,143490.8134669541,151936.8352887187,150624.61163955944,151936.8352887187
2010-06-10,147583.99785447397,156270.94886063866,154921.29303569128,156270.94886063866
2010-06-11,148992.07272057346,157761.90451024202,156399.3718390741,157761.90451024202
2010-06-14,148959.366579101,157727.27325051354,156365.03967704583,157727.27325051354
2010-06-15,152954.23127364067,161957.27992780352,160558.51331224965,161957.27992780352
2010-06-16,153576.4530358686,162616.12632442286,161211.66949015958,162616.12632442286
2010-06-17,154067.6058346661,163136.1888990885,161727.24047193254,163136.1888990885
2010-06-18,154195.5838880233,163271.69987671621,161861.5810901196,163271.69987671621
2010-06-21,152883.26972888992,161882.1415110915,160484.0238389435,161882.1415110915
2010-06-22,151702.19704909803,160631.5496378015,159244.23287662718,160631.5496378015
2010-06-23,151078.89706242597,159971.561551301,158589.94486919983,159971.561551301
2010-06-24,148782.36525434998,157539.85343962244,156179.23854346696,157539.85343962244
2010-06-25,148811.9229804455,157571.15096489797,156210.26576330437,157571.15096489797
2010-06-28,148285.96509659095,157014.23464086853,155658.15932470927,157014.23464086853
2010-06-29,142566.2144416098,150957.81338182706,149654.0451917856,150957.81338182706
2010-06-30,140396.71184938017,148660.61156068082,147376.68347426446,148660.61156068082
2010-07-01,141001.8680507512,149242.54448934007,147962.22450722492,149242.54448934007
2010-07-02,140604.63719117496,148822.09797290454,147545.38491184695,148822.09797290454
2010-07-06,141035.01043958185,149277.6238433084,147997.00292289178,149277.6238433084
2010-07-07,145537.5393407087,154043.2973704073,152721.79275247763,154043.2973704073
2010-07-08,146332.1313706953,154884.328329965,153555.60868667657,154884.328329965
2010-07-09,147722.54797157386,156356.00607639493,155014.6612233686,156356.00607639493
2010-07-12,148152.95017794392,156811.5625971736,155466.30962184523,156811.5625971736
2010-07-13,150073.22510964776,158844.06557666193,157481.3761914462,158844.06557666193
2010-07-14,150834.64579284054,159649.98653187652,158280.38332254652,159649.98653187652
2010-07-15,150967.09951631067,159790.18134625058,158419.37543548684,159790.18134625058
2010-07-16,146795.574613025,155374.85692840017,154041.9291448088,155374.85692840017
2010-07-19,148053.6098853413,156706.41648639305,155362.06553713998,156706.41648639305
2010-07-20,149841.37317764873,158598.6633507577,157238.0792189371,158598.6633507577
2010-07-21,147788.78931229052,156426.11880876936,155084.17247355467,156426.11880876936
2010-07-22,151529.88305124297,160385.85605546628,159009.9399783243,160385.85605546628
2010-07-23,152490.02775658568,161402.11520780416,160017.48085998278,161402.11520780416
2010-07-26,153748.04854992044,162733.65944060963,161337.60205859804,162733.65944060963
2010-07-27,153681.79273022222,162663.53138304778,161268.07561469614,162663.53138304778
2010-07-28,152456.94328368132,161367.09715458544,159982.76321917947,161367.09715458544
2010-07-29,151331.2603819641,160175.6251346548,158801.5125837774,160175.6251346548
2010-07-30,151662.29333776838,160526.00489427813,159148.88651011698,160526.00489427813
2010-08-02,155509.16932308621,164539.2804857972,163136.30927967138,164539.2804857972
2010-08-03,154842.68858897925,163834.09852819977,162437.14017188502,163834.09852819977
2010-08-04,156408.8418076508,165491.19517949337,164080.107316348,165491.19517949337
2010-08-05,156042.32476504616,165103.39521413788,163695.6139911062,165103.39521413788
2010-08-06,155809.1184419257,164856.64705917053,163450.96977481878,164856.64705917053
2010-08-09,156875.41475318276,165984.8610969832,164569.56391029127,165984.8610969832
2010-08-10,155509.16932308621,164539.2804857972,163136.30927967138,164539.2804857972
2010-08-11,151277.35547591752,160061.73354374946,158696.94087721137,160061.73354374946
2010-08-12,150077.85045381598,158792.57562762915,157438.6046445644,158792.57562762915
2010-08-13,149011.53956989612,157664.34617094783,156319.99522169476,157664.34617094783
2010-08-16,149278.16100886455,157946.4497917241,156599.69343960358,157946.4497917241
2010-08-17,151177.43072695564,159956.00636143293,158592.1151950841,159956.00636143293
2010-08-18,151777.24152865767,160590.64699496768,159221.3444609961,160590.64699496768
2010-08-19,149478.12708809087,158158.0275073063,156809.46710303516,158158.0275073063
2010-08-20,149677.99115867744,158369.49729080798,157019.13375468686,158369.49729080798
2010-08-23,148211.85012494467,156818.22033504277,155481.08401673395,156818.22033504277
2010-08-24,145446.2938928113,153892.0736997094,152579.8876514039,153892.0736997094
2010-08-25,146845.7212761507,155372.76307480596,154047.9516852911,155372.76307480596
2010-08-26,145079.70398689253,153504.1966400107,152195.31788917643,153504.1966400107
2010-08-27,146845.7212761507,155372.76307480596,154047.9516852911,155372.76307480596
2010-08-30,145312.9977459899,153751.03730818993,152440.05382984664,153751.03730818993
2010-08-31,144813.11169324975,153222.1238569717,151915.6502460619,153222.1238569717
2010-09-01,150144.56495201617,158805.11349017764,157459.5597080193,158805.11349017764
2010-09-02,151821.73708816207,160579.02726127108,159218.44312945046,160579.02726127108
2010-09-03,154337.61265511398,163240.0220502909,161856.8913422047,163240.0220502909
2010-09-07,153297.8081812874,162140.24019986962,160766.4279299361,162140.24019986962
2010-09-08,155142.662322228,164091.5081083585,162701.1627693281,164091.5081083585
2010-09-09,155746.47891324677,164730.15368500416,163334.39710982254,164730.15368500416
2010-09-10,156316.71509228172,165333.28188452835,163932.41501149698,165333.28188452835
2010-09-13,158497.1532979361,167639.49081601997,166219.0834629498,167639.49081601997
2010-09-14,159167.9986798479,168349.03149798143,166922.61221540076,168349.03149798143
2010-09-15,160174.3547747653,169413.43562020833,167977.99765453284,169413.43562020833
2010-09-16,160811.75177776787,170087.5985739754,168646.44843384725,170087.5985739754
2010-09-17,161356.37354032238,170663.6348816455,169217.60399293553,170663.6348816455
2010-09-20,164180.75172134492,173650.92714706855,172179.58496757073,173650.92714706855
2010-09-21,164147.06861696971,173615.30115411492,172144.26083321916,173615.30115411492
2010-09-22,163710.02446956479,173153.0476889226,171685.9240359775,173153.0476889226
2010-09-23,163642.77562354738,173081.91983539498,171615.3988478819,173081.91983539498
2010-09-24,166971.4027869674,176602.5468698956,175106.19565262654,176602.5468698956
2010-09-27,166063.55803607416,175642.3363638201,174154.120998412,175642.3363638201
2010-09-28,165996.35320108163,175571.25505993483,174083.6419655442,175571.25505993483
2010-09-29,165727.3284763288,175286.7126127294,173801.51044300996,175286.7126127294
2010-09-30,164987.6938625288,174504.4148397577,173025.84106949,174504.4148397577
2010-10-01,165785.6914254745,175290.77791879018,173814.01175040405,175290.77791879018
2010-10-04,163992.815169089,173395.10965579527,171934.31385841503,173395.10965579527
2010-10-05,167984.36101864863,177615.50510157683,176119.15388430777,177615.50510157683
2010-10-06,166529.73935208353,176077.4847735418,174594.0908630615,176077.4847735418
2010-10-07,167138.6359880483,176721.2916308928,175232.47386299568,176721.2916308928
2010-10-08,168288.7871976187,177937.38512193126,176438.32217316108,177937.38512193126
2010-10-11,168356.45877866095,178008.9365566896,176509.27081101583,178008.9365566896
2010-10-12,169506.5361915235,179224.95201999112,177715.04175080187,179224.95201999112
2010-10-13,170893.48627704635,180691.42091326782,179169.15613419338,180691.42091326782
2010-10-14,170555.17264985974,180333.7105561184,178814.45936714718,180333.7105561184
2010-10-15,174174.72405479793,184160.78378561893,182609.29078486294,184160.78378561893
2010-10-18,173532.0137673244,183481.22461920985,181935.45667711514,183481.22461920985
2010-10-19,171908.25004650754,181764.3647181475,180233.06074642163,181764.3647181475
2010-10-20,173159.85696994586,183087.73074190755,181545.27785410362,183087.73074190755
2010-10-21,173498.15583779092,183445.4254935096,181899.95914707397,183445.4254935096
2010-10-22,174682.06166150386,184697.2088714166,183141.19666874944,184697.2088714166
2010-10-25,175527.77193276264,185591.40673655324,184027.86121598567,185591.40673655324
2010-10-26,176001.32540664286,186092.1107243876,184524.34694021032,186092.1107243876
2010-10-27,176542.52094288226,186664.33493588553,185091.75035413803,186664.33493588553
2010-10-28,176914.6482215777,187057.79760209302,185481.89822899783,187057.79760209302
2010-10-29,176508.72205071503,186628.59823237482,185056.31472040032,186628.59823237482
2010-11-01,177643.72102474788,187771.3543752223,186197.86566385525,187771.3543752223
2010-11-02,179548.75894432663,189785.00027405831,188194.6375879519,189785.00027405831
2010-11-03,180365.1465159307,190647.93085855021,189050.33697608847,190647.93085855021
2010-11-04,182576.4373856732,192985.28947237515,191368.10896337227,192985.28947237515
2010-11-05,182576.4373856732,192985.28947237515,191368.10896337227,192985.28947237515
2010-11-08,182814.5170309321,193236.94225909654,191617.6529469676,193236.94225909654
2010-11-09,181828.0301616555,192194.2148581566,190583.66340596307,192194.2148581566
2010-11-10,182746.52184047506,193165.07059974674,191546.3835586353,193165.07059974674
2010-11-11,181589.81693056074,191942.4208697469,190333.97940392306,191942.4208697469
2010-11-12,178630.31179411904,188814.1915996976,187231.96410809454,188814.1915996976
2010-11-15,177949.959132041,188095.05140113475,186518.85016943747,188095.05140113475
2010-11-16,175024.32542642727,185002.62460361028,183452.33732813294,185002.62460361028
2010-11-17,175534.5787908328,185541.96798572506,183987.161113922,185541.96798572506
2010-11-18,178358.15291784302,188526.5166933807,186946.69986350575,188526.5166933807
2010-11-19,178494.15814162776,188670.27570115676,187089.25419777533,188670.27570115676
2010-11-22,179990.97258966317,190252.4249295939,188658.14531259378,190252.4249295939
2010-11-23,177133.43797460102,187231.97961495456,185663.01076285625,187231.97961495456
2010-11-24,180705.37479701702,191007.5558695993,189406.94839703434,191007.5558695993
2010-11-26,179514.76877053344,189749.07228892168,188159.01067258822,189749.07228892168
2010-11-29,179378.65964665412,189605.20345761025,188016.3474350839,189605.20345761025
2010-11-30,177201.4925365407,187303.91403061026,185734.3423816084,187303.91403061026
2010-12-01,181943.19906086088,192258.95581352315,190656.2391434176,192258.95581352315
2010-12-02,183790.34654706903,194210.8322714784,192591.84429206548,194210.8322714784
2010-12-03,184269.2709080245,194716.91053121132,193093.70376230264,194716.91053121132
2010-12-06,184200.85527429896,194644.6158899755,193022.01178649886,194644.6158899755
2010-12-07,184303.50857464023,194753.0893939938,193129.58102942607,194753.0893939938
2010-12-08,184987.6052123901,195475.97272202268,193846.43822902066,195475.97272202268
2010-12-09,185158.62937182758,195656.6935540299,194025.6525289193,195656.6935540299
2010-12-10,186390.05107938204,196957.93401194518,195316.04553494402,196957.93401194518
2010-12-13,185740.1025589891,196271.13492020505,194634.97176480823,196271.13492020505
2010-12-14,186082.15087786404,196632.57658421947,194993.4003646055,196632.57658421947
2010-12-15,185261.2677472924,195765.15128696588,194133.20613223573,195765.15128696588
2010-12-16,186697.86173164126,197283.1968131771,195638.5968676179,197283.1968131771
2010-12-17,186862.40849469198,197457.0729954687,195811.02357643913,197457.0729954687
2010-12-20,186999.49348504306,197601.93038633934,195954.67340142987,197601.93038633934
2010-12-21,188130.5155486028,198797.07877366274,197139.85874575478,198797.07877366274
2010-12-22,188096.32265661648,198760.94722412713,197104.02839746367,198760.94722412713
2010-12-23,187616.45802844354,198253.87538620966,196601.18363174755,198253.87538620966
2010-12-27,187719.275502426,198362.52237213321,196708.9249103933,198362.52237213321
2010-12-28,187376.54063923354,198000.35523833326,196349.77688850026,198000.35523833326
2010-12-29,187787.8553097927,198434.99049527425,196780.78892191564,198434.99049527425
2010-12-30,187342.24327311196,197964.11329122158,196313.8370629337,197964.11329122158
2010-12-31,186656.7735467271,197239.77902362167,195595.54101914758,197239.77902362167
2011-01-03,190569.79459821808,201317.97860630575,199648.07749326542,201317.97860630575
2011-01-04,190431.92667425005,201172.3348969949,199503.64187572047,201172.3348969949
2011-01-05,192051.32339920016,202883.06600165903,201200.1827337133,202883.06600165903
2011-01-06,192671.49650152022,203538.21702183146,201849.89937874762,203538.21702183146
2011-01-07,192499.2403653708,203356.2455965841,201669.4373779822,203356.2455965841
2011-01-10,193222.8181615626,204120.6333611869,202427.48466575454,204120.6333611869
2011-01-11,193498.4939951668,204411.8573806534,202716.29302757527,204411.8573806534
2011-01-12,194876.61810227708,205867.70803157633,204160.06762528516,205867.70803157633
2011-01-13,194945.54456246961,205940.52196133736,204232.27757489897,205940.52196133736
2011-01-14,196392.64014052137,207469.23409138774,205748.30927717453,207469.23409138774
2011-01-18,196943.90178623187,208051.58703158796,206325.8316909123,208051.58703158796
2011-01-19,194704.3319589617,205685.70490675137,203979.57418788515,205685.70490675137
2011-01-20,193326.19284826843,204229.83840603963,202535.783871858,204229.83840603963
2011-01-21,191844.57402578852,202664.65591195354,200983.58432150638,202664.65591195354
2011-01-24,194497.64259988198,205467.3582162011,203763.03864894737,205467.3582162011
2011-01-25,194773.25841915424,205758.5188365124,204051.78413749897,205758.5188365124
2011-01-26,195806.93026829758,206850.4900360958,205134.69760694713,206850.4900360958
2011-01-27,197012.79823925844,208124.36926177138,206398.01020389155,208124.36926177138
2011-01-28,192016.87517268688,202846.6748865673,201164.09347722368,202846.6748865673
2011-01-31,192947.14232795843,203829.40934172037,202138.67630393378,203829.40934172037
2011-02-01,197564.56635947785,208650.87390703053,206928.4399312784,208650.87390703053
2011-02-02,197252.95553319427,208321.77708354115,206602.0598352078,208321.77708354115
2011-02-03,197599.26518406547,208687.5198512257,206964.7833595139,208687.5198512257
2011-02-04,198707.36558751928,209857.8011512473,208125.40386955367,209857.8011512473
2011-02-07,199642.469504372,210845.37829142227,209104.8284609851,210845.37829142227
2011-02-08,200958.37077823753,212235.12117814942,210483.09888023182,212235.12117814942
2011-02-09,200612.13652681134,211869.458040939,210120.45432904226,211869.458040939
2011-02-10,200923.74735309492,212198.55486442838,210446.83442511287,212198.55486442838
2011-02-11,202378.18756719792,213734.61078432418,211970.21004870537,213734.61078432418
2011-02-14,202863.0210784176,214246.65065908254,212478.02298273394,214246.65065908254
2011-02-15,202585.98843760963,213954.07237102973,212187.85995791235,213954.07237102973
2011-02-16,203901.95003103116,215343.8789621362,213566.19355565234,215343.8789621362
2011-02-17,203832.64286118993,215270.6826303148,213493.60146692116,215270.6826303148
2011-02-18,203382.5232544469,214795.30462584645,213022.14775575142,214795.30462584645
2011-02-22,197495.3345890816,208577.75720568327,206855.9268156638,208577.75720568327
2011-02-23,195867.7320095985,206858.82193889777,205151.1815326066,206858.82193889777
2011-02-24,196906.6006426561,207955.9865375721,206239.28892703174,207955.9865375721
2011-02-25,199642.469504372,210845.37829142227,209104.8284609851,210845.37829142227
2011-02-28,200057.93552619443,211284.15812997994,209539.98612778928,211284.15812997994
2011-03-01,197837.08404212186,208882.5858522927,207166.49169601343,208882.5858522927
2011-03-02,198881.27436320795,209985.074677613,208259.92292267,209985.074677613
2011-03-03,202814.3649680722,214137.7548483361,212378.4863663103,214137.7548483361
2011-03-04,201770.14433403226,213035.23401765028,211285.02339723124,213035.23401765028
2011-03-07,199055.24040532229,210168.7534702078,208442.09268519742,210168.7534702078
2011-03-08,199855.82067283598,211014.03117570095,209280.42593371292,211014.03117570095
2011-03-09,198498.37628671946,209580.7989033211,207858.96851330163,209580.7989033211
2011-03-10,195400.66522038254,206310.1385976832,204615.1786191668,206310.1385976832
2011-03-11,196618.85189653683,207596.3382209638,205890.81135077326,207596.3382209638
2011-03-14,195922.76038092558,206861.38301034333,205161.8942324951,206861.38301034333
2011-03-15,193138.27306666525,203921.4341463995,202246.09878969254,203921.4341463995
2011-03-16,188474.29167517615,198997.05660546385,197362.1779267841,198997.05660546385
2011-03-17,190214.664450735,200834.59665750113,199184.62149898623,200834.59665750113
2011-03-18,189785.9028750796,200381.8967652103,198735.6408044281,200381.8967652103
2011-03-21,193445.64641864985,204245.96855255237,202567.96695348903,204245.96855255237
2011-03-22,193097.0777623904,203877.9388546873,202202.96083756242,203877.9388546873
2011-03-23,194177.59815865927,205018.78611055732,203334.43535754347,205018.78611055732
2011-03-24,197628.22779013234,208662.06888400932,206947.78640522863,208662.06888400932
2011-03-25,198116.22087760016,209177.30726048388,207458.79179328363,209177.30726048388
2011-03-28,197035.73079428513,208036.49200997932,206327.34901572508,208036.49200997932
2011-03-29,198952.73715189667,210060.52732677528,208334.75568363155,210060.52732677528
2011-03-30,199893.8785863879,211054.2139120841,209320.2785451179,211054.2139120841
2011-03-31,200172.68197937394,211348.5832612548,209612.229475741,211348.5832612548
2011-04-01,201276.946603634,212458.68585951425,210721.42505200751,212458.68585951425
2011-04-04,200611.3481445683,211756.11074443316,210024.59484778674,211756.11074443316
2011-04-05,200086.00715423218,211201.5849613352,209474.60338582433,211201.5849613352
2011-04-06,200576.329473781,211719.14664644998,209987.93300282018,211719.14664644998
2011-04-07,200436.28525489525,211571.32241119226,209841.317516686,211571.32241119226
2011-04-08,199490.47650100445,210572.97019889555,208851.1287652687,210572.97019889555
2011-04-11,198824.84757767533,209870.3629271394,208154.26666731588,209870.3629271394
2011-04-12,197458.73861367855,208428.36114735674,206724.05604196983,208428.36114735674
2011-04-13,199140.16793607795,210203.2005923634,208484.382740675,210203.2005923634
2011-04-14,198789.82890688803,209833.3988291562,208117.60482234933,209833.3988291562
2011-04-15,198439.59650262006,209463.70961431172,207750.9385320857,209463.70961431172
2011-04-18,197038.4536357043,207984.72765820834,206284.05011490712,207984.72765820834
2011-04-19,198264.4117558934,209278.7926543706,207567.53362605686,209278.7926543706
2011-04-20,202748.17250851946,214011.64424659658,212261.68499971728,214011.64424659658
2011-04-21,204359.53402508088,215712.52333896182,213948.65611475732,215712.52333896182
2011-04-25,204884.96640820723,216267.14559208497,214498.7432579158,216267.14559208497
2011-04-26,206040.90241895345,217487.29847061838,215708.91902599845,217487.29847061838
2011-04-27,207442.12144652774,218966.3608184094,217175.8871775071,218966.3608184094
2011-04-28,207126.84678452025,218633.57138819798,216845.81894474602,218633.57138819798
2011-04-29,206951.64680566188,218448.63834991932,216662.39809185112,218448.63834991932
2011-05-02,207566.0044277894,219041.58865703945,217258.6743653979,219041.58865703945
2011-05-03,206580.47609969115,218001.57398195687,216227.12500979681,218001.57398195687
2011-05-04,206263.69093752603,217667.2748977937,215895.54699161244,217667.2748977937
2011-05-05,205137.37940792055,216478.69362000862,214716.64030831846,216478.69362000862
2011-05-06,205806.06135045667,217184.34460270766,215416.54756340085,217184.34460270766
2011-05-09,206580.47609969115,218001.57398195687,216227.12500979681,218001.57398195687
2011-05-10,208340.43448287316,219858.83418834378,218069.26783237746,219858.83418834378
2011-05-11,206826.83904940414,218261.55746065866,216484.99232296762,218261.55746065866
2011-05-12,208058.82216231094,219561.65252677357,217774.50511524093,219561.65252677357
2011-05-13,205594.93246574362,216961.5431548192,215195.5596336122,216961.5431548192
2011-05-16,202039.8428577767,213209.90531945243,211474.45868740306,213209.90531945243
2011-05-17,202603.03688720262,213804.23633848267,212063.95208050899,213804.23633848267
2011-05-18,204292.54244623394,215587.14863529798,213832.35215690886,215587.14863529798
2011-05-19,204890.9705406598,216218.66168514156,214458.72493339694,216218.66168514156
2011-05-20,203342.17165388935,214584.2352307533,212837.60208177211,214584.2352307533
2011-05-23,200350.30668704683,211426.96071852694,209706.02656983605,211426.96071852694
2011-05-24,199118.36949168783,210126.9141085773,208416.56183931348,210126.9141085773
2011-05-25,199892.7842409223,210944.1434878265,209227.13928570945,210944.1434878265
2011-05-26,201124.70613043208,212244.17394572106,210516.58799564847,212244.17394572106
2011-05-27,202145.453217681,213321.35449956192,211585.0007140481,213321.35449956192
2011-05-31,205418.945810935,216775.82682541356,215011.35496370427,216775.82682541356
2011-06-01,201948.37364804864,213058.10925012318,211332.03535396283,213058.10925012318
2011-06-02,202372.87054672305,213505.95889100083,211776.25677539725,213505.95889100083
2011-06-03,199330.75813784765,210296.4915095457,208592.79064724903,210296.4915095457
2011-06-06,197703.57386324278,208579.79135154866,206889.99820363417,208579.79135154866
2011-06-07,197349.80337468922,208206.55897518364,206519.78954067914,208206.55897518364
2011-06-08,195934.84447642998,206713.75929532514,205039.08366268844,206713.75929532514
2011-06-09,196288.6303469779,207087.00789989036,205409.30842237215,207087.00789989036
2011-06-10,193281.8503791742,203914.81669429116,202262.81648000627,203914.81669429116
2011-06-13,193281.8503791742,203914.81669429116,202262.81648000627,203914.81669429116
2011-06-14,195758.0130691335,206527.19990584333,204854.0356697613,206527.19990584333
2011-06-15,192043.76903419456,202608.62508851508,200967.20688512875,202608.62508851508
2011-06-16,191300.91099801013,201824.9003881293,200189.83147016502,201824.9003881293
2011-06-17,190701.7823172344,201192.8119903982,199562.863888005,201192.8119903982
2011-06-20,191694.41317802566,202240.05020560703,200601.61798330542,202240.05020560703
2011-06-21,195807.0047212072,206578.8867234755,204905.30375061315,206578.8867234755
2011-06-22,194388.89251410178,205082.76026257634,203421.29804324266,205082.76026257634
2011-06-23,196196.99980650598,206990.33651130798,205313.42020961407,206990.33651130798
2011-06-24,192793.4874398687,203399.58756618935,201751.76144108459,203399.58756618935
2011-06-27,195877.90033326612,206653.68249819035,204979.49357310805,206653.68249819035
2011-06-28,198785.05112352467,209720.76365110395,208021.72700380124,209720.76365110395
2011-06-29,199600.45064516578,210581.02054362578,208875.0145912288,210581.02054362578
2011-06-30,202259.41295623776,213386.2596863368,211657.52730463955,213386.2596863368
2011-07-01,206308.131970559,217602.71361965407,215847.92095393894,217602.71361965407
2011-07-05,207341.22434793,218692.3638558735,216928.78402840425,218692.3638558735
2011-07-06,208018.18990371077,219406.3906882523,217637.0528027711,219406.3906882523
2011-07-07,210868.20917449717,222412.43762042042,220618.8583593533,222412.43762042042
2011-07-08,210298.14349276669,221811.16302159027,220022.43256152642,221811.16302159027
2011-07-11,206486.24175203402,217790.57423087175,216034.26661887098,217790.57423087175
2011-07-12,204918.71183198487,216137.22803930537,214394.25334821627,216137.22803930537
2011-07-13,205773.72534166745,217039.05027050537,215288.8031010047,217039.05027050537
2011-07-14,203386.77913720146,214521.42788502394,212791.48333594378,214521.42788502394
2011-07-15,206094.3013086719,217377.17654635842,215624.20265760378,217377.17654635842
2011-07-18,204989.9681100895,216212.38532627176,214468.80455149116,216212.38532627176
2011-07-19,209656.86790361148,221134.78004509115,219351.50407530746,221134.78004509115
2011-07-20,208766.24171176986,220195.3954735071,218419.69489250914,220195.3954735071
2011-07-21,210155.6927641306,221660.91366005404,219873.39484148702,221660.91366005404
2011-07-22,212328.83922049607,223953.0315784381,222147.02865346806,223953.0315784381
2011-07-25,211901.31700876146,223502.10415973896,221699.73760544622,223502.10415973896
2011-07-26,212435.72363765302,224065.76750888766,222258.85545838042,224065.76750888766
2011-07-27,206949.36118903433,218279.0476868558,216518.80092527508,218279.0476868558
2011-07-28,207305.62712266427,218654.81781858855,216891.540770022,218654.81781858855
2011-07-29,206628.73885135003,217940.87250170537,216183.35285379319,217940.87250170537
2011-08-01,206666.5564713768,217926.03073312793,216176.69255769296,217926.03073312793
2011-08-02,201439.93661034762,212414.6575341325,210709.56031285817,212414.6575341325
2011-08-03,203373.05253667195,214453.0922376652,212731.63207143644,214453.0922376652
2011-08-04,193922.12550107963,204487.26588055794,202845.80350274206,204487.26588055794
2011-08-05,192705.0204303525,203203.8512750339,201572.6911367293,203203.8512750339
2011-08-08,181106.2161482263,190973.12840621668,189440.1468579392,190973.12840621668
2011-08-09,189841.1012641699,200183.9019088521,198576.98354054795,200183.9019088521
2011-08-10,182072.72751531116,191992.29662328825,190451.1339969481,191992.29662328825
2011-08-11,190091.7570959152,200448.21381023095,198839.1737545921,200448.21381023095
2011-08-12,191774.20165846843,202222.32023415322,200599.03905236613,202222.32023415322
2011-08-15,194602.38163337295,205204.58328944934,203557.36285362148,205204.58328944934
2011-08-16,192955.66073007206,203468.14679818114,201834.86510401336,203468.14679818114
2011-08-17,191810.03404190112,202260.1048144284,200636.52032785254,202260.1048144284
2011-08-18,182395.00151784453,192332.1285505227,190788.2380216849,192332.1285505227
2011-08-19,179101.4509870624,188859.1409203652,187343.12879514814,188859.1409203652
2011-08-22,179745.84367187152,189538.64099251822,188017.174377021,189538.64099251822
2011-08-23,187156.17316286726,197352.6952834988,195768.50360743792,197352.6952834988
2011-08-24,188623.91853331393,198900.4054121701,197303.7899407348,198900.4054121701
2011-08-25,185545.26911097326,195654.0269942742,194083.47088655617,195654.0269942742
2011-08-26,190199.12999000712,200561.4365252038,198951.4876069708,200561.4365252038
2011-08-29,195497.36802182434,206148.32975005484,204493.5336624982,206148.32975005484
2011-08-30,196786.0757313138,207507.24800320293,205841.54359244354,207507.24800320293
2011-08-31,197108.30313776986,207847.0307957426,206178.59887690013,207847.0307957426
2011-09-01,196317.99938678858,206959.20520804144,205305.92485559956,206959.20520804144
2011-09-02,191712.3345515238,202103.89526836012,200489.40124832717,202103.89526836012
2011-09-06,191748.35033629197,202141.8632499708,200527.0659251491,202141.8632499708
2011-09-07,196605.86026903416,207262.6692795281,205606.96472379187,207262.6692795281
2011-09-08,195706.30867209978,206314.35845664545,204666.22942116647,206314.35845664545
2011-09-09,191352.50454583592,201724.56106456943,200113.0973315223,201724.56106456943
2011-09-12,193799.29862763814,204303.98098561214,202671.91172177033,204303.98098561214
2011-09-13,196390.01534480142,207035.1247135335,205381.2378829856,207035.1247135335
2011-09-14,199196.5613746739,209993.79654972014,208316.2745587493,209993.79654972014
2011-09-15,202147.09248600155,213104.25802370283,211401.8883105116,213104.25802370283
2011-09-16,204000.02421297855,215057.62592026734,213339.65185277243,215057.62592026734
2011-09-19,204072.08700556197,215133.59479894745,213415.01385893195,215133.59479894745
2011-09-20,203170.84936408707,214183.50654129498,212472.51532046052,214183.50654129498
2011-09-21,199638.13331752963,210459.303424388,208778.0627615705,210459.303424388
2011-09-22,193149.29723422325,203618.74696639096,201992.15165061376,203618.74696639096
2011-09-23,195204.08596035614,205784.9133034524,204141.01370666202,205784.9133034524
2011-09-26,197475.20356795102,208179.13439611832,206516.10871750943,208179.13439611832
2011-09-27,199529.9610710369,210345.26781772106,208664.938121042,210345.26781772106
2011-09-28,196573.9503149526,207229.02968073648,205573.59385278015,207229.02968073648
2011-09-29,194230.78552629784,204758.8561671198,203123.15316203106,204758.8561671198
2011-09-30,189220.00165560417,199476.46815080315,197882.96316397877,199476.46815080315
2011-10-03,185353.19957528554,195345.88255911318,193793.36053079687,195345.88255911318
2011-10-04,189158.73857900963,199356.58416555435,197772.18686804155,199356.58416555435
2011-10-05,194015.56067554638,204475.24519247236,202850.1670579966,204475.24519247236
2011-10-06,197277.49385408597,207913.03432732815,206260.6341766898,207913.03432732815
2011-10-07,195972.68605107267,206537.88228013556,204896.41122519955,206537.88228013556
2011-10-10,202750.34395342396,213680.93439713336,211982.69354692055,213680.93439713336
2011-10-11,204127.6995034994,215132.54535471974,213422.7677474549,215132.54535471974
2011-10-12,205142.50467243226,216202.0602689752,214483.7826337485,216202.0602689752
2011-10-13,207027.22356652247,218188.3873277231,216454.3232501422,218188.3873277231
2011-10-14,210869.0992285003,222237.38455890716,220471.1408555688,222237.38455890716
2011-10-17,207607.08756905733,218799.51271211889,217060.5916823007,218799.51271211889
2011-10-18,210180.4293015529,221511.58735130721,219751.11196075912,221511.58735130721
2011-10-19,206121.03596783406,217233.3457280338,215506.87189552002,217233.3457280338
2011-10-20,205106.26219126253,216163.86389855132,214445.88983105638,216163.86389855132
2011-10-21,207679.61961993878,218875.95508012615,217136.4265204298,218875.95508012615
2011-10-24,211992.64753712298,223421.50512682082,221645.85056085367,223421.50512682082
2011-10-25,207824.55815225633,219028.70747704874,217287.96490936822,219028.70747704874
2011-10-26,207570.89217642962,218761.3659688545,217022.74811235353,218761.3659688545
2011-10-27,213297.43964395564,224796.6406316269,223010.05710142892,224796.6406316269
2011-10-28,213623.62197448313,225140.40796544196,223351.09232565775,225140.40796544196
2011-10-31,210035.49076923536,221358.83495438463,219599.5735718207,221358.83495438463
2011-11-01,205562.2936713284,216590.58534739295,214877.16505881806,216590.58534739295
2011-11-02,207310.51327109843,218432.59586239234,216704.60366533347,218432.59586239234
2011-11-03,211608.2625054384,222960.91672181193,221197.10156032798,222960.91672181193
2011-11-04,210515.62722719315,221809.66222732404,220054.95449220864,221809.66222732404
2011-11-07,212008.83077195374,223382.97523150564,221615.82121938647,223382.97523150564
2011-11-08,214449.13315634182,225954.1983503931,224166.70372258517,225954.1983503931
2011-11-09,206909.929231695,218010.52073360467,216285.86751865258,218010.52073360467
2011-11-10,206800.54425263198,217895.26731713256,216171.52585714796,217895.26731713256
2011-11-11,210697.70944756854,222001.51304776446,220245.28760546155,222001.51304776446
2011-11-14,209386.5565774071,220620.01762583537,218874.7210162918,220620.01762583537
2011-11-15,211717.47398273216,223075.9873282507,221311.26185798593,223075.9873282507
2011-11-16,208221.0505560802,219391.9829173459,217656.40113257748,219391.9829173459
2011-11-17,203340.57197040896,214249.66963232248,212554.76802715944,214249.66963232248
2011-11-18,201774.49768256673,212599.57641413924,210917.72848438664,212599.57641413924
2011-11-21,197913.78363205912,208531.7374096021,206882.06963149298,208531.7374096021
2011-11-22,198569.35218069577,209222.47681101967,207567.34468226664,209222.47681101967
2011-11-23,194089.4891802042,204502.27189297182,202884.4806987744,204502.27189297182
2011-11-25,192596.3014083317,202928.97550788414,201323.63045921898,202928.97550788414
2011-11-28,199297.77569952596,209989.9798073449,208328.77606101288,209989.9798073449
2011-11-29,198059.52511822234,208685.29783760532,207034.41526268295,208685.29783760532
2011-11-30,205380.1956780649,216398.7179078586,214686.81545794272,216398.7179078586
2011-12-01,207800.244342605,218894.96740710555,217171.22594712098,218894.96740710555
2011-12-02,207214.74555100454,218278.20807985,216559.3234406312,218278.20807985
2011-12-05,209483.80299235237,220668.4134246031,218930.70653424057,220668.4134246031
2011-12-06,208898.28835161566,220051.63740200544,218318.7874638802,220051.63740200544
2011-12-07,208898.28835161566,220051.63740200544,218318.7874638802,220051.63740200544
2011-12-08,205384.83597706142,216350.59727355174,214646.89207269502,216350.59727355174
2011-12-09,208678.66687050453,219820.2900467518,218089.26190943192,219820.2900467518
2011-12-12,206336.4339670588,217353.00230759836,215641.40342541426,217353.00230759836
2011-12-13,204067.40822398348,214962.83035352945,213270.053459546,214962.83035352945
2011-12-14,200883.38014652784,211608.8029102852,209942.43811809798,211608.8029102852
2011-12-15,200334.42946313566,211030.54304187463,209368.73189713593,211030.54304187463
2011-12-16,201365.7803067775,212116.95903728635,210446.59264654882,212116.95903728635
2011-12-19,199383.7348739049,210029.08964232675,208375.16468503905,210029.08964232675
2011-12-20,205293.30721517812,216254.18167301844,214551.23572017002,216254.18167301844
2011-12-21,202356.89019346322,213160.9855591476,211482.3977285918,213160.9855591476
2011-12-22,204082.11622242985,214978.32363098313,213285.4247314323,214978.32363098313
2011-12-23,205843.96960528605,216834.24463837405,215126.73083915334,216834.24463837405
2011-12-27,206611.73346384027,217643.00039959198,215929.11785716476,217643.00039959198
2011-12-28,204223.77580229353,215127.54659852711,213433.47260656103,215127.54659852711
2011-12-29,205693.24431948343,216675.4719351582,214969.20843006021,216675.4719351582
2011-12-30,205105.49495053448,216056.34186932677,214354.9538539499,216056.34186932677
2012-01-03,210036.14536233962,221196.87078892195,219462.87481358665,221196.87078892195
2012-01-04,210922.03348712545,222129.832497649,220388.52289331748,222129.832497649
2012-01-05,212656.91166581452,223956.8971853197,222201.2649424997,223956.8971853197
2012-01-06,213395.25528187034,224734.47428833114,222972.74650011605,224734.47428833114
2012-01-09,212693.88936136453,223995.83977079968,222239.90225111812,223995.83977079968
2012-01-10,214244.2134859066,225628.54372499615,223859.80719023183,225628.54372499615
2012-01-11,214687.11773596582,226094.9826515114,224322.58963092775,226094.9826515114
2012-01-12,215536.139639736,226989.11917273368,225209.71687971472,226989.11917273368
2012-01-13,214761.00942733194,226172.80073791408,224399.79768949345,226172.80073791408
2012-01-17,216717.419355718,228233.16874453897,226444.0141573626,228233.16874453897
2012-01-18,219596.64732963953,231265.39073195294,229452.46609457763,231265.39073195294
2012-01-19,220962.4014751011,232703.71718153587,230879.51728395504,232703.71718153587
2012-01-20,220630.20736262322,232353.87121551012,230532.4138137653,232353.87121551012
2012-01-23,220704.0512791889,232431.63898849487,230609.57195332763,232431.63898849487
2012-01-24,220298.02917507882,232004.0420206237,230185.32698324334,232004.0420206237
2012-01-25,223066.51516155203,234919.63750526955,233078.06667061662,234919.63750526955
2012-01-26,222291.2575496801,234103.18490133542,232268.014363053,234103.18490133542
2012-01-27,222955.67762450283,234802.91037566555,232962.25458276807,234802.91037566555
2012-01-30,223140.34315318422,234997.38850711496,233155.20817051115,234997.38850711496
2012-01-31,223435.59141997903,235308.32542993937,233463.70761141804,235308.32542993937
2012-02-01,226244.06138000725,238212.90829398576,236353.35780913895,238212.90829398576
2012-02-02,226948.49217994,238954.60515232667,237089.26479336087,238954.60515232667
2012-02-03,230062.96599163648,242233.8420081553,240342.9030931379,242233.8420081553
2012-02-06,229877.62482406182,242038.69585366506,240149.28029911034,242038.69585366506
2012-02-07,230359.5566474723,242546.12301243236,240652.7463525544,242546.12301243236
2012-02-08,231583.17305344093,243834.4716255367,241931.0377890544,243834.4716255367
2012-02-09,233251.65944755034,245591.22490323783,243674.07740433185,245591.22490323783
2012-02-10,231620.17090625878,243873.42675243202,241969.68882233184,243873.42675243202
2012-02-13,233770.65310623054,246137.67455617565,244216.2613324425,246137.67455617565
2012-02-14,234363.914395967,246762.32077382377,244836.0314030119,246762.32077382377
2012-02-15,232732.48983712736,245044.58999029317,243131.70966240103,245044.58999029317
2012-02-16,235921.21528426718,248402.00656901332,246462.91739428957,248402.00656901332
2012-02-17,235179.56269293494,247621.11879831384,245688.12543192817,247621.11879831384
2012-02-21,235846.97964443685,248323.84368794062,246385.36467252535,248323.84368794062
2012-02-22,234771.70655322503,247191.6861024312,245262.04499677545,247191.6861024312
2012-02-23,236328.9914459122,248831.35505580195,246888.91427770583,248831.35505580195
2012-02-24,237144.65573849308,249690.16992211083,247741.0250169694,249690.16992211083
2012-02-27,237478.4042032765,250041.57447147122,248089.6864131362,250041.57447147122
2012-02-28,239888.38323258836,252579.04710168377,250607.35088730216,252579.04710168377
2012-02-29,238813.1421326025,251446.92319981195,249484.06463224685,251446.92319981195
2012-03-01,241703.76361075524,254437.57889978448,252459.178426886,254437.57889978448
2012-03-02,241517.63661605748,254241.6460719653,252264.769091001,254241.6460719653
2012-03-05,239023.10442426143,251615.69303802622,249659.234372417,251615.69303802622
2012-03-06,236677.62802386988,249146.6485855647,247209.3881796366,249146.6485855647
2012-03-07,238501.92313983326,251067.0540669288,249114.86138908978,251067.0540669288
2012-03-08,241070.8547309597,253771.32612558815,251798.10615632925,253771.32612558815
2012-03-09,242076.00153810432,254829.42764717055,252847.98032187516,254829.42764717055
2012-03-12,242187.79338165768,254947.10908327872,252964.74671622788,254947.10908327872
2012-03-13,246692.7798082079,259689.43424290573,257670.19753371167,259689.43424290573
2012-03-14,247549.03144441292,260590.79626553372,258564.5509412619,260590.79626553372
2012-03-15,248256.50034400373,261335.53714697345,259303.50102828207,261335.53714697345
2012-03-16,248081.21523068505,261151.0173894665,259120.4160194356,261151.0173894665
2012-03-19,249834.00211568584,262996.1473315269,260951.19900077698,262996.1473315269
2012-03-20,250281.55497901505,263467.27887401514,261418.66722092702,263467.27887401514
2012-03-21,250318.85105095914,263506.5398358892,261457.62290593953,263506.5398358892
2012-03-22,249796.75422988122,262956.93709440983,260912.29364610685,262956.93709440983
2012-03-23,249647.5699421048,262799.89324691374,260756.47090605684,262799.89324691374
2012-03-26,254011.04973909966,267393.256703651,265314.11828471196,267393.256703651
2012-03-27,254383.8337760293,267785.68033161573,265703.49059024826,267785.68033161573
2012-03-28,253377.04864014295,266725.85416829726,264651.905193061,266725.85416829726
2012-03-29,252407.39895573579,265705.1198843297,263639.1077130782,265705.1198843297
2012-03-30,251922.37333795114,265194.541389192,263132.49926332687,265194.541389192
2012-04-02,255532.84665015063,268942.5595351033,266859.1476345177,268942.5595351033
2012-04-03,255457.88091375964,268863.6597878234,266780.8590983183,268863.6597878234
2012-04-04,251975.93289136438,265198.9880026213,263144.5763521074,265198.9880026213
2012-04-05,253548.42346597754,266853.9988770561,264786.7663871877,266853.9988770561
2012-04-09,251638.90151766938,264844.2700809395,262792.6063165938,264844.2700809395
2012-04-10,247595.42804069386,260588.60541564922,258569.90892291683,260588.60541564922
2012-04-11,248793.52531190286,261849.57577979233,259821.11095337753,261849.57577979233
2012-04-12,251638.90151766938,264844.2700809395,262792.6063165938,264844.2700809395
2012-04-13,247820.01887236815,260824.98220207973,258804.4545740643,260824.98220207973
2012-04-16,245049.38265115148,257908.95004948977,255911.01198892583,257908.95004948977
2012-04-17,250028.984512821,263149.8687325454,261111.33095294423,263149.8687325454
2012-04-18,249392.62232290188,262480.1118758759,260446.76248820534,262480.1118758759
2012-04-19,246584.3984201349,259524.5195359533,257514.06617583937,259524.5195359533
2012-04-20,245910.49692406,258815.25340596313,256810.29450347042,258815.25340596313
2012-04-23,243664.00810258285,256450.8745735141,254464.23175682622,256450.8745735141
2012-04-24,242353.63154066826,255071.7327874931,253095.77374065763,255071.7327874931
2012-04-25,248793.52531190286,261849.57577979233,259821.11095337753,261849.57577979233
2012-04-26,250253.63984502133,263386.3134043252,261345.94396355498,263386.3134043252
2012-04-27,251751.29368429555,264962.5603021788,262909.9801813625,264962.5603021788
2012-04-30,249954.08327695605,263071.0368706148,261033.10977620818,263071.0368706148
2012-05-01,251365.715976489,264504.28674420016,262463.0010784308,264504.28674420016
2012-05-02,252079.8842027872,265255.7836481377,263208.6983793571,265255.7836481377
2012-05-03,249410.9287637366,262447.32525509194,260421.91398612136,262447.32525509194
2012-05-04,243208.52998075774,255920.73486538115,253945.69191207326,255920.73486538115
2012-05-07,243434.14710953363,256158.1447185599,254181.26957819684,256158.1447185599
2012-05-08,242532.00238479854,255208.84602033,253239.29699875726,255208.84602033
2012-05-09,241780.12877008767,254417.6729146091,252454.2296932097,254417.6729146091
2012-05-10,241291.48053545484,253903.4836495048,251944.00863289053,253903.4836495048
2012-05-11,241253.88847367116,253863.92669779118,251904.75695803843,253863.92669779118
2012-05-14,238998.42952472286,251490.577737871,249549.72408392307,251490.577737871
2012-05-15,238209.06098533885,250659.94989478198,248725.50652903982,250659.94989478198
2012-05-16,236592.71565526872,248959.1202211661,247037.80284016844,248959.1202211661
2012-05-17,231593.19809129456,243698.28414339415,241817.56674437676,243698.28414339415
2012-05-18,228585.9950437828,240533.89836354705,238677.60179873573,240533.89836354705
2012-05-21,234976.3217566433,247258.23944037742,245350.04843853886,247258.23944037742
2012-05-22,234713.1773241574,246981.3407783821,245075.28671457412,246981.3407783821
2012-05-23,235164.26587604338,247456.00716322128,245546.28990854666,247456.00716322128
2012-05-24,233623.08848002224,245834.27435730837,243937.07266512676,245834.27435730837
2012-05-25,233322.3843647895,245517.8528150479,243623.0930748154,245517.8528150479
2012-05-29,236291.97916099912,248642.66460745712,246723.7894413516,248642.66460745712
2012-05-30,234299.71321309198,246546.26541670502,244643.5690039592,246546.26541670502
2012-05-31,233284.84087156106,245478.34697050706,243583.89211272149,245478.34697050706
2012-06-01,228082.10979951837,239951.42259932077,238107.33632014095,239951.42259932077
2012-06-04,229818.85980310067,241778.55246244444,239920.42423646402,241778.55246244444
2012-06-05,230762.74991655818,242771.56228553248,240905.80253242873,242771.56228553248
2012-06-06,236048.58008213397,248332.46519441548,246423.96852130085,248332.46519441548
2012-06-07,235104.67370788584,247339.438264331,245438.57324981122,247339.438264331
2012-06-08,237370.01323234197,249722.66526114155,247803.4845552315,249722.66526114155
2012-06-11,233367.89118272226,245512.27418721444,243625.45138243827,245512.27418721444
2012-06-12,236199.54526230416,248491.28654948206,246581.56929480744,248491.28654948206
2012-06-13,234576.0191438495,246783.27270265832,244886.6819586143,246783.27270265832
2012-06-14,235444.45918880316,247696.90606220596,245793.29381887557,247696.90606220596
2012-06-15,238369.61281448358,250774.28365407643,248847.0209996272,250774.28365407643
2012-06-18,240602.33319294432,253123.19401600293,251177.8794020257,253123.19401600293
2012-06-19,243100.0068938623,255750.8457781292,253785.33700773268,255750.8457781292
2012-06-20,243289.23371437506,255949.9198958489,253982.88119141385,255949.9198958489
2012-06-21,237234.38197773194,249579.97580372985,247661.89170173963,249579.97580372985
2012-06-22,239731.99063548743,252207.55913787032,250269.28140534688,252207.55913787032
2012-06-25,235115.14565704888,247350.4551700465,245449.50548787005,247350.4551700465
2012-06-26,236591.04005741162,248903.1545960765,246990.27203316853,248903.1545960765
2012-06-27,238029.0305548256,250415.9776133753,248491.468629841,250415.9776133753
2012-06-28,235380.1315010874,247629.2307842392,245726.13864222844,247629.2307842392
2012-06-29,242797.24723319997,255432.33061117696,253469.26970894777,255432.33061117696
2012-07-02,244515.91818069405,257188.4165493047,255219.54263396963,257188.4165493047
2012-07-03,246567.86614384953,259346.71058354233,257361.3141168317,259346.71058354233
2012-07-05,246719.81028301216,259506.52951412954,257519.90957348555,259506.52951412954
2012-07-06,243641.9373209157,256269.1399840273,254307.3034760321,256269.1399840273
2012-07-09,243185.99061060871,255789.5629760059,253831.39781011138,255789.5629760059
2012-07-10,240792.1111879278,253271.61623981714,251332.72690179854,253271.61623981714
2012-07-11,239462.2489280248,251872.83136152395,249944.65024705985,251872.83136152395
2012-07-12,237220.3952822344,249514.78942467942,247604.66000680032,249514.78942467942
2012-07-13,240830.1380415824,253311.61390684245,251372.41837166174,253311.61390684245
2012-07-16,240146.17715725803,252592.20546043178,250658.5172670809,252592.20546043178
2012-07-17,241400.10000267086,253911.1152209342,251967.33027805245,253911.1152209342
2012-07-18,244668.0092677669,257348.39004365457,255378.29147114247,257348.39004365457
2012-07-19,247365.7606412275,260185.9574672663,258194.13625048308,260185.9574672663
2012-07-20,244097.9983240417,256748.8372083086,254783.32843791207,256748.8372083086
2012-07-23,241134.12428518114,253631.35481052528,251689.71153864876,253631.35481052528
2012-07-24,239234.2184264618,251632.98274938329,249706.63776611985,251632.98274938329
2012-07-25,237638.31513888674,249954.36876567555,248040.87420285787,249954.36876567555
2012-07-26,240792.1111879278,253271.61623981714,251332.72690179854,253271.61623981714
2012-07-27,246491.77978144915,259266.6809019889,257281.89709254555,259266.6809019889
2012-07-30,246301.8251161775,259066.8814781278,257083.62720830843,259066.8814781278
2012-07-31,246225.85304659617,258986.9720128342,257004.3294799815,258986.9720128342
2012-08-01,246503.61438122694,259227.31751062543,257250.48812235016,259227.31751062543
2012-08-02,245626.0582483386,258304.46482603226,256334.67297656837,258304.46482603226
2012-08-03,250280.73375190335,263199.3993189822,261192.27941917136,263199.3993189822
2012-08-06,252188.29412019879,265205.42165867117,263183.00412760477,265205.42165867117
2012-08-07,254286.73020175652,267412.1720860643,265372.9262008748,267412.1720860643
2012-08-08,254172.2670711203,267291.8007463451,265253.47279528435,267291.8007463451
2012-08-09,254935.31089127675,268094.2303705059,266049.7832091772,268094.2303705059
2012-08-10,255087.85735798685,268254.65078243474,266208.9802786442,268254.65078243474
2012-08-13,255698.3383174013,268896.642754429,266846.0765143038,268896.642754429
2012-08-14,255812.8014480375,269017.01409414824,266965.5299198942,269017.01409414824
2012-08-15,256461.43131965338,269699.124099303,267642.43825449515,269699.124099303
2012-08-16,259513.60660027913,272908.8425959463,270827.67991006636,272908.8425959463
2012-08-17,260658.20511857758,274112.52151266293,272022.179748438,274112.52151266293
2012-08-20,261039.67784656014,274513.6846040302,272420.2836290858,274513.6846040302
2012-08-21,260009.60803502548,273430.4459879836,271345.30563136935,273430.4459879836
2012-08-22,261077.87594085722,274553.8543579039,272460.1470543258,274553.8543579039
2012-08-23,258941.30734112993,272307.003137588,270230.4299908806,272307.003137588
2012-08-24,260543.74198794135,273992.1501729438,271902.72634284757,273992.1501729438
2012-08-27,260963.46199231668,274433.5347388978,272340.744975034,274433.5347388978
2012-08-28,260963.46199231668,274433.5347388978,272340.744975034,274433.5347388978
2012-08-29,260963.46199231668,274433.5347388978,272340.744975034,274433.5347388978
2012-08-30,258330.82638171548,271665.0111655937,269593.333755221,271665.0111655937
2012-08-31,260047.69137109935,273470.4950601933,271385.049295246,273470.4950601933
2012-09-04,260780.26710550286,274189.28271685424,272105.9791487982,274189.28271685424
2012-09-05,260512.2793603244,273907.51535599155,271826.35267011164,273907.51535599155
2012-09-06,266295.4759663889,279988.07715166546,277860.7140601417,279988.07715166546
2012-09-07,265912.4858653208,279585.3941485952,277461.0906622055,279585.3941485952
2012-09-10,262503.87067439087,276001.51196060464,273904.4389862019,276001.51196060464
2012-09-11,262082.56839751985,275558.5468145665,273464.8395109884,275558.5468145665
2012-09-12,262848.5979710166,276363.9647306851,274264.1378224244,276363.9647306851
2012-09-13,266410.3302081968,280108.8370639389,277980.5564327009,280108.8370639389
2012-09-14,268784.96099469194,282605.56858160027,280458.3176622909,282605.56858160027
2012-09-17,268899.7987793797,282726.3111905477,280578.14286299556,282726.3111905477
2012-09-18,269129.63891995704,282967.9694417027,280817.96498294995,282967.9694417027
2012-09-19,269627.46680571284,283491.3950537204,281337.41358159087,283491.3950537204
2012-09-20,269359.3803178133,283209.5238729016,281057.6840717773,283209.5238729016
2012-09-21,269436.1198692605,283290.2092821194,281137.7564293132,283290.2092821194
2012-09-24,267861.45323809446,281634.57513882394,279494.7018751394,281634.57513882394
2012-09-25,264097.4300795354,277677.0103221678,275567.2068293424,277677.0103221678
2012-09-26,261946.4515564261,275415.43100507895,273322.81110241456,275415.43100507895
2012-09-27,265556.88041224936,279211.50388001744,277090.0412301581,279211.50388001744
2012-09-28,263367.7049131784,276909.7635432429,274805.7896289345,276909.7635432429
2012-10-01,263983.2958179104,277505.6040039765,275404.6986348653,277505.6040039765
2012-10-02,264754.36839818716,278316.1740874268,276209.1321538073,278316.1740874268
2012-10-03,266450.72477086005,280099.42479784024,277978.88244859705,280099.42479784024
2012-10-04,267376.0911616558,281072.19225423224,278944.28539651586,281072.19225423224
2012-10-05,265949.53420155216,279572.5611899519,277456.00755505037,279572.5611899519
2012-10-08,263520.6291421925,277019.23764166626,274922.0143953201,277019.23764166626
2012-10-09,259318.17124586063,272601.51259883906,270537.73452306894,272601.51259883906
2012-10-10,258007.41724204586,271223.6163936937,269170.26992540725,271223.6163936937
2012-10-11,257197.6720910598,270372.3927716935,268325.49064273556,270372.3927716935
2012-10-12,257082.06737093002,270250.8663031875,268204.8842119026,270250.8663031875
2012-10-15,258971.2579673918,272236.8289980066,270175.81182408484,272236.8289980066
2012-10-16,262633.8692433863,276087.0542602812,273996.88827347395,276087.0542602812
2012-10-17,262479.70759030676,275924.9958144256,273836.05671981105,275924.9958144256
2012-10-18,259433.84204471012,272723.10853088804,270658.4098915588,272723.10853088804
2012-10-19,253226.57231210681,266197.8769588501,264182.5787418784,266197.8769588501
2012-10-22,254537.40891432125,267575.85999342415,265550.1295116113,267575.85999342415
2012-10-23,252108.50385496157,265022.5364451385,263016.13635188097,265022.5364451385
2012-10-24,251221.77699551528,264090.387795525,262091.0446988633,264090.387795525
2012-10-25,251221.77699551528,264090.387795525,262091.0446988633,264090.387795525
2012-10-26,251954.2265641225,264860.3564380826,262855.1841573185,264860.3564380826
2012-10-31,250412.06488388908,263239.1989052963,261246.2998850201,263239.1989052963
2012-11-01,254958.738490367,267967.5630572664,265946.4355247208,267967.5630572664
2012-11-02,252249.3609168595,265119.94422265154,263120.2946658847,265119.94422265154
2012-11-05,253913.78572924176,266869.29340560955,264856.4494989095,266869.29340560955
2012-11-06,254378.24050530334,267357.44617585174,265340.9204093297,267357.44617585174
2012-11-07,248378.6722637533,261051.7604378253,259082.79488684316,261051.7604378253
2012-11-08,244469.3744080522,256942.9974832392,255005.0220037324,256942.9974832392
2012-11-09,245514.50960097666,258041.45887495935,256095.19832342028,258041.45887495935
2012-11-12,245475.75113600053,258000.72282696594,256054.76952436112,258000.72282696594
2012-11-13,243772.7005363143,256210.77704333328,254278.32428782375,256210.77704333328
2012-11-14,240908.4217805745,253200.35346406346,251290.6066282976,253200.35346406346
2012-11-15,240095.57202216244,252346.02946566633,250442.72631187143,252346.02946566633
2012-11-16,241140.62429154178,253444.4037028123,251532.8161343427,253444.4037028123
2012-11-19,246869.13204889433,259465.19856860742,257508.19955506502,259465.19856860742
2012-11-20,246946.6158094285,259546.6358027646,257589.0225542967,259546.6358027646
2012-11-21,247449.77929633914,260075.4723282557,258113.87036544608,260075.4723282557
2012-11-23,251204.2920627711,264021.55255459074,262030.1875439701,264021.55255459074
2012-11-26,252288.13596654462,265160.6977015598,263160.7407643872,265160.6977015598
2012-11-27,251436.49457373837,264265.6027933396,262272.3970500152,264265.6027933396
2012-11-28,253604.1160424493,266543.8233636184,264533.43429307605,266543.8233636184
2012-11-29,255113.62308789027,268130.3503710065,266107.99502596754,268130.3503710065
2012-11-30,254687.81068384164,267682.81163235387,265663.8318185032,267682.81163235387
2012-12-03,255184.39704103104,268153.7274895803,266138.7359956568,268153.7274895803
2012-12-04,255028.8866375212,267990.3135236477,265976.5499736892,267990.3135236477
2012-12-05,252192.27031791015,265009.5308097298,263018.16579910915,265009.5308097298
2012-12-06,253824.3303578291,266724.5376372072,264720.2855255876,266724.5376372072
2012-12-07,252308.85317073413,265132.0387957533,263139.75322157354,265132.0387957533
2012-12-10,253047.11133900256,265907.8177303838,263909.70270915853,265907.8177303838
2012-12-11,256350.24221920702,269378.82484595734,267354.6275849709,269378.82484595734
2012-12-12,255806.12230628388,268807.0509266131,266787.15015478875,268807.0509266131
2012-12-13,253785.4694068878,266683.701641866,264679.7563847662,266683.701641866
2012-12-14,251376.2569478868,264152.0448921331,262167.1233005404,264152.0448921331
2012-12-17,254718.06562973512,267663.69554548623,265652.3863057993,267663.69554548623
2012-12-18,258604.0108744427,271747.13761432556,269705.1441059109,271747.13761432556
2012-12-19,257477.10989688872,270562.96373399947,268529.86848077044,270562.96373399947
2012-12-20,257477.10989688872,270562.96373399947,268529.86848077044,270562.96373399947
2012-12-21,254769.0810340557,267717.30372446025,265705.5916560465,267717.30372446025
2012-12-24,254261.141432356,267183.54892160115,265175.847654744,267183.54892160115
2012-12-26,252033.86282551265,264843.07251509576,262852.9583244839,264843.07251509576
2012-12-27,251643.17207408237,264432.5255439387,262445.4963324636,264432.5255439387
2012-12-28,249220.42321700286,261886.64443079,259918.74577116498,261886.64443079
2012-12-31,254495.55588321417,267429.8771042954,265420.32484995615,267429.8771042954
2013-01-02,263583.8115979721,276929.22045593755,274855.7992073688,276929.22045593755
2013-01-03,262211.0459251028,275486.9508212749,273424.3281171926,275486.9508212749
2013-01-04,261348.05338202041,274580.26444032375,272524.4302680004,274580.26444032375
2013-01-07,261426.55587015554,274662.74155722756,272606.2898631908,274662.74155722756
2013-01-08,260916.6657470926,274127.03538679937,272074.59462579066,274127.03538679937
2013-01-09,261897.2031058135,275157.2179489693,273097.0640170254,275157.2179489693
2013-01-10,263466.2333556833,276805.6891556569,274733.19280920736,276805.6891556569
2013-01-11,263819.1686424514,277176.4937708703,275101.22114040505,277176.4937708703
2013-01-14,262642.3332800798,275940.0745176135,273874.0591910457,275940.0745176135
2013-01-15,261348.05338202041,274580.26444032375,272524.4302680004,274580.26444032375
2013-01-16,262407.14336885186,275692.9767979903,273628.81153860386,275692.9767979903
2013-01-17,263662.3140861073,277011.6975728413,274937.6588025592,277011.6975728413
2013-01-18,263074.00504153484,276393.60208316415,274324.1911102659,276393.60208316415
2013-01-22,263505.3592498124,276846.7960176266,274773.99189635675,276846.7960176266
2013-01-23,265113.54882046155,278536.40920534584,276450.95463180693,278536.40920534584
2013-01-24,261465.79875756055,274703.971335914,272647.21094675624,274703.971335914
2013-01-25,262799.4051096506,276105.09898954496,274037.8480936642,276105.09898954496
2013-01-28,263387.73086754815,276723.2120387531,274651.333214017,276723.2120387531
2013-01-29,263426.957041628,276764.42425790854,274692.236869523,276764.42425790854
2013-01-30,262877.80731783493,276187.470749263,274119.60312049795,276187.470749263
2013-01-31,262289.4481332871,275569.32258099294,273506.08314402634,275569.32258099294
2013-02-01,266387.882268969,279824.64750799997,277737.0325945005,279824.64750799997
2013-02-04,261741.95907306045,274944.3811476416,272893.1751671166,274944.3811476416
2013-02-05,265600.4203145223,278997.46549824724,276916.02172626485,278997.46549824724
2013-02-06,264734.2440395689,278087.59877024824,276012.94300413877,278087.59877024824
2013-02-07,264970.4876587878,278335.7586599208,276259.2515119147,278335.7586599208
2013-02-08,267687.0040829925,281189.29780884215,279091.5020040412,281189.29780884215
2013-02-11,267765.8861663306,281272.1587519781,279173.74476810615,281272.1587519781
2013-02-12,266663.4327195919,280114.0968893287,278024.3225561693,280114.0968893287
2013-02-13,267608.3233150521,281106.64833557385,279009.46913218574,281106.64833557385
2013-02-14,267529.5418894128,281023.89312737173,278927.3313142255,281023.89312737173
2013-02-15,266742.1805926649,280196.8168525528,278106.4253920946,280196.8168525528
2013-02-19,268671.31894383853,282223.2621041663,280117.7524710727,282223.2621041663
2013-02-20,264537.32402803696,277880.7459947209,275807.6334412732,277880.7459947209
2013-02-21,261702.53480767453,274902.96829856257,272852.07127610163,274902.96829856257
2013-02-22,264340.5382267702,277674.03419910534,275602.46380654717,277674.03419910534
2013-02-25,261072.68603335577,274241.34957268095,272195.3885168387,274241.34957268095
2013-02-26,262056.96734163555,275275.2786230272,273221.60400183534,275275.2786230272
2013-02-27,264734.2440395689,278087.59877024824,276012.94300413877,278087.59877024824
2013-02-28,264182.9250466422,277508.47091523424,275438.13569757435,277508.47091523424
2013-03-01,266285.1624647697,279666.3209803015,277587.34545457154,279666.3209803015
2013-03-04,267470.78133729845,280911.51866648055,278823.28662568226,280911.51866648055
2013-03-05,271422.6253321916,285061.9477061988,282942.8623243024,285061.9477061988
2013-03-06,270751.049121654,284356.62396108103,282242.7817947376,284356.62396108103
2013-03-07,271462.2150032373,285103.5268071434,282984.1323357115,285103.5268071434
2013-03-08,271778.41034701664,285435.6113577333,283313.74824563443,285435.6113577333
2013-03-11,272568.77241019416,286265.6900913935,284137.6563636636,286265.6900913935
2013-03-12,271580.71458432986,285227.98113863944,283107.6615021453,285227.98113863944
2013-03-13,271225.1821620466,284854.58277273405,282737.0388943697,284854.58277273405
2013-03-14,272134.1280038306,285809.2042664334,283684.56395001814,285809.2042664334
2013-03-15,271377.59650174656,285014.65612137277,282895.92229431175,285014.65612137277
2013-03-18,270783.24625097745,284390.43903594534,282276.34549606225,284390.43903594534
2013-03-19,270268.3784533498,283849.6984951621,281739.6246968987,283849.6984951621
2013-03-20,272169.72671271645,285846.59185443714,283721.67360723583,285846.59185443714
2013-03-21,269079.9979023644,282601.6003527709,280500.80463090446,282601.6003527709
2013-03-22,271694.39806762617,285347.3773574727,283226.1701567701,285347.3773574727
2013-03-25,270704.13426689716,284307.35157689056,282193.8756901924,284307.35157689056
2013-03-26,272169.72671271645,285846.59185443714,283721.67360723583,285846.59185443714
2013-03-27,272526.35370268073,286221.1397914022,284093.43724042265,286221.1397914022
2013-03-28,273199.73174001626,286928.3559073414,284795.3960733565,286928.3559073414
2013-04-01,272337.52168614324,285972.58256760647,283854.1592762676,285972.58256760647
2013-04-02,274484.49116910895,288227.0438843439,286091.920029196,288227.0438843439
2013-04-03,271979.7497774663,285596.89817398693,283481.2578717112,285596.89817398693
2013-04-04,272059.3053506967,285680.4368380444,283564.17769934004,285680.4368380444
2013-04-05,269793.14617101947,283300.8183811045,281202.1869433442,283300.8183811045
2013-04-08,271224.35211654374,284803.6801898397,282693.91587552626,284803.6801898397
2013-04-09,273053.133109678,286724.02234584955,284600.0325504984,286724.02234584955
2013-04-10,278380.5677611621,292318.18445877667,290152.7543155112,292318.18445877667
2013-04-11,278261.4287690862,292193.0805618273,290028.57716128224,292193.0805618273
2013-04-12,278062.7004006893,291984.4025053185,289821.4449468655,291984.4025053185
2013-04-15,272576.0700950183,286223.0743255215,284102.79544519755,286223.0743255215
2013-04-16,276194.0824655317,290022.2289001513,287873.80670110066,290022.2289001513
2013-04-17,270787.21055163344,284344.652357424,282238.2884224156,284344.652357424
2013-04-18,267049.9239766825,280420.2519038366,278342.95908204746,280420.2519038366
2013-04-19,270707.4690614058,284260.9184681054,282155.1748157122,284260.9184681054
2013-04-22,273490.5450993114,287183.33414228156,285055.94186408113,287183.33414228156
2013-04-23,276114.4930892108,289938.6547405919,287790.8516409129,289938.6547405919
2013-04-24,275995.2188847733,289813.4088616344,287666.5335564479,289813.4088616344
2013-04-25,277466.29557541135,291358.1376150288,289199.81929198164,291358.1376150288
2013-04-26,276591.6913162321,290439.74474292813,288288.22967644973,290439.74474292813
2013-04-29,279136.0499298107,293111.491181679,290940.1843930937,293111.491181679
2013-04-30,281163.6945037033,295240.6533762059,293053.5742127186,295240.6533762059
2013-05-01,280851.3952464088,294862.6665453972,292685.7929898565,294862.6665453972
2013-05-02,284402.5092562885,298590.94051477226,296386.5423454619,298590.94051477226
2013-05-03,287754.015371231,302109.6484390398,299879.27281276707,302109.6484390398
2013-05-06,288871.2293080031,303282.5985688025,301043.5634396182,303282.5985688025
2013-05-07,288711.617624509,303115.0240884778,300877.2261062646,303115.0240884778
2013-05-08,290108.12656451325,304581.2028466174,302332.58055150055,304581.2028466174
2013-05-09,289709.14824154304,304162.3200701883,301916.79024808464,304162.3200701883
2013-05-10,291464.60536923097,306005.3544237191,303746.2180884778,306005.3544237191
2013-05-13,291823.7910238189,306382.4593328961,304120.53895681957,306382.4593328961
2013-05-14,293339.8815120308,307974.1853903225,305700.5138271504,307974.1853903225
2013-05-15,293938.46772993816,308602.6342118591,306324.3230188666,308602.6342118591
2013-05-16,293619.1765152629,308267.41401869943,305991.5776455352,308267.41401869943
2013-05-17,296452.0549113407,311241.62063474086,308943.82667770534,311241.62063474086
2013-05-20,296013.2160723013,310780.8887585495,308486.4962325911,310780.8887585495
2013-05-21,296332.2019723854,311115.7884054131,308818.92342611373,311115.7884054131
2013-05-22,293738.9276826879,308393.13939926185,306116.3748371905,308393.13939926185
2013-05-23,293060.58650879865,307680.9567619456,305409.4500087656,307680.9567619456
2013-05-24,292901.00874914794,307513.41789787606,305243.14802872407,307513.41789787606
2013-05-28,294816.21325570386,309524.169196752,307239.0546157192,309524.169196752
2013-05-29,293419.7043156996,308057.99043861247,305783.70017048327,308057.99043861247
2013-05-30,294975.68924382416,309691.60121205624,307405.25053582445,309691.60121205624
2013-05-31,292262.52809132787,306843.08436032216,304577.7633419975,306843.08436032216
2013-06-03,293781.0255193829,308387.4638397969,306118.1216336659,308387.4638397969
2013-06-04,292259.6902698863,306790.4896362624,304532.8991431131,306790.4896362624
2013-06-05,288456.1989676016,302797.8933330307,300569.6833055792,302797.8933330307
2013-06-06,289857.5783980835,304268.9476588829,302029.91252969863,304268.9476588829
2013-06-07,293821.0561786228,308429.4847751415,306159.83334800357,308429.4847751415
2013-06-10,293941.14815634245,308555.54758117534,306284.9684910163,308555.54758117534
2013-06-11,291018.4334763639,305487.51905178867,303239.51677634404,305487.51905178867
2013-06-12,287655.6538621563,301957.5460903143,299735.5199571169,301957.5460903143
2013-06-13,291298.92040845286,305781.95145590394,303531.782529866,305781.95145590394
2013-06-14,289377.17644752865,303764.6607026597,301529.3364885026,303764.6607026597
2013-06-17,292179.59491173027,306706.4120334853,304449.4402452931,306706.4120334853
2013-06-18,294581.7748628855,309228.02547504054,306952.49779699725,309228.02547504054
2013-06-19,291298.92040845286,305781.95145590394,303531.782529866,305781.95145590394
2013-06-20,284372.7143085331,298511.38274095795,296314.71601712354,298511.38274095795
2013-06-21,282862.5951323524,296926.18226037925,294741.1806097971,296926.18226037925
2013-06-24,280051.2412531419,293975.0512564857,291811.7662024849,293975.0512564857
2013-06-25,282099.4766509159,296125.1224482848,293946.01558609185,296125.1224482848
2013-06-26,284629.74790370354,298781.19573652523,296582.54352984735,298781.19573652523
2013-06-27,285834.76946188504,300046.1295134528,297838.16899192904,300046.1295134528
2013-06-28,286236.3014826279,300467.62522206246,298256.5630245194,300467.62522206246
2013-07-01,289003.0352050853,303322.2137258739,301097.5018925357,303322.2137258739
2013-07-02,289123.9197751131,303449.0877407441,301223.4453520115,303449.0877407441
2013-07-03,290292.66417976754,304675.73970254074,302441.10045498505,304675.73970254074
2013-07-05,292509.2684190485,307002.1696112638,304750.46720145637,307002.1696112638
2013-07-08,292791.37795955705,307298.2567796201,305044.38272330165,307298.2567796201
2013-07-09,294564.68184568145,309159.4222167452,306891.89747285953,309159.4222167452
2013-07-10,296257.4757200637,310936.0886278604,308655.5329531367,310936.0886278604
2013-07-11,302141.43567029043,317111.58002472634,314785.7303089942,317111.58002472634
2013-07-12,303471.4392032583,318507.48099025345,316171.3930616386,318507.48099025345
2013-07-15,304156.44038080506,319226.4217911031,316885.06080290093,319226.4217911031
2013-07-16,303753.275481105,318803.28135665465,316465.0238850731,318803.28135665465
2013-07-17,304519.2648800521,319607.2230869355,317263.069117835,319607.2230869355
2013-07-18,303753.275481105,318803.28135665465,316465.0238850731,318803.28135665465
2013-07-19,300609.79845072347,315504.0550666085,313189.9957164838,315504.0550666085
2013-07-22,301496.39915703656,316434.5840098045,314113.6997103107,316434.5840098045
2013-07-23,299279.9315490865,314108.2975020589,311804.4753130448,314108.2975020589
2013-07-24,300247.17889847275,315123.4688722423,312812.2009253578,315123.4688722423
2013-07-25,302141.43567029043,317111.58002472634,314785.7303089942,317111.58002472634
2013-07-26,303753.275481105,318803.28135665465,316465.0238850731,318803.28135665465
2013-07-29,303189.2271892516,318211.286271164,315877.3707778893,318211.286271164
2013-07-30,304801.37442056066,319903.3102552918,317556.9846396803,319903.3102552918
2013-07-31,305365.45687024685,320495.34119102685,318144.6733341655,320495.34119102685
2013-08-01,309468.3960636467,324752.0359831633,322377.4797517381,324752.0359831633
2013-08-02,311206.9758201916,326576.4785525459,324188.5821692756,326576.4785525459
2013-08-05,311409.160165278,326788.648126389,324399.20037922304,326788.648126389
2013-08-06,309549.30407021433,324836.93977364525,322461.76273371873,324836.93977364525
2013-08-07,308983.25644103845,324242.9368887739,321872.1031418694,324242.9368887739
2013-08-08,310519.72038956307,325855.28180620284,323472.6587454629,325855.28180620284
2013-08-09,309266.3145241595,324539.9742921543,322166.96863579575,324539.9742921543
2013-08-12,309994.0068238053,325303.604953266,322925.01570159796,325303.604953266
2013-08-13,311732.518043284,327127.9756007591,324736.04672313214,327127.9756007591
2013-08-14,310560.0887215142,325897.643799082,323514.710991449,325897.643799082
2013-08-15,305303.94685139536,320381.91813711036,318039.3157948486,320381.91813711036
2013-08-16,305182.67051287653,320254.65235374926,317912.9805668819,320254.65235374926
2013-08-19,304656.9569471188,319702.9755008124,317365.33752301696,319702.9755008124
2013-08-20,305991.27081909,321103.18680534285,318755.31061466475,321103.18680534285
2013-08-21,304939.94649317366,319999.94098230335,317660.13162093994,319999.94098230335
2013-08-22,307931.9321151221,323139.6910657344,320776.9241481446,323139.6910657344
2013-08-23,309994.0068238053,325303.604953266,322925.01570159796,325303.604953266
2013-08-26,310155.7885684075,325473.3765732852,323093.5459675576,325473.3765732852
2013-08-27,303807.9540404211,318812.04309539485,316480.9195312463,318812.04309539485
2013-08-28,304980.41763072397,320042.4108580167,317702.2909609311,320042.4108580167
2013-08-29,307123.2975403756,322291.12065319606,319934.55840236007,322291.12065319606
2013-08-30,305142.1651067931,320212.14651709114,317870.78552888904,320212.14651709114
2013-09-03,307880.4792218441,323036.32513739145,320681.62373440125,323036.32513739145
2013-09-04,311166.15738529665,326483.7453901743,324103.9147844467,326483.7453901743
2013-09-05,311693.4460039164,327036.9905263266,324653.1271632991,327036.9905263266
2013-09-06,312058.563375615,327420.08130978723,325033.4254917475,327420.08130978723
2013-09-09,315709.2557702657,331250.4841282953,328835.90744133503,331250.4841282953
2013-09-10,317250.6905499369,332867.79818445916,330441.43244660646,332867.79818445916
2013-09-11,316642.2303574395,332229.385690515,329807.6735184634,332229.385690515
2013-09-12,316439.45613349613,332016.6296226382,329596.4682885963,332016.6296226382
2013-09-13,316642.2303574395,332229.385690515,329807.6735184634,332229.385690515
2013-09-16,315790.3929639765,331335.61541350884,328920.4181809902,331335.61541350884
2013-09-17,317899.7537194565,333548.8123935886,331117.48255421256,333548.8123935886
2013-09-18,321712.7548816956,337549.5138551021,335089.0217927459,337549.5138551021
2013-09-19,322483.4550814478,338358.1528468948,335891.7663905639,338358.1528468948
2013-09-20,321376.8262716328,337197.0486907712,334739.1258447921,337197.0486907712
2013-09-23,320725.7690524372,336513.94227208995,334060.9987783301,336513.94227208995
2013-09-24,320725.7690524372,336513.94227208995,334060.9987783301,336513.94227208995
2013-09-25,319627.32272232696,335361.4233896447,332916.8809257947,335361.4233896447
2013-09-26,322109.1925853733,337965.46675755834,335501.9426990866,337965.46675755834
2013-09-27,321702.4064514808,337538.6560089796,335078.24309247633,337538.6560089796
2013-09-30,320929.2308797171,336727.41979153635,334272.9202009061,336727.41979153635
2013-10-01,325183.8388838328,341142.25517655234,338662.8617171994,341142.25517655234
2013-10-02,325061.3439498301,341013.74879635574,338535.28931065666,341013.74879635574
2013-10-03,321265.96670837,337032.1131903502,334582.59190016706,337032.1131903502
2013-10-04,324041.03563975025,339943.3687950902,337472.68874197063,339943.3687950902
2013-10-07,321347.4920529597,337117.6393960891,334667.49650857557,337117.6393960891
2013-10-08,315144.1858202637,330609.90553995286,328207.0603193606,330609.90553995286
2013-10-09,314164.8126134105,329582.4695345469,327187.09163315373,329582.4695345469
2013-10-10,320817.06002033147,336561.1763798157,334115.0778190954,336561.1763798157
2013-10-11,323347.3115146382,339215.60011715273,336750.2094260885,339215.60011715273
2013-10-14,325632.711085685,341613.1558084888,339130.33988261607,341613.1558084888
2013-10-15,324367.58533853164,340285.9439398203,337812.77407911955,340285.9439398203
2013-10-16,328040.5711045482,344139.18170142337,341638.00683003146,344139.18170142337
2013-10-17,329917.79217366484,346108.52750649635,343593.03959403664,346108.52750649635
2013-10-18,335264.25461969676,351717.3679160212,349161.1154192425,351717.3679160212
2013-10-21,335998.87936184916,352488.0444112203,349926.1907019488,352488.0444112203
2013-10-22,336488.5487221826,353001.74432462425,350436.15708722477,353001.74432462425
2013-10-23,334447.9665882092,350861.02050069114,348310.9918655076,350861.02050069114
2013-10-24,335917.2505587004,352402.4096696873,349841.17834657535,352402.4096696873
2013-10-25,338325.0416051908,354928.3632054258,352348.7734626807,354928.3632054258
2013-10-28,338406.56694978045,355013.88941116474,352433.6780710892,355013.88941116474
2013-10-29,338978.0030580081,355613.3687804938,353028.8004743586,355613.3687804938
2013-10-30,338651.6257901586,355270.9745287539,352688.89471548464,355270.9745287539
2013-10-31,337876.13491715223,354457.4263948913,351881.25938160904,354457.4263948913
2013-11-01,338957.49829646037,355542.79740499536,352966.0077426105,355542.79740499536
2013-11-04,339448.68530547427,356058.0183519031,353477.49463550415,356058.0183519031
2013-11-05,339817.18797388027,356444.5519740674,353861.22686259303,356444.5519740674
2013-11-06,339735.1447666849,356358.4943664295,353775.7929558299,356358.4943664295
2013-11-07,333349.7482377034,349660.65833723923,347126.4993658799,349660.65833723923
2013-11-08,337852.1978204343,354383.4142221643,351815.0271673476,354383.4142221643
2013-11-11,337320.30050161056,353825.4909969304,351261.1474800778,353825.4909969304
2013-11-12,337852.1978204343,354383.4142221643,351815.0271673476,354383.4142221643
2013-11-13,341945.39983675064,358676.8979259886,356077.393929683,358676.8979259886
2013-11-14,343009.8516501724,359793.4337080522,357185.83763990074,359793.4337080522
2013-11-15,343664.5716623985,360480.18938047084,357867.61606364435,360480.18938047084
2013-11-18,340308.23663009953,356959.62779853394,354372.5696848176,356959.62779853394
2013-11-19,339325.82802387315,355929.14962410816,353349.55988136306,355929.14962410816
2013-11-20,338507.09077365365,355070.3512976344,352496.98567942757,355070.3512976344
2013-11-21,341945.39983675064,358676.8979259886,356077.393929683,358676.8979259886
2013-11-22,343787.32517940365,360608.9492664349,357995.4427647837,360608.9492664349
2013-11-25,344606.13160602044,361467.8201541292,358848.08900205366,361467.8201541292
2013-11-26,346407.03534507577,363356.84269075654,360723.4208837728,363356.84269075654
2013-11-27,348821.98337474605,365889.95490208664,363238.1744125266,365889.95490208664
2013-11-29,350909.5195160053,368079.63485629193,365411.98470290774,368079.63485629193
2013-12-02,350886.0315135448,368006.0819322923,365346.2101597155,368006.0819322923
2013-12-03,350598.71888935484,367704.751062375,365047.05724694196,367704.751062375
2013-12-04,350927.06626356486,368049.11880529876,365388.9359711137,368049.11880529876
2013-12-05,350475.44120417186,367575.4585461748,364918.6992302817,367575.4585461748
2013-12-06,353020.5322550816,370244.72691734985,367568.67468228366,370244.72691734985
2013-12-09,354457.1994371047,371751.490405245,369064.54759563075,371751.490405245
2013-12-10,354211.06031103304,371493.34192607884,368808.264960228,371493.34192607884
2013-12-11,349654.6421426959,366714.61194773787,364064.0746528387,366714.61194773787
2013-12-12,348751.46139795886,365767.3641883624,363123.67340416106,365767.3641883624
2013-12-13,348300.04446071305,365293.9222058556,362653.65336228797,365293.9222058556
2013-12-16,350229.2673910757,367317.2736875725,364662.3804783858,367317.2736875725
2013-12-17,349531.36445751286,366585.3194315377,363935.71663617843,366585.3194315377
2013-12-18,353595.1575034614,370847.3886571845,368166.9805078307,370847.3886571845
2013-12-19,352610.0806938068,369814.2490489771,367141.3082188224,369814.2490489771
2013-12-20,356200.7427251531,373580.1027650655,370879.9431238888,373580.1027650655
2013-12-23,359948.2941684529,377510.50067101704,374781.9329274792,377510.50067101704
2013-12-24,360112.84941282775,377683.08471627696,374953.26957098977,377683.08471627696
2013-12-26,361307.12366742856,378935.6287041138,376196.7604301945,378935.6287041138
2013-12-27,360401.13327370456,377985.43421040743,375253.4337455715,377985.43421040743
2013-12-30,359865.8777981674,377424.06313064235,374696.12013975135,377424.06313064235
2013-12-31,362213.079374128,379885.7868183841,377140.05099832424,379885.7868183841
2014-01-02,360371.4265366724,377905.5017727291,375181.3046682887,377905.5017727291
2014-01-03,357770.0368763593,375177.54002966074,372473.0079087854,375177.54002966074
2014-01-06,356448.47193607566,373791.67360100726,371097.1317377343,373791.67360100726
2014-01-07,359751.9668845823,377255.9019614986,374536.387609536,377255.9019614986
2014-01-08,360536.54389129486,378078.65300547157,375353.2077104527,378078.65300547157
2014-01-09,359339.051755717,376822.89621389256,374106.50325867673,376822.89621389256
2014-01-10,360495.25585676,378035.3560783038,375310.22289666533,378035.3560783038
2014-01-13,355168.33416439436,372449.25000323565,369764.3852324126,372449.25000323565
2014-01-14,361940.58055009757,379551.003860675,376814.944870122,379551.003860675
2014-01-15,364913.6668717748,382668.7473760387,379910.21359266824,382668.7473760387
2014-01-16,364955.02447334345,382712.1172550635,379953.2708324266,382712.1172550635
2014-01-17,362890.27491143264,380546.9061373904,377803.6680132027,380546.9061373904
2014-01-21,365657.02541098633,383448.2744447009,380684.1213057685,383448.2744447009
2014-01-22,366606.6502052877,384444.1037695593,381672.7720228782,384444.1037695593
2014-01-23,365368.1135197931,383145.3053823122,380383.33624821337,383145.3053823122
2014-01-24,358182.77808764024,375610.36339762417,372902.71119471715,375610.36339762417
2014-01-27,354714.0962174774,371972.9108525333,369291.4798547805,371972.9108525333
2014-01-28,354507.69082832005,371756.462692623,369076.5919988291,371756.462692623
2014-01-29,350708.6698983616,367772.5982542616,365121.44593560783,367772.5982542616
2014-01-30,357191.6217741859,374570.9818140983,371870.8221729216,374570.9818140983
2014-01-31,356241.89262933395,373575.0430614544,370882.06281685544,373575.0430614544
2014-02-03,349065.5879429361,366000.9302462129,363369.7558133337,366000.9302462129
2014-02-04,351633.07746751205,368692.9846533229,366042.45708731597,368692.9846533229
2014-02-05,350722.13182140497,367737.84336929163,365094.182297653,367737.84336929163
2014-02-06,355194.4654124328,372427.1576736142,369749.7852015784,372427.1576736142
2014-02-07,361530.6550506825,379070.75527222623,376345.62209058774,379070.75527222623
2014-02-10,363601.3348987685,381241.8966760746,378501.15519598685,381241.8966760746
2014-02-11,367742.5550612581,385584.0331804422,382812.0761552282,385584.0331804422
2014-02-12,368446.5722562391,386322.2066274177,383544.9428859082,386322.2066274177
2014-02-13,371179.75802876666,389187.9962378342,386390.1303837895,389187.9962378342
2014-02-14,371925.14696060464,389969.548621888,387166.0642011104,389969.548621888
2014-02-18,373747.31732018385,391880.1237966087,389062.9042835502,391880.1237966087
2014-02-19,371179.75802876666,389187.9962378342,386390.1303837895,389187.9962378342
2014-02-20,372919.1151477907,391011.74038673396,388200.7636671691,391011.74038673396
2014-02-21,372422.13105419767,390490.64450431097,387683.4139341397,390490.64450431097
2014-02-24,374409.99766172847,392574.9548823383,389752.7402404786,392574.9548823383
2014-02-25,373995.8616921113,392140.72660156863,389321.63361939875,392140.72660156863
2014-02-26,373664.57384646987,391793.36592245224,388976.77011026844,391793.36592245224
2014-02-27,376088.93669623625,394335.34968973754,391500.4795996912,394335.34968973754
2014-02-28,375673.1263224292,393899.3657690187,391067.62995992776,393899.3657690187
2014-03-03,373886.5480736889,391977.6078318525,389166.8743345933,391977.6078318525
2014-03-04,378640.0194466051,396961.08302573854,394114.61478144187,396961.08302573854
2014-03-05,379682.19241576263,398053.683092529,395199.3801976159,398053.683092529
2014-03-06,379348.7572259728,397704.1141424446,394852.3178834668,397704.1141424446
2014-03-07,377472.3492089103,395736.91331739735,392899.22316332016,395736.91331739735
2014-03-10,377806.0642142376,396086.7756223124,393246.57672875567,396086.7756223124
2014-03-11,376179.7763106953,394381.79734652065,391553.8242522344,394381.79734652065
2014-03-12,377597.6016388524,395868.2262734712,393029.59452039225,395868.2262734712
2014-03-13,372260.5050087418,390272.88624153764,387474.37670294766,390272.88624153764
2014-03-14,369717.0167504466,387606.3275001986,384826.938916038,387606.3275001986
2014-03-17,372969.24278810946,391015.9173582437,388212.07980497257,391015.9173582437
2014-03-18,377472.3492089103,395736.91331739735,392899.22316332016,395736.91331739735
2014-03-19,375429.3809931928,393595.0930294001,390772.7611149476,393595.0930294001
2014-03-20,376471.72884706117,394687.87644295976,391857.70856317563,394687.87644295976
2014-03-21,371941.4803191296,389938.4250652322,387142.31383004785,389938.4250652322
2014-03-24,368681.94410055137,386521.1713122361,383749.56400125625,386521.1713122361
2014-03-25,369893.6852853914,387791.5444064061,385010.827696985,387791.5444064061
2014-03-26,365129.6508759372,382796.99506766273,380052.09251407505,382796.99506766273
2014-03-27,363081.85584219894,380650.11440883664,377920.6063810122,380650.11440883664
2014-03-28,363792.3424686755,381394.97899323434,378660.1298035771,381394.97899323434
2014-03-31,366383.32941444946,384111.3347170778,381357.0074963521,384111.3347170778
2014-04-01,373818.9267730779,391858.3425896296,389055.63279902766,391858.3425896296
2014-04-02,374782.6354032306,392868.55699961365,390058.6217974032,392868.55699961365
2014-04-03,371807.4098986998,389749.7557524431,386962.1273224519,389749.7557524431
2014-04-04,361918.4456037323,379383.5787586648,376670.09290162375,379383.5787586648
2014-04-07,358482.25040471746,375781.5627582342,373093.83979664056,375781.5627582342
2014-04-08,361792.6118192064,379251.67260112544,376539.1301836875,379251.67260112544
2014-04-09,367994.23940707924,385752.5727265415,382993.53356666124,385752.5727265415
2014-04-10,356596.56731486524,373804.882078587,371131.29703800107,373804.882078587
2014-04-11,352448.19077182363,369456.3169306785,366813.8343697146,369456.3169306785
2014-04-14,355213.72837287607,372355.31134509336,369692.0941483055,372355.31134509336
2014-04-15,356387.1950479701,373585.40611411945,370913.39084344154,373585.40611411945
2014-04-16,361122.19971636427,378548.9083571116,375841.3923586958,378548.9083571116
2014-04-17,361206.05383531674,378636.809032328,375928.6643371199,378636.809032328
2014-04-21,363887.7723881482,381447.93953466957,378719.6886374868,381447.93953466957
2014-04-22,366779.0736322636,384478.7665803375,381728.83813361375,384478.7665803375
2014-04-23,363552.6014074586,381096.5941758058,378370.85622519103,381096.5941758058
2014-04-24,367030.565847658,384742.3950797005,381990.58106848586,384742.3950797005
2014-04-25,361164.1793819377,378592.9138394345,375885.083098208,378592.9138394345
2014-04-28,362337.4005619114,379822.7512664587,377106.1242919434,379822.7512664587
2014-04-29,365228.7368767583,382853.6150752698,380115.31028827047,382853.6150752698
2014-04-30,366192.4104361795,383863.7927221107,381118.2627864459,383863.7927221107
2014-05-01,368281.68801156257,386005.6501427503,383251.9510929308,386005.6501427503
2014-05-02,367609.34562412335,385300.95053690433,382552.27869493613,385300.95053690433
2014-05-05,369542.1497612872,387326.77300337766,384563.64928642014,387326.77300337766
2014-05-06,364752.30368023954,382306.4103006291,379579.10100244806,382306.4103006291
2014-05-07,363701.7840850738,381205.3332921331,378485.8788911821,381205.3332921331
2014-05-08,363365.7359730193,380853.11249431607,378136.17077699007,380853.11249431607
2014-05-09,364710.31524932774,382262.40113020287,379535.4057860034,382262.40113020287
2014-05-12,370718.7049815684,388559.9512403559,385788.03023833747,388559.9512403559
2014-05-13,370970.81139798934,388824.1905559221,386050.3845152988,388824.1905559221
2014-05-14,369038.0072608254,386798.3680894488,384039.0139238148,386798.3680894488
2014-05-15,366138.8010550796,383759.6343897388,381021.9580365888,383759.6343897388
2014-05-16,368533.8295941736,386269.9263169181,383514.3419655508,386269.9263169181
2014-05-19,371096.8470231048,388956.2917844043,386181.54335595015,388956.2917844043
2014-05-20,369752.23258060636,387546.96628991584,384782.27175127814,387546.96628991584
2014-05-21,373281.6872443095,391246.2798492404,388455.1950330782,391246.2798492404
2014-05-22,374920.3965341407,392963.8538297213,390160.5161311562,392963.8538297213
2014-05-23,377651.5435176692,395826.44027192105,393002.68136562756,395826.44027192105
2014-05-27,382357.5182354635,400758.89520962216,397899.94900368626,400758.89520962216
2014-05-28,381180.9278489923,399525.68011404225,396675.53145611024,399525.68011404225
2014-05-29,383617.9799851881,402080.0180702496,399211.6471971756,402080.0180702496
2014-05-30,383659.9684160999,402124.0272406759,399255.34241362027,402124.0272406759
2014-06-02,384281.6671292967,402727.53422100726,399861.67576861527,402727.53422100726
2014-06-03,384113.02853281394,402550.800819585,399686.2000237206,402550.800819585
2014-06-04,385545.3107207542,404051.8338461326,401176.55151543167,404051.8338461326
2014-06-05,388789.1797215483,407451.41148871166,404551.93734718655,407451.41148871166
2014-06-06,391021.8517858747,409791.2538285955,406875.1290824377,409791.2538285955
2014-06-09,390727.06037772243,409482.3121666069,406568.38588714943,409482.3121666069
2014-06-10,391400.98012122465,410188.5806664575,407269.628493864,410188.5806664575
2014-06-11,391316.67845193966,410100.23244090856,407181.90896510734,410100.23244090856
2014-06-12,387778.08855881874,406391.7870369895,403499.8533128268,406391.7870369895
2014-06-13,388915.4383069559,407583.7306002511,404683.3148597242,407583.7306002511
2014-06-16,389252.5392103579,407937.01265147387,405034.08291260677,407937.01265147387
2014-06-17,389463.1699808759,408157.753889211,405253.25332866376,408157.753889211
2014-06-18,391653.67358160345,410453.4036411582,407532.5669558459,410453.4036411582
2014-06-19,391400.98012122465,410188.5806664575,407269.628493864,410188.5806664575
2014-06-20,391861.342687454,410671.04105164896,407748.65563187125,410671.04105164896
2014-06-23,391945.9264200407,410759.6848797928,407836.66865967854,410759.6848797928
2014-06-24,391565.8108631349,410361.3234328487,407441.1420015751,410361.3234328487
2014-06-25,394057.87539125467,412973.00930906204,410034.2428012606,412973.00930906204
2014-06-26,394269.070288376,413194.3417519889,410254.00021541887,413194.3417519889
2014-06-27,396000.97421850957,415009.3786349628,412056.12107366015,415009.3786349628
2014-06-30,396676.7273734726,415717.5685516802,412759.27142420376,415717.5685516802
2014-07-01,402027.25389162253,421277.05863190483,418286.3143341347,421277.05863190483
2014-07-02,402704.72694120405,421986.29628097004,418990.51215408306,421986.29628097004
2014-07-03,405245.4894613202,424646.187235619,421631.5019746784,424646.187235619
2014-07-07,404017.5054946817,423360.6269286422,420355.07683456014,423360.6269286422
2014-07-08,399147.80786542344,418262.6043573131,415293.28071374045,418262.6043573131
2014-07-09,402111.8010578248,421365.56995118083,418374.19669367536,421365.56995118083
2014-07-10,400841.61419969564,420035.8279906858,417053.90385402046,420035.8279906858
2014-07-11,403424.650302913,422739.9746049728,419738.83485438616,422739.9746049728
2014-07-14,405838.2386156731,425266.72855010873,422247.6337345018,425266.72855010873
2014-07-15,404440.9835876037,423803.9605892803,420795.26017471775,423803.9605892803
2014-07-16,406050.030680842,425488.45088501764,422467.7805147559,425488.45088501764
2014-07-17,400672.1310634332,419858.3983184748,416877.73499365355,419858.3983184748
2014-07-18,407024.0550366263,426508.1442066272,423480.2279152003,426508.1442066272
2014-07-21,406515.7823568652,425976.04020529374,422951.90503468394,425976.04020529374
2014-07-22,409098.9244974983,428680.29782876046,425636.9462554002,428680.29782876046
2014-07-23,411724.44625864836,431428.9221210449,428366.0388762374,431428.9221210449
2014-07-24,411258.48250779364,430941.1107824094,427881.6939156082,430941.1107824094
2014-07-25,409649.4354145553,429256.62048667204,426209.17357557005,429256.62048667204
2014-07-28,409776.32685546926,429389.46147170593,426341.07059511484,429389.46147170593
2014-07-29,409056.54487698135,428635.93115994276,425592.89485527924,428635.93115994276
2014-07-30,410665.73335344077,430320.56946791965,427265.5621557848,430320.56946791965
2014-07-31,402365.9373977054,421631.62195184757,418638.35813393357,421631.62195184757
2014-08-01,401883.5525269645,421079.86670124775,418097.62834765774,421079.86670124775
2014-08-04,404643.0421355618,423965.6725959464,420962.95702776196,423965.6725959464
2014-08-05,401543.91813043656,420724.6854603077,417744.9674156907,420724.6854603077
2014-08-06,401246.9462079222,420414.11957816704,417436.60525911103,420414.11957816704
2014-08-07,399973.37923035235,419082.25477254717,416114.1911519895,419082.25477254717
2014-08-08,402859.9704122773,422100.9803449977,419111.4963331856,422100.9803449977
2014-08-11,405237.0922824362,424586.91552806535,421579.79171992966,424586.91552806535
2014-08-12,405067.328235095,424409.38049151405,421403.51644345035,424409.38049151405
2014-08-13,409354.9777413512,428893.2981627408,425855.61695589084,428893.2981627408
2014-08-14,411477.61299326655,431113.0975427378,428059.66499642865,431113.0975427378
2014-08-15,413472.72146447207,433199.5325736328,430131.29501984076,433199.5325736328
2014-08-18,416656.5680404996,436529.1204757908,433437.25670163904,436529.1204757908
2014-08-19,418991.34634218155,438970.77380357165,435861.58445002104,438970.77380357165
2014-08-20,418991.34634218155,438970.77380357165,435861.58445002104,438970.77380357165
2014-08-21,419840.3791825786,439858.671322003,436743.18159043445,439858.671322003
2014-08-22,420477.05636951793,440524.4925569754,437404.27826498676,440524.4925569754
2014-08-25,421962.97900054546,442078.4336460542,438947.1928379694,442078.4336460542
2014-08-26,422387.3714019242,442522.2527094594,439387.86263266625,442522.2527094594
2014-08-27,422472.20027467195,442610.96464381623,439475.94508140173,442610.96464381623
2014-08-28,422005.3580029708,442122.75255728676,438991.19726933434,442122.75255728676
2014-08-29,423576.0032049006,443765.29441288486,440622.08391204395,443765.29441288486
2014-09-02,425806.7141002754,446052.47508152673,442900.1296767703,446052.47508152673
2014-09-03,423296.41987080226,443429.8987712315,440296.1376541738,443429.8987712315
2014-09-04,422913.4364434782,443029.785010883,439898.859208552,443029.785010883
2014-09-05,425040.9248323042,445252.4330907195,442105.7570007013,445252.4330907195
2014-09-08,425849.4059373934,446097.0764670353,442944.41500475304,446097.0764670353
2014-09-09,422317.7396946069,442407.4435485288,439280.9278267502,442407.4435485288
2014-09-10,425806.7141002754,446052.47508152673,442900.1296767703,446052.47508152673
2014-09-11,425466.45802740473,445696.99981266476,442547.1734021661,445696.99981266476
2014-09-12,423296.41987080226,443429.8987712315,440296.1376541738,443429.8987712315
2014-09-15,419211.3935429088,439162.15471609985,436058.6359920026,439162.15471609985
2014-09-16,422870.7090890248,442985.1465193965,439854.5370375344,442985.1465193965
2014-09-17,423509.0621576787,443652.0522612813,440516.71690428397,443652.0522612813
2014-09-18,426700.40129292384,446986.1356989699,443827.17412161274,446986.1356989699
2014-09-19,426435.8681790678,446709.77037511976,443552.76719747373,446709.77037511976
2014-09-22,422469.3276819777,442565.8118624644,439438.1738998202,442565.8118624644
2014-09-23,421317.749117188,441362.72473904974,438243.6121783701,441362.72473904974
2014-09-24,425838.6797021109,446085.87046169123,442933.288408205,446085.87046169123
2014-09-25,416881.84703314735,436728.41072764585,433642.1381741515,436728.41072764585
2014-09-26,421317.749117188,441362.72473904974,438243.6121783701,441362.72473904974
2014-09-29,420763.252477349,440783.42621112976,437668.4187170841,440783.42621112976
2014-09-30,421360.36991963524,441407.2519126024,438287.823820283,441407.2519126024
2014-10-01,415621.0107959882,435366.583708353,432296.806427148,435366.583708353
2014-10-02,415621.0107959882,435366.583708353,432296.7191779416,435366.583708353
2014-10-03,419725.5706046839,439650.3442488385,436542.1844565173,439650.3442488385
2014-10-06,418827.7348620964,438713.3099491346,435613.3713016241,438713.3099491346
2014-10-07,412884.7087961346,432510.817662749,429465.8460170232,432510.817662749
2014-10-08,420922.5781192186,440899.6118430309,437779.4451675116,440899.6118430309
2014-10-09,414124.5822887039,433804.82271815336,430747.3268580561,433804.82271815336
2014-10-10,403777.93145101465,423006.44806887314,420045.31605765625,423006.44806887314
2014-10-13,397450.07286298025,416402.32188029465,413501.02551900153,416402.32188029465
2014-10-14,397492.9388410148,416447.0593415066,413545.25804089796,416447.0593415066
2014-10-15,394927.6023116944,413769.72293771314,410892.3730313376,413769.72293771314
2014-10-16,392447.85532655596,411181.7128269043,408328.09845863574,411181.7128269043
2014-10-17,397621.14514242875,416580.8629941846,413677.2183554712,416580.8629941846
2014-10-20,403564.1000024469,422783.28096585063,419822.7084340111,422783.28096585063
2014-10-21,414167.4838697102,433849.59733672516,430788.5564578185,433849.59733672516
2014-10-22,412029.6678256381,431618.4465095374,428577.21376081504,431618.4465095374
2014-10-23,418229.070891456,438088.5089439192,434989.31288505084,438088.5089439192
2014-10-24,421649.5552001883,441658.3279730037,438527.4124259034,441658.3279730037
2014-10-27,421948.69136916363,441970.5241101324,438836.77205381275,441970.5241101324
2014-10-28,428319.2023174019,448619.164815764,445426.50743954297,448619.164815764
2014-10-29,426737.4690897099,446968.37479145813,443787.39918537193,446968.37479145813
2014-10-30,427635.19802338205,447905.2976190826,444717.6919044149,447905.2976190826
2014-10-31,433535.35811130924,454063.05244425626,450831.8715471879,454063.05244425626
2014-11-03,435817.6908629707,456401.50354277703,453160.84985999553,456401.50354277703
2014-11-04,434360.7150448675,454882.4004493238,451652.4824676438,454882.4004493238
2014-11-05,434403.6082074078,454927.1226300858,451696.8885908799,454927.1226300858
2014-11-06,435774.94043973996,456356.93018790777,453116.59151088004,456356.93018790777
2014-11-07,435389.009031359,455954.54218046955,452717.04723234556,455954.54218046955
2014-11-10,436931.84254419775,457563.164048393,454314.3007582298,457563.164048393
2014-11-11,438303.21046135726,458993.0088126882,455734.04062176007,458993.0088126882
2014-11-12,439074.5023208807,459797.1895239938,456532.53808234667,459797.1895239938
2014-11-13,440960.1599705956,461763.2539797545,458484.70810234844,461763.2539797545
2014-11-14,442331.49220292777,463193.0615375765,459904.4110223485,463193.0615375765
2014-11-17,441002.98176348116,461807.90174757014,458529.0403385242,461807.90174757014
2014-11-18,444302.722068759,465248.3471160221,461945.1716276416,465248.3471160221
2014-11-19,442288.4919859052,463148.227737395,459859.894068522,463148.227737395
2014-11-20,444259.7575365638,465203.55052231374,461900.6916173452,465203.55052231374
2014-11-21,445116.83572116797,466097.17559514334,462788.001324404,466097.17559514334
2014-11-24,448587.8631979879,469716.2120348577,466381.4615582246,469716.2120348577
2014-11-25,449273.58284139505,470431.17162347847,467091.36843351985,470431.17162347847
2014-11-26,452187.6772169111,473469.5266362776,470108.25099234394,473469.5266362776
2014-11-28,454287.47951588116,475658.8671375896,472282.11913675483,475658.8671375896
2014-12-01,450144.63912857446,471296.8623416495,467958.0070613255,471296.8623416495
2014-12-02,451948.5523441466,473175.9233660258,469823.8055020515,473175.9233660258
2014-12-03,452764.6568598218,474026.0253409904,470667.90737994213,474026.0253409904
2014-12-04,452549.8209850832,473802.23978668865,470445.7013244406,473802.23978668865
2014-12-05,452592.8096185834,473847.0192500265,470490.16473025264,473847.0192500265
2014-12-08,449371.7378319244,470491.76335479814,467158.59053636406,470491.76335479814
2014-12-09,450788.96793151955,471968.03273390874,468624.44027189905,471968.03273390874
2014-12-10,443702.42402674817,464586.2760429343,461294.7846911759,464586.2760429343
2014-12-11,445806.9000342803,466778.4207693835,463471.4570607241,466778.4207693835
2014-12-12,440953.8338017959,461723.1844490012,458451.90105817135,461723.1844490012
2014-12-15,436401.2588327631,456980.9573224334,453743.1450020684,456980.9573224334
2014-12-16,429400.4776094673,449688.53603335936,446501.85188899405,449688.53603335936
2014-12-17,437217.1845271675,457830.8730267519,454565.83114139346,457830.8730267519
2014-12-18,447739.743386099,468791.7829296442,465422.8116019583,468791.7829296442
2014-12-19,449709.81732649816,470843.9266384364,467455.75572614186,470843.9266384364
2014-12-22,450830.63328761584,472011.433794465,468612.32664756186,472011.433794465
2014-12-23,449235.6190805918,470349.9741389379,466966.1285155083,470349.9741389379
2014-12-24,449623.33935993945,470753.8461539513,467366.14085170743,470753.8461539513
2014-12-26,452813.4393024959,474076.839973264,470658.2174574636,474076.839973264
2014-12-29,452727.39050698717,473987.2065383298,470569.29926944204,473987.2065383298
2014-12-30,449709.81732649816,470843.9266384364,467454.90008545545,470843.9266384364
2014-12-31,445096.94382495177,466038.88904998195,462694.276202676,466038.88904998195
2015-01-02,444760.4198510019,465646.8203275676,462315.0253339317,465646.8203275676
2015-01-05,438236.2676728401,458857.36030320893,455591.79206434643,458857.36030320893
2015-01-06,432360.29743883386,452742.44085947715,449537.2426871528,452742.44085947715
2015-01-07,437933.91658624203,458542.7139614743,455279.3026811338,458542.7139614743
2015-01-08,446315.9418135399,467265.5983531653,463915.7110646231,467265.5983531653
2015-01-09,443377.7774724191,464207.95211894513,460887.6989438707,464207.95211894513
2015-01-12,438754.87057988223,459397.0524516638,456123.75611225143,459397.0524516638
2015-01-13,438625.1481634746,459262.0548096084,455989.950775163,459262.0548096084
2015-01-14,436205.5867293959,456744.10072384303,453496.7258812097,456744.10072384303
2015-01-15,430545.689091716,450854.04057447717,447664.9735491944,450854.04057447717
2015-01-16,435600.88455619983,456114.8080403737,452872.7964875676,456114.8080403737
2015-01-20,439057.22166648024,459711.69879339845,456433.82169575494,459711.69879339845
2015-01-21,441303.9752062508,462049.81766713026,458748.7395949654,462049.81766713026
2015-01-22,449469.8919923987,470547.80546198454,467163.14405199717,470547.80546198454
2015-01-23,450463.58219069993,471581.9045592659,468187.11208039173,471581.9045592659
2015-01-26,449945.122662952,471042.36162069446,467652.64258836996,471042.36162069446
2015-01-27,438279.49653003475,458902.3470830705,455629.7460907979,458902.3470830705
2015-01-28,436032.8146799113,456564.3028142804,453314.6288141961,456564.3028142804
2015-01-29,440223.8631383838,460925.78231259674,457632.748990461,460925.78231259674
2015-01-30,436810.4681267097,457373.57991966663,454115.313984788,457373.57991966663
2015-02-02,441612.4795638148,462330.3341754509,459032.72858465853,462330.3341754509
2015-02-03,445856.1124882061,466742.30324982613,463399.36106296774,466742.30324982613
2015-02-04,445466.2059675331,466336.92994309665,462997.94404912426,466336.92994309665
2015-02-05,449320.4353373703,470344.0486284881,466964.21337548725,470344.0486284881
2015-02-06,446592.23932950257,467507.6307219433,464156.2150503283,467507.6307219433
2015-02-09,445163.3485115971,466022.05875764287,462685.5339314846,466022.05875764287
2015-02-10,452091.81457916874,473225.362758629,469815.5086810577,473225.362758629
2015-02-11,453737.5556466626,474936.38697386644,471508.8298119389,474936.38697386644
2015-02-12,459020.56805595127,480428.96556975564,476962.7421089138,480428.96556975564
2015-02-13,462961.1279674984,484525.8393510718,481030.7749836363,484525.8393510718
2015-02-17,463394.0021651939,484975.8847737921,481477.6522057499,484975.8847737921
2015-02-18,464043.8343909318,485651.4945012521,482148.5058196258,485651.4945012521
2015-02-19,466338.94064419594,488037.6428774713,484517.8563431137,488037.6428774713
2015-02-20,469456.6479850718,491279.0232268025,487736.4182330831,491279.0232268025
2015-02-23,469933.1365305142,491774.4130883296,488228.3206811612,491774.4130883296
2015-02-24,470279.53648189444,492134.554010055,488585.9263061607,492134.554010055
2015-02-25,469110.1761813889,490918.80760254205,487378.7384314345,490918.80760254205
2015-02-26,471492.0081640279,493395.121938629,489837.6201703081,493395.121938629
2015-02-27,469413.3569726871,491234.01494940376,487691.72680203925,491234.01494940376
2015-03-02,474656.9055439596,496646.0281853681,493072.67936632386,496646.0281853681
2015-03-03,472443.79201194906,494347.17437299044,490789.98918808147,494347.17437299044
2015-03-04,470621.0479168787,492453.81366133527,488909.9410192529,492453.81366133527
2015-03-05,471445.81720866734,493310.5361038743,489760.63969984493,493310.5361038743
2015-03-06,466108.0200862374,487765.94244109525,484255.03102293634,487765.94244109525
2015-03-09,467453.233957977,489163.27248891356,485642.53620432015,489163.27248891356
2015-03-10,458774.16535131296,480147.960049795,476690.6119680949,480147.960049795
2015-03-11,456127.11999015545,477398.3630535192,473960.3478583332,477398.3630535192
2015-03-12,459121.4764237249,480508.7266220231,477048.841928882,480508.7266220231
2015-03-13,457125.0947934371,478435.00132263533,474989.6973465698,478435.00132263533
2015-03-16,463026.9348900018,484565.4900706324,481077.08158019563,484565.4900706324
2015-03-17,463764.61539935396,485331.749743583,481837.9535503964,485331.749743583
2015-03-18,468321.205622202,490064.8710469988,486537.7954688186,490064.8710469988
2015-03-19,469015.4677472556,490786.0302238254,487253.8840521935,490786.0302238254
2015-03-20,472051.4064642951,493939.5870535425,490385.2676847521,493939.5870535425
2015-03-23,471138.0363070348,492990.8311773709,489443.18267333216,492990.8311773709
2015-03-24,469441.69515331805,491228.7705004512,487693.51134624955,491228.7705004512
2015-03-25,458698.41719164106,480069.2772605374,476612.4824109791,480069.2772605374
2015-03-26,457132.61920663645,478442.81724609295,474997.45831493346,478442.81724609295
2015-03-27,458959.46752708824,480340.441188725,476881.73973923316,480340.441188725
2015-03-30,464222.344535318,485807.2121877945,482310.0729368842,485807.2121877945
2015-03-31,459307.2826271786,480701.7313156345,477240.4895734992,480701.7313156345
2015-04-01,457914.9753612772,479216.8730421167,475773.10149804846,479216.8730421167
2015-04-02,458219.8937537546,479533.3124966068,476087.31882096524,479533.3124966068
2015-04-06,461968.7916041376,483423.8590165316,479950.5447709142,483423.8590165316
2015-04-07,461184.21576170204,482609.6386949262,479142.04214556515,482609.6386949262
2015-04-08,464845.6899622243,486409.45834250114,482915.1783341335,486409.45834250114
2015-04-09,467766.28210486786,489440.4023826331,485924.8381875023,489440.4023826331
2015-04-10,469684.1542090141,491430.7395265713,487901.19859451207,491430.7395265713
2015-04-13,468507.34456648125,490209.4652102005,486688.5004281113,490209.4652102005
2015-04-14,467156.0845124434,488807.14903340384,485296.03173085005,488807.14903340384
2015-04-15,470076.4601706053,491837.8684093864,488305.4684977275,491837.8684093864
2015-04-16,469422.8213588526,491159.532454169,487631.89601849904,491159.532454169
2015-04-17,462099.5843118326,483559.59360682,480085.3261927073,483559.59360682
2015-04-20,469030.4432357675,490752.328683304,487227.5517531198,490752.328683304
2015-04-21,471035.45034379885,492833.09314739285,489293.7044728552,492833.09314739285
2015-04-22,473607.43030940805,495502.25301887223,491944.1207131578,495502.25301887223
2015-04-23,475394.43754436536,497356.78068447224,493785.62533621077,497356.78068447224
2015-04-24,481845.8555028239,504051.9595579905,500433.7886806823,504051.9595579905
2015-04-27,480625.42423722806,502785.41541550704,499176.13858629594,502785.41541550704
2015-04-28,479666.36190254067,501790.11578945076,498187.8282490045,501790.11578945076
2015-04-29,476658.6708367589,498668.781873193,495088.41326399206,498668.781873193
2015-04-30,469161.0555397278,490887.8760534678,487362.1472695035,490887.8760534678
2015-05-01,476350.58817276923,498311.40580039314,494740.5678243727,498311.40580039314
2015-05-04,477137.0309793206,499126.84107392846,495550.2838239934,499126.84107392846
2015-05-05,469361.6205309161,491064.7876187669,487544.7757422299,491064.7876187669
2015-05-06,466129.0010852572,487712.99661763146,484216.4934259184,487712.99661763146
2015-05-07,468924.7761564619,490611.83883595903,487095.00383714883,490611.83883595903
2015-05-08,474778.1725958252,496681.0226175153,493121.61977106455,496681.0226175153
2015-05-11,472943.51299902383,494778.7277046502,491232.6671135888,494778.7277046502
2015-05-12,470803.2214292659,492559.5335978541,489029.0379196414,492559.5335978541
2015-05-13,471763.97533739347,493555.70600778377,490018.22340729355,493555.70600778377
2015-05-14,478665.7693501447,500711.9368764362,497124.26213211555,500711.9368764362
2015-05-15,478665.7693501447,500711.9368764362,497124.26213211555,500711.9368764362
2015-05-18,480762.67296680337,502886.14351928845,499283.21939375886,502886.14351928845
2015-05-19,480238.32955359906,502342.47001752723,498743.3590918647,502342.47001752723
2015-05-20,480544.2507795763,502659.66912788455,499058.33344121836,502659.66912788455
2015-05-21,483034.0323115486,505241.2372567482,501621.79504987464,505241.2372567482
2015-05-22,482553.5468876021,504743.03858312353,501127.09062621783,504743.03858312353
2015-05-26,477005.99936096085,498990.97893281805,495415.3745884353,498990.97893281805
2015-05-27,484693.91077061516,506962.3076690262,503330.79427338566,506962.3076690262
2015-05-28,483601.7636778521,505829.8982224533,502206.3272840728,505829.8982224533
2015-05-29,480718.8149775456,502840.6686911519,499238.0635155215,502840.6686911519
2015-06-01,483334.824790348,505516.3842457034,501902.02472766105,505516.3842457034
2015-06-02,481802.7367595252,503929.19966931274,500325.95896037127,503929.19966931274
2015-06-03,483247.3255566906,505425.7383876893,501812.0138770721,505425.7383876893
2015-06-04,479570.36500690936,501616.5479526753,498029.5082157798,501616.5479526753
2015-06-05,478432.22280116193,500437.4761771903,496858.6962697959,500437.4761771903
2015-06-08,473573.53347085486,495404.0599430098,491860.54095930705,495404.0599430098
2015-06-09,472785.6780522709,494587.8718757153,491050.0705882689,494587.8718757153
2015-06-10,479263.88218392467,501299.043475267,497714.2279734891,501299.043475267
2015-06-11,479964.27460041794,502024.62321906415,498434.724765512,502024.62321906415
2015-06-12,476024.70765496435,497943.3826064576,494382.07473773154,497943.3826064576
2015-06-15,473661.1051676457,495494.78087005747,491950.6263530435,495494.78087005747
2015-06-16,476243.72747585835,498170.27876036864,494607.381401007,498170.27876036864
2015-06-17,477556.7956857871,499530.56718284823,495958.1405050213,499530.56718284823
2015-06-18,484516.6260340073,506740.6851139035,503117.7489200051,506740.6851139035
2015-06-19,482121.24846266484,504259.16560629074,500653.6133651446,504259.16560629074
2015-06-22,485674.8405277242,507940.5510116824,504309.2093178425,507940.5510116824
2015-06-23,486069.7283735345,508349.6397100242,504715.43220006576,508349.6397100242
2015-06-24,483568.9531745692,505758.93229311,502142.8736371873,505758.93229311
2015-06-25,482603.74423683283,504759.0127661969,501149.958912678,504759.0127661969
2015-06-26,479401.05489557143,501441.149155781,497855.3381516795,501441.149155781
2015-06-29,468081.84243817575,489714.8781662355,486210.55797870335,489714.8781662355
2015-06-30,469748.8930550746,491441.8788176168,487917.43877888465,491441.8788176168
2015-07-01,474477.9083087564,496305.1266833559,492736.1029812339,496305.1266833559
2015-07-02,474609.77920419304,496441.6187553264,492870.7365441086,496441.6187553264
2015-07-06,473510.661432536,495303.9843933524,491746.2091042569,495303.9843933524
2015-07-07,474697.82626405923,496532.75126483303,492960.24915753835,496532.75126483303
2015-07-08,466432.1498241538,487977.4191744255,484505.1029533185,487977.4191744255
2015-07-09,466168.33541714866,487704.35986965196,484235.05482925003,487704.35986965196
2015-07-10,473290.74347723316,495076.35981187527,491518.3379256377,495076.35981187527
2015-07-13,481600.35267690686,503677.16420599545,500017.641074503,503677.16420599545
2015-07-14,484765.8714045073,506953.61280036316,503256.0872591469,506953.61280036316
2015-07-15,485293.318678188,507499.54350782867,503795.53293030703,507499.54350782867
2015-07-16,492151.98494739924,514598.55930611107,510812.5995744857,514598.55930611107
2015-07-17,499406.3728271182,522107.16406155366,518268.6680489571,522107.16406155366
2015-07-20,501121.02124038804,523881.8992209161,520030.9857235779,523881.8992209161
2015-07-21,500813.31038168055,523563.4051928463,519714.72013771423,523563.4051928463
2015-07-22,495141.8815601244,517693.23142687714,513885.61886235594,517693.23142687714
2015-07-23,493295.289635286,515781.9290347117,511987.6894899147,515781.9290347117
2015-07-24,488458.94632998627,510776.10484344524,507016.8900994962,510776.10484344524
2015-07-27,484414.11886183376,506589.5337273319,502859.6116261074,506589.5337273319
2015-07-28,488590.8172254229,510912.5969154157,507152.4271623701,510912.5969154157
2015-07-29,490437.3365341294,512823.82414674864,509050.2818998649,512823.82414674864
2015-07-30,492767.58820514387,515235.73526433215,511445.3173335793,515235.73526433215
2015-07-31,492196.1355555631,514644.2570923214,510857.97762196773,514644.2570923214
2015-08-03,491656.95457940525,514051.26878220955,510276.13388937386,514051.26878220955
2015-08-04,490731.7592369102,513094.47006029286,509326.02180879086,513094.47006029286
2015-08-05,494520.62153194664,517012.7545942732,513216.9231923534,517012.7545942732
2015-08-06,486590.6096236913,508811.8645658596,505073.3455421655,508811.8645658596
2015-08-07,485973.8248560421,508174.01129284926,504439.9499423966,508174.01129284926
2015-08-10,491524.8513828422,513914.65312513994,510140.47297845775,513914.65312513994
2015-08-11,485224.8641277447,507399.4671131648,503670.8187079931,507399.4671131648
2015-08-12,486898.947434452,509130.73476516135,505389.98729926115,509130.73476516135
2015-08-13,486106.07358077547,508310.7774491279,504575.7603007497,508310.7774491279
2015-08-14,486854.8887809026,509085.1711296033,505344.74208771624,509085.1711296033
2015-08-17,490908.066615193,513276.7998521296,509507.0773786888,513276.7998521296
2015-08-18,488396.8325090043,510679.785499728,506928.212406209,510679.785499728
2015-08-19,485180.8782382804,507353.9787272113,503625.6482201667,507353.9787272113
2015-08-20,471744.00760290213,493458.1233764718,489826.90483104024,493458.1233764718
2015-08-21,451126.1221696085,472135.95980180544,468653.04546486214,472135.95980180544
2015-08-24,433768.2860426307,454185.20426001603,450918.0952408097,454185.20426001603
2015-08-25,432138.3341535579,452499.5754931821,449253.4981865124,452499.5754931821
2015-08-26,453901.38075871055,475006.01734433486,471473.7404165259,475006.01734433486
2015-08-27,465399.9253122127,486897.33610413637,483223.5317773858,486897.33610413637
2015-08-28,465311.9171512416,486806.3217074271,483133.3277489486,486806.3217074271
2015-08-31,459540.5973566945,480837.8616973462,477233.37816721905,480837.8616973462
2015-09-01,446178.37699696445,466985.178177883,463553.9910972707,466985.178177883
2015-09-02,458762.306292831,479986.7156519242,476391.9502704914,479986.7156519242
2015-09-03,456510.2326197452,477659.9050376477,474093.02799475467,477659.9050376477
2015-09-04,451079.5415730277,472048.9919838823,468550.1554918705,472048.9919838823
2015-09-08,463795.8707184291,485187.3231067762,481525.81538578385,485187.3231067762
2015-09-09,458585.67592347076,479804.22365659446,476206.6072378592,479804.22365659446
2015-09-10,463575.0827567288,484959.20811261405,481299.03478443983,484959.20811261405
2015-09-11,466136.0043299966,487605.11600196135,483913.1503312361,487605.11600196135
2015-09-14,464723.0343025999,486145.2553869681,482470.3128748552,486145.2553869681
2015-09-15,470198.2111153412,491802.13050396676,488059.0450563791,491802.13050396676
2015-09-16,472847.4478732892,494539.2843909789,490777.0950802591,494539.2843909789
2015-09-17,473024.0782426494,494721.77638630866,490958.3133795361,494721.77638630866
2015-09-18,466296.40833388094,487770.8431463576,484055.89391803474,487770.8431463576
2015-09-21,467757.0364729114,489279.9434471263,485554.46150972357,489279.9434471263
2015-09-22,460763.61880776443,482054.4433900895,478379.3915599623,482054.4433900895
2015-09-23,461117.791140051,482420.3692263071,478742.7634304986,482420.3692263071
2015-09-24,459435.8645469232,480682.62649786373,477017.14921240346,480682.62649786373
2015-09-25,455540.8075578518,476658.3087973842,473020.91908672755,476658.3087973842
2015-09-28,442572.0399221363,463259.1618025523,459715.2909369604,463259.1618025523
2015-09-29,440270.55787776987,460881.30315902893,457354.0284688619,460881.30315902893
2015-09-30,450406.3479563619,471353.4578761661,467753.0931740107,471353.4578761661
2015-10-01,453442.14697174926,474456.94649481075,470841.89931662596,474456.94649481075
2015-10-02,461382.3853587121,482653.10505365394,478980.9264020502,482653.10505365394
2015-10-05,467992.08190539305,489475.8373549138,485756.100722786,489475.8373549138
2015-10-06,465774.0614584138,487186.32835225627,483482.55078458384,487186.32835225627
2015-10-07,468568.6415091759,490070.97993136174,486347.09484699945,490070.97993136174
2015-10-08,470431.88977934566,491994.28216897167,488256.99067112,491994.28216897167
2015-10-09,472560.99791625317,494192.0131473852,490439.4023254778,494192.0131473852
2015-10-12,473714.5191112461,495382.71324408153,491621.80262533197,495382.71324408153
2015-10-13,470653.6406620074,492223.18025820825,488484.2932220313,492223.18025820825
2015-10-14,469899.54879257357,491444.7834105818,487711.32220389444,491444.7834105818
2015-10-15,477618.07284118625,499412.0816023521,495623.08419762796,499412.0816023521
2015-10-16,479614.3058611923,501472.65479360934,497669.2941256981,501472.65479360934
2015-10-19,482364.44802907424,504311.43622167467,500488.2877758019,504311.43622167467
2015-10-20,479880.3484494878,501747.27214523137,497941.9972520386,501747.27214523137
2015-10-21,476952.56438302004,498725.1232794965,494940.91433034954,498725.1232794965
2015-10-22,486667.2849073272,508752.95694036037,504898.8487929326,508752.95694036037
2015-10-23,500285.5591615746,522810.1589594947,518858.0648278117,522810.1589594947
2015-10-26,500596.25889861974,523130.87279513903,519176.5431217879,523130.87279513903
2015-10-27,501616.28372341435,524183.77382789645,520222.1048886033,524183.77382789645
2015-10-28,505786.28202907747,528488.1744815896,524496.5016386671,528488.1744815896
2015-10-29,504987.8253653866,527663.9829272503,523678.05512665963,527663.9829272503
2015-10-30,502725.3670355272,525328.6037735526,521358.9547761457,525328.6037735526
2015-11-02,509403.2857143426,532189.6558986461,528179.1510756876,532189.6558986461
2015-11-03,511181.000793885,534023.1601969484,529999.8894897294,534023.1601969484
2015-11-04,511225.3795925751,534068.9317151676,530045.3423209925,534068.9317151676
2015-11-05,509847.62294380186,532647.937560024,528634.2419233581,532647.937560024
2015-11-06,510203.1659597103,533014.6384196845,528998.3896061664,533014.6384196845
2015-11-09,504780.78711348603,527422.0915397112,523444.7811711467,527422.0915397112
2015-11-10,503491.89791060466,526092.7537168432,522124.69894304645,526092.7537168432
2015-11-11,502869.4596276563,525450.7817381234,521487.19673294766,525450.7817381234
2015-11-12,497980.17560827156,520408.0595559666,516479.5848081244,520408.0595559666
2015-11-13,488202.15681206004,510323.1816708387,506464.9234935183,510323.1816708387
2015-11-16,495224.73554306617,517566.14677623747,513657.4590175277,517566.14677623747
2015-11-17,495535.8997602845,517887.0761176787,513976.1538690731,517887.0761176787
2015-11-18,505047.35283499106,527697.022771259,523717.79817741294,527697.022771259
2015-11-19,505403.00569941115,528063.8369267567,524082.05836722936,528063.8369267567
2015-11-20,508825.4093109371,531593.6442645409,527587.289208532,531593.6442645409
2015-11-23,507358.6021354193,530080.8049507263,526084.9831296835,530080.8049507263
2015-11-24,506914.04520893685,529622.2966976741,525629.6672679969,529622.2966976741
2015-11-25,507358.6021354193,530080.8049507263,526084.9831296835,530080.8049507263
2015-11-27,508069.6881672363,530814.2066700472,526813.2784953002,530814.2066700472
2015-11-30,506780.83558052545,529484.9066124583,525493.2337695358,529484.9066124583
2015-12-01,512847.48134932586,535710.685982592,531682.627082739,535710.685982592
2015-12-02,509685.58979256346,532452.2250630409,528446.8276455587,532452.2250630409
2015-12-03,501046.04323159606,523548.81255626236,519605.3353307194,523548.81255626236
2015-12-04,512758.3669592839,535618.849892673,531591.4296814475,535618.849892673
2015-12-07,510442.5668241549,533232.3214168083,529221.4986957229,533232.3214168083
2015-12-08,510487.2157383917,533278.3339822392,529267.1912594823,533278.3339822392
2015-12-09,502738.2994502355,525292.7530600127,521337.14732412156,525292.7530600127
2015-12-10,505009.52404650033,527633.3445868234,523661.4608365776,527633.3445868234
2015-12-11,493386.3147088545,515655.14334033197,511766.5638871412,515655.14334033197
2015-12-14,497127.1746432422,519510.2552829436,515594.8648433752,519510.2552829436
2015-12-15,500155.41295878484,522630.9809717104,518693.88695124077,522630.9809717104
2015-12-16,507592.41053795104,530295.1166751257,526304.7212094584,530295.1166751257
2015-12-17,500199.87843459006,522676.80449619866,518739.39178877283,522676.80449619866
2015-12-18,490604.9845221642,512788.866760316,508920.22128141316,512788.866760316
2015-12-21,496054.53675865737,518404.85727513564,514497.1545010282,518404.85727513564
2015-12-22,499315.48506845115,521765.4003036954,517834.32610102725,521765.4003036954
2015-12-23,503022.995895985,525586.1446029409,521628.49842911225,525586.1446029409
2015-12-24,502933.69806751155,525494.1194720791,521537.1133015933,525494.1194720791
2015-12-28,502665.7678944047,525218.0062713054,521262.92037379084,525218.0062713054
2015-12-29,510572.29448293976,533366.0111714209,529354.2586837702,533366.0111714209
2015-12-30,505971.1816800037,528624.3728243534,524645.5968113219,528624.3728243534
2015-12-31,499672.89650846296,522133.72767627344,518200.0918825761,522133.72767627344
2016-01-04,490130.4633132258,512269.44037493377,508411.36073593295,512269.44037493377
2016-01-05,489279.99571240915,511393.7449422121,507541.74822734075,511393.7449422121
2016-01-06,484580.18249275006,506554.5188892167,502736.1373375924,506554.5188892167
2016-01-07,469406.2435238104,490930.4680273867,487219.68873307074,490930.4680273867
2016-01-08,465556.7508542891,486966.78599439864,483308.5694467104,486966.78599439864
2016-01-11,466989.3185671196,488441.8486563808,484763.37043597986,488441.8486563808
2016-01-12,472405.23182984546,494018.41677447455,490264.63846629026,494018.41677447455
2016-01-13,456112.3842459472,477242.26657010475,473709.8861580422,477242.26657010475
2016-01-14,465825.33891910996,487243.341316931,483571.7143727449,487243.341316931
2016-01-15,451367.6470439159,472356.7839329135,468885.0690971323,472356.7839329135
2016-01-19,452352.3719144732,473370.7191737227,469884.3710411742,473370.7191737227
2016-01-20,450964.8017093543,471941.9888022935,468475.32221680705,471941.9888022935
2016-01-21,451412.49750094867,472402.9648107522,468929.4404370233,472402.9648107522
2016-01-22,464482.6559336935,485860.829676519,482197.61259862187,485860.829676519
2016-01-25,457589.5450771226,478763.2451376757,475195.26191892277,478763.2451376757
2016-01-26,461707.44199811626,483003.29322730337,479376.62133480166,483003.29322730337
2016-01-27,450203.88797192444,471158.503712535,467692.2826871341,471158.503712535
2016-01-28,456559.96974953247,477703.1290190278,474144.38696523046,477703.1290190278
2016-01-29,466093.9269839308,487519.8966394634,483825.5067647264,487519.8966394634
2016-02-01,468346.940009282,489810.20725678885,486098.17878100846,489810.20725678885
2016-02-02,458209.3908215877,479381.2404846304,475811.80161289003,479381.2404846304
2016-02-03,456011.32783030457,477119.9911950063,473582.1875897202,477119.9911950063
2016-02-04,455966.5656404313,477073.942255347,473536.4204698152,477073.942255347
2016-02-05,440132.3922787908,460784.59413029946,457478.9458211807,460784.59413029946
2016-02-08,433403.76937008736,453862.54784100177,450660.64827765495,453862.54784100177
2016-02-09,432058.06689313176,452478.16132335935,449297.19881284493,452478.16132335935
2016-02-10,433717.7310014454,454185.53472476854,450977.6938369913,454185.53472476854
2016-02-11,433089.8445800378,453539.59885759687,450341.2928454404,453539.59885759687
2016-02-12,439683.7019821105,460323.0056232125,457019.59065722435,460323.0056232125
2016-02-16,449596.96128342743,470521.2349923702,467063.93594493886,470521.2349923702
2016-02-17,459779.3463436121,480996.3265049117,477386.6338971237,480996.3265049117
2016-02-18,454531.22825980355,475597.34415730037,472062.909508125,475597.34415730037
2016-02-19,455876.8938954506,476981.6927745809,473427.1577814629,476981.6927745809
2016-02-22,463278.23909805197,484595.79967143334,480932.89665072336,484595.79967143334
2016-02-23,455652.67769169033,476751.03117230395,473196.3016535122,476751.03117230395
2016-02-24,460003.673071298,481227.1018082743,477608.5323373261,481227.1018082743
2016-02-25,464534.1593061012,485887.8230072241,482202.78866232955,485887.8230072241
2016-02-26,463950.96139194985,485287.860278988,481606.9883223086,485287.860278988
2016-02-29,459779.3463436121,480996.3265049117,477345.2281137646,480996.3265049117
2016-03-01,475537.0851728402,497178.42511402664,493421.99595087854,497178.42511402664
2016-03-02,475716.5849692477,497362.923085966,493605.2154937906,497362.923085966
2016-03-03,474817.6461492712,496438.95329601306,492687.64810375246,496438.95329601306
2016-03-04,474997.4782159723,496623.79279031925,492871.206802544,496623.79279031925
2016-03-07,472075.67784832866,493620.63483119727,489888.85841801047,493620.63483119727
2016-03-08,468165.00416789716,489601.0683615045,485897.14445204975,489601.0683615045
2016-03-09,471176.6651905092,492696.5891473851,488971.2156599991,492696.5891473851
2016-03-10,470457.3738426262,491957.26911709015,488237.0185488195,491957.26911709015
2016-03-11,478683.4633400616,500412.4142461858,496633.5760259785,500412.4142461858
2016-03-14,479492.54150506976,501244.02120938007,497459.42059260077,501244.02120938007
2016-03-15,479312.7463572902,501059.21966200357,497275.8995777958,501059.21966200357
2016-03-16,483582.9734143593,505448.3512795197,501634.61788937985,505448.3512795197
2016-03-17,483313.35453053296,505171.2248523142,501359.41173514567,505171.2248523142
2016-03-18,484070.70928649814,505949.66816707427,502132.4610365232,505949.66816707427
2016-03-21,485964.3915277833,507896.08002941165,504065.38576186,507896.08002941165
2016-03-22,487452.07638916455,509425.1895064309,505583.89968641446,509425.1895064309
2016-03-23,483439.5803231938,505300.96540477424,501488.25328537525,505300.96540477424
2016-03-24,483574.998927312,505440.1547427161,501626.47814827145,505440.1547427161
2016-03-28,482898.7181229944,504745.04288545885,500936.18288149586,504745.04288545885
2016-03-29,490653.1683980716,512715.4159883256,508851.32742967474,512715.4159883256
2016-03-30,493042.63483638596,515171.41716888046,511290.3104112365,515171.41716888046
2016-03-31,492321.2021910551,514429.89621666603,510553.92762883333,514429.89621666603
2016-04-01,498550.7628650449,520805.20243045693,516891.9858584309,520805.20243045693
2016-04-04,496653.5347111015,518856.7735895618,514957.0423139351,518856.7735895618
2016-04-05,491864.9628125874,513938.9720197441,510073.2774050466,513938.9720197441
2016-04-06,499951.173678828,522243.4062716792,518320.23572818935,522243.4062716792
2016-04-07,492768.4453069086,514866.8368869824,510994.72041458567,514866.8368869824
2016-04-08,492406.9487284986,514495.5845640633,510626.0375709868,514495.5845640633
2016-04-11,490599.9097536551,512639.7788467126,508783.0760949206,512639.7788467126
2016-04-12,494710.9530159045,516861.76724683505,512975.84363576636,516861.76724683505
2016-04-13,501035.36746925366,523356.85930894,519425.98243103386,523356.85930894
2016-04-14,501080.4620588036,523403.1708707122,519471.97346524865,523403.1708707122
2016-04-15,499815.55697227345,522104.129663429,518181.92306909873,522104.129663429
2016-04-18,502480.94685878773,524841.4506948086,520900.29879199516,524841.4506948086
2016-04-19,499409.03979051457,521686.6417616118,517767.32464827306,521686.6417616118
2016-04-20,499815.55697227345,522104.129663429,518181.92306909873,522104.129663429
2016-04-21,499860.9475066276,522150.7451566977,518228.21593126573,522150.7451566977
2016-04-22,492316.5375907956,514402.7334918965,510533.82913159305,514402.7334918965
2016-04-25,492316.5375907956,514402.7334918965,510533.82913159305,514402.7334918965
2016-04-26,489922.2701380888,511943.85170270613,508091.96554139577,511943.85170270613
2016-04-27,485992.0491512454,507907.5654469174,504083.6148793375,507907.5654469174
2016-04-28,480119.43143470766,501876.46280558716,498094.2541815806,501876.46280558716
2016-04-29,477589.58426854684,499278.3423995836,495513.01740317786,499278.3423995836
2016-05-02,483106.88179562864,504917.6767469441,501085.17400882766,504917.6767469441
2016-05-03,478625.2900907406,500319.0996788259,496553.11694784043,500319.0996788259
2016-05-04,475547.05016897153,497160.5068291082,493440.74996764126,497160.5068291082
2016-05-05,475411.1151770626,497021.0234540686,493302.9212203382,497021.0234540686
2016-05-06,477946.2453179596,499622.3294404905,495864.9783397773,499622.3294404905
2016-05-09,479304.26072390244,501015.79384223616,497237.40463921725,501015.79384223616
2016-05-10,485868.24898469046,507751.1253670903,503873.13061698334,507751.1253670903
2016-05-11,481477.03347567754,503245.2836325817,499431.8007910552,503245.2836325817
2016-05-12,479349.5971010785,501062.3136588911,497280.3118236698,501062.3136588911
2016-05-13,477583.9249986473,499250.55128187663,495494.7856970967,499250.55128187663
2016-05-16,483559.5412410064,505382.15220170515,501535.236129611,505382.15220170515
2016-05-17,477493.4375933433,499157.7018358794,495400.64761256205,499157.7018358794
2016-05-18,479213.6250393599,500922.7922463889,497139.21017172316,500922.7922463889
2016-05-19,476723.86834544863,498368.0441140844,494621.60896090814,498368.0441140844
2016-05-20,481975.1034378506,503756.35497892264,499929.61924441665,503756.35497892264
2016-05-23,481341.1726233878,503105.87633246713,499288.2012661333,503105.87633246713
2016-05-24,490983.47494556423,512999.8767819639,509036.31637929444,512999.8767819639
2016-05-25,494514.4113825207,516622.98312390514,512634.3771343828,516622.98312390514
2016-05-26,495963.17368243495,518109.56323388556,514110.6809047407,518109.56323388556
2016-05-27,498543.4177816502,520757.1608121873,516739.9763332184,520757.1608121873
2016-05-31,499494.0730495818,521732.6315383643,517708.70388530963,521732.6315383643
2016-06-01,500538.8500280634,522778.7051467654,518754.4577549824,522778.7051467654
2016-06-02,501582.2248585659,523848.42779560667,519816.79433402175,523848.42779560667
2016-06-03,499223.58115130686,521430.2224484575,517415.2858694792,521430.2224484575
2016-06-06,501037.9167501222,523290.3745490378,519262.594254661,523290.3745490378
2016-06-07,499768.0378357321,521988.42802292225,517969.6372249637,521988.42802292225
2016-06-08,500629.8156727733,522871.96790102,518847.07656174875,522871.96790102
2016-06-09,499813.20493412623,522034.7357032708,518015.62516658386,522034.7357032708
2016-06-10,494143.35975783406,516221.71278649,512242.7391891019,516221.71278649
2016-06-13,490015.69612613536,511989.815347005,508040.0615571214,511989.815347005
2016-06-14,490015.69612613536,511989.815347005,508040.0615571214,511989.815347005
2016-06-15,488609.5730366551,510548.1841403644,506608.3843219446,510548.1841403644
2016-06-16,490061.04894450644,512036.3134372234,508086.2385938963,512036.3134372234
2016-06-17,484316.73005745746,506146.936162631,502237.5254593843,506146.936162631
2016-06-20,487364.1348712315,509271.2955531217,505340.3122146043,509271.2955531217
2016-06-21,488910.40225531795,510856.6100475543,506914.6806535089,510856.6100475543
2016-06-22,487727.8488740895,509644.1942422443,505710.636165546,509644.1942422443
2016-06-23,494686.2935384483,516778.35700002196,512795.5399643179,516778.35700002196
2016-06-24,474311.2148752831,495888.7567521284,492050.1752766708,495888.7567521284
2016-06-27,464896.9578117253,486236.76620329387,482463.67698256945,486236.76620329387
2016-06-28,475084.2928513333,496681.35687638377,492751.67735085764,496681.35687638377
2016-06-29,483498.3364070317,505307.8760301312,501253.2900202526,505307.8760301312
2016-06-30,489092.2964007423,511043.0974740896,506907.61265563563,511043.0974740896
2016-07-01,492547.8831779051,514560.82148307824,510390.1728127282,514560.82148307824
2016-07-05,489540.0606497634,511479.64002335333,507351.9400037307,511479.64002335333
2016-07-06,493550.5403133364,515587.9328060526,511401.5046602182,515587.9328060526
2016-07-07,495008.8018139934,517081.76040299895,512873.9985608894,517081.76040299895
2016-07-08,502664.93522920896,524924.622178064,520605.992700037,524924.622178064
2016-07-11,505536.0131745683,527865.723939188,523526.811298525,527865.723939188
2016-07-12,508088.2313374843,530480.189124941,526123.2459546071,530480.189124941
2016-07-13,506857.7161901331,529219.6624740313,524871.4124633173,529219.6624740313
2016-07-14,510321.18030303856,532767.5983350277,528394.8801603615,532767.5983350277
2016-07-15,509500.86168449646,531927.2726526209,527560.349742406,531927.2726526209
2016-07-18,512873.39846595464,535382.0635207806,530991.3148164437,535382.0635207806
2016-07-19,511004.6798997222,533467.7680642344,529090.2212037072,533467.7680642344
2016-07-20,516974.7682414369,539583.463169017,535163.7397200826,539583.463169017
2016-07-21,515789.8098086545,538369.6043327745,533958.2522011873,538369.6043327745
2016-07-22,517931.75700368534,540563.7922954254,536137.308055222,540563.7922954254
2016-07-25,517977.5742550204,540610.7270011897,536183.9190781123,540610.7270011897
2016-07-26,518569.8115444144,541217.4085918637,536786.4167192426,541217.4085918637
2016-07-27,522169.94580102613,544905.3478968618,540448.9223334708,544905.3478968618
2016-07-28,523993.0332136137,546772.8992841416,542303.5942450997,546772.8992841416
2016-07-29,525132.2116145991,547939.8615419194,543462.5086054612,547939.8615419194
2016-08-01,528911.7273426417,551787.2952184946,547290.3038557176,551787.2952184946
2016-08-02,524893.8768263912,547674.6746976492,543206.0143949247,547674.6746976492
2016-08-03,526628.8323061219,549450.5529887491,544969.6589984632,549450.5529887491
2016-08-04,528135.4982822008,550992.7570568746,546501.2391162761,550992.7570568746
2016-08-05,533203.8086674281,556180.6148957848,551653.3587898895,556180.6148957848
2016-08-08,532610.2634159371,555573.0695499687,551049.9987083324,555573.0695499687
2016-08-09,533843.1087737022,556834.9943271267,552303.2303258707,556834.9943271267
2016-08-10,532473.3344617701,555432.9108196906,550910.8055048721,555432.9108196906
2016-08-11,534756.2294982899,557769.653049436,553231.4503621267,557769.653049436
2016-08-12,535121.5225361491,558143.5623418663,553602.7838646041,558143.5623418663
2016-08-15,537404.3802826487,560480.2664020229,555923.3908152127,560480.2664020229
2016-08-16,534436.5794451529,557442.463333765,552906.514594136,557442.463333765
2016-08-17,535395.380444483,558423.8798024226,553881.1702715247,558423.8798024226
2016-08-18,535532.495848751,558564.229380645,554020.553008214,558564.229380645
2016-08-19,535395.380444483,558423.8798024226,553881.1702715247,558423.8798024226
2016-08-22,535806.3910471051,558844.58501079,554298.9773217804,558844.58501079
2016-08-23,536765.0801763748,559825.886970681,555273.5192792316,559825.886970681
2016-08-24,533295.2437969536,556274.2067276589,551746.3058854463,556274.2067276589
2016-08-25,532427.6541870276,555386.1530733424,550864.3698637396,555386.1530733424
2016-08-26,533203.8086674281,556180.6148957848,551653.3587898895,556180.6148957848
2016-08-29,533934.3947431467,556928.4334806454,552396.0257948443,556928.4334806454
2016-08-30,532199.252813315,555152.3643416013,550632.1916580767,555152.3643416013
2016-08-31,531651.499706627,554591.6912509,550075.3809375897,554591.6912509
2016-09-01,534020.8622384715,556993.4803035534,552467.5120926346,556993.4803035534
2016-09-02,535759.183768601,558771.4256116227,554233.2229243134,558771.4256116227
2016-09-06,539098.5289797074,562186.8887737618,557625.1834493183,562186.8887737618
2016-09-07,539418.7411878946,562514.3999868861,557950.4409777053,562514.3999868861
2016-09-08,536262.3476957816,559286.0587954238,554744.3147913436,559286.0587954238
2016-09-09,522767.7810820802,545483.8933275244,541037.1253987988,545483.8933275244
2016-09-12,532145.3922990251,555075.2603876927,550562.4919170393,555075.2603876927
2016-09-13,527387.8256860994,550209.2484959523,545729.9642429154,550209.2484959523
2016-09-14,529903.7200419202,552782.4908380617,548285.4994752848,552782.4908380617
2016-09-15,538137.892355146,561204.3551343888,556649.4108641573,561204.3551343888
2016-09-16,537881.1920771791,560941.8035598493,556388.6659711987,560941.8035598493
2016-09-19,535542.1971270014,558549.4929169749,554012.8174028023,558549.4929169749
2016-09-20,536551.1775384481,559581.4723047768,555037.6954881072,559581.4723047768
2016-09-21,541824.90934427,564975.4150004521,560394.5211452196,564975.4150004521
2016-09-22,546135.8002879522,569384.5695751798,564773.3352492355,569384.5695751798
2016-09-23,542650.3402773802,565819.6610327434,561232.957714136,565819.6610327434
2016-09-26,538110.2833454796,561176.1167973804,556621.3668420503,561176.1167973804
2016-09-27,543430.0426207318,566617.1361252536,562024.9451855439,566617.1361252536
2016-09-28,544347.0801731949,567555.0768833157,562956.4317439137,567555.0768833157
2016-09-29,540403.2881861861,563521.3890196087,558950.5006726747,563521.3890196087
2016-09-30,544439.0977520965,567649.1919361596,563049.8991680669,567649.1919361596
2016-10-03,544658.983418841,567851.4222629769,563257.6179048156,567851.4222629769
2016-10-04,543832.1095111922,567006.3420371158,562418.3466164434,567006.3420371158
2016-10-05,545761.7065343196,568978.4254140868,564376.8742282821,568978.4254140868
2016-10-06,545485.9321838055,568696.5789943808,564096.9651728446,568696.5789943808
2016-10-07,544291.4339994534,567475.7800477879,562884.5577902123,567475.7800477879
2016-10-10,547737.1536632258,570997.3684360279,566381.9393798754,570997.3684360279
2016-10-11,539926.8407872119,563015.0861215752,558454.5259140412,563015.0861215752
2016-10-12,539467.3291556617,562545.4568470462,557988.1247911304,562545.4568470462
2016-10-13,537537.80698985,560573.4499756179,556029.6731589483,560573.4499756179
2016-10-14,538181.0184737784,561230.8238521988,556682.5283595041,561230.8238521988
2016-10-17,536710.7459389123,559728.1784858998,555190.2119214343,559728.1784858998
2016-10-18,541488.8883909516,564611.5272833572,560039.9934112767,564611.5272833572
2016-10-19,541442.963427857,564564.5911328443,559993.3798918654,564564.5911328443
2016-10-20,540799.7519439287,563907.2172562635,559340.5246913098,563907.2172562635
2016-10-21,542821.2363219028,565973.2111870317,561392.3173317993,565973.2111870317
2016-10-24,549345.313373349,572640.9370121799,568014.210345664,572640.9370121799
2016-10-25,547599.4536312578,570856.636490032,566242.1748012985,570856.636490032
2016-10-26,543877.9221883134,567053.1634293145,562464.8461663695,567053.1634293145
2016-10-27,541397.0010361046,564517.61672956,559946.7283826258,564517.61672956
2016-10-28,537997.2811927424,561043.0409973756,556496.0362920308,561043.0409973756
2016-10-31,537491.80716944,560526.4373195622,555982.9836598804,560526.4373195622
2016-11-01,534448.5010748067,557394.2312592381,552879.1804430567,557394.2312592381
2016-11-02,530167.863027777,553022.7201641952,548537.6853470227,553022.7201641952
2016-11-03,524966.5544363016,547710.9937424401,543261.1511880211,547710.9937424401
2016-11-04,523125.2508462102,545830.6013838728,541408.1555049436,545830.6013838728
2016-11-07,535553.1782322207,558522.3594487791,553910.3476692386,558522.3594487791
2016-11-08,539051.4788090332,562094.9249442295,557431.242700773,562094.9249442295
2016-11-09,541537.1242843156,564633.3378289818,559933.1924185697,564633.3378289818
2016-11-10,532791.541586886,555702.0964172118,551127.3451246996,555702.0964172118
2016-11-11,533021.6717241972,555937.111954033,551358.5165114842,555937.111954033
2016-11-14,527636.1690257521,550437.2811951645,545937.6063083676,550437.2811951645
2016-11-15,534954.7348785709,557911.2118274448,553301.5008917046,557911.2118274448
2016-11-16,538130.9207609881,561154.8245020881,556498.155534405,561154.8245020881
2016-11-17,542043.3955868802,565150.3566920456,560436.487977095,565150.3566920456
2016-11-18,540018.01038622,563081.9748809355,558396.7234323305,563081.9748809355
2016-11-21,545633.7557183771,568816.9360611958,564049.0690558829,568816.9360611958
2016-11-22,547290.752705098,570509.109198079,565729.6232660161,570509.109198079
2016-11-23,545081.3233926693,568252.7762292831,563488.7829007348,568252.7762292831
2016-11-25,546830.4924304757,570039.0781244367,565262.819555163,570039.0781244367
2016-11-28,545587.632194034,568769.8333872036,564002.2898018216,568769.8333872036
2016-11-29,547474.871814467,570697.1369454786,565916.3599631229,570697.1369454786
2016-11-30,540846.6963735819,563928.2529236616,559193.9529630207,563928.2529236616
2016-12-01,532502.2954148748,555385.6073548273,550716.8285909649,555385.6073548273
2016-12-02,533563.0279218752,556468.0191726176,551791.8164751563,556468.0191726176
2016-12-05,537713.3871169364,560703.2036429341,555997.953102712,560703.2036429341
2016-12-06,539004.682611663,562020.8907077943,557306.6025525791,562020.8907077943
2016-12-07,545829.9030744658,568985.6054112704,564223.5483952184,568985.6054112704
2016-12-08,546798.2901645149,569973.7844512704,565204.9498155954,569973.7844512704
2016-12-09,551087.0547770085,574350.2030767452,569551.3519161751,574350.2030767452
2016-12-12,548596.8092045066,571809.0617248147,567027.6394802557,571809.0617248147
2016-12-13,555514.2248069346,578867.8558573782,574038.019489779,578867.8558573782
2016-12-14,554361.2971603089,577691.3646105005,572869.5974387033,577691.3646105005
2016-12-15,555237.6018187273,578585.57923294,573757.678914894,578585.57923294
2016-12-16,553179.290851063,576485.2003896564,571671.7059315689,576485.2003896564
2016-12-19,555445.7734848494,578798.0055233124,573968.6482379197,578798.0055233124
2016-12-20,557573.4374385561,580969.1547928778,576124.9062546873,580969.1547928778
2016-12-21,557156.9438289859,580544.1488634304,575702.8153117056,580544.1488634304
2016-12-22,555584.4043182712,578939.4697015247,574109.1421563395,578939.4697015247
2016-12-23,555954.3495260503,579316.9758703205,574484.0591250876,579316.9758703205
2016-12-27,558822.1293113044,582243.3675005315,577390.3795247474,582243.3675005315
2016-12-28,554474.3432789447,577806.7211720834,572984.1628046994,577806.7211720834
2016-12-29,553688.1298775848,577004.4390968941,572187.3833383654,577004.4390968941
2016-12-30,547999.0435702045,571199.0789227725,566421.8403648143,571199.0789227725
2017-01-03,553901.4662888716,577201.823726986,572390.2716290845,577201.823726986
2017-01-04,556913.4257017042,580273.0561986334,575440.4618215592,580273.0561986334
2017-01-05,560064.266605969,583485.9032432995,578631.29632726,583485.9032432995
2017-01-06,564975.703284276,588493.9932409897,583605.0738367793,588493.9932409897
2017-01-09,566829.3007291388,590384.0680666235,585482.1989809724,590384.0680666235
2017-01-10,568080.438544366,591659.8273176482,586749.2174796883,591659.8273176482
2017-01-11,569609.4898915,593218.9692264423,588297.6770648166,593218.9692264423
2017-01-12,568729.0790926974,592321.232616131,587406.0912179373,592321.232616131
2017-01-13,570675.1512867333,594305.6020233112,589376.8648926442,594305.6020233112
2017-01-17,568960.7740686476,592557.4871720935,587640.7270965877,592557.4871720935
2017-01-18,570119.173673878,593738.6831960403,588813.8302598594,593738.6831960403
2017-01-19,569841.1472301898,593455.1854044718,588532.274828477,593455.1854044718
2017-01-20,571092.2474081565,594730.9062775635,589799.2552122029,594730.9062775635
2017-01-23,571555.5620855361,595203.3386336225,590268.4507395235,595203.3386336225
2017-01-24,575401.4126431306,599124.8725903102,594163.1166511955,599124.8725903102
2017-01-25,581193.4859438034,605030.9294659103,600028.7086975343,605030.9294659103
2017-01-26,581795.8702989179,605645.1682846532,600638.7391130313,605645.1682846532
2017-01-27,582907.9007991496,606779.082695061,601764.884608581,606779.082695061
2017-01-30,578367.0405882254,602148.8618263517,597166.3872909381,602148.8618263517
2017-01-31,577208.6033457344,600967.6274244719,595993.2460126763,600967.6274244719
2017-02-01,582193.1860337764,606030.749519894,601028.5287515181,606030.749519894
2017-02-02,581682.6255538176,605510.5095317475,600511.8495379268,605510.5095317475
2017-02-03,583353.653584591,607213.2179023449,602202.9037474078,607213.2179023449
2017-02-06,584049.7833070809,607922.5452647092,602907.3761296076,607922.5452647092
2017-02-07,586184.9606561804,610098.2025715102,605068.1421836108,610098.2025715102
2017-02-08,587159.6704544653,611091.3914958604,606054.5332417245,611091.3914958604
2017-02-09,589294.7723995653,613266.9719691084,608215.2229880607,613266.9719691084
2017-02-10,591244.2296981348,615253.3882345854,610188.0432581215,615253.3882345854
2017-02-13,594586.2857596815,618658.8049757801,613570.1516770833,618658.8049757801
2017-02-14,596582.116517884,620692.4738764233,615589.9011623795,620692.4738764233
2017-02-15,600109.5533119633,624286.7859079528,619159.6119807822,624286.7859079528
2017-02-16,599923.9463674325,624097.6601169585,618971.7806583402,624097.6601169585
2017-02-17,602523.1976308586,626746.1895264103,621602.1822491989,626746.1895264103
2017-02-21,605493.8135913453,629773.1241849569,624608.3991002756,629773.1241849569
2017-02-22,605726.0202075074,630009.7331117766,624843.3885609541,630009.7331117766
2017-02-23,603451.4962675109,627692.0873988178,622541.6059382436,627692.0873988178
2017-02-24,604611.9638183254,628874.5557812686,623715.9809341333,628874.5557812686
2017-02-27,605354.6555104469,629631.3278626818,624467.573300736,629631.3278626818
2017-02-28,603498.0205351426,627739.4937010902,622588.6877688131,627739.4937010902
2017-03-01,611088.7465109457,635455.2962161418,630258.5228457482,635455.2962161418
2017-03-02,608020.1373810405,632330.6137637108,627155.2066183069,632330.6137637108
2017-03-03,609136.1325692922,633467.001760391,628283.8241224708,633467.001760391
2017-03-06,607788.0034333488,632094.2379848941,626920.447150315,632094.2379848941
2017-03-07,606765.0204320443,631052.5618058852,625885.8938351319,631052.5618058852
2017-03-08,607834.4151173757,632141.4977591198,626967.3837675531,632141.4977591198
2017-03-09,608299.438288333,632615.0183936326,627437.6665215553,632615.0183936326
2017-03-10,610856.3482168032,635218.6512604173,630023.49604145,635218.6512604173
2017-03-13,611879.1423992142,636260.1351702064,631057.8584021284,636260.1351702064
2017-03-14,610391.2117545097,634745.0152643727,629553.0987147449,634745.0152643727
2017-03-15,614157.3934046298,638580.0171224168,633361.8772640905,638580.0171224168
2017-03-16,613738.6686263632,638153.6409005979,632938.4165546235,638153.6409005979
2017-03-17,613524.434709777,637935.4922438178,632721.7595736706,637935.4922438178
2017-03-20,614083.565217264,638504.8398574766,633287.2140527802,638504.8398574766
2017-03-21,604765.9192788064,629016.9306682207,623864.1821128145,629016.9306682207
2017-03-22,608865.5928586589,633191.5184222679,628010.2245082372,633191.5184222679
2017-03-23,607328.1916638525,631626.0239808477,626455.4347406407,631626.0239808477
2017-03-24,608586.1786600302,632906.9984308142,627727.6500322861,632906.9984308142
2017-03-27,609564.6759300218,633903.3759816393,628717.2144661786,633903.3759816393
2017-03-28,613291.4321951752,637698.2320265899,632486.1217149574,637698.2320265899
2017-03-29,616133.4586528583,640592.1914152661,635360.292536843,640592.1914152661
2017-03-30,617158.4053706555,641635.8671941608,636396.8317788743,641635.8671941608
2017-03-31,616739.1141357083,641208.9141646826,635972.7982058935,641208.9141646826
2017-04-03,617366.3123125479,641829.4255018536,636595.9032131436,641829.4255018536
2017-04-04,618346.0562059458,642826.4088665318,637586.0758273766,642826.4088665318
2017-04-05,615826.266269011,640262.2809688881,635039.4644057738,640262.2809688881
2017-04-06,616152.6584416667,640594.4163041444,635369.3308055969,640594.4163041444
2017-04-07,615826.266269011,640262.2809688881,635039.4644057738,640262.2809688881
2017-04-10,616059.4953959776,640499.6139712279,635275.1761013711,640499.6139712279
2017-04-11,613399.4124275929,637792.7244605973,632586.7783224913,637792.7244605973
2017-04-12,610926.3742261316,635276.1709370846,630087.4162774307,635276.1709370846
2017-04-13,608499.8986350006,632806.9993347332,627635.1124706574,632806.9993347332
2017-04-17,613539.7432840713,637935.5245641782,632728.6029074193,637935.5245641782
2017-04-18,612606.4485259176,636985.8076488795,631785.373848521,636985.8076488795
2017-04-19,613586.3058944016,637982.9064853395,632775.6611457068,637982.9064853395
2017-04-20,618719.3892392188,643206.3110288889,637963.3827419962,643206.3110288889
2017-04-21,618579.36098297,643063.8188500595,637821.8639782757,643063.8188500595
2017-04-24,626045.4542729995,650661.2847382921,645367.4288559052,650661.2847382921
2017-04-25,630572.0132826058,655267.4926077386,649942.1700696286,655267.4926077386
2017-04-26,629685.2811347822,654365.157613601,649045.9992490178,654365.157613601
2017-04-27,633465.0984277851,658211.4841771453,652866.0501782001,658211.4841771453
2017-04-28,634585.362302805,659351.4600983743,653998.2385156156,659351.4600983743
2017-05-01,641231.0531267727,666096.6171499665,660704.147112418,666096.6171499665
2017-05-02,642306.2036359403,667189.9859232606,661790.0535624305,667189.9859232606
2017-05-03,640249.9309320432,665098.8699867963,659713.2096479209,665098.8699867963
2017-05-04,640483.6757749454,665336.5756010044,659949.2929036143,665336.5756010044
2017-05-05,642820.2907539603,667712.7841703924,662309.2836726023,667712.7841703924
2017-05-08,644222.5325068261,669138.7866994519,663725.5536282317,669138.7866994519
2017-05-09,646465.8768532275,671420.1441793455,665991.340673473,671420.1441793455
2017-05-10,646839.5655291411,671800.1649538266,666368.7677778748,671800.1649538266
2017-05-11,646325.7057156686,671277.5978628836,665849.7672462339,671277.5978628836
2017-05-12,647774.3175962025,672750.7562544699,667312.8712221177,672750.7562544699
2017-05-15,649830.6660682822,674841.9492429971,669389.7916628042,674841.9492429971
2017-05-16,652541.8031732178,677599.0261595587,672128.0513241397,677599.0261595587
2017-05-17,635950.0108090148,660726.0883621866,655370.2725834625,660726.0883621866
2017-05-18,641511.8500109852,666382.1720952679,660987.7531239575,666382.1720952679
2017-05-19,644222.5325068261,669138.7866994519,663725.5536282317,669138.7866994519
2017-05-22,649644.2005712376,674652.3241160713,669201.4607414877,674652.3241160713
2017-05-23,650298.1557540866,675317.3604714132,669861.958174191,675317.3604714132
2017-05-24,653289.3320614101,678359.2218126467,672883.0585852971,678359.2218126467
2017-05-25,658850.9439588331,684015.0743895392,678500.3095472616,684015.0743895392
2017-05-26,660019.2893324317,685203.2172002647,679680.3431948439,685203.2172002647
2017-05-30,660580.2011872146,685773.633622301,680246.8664823311,685773.633622301
2017-05-31,660346.3805761299,685535.8509560301,680010.7067004609,685535.8509560301
2017-06-01,663917.0466334797,689150.2016101135,683607.212988541,689150.2016101135
2017-06-02,671499.6756579687,696856.5566268318,691261.0183141932,696856.5566268318
2017-06-05,671359.2172555076,696713.806360275,691119.2414627454,696713.806360275
2017-06-06,668691.1905507357,694002.2453812724,688426.1706378356,694002.2453812724
2017-06-07,671312.6254353503,696666.4542999477,691072.2122964629,696666.4542999477
2017-06-08,672014.7656827694,697380.0513914924,691780.9433642356,697380.0513914924
2017-06-09,655210.6745068586,680301.7673403223,674819.1162565722,680301.7673403223
2017-06-12,651700.1250346497,676733.9361238377,671275.614107175,676733.9361238377
2017-06-13,656989.4348591497,682109.5517802767,676614.5734012454,682109.5517802767
2017-06-14,654134.2820493162,679207.8113537708,673732.6199638718,679207.8113537708
2017-06-15,651232.2338895524,676258.4103844598,670803.3309812822,676258.4103844598
2017-06-16,648406.4475852578,673386.5156376715,667951.0197057186,673386.5156376715
2017-06-19,659248.8346070048,684405.8182236727,678895.1815870159,684405.8182236727
2017-06-20,654085.6414031911,679158.377036719,673683.5227397885,679158.377036719
2017-06-21,660562.7391119286,685741.1617490263,680221.4193951305,685741.1617490263
2017-06-22,660375.0818297642,685550.4424571869,680032.0006195332,685550.4424571869
2017-06-23,662909.6313168543,688126.3482666198,682590.3413084641,688126.3482666198
2017-06-26,659811.7305710547,684977.8989785715,679463.3613190744,684977.8989785715
2017-06-27,647843.323973878,672814.2035209144,667382.61018946,672814.2035209144
2017-06-28,657183.3903841041,682306.6720835285,676810.3495397115,682306.6720835285
2017-06-29,645778.2591631938,670715.4429838673,665298.1611158224,670715.4429838673
2017-06-30,646012.7359128451,670953.7456978923,665534.8388419023,670953.7456978923
2017-07-03,640206.9190796822,665037.002998695,659663.6053518108,665037.002998695
2017-07-05,646506.0439920464,671434.8159283306,665962.9869946826,671434.8159283306
2017-07-06,640676.9100120687,665514.3572512091,660130.9909927484,665514.3572512091
2017-07-07,647587.3119407953,672533.024038052,667041.9229567008,672533.024038052
2017-07-10,651817.9143423632,676829.9070371129,671273.8005958742,676829.9070371129
2017-07-11,653651.3653858453,678692.0826496045,673107.779323341,678692.0826496045
2017-07-12,661407.8877948856,686570.1260362596,680868.9541725093,686570.1260362596
2017-07-13,662865.0572881985,688050.1249178009,682326.9602156428,688050.1249178009
2017-07-14,668082.9142518138,693349.7297377151,687549.5428001753,693349.7297377151
2017-07-17,668411.9231047085,693683.8931528402,687878.3945157116,693683.8931528402
2017-07-18,672877.748975833,698219.6848536363,692347.576640667,698219.6848536363
2017-07-19,676826.4632195384,702230.2633697453,696330.8322203129,702230.2633697453
2017-07-20,677719.7043948843,703137.4989017306,697231.8870133604,703137.4989017306
2017-07-21,677437.5122325377,702850.8856514745,696947.2263780686,702850.8856514745
2017-07-24,680539.9539936875,706001.933184119,700076.8067155988,706001.933184119
2017-07-25,678800.7443402701,704235.4754359737,698322.3833441958,704235.4754359737
2017-07-26,681010.2489305582,706479.5962039374,700551.2155524386,706479.5962039374
2017-07-27,676732.4498328369,702134.7770808773,696235.996452509,702134.7770808773
2017-07-28,676168.5215148699,701562.0137313213,695667.1351775653,701562.0137313213
2017-07-31,673300.9992187923,698649.5661331076,692774.5292606348,698649.5661331076
2017-08-01,675851.7301865377,701224.7169738485,695338.9478185338,701224.7169738485
2017-08-02,677687.8972345531,703088.5221890602,697190.0665582808,703088.5221890602
2017-08-03,675051.6229071172,700412.5664008795,694532.3253598942,700412.5664008795
2017-08-04,676275.3029614592,701654.6654078832,695765.9696966092,701654.6654078832
2017-08-07,680559.5912552202,706003.4412308742,700085.1444446975,706003.4412308742
2017-08-08,679382.7211301824,704808.8567408393,698898.6912050205,704808.8567408393
2017-08-09,678488.0045139735,703900.6727620292,697996.6890169204,703900.6727620292
2017-08-10,663941.1529878291,689134.8605944264,683331.384194318,689134.8605944264
2017-08-11,668978.510290588,694248.040695286,688409.7601035346,694248.040695286
2017-08-14,677593.5162388833,702992.7205613508,697094.9170292937,702992.7205613508
2017-08-15,678064.5839664644,703470.878846749,697569.8206058271,703470.878846749
2017-08-16,679241.5302052085,704665.540596161,698756.3505789954,704665.540596161
2017-08-17,665353.5189198045,690568.4855974718,684755.2508555162,690568.4855974718
2017-08-18,664882.6034196357,690090.481830828,684280.5007459649,690090.481830828
2017-08-21,664035.3056423804,689230.4304440042,683426.3035228318,689230.4304440042
2017-08-22,674157.0585183208,699504.5369408239,693630.4766387764,699504.5369408239
2017-08-23,671756.0516567039,697067.3898875221,691209.9186614375,697067.3898875221
2017-08-24,669778.845911127,695060.4230463866,689216.6127626474,695060.4230463866
2017-08-25,668366.4038654454,693626.720783964,687792.6693679581,693626.720783964
2017-08-28,670438.0667203984,695729.5665121862,689881.2015292264,695729.5665121862
2017-08-29,673074.3410478341,698405.5223003668,692538.942727613,698405.5223003668
2017-08-30,680983.2401438479,706433.4669242861,700512.2430562641,706433.4669242861
2017-08-31,688280.41338325,713840.4779337692,707868.8363167944,713840.4779337692
2017-09-01,688338.5869277102,713884.5994919742,707919.4630856401,713884.5994919742
2017-09-05,682162.5041260628,707619.2766007696,701696.7501129614,707619.2766007696
2017-09-06,684236.8752135547,709723.6209039013,703786.7829526834,709723.6209039013
2017-09-07,685839.8745510264,711349.7824639387,705401.8851287456,711349.7824639387
2017-09-08,679899.4776243892,705323.5509442813,699416.6374878968,705323.5509442813
2017-09-11,687725.7426731561,713262.9000653123,707301.9917829515,713262.9000653123
2017-09-12,689376.0773690952,714937.0809467373,708964.7867051542,714937.0809467373
2017-09-13,690318.8970935454,715893.5237587251,709914.7248323873,715893.5237587251
2017-09-14,686263.987166989,711780.0232114446,705829.1998461782,711780.0232114446
2017-09-15,688621.6081611877,714171.710184909,708204.6211636105,714171.710184909
2017-09-18,687719.0349250963,713256.0953949707,707295.2333905838,713256.0953949707
2017-09-19,688900.1321544888,714454.258655683,708485.248046698,714454.258655683
2017-09-20,686774.0046927627,712297.4101348021,706343.0680658659,712297.4101348021
2017-09-21,682569.0089033685,708031.6550886289,702106.3240504288,708031.6550886289
2017-09-22,681907.5334753809,707360.6218019906,701439.8544030741,707360.6218019906
2017-09-25,674725.2884647641,700074.5983595499,694203.3825752352,700074.5983595499
2017-09-26,676473.4953028484,701848.0655673225,695964.7885860761,701848.0655673225
2017-09-27,682569.0089033685,708031.6550886289,702106.3240504288,708031.6550886289
2017-09-28,682332.3321110313,707791.5584816904,701867.8603197263,707791.5584816904
2017-09-29,687246.7484821589,712776.9847422844,706819.3811279647,712776.9847422844
2017-10-02,688860.2837440129,714399.5094583215,708437.6708835094,714399.5094583215
2017-10-03,690327.369766097,715886.9114501853,709914.9658710641,715886.9114501853
2017-10-04,690989.9592177693,716558.6763333414,710582.1660631644,716558.6763333414
2017-10-05,697756.3104846164,723418.726937369,717395.6021262708,723418.726937369
2017-10-06,698702.7141737677,724378.2362716282,718348.5915250793,724378.2362716282
2017-10-09,697898.4466089268,723562.8313397234,717538.7273287697,723562.8313397234
2017-10-10,698419.0526066693,724090.6466050604,718062.9560511342,724090.6466050604
2017-10-11,700500.9422513073,726201.3659205347,720159.3328759209,726201.3659205347
2017-10-12,699222.9384955588,724905.6645756268,718872.4359155359,724905.6645756268
2017-10-13,701920.3187794634,727640.3977451206,721588.5863749891,727640.3977451206
2017-10-16,704333.7321555085,730087.2316789759,724018.7938949708,730087.2316789759
2017-10-17,705232.5026859221,730998.4482382247,724923.8186716745,730998.4482382247
2017-10-18,704380.9836382949,730135.1374926479,724066.3741851678,730135.1374926479
2017-10-19,701778.5643311045,727496.6803041043,721445.8455043981,727496.6803041043
2017-10-20,703671.2953742167,729415.621580355,723351.7474356337,729415.621580355
2017-10-23,699081.2603823901,724762.0245268783,718729.7719113264,724762.0245268783
2017-10-24,700264.2268262341,725961.3724985685,719920.9702266464,725961.3724985685
2017-10-25,697614.4033658769,723274.8547118175,717252.7075229166,723274.8547118175
2017-10-26,695390.4539321187,721020.1083862564,715013.2823620124,721020.1083862564
2017-10-27,715642.7142610154,741552.8187382726,735406.4714594242,741552.8187382726
2017-10-30,717251.6310666486,743184.0155634204,737026.5841839515,743184.0155634204
2017-10-31,719948.7060097922,745918.4391638434,739742.4271778783,745918.4391638434
2017-11-01,720711.8433450725,746678.4205803962,740504.0383153508,746678.4205803962
2017-11-02,719337.5830563657,745285.9186500199,739120.9907646752,745285.9186500199
2017-11-03,726255.7429689715,752295.9087604242,746083.3866084169,752295.9087604242
2017-11-06,728719.5964357416,754792.4668992546,748562.9943875567,754792.4668992546
2017-11-07,729146.2913368186,755224.8256585916,748992.4176508713,755224.8256585916
2017-11-08,732083.9274974037,758201.4553829415,751948.8375736915,758201.4553829415
2017-11-09,728245.7373007048,754312.3178578482,748086.1053138756,754312.3178578482
2017-11-10,728198.3437430789,754264.295208119,748038.4087135075,754264.295208119
2017-11-13,729098.7448967488,755176.6480970889,748944.567190502,755176.6480970889
2017-11-14,726445.240758253,752487.9219034548,746274.096079889,752487.9219034548
2017-11-15,723033.669021409,749031.0656818119,742840.7101533872,749031.0656818119
2017-11-16,732273.4252866853,758393.468525972,752139.5470451636,758393.468525972
2017-11-17,729478.1226814218,755561.0616625834,749326.370783449,755561.0616625834
2017-11-20,728909.4764311331,754984.8673217184,748754.0885090317,754984.8673217184
2017-11-21,736822.2895241067,763002.7134293448,756717.4975205001,763002.7134293448
2017-11-22,737722.6906777765,763915.0663183149,757623.6559974946,763915.0663183149
2017-11-24,740423.5119326762,766651.7377057916,760341.7467784751,766651.7377057916
2017-11-27,740091.9863529608,766315.8115253465,760008.1013658998,766315.8115253465
2017-11-28,741987.1935694425,768236.1753233118,761915.4268706222,768236.1753233118
2017-11-29,729051.5042215668,755128.7803591329,748897.024450135,755128.7803591329
2017-11-30,735163.8207720885,761322.230512366,755048.4242276167,761322.230512366
2017-12-01,733036.4633534168,759153.485154856,752901.191817309,759153.485154856
2017-12-04,724590.4203803183,750600.0914966959,744405.8244277096,750600.0914966959
2017-12-05,725064.7735460269,751080.4737741982,744882.9477892589,751080.4737741982
2017-12-06,728338.8590643189,754396.1734927091,748176.1537830539,754396.1734927091
2017-12-07,730806.2303638917,756894.9055135278,750657.9343924099,756894.9055135278
2017-12-08,734032.8576019289,760162.543748732,753903.4049522593,760162.543748732
2017-12-11,739726.4734114722,765928.5264121476,759630.2711582877,765928.5264121476
2017-12-12,738730.1557085734,764919.5453367931,758628.1350159728,764919.5453367931
2017-12-13,740153.6744793792,766361.1572804291,760059.967056433,766361.1572804291
2017-12-14,739631.7864878024,765832.6360010986,759535.0312683028,765832.6360010986
2017-12-15,748029.8353613527,774337.4255463019,767982.1242755088,774337.4255463019
2017-12-18,754301.4470970322,780688.7505652799,774290.3618714128,780688.7505652799
2017-12-19,749832.1783724509,776162.6766526552,769794.9928685441,776162.6766526552
2017-12-20,749023.7801502388,775344.0035474909,768981.8736461265,775344.0035474909
2017-12-21,749118.9263475884,775440.3590696687,769077.5754919237,775440.3590696687
2017-12-22,748263.0698451214,774573.6244811978,768216.7208355606,774573.6244811978
2017-12-26,744221.691098967,770480.8791035479,764151.7406645557,770480.8791035479
2017-12-27,744316.6076594767,770577.0020701613,764247.2115324468,770577.0020701613
2017-12-28,745219.9989878119,771491.8756604604,765155.8786153909,771491.8756604604
2017-12-29,740607.5899663329,766820.8421127012,760516.5333843315,766820.8421127012
2018-01-02,754588.0482533693,780966.40807332,774572.9185340471,780966.40807332
2018-01-03,761920.2686520763,788387.8132361567,781944.0163840047,788387.8132361567
2018-01-04,763253.3160185782,789737.0749972746,783284.1319346566,789737.0749972746
2018-01-05,770918.49167028,797495.4852825983,790989.9504580293,797495.4852825983
2018-01-08,773918.0781863825,800531.5569834578,794005.4416076822,800531.5569834578
2018-01-09,773965.7527184642,800579.8114001674,794053.3689232585,800579.8114001674
2018-01-10,772156.5732084071,798748.6261075372,792234.5966453383,798748.6261075372
2018-01-11,777441.4713781219,804097.8066325393,797547.5168001797,804097.8066325393
2018-01-12,783154.9804536253,809880.8114312403,803291.3204738369,809880.8114312403
2018-01-16,780917.2666849372,807615.8794443592,801041.7417306629,807615.8794443592
2018-01-17,789344.0084954224,816145.1191258689,809513.1644462661,816145.1191258689
2018-01-18,789486.9554445097,816289.80479655,809656.8693394335,816289.80479655
2018-01-19,791962.7352849755,818795.6985491873,812145.7764462417,818795.6985491873
2018-01-22,800437.6881576463,827373.7357035433,820665.6658523555,827373.7357035433
2018-01-23,807055.7869881784,834072.3331485594,827318.8556649728,834072.3331485594
2018-01-24,801818.2567619146,828771.0967224747,822053.5546114598,828771.0967224747
2018-01-25,801532.6694523707,828482.035698905,821766.4530393734,828482.035698905
2018-01-26,813816.2195905362,840914.995628672,834115.1339422612,840914.995628672
2018-01-29,809864.6753759542,836915.38718258,830142.6375523199,836915.38718258
2018-01-30,803198.9786604982,830168.6129003023,823441.5974776882,830168.6129003023
2018-01-31,806531.9803125416,833542.1552003373,826792.2716221281,833542.1552003373
2018-02-01,800675.5921473627,827602.4936229968,820899.6505534225,827602.4936229968
2018-02-02,784705.915892718,811446.7899703828,804853.380110013,811446.7899703828
2018-02-05,753767.6755147442,780148.1565410098,773766.7529153136,780148.1565410098
2018-02-06,773741.6468086975,800354.800423166,793836.5239050953,800354.800423166
2018-02-07,763730.9859534027,790227.5274862503,783777.8496502184,790227.5274862503
2018-02-08,731505.3053979701,757626.4567597252,751395.697120998,757626.4567597252
2018-02-09,744138.1970248189,770406.5062826201,763978.5825385272,770406.5062826201
2018-02-12,757342.9773141867,783765.1062787136,777137.0237218528,783765.1062787136
2018-02-13,761251.9575764089,787719.6214293892,781033.533109372,787719.6214293892
2018-02-14,775505.5073856355,802139.2078407711,795245.0685494859,802139.2078407711
2018-02-15,789901.9526175152,816703.3542335129,809605.2439709158,816703.3542335129
2018-02-16,786374.2314636393,813134.5393983029,806084.2587735913,813134.5393983029
2018-02-20,787947.3090004508,814725.941384296,807653.327596177,814725.941384296
2018-02-21,785707.0280240335,812459.5638462381,805417.2124339113,812459.5638462381
2018-02-22,785611.5597609936,812362.9834934926,805321.3541649091,812362.9834934926
2018-02-23,801676.3205637946,828614.8793141546,821350.4331697938,828614.8793141546
2018-02-26,812307.0646709889,839369.4587222785,831960.3287695281,839369.4587222785
2018-02-27,802248.8231701276,829194.0508828692,821853.8456615185,829194.0508828692
2018-02-28,797100.06011899,823985.3109744746,816680.3879752015,823985.3109744746
2018-03-01,785085.9164456751,811819.6917378559,804603.9469200558,811819.6917378559
2018-03-02,792293.1246030953,819107.0772812314,811842.0075057242,819107.0772812314
2018-03-05,801075.8001555685,827987.4566813123,820662.2797060797,827987.4566813123
2018-03-06,804464.5572930229,831413.9124231337,824065.5433464892,831413.9124231337
2018-03-07,806326.4872764169,833296.5556529942,825935.443831076,833296.5556529942
2018-03-08,810765.5047833577,837784.9555021878,830393.4637681027,837784.9555021878
2018-03-09,826516.797737672,853711.4754607605,846212.1844454791,853711.4754607605
2018-03-12,830907.943411851,858151.4709216828,850622.1276212537,858151.4709216828
2018-03-13,819595.5911236544,846713.2731166562,839261.3497111428,846713.2731166562
2018-03-14,819452.2061478378,846568.2930387842,839117.3509366706,846568.2930387842
2018-03-15,818736.3570402773,845844.4803884857,838398.4374409663,845844.4803884857
2018-03-16,816302.1934476087,843383.237673141,835953.8537444313,843383.237673141
2018-03-19,798885.3756536236,825772.6645592207,818462.4784921955,825772.6645592207
2018-03-20,801514.7917776696,828431.3319143688,821103.1505520393,828431.3319143688
2018-03-21,798024.6815946085,824902.3956137514,817598.0999965554,824902.3956137514
2018-03-22,778327.7660581757,804986.3595573339,797816.8664190691,804986.3595573339
2018-03-23,757817.4904097285,784247.9150741873,777218.790918866,784247.9150741873
2018-03-26,785976.9626297961,812720.6504640109,805498.8074713855,812720.6504640109
2018-03-27,760542.9575625905,787003.7019884674,779955.9251802589,787003.7019884674
2018-03-28,751793.6309273223,778157.0424993171,771167.5503031556,778157.0424993171
2018-03-29,765562.6611693419,792079.2478443489,784897.6666794696,792079.2478443489
2018-04-02,744474.6203544154,770745.6094716508,763862.1687026379,770745.6094716508
2018-04-03,752852.4528237224,779212.0169257713,772207.5781325051,779212.0169257713
2018-04-04,764724.8575571182,791209.9431556655,784037.3105351281,791209.9431556655
2018-04-05,769081.5120293417,795612.6585398407,788379.4307803644,795612.6585398407
2018-04-06,749836.4731457277,776164.1506762612,769193.1648803155,776164.1506762612
2018-04-09,755102.4535315298,781485.8058603371,774439.5477695328,781485.8058603371
2018-04-10,771762.3999529249,798321.8902633254,791041.3895153588,798321.8902633254
2018-04-11,767310.0269634827,793822.4443738976,786601.7404747063,793822.4443738976
2018-04-12,776549.7108084874,803159.8151634969,795812.2039588087,803159.8151634969
2018-04-13,772528.4558672581,799096.0453359106,791801.870763702,799096.0453359106
2018-04-16,778416.7605032738,805046.604319411,797672.2025845187,805046.604319411
2018-04-17,795172.3484977421,821979.3414700112,814378.8063189815,821979.3414700112
2018-04-18,796799.9480111902,823624.1488475117,816012.4896285204,823624.1488475117
2018-04-19,789475.4808961641,816222.2434970163,808660.6444244529,816222.2434970163
2018-04-20,776980.5210801177,803595.180194775,796118.9797605259,803595.180194775
2018-04-23,775017.4450915297,801611.3495030447,794148.5660000063,801611.3495030447
2018-04-24,758597.1796839099,785017.4801513925,777666.9233643431,785017.4801513925
2018-04-25,759506.8903182169,785936.8087394977,778580.0344014859,785936.8087394977
2018-04-26,775496.4993424978,802095.4685751535,794629.4109054661,802095.4685751535
2018-04-27,775975.3227610289,802579.3543743398,795110.0241156614,802579.3543743398
2018-04-30,770470.0460821798,797015.8729271321,789584.1692906148,797015.8729271321
2018-05-01,780278.3119689444,806917.3877088736,799425.4806354808,806917.3877088736
2018-05-02,775676.4652733564,802269.3085033762,794808.8131306125,802269.3085033762
2018-05-03,775580.623963328,802172.5043224377,794712.6631519404,802172.5043224377
2018-05-04,790296.3483239475,817036.070390383,809475.781300011,817036.070390383
2018-05-07,796863.4041322417,823669.1022063144,816063.9871135328,823669.1022063144
2018-05-08,796048.5989112922,822846.1110346055,815246.5577128617,822846.1110346055
2018-05-09,804724.7798830428,831609.4573661101,823950.6813850044,831609.4573661101
2018-05-10,813065.3621839863,840033.8334305983,832318.1255498359,840033.8334305983
2018-05-11,812298.1694466361,839258.9330818958,831548.4619745822,839258.9330818958
2018-05-14,813688.6388705863,840663.3718741614,832943.4095751223,840663.3718741614
2018-05-15,804676.8592280286,831561.0552756408,823902.6063956684,831561.0552756408
2018-05-16,809997.3616631228,836935.0102044457,829240.2441586173,836935.0102044457
2018-05-17,806881.8257015134,833788.1739721524,826114.6742329611,833788.1739721524
2018-05-18,802711.6501153223,829576.1026652069,821931.0680870148,829576.1026652069
2018-05-21,807217.347329467,834127.066422303,826451.2764492927,834127.066422303
2018-05-22,806162.7847477387,833061.9091645164,825393.3175199823,833061.9091645164
2018-05-23,812969.5979168116,839937.1070665254,832222.0528621435,839937.1070665254
2018-05-24,812729.6864703255,839694.7853467163,831981.368751545,839694.7853467163
2018-05-25,813544.6457769824,840517.9321521566,832798.9527341754,840517.9321521566
2018-05-29,809949.5180509622,836886.6859308421,829192.246460261,836886.6859308421
2018-05-30,815749.7663361748,842745.2064823996,835011.1751534274,842745.2064823996
2018-05-31,815222.3309596033,842212.472219775,834482.041106813,842212.472219775
2018-06-01,829020.6980810651,856139.5412723365,848321.7478624886,856139.5412723365
2018-06-04,836507.2742526175,863697.6295579764,855828.7952241868,863697.6295579764
2018-06-05,839098.962361543,866314.0735888985,858427.5700091658,866314.0735888985
2018-06-06,843994.081831781,871255.9514616433,863336.0746262542,871255.9514616433
2018-06-07,837131.3034439983,864327.6195044081,856454.5307523418,864327.6195044081
2018-06-08,837179.1276836345,864375.9005633435,856502.4857619161,864375.9005633435
2018-06-11,839434.9662129219,866653.2869642578,858764.4926248201,866653.2869642578
2018-06-12,843850.2234335208,871110.7189214586,863191.822863583,871110.7189214586
2018-06-13,843802.3220580142,871062.3599898474,863143.790507219,871062.3599898474
2018-06-14,852345.1197026913,879686.7588238791,871709.9474594027,879686.7588238791
2018-06-15,849369.1406875285,876682.3531226079,868725.8309684574,876682.3531226079
2018-06-18,848878.9422312583,876187.4722685197,868234.2921203208,876187.4722685197
2018-06-19,846474.0772003952,873759.6358581486,865822.8512598402,873759.6358581486
2018-06-20,852485.7383943957,879828.7207116844,871850.9506569091,879828.7207116844
2018-06-21,845079.0749845578,872351.3085180721,864424.0345692737,872351.3085180721
2018-06-22,843203.3620245071,870457.6786630189,862543.1926856958,870457.6786630189
2018-06-25,824206.0313236343,851278.8846003492,843493.9159469906,851278.8846003492
2018-06-26,827572.703522276,854677.7154040526,846869.7939274422,854677.7154040526
2018-06-27,816318.3486261015,843315.8584010573,835584.6652791853,843315.8584010573
2018-06-28,823340.104042739,850404.685942915,842625.6208865372,850404.685942915
2018-06-29,825552.6693487428,852638.3857727604,844844.2362004553,852638.3857727604
2018-07-02,832083.319888503,859221.9881653031,851390.1304584967,859221.9881653031
2018-07-03,822452.7520087374,849504.1674169516,841737.888754391,849504.1674169516
2018-07-05,832661.1446938502,859805.0480588025,851969.2556724477,859805.0480588025
2018-07-06,845614.166590034,872875.4242306021,864951.4286555413,872875.4242306021
2018-07-09,853222.4248797406,880552.6132800527,872576.8095132795,880552.6132800527
2018-07-10,853848.4403665281,881184.300462184,873204.233862957,881184.300462184
2018-07-11,849514.5998691118,876811.195404244,868860.6399534022,876811.195404244
2018-07-12,864153.1371858653,891582.3577529514,883532.1216500056,891582.3577529514
2018-07-13,864875.6112641897,892311.3774406937,884256.2216735971,892311.3774406937
2018-07-16,862804.8020780658,890221.8067397723,882180.7520816588,890221.8067397723
2018-07-17,868053.4160076309,895517.973069899,887441.1781429444,895517.973069899
2018-07-18,866416.32295447,893866.0479666644,885800.4007725442,893866.0479666644
2018-07-19,862082.4052283976,889492.8649803773,881456.7294605284,889492.8649803773
2018-07-20,861889.7969599485,889298.5116825441,881263.6877225447,889298.5116825441
2018-07-23,864634.657856988,892068.2409975344,884014.7259949647,892068.2409975344
2018-07-24,868198.065280608,895663.9328641418,887586.1529525848,895663.9328641418
2018-07-25,880332.5406502114,907908.3464843241,899747.9372504783,907908.3464843241
2018-07-26,866994.533903098,894449.4975018997,886379.9129988007,894449.4975018997
2018-07-27,855292.7706939277,882641.716410891,874651.8146904513,882641.716410891
2018-07-30,843206.4860057646,870445.9300793407,862538.3295282843,870445.9300793407
2018-07-31,849658.9402274644,876956.8434850981,869005.3051531983,876956.8434850981
2018-08-01,853885.1763429119,881212.4319553492,873238.9226294835,881212.4319553492
2018-08-02,865503.4654340079,892930.4184955967,884877.8874258572,892930.4184955967
2018-08-03,868155.2039919341,895604.9118298905,887534.3449716195,895604.9118298905
2018-08-06,873265.3058414764,900758.8638638541,892653.5406695721,900758.8638638541
2018-08-07,876447.1446896156,903968.0063204921,895841.0418628078,903968.0063204921
2018-08-08,877507.6545467568,905037.6164958237,896903.4389848534,905037.6164958237
2018-08-09,876977.3996181862,904502.8114081579,896372.2404238306,904502.8114081579
2018-08-10,870276.4556637532,897744.3661285362,889659.371586035,897744.3661285362
2018-08-13,869312.1308651045,896771.7663832215,888693.3306917398,896771.7663832215
2018-08-14,874759.5762919803,902265.9567661914,894150.4702977912,902265.9567661914
2018-08-15,864056.900916856,891471.4408949639,883428.7486276397,891471.4408949639
2018-08-16,866901.6281451981,894340.5789505779,886278.5382831007,894340.5789505779
2018-08-17,867094.5394964352,894535.1456892373,886471.7929360245,894535.1456892373
2018-08-20,866322.9714106658,893756.9567172604,885698.8517811038,893756.9567172604
2018-08-21,869504.8102588049,896966.0991738986,888886.3529743395,896966.0991738986
2018-08-22,872879.7150965389,900369.9643345176,892267.2637340485,900369.9643345176
2018-08-23,871625.9072922663,899105.3975072226,891011.2246752054,899105.3975072226
2018-08-24,879725.323234605,907274.3151724687,899125.0541973434,907274.3151724687
2018-08-27,888692.260363669,916318.1982917263,908107.9487318284,916318.1982917263
2018-08-28,889993.7741012935,917630.8804207258,909411.7786206731,917630.8804207258
2018-08-29,900262.5342446975,927987.7575996261,919698.8128711017,927987.7575996261
2018-08-30,898671.6921398068,926383.2643539679,918105.1397312585,926383.2643539679
2018-08-31,899828.4643746194,927549.9629419772,919263.9705378292,927549.9629419772
2018-09-04,896971.5611426072,924660.0858586493,916400.3241256048,924660.0858586493
2018-09-05,885388.3774768604,912982.7806799186,904801.7141155006,912982.7806799186
2018-09-06,877473.2058422058,905003.292709507,896876.0011506894,905003.292709507
2018-09-07,874094.9998136966,901597.6363813437,893493.2960681198,901597.6363813437
2018-09-10,877038.9612710275,904565.519595812,896441.1782578266,904565.519595812
2018-09-11,883795.6829498434,911377.1443898311,903206.8984571142,911377.1443898311
2018-09-12,881189.596279178,908749.8814322754,900597.3410316403,908749.8814322754
2018-09-13,890600.7830345392,918237.5406982994,910021.0614920595,918237.5406982994
2018-09-14,887994.8511747727,915610.43380959,907411.6590836596,915610.43380959
2018-09-17,875204.8391473072,902716.4939400177,894604.6134723744,902716.4939400177
2018-09-18,882444.3386140802,910014.8194310273,901853.7544172567,910014.8194310273
2018-09-19,881768.5116352998,909333.5008827791,901177.0273802538,909333.5008827791
2018-09-20,891517.7279882252,919161.9364745618,910939.22762198,919161.9364745618
2018-09-21,886643.4294335601,914248.0308163629,906058.4375352651,914248.0308163629
2018-09-24,889109.1800244489,916733.8173648047,908527.4719830634,916733.8173648047
2018-09-25,890317.8661169533,917952.324881801,909737.7677891337,917952.324881801
2018-09-26,890946.1661497973,918585.7302942544,910366.9045843865,918585.7302942544
2018-09-27,898488.9401673505,926189.7946550426,917919.7239774393,926189.7946550426
2018-09-28,898295.6587601788,925994.9427005155,917726.1851604199,925994.9427005155
2018-10-01,901132.7320027472,928847.0658560644,920565.8253584121,928847.0658560644
2018-10-02,899099.7446787602,926798.4795502867,918531.0356735848,926798.4795502867
2018-10-03,900067.6124766103,927773.7737358847,919499.7615422142,927773.7737358847
2018-10-04,882787.7239169305,910361.2976957965,902204.5533619471,910361.2976957965
2018-10-05,871993.5569912671,899484.307817263,891400.8167830254,899484.307817263
2018-10-08,866669.1992232539,894119.0965924223,886071.7386639175,894119.0965924223
2018-10-09,869476.7132597719,896948.1525046896,888881.7417240011,896948.1525046896
2018-10-10,831237.6436630765,858415.6769711749,850606.9504683154,858415.6769711749
2018-10-11,820927.7980934229,848026.7246154586,840362.5237201698,848026.7246154586
2018-10-12,843774.205099121,871048.430641796,863055.575909214,871048.430641796
2018-10-15,833560.8363435846,860756.6953606249,852903.5241868,860756.6953606249
2018-10-16,857811.1553503756,885193.0855151032,876999.9177111835,885193.0855151032
2018-10-17,858149.7153510808,885534.2432650534,877335.9280734186,885534.2432650534
2018-10-18,838255.8863144529,865487.7701498176,857554.8441468999,865487.7701498176
2018-10-19,837481.6695675898,864707.6128873428,856784.7558689392,864707.6128873428
2018-10-22,841789.5724193179,869048.5700022962,861065.3737285128,869048.5700022962
2018-10-23,838691.8530262787,865927.0820063568,857985.8293561322,865927.0820063568
2018-10-24,800307.7194970312,827248.4294740078,819837.0846150802,827248.4294740078
2018-10-25,827994.7053546512,855147.855804394,847325.1299570729,855147.855804394
2018-10-26,806696.9643169304,833686.6985610172,826161.9984294223,833686.6985610172
2018-10-29,790094.5832157457,816956.9284508476,809673.8630946843,816956.9284508476
2018-10-30,803114.8460764644,830077.0949562568,822596.8879191524,830077.0949562568
2018-10-31,821992.607653892,849099.7043916238,841341.6662300612,849099.7043916238
2018-11-01,833834.5968394616,861025.0057324083,853112.9910832066,861025.0057324083
2018-11-02,820846.9625193365,847944.066048816,840214.1195137342,847944.066048816
2018-11-05,818811.3021293039,845893.7811299504,838192.4928955334,845893.7811299504
2018-11-06,825014.5655825036,852141.6098778693,844349.8767616078,852141.6098778693
2018-11-07,850893.1640174798,878206.1245446611,870043.7991470381,878206.1245446611
2018-11-08,845465.5121550704,872739.4795124942,864650.373616985,872739.4795124942
2018-11-09,831217.7514512687,858389.3604839741,850495.3329995881,858389.3604839741
2018-11-12,806065.9639978393,833056.8783318531,825516.6568547442,833056.8783318531
2018-11-13,806744.439876749,833740.2284963274,826189.2781043726,833740.2284963274
2018-11-14,800589.8218639242,827541.3946658614,820080.5497382506,827541.3946658614
2018-11-15,814595.2863790655,841647.4768088865,833976.7251904476,841647.4768088865
2018-11-16,811736.1448022121,838767.7946749574,831137.8530830613,838767.7946749574
2018-11-19,785372.8764054808,812215.1280953615,804969.2420167235,812215.1280953615
2018-11-20,771318.9992032679,798060.2854603259,791029.8025274841,798060.2854603259
2018-11-21,777182.7531714921,803966.1656296581,796841.9925813541,803966.1656296581
2018-11-23,771561.2953919283,798304.3223458208,791267.3195528424,798304.3223458208
2018-11-26,789395.1638229991,816266.3123065691,808946.1985341564,816266.3123065691
2018-11-27,792060.7322360011,818951.0306142704,811589.6290502303,818951.0306142704
2018-11-28,817551.3309144961,844624.7580686508,836876.9729758885,844624.7580686508
2018-11-29,814885.9952547973,841940.2741863921,834230.0524672733,841940.2741863921
2018-11-30,820798.3946633962,847895.1492731771,840098.9957415083,847895.1492731771
2018-12-03,836142.9135846171,863342.8437651445,855341.5116799178,863342.8437651445
2018-12-04,804071.0413762907,831056.1754469576,823506.0103965438,831056.1754469576
2018-12-06,809748.1649702556,836771.320646124,829135.4944214146,836771.320646124
2018-12-07,783013.50046438,809857.6051045937,802616.426271914,809857.6051045937
2018-12-10,791213.5052833179,818112.5281124201,810742.6116496593,818112.5281124201
2018-12-11,793833.4831409217,820750.0528425009,813339.2305148703,820750.0528425009
2018-12-12,800820.4014704232,827783.7649128648,820265.6977492538,827783.7649128648
2018-12-13,801063.0653746941,828028.0540188795,820505.6208575866,828028.0540188795
2018-12-14,781557.983102591,808392.3396537278,801161.9841100943,808392.3396537278
2018-12-17,763848.2564064848,790564.0049644148,783609.6359896665,790564.0049644148
2018-12-18,768651.5103067721,795399.4278707942,788366.26186223,795399.4278707942
2018-12-19,749777.323114851,776398.8339022661,769668.0265489822,776398.8339022661
2018-12-20,738908.8697993,765457.5909011858,758908.1272685028,765457.5909011858
2018-12-21,716007.5803496891,742402.9238173473,736246.5023519432,742402.9238173473
2018-12-24,698252.1793975933,724528.6089761978,718694.399005252,724528.6089761978
2018-12-26,741850.354026871,768418.7752374749,761752.354621423,768418.7752374749
2018-12-27,744721.1519058868,771308.7998149699,764593.0538825163,771308.7998149699
2018-12-28,744331.6778930781,770916.7173637669,764206.692352576,770916.7173637669
2018-12-31,750608.703322089,777235.7821422393,770419.5493870142,777235.7821422393
2019-01-02,754625.3123038608,781272.7163410719,774405.7333917839,781272.7163410719
2019-01-03,729971.4313802444,756467.0030526128,750009.952401252,756467.0030526128
2019-01-04,761202.8851004413,787890.7975036872,780881.2889849866,787890.7975036872
2019-01-07,770265.3066321205,797009.0304873898,789850.8530570031,797009.0304873898
2019-01-08,777233.0256476029,804019.6606071708,796749.3779717345,804019.6606071708
2019-01-09,783566.9126180632,810392.5551902804,803021.8916064899,810392.5551902804
2019-01-10,785807.9199663482,812647.3639131391,805241.1970732632,812647.3639131391
2019-01-11,782933.547255121,809755.2892097778,802392.7362080968,809755.2892097778
2019-01-14,776014.8298580415,802793.962487727,795538.0780643107,802793.962487727
2019-01-15,791167.9969964875,818040.4512905639,810543.0072978585,818040.4512905639
2019-01-16,791021.2254823192,817892.7758754579,810396.3242297596,817892.7758754579
2019-01-17,797258.2759211741,824168.2375535294,816629.6161559428,824168.2375535294
2019-01-18,805151.2699406547,832109.841037434,824517.8537736065,832109.841037434
2019-01-22,789023.8261798078,815883.0754727434,808400.1285812289,815883.0754727434
2019-01-23,790047.0266402649,816912.5773729658,809422.7124502484,816912.5773729658
2019-01-24,795163.0289425505,822060.0868740774,814535.6317953463,822060.0868740774
2019-01-25,804664.1316294542,831619.702656507,824031.0090171132,831619.702656507
2019-01-28,794724.5811283661,821618.9388534349,814097.4481944597,821618.9388534349
2019-01-29,787221.2666457071,814069.4147705272,806598.6552886005,814069.4147705272
2019-01-30,807246.2835782383,834217.7569388014,826611.6049337769,834217.7569388014
2019-01-31,819330.0048960063,846375.8965596942,838688.04447306,846375.8965596942
2019-02-01,816870.1907267462,843894.8967339296,836230.4350077545,843894.8967339296
2019-02-04,827016.9988382687,854099.1509427143,846366.1688915243,854099.1509427143
2019-02-05,834334.273000491,861457.8518116011,853675.4569797311,861457.8518116011
2019-02-06,831846.4574133181,858955.9514704228,851190.3565948283,858955.9514704228
2019-02-07,820675.1950962845,847721.4431143833,840031.2865950065,847721.4431143833
2019-02-08,822284.8848285471,849340.2460960448,841639.2195116765,849340.2460960448
2019-02-11,821504.4929172262,848555.436000291,840859.6793201936,848555.436000291
2019-02-12,833651.3814058024,860771.094029976,852993.3106930219,860771.094029976
2019-02-13,834236.5390569018,861359.564547838,853577.8297029812,861359.564547838
2019-02-14,835261.2268893698,862390.0536447272,854601.3991910095,862390.0536447272
2019-02-15,838773.8860603151,865922.5997158845,858110.224645258,865922.5997158845
2019-02-19,840432.014448285,867590.115588431,859766.5433516798,867590.115588431
2019-02-20,840285.7639733363,867443.0371172379,859620.4524945194,867443.0371172379
2019-02-21,837212.5571081074,864352.4313085632,856550.599727681,864352.4313085632
2019-02-22,843408.0324994905,870582.9823491563,862739.3133763797,870582.9823491563
2019-02-25,846481.2393647196,873673.588157831,865809.166143218,873673.588157831
2019-02-26,847359.5988465865,874556.9204669824,866686.5669834272,874556.9204669824
2019-02-27,846822.8019755422,874017.0845234607,866150.3559725608,874017.0845234607
2019-02-28,844871.5496324569,872054.7851761696,864201.2332265481,872054.7851761696
2019-03-01,851725.318254295,878941.8165382064,871048.7326812054,878941.8165382064
2019-03-04,851871.6626231462,879088.9197545875,871194.8488094399,879088.9197545875
2019-03-05,852506.4712812104,879727.0201210098,871828.66741151,879727.0201210098
2019-03-06,847671.2595717399,874866.7361214953,867000.996762286,874866.7361214953
2019-03-07,837268.4905712224,864410.0250689405,856614.4520581338,864410.0250689405
2019-03-08,835998.5613864338,863133.5108502856,855346.5034717277,863133.5108502856
2019-03-11,853385.7070017938,880610.814991084,872706.5318644141,880610.814991084
2019-03-12,858074.574342413,885323.9957742176,877388.0863854035,885323.9957742176
2019-03-13,864521.2114197132,891804.060954427,883824.6692021029,891804.060954427
2019-03-14,863056.0524535695,890331.3046186607,882361.7953172956,890331.3046186607
2019-03-15,871066.0091578466,898382.7957933597,890359.2595869682,898382.7957933597
2019-03-18,873140.5594862391,900468.1034020266,892430.5744191818,900468.1034020266
2019-03-19,876076.335120082,903419.1020752355,895361.7713784483,903419.1020752355
2019-03-20,879550.1621601274,906910.9421422888,898830.1805918155,906910.9421422888
2019-03-21,893299.359852953,920731.4343084781,912557.9348537487,920731.4343084781
2019-03-22,873678.7668267718,901009.101538776,892967.9423644152,901009.101538776
2019-03-25,872015.1034583397,899336.8114848924,891306.8736674153,899336.8114848924
2019-03-26,876076.335120082,903419.1020752355,895361.7713784483,903419.1020752355
2019-03-27,870449.1329477503,897762.7208610171,889743.3454651826,897762.7208610171
2019-03-28,872455.5399738648,899779.5318201811,891746.6232723151,899779.5318201811
2019-03-29,879061.1521007589,906419.3963920798,898341.9331990146,906419.3963920798
2019-04-01,891705.560163775,919124.3063658183,910968.2999851997,919124.3063658183
2019-04-02,895085.6397215641,922520.377410522,914341.5980596864,922520.377410522
2019-04-03,900228.9743414827,927688.0456494769,919474.6135621853,927688.0456494769
2019-04-04,899886.0801631766,927343.5292052828,919132.4073354807,927343.5292052828
2019-04-05,904539.5436556085,932019.008688544,923776.5345432385,932019.008688544
2019-04-08,906842.0003985345,934332.3585794703,926074.3718469795,934332.3585794703
2019-04-09,903657.7600151979,931133.0532435039,922896.5200330898,931133.0532435039
2019-04-10,908507.2968461013,936005.5337073742,927736.327195658,936005.5337073742
2019-04-11,906352.0512163748,933840.0913998194,925585.405654167,933840.0913998194
2019-04-12,910270.5519082308,937777.1309016255,929496.0446236704,937777.1309016255
2019-04-15,910417.8410761032,937925.1169089541,929643.0382839917,937925.1169089541
2019-04-16,913552.5947967842,941074.7014560247,932771.5027207518,941074.7014560247
2019-04-17,916736.522961429,944273.693096162,935949.0429423568,944273.693096162
2019-04-18,917912.3385548738,945455.0715881586,937122.4994866499,945455.0715881586
2019-04-22,920508.593086815,948063.6092541695,939713.5451303219,948063.6092541695
2019-04-23,932215.7012651486,959826.1049060938,951397.1652346989,959826.1049060938
2019-04-24,929276.5525549013,956873.0507958888,948463.9133643222,956873.0507958888
2019-04-25,933048.0762975767,960662.4179861954,952227.870265789,960662.4179861954
2019-04-26,933881.0757673883,961499.3584579551,953059.1984814486,961499.3584579551
2019-04-29,935693.3491641358,963320.2058973586,954867.8358981636,963320.2058973586
2019-04-30,928443.7091944355,956036.2671720437,947632.7409448051,956036.2671720437
2019-05-01,926455.3983488892,954033.9397185846,945650.5449358518,954033.9397185846
2019-05-02,922434.3659470135,949995.6395196965,941639.306833938,949995.6395196965
2019-05-03,937145.5935082483,964770.0425209532,956314.7012654833,964770.0425209532
2019-05-06,931408.2382010636,959008.0488928272,950591.320821779,959008.0488928272
2019-05-07,913264.4429682004,940786.3375076421,932491.7196553139,940786.3375076421
2019-05-08,910959.8897496128,938471.8876870862,930192.7797925127,938471.8876870862
2019-05-09,906056.1211828713,933547.0605284849,925300.9556657772,933547.0605284849
2019-05-10,907183.5886629852,934679.369770027,926425.6768972679,934679.369770027
2019-05-13,875702.0148880823,903062.6024997114,895018.5338500846,903062.6024997114
2019-05-14,885313.1887408439,912715.0502798016,904523.1737377556,912715.0502798016
2019-05-15,897817.7712373883,925273.3320681434,916892.9257757532,925273.3320681434
2019-05-16,906840.7929158608,934335.1019314626,925821.5956162533,934335.1019314626
2019-05-17,897572.8055051713,925027.3143626729,916646.7503789808,925027.3143626729
2019-05-20,882420.327069988,909809.7655933804,901650.6074700119,909809.7655933804
2019-05-21,891639.2431952446,919068.2711465289,910769.3804700038,919068.2711465289
2019-05-22,887667.2820788018,915079.252963282,906838.3991193123,915079.252963282
2019-05-23,874083.9126926287,901437.5515763034,893398.5175555754,901437.5515763034
2019-05-24,873642.8180966591,900994.562757362,892961.4586772907,900994.562757362
2019-05-28,870357.2298643609,897694.864996716,889711.236253284,897694.864996716
2019-05-29,863197.9793644648,890504.8700332,882630.6874150268,890504.8700332
2019-05-30,866826.6758998458,894149.1495305994,886217.4630516993,894149.1495305994
2019-05-31,852998.0282254976,880261.1165399614,872542.9825341207,880261.1165399614
2019-06-03,835216.4752059168,862399.0298527062,854979.1177986184,862399.0298527062
2019-06-04,858733.5946280552,886005.7601959866,878190.6414233607,886005.7601959866
2019-06-05,865116.0471947668,892412.5328098681,884494.8216210562,892412.5328098681
2019-06-06,871989.3312754403,899312.0072290214,891285.3091939698,899312.0072290214
2019-06-07,888828.9828871391,916215.8255724336,907926.9762792228,916215.8255724336
2019-06-10,899188.5476112108,926614.8649498798,918169.6521200367,926614.8649498798
2019-06-11,900415.9393266311,927846.9335859827,919382.8587632736,927846.9335859827
2019-06-12,895211.8266169954,922622.9908399694,914234.5970834768,922622.9908399694
2019-06-13,900513.9648106914,927945.3325917216,919477.5143584167,927945.3325917216
2019-06-14,896684.3211588808,924101.0962557849,915688.7350607573,924101.0962557849
2019-06-17,902084.875999782,929522.2296669302,921029.2288965342,929522.2296669302
2019-06-18,915193.535304762,942680.8389259912,933993.0807444024,942680.8389259912
2019-06-19,918630.372926671,946130.772462395,937419.9115800253,946130.772462395
2019-06-20,927172.9066110109,954705.857085419,945937.5725999207,954705.857085419
2019-06-21,925798.046390041,953325.7580216882,944566.7154579199,953325.7580216882
2019-06-24,925827.8530216668,953355.6782301371,944596.4353037775,953355.6782301371
2019-06-25,909934.8944527559,937402.1602605844,928749.7510886033,937402.1602605844
2019-06-26,914166.4191194249,941649.8089608311,932968.9551374074,941649.8089608311
2019-06-27,917659.8189320567,945156.5202156302,936452.1834757997,945156.5202156302
2019-06-28,918840.7404658874,946341.9415976158,937629.6666076139,946341.9415976158
2019-07-01,932239.7646142527,959788.3327741609,950992.7085238452,959788.3327741609
2019-07-02,935934.3508246042,963495.3971654992,954674.9642400035,963495.3971654992
2019-07-03,942977.9120328793,970562.7474604391,961695.0179197943,970562.7474604391
2019-07-05,941057.0404699479,968635.3883014279,959780.5571683324,968635.3883014279
2019-07-08,934456.3597072379,962012.4142467215,953201.90584307,962012.4142467215
2019-07-09,939135.9339571779,966707.7933990532,957865.8622511652,966707.7933990532
2019-07-10,948494.9258238324,976098.3945414741,967193.6189568854,976098.3945414741
2019-07-11,947805.2697312335,975406.4091884242,966506.2645565359,975406.4091884242
2019-07-12,953272.8657394894,980892.4715819991,971955.6127402746,980892.4715819991
2019-07-15,956326.5871070364,983956.5066587783,974999.1424675549,983956.5066587783
2019-07-16,951400.7854263524,979014.0684614787,970089.7804002842,979014.0684614787
2019-07-17,946721.6027594765,974319.0822147529,965426.2142683645,974319.0822147529
2019-07-18,947805.2697312335,975406.4091884242,966506.2645565359,975406.4091884242
2019-07-19,940859.9175554496,968437.5996194354,959584.0921415689,968437.5996194354
2019-07-22,948347.0640588055,975950.0333846994,967046.250673004,975950.0333846994
2019-07-23,954553.498992519,982177.4300754206,973231.9719447393,982177.4300754206
2019-07-24,961252.3104711075,988898.8662749568,979908.4264795904,988898.8662749568
2019-07-25,952139.8593016483,979755.6385019886,970826.3876539861,979755.6385019886
2019-07-26,961941.8882470937,989590.7730468855,980595.7028247048,989590.7730468855
2019-07-29,958641.6261823515,986279.3646006535,977306.4552173087,986279.3646006535
2019-07-30,954504.3161596605,982128.0811313239,973182.9532570923,982128.0811313239
2019-07-31,941303.3462173047,968882.5259275171,960026.040882743,968882.5259275171
2019-08-01,937623.3937407248,965186.888248048,956361.8264733964,965186.888248048
2019-08-02,923817.0394807227,951339.8419741539,942607.3892616722,951339.8419741539
2019-08-05,891174.0170952083,918600.6095178722,910084.9182833991,918600.6095178722
2019-08-06,903649.0574973158,931112.4180998907,922409.7227366838,931112.4180998907
2019-08-07,908530.5677763304,936008.3158471934,927233.6515784408,936008.3158471934
2019-08-08,928304.0399350554,955840.0671423671,946778.8015923536,955840.0671423671
2019-08-09,919576.058865391,947086.361748942,938146.1923877246,947086.361748942
2019-08-12,909023.8618575903,936503.0638336065,927711.6023525844,936503.0638336065
2019-08-13,928944.9615997565,956482.8778208361,947403.3589339652,956482.8778208361
2019-08-14,901183.6846938676,928639.7790056841,919946.0653233742,928639.7790056841
2019-08-15,900148.2532044846,927601.2957481255,918921.9127452173,927601.2957481255
2019-08-16,914596.0779306131,942091.7031194184,933200.3985095373,942091.7031194184
2019-08-19,929142.1381118938,956680.6354791053,947581.4738353683,956680.6354791053
2019-08-20,921943.0394132795,949460.3185922032,940460.3718493296,949460.3185922032
2019-08-21,930128.2558731916,957669.6596642777,948553.9791677318,957669.6596642777
2019-08-22,927120.588861213,954653.1280363743,945578.3895905934,954653.1280363743
2019-08-23,897781.272656596,925227.3389048644,916560.3239059469,925227.3389048644
2019-08-26,911341.6854778008,938827.7188670328,929961.5752652478,938827.7188670328
2019-08-27,909418.1364816613,936898.500518869,928059.0577247075,936898.500518869
2019-08-28,912672.6857348809,940162.6420338058,931275.8438192726,940162.6420338058
2019-08-29,926627.6083807677,954158.6945750638,945072.4929924317,954158.6945750638
2019-08-30,924408.4906169312,951933.0363176855,942876.9397686413,951933.0363176855
2019-09-03,916433.7977972208,943932.0128788647,935000.2638959853,943932.0128788647
2019-09-04,929663.4462033466,957194.8383432404,948072.3758392077,957194.8383432404
2019-09-05,946693.7704720185,974267.8709321136,964903.7747995922,974267.8709321136
2019-09-06,945755.7079442096,973327.4559491092,963969.6452068528,973327.4559491092
2019-09-09,943781.2401553799,971348.0366278705,962003.4556013852,971348.0366278705
2019-09-10,941066.258649191,968626.2465431908,959299.8569675128,968626.2465431908
2019-09-11,949902.1923323184,977484.3388111498,968098.7449821222,977484.3388111498
2019-09-12,953851.44185326,981443.4921842103,972031.4368200962,981443.4921842103
2019-09-13,950445.2357250486,978028.7440376732,968639.5116029526,978028.7440376732
2019-09-16,946200.1731462663,973773.0357724654,964412.2469374153,973773.0357724654
2019-09-17,950741.5196978129,978325.7710256955,968934.5533710744,978325.7710256955
2019-09-18,950346.7360201959,977929.997317152,968541.4248694446,977929.997317152
2019-09-19,951926.1846739466,979513.4068819095,970114.251503003,979513.4068819095
2019-09-20,941856.061461887,969418.0300082155,960086.3484410517,969418.0300082155
2019-09-23,942271.4869103219,969834.4972526133,960500.0321705003,969834.4972526133
2019-09-24,929757.5507022458,957289.178835595,948038.5620796727,957289.178835595
2019-09-25,940193.9672390447,967751.767617395,958431.2227394583,967751.767617395
2019-09-26,936731.8007207456,964280.9187443785,954983.5717526005,964280.9187443785
2019-09-27,925107.7367466302,952627.7041658228,943408.2430040152,952627.7041658228
2019-09-30,933912.3545873383,961454.4020580942,952175.9464714775,961454.4020580942
2019-10-01,927294.613358996,954817.6779206874,945590.2622062401,954817.6779206874
2019-10-02,911350.2179252509,938840.2162948448,929719.5191657277,938840.2162948448
2019-10-03,921352.7958925589,948863.538050521,939675.8919439553,948863.538050521
2019-10-04,934920.2757704665,962459.1547679711,953180.6991813545,962459.1547679711
2019-10-07,932097.5510494888,959630.5761556841,950371.0135518871,959630.5761556841
2019-10-08,918134.15429052,945638.2214872426,936472.118303385,945638.2214872426
2019-10-09,927096.5370626762,954619.190844988,945393.1008893141,954619.190844988
2019-10-10,934276.4688795327,961814.0127218463,952539.8662456574,961814.0127218463
2019-10-11,946308.9163888566,973871.4136527282,964516.7319325666,973871.4136527282
2019-10-14,946210.1532375381,973772.4456820205,964418.4250006443,973772.4456820205
2019-10-15,958242.3650352836,985829.6104124949,976395.0560648042,985829.6104124949
2019-10-16,955865.5280499721,983447.8442375716,974029.198469274,983447.8442375716
2019-10-17,958391.0990412071,985978.652869575,976543.1030195607,985978.652869575
2019-10-18,949180.7476886521,976749.200683227,967375.2973014544,976749.200683227
2019-10-21,957599.0295675063,985184.940767185,975754.6923746055,985184.940767185
2019-10-22,949973.1314444575,977543.2277194937,968164.0207767419,977543.2277194937
2019-10-23,951805.2389722578,979379.1347528765,969987.6651988295,979379.1347528765
2019-10-24,961064.8540446829,988657.9528243745,979204.5070715224,988657.9528243745
2019-10-25,968740.015887602,996349.0317572159,986844.2148239726,996349.0317572159
2019-10-28,978296.7846897698,1005925.6198089976,996356.8377758461,1005925.6198089976
2019-10-29,970720.6217097477,998333.7450472713,988815.6715780675,998333.7450472713
2019-10-30,975424.9533899742,1003047.8327784986,993498.2724069584,1003047.8327784986
2019-10-31,975870.2125614317,1003494.0153481093,993941.4747802309,1003494.0153481093
2019-11-01,985733.5322722424,1013375.8367891307,1003763.9704882216,1013375.8367891307
2019-11-04,991830.030911093,1019482.4926428106,1009829.8628093547,1019482.4926428106
2019-11-05,992375.3920273015,1020028.7623707232,1010372.4860432831,1020028.7623707232
2019-11-06,990144.8697810259,1017794.5239104404,1008153.1617118419,1017794.5239104404
2019-11-07,993465.8783088463,1021121.0654825646,1011457.4977448146,1021121.0654825646
2019-11-08,997431.2686689564,1025093.0624744736,1015402.9806130305,1025093.0624744736
2019-11-11,996093.1126217726,1023752.6769609598,1014071.5425250495,1023752.6769609598
2019-11-12,998967.7807494655,1026632.1344970436,1016931.7789254083,1026632.1344970436
2019-11-13,999215.7651162675,1026880.5320240278,1017178.5183336253,1026880.5320240278
2019-11-14,998422.5769338384,1026086.0223317868,1016389.3122023635,1026086.0223317868
2019-11-15,1005758.6041552455,1033434.271913748,1023688.5102873722,1033434.271913748
2019-11-18,1006551.3990862207,1034228.3876993493,1024477.3251414245,1034228.3876993493
2019-11-19,1008038.5187841255,1035717.9850479751,1025956.9790363079,1035717.9850479751
2019-11-20,1001991.4125278792,1029660.8038682394,1019940.2311326694,1029660.8038682394
2019-11-21,999760.7329810222,1027426.4078453006,1017720.7502903445,1027426.4078453006
2019-11-22,1000405.429414475,1028072.1783903972,1018362.2101473551,1028072.1783903972
2019-11-25,1012251.6575601652,1039938.1432228844,1030148.9665464151,1039938.1432228844
2019-11-26,1014184.881707325,1041874.5882635667,1032072.4853075866,1041874.5882635667
2019-11-27,1021272.8459116392,1048974.3615372158,1039124.8657289364,1048974.3615372158
2019-11-29,1016613.7599869259,1044307.5132329058,1034489.1698634246,1044307.5132329058
2019-12-02,1007204.3300441827,1034880.8608784606,1025132.1169522024,1034880.8608784606
2019-12-03,999315.2687237826,1026981.800961223,1017285.7539741293,1026981.800961223
2019-12-04,1004376.0898302828,1032049.0361527271,1022319.1841575165,1032049.0361527271
2019-12-05,1006360.6761600899,1034036.1377473794,1024293.0292162081,1034036.1377473794
2019-12-06,1017127.4191500833,1044816.526508148,1035001.4988503151,1044816.526508148
2019-12-09,1012513.2244419089,1040196.4837692962,1030412.277767926,1040196.4837692962
2019-12-10,1011669.8067431139,1039351.9971228542,1029573.4249389129,1039351.9971228542
2019-12-11,1017028.0638681008,1044717.0453032744,1034902.6813136573,1044717.0453032744
2019-12-12,1024619.531713149,1052318.13457517,1042453.0614957191,1052318.13457517
2019-12-13,1027993.2025083288,1055696.081160938,1045808.4728117719,1055696.081160938
2019-12-16,1038313.3978284292,1066029.3562972671,1056072.8116472077,1066029.3562972671
2019-12-17,1038908.9784212961,1066625.6917290166,1056665.1687508656,1066625.6917290166
2019-12-18,1039702.3248369367,1067420.0436319564,1057454.2212999149,1067420.0436319564
2019-12-19,1046202.301691964,1073928.2585580784,1063919.0180206269,1073928.2585580784
2019-12-20,1050419.8625565346,1078151.1647595668,1068113.751979655,1078151.1647595668
2019-12-23,1053194.3312509463,1080929.1498157845,1070873.2042850086,1080929.1498157845
2019-12-24,1053741.2576724463,1081476.7694118673,1071417.1705505883,1081476.7694118673
2019-12-26,1063039.7153938385,1090787.0119991882,1080665.301786385,1090787.0119991882
2019-12-27,1062144.6518432363,1089890.8140449831,1079775.0826308683,1089890.8140449831
2019-12-30,1055183.4051014136,1082920.744618581,1072851.5125763386,1082920.744618581
2019-12-31,1057172.3214950154,1084912.1817649512,1074829.6642630147,1084912.1817649512
2020-01-02,1075823.8021940163,1103586.1542958699,1093385.7273531114,1103586.1542958699
2020-01-03,1065969.3396042672,1093722.8766355054,1083588.2138488882,1093722.8766355054
2020-01-06,1072837.613348889,1100597.2942279032,1090416.795737629,1100597.2942279032
2020-01-07,1072688.284206218,1100447.8315064677,1090268.3295702892,1100447.8315064677
2020-01-08,1080750.8758855741,1108517.635381755,1098284.3274126982,1108517.635381755
2020-01-09,1089908.8106167119,1117683.7621213975,1107389.3383031401,1117683.7621213975
2020-01-10,1087121.51715739,1114893.975356282,1104618.1526540774,1114893.975356282
2020-01-13,1099663.6679102415,1127447.3453860392,1117087.8221316286,1127447.3453860392
2020-01-14,1095333.5955827339,1123113.399697302,1112782.773356351,1123113.399697302
2020-01-15,1095781.5042090884,1123561.7089894598,1113228.0935121079,1123561.7089894598
2020-01-16,1106282.7708109976,1134072.3692448335,1123668.6731385076,1134072.3692448335
2020-01-17,1111757.673631763,1139552.1695071931,1129111.9364146357,1139552.1695071931
2020-01-21,1111259.962357299,1139054.0130171739,1128617.1014210116,1139054.0130171739
2020-01-22,1114196.4273559747,1141993.104759428,1131536.596544889,1141993.104759428
2020-01-23,1117779.9327717859,1145579.8157131365,1135099.3928297304,1145579.8157131365
2020-01-24,1108373.2212050743,1136164.6896006328,1125747.042788739,1136164.6896006328
2020-01-27,1085479.1329929847,1113250.1220369374,1102985.2598521276,1113250.1220369374
2020-01-28,1102152.066679246,1129937.9700918384,1119561.8404072244,1129937.9700918384
2020-01-29,1103943.6223830057,1131731.1283883213,1121343.042683989,1131731.1283883213
2020-01-30,1107875.667533927,1135666.6908549108,1125252.3644876399,1135666.6908549108
2020-01-31,1090306.6801899814,1118081.9875992485,1107784.908582242,1118081.9875992485
2020-02-03,1107780.3397787518,1135570.5035331333,1125163.4848786404,1135570.5035331333
2020-02-04,1133136.063615454,1160939.735489304,1150363.6570857456,1160939.735489304
2020-02-05,1136872.1909855243,1164677.8532602475,1154076.8641596125,1164677.8532602475
2020-02-06,1146685.7858633192,1174496.6762755974,1163830.254852929,1174496.6762755974
2020-02-07,1141753.8674261451,1169562.130386575,1158928.5926196354,1169562.130386575
2020-02-10,1155552.7489630403,1183368.3632001102,1172642.8211399768,1183368.3632001102
2020-02-11,1155751.7451283527,1183567.465379512,1172840.5965088333,1183567.465379512
2020-02-12,1167009.974870937,1194831.692880762,1184029.7595588588,1194831.692880762
2020-02-13,1165515.6501194465,1193336.5720361527,1182544.6021516626,1193336.5720361527
2020-02-14,1168853.2330490397,1196675.9330443067,1185861.709765033,1196675.9330443067
2020-02-18,1169301.467376218,1197124.4061658054,1186307.1942760167,1197124.4061658054
2020-02-19,1180509.849486429,1208338.759478636,1197446.8154976168,1208338.759478636
2020-02-20,1169550.7055380838,1197373.777107902,1186554.9034181437,1197373.777107902
2020-02-21,1147084.1725581244,1174895.2752086767,1164226.1975354874,1174895.2752086767
2020-02-24,1102848.5790872497,1130636.1154738213,1120261.9794232848,1130636.1154738213
2020-02-25,1072860.1014804486,1100631.6616739994,1090455.2068662825,1100631.6616739994
2020-02-26,1078389.5605234124,1106164.0665052133,1095910.988183657,1106164.0665052133
2020-02-27,1024390.298679952,1052136.0368582825,1042616.4472966313,1052136.0368582825
2020-02-28,1025187.6241794147,1052933.7871284266,1043401.5854148287,1052933.7871284266
2020-03-02,1079090.4114376546,1106864.8781732463,1096555.505395166,1106864.8781732463
2020-03-03,1044486.8121875892,1072255.6842325628,1062418.3465688264,1072255.6842325628
2020-03-04,1088065.3844727515,1115841.3022769755,1105377.317922474,1115841.3022769755
2020-03-05,1055007.38949837,1082777.962504413,1072757.2413376095,1082777.962504413
2020-03-06,1037207.2828865094,1064974.9779812477,1055203.8160914322,1064974.9779812477
2020-03-09,965158.4240582942,992914.4703337401,984183.3668220488,992914.4703337401
2020-03-10,1017711.8114866056,1045476.3545644063,1035893.4284701607,1045476.3545644063
2020-03-11,973385.3839913324,1001142.7603970696,992211.0509807084,1001142.7603970696
2020-03-12,884134.1974651127,911877.1437888144,904355.4793891881,911877.1437888144
2020-03-13,959025.3481892034,986780.4028723652,977866.2791822373,986780.4028723652
2020-03-16,844145.7722859369,871882.253303369,864780.3960030805,871882.253303369
2020-03-17,908166.9308190661,935913.7627416863,927561.9401474536,935913.7627416863
2020-03-18,880544.1293051001,908286.4951885849,900397.3665648792,908286.4951885849
2020-03-19,885829.562253156,913572.7826824907,905588.8399466337,913572.7826824907
2020-03-20,851126.0174002193,878863.6269797867,871487.2196190027,878863.6269797867
2020-03-23,851740.7696984495,879478.4786708254,872089.3408419768,879478.4786708254
2020-03-24,917697.6045639669,945445.9774006,936813.3804762956,945445.9774006
2020-03-25,910902.0140824777,938649.2882118337,930125.8785557256,938649.2882118337
2020-03-26,958870.3772425711,986625.4068701167,977313.4047462777,986625.4068701167
2020-03-27,925892.0387557863,953641.7364639671,944821.995071056,953641.7364639671
2020-03-30,959569.917516697,987325.0602455237,977971.027398536,987325.0602455237
2020-03-31,951375.1675409822,979128.9853472055,969895.9420966483,979128.9853472055
2020-04-01,911951.6080279124,939699.01018809,931074.5936113367,939699.01018809
2020-04-02,930459.9390685104,958202.2146798685,949273.2988171291,958202.2146798685
2020-04-03,917253.9849327862,944999.9184087262,936278.9371156386,944999.9184087262
2020-04-06,982832.7955330181,1010560.5645956823,1000773.364158562,1010560.5645956823
2020-04-07,982432.5743908936,1010160.4543092162,1000375.9169591359,1010160.4543092162
2020-04-08,1003292.0465762514,1031014.1487125432,1021090.8116235414,1031014.1487125432
2020-04-09,1004742.532086009,1032464.2324581027,1022531.2437821252,1032464.2324581027
2020-04-13,1015597.1870117512,1043315.8807962562,1033310.6648243823,1043315.8807962562
2020-04-14,1059766.6955518702,1087473.1550003148,1077174.0334013384,1087473.1550003148
2020-04-15,1047611.5590120559,1075321.3852633066,1065103.1444154482,1075321.3852633066
2020-04-16,1066719.5895049528,1094424.1230990237,1084078.73667336,1094424.1230990237
2020-04-17,1076924.0431399646,1104625.7502431097,1094212.4629862176,1104625.7502431097
2020-04-20,1064168.5748869635,1091873.8150764022,1081545.4032011882,1091873.8150764022
2020-04-21,1024901.5382400379,1052617.654849394,1042550.5273627009,1052617.654849394
2020-04-22,1055314.8676066222,1083022.5601491393,1072753.0611863942,1083022.5601491393
2020-04-23,1053063.7027147822,1080772.0187984873,1070517.4991744559,1080772.0187984873
2020-04-24,1069670.9042976776,1097374.6204188312,1087009.595829792,1097374.6204188312
2020-04-27,1078274.789494635,1105976.1224599332,1095553.847284281,1105976.1224599332
2020-04-28,1057965.8584775315,1085672.8167326574,1075385.6779735885,1085672.8167326574
2020-04-29,1095482.55988855,1123179.1265421365,1112642.3501932586,1123179.1265421365
2020-04-30,1095032.3901362708,1122729.0814805822,1112195.300578738,1122729.0814805822
2020-05-01,1065168.2749769366,1092873.635130386,1082545.2232551721,1092873.635130386
2020-05-04,1077585.519907774,1105282.7822673668,1094871.8231080903,1105282.7822673668
2020-05-05,1089802.228959326,1117491.52430272,1106999.3509805594,1117491.52430272
2020-05-06,1096511.6769283959,1124196.5967660442,1113659.820417166,1124196.5967660442
2020-05-07,1110630.905860348,1138306.617970683,1127675.9798990246,1138306.617970683
2020-05-08,1125851.9350789615,1153517.7209329018,1142785.8965973316,1153517.7209329018
2020-05-11,1135915.8301585712,1163575.0529344536,1152776.3258994087,1163575.0529344536
2020-05-12,1112133.1450507343,1139807.8774893826,1129167.2528413245,1139807.8774893826
2020-05-13,1098213.8982500776,1125897.7079995028,1115349.615634249,1125897.7079995028
2020-05-14,1110680.9013931716,1138356.5808993725,1127725.6104677205,1138356.5808993725
2020-05-15,1117891.0166521813,1145561.9941469962,1134883.0923557128,1145561.9941469962
2020-05-18,1138719.6935532033,1166377.0878149588,1155559.7212741782,1166377.0878149588
2020-05-19,1135865.9137326032,1163516.6516162641,1152719.2303409905,1163516.6516162641
2020-05-20,1158547.1149812015,1186749.988414516,1175736.9620383678,1186749.988414516
2020-05-21,1145929.7297053572,1173825.4541972154,1162932.3673514014,1173825.4541972154
2020-05-22,1149885.2307057632,1177877.2451910425,1166946.5577709533,1177877.2451910425
2020-05-26,1146780.6821524866,1174697.1216449295,1163795.9457351284,1174697.1216449295
2020-05-27,1153039.379257585,1181108.1761639214,1170147.5057412018,1181108.1761639214
2020-05-28,1151537.6938151885,1179569.9347248625,1168623.5391651778,1179569.9347248625
2020-05-29,1168410.7906089488,1196853.7785716765,1185746.9891379455,1196853.7785716765
2020-06-01,1172915.0826216445,1201443.3839576084,1190303.2802436177,1201443.3839576084
2020-06-02,1180782.7157312527,1209502.3780715019,1198287.5492131906,1209502.3780715019
2020-06-03,1186094.759569223,1214943.6244319435,1203678.3428851427,1214943.6244319435
2020-06-04,1177775.9910835137,1206422.5221732093,1195236.250560782,1206422.5221732093
2020-06-05,1201128.2244592432,1230342.7417232846,1218934.6754510277,1230342.7417232846
2020-06-08,1210448.9441882942,1239890.1652478944,1228393.572716568,1239890.1652478944
2020-06-09,1219218.4521784165,1248872.9701511664,1237293.086655321,1248872.9701511664
2020-06-10,1233851.0573967623,1263861.477836097,1252142.6168966552,1263861.477836097
2020-06-11,1172714.692372976,1201238.1197044333,1190099.9192553817,1201238.1197044333
2020-06-12,1182035.6496250401,1210785.7865292244,1199559.0575651594,1210785.7865292244
2020-06-15,1196417.6680646287,1225517.6125226102,1214154.2861360996,1225517.6125226102
2020-06-16,1216963.3295182744,1246562.9971273867,1235004.5323179355,1246562.9971273867
2020-06-17,1220821.811690776,1250515.327476749,1238920.2156054454,1250515.327476749
2020-06-18,1224129.477996037,1253903.4447050765,1242276.917306564,1253903.4447050765
2020-06-19,1223929.008573031,1253698.0993518408,1242073.475970249,1253698.0993518408
2020-06-22,1238606.8223381923,1268732.9151713278,1256968.884964757,1268732.9151713278
2020-06-23,1249148.727051621,1279531.2260293919,1267667.0710025413,1279531.2260293919
2020-06-24,1223396.7195008078,1253152.8636449676,1241533.29583437,1253152.8636449676
2020-06-25,1235042.8687018608,1265082.2770470984,1253352.0965315483,1265082.2770470984
2020-06-26,1205877.3387563082,1235207.366653432,1223754.1942804838,1235207.366653432
2020-06-29,1219029.3046856986,1248679.2221065853,1237101.1350943192,1248679.2221065853
2020-06-30,1242924.1989718876,1273155.3014714618,1261350.265718808,1273155.3014714618
2020-07-01,1258431.4880010097,1289015.4522508048,1277072.626433195,1289015.4522508048
2020-07-02,1266971.92017286,1297763.444607466,1285739.5679779465,1297763.444607466
2020-07-06,1298120.3341903845,1329668.8660503714,1317349.3832741103,1329668.8660503714
2020-07-07,1289177.5350908309,1320508.7279454276,1308274.1145426573,1320508.7279454276
2020-07-08,1306158.243507667,1337902.1226182168,1325506.3580961244,1337902.1226182168
2020-07-09,1317160.7365652202,1349172.0119206507,1336671.831020393,1349172.0119206507
2020-07-10,1326153.0589672185,1358382.876904814,1345797.3566426865,1358382.876904814
2020-07-13,1298873.8015231004,1330440.6450815683,1318114.011714115,1330440.6450815683
2020-07-14,1308067.3866262343,1339857.6641028796,1327443.7813407849,1339857.6641028796
2020-07-15,1310730.3932639374,1342585.390433773,1330146.2350805767,1342585.390433773
2020-07-16,1301787.356452532,1333425.0088398089,1321070.7251160478,1333425.0088398089
2020-07-17,1303294.8457789514,1334969.13504325,1322600.5448732348,1334969.13504325
2020-07-20,1340270.448892623,1372843.365165643,1360123.8673842894,1372843.365165643
2020-07-21,1326303.8475185025,1358537.3301066614,1345950.378823918,1358537.3301066614
2020-07-22,1330976.0739643534,1363323.106799744,1350691.814933381,1363323.106799744
2020-07-23,1296210.7948853974,1327712.918750675,1315411.5579743232,1327712.918750675
2020-07-24,1283902.47138898,1315105.4630969819,1302920.91135237,1315105.4630969819
2020-07-27,1306811.4756762346,1338571.2304458735,1326169.2665890679,1338571.2304458735
2020-07-28,1290182.3430881144,1321537.9560340391,1309293.8067550564,1321537.9560340391
2020-07-29,1305052.8041598154,1336769.8175110312,1324384.5438815374,1336769.8175110312
2020-07-30,1311885.3559142337,1343768.4224201778,1331318.3061860043,1343768.4224201778
2020-07-31,1335296.7245814884,1367748.7632318719,1355076.467323389,1367748.7632318719
2020-08-03,1354331.9398117294,1387222.2999405058,1374378.8425362203,1387222.2999405058
2020-08-04,1359359.2945535146,1392371.745510316,1379480.6124848742,1392371.745510316
2020-08-05,1362728.0980054073,1395822.3613713228,1382899.2811678178,1395822.3613713228
2020-08-06,1380777.5702614742,1414310.170511565,1401215.9227964063,1414310.170511565
2020-08-07,1364839.7455885895,1397985.290953721,1385042.1854853674,1397985.290953721
2020-08-10,1359008.0140881184,1392011.934092741,1379124.132344929,1392011.934092741
2020-08-11,1333266.5304854882,1365645.3107876112,1353001.6217557846,1365645.3107876112
2020-08-12,1366800.2553462533,1399993.412282869,1387031.7148262274,1399993.412282869
2020-08-13,1369917.691061057,1403186.555865385,1390195.2950117383,1403186.555865385
2020-08-14,1368308.9375436855,1401538.733283046,1388562.728628169,1401538.733283046
2020-08-17,1384195.8543026235,1417811.4686128802,1404684.804483261,1417811.4686128802
2020-08-18,1397518.9787348832,1431458.149145189,1418205.1386036545,1431458.149145189
2020-08-19,1388117.5081844805,1421828.361043488,1408664.5069214413,1421828.361043488
2020-08-20,1407373.3869869434,1441551.8746774069,1428205.4123985916,1441551.8746774069
2020-08-21,1417126.7723692714,1451542.1239689947,1438103.1679772106,1451542.1239689947
2020-08-24,1425975.7096729744,1460605.9603872502,1447083.0877824172,1460605.9603872502
2020-08-25,1437186.7107471556,1472089.2240079273,1458460.0347679155,1472089.2240079273
2020-08-26,1467855.0019967353,1503502.3039714713,1489582.2799067406,1503502.3039714713
2020-08-27,1463280.267773343,1498816.4709460218,1484939.8301925806,1498816.4709460218
2020-08-28,1470720.9113828174,1506437.8128324188,1492490.6106557036,1506437.8128324188
2020-08-31,1482535.5122092771,1518539.334807629,1504480.0919132708,1518539.334807629
2020-09-01,1508874.6661141699,1545493.865000225,1531194.3219356108,1545493.865000225
2020-09-02,1523162.1368822206,1560128.0814227583,1545693.1365861346,1560128.0814227583
2020-09-03,1445937.2703079882,1481029.0282036446,1467325.9402468777,1481029.0282036446
2020-09-04,1426669.4186100946,1461293.5609315236,1447773.073611711,1461293.5609315236
2020-09-08,1358097.8111558165,1391057.7746109045,1378187.1375906714,1391057.7746109045
2020-09-09,1397992.9111371767,1431921.097224406,1418672.3759848124,1431921.097224406
2020-09-10,1370121.4724103026,1403373.2406472617,1390388.6558845395,1403373.2406472617
2020-09-11,1360613.313756554,1393634.3264771,1380739.850142326,1393634.3264771
2020-09-14,1384308.4881189715,1417904.5640452981,1404785.5295190269,1417904.5640452981
2020-09-15,1403929.4401440772,1438001.7011112673,1424696.7196307837,1438001.7011112673
2020-09-16,1381541.9272181669,1415070.8608919713,1401978.0449494103,1415070.8608919713
2020-09-17,1359958.8482511952,1392963.9776097608,1380075.7036176256,1392963.9776097608
2020-09-18,1342602.1818299831,1375186.078574634,1362462.292995302,1375186.078574634
2020-09-21,1345822.1394206057,1378484.1819980838,1365729.8810132863,1378484.1819980838
2020-09-22,1370825.927400188,1404094.7922045162,1391103.5313508695,1404094.7922045162
2020-09-23,1328968.9385221265,1361221.9671971065,1348627.3833030895,1361221.9671971065
2020-09-24,1335156.6051774824,1367559.8036452103,1354906.5794891526,1367559.8036452103
2020-09-25,1366197.3772233473,1399353.910763001,1386406.5144887436,1399353.910763001
2020-09-28,1394572.0434277898,1428417.207751962,1415200.9059347548,1428417.207751962
2020-09-29,1388284.00106144,1421976.559553472,1408819.8492547846,1421976.559553472
2020-09-30,1397791.3662313074,1431714.660982524,1418467.8497757025,1431714.660982524
2020-10-01,1420977.6691284261,1455439.415242799,1441982.3425149757,1455439.415242799
2020-10-02,1381003.9808925977,1414496.2796151033,1401417.7693668148,1414496.2796151033
2020-10-05,1410455.8117764543,1444662.3803573635,1431304.9526856823,1444662.3803573635
2020-10-06,1385283.0760001198,1418879.1519264467,1405760.1174001754,1418879.1519264467
2020-10-07,1409247.437878769,1443424.7008095062,1430078.7167908654,1443424.7008095062
2020-10-08,1416749.0751247895,1451108.268795067,1437691.242085052,1451108.268795067
2020-10-09,1438396.8973733243,1473281.0970098923,1459659.059113054,1473281.0970098923
2020-10-12,1482800.8664113255,1518761.9572198687,1504719.4007929151,1518761.9572198687
2020-10-13,1482750.36530744,1518710.2313562573,1504668.1531894782,1518710.2313562573
2020-10-14,1470365.3666008033,1506024.8699554503,1492100.0813365297,1506024.8699554503
2020-10-15,1460497.9590888056,1495918.156717632,1482086.8153241035,1495918.156717632
2020-10-16,1452493.6929314728,1487719.769995185,1473964.2313353322,1487719.769995185
2020-10-19,1428781.0425297369,1463432.03713044,1449901.0641818985,1463432.03713044
2020-10-20,1431852.2401650818,1466577.7178737714,1453017.6597883992,1466577.7178737714
2020-10-21,1430744.868475167,1465443.490053137,1451893.9191004562,1465443.490053137
2020-10-22,1430694.3673712816,1465391.7641895257,1451842.6714970192,1465391.7641895257
2020-10-23,1433513.8535297136,1468279.628914543,1454703.8348662634,1468279.628914543
2020-10-26,1412016.5817418182,1446261.0023308608,1432888.7937126583,1446261.0023308608
2020-10-27,1423042.020856119,1457553.8319128733,1444077.2091724502,1457553.8319128733
2020-10-28,1367561.6351744232,1400727.9282774278,1387776.7209614033,1400727.9282774278
2020-10-29,1391475.6547576897,1425221.9139568245,1412044.2339046423,1425221.9139568245
2020-10-30,1356183.958800947,1389074.3189297235,1376230.861525438,1389074.3189297235
2020-11-02,1360204.5142308825,1393168.1365593653,1380296.0707744604,1393168.1365593653
2020-11-03,1383732.4523828074,1417266.2581353958,1404171.5396798768,1417266.2581353958
2020-11-04,1445500.3622077722,1480531.0708379701,1466851.8221957444,1480531.0708379701
2020-11-05,1483186.1613352462,1519130.1594278659,1505094.277587874,1519130.1594278659
2020-11-06,1484294.188575764,1520265.0389476577,1506218.6714789374,1520265.0389476577
2020-11-09,1453965.0419100756,1489200.88624003,1475441.5335304847,1489200.88624003
2020-11-10,1427917.9787166351,1462522.5903570256,1449009.7296326354,1462522.5903570256
2020-11-11,1459859.263696697,1495237.950443995,1481422.8187616596,1495237.950443995
2020-11-12,1453007.1990846882,1488219.830751535,1474469.5424258607,1488219.830751535
2020-11-13,1465753.8033339325,1501275.3402014656,1487404.4265384146,1501275.3402014656
2020-11-16,1477190.8630533624,1512989.5692091864,1499010.4228623337,1512989.5692091864
2020-11-17,1472504.950375986,1508190.096655964,1494255.2946526378,1508190.096655964
2020-11-18,1461623.0167539644,1497044.446845408,1483212.6241837796,1497044.446845408
2020-11-19,1473059.75862278,1508758.3502996236,1494818.2979621189,1508758.3502996236
2020-11-20,1462983.258456717,1498437.6530717276,1484592.9579923868,1498437.6530717276
2020-11-23,1463033.16100312,1498488.764972074,1484643.59764841,1498488.764972074
2020-11-24,1483588.8780632257,1519542.6357191957,1505502.9428374374,1519542.6357191957
2020-11-25,1492708.0121798224,1528882.765788855,1514756.7755209152,1528882.765788855
2020-11-27,1506462.3618008571,1542970.4426276267,1528714.290394116,1542970.4426276267
2020-11-30,1509535.9772385529,1546118.5450247547,1531833.3061504504,1546118.5450247547
2020-12-01,1529882.449578158,1566933.873104096,1552465.5493168116,1566933.873104096
2020-12-02,1531848.2098221667,1568947.2410681432,1554460.3267965333,1568947.2410681432
2020-12-03,1534016.2552397356,1571167.793244654,1556660.3754480216,1571167.793244654
2020-12-04,1540267.535025492,1577570.4695086074,1563003.9324377782,1577570.4695086074
2020-12-07,1548989.0157553619,1586503.1712224062,1571854.1538230139,1586503.1712224062
2020-12-08,1554232.209287031,1591873.3469181128,1577174.7438647924,1591873.3469181128
2020-12-09,1519042.5405487625,1555831.437982881,1541465.6288127853,1555831.437982881
2020-12-10,1525142.7425712466,1562079.3776101668,1547655.8779305464,1562079.3776101668
2020-12-11,1521765.4389306018,1558620.2808176365,1544228.7207962652,1558620.2808176365
2020-12-14,1532806.5199289862,1569928.7599866244,1555432.7828351066,1569928.7599866244
2020-12-15,1549190.5057827998,1586709.5410315194,1572058.6181112435,1586709.5410315194
2020-12-16,1557710.8145436808,1595436.1986975453,1580704.6979616643,1595436.1986975453
2020-12-17,1567894.5689928012,1605866.5881736137,1591038.7781711083,1605866.5881736137
2020-12-18,1563155.4981027879,1601012.7442023654,1586229.7522916724,1601012.7442023654
2020-12-21,1560231.268722735,1598017.6944391667,1583262.3573966702,1598017.6944391667
2020-12-22,1564473.6913446442,1602362.8620774553,1587567.4038190094,1602362.8620774553
2020-12-23,1556594.9064753845,1594293.2650349196,1579572.3176060936,1594293.2650349196
2020-12-24,1563463.6967398631,1601328.4069411666,1586542.500350543,1601328.4069411666
2020-12-28,1579221.743566056,1617468.0896682483,1602533.156906497,1617468.0896682483
2020-12-29,1580635.6724010597,1618916.2617067841,1603967.9572116667,1618916.2617067841
2020-12-30,1580686.7207821233,1618968.5464019107,1604019.7591347306,1618968.5464019107
2020-12-31,1584574.9853210773,1622950.978787717,1607965.419629771,1622950.978787717
2021-01-04,1563200.7047873293,1601034.8345099413,1586260.869384049,1601034.8345099413
2021-01-05,1576088.5647105877,1614234.6191672983,1599338.8495971845,1614234.6191672983
2021-01-06,1554255.633456578,1591873.2657146808,1577183.841346405,1591873.2657146808
2021-01-07,1591855.8999368055,1630383.5710371765,1615338.7828157486,1630383.5710371765
2021-01-08,1612323.9646711424,1651347.0241205322,1636108.790186309,1651347.0241205322
2021-01-11,1589025.914372405,1627485.0913628202,1612467.04961605,1627485.0913628202
2021-01-12,1586498.9142170588,1624896.930250091,1609902.7714327832,1624896.930250091
2021-01-13,1597213.522180521,1635870.8637540133,1620775.440112614,1635870.8637540133
2021-01-14,1588672.0070458627,1627122.618421088,1612107.9214876126,1627122.618421088
2021-01-15,1576088.5647105877,1614234.6191672983,1599338.8495971845,1614234.6191672983
2021-01-19,1599082.674814318,1637785.2554687562,1622672.1662801614,1637785.2554687562
2021-01-20,1636279.0668364682,1675881.9113640413,1660417.2753799127,1675881.9113640413
2021-01-21,1649368.545726781,1689288.194770128,1673699.8488208943,1689288.194770128
2021-01-22,1644617.8490871268,1684422.5170711721,1668879.0704277428,1684422.5170711721
2021-01-25,1658212.728008509,1698346.4326998047,1682674.4995053778,1698346.4326998047
2021-01-26,1660638.839114832,1700831.2629469503,1685136.4003354837,1700831.2629469503
2021-01-27,1614345.8830574036,1653417.8789755912,1638160.5356898725,1653417.8789755912
2021-01-28,1623897.720861224,1663200.8998062948,1647853.2811527557,1663200.8998062948
2021-01-29,1589733.4107635051,1628209.7112814093,1613184.9829159747,1628209.7112814093
2021-02-01,1630456.1847689901,1669893.902414521,1654493.7473320155,1669893.902414521
2021-02-02,1657055.8037266817,1697136.9169272303,1681485.520345008,1697136.9169272303
2021-02-03,1650481.7316183913,1690403.8301811903,1674814.5277116077,1690403.8301811903
2021-02-04,1670001.5683649532,1710395.8156535437,1694622.1423827766,1710395.8156535437
2021-02-05,1675665.1712137864,1716196.4105737342,1700369.2428496892,1716196.4105737342
2021-02-08,1686891.425965231,1727694.2076513327,1711761.0045331551,1727694.2076513327
2021-02-09,1686537.6199675896,1727331.8437413925,1711401.9824285842,1727331.8437413925
2021-02-10,1682694.1594945616,1723395.4170725641,1707501.858414124,1723395.4170725641
2021-02-11,1691948.5269936249,1732873.6305944924,1716892.6616173896,1732873.6305944924
2021-02-12,1701404.9556137535,1742558.7927220524,1726488.5048974783,1742558.7927220524
2021-02-16,1696803.5669009534,1737846.1049320202,1721819.2786248014,1737846.1049320202
2021-02-17,1688661.252096547,1729506.842601371,1713556.9229365324,1729506.842601371
2021-02-18,1681278.2985895087,1721945.3091125335,1706065.1236914222,1721945.3091125335
2021-02-19,1673945.979784203,1714435.6350851543,1698624.705647596,1714435.6350851543
2021-02-22,1630557.2949438337,1669997.4582573706,1654596.3481584792,1669997.4582573706
2021-02-23,1625703.0511796142,1665025.7993201802,1649670.5390315908,1665025.7993201802
2021-02-24,1639103.8912189924,1678750.7808793508,1663268.9455764985,1678750.7808793508
2021-02-25,1581960.082655738,1620224.769342254,1605282.6747095892,1620224.769342254
2021-02-26,1588584.7894657608,1627009.7155497526,1612005.0485442737,1627009.7155497526
2021-03-01,1637372.9796737032,1676953.820892112,1661497.7770475312,1676953.820892112
2021-03-02,1611111.45116231,1650057.462440891,1634849.315282732,1650057.462440891
2021-03-03,1564356.6289660805,1602172.418104369,1587405.6148493898,1602172.418104369
2021-03-04,1538752.9570892816,1575949.8189069508,1561424.7024759408,1575949.8189069508
2021-03-05,1561927.8649704992,1599684.9426708564,1584941.0658249913,1599684.9426708564
2021-03-08,1517703.1380412485,1554391.1545586966,1540064.7386865485,1554391.1545586966
2021-03-09,1577562.9933605792,1615698.0249797564,1600806.559751212,1615698.0249797564
2021-03-10,1573059.8061675124,1611085.9805260177,1596237.0233024056,1611085.9805260177
2021-03-11,1609289.5595138273,1648191.5295110685,1633000.5801676705,1648191.5295110685
2021-03-12,1596234.5547228316,1634820.9411125793,1619753.224978075,1634820.9411125793
2021-03-15,1613287.046305295,1652285.6490746231,1637056.9653042594,1652285.6490746231
2021-03-16,1622141.2644584335,1661353.903618482,1646041.6401227391,1661353.903618482
2021-03-17,1628821.002749876,1668195.1137700174,1652819.7966333604,1668195.1137700174
2021-03-18,1578929.372265467,1617097.4338827874,1602193.0706691628,1617097.4338827874
2021-03-19,1584495.4225269228,1622798.03439904,1607841.1302445608,1622798.03439904
2021-03-22,1614210.180560766,1653231.0986063583,1637993.700875459,1653231.0986063583
2021-03-23,1607167.6571986114,1646018.3336422993,1630847.4140756382,1646018.3336422993
2021-03-24,1580062.1794032643,1618257.6247993626,1603342.5684101412,1618257.6247993626
2021-03-25,1577326.0757496222,1615455.3802690746,1600566.1514332325,1615455.3802690746
2021-03-26,1600986.4496433388,1639687.7054004634,1624575.1335750762,1639687.7054004634
2021-03-29,1600530.4589220483,1639220.6918416396,1624112.4243578215,1639220.6918416396
2021-03-30,1592474.6228459144,1630970.1189690828,1615937.8948529908,1630970.1189690828
2021-03-31,1616844.3156394165,1655928.90963642,1640666.6468883415,1655928.90963642
2021-04-01,1645405.3249201286,1685156.1689508096,1669633.740187685,1685156.1689508096
2021-04-05,1678255.500376357,1718799.9617493208,1702967.6309209405,1718799.9617493208
2021-04-06,1677089.4823168546,1717605.7742161222,1701784.4433717525,1717605.7742161222
2021-04-07,1681144.7190381507,1721758.9801611556,1705899.3930147241,1721758.9801611556
2021-04-08,1698685.686368054,1739723.7143562306,1723698.6491894652,1739723.7143562306
2021-04-09,1708976.9037313366,1750263.5540924312,1734141.4036142305,1750263.5540924312
2021-04-12,1706746.4199098304,1747979.1846944299,1731878.076159939,1747979.1846944299
2021-04-13,1726669.6415278309,1768383.7253303837,1752094.6650592515,1768383.7253303837
2021-04-14,1705935.1174891568,1747148.2822666955,1731054.8273989575,1747148.2822666955
2021-04-15,1731788.8657428536,1773626.6233176056,1757289.2692966012,1773626.6233176056
2021-04-16,1733817.5203514353,1775704.2875724528,1759347.7956246594,1775704.2875724528
2021-04-19,1717950.0137230079,1759453.4427041465,1743246.641679044,1759453.4427041465
2021-04-20,1705428.1531154602,1746629.0702957397,1730540.3980297453,1746629.0702957397
2021-04-21,1720028.567655164,1761582.2117850657,1745355.802092814,1761582.2117850657
2021-04-22,1699293.724770972,1740346.4421729683,1724315.640892036,1740346.4421729683
2021-04-23,1720687.6213409698,1762257.1873473085,1746024.5602727898,1762257.1873473085
2021-04-26,1731891.2151541472,1773731.445357025,1757393.125791895,1773731.445357025
2021-04-27,1724387.983000678,1766046.9449126725,1749779.409357313,1766046.9449126725
2021-04-28,1718557.7332804077,1760075.8439724748,1743863.309841131,1760075.8439724748
2021-04-29,1724743.0174850246,1766410.5565665464,1750139.6716860035,1766410.5565665464
2021-04-30,1713438.0307971078,1754832.4561626387,1738668.2202930558,1754832.4561626387
2021-05-03,1705312.8504288187,1746486.8305980193,1730408.6770479355,1746486.8305980193
2021-05-04,1674624.3124906716,1715057.332282913,1699268.5186185124,1715057.332282913
2021-05-05,1668993.5476146229,1709290.6152258401,1693554.889944758,1709290.6152258401
2021-05-06,1681573.1603200843,1722173.9567889953,1706319.6274965566,1722173.9567889953
2021-05-07,1695218.5012370218,1736148.7580722077,1720165.776792862,1736148.7580722077
2021-05-10,1652406.5671305812,1692303.1498657565,1676723.8111498067,1692303.1498657565
2021-05-11,1650124.2083145664,1689965.6845649662,1674407.8645489379,1689965.6845649662
2021-05-12,1607414.0455894943,1646224.3049622267,1631069.1679813198,1646224.3049622267
2021-05-13,1619841.4797717186,1658951.7937229667,1643679.4875112264,1658951.7937229667
2021-05-14,1655602.3161185628,1695576.0587164718,1679966.5896095363,1695576.0587164718
2021-05-17,1645558.8526174498,1685290.100492516,1669775.3238921813,1685290.100492516
2021-05-18,1634450.4584862199,1673913.49938709,1658503.4557490924,1673913.49938709
2021-05-19,1636326.6888743918,1675835.0304793387,1660407.2972307405,1675835.0304793387
2021-05-20,1667979.3431589182,1708251.9232785082,1692525.7601929882,1708251.9232785082
2021-05-21,1658747.3389321319,1698797.0166330487,1683157.895395302,1698797.0166330487
2021-05-24,1686645.777761325,1727369.0502028288,1711466.8948929526,1727369.0502028288
2021-05-25,1688979.022268024,1729758.629805475,1713834.4760315402,1729758.629805475
2021-05-26,1694863.4180161348,1735785.1015332395,1719805.4680751143,1735785.1015332395
2021-05-27,1688522.3271820405,1729290.9080305125,1713371.0601021098,1729290.9080305125
2021-05-28,1693848.8945278868,1734746.0828504728,1718776.014595835,1734746.0828504728
2021-06-01,1689217.829741811,1729979.1858473837,1714062.2059760643,1729979.1858473837
2021-06-02,1692517.1431695498,1733357.2115148783,1717409.143228262,1733357.2115148783
2021-06-03,1674905.3758509126,1715320.4761042618,1699538.3580823026,1715320.4761042618
2021-06-04,1703328.0568360887,1744428.9901627847,1728379.0539629892,1744428.9901627847
2021-06-07,1708403.3588715605,1749626.7581259066,1733528.998916599,1749626.7581259066
2021-06-08,1709215.45827267,1750458.4533078792,1734353.0419357815,1750458.4533078792
2021-06-09,1709621.3483624933,1750874.137436762,1734764.9014872322,1750874.137436762
2021-06-10,1727436.3001421392,1769118.960104975,1752841.8593461278,1769118.960104975
2021-06-11,1731953.6030608108,1773745.2645546973,1757425.5986403308,1773745.2645546973
2021-06-14,1748550.5653495237,1790742.7079120548,1774266.653928593,1790742.7079120548
2021-06-15,1737130.417521421,1779046.9944155656,1762678.5489713384,1779046.9944155656
2021-06-16,1730786.0505609845,1772549.5392685083,1756240.8748421152,1772549.5392685083
2021-06-17,1752763.0117713166,1795056.7997443308,1778541.0531743215,1795056.7997443308
2021-06-18,1739008.3973864869,1780970.2895238772,1764584.1484531981,1780970.2895238772
2021-06-21,1749816.4380598615,1792039.125853923,1775551.1439413952,1792039.125853923
2021-06-22,1766127.5375287265,1808743.8085841355,1792102.1321999098,1808743.8085841355
2021-06-23,1766991.5104175247,1809628.628949705,1792978.8116147753,1809628.628949705
2021-06-24,1777916.3861462476,1820817.1195394213,1804064.3604618642,1820817.1195394213
2021-06-25,1775731.155623333,1818579.1598821126,1801846.9915594214,1818579.1598821126
2021-06-28,1797326.9664072008,1840696.0728550751,1823760.413851964,1840696.0728550751
2021-06-29,1803830.7844882563,1847356.8266434043,1830359.8841636092,1847356.8266434043
2021-06-30,1800985.72320194,1844443.1146507428,1827472.9803080808,1844443.1146507428
2021-07-01,1802696.6487108094,1846171.321837366,1829194.4858364116,1846171.321837366
2021-07-02,1823389.5250176475,1867358.6456618179,1850186.935183396,1867358.6456618179
2021-07-06,1831269.8866747774,1875427.3052240568,1858181.3817006524,1875427.3052240568
2021-07-07,1835133.8110905085,1879383.5564776466,1862101.2445739934,1879383.5564776466
2021-07-08,1824049.8815978933,1868034.7811829417,1850856.8518182903,1868034.7811829417
2021-07-09,1835439.156140431,1879696.1976182484,1862411.010137698,1879696.1976182484
2021-07-12,1842607.8977439755,1887036.2332670344,1869683.5343997935,1887036.2332670344
2021-07-13,1842607.8977439755,1887036.2332670344,1869683.5343997935,1887036.2332670344
2021-07-14,1845912.5552324948,1890419.8541469902,1873036.0337772702,1890419.8541469902
2021-07-15,1832947.527757119,1877145.0328297175,1859883.3101769676,1877145.0328297175
2021-07-16,1818101.72169757,1861944.4925203586,1844822.5797546217,1861944.4925203586
2021-07-19,1803205.2909618572,1846692.1178796345,1829710.491757122,1846692.1178796345
2021-07-20,1824152.2488452785,1868139.594452359,1850960.7010475448,1868139.594452359
2021-07-21,1838235.3310771964,1882559.1859711767,1865247.665605742,1882559.1859711767
2021-07-22,1850386.5309508955,1895000.7336208199,1877574.7797329077,1895000.7336208199
2021-07-23,1871994.1648131504,1917124.6727451503,1899495.2296807808,1917124.6727451503
2021-07-26,1873468.6683936608,1918634.4089643853,1900991.079811368,1918634.4089643853
2021-07-27,1852826.5764622805,1897499.08298654,1880050.1500508154,1897499.08298654
2021-07-28,1859944.533690367,1904787.1207887197,1887271.1547264792,1904787.1207887197
2021-07-29,1863249.1911788862,1908170.7416686753,1890623.6541039557,1908170.7416686753
2021-07-30,1853538.8353130415,1898228.3609609564,1880772.7203510883,1898228.3609609564
2021-08-02,1854690.5691308,1899383.8475242776,1881926.775141812,1899383.8475242776
2021-08-03,1865932.7517194944,1910892.0886449604,1893329.2004469326,1910892.0886449604
2021-08-04,1868628.6513277327,1913651.7896624447,1896063.5266038445,1913651.7896624447
2021-08-05,1880481.6935775399,1925785.3471054272,1908085.5185814328,1925785.3471054272
2021-08-06,1872240.6007495106,1917349.2198130037,1899726.9596750268,1917349.2198130037
2021-08-09,1875699.795309655,1920890.2799912586,1903235.460562354,1920890.2799912586
2021-08-10,1866085.0272248671,1911047.9679165145,1893483.6464419265,1911047.9679165145
2021-08-11,1862880.5306243915,1907767.6334033776,1890233.4739029943,1907767.6334033776
2021-08-12,1869595.8324757097,1914641.860208843,1897044.4936633387,1914641.860208843
2021-08-13,1876157.7403237144,1921359.0627743376,1903699.9329880122,1921359.0627743376
2021-08-16,1876971.6872537977,1922192.2726476819,1904525.4816747897,1922192.2726476819
2021-08-17,1860439.0094049815,1905268.330917178,1887757.1519685697,1905268.330917178
2021-08-18,1842532.9758702472,1886938.5315381868,1869595.8911742358,1886938.5315381868
2021-08-19,1851435.1009813068,1896051.335164734,1878624.9045206099,1896051.335164734
2021-08-20,1870612.8666747638,1915682.9636332318,1898076.0243644258,1915682.9636332318
2021-08-23,1898590.8143812446,1944323.040035463,1926452.7613900763,1944323.040035463
2021-08-24,1904389.9066336039,1950259.3741409369,1932334.512173196,1950259.3741409369
2021-08-25,1906577.2092496052,1952498.4416627684,1934552.9919480875,1952498.4416627684
2021-08-26,1894470.42775265,1940105.1399561677,1922273.643999827,1940105.1399561677
2021-08-27,1912885.0582796214,1958955.5728308116,1940950.7511761815,1958955.5728308116
2021-08-30,1934352.0696871157,1980930.624513955,1962723.746959428,1980930.624513955
2021-08-31,1932775.3071613868,1979316.54618059,1961124.5097310967,1979316.54618059
2021-09-01,1936979.5038518352,1983596.700747711,1965374.502324013,1983596.700747711
2021-09-02,1936063.3007449028,1982659.0150299293,1964445.43581711,1982659.0150299293
2021-09-03,1942018.5410059984,1988753.8903872983,1970484.2870557504,1988753.8903872983
2021-09-07,1944766.0312512852,1991565.8022256852,1973270.3517892414,1991565.8022256852
2021-09-08,1937997.542830189,1984638.6101266732,1966406.8344677852,1984638.6101266732
2021-09-09,1931330.0909408638,1977814.8236067293,1959645.7722208994,1977814.8236067293
2021-09-10,1916672.120173386,1962813.1610536042,1944782.005010127,1962813.1610536042
2021-09-13,1915348.8933166282,1961458.9079239448,1943440.2001806668,1961458.9079239448
2021-09-14,1909902.8324126396,1955885.1508724794,1937917.677126372,1955885.1508724794
2021-09-15,1924102.7815606163,1970418.0523749248,1952316.9921399227,1970418.0523749248
2021-09-16,1925426.1682853042,1971772.4691210068,1953658.9590818428,1971772.4691210068
2021-09-17,1902624.8448985764,1948436.5132347185,1930537.5073956505,1948436.5132347185
2021-09-20,1863310.2834165131,1908200.1262113138,1890670.9734031332,1908200.1262113138
2021-09-21,1865603.5888726194,1910547.203793163,1892996.476638437,1910547.203793163
2021-09-22,1883029.1932445667,1928381.393853919,1910666.7347526306,1928381.393853919
2021-09-23,1900403.160275118,1946162.7358101835,1928284.6305423207,1946162.7358101835
2021-09-24,1902186.8067703273,1947988.204236861,1930093.3192558992,1947988.204236861
2021-09-27,1887003.5099848106,1932448.898119152,1914696.8505023448,1932448.898119152
2021-09-28,1833605.3832078238,1877798.722348937,1860549.0193669847,1877798.722348937
2021-09-29,1830599.386519698,1874722.2427552454,1857500.6387860565,1874722.2427552454
2021-09-30,1823873.5828359164,1867838.7362410612,1850682.5431912774,1867838.7362410612
2021-10-01,1836184.8981822333,1880415.3998908144,1863148.9210776202,1880415.3998908144
2021-10-04,1797644.2168004627,1840979.9237718026,1824092.4447025086,1840979.9237718026
2021-10-05,1821910.6724569583,1865809.771045531,1848682.8418868976,1865809.771045531
2021-10-06,1833585.1492976325,1877755.2929238786,1860513.3373512442,1877755.2929238786
2021-10-07,1850408.2582122334,1894968.9820976013,1877561.455514114,1894968.9820976013
2021-10-08,1841181.093125352,1885527.5909393742,1868210.633884616,1885527.5909393742
2021-10-11,1827059.4644859019,1871078.1020095807,1853899.8890175666,1871078.1020095807
2021-10-12,1820687.016580062,1864557.7056854707,1847442.1157432534,1864557.7056854707
2021-10-13,1835267.2362520695,1879476.4327051064,1862217.2068859106,1879476.4327051064
2021-10-14,1869066.6909871623,1914060.60564274,1896468.8847036543,1914060.60564274
2021-10-15,1880843.0591734028,1926110.3844667552,1908403.040032236,1926110.3844667552
2021-10-18,1899756.6201997893,1945463.0595477496,1927569.9936026782,1945463.0595477496
2021-10-19,1914132.7372706307,1960172.9453387007,1942144.7092318928,1960172.9453387007
2021-10-20,1911634.3998665465,1957616.604311409,1939611.8585997697,1957616.604311409
2021-10-21,1923309.3565722704,1969562.6171957802,1951448.0987424192,1969562.6171957802
2021-10-22,1907148.781336376,1953026.8436719095,1935064.2735894213,1953026.8436719095
2021-10-25,1926673.6904361607,1973005.0604269104,1954858.909123714,1973005.0604269104
2021-10-26,1932740.4643053012,1979212.6859140173,1961009.4923092683,1979212.6859140173
2021-10-27,1937226.4027455049,1983802.7738908655,1965557.40164904,1983802.7738908655
2021-10-28,1958740.1925215418,2005816.0469448194,1987368.393208675,2005816.0469448194
2021-10-29,1968375.242900722,2015674.7932230665,1997136.5467829483,2015674.7932230665
2021-11-01,1976103.9306285088,2023559.8270766602,2004958.3119289458,2023559.8270766602
2021-11-02,1984366.9082398117,2032012.8761962634,2013333.708440614,2032012.8761962634
2021-11-03,2005431.8038678204,2053562.323117105,2034685.1947522971,2053562.323117105
2021-11-04,2031138.8631069825,2079860.7163466762,2060742.0019234077,2079860.7163466762
2021-11-05,2033077.2188713942,2081843.6596945347,2062706.7292736813,2081843.6596945347
2021-11-08,2030322.519583678,2079025.5946477472,2059914.5519387855,2079025.5946477472
2021-11-09,2016347.5378489124,2064729.1493944116,2045749.4387340886,2064729.1493944116
2021-11-10,1986713.3557478865,2034413.2985349607,2015712.0796765543,2034413.2985349607
2021-11-11,1992221.6340714733,2040048.2826077766,2021295.2988533266,2040048.2826077766
2021-11-12,2013184.7468175332,2061493.6053567852,2042543.6175135258,2061493.6053567852
2021-11-15,2012725.9236688733,2061024.2279972816,2042078.5520154054,2061024.2279972816
2021-11-16,2027058.7458502392,2075686.745024545,2056606.374133181,2075686.745024545
2021-11-17,2028129.5465784161,2076782.1771530556,2057691.7432465134,2076782.1771530556
2021-11-18,2049144.030873384,2098280.053139735,2078992.1323723202,2098280.053139735
2021-11-19,2060568.839300199,2109967.6639934564,2090572.37682482,2109967.6639934564
2021-11-22,2036647.6215385029,2085496.191571246,2066325.7077400454,2085496.191571246
2021-11-23,2027364.5746040198,2075999.608691797,2056916.3637274986,2075999.608691797
2021-11-24,2033893.0822867649,2082678.2902417097,2063533.692618438,2082678.2902417097
2021-11-26,1995332.8935179666,2043231.109690481,2024448.8873949933,2043231.109690481
2021-11-29,2038636.5486719334,2087530.8695705181,2068341.694489484,2087530.8695705181
2021-11-30,2008696.3777811488,2056901.991326564,2037994.183624344,2056901.991326564
2021-12-01,1975522.6352927368,2022942.284404959,2004355.6269058695,2022942.284404959
2021-12-02,1989760.3994100532,2037504.5090641356,2018784.1176877955,2037504.5090641356
2021-12-03,1955161.196355448,2002116.8341625095,1983721.4295984344,2002116.8341625095
2021-12-06,1970827.6844999213,2018140.341652894,1999597.7833513925,2018140.341652894
2021-12-07,2030177.2936898875,2078842.452977205,2059742.4298037703,2078842.452977205
2021-12-08,2039260.7313297628,2088132.8906119042,2068947.547628116,2088132.8906119042
2021-12-09,2009254.3244193878,2057442.6758391995,2038539.1799983627,2057442.6758391995
2021-12-10,2031095.7248251303,2079781.8139902956,2060673.1640861684,2079781.8139902956
2021-12-13,2001752.8427795472,2049770.2449704234,2030937.2097873525,2049770.2449704234
2021-12-14,1981034.022689214,2028579.269312838,2009940.8439097793,2028579.269312838
2021-12-15,2026196.4647351443,2074770.9059919433,2055708.274341953,2074770.9059919433
2021-12-16,1974093.4309145678,2021480.5102761502,2002907.277149125,2021480.5102761502
2021-12-17,1964244.6339953234,2011407.2717972088,1992926.5474227804,2011407.2717972088
2021-12-20,1945190.710513124,1991919.1336246508,1973617.3808249102,1991919.1336246508
2021-12-21,1988725.0828618524,2036445.5989681378,2017734.9322153432,2036445.5989681378
2021-12-22,2012944.7011287806,2061217.1515417297,2042278.9923659905,2061217.1515417297
2021-12-23,2028120.2705388302,2076738.5528839035,2057657.851120721,2076738.5528839035
2021-12-27,2061639.484401104,2111021.62701264,2091626.0826663626,2111021.62701264
2021-12-28,2052084.342067291,2101248.7351337695,2081942.9412722911,2101248.7351337695
2021-12-29,2051777.8781215355,2100935.2872643387,2081632.3719876835,2100935.2872643387
2021-12-30,2045646.5176853684,2094664.20091945,2075418.876890774,2094664.20091945
2021-12-31,2032872.5432190963,2081599.1238163533,2062473.7844368957,2081599.1238163533
2022-01-03,2053442.2238953288,2102614.899432224,2083305.7412059342,2102614.899432224
2022-01-04,2026807.563485994,2075378.7512133836,2056319.6478601515,2075378.7512133836
2022-01-05,1964542.332608944,2011707.3910013605,1993232.8539299427,2011707.3910013605
2022-01-06,1963161.6119594465,2010295.489678776,1991833.9152628393,2010295.489678776
2022-01-07,1941894.9255893289,1988548.5399073754,1970286.6240746123,1988548.5399073754
2022-01-10,1943172.961247954,1989855.4373144503,1971581.522866369,1989855.4373144503
2022-01-11,1972363.5327795458,2019705.2165347799,2001157.2514869676,2019705.2165347799
2022-01-12,1980184.7329501477,2027703.0420681993,2009081.6490439922,2027703.0420681993
2022-01-13,1930648.4360664175,1977048.0720628407,1958891.7419393293,1977048.0720628407
2022-01-14,1942662.09941349,1989333.0387394738,1971063.9204288016,1989333.0387394738
2022-01-18,1894301.3133925062,1939880.1260383413,1922065.0345492468,1939880.1260383413
2022-01-19,1873495.0274338813,1918603.973853796,1900983.8170227576,1918603.973853796
2022-01-20,1849161.0875220618,1893720.5030679475,1876346.029328025,1893720.5030679475
2022-01-21,1797886.3545682135,1841287.8380686585,1824432.6451554717,1841287.8380686585
2022-01-24,1806117.013142356,1849704.3687628303,1832765.1173039693,1849704.3687628303
2022-01-25,1764248.6098203901,1806890.4555746,1790377.3715928674,1806890.4555746
2022-01-26,1761487.8093013694,1804067.3081800737,1787582.3278398819,1804067.3081800737
2022-01-27,1743748.9370794399,1785927.840822637,1769624.3893313475,1785927.840822637
2022-01-28,1798448.6389956106,1841862.8205077199,1824997.5157136952,1841862.8205077199
2022-01-31,1855960.243633748,1900673.2038260926,1883221.811881659,1900673.2038260926
2022-02-01,1869586.8335061427,1914585.0654218742,1897005.7642691103,1914585.0654218742
2022-02-02,1884778.0778192396,1930115.939401541,1912381.5182391633,1930115.939401541
2022-02-03,1808362.010930063,1851991.4434473545,1835034.7927535197,1851991.4434473545
2022-02-04,1831173.9613290068,1875313.3991459382,1858122.039472438,1875313.3991459382
2022-02-07,1816443.3637430947,1860253.4705425422,1843212.8877649743,1860253.4705425422
2022-02-08,1836851.7447889203,1881118.1204434377,1863867.8053575612,1881118.1204434377
2022-02-09,1875776.0726746318,1920912.6770101462,1903263.6640181458,1920912.6770101462
2022-02-10,1833322.3638102817,1877509.8333225327,1860293.0503229543,1877509.8333225327
2022-02-11,1775166.2754856558,1818053.5530926473,1801432.1513836975,1818053.5530926473
2022-02-14,1777365.4869483216,1820301.9321837437,1803657.6420164497,1820301.9321837437
2022-02-15,1821558.4016709465,1865482.865042517,1848382.2798687883,1865482.865042517
2022-02-16,1821097.9152244602,1865012.0835303299,1847916.0467174563,1865012.0835303299
2022-02-17,1766931.5340442609,1809634.708069453,1793093.8653062568,1809634.708069453
2022-02-18,1746778.800712374,1789031.4213819017,1772698.6290365201,1789031.4213819017
2022-02-22,1729235.1165889467,1771095.5142472158,1754944.3823302556,1771095.5142472158
2022-02-23,1684939.9427807464,1725810.0361031047,1710119.1657626594,1725810.0361031047
2022-02-24,1741561.8242603436,1783697.8093247565,1767413.6431318177,1783697.8093247565
2022-02-25,1768567.8396941666,1811307.5964989408,1794743.245165529,1811307.5964989408
2022-02-28,1773836.5868117781,1816694.1366550892,1800075.216506728,1816694.1366550892
2022-03-01,1747676.2417167716,1789926.6961505476,1773587.6670244902,1789926.6961505476
2022-03-02,1777001.303528982,1819900.2916775765,1803254.1463253787,1819900.2916775765
2022-03-03,1751616.9131678022,1793954.5168908578,1777572.464755416,1793954.5168908578
2022-03-04,1726232.6831790563,1768008.9060232642,1751892.0747611069,1768008.9060232642
2022-03-07,1662567.2324226121,1702935.4721720505,1687487.1523226253,1702935.4721720505
2022-03-08,1654839.6866848657,1695037.0291323368,1679670.6469463168,1695037.0291323368
2022-03-09,1714410.1877086624,1755924.9520449587,1739923.908995627,1755924.9520449587
2022-03-10,1695372.536427514,1736466.2766314198,1720665.2434301479,1736466.2766314198
2022-03-11,1660213.125462264,1700529.3033356916,1685099.171794294,1700529.3033356916
2022-03-14,1628329.3214637768,1667940.3781687617,1652848.9408188274,1667940.3781687617
2022-03-15,1679404.734280161,1720145.341109262,1704507.0008282398,1720145.341109262
2022-03-16,1741688.4161442856,1783806.4477791917,1767508.803844435,1783806.4477791917
2022-03-17,1762774.02340906,1805358.3704194017,1788840.1242766248,1805358.3704194017
2022-03-18,1798854.2928909883,1842236.5673310691,1825341.8662481804,1842236.5673310691
2022-03-21,1793853.238905601,1837124.913336041,1820277.1118294972,1837124.913336041
2022-03-22,1829106.7884896756,1873158.1071581636,1855979.7000342873,1873158.1071581636
2022-03-23,1802820.463559043,1846290.4512122595,1829358.5556250548,1846290.4512122595
2022-03-24,1842890.7992017083,1887246.9559547475,1869939.2832271366,1887246.9559547475
2022-03-25,1841353.469048299,1885675.6272221813,1868382.371482091,1885675.6272221813
2022-03-28,1869843.7923409499,1914796.0237034135,1897235.5874657196,1914796.0237034135
2022-03-29,1902023.1627355076,1947687.0518177792,1929824.8394259054,1947687.0518177792
2022-03-30,1881014.0531218052,1926213.3186002101,1908548.1283446997,1926213.3186002101
2022-03-31,1857699.589767725,1902383.247960292,1884936.6993065747,1902383.247960292
2022-04-01,1855163.5588028033,1899769.1430646738,1882355.7522790837,1899769.1430646738
2022-04-04,1893358.7142920848,1938800.309264308,1921028.9196827183,1938800.309264308
2022-04-05,1851318.4821508976,1895839.9058635586,1878462.5545388444,1895839.9058635586
2022-04-06,1811123.8482924888,1854765.4969663033,1837764.8853181952,1854765.4969663033
2022-04-07,1815430.565203441,1859166.4787497998,1842125.5007398042,1859166.4787497998
2022-04-08,1790052.2249145773,1833232.6605732124,1816429.550825605,1833232.6605732124
2022-04-11,1747704.553518495,1789958.0887262195,1773551.8988282362,1789958.0887262195
2022-04-12,1740321.5185517764,1782413.454828222,1766076.4652671677,1782413.454828222
2022-04-13,1775696.9297684736,1818563.1585509046,1801894.5993323547,1818563.1585509046
2022-04-14,1735092.002499435,1777069.4757929787,1760781.5018839464,1777069.4757929787
2022-04-18,1736425.0950514541,1778431.7469053962,1762131.2780733178,1778431.7469053962
2022-04-19,1775235.6104272297,1818091.7419105337,1801427.50658507,1818091.7419105337
2022-04-20,1749344.7644076066,1791634.20034287,1775212.6369370173,1791634.20034287
2022-04-21,1713148.926828551,1754646.1128698515,1738563.8088833545,1754646.1128698515
2022-04-22,1668288.9504147796,1708804.2469921503,1693142.410401033,1708804.2469921503
2022-04-25,1689719.0389782004,1730703.394611185,1714840.696266644,1730703.394611185
2022-04-26,1625940.958100895,1665529.3472031467,1650264.433469579,1665529.3472031467
2022-04-27,1623992.5056623819,1663538.2472852257,1648291.0112658613,1663538.2472852257
2022-04-28,1681670.2600299788,1722478.4450120057,1706621.1858084812,1722478.4450120057
2022-04-29,1605997.2003402368,1645149.0630066355,1630082.314765793,1645149.0630066355
2022-05-02,1633810.545591222,1673549.42188003,1658198.1501784548,1673549.42188003
2022-05-03,1635554.3567257915,1675330.9511736126,1659960.8676093114,1675330.9511736126
2022-05-04,1690856.0169731546,1731828.77124215,1715869.4069202186,1731828.77124215
2022-05-05,1605697.632008808,1644828.4336479038,1629765.1736422281,1644828.4336479038
2022-05-06,1586460.1567569228,1625174.857055585,1610317.3819204487,1625174.857055585
2022-05-09,1524387.1595434113,1561759.237849993,1547569.293127215,1561759.237849993
2022-05-10,1542906.4626928263,1580679.1084732302,1566286.536233208,1580679.1084732302
2022-05-11,1497146.3923639974,1533929.2603095837,1520033.8874811549,1533929.2603095837
2022-05-12,1493606.4284661068,1530312.7279585197,1516456.0564389967,1530312.7279585197
2022-05-13,1548959.9486707912,1586863.5297011044,1572396.6071271624,1586863.5297011044
2022-05-16,1531005.0038804603,1568520.2243542636,1554247.7240194855,1568520.2243542636
2022-05-17,1570659.8888311463,1609032.8336459391,1594328.0859496358,1609032.8336459391
2022-05-18,1493555.6924087894,1530260.8944941266,1516386.9218421252,1530260.8944941266
2022-05-19,1485552.7215955474,1522084.8216059376,1508298.584118132,1522084.8216059376
2022-05-20,1480935.2587082363,1517367.4842563253,1503631.8720128937,1517367.4842563253
2022-05-23,1505559.9077929372,1542524.7577814842,1528517.0914087563,1542524.7577814842
2022-05-24,1473548.3456542562,1509820.7942886294,1496163.5468037792,1509820.7942886294
2022-05-25,1494171.2684966212,1530889.785324768,1517004.219756069,1530889.785324768
2022-05-26,1535570.1251390202,1573184.0879399767,1558843.3871073893,1573184.0879399767
2022-05-27,1585691.2485971353,1624389.3176221102,1609504.2459910852,1624389.3176221102
2022-05-31,1581484.1697683786,1620091.240826259,1605251.0132774515,1620091.240826259
2022-06-01,1570787.6030752629,1609141.8070381565,1594426.7285165947,1609141.8070381565
2022-06-02,1613804.1553498008,1653077.2525901655,1637893.4120176346,1653077.2525901655
2022-06-03,1571814.0559323386,1610190.186353308,1595399.4230054154,1610190.186353308
2022-06-06,1577050.1061851096,1615538.0859088094,1600698.3069088948,1615538.0859088094
2022-06-07,1590653.136926791,1629431.696272539,1614464.5767412898,1629431.696272539
2022-06-08,1579205.6732509078,1617739.6988797574,1602879.7412107873,1617739.6988797574
2022-06-09,1536907.5897785053,1574538.0696209646,1560074.0722733443,1574538.0696209646
2022-06-10,1482700.1468775051,1519172.680482137,1505216.1292112316,1519172.680482137
2022-06-13,1413760.0770479245,1448759.9550498836,1435448.0907792228,1448759.9550498836
2022-06-14,1416326.4501797021,1451381.1494747119,1438040.9401809578,1451381.1494747119
2022-06-15,1451694.9727456423,1487505.1927856083,1473777.796158129,1487505.1927856083
2022-06-16,1393124.181410565,1427683.248032413,1414589.6233123518,1427683.248032413
2022-06-17,1410064.1077292475,1444985.034695359,1431704.67100943,1444985.034695359
2022-06-21,1445639.2382736192,1481320.099417945,1467649.9765821907,1481320.099417945
2022-06-22,1443530.7444097498,1479166.565197872,1465519.0485811906,1479166.565197872
2022-06-23,1465029.0596646995,1501124.1143132816,1487243.3742731693,1501124.1143132816
2022-06-24,1515226.2834757846,1552393.6205149526,1537971.914434605,1552393.6205149526
2022-06-27,1504117.168479977,1541047.19939979,1526743.3928240363,1541047.19939979
2022-06-28,1458291.4867319737,1494242.6174687827,1480427.083373766,1494242.6174687827
2022-06-29,1459628.654853658,1495608.349357968,1481778.1721624024,1495608.349357968
2022-06-30,1441524.751238135,1477117.7212271441,1463482.4341600186,1477117.7212271441
2022-07-01,1452039.503834026,1487835.8485185422,1474097.2165614953,1487835.8485185422
2022-07-05,1476897.773483821,1513217.9139634639,1499207.2916329482,1513217.9139634639
2022-07-06,1486367.7742305,1522887.4598370097,1508773.8312736938,1522887.4598370097
2022-07-07,1518174.687474486,1555364.5857566106,1540906.4824701129,1555364.5857566106
2022-07-08,1520078.8482928288,1557308.8696987245,1542830.1066741466,1557308.8696987245
2022-07-11,1487602.970749187,1524148.6835390748,1510017.985741995,1524148.6835390748
2022-07-12,1473192.3446978393,1509434.40701498,1495459.3097686623,1509434.40701498
2022-07-13,1470155.7194414344,1506333.796148833,1492391.4247922227,1506333.796148833
2022-07-14,1475405.1840682945,1511693.873764326,1497694.2217227232,1511693.873764326
2022-07-15,1502168.0968466701,1539020.715624498,1524730.4696915455,1539020.715624498
2022-07-18,1489455.5243720987,1526040.2728556045,1511886.6955314989,1526040.2728556045
2022-07-19,1535261.1707244574,1572811.1032409,1558161.761485032,1572811.1032409
2022-07-20,1559605.1368908111,1597668.0281648133,1582790.9548559133,1597668.0281648133
2022-07-21,1581993.4958134699,1620528.1386787405,1605441.62802046,1620528.1386787405
2022-07-22,1554253.1009534055,1592203.217929,1577376.2115421284,1592203.217929
2022-07-25,1545400.2965408717,1583163.8735122066,1568419.6828376052,1583163.8735122066
2022-07-26,1515034.8478272185,1552158.5856392952,1537698.4559409053,1552158.5856392952
2022-07-27,1579059.4418676107,1617532.2604329132,1602473.197095961,1617532.2604329132
2022-07-28,1594499.9610464748,1633298.1312607215,1618094.6258312936,1633298.1312607215
2022-07-29,1623578.4452759305,1662989.3366482712,1647513.8094649464,1662989.3366482712
2022-08-01,1623600.6632842144,1662991.0778126863,1647524.6947232615,1662991.0778126863
2022-08-02,1618760.1111257966,1658049.783970874,1642628.6551224773,1658049.783970874
2022-08-03,1662842.9182849564,1703050.0435314598,1687216.785257516,1703050.0435314598
2022-08-04,1670619.1712190132,1710988.1360213025,1695082.1776889653,1710988.1360213025
2022-08-05,1656971.8384719414,1697056.7746696854,1681278.4050225466,1697056.7746696854
2022-08-08,1651616.183355356,1691589.6575350354,1675861.3578178505,1691589.6575350354
2022-08-09,1632921.9033545107,1672506.3117467556,1656952.7845400858,1672506.3117467556
2022-08-10,1678498.2195279195,1719031.1632657123,1703051.5438427443,1719031.1632657123
2022-08-11,1668971.0669696615,1709305.731388223,1693415.1811548995,1709305.731388223
2022-08-12,1701467.11408355,1742478.0869856852,1726283.7317523481,1742478.0869856852
2022-08-15,1715216.5987289466,1756513.726223296,1740190.8272883745,1756513.726223296
2022-08-16,1711200.17912977,1752413.7168065952,1736128.3673112132,1752413.7168065952
2022-08-17,1691682.0883079458,1732489.4150274904,1716386.5398361864,1732489.4150274904
2022-08-18,1695750.4686365065,1736642.4665814762,1720501.5561706442,1736642.4665814762
2022-08-19,1662687.84044246,1702891.7382053211,1687059.9297515287,1702891.7382053211
2022-08-22,1618914.0628843743,1658206.9397770094,1642784.3716362012,1658206.9397770094
2022-08-23,1617575.309974359,1656840.3247104902,1641430.2725482075,1656840.3247104902
2022-08-24,1622261.5886359368,1661624.1343118807,1646170.2702089068,1661624.1343118807
2022-08-25,1650946.485162086,1690906.0215674893,1675183.9828474927,1690906.0215674893
2022-08-26,1583277.5285908035,1621828.7371080993,1606739.3343293304,1621828.7371080993
2022-08-29,1567673.061993306,1605899.5099911285,1590955.9931091352,1605899.5099911285
2022-08-30,1550215.0612658884,1588078.1729490876,1573297.8706233953,1588078.1729490876
2022-08-31,1541202.8507966662,1578878.4001472923,1564182.3528262821,1578878.4001472923
2022-09-01,1542871.7664725157,1580561.3635173924,1565859.0597110821,1580561.3635173924
2022-09-02,1521074.031885456,1558315.9174350773,1543817.2682411335,1558315.9174350773
2022-09-06,1510149.0868956873,1547166.5810785168,1532770.002832732,1547166.5810785168
2022-09-07,1540656.1281328094,1578300.2173864958,1563618.6141243367,1578300.2173864958
2022-09-08,1548643.3079598611,1586451.4487671142,1571695.2218781246,1586451.4487671142
2022-09-09,1582500.5282965158,1621004.07470574,1605931.5223263225,1621004.07470574
2022-09-12,1601309.4691424156,1640199.3391393805,1624951.0562251362,1640199.3391393805
2022-09-13,1513498.7830749191,1550585.0778699894,1536157.2036620392,1550585.0778699894
2022-09-14,1525505.6305117356,1562838.5382563202,1548298.4849661482,1562838.5382563202
2022-09-15,1500100.1593314258,1536911.2549838235,1522608.563120572,1536911.2549838235
2022-09-16,1490927.5711395387,1527550.2677104468,1513332.5470767915,1527550.2677104468
2022-09-19,1502537.9410094635,1539399.1071348188,1525053.7721317888,1539399.1071348188
2022-09-20,1490561.5175515926,1527176.695616458,1512962.009696905,1527176.695616458
2022-09-21,1463871.156424499,1499938.1315813332,1486015.9348307874,1499938.1315813332
2022-09-22,1445854.0438983473,1481550.959113537,1467827.7049886181,1481550.959113537
2022-09-23,1422313.12799912,1457526.5278923465,1444064.7863954222,1457526.5278923465
2022-09-26,1416427.7782942378,1451520.2968772552,1438124.2326377912,1451520.2968772552
2022-09-27,1416995.6925678854,1452099.8757460292,1438697.1410590392,1452099.8757460292
2022-09-28,1445182.9456537792,1480866.0769412245,1467146.541102103,1480866.0769412245
2022-09-29,1403521.572284046,1438349.0056689747,1425092.3837493677,1438349.0056689747
2022-09-30,1379722.9379176674,1414061.5626085247,1401072.9919474658,1414061.5626085247
2022-10-03,1413091.497977474,1448095.0782664735,1434737.9351043042,1448095.0782664735
2022-10-04,1457520.0460947065,1493422.9422065057,1479560.3937632726,1493422.9422065057
2022-10-05,1456744.8935460122,1492632.0991394022,1478777.925105495,1492632.0991394022
2022-10-06,1445275.9542256882,1480931.0073171717,1467204.8183330714,1480931.0073171717
2022-10-07,1390205.0062160934,1424745.321666569,1411637.1983716649,1424745.321666569
2022-10-10,1376308.4798407354,1410567.5039463227,1397618.2156050976,1410567.5039463227
2022-10-11,1357400.2024065696,1391276.4880748452,1378544.6310838528,1391276.4880748452
2022-10-12,1356935.143094832,1390802.0151042033,1378075.2197709277,1390802.0151042033
2022-10-13,1388758.6024890097,1423269.6400581892,1410173.0678908268,1423269.6400581892
2022-10-14,1347016.2672408035,1380682.3628940268,1368063.5170665842,1380682.3628940268
2022-10-17,1391496.6049557927,1426063.0647488707,1412925.7465967133,1426063.0647488707
2022-10-18,1402500.6460517747,1437289.8479485617,1424026.476463968,1437289.8479485617
2022-10-19,1397385.9601470372,1432071.6313601148,1418866.1358232168,1432071.6313601148
2022-10-20,1390256.8763575482,1424798.2417554315,1411673.6936872297,1424798.2417554315
2022-10-21,1422854.843950837,1458056.052384113,1444558.5942633245,1458056.052384113
2022-10-24,1438508.6727272149,1474026.7435497108,1460352.3201323908,1474026.7435497108
2022-10-25,1468265.2197456032,1504385.6180061891,1490376.2049495846,1504385.6180061891
2022-10-26,1435821.8960523033,1471285.5815554836,1457579.0696172426,1471285.5815554836
2022-10-27,1409681.5999827185,1444616.1576421077,1431153.6997653025,1444616.1576421077
2022-10-28,1452818.8715350435,1488626.607196042,1474761.4061256028,1488626.607196042
2022-10-31,1435925.4752478169,1471391.257385107,1457683.7783987776,1471391.257385107
2022-11-01,1422253.0131515497,1457421.9236074348,1443851.4285619936,1457421.9236074348
2022-11-02,1373502.2127605735,1407698.7174081001,1394583.055308304,1407698.7174081001
2022-11-03,1346671.3228471887,1380332.6462672078,1367467.3097537758,1380332.6462672078
2022-11-04,1368332.8285968762,1402426.2223386106,1389358.7893182856,1402426.2223386106
2022-11-07,1383376.561860838,1417770.0248011895,1404562.2374593136,1417770.0248011895
2022-11-08,1393457.7314638472,1428052.2780335627,1414750.4358653186,1428052.2780335627
2022-11-09,1361301.4151056604,1395254.557051219,1382252.7253848128,1395254.557051219
2022-11-10,1461750.0871511996,1497706.8243476187,1483767.831341784,1497706.8243476187
2022-11-11,1488684.790317716,1525178.77944837,1510988.4923041197,1525178.77944837
2022-11-14,1475657.0330532305,1511891.1645665267,1497822.4231848945,1511891.1645665267
2022-11-15,1496077.132184338,1532718.572353966,1518459.3164830601,1532718.572353966
2022-11-16,1475657.0330532305,1511891.1645665267,1497822.4231848945,1511891.1645665267
2022-11-17,1472400.2952379887,1508569.4663661744,1494531.1095452432,1508569.4663661744
2022-11-18,1472451.3958610364,1508621.5862656701,1494582.7526885273,1508621.5862656701
2022-11-21,1457304.6553474613,1493172.721923666,1479275.2037003115,1493172.721923666
2022-11-22,1478293.631761645,1514580.354081201,1500487.0138838075,1514580.354081201
2022-11-23,1493130.866924269,1529713.5395366696,1515481.7715940878,1529713.5395366696
2022-11-25,1483308.102049163,1519694.845291336,1505554.7213227341,1519694.845291336
2022-11-28,1461543.589049862,1497496.2073405085,1483559.1409110364,1497496.2073405085
2022-11-29,1450480.0623589903,1486212.0024755585,1472378.1560218341,1486212.0024755585
2022-11-30,1516601.366969984,1553652.1929334374,1539201.451013281,1553652.1929334374
2022-12-01,1519462.4515846611,1556550.525540976,1542082.4173622238,1556550.525540976
2022-12-02,1513409.4127048033,1550378.4224002587,1535966.7504260456,1550378.4224002587
2022-12-05,1488009.393672746,1524478.780855957,1510303.9288820515,1524478.780855957
2022-12-06,1457176.721837631,1493039.625342935,1479152.2453328997,1493039.625342935
2022-12-07,1451228.0484782334,1486973.9406094672,1473142.0237400313,1486973.9406094672
2022-12-08,1468403.3547479669,1504487.0879515333,1490495.0351376734,1504487.0879515333
2022-12-09,1459039.6544431867,1494939.20213633,1481034.452859773,1494939.20213633
2022-12-12,1477352.657800719,1513612.4252532523,1499536.9325825546,1513612.4252532523
2022-12-13,1493234.2832758767,1529806.444888761,1515582.878055396,1529806.444888761
2022-12-14,1482163.7953791504,1518518.1986916277,1504397.8488260845,1518518.1986916277
2022-12-15,1432397.5728028708,1467773.0664099222,1454116.7176473294,1467773.0664099222
2022-12-16,1418740.8524648186,1453847.716158022,1440318.697399024,1453847.716158022
2022-12-19,1398802.0375451257,1433516.7015006524,1420173.584576982,1433516.7015006524
2022-12-20,1397713.3777343284,1432406.6275740247,1419073.660895376,1432406.6275740247
2022-12-21,1417988.8400129091,1453080.9114986742,1439558.9042143081,1453080.9114986742
2022-12-22,1383297.386136916,1417707.0710734008,1404508.5135513053,1417707.0710734008
2022-12-23,1386408.6723171878,1420879.5567596941,1407651.990802871,1420879.5567596941
2022-12-27,1366807.472597376,1400892.7982481879,1387847.986332526,1400892.7982481879
2022-12-28,1348761.5933540356,1382491.9536203004,1369614.4952714585,1382491.9536203004
2022-12-29,1381637.8614468167,1416014.9032622962,1402757.570439561,1416014.9032622962
2022-12-30,1380808.9056359283,1415169.6417555634,1401921.436265741,1415169.6417555634
2023-01-03,1372474.263264589,1406651.5113113755,1393509.243086345,1406651.5113113755
2023-01-04,1379012.9205208842,1413316.7862540237,1400098.541752206,1413316.7862540237
2023-01-05,1357425.1495522344,1391310.979363559,1378341.4262246313,1391310.979363559
2023-01-06,1394891.9171383544,1429503.2713564383,1416097.2293753403,1429503.2713564383
2023-01-09,1403921.3530808846,1438707.5576150657,1425197.7756393107,1438707.5576150657
2023-01-10,1415805.0954867983,1450821.422492562,1437175.709549413,1450821.422492562
2023-01-11,1440298.9901552722,1475789.6286520856,1461864.5569496898,1475789.6286520856
2023-01-12,1448082.552481447,1483723.915601787,1469726.325820498,1483723.915601787
2023-01-13,1458045.9900752124,1493880.2899663288,1479789.8725923265,1493880.2899663288
2023-01-17,1461004.2538603025,1496895.8389862014,1482777.8599896973,1496895.8389862014
2023-01-18,1442010.8960507694,1477534.684712096,1463593.6634840737,1477534.684712096
2023-01-19,1427844.1281776216,1463093.584770316,1449284.5528226816,1463093.584770316
2023-01-20,1466919.8128840076,1502925.9497240745,1488752.8565063435,1502925.9497240745
2023-01-23,1499508.8189949517,1536146.0249356867,1521669.3056895167,1536146.0249356867
2023-01-24,1496447.4050102176,1533025.3282663706,1518577.1316749395,1533025.3282663706
2023-01-25,1493126.4205700418,1529640.0346951687,1515222.7791306793,1529640.0346951687
2023-01-26,1522238.021985012,1559315.3670831372,1544626.8838571154,1559315.3670831372
2023-01-27,1537391.254443486,1574762.0339822697,1559932.3707591128,1574762.0339822697
2023-01-30,1506306.7238578633,1543075.5676795964,1528535.513551466,1543075.5676795964
2023-01-31,1528880.636563014,1566086.6124267892,1551336.241131033,1566086.6124267892
2023-02-01,1562573.1386612253,1600412.313543077,1585357.3491707933,1600412.313543077
2023-02-02,1618653.475166182,1657563.5701393893,1641986.4494301213,1657563.5701393893
2023-02-03,1589886.6743100418,1628247.4333319901,1612938.1563679266,1628247.4333319901
2023-02-06,1576437.5504140558,1614541.4825713853,1599357.4285590162,1614541.4825713853
2023-02-07,1609099.754597952,1647827.4100220879,1632339.2426973283,1647827.4100220879
2023-02-08,1580487.8588583863,1618669.1364269517,1603447.370547059,1618669.1364269517
2023-02-09,1566519.261703897,1604433.7924540038,1589342.0862702106,1604433.7924540038
2023-02-10,1556238.0201293551,1593956.2184597147,1578960.2395089373,1593956.2184597147
2023-02-13,1581162.8833444824,1619357.0513008265,1604129.0003603406,1619357.0513008265
2023-02-14,1592846.1858281684,1631263.4602090267,1615926.6276383123,1631263.4602090267
2023-02-15,1605048.9615703577,1643699.2623295698,1628248.811384222,1643699.2623295698
2023-02-16,1574931.4656310074,1613006.637325152,1597836.6062620466,1613006.637325152
2023-02-17,1563819.6483427766,1601682.626795456,1586616.0563421485,1601682.626795456
2023-02-21,1526795.7102038553,1563951.672941489,1549229.8273083975,1563951.672941489
2023-02-22,1527937.8729559935,1565115.6466369112,1550383.1664827724,1565115.6466369112
2023-02-23,1541282.9729780753,1578715.5870651936,1563858.8525114118,1578715.5870651936
2023-02-24,1515475.6836400616,1552415.477134831,1537799.0307196025,1552415.477134831
2023-02-27,1526328.08735455,1563475.12028299,1548757.6286222406,1563475.12028299
2023-02-28,1524355.1873609684,1561464.5454398438,1546765.4231808865,1561464.5454398438
2023-03-01,1513100.0997718,1549975.5582071233,1535390.5385988248,1549975.5582071233
2023-03-02,1525623.0594848401,1562734.1910384519,1548032.6489033294,1562734.1910384519
2023-03-03,1557162.8084271783,1594867.4954304285,1579872.4850317026,1594867.4954304285
2023-03-06,1558929.797283006,1596667.73774895,1581656.2860287577,1596667.73774895
2023-03-07,1539808.107233416,1577186.1912098243,1562352.6612982764,1577186.1912098243
2023-03-08,1547498.0323893668,1585020.8352407403,1570115.752794425,1585020.8352407403
2023-03-09,1520686.0939147342,1557704.3153179141,1543048.7102229367,1557704.3153179141
2023-03-10,1499330.4528061987,1535946.7763634678,1521489.8793471663,1535946.7763634678
2023-03-13,1510450.4246607882,1547276.0181113016,1532715.6529653885,1547276.0181113016
2023-03-14,1545160.1503174047,1582638.9559052945,1567755.6267770992,1582638.9559052945
2023-03-15,1553265.7995254216,1590897.1476167117,1575938.397761395,1590897.1476167117
2023-03-16,1594210.9010593947,1632612.8065890437,1617273.0743780269,1632612.8065890437
2023-03-17,1586676.6299711498,1624936.7459237273,1609667.1179312896,1624936.7459237273
2023-03-20,1592307.8159159154,1630673.9067483675,1615351.882195505,1630673.9067483675
2023-03-21,1615049.9581592195,1653844.039794314,1638310.4061697696,1653844.039794314
2023-03-22,1593088.1875035423,1631468.9643694635,1616139.6786841424,1631468.9643694635
2023-03-23,1611979.0634215807,1650715.3530206596,1635210.29318559,1650715.3530206596
2023-03-24,1617912.02106355,1656759.964669365,1641199.7003752997,1656759.964669365
2023-03-27,1606827.4471745135,1645466.7870514027,1630009.6615190932,1645466.7870514027
2023-03-28,1598292.1733434824,1636770.8854897632,1621393.1782177307,1636770.8854897632
2023-03-29,1627435.5285082408,1666462.697692351,1650813.819909373,1666462.697692351
2023-03-30,1642839.6240020283,1682156.6872129997,1666364.4787660646,1682156.6872129997
2023-03-31,1670161.5194689895,1709992.7611529257,1693946.3303519795,1709992.7611529257
2023-04-03,1667102.0912076635,1706857.0629719086,1690848.4011890728,1706857.0629719086
2023-04-04,1661478.0389701566,1701128.58258982,1685172.2196098263,1701128.58258982
2023-04-05,1645075.2271588044,1684421.2012028238,1668617.3701312738,1684421.2012028238
2023-04-06,1656166.613780878,1695718.534156273,1679811.5628190045,1695718.534156273
2023-04-10,1655229.379562314,1694763.8972489801,1678865.6413762101,1694763.8972489801
2023-04-11,1644606.3674522266,1683943.6356473032,1668144.1645639467,1683943.6356473032
2023-04-12,1630078.509272594,1669146.022278641,1653481.647662843,1669146.022278641
2023-04-13,1661998.8144979868,1701659.0279464177,1685697.8222061675,1701659.0279464177
2023-04-14,1658874.4847940656,1698476.6852759977,1682544.5330893595,1698476.6852759977
2023-04-17,1660280.2552561467,1699908.5582696456,1683963.3336382413,1699908.5582696456
2023-04-18,1660384.4103617128,1700014.6473409652,1684068.4541575094,1700014.6473409652
2023-04-19,1659603.570533028,1699219.3087752343,1683280.3767242373,1699219.3087752343
2023-04-20,1646949.8573274633,1686330.6397519922,1670509.3762474826,1686330.6397519922
2023-04-21,1648668.0931062426,1688080.7799595988,1672243.538354169,1688080.7799595988
2023-04-24,1645231.298085623,1684580.1700752203,1668774.8876795562,1684580.1700752203
2023-04-25,1614195.9877944812,1652968.5920444936,1637451.9110887721,1652968.5920444936
2023-04-26,1623985.7590600399,1662940.1410756146,1647332.4237468892,1662940.1410756146
2023-04-27,1668143.4805317938,1707917.788950521,1691899.4431511355,1707917.788950521
2023-04-28,1679651.164113071,1719639.1487200826,1703513.7914546994,1719639.1487200826
2023-05-01,1678724.1564816022,1718676.4856892382,1702569.0451328403,1718676.4856892382
2023-05-02,1664083.100811527,1703767.2224270015,1687795.8498981388,1703767.2224270015
2023-05-03,1653193.7013659535,1692678.3414910769,1676808.1706198675,1692678.3414910769
2023-05-04,1647358.0254348076,1686735.7625725097,1670919.826104282,1686735.7625725097
2023-05-05,1682371.5955379817,1722390.741706697,1706249.4033324681,1722390.741706697
2023-05-08,1686539.958607072,1726635.4644760173,1710455.3870276636,1726635.4644760173
2023-05-09,1675858.5080140408,1715758.3417805838,1699677.5333976697,1715758.3417805838
2023-05-10,1694095.055984335,1734328.962698258,1718078.67124204,1734328.962698258
2023-05-11,1699618.0804111143,1739953.1626902653,1723651.5424872194,1739953.1626902653
2023-05-12,1693521.537903861,1733744.938414755,1717499.9770027446,1733744.938414755
2023-05-15,1702691.8395591187,1743083.229631816,1726753.0431591095,1743083.229631816
2023-05-16,1704620.018997282,1745046.7311380063,1728698.624948389,1745046.7311380063
2023-05-17,1725252.7526948852,1766057.4331972802,1749517.5747569944,1766057.4331972802
2023-05-18,1757296.4571623756,1798688.1421139599,1781850.4824932078,1798688.1421139599
2023-05-19,1753336.5284295299,1794655.6719623462,1777854.8143116161,1794655.6719623462
2023-05-22,1759224.474772638,1800651.4788277452,1783795.900994045,1800651.4788277452
2023-05-23,1736924.1045571773,1777942.5910344142,1761294.2637881653,1777942.5910344142
2023-05-24,1728014.345822225,1768869.6155894862,1752304.0920238052,1768869.6155894862
2023-05-25,1770061.927462051,1811687.4614016481,1794731.1646823576,1811687.4614016481
2023-05-26,1815287.6472459044,1857741.6652566192,1840365.0590580443,1857741.6652566192
2023-05-30,1823520.1562159625,1866124.9844864062,1848671.8686916337,1866124.9844864062
2023-05-31,1813151.6807830997,1855566.5703023428,1838209.81490893,1855566.5703023428
2023-06-01,1835097.0897308446,1877895.8009269699,1860344.3846188094,1877895.8009269699
2023-06-02,1848859.7969387504,1891907.4890440763,1874228.237400816,1891907.4890440763
2023-06-05,1850163.0596867409,1893234.3290969543,1875542.9720570163,1893234.3290969543
2023-06-06,1849850.2377673574,1892915.8479213847,1875227.3965376003,1892915.8479213847
2023-06-07,1818466.8482619235,1860964.702033808,1843567.7562421567,1860964.702033808
2023-06-08,1841039.8966185935,1883946.1190361495,1866339.5027808817,1883946.1190361495
2023-06-09,1848077.9040563991,1891111.450950481,1873439.4619436422,1891111.450950481
2023-06-12,1879304.8826021412,1922903.3562502728,1904941.3144793778,1922903.3562502728
2023-06-13,1893745.3706353782,1937605.086914447,1919508.914220119,1937605.086914447
2023-06-14,1907508.2397593914,1951616.9398768821,1933392.9303434915,1951616.9398768821
2023-06-15,1930237.699075753,1974757.5974670085,1956322.4646419245,1974757.5974670085
2023-06-16,1918091.076535221,1962391.23057835,1944068.9220355342,1962391.23057835
2023-06-20,1915345.1412708194,1959595.6186443507,1941298.8158068722,1959595.6186443507
2023-06-21,1889243.2932707523,1933021.5625424408,1914967.2075341144,1933021.5625424408
2023-06-22,1911533.959936219,1955715.4892910589,1937454.086730261,1955715.4892910589
2023-06-23,1892584.4321457408,1936423.145905733,1918337.7566247708,1936423.145905733
2023-06-26,1867213.7972864273,1910593.531309451,1892743.7979615796,1910593.531309451
2023-06-27,1899318.3611339594,1943278.8982922593,1925130.9607018877,1943278.8982922593
2023-06-28,1903024.9446632173,1947052.5375630367,1928870.1712559613,1947052.5375630367
2023-06-29,1899214.4109930464,1943173.0675910607,1925026.0955448148,1943173.0675910607
2023-06-30,1928500.6630761952,1972989.13677782,1954570.1384657887,1972989.13677782
2023-07-03,1934041.786144878,1978612.5386187497,1960151.357157753,1978612.5386187497
2023-07-05,1933989.622194933,1978559.4422447928,1960098.745059822,1978559.4422447928
2023-07-06,1919260.1103289814,1963566.6422159758,1945242.6898418062,1963566.6422159758
2023-07-07,1912888.3324431702,1957080.9696058175,1938816.171096989,1957080.9696058175
2023-07-10,1913515.1098417311,1957718.9505711563,1939448.3332302063,1957718.9505711563
2023-07-11,1922968.934770092,1967341.7614251939,1948983.3773263947,1967341.7614251939
2023-07-12,1947255.9514649159,1992062.9054736772,1973479.0472700277,1992062.9054736772
2023-07-13,1980318.0137394392,2025715.9479324738,2006825.1504703094,2025715.9479324738
2023-07-14,1979900.0541405021,2025290.5173585338,2006403.6001204255,2025290.5173585338
2023-07-17,1998389.7443982866,2044110.7084926693,2025052.137962919,2044110.7084926693
2023-07-18,2014737.7967111298,2060750.9801742905,2041540.6387412793,2060750.9801742905
2023-07-19,2014267.8351620925,2060272.6181219649,2041066.6396850727,2060272.6181219649
2023-07-20,1967835.1157176965,2013009.91968637,1994235.0100787228,2013009.91968637
2023-07-21,1961932.6513815445,2007001.9495462521,1988281.8368236783,2007001.9495462521
2023-07-24,1965066.53837435,2010191.8543729458,1991442.6474897643,2010191.8543729458
2023-07-25,1978385.3555939666,2023748.7437669295,2004875.888581118,2023748.7437669295
2023-07-26,1971804.1119091532,2017049.8611830873,1998238.1044865337,2017049.8611830873
2023-07-27,1967103.6864195566,2012265.416181975,1993497.2969664263,2012265.416181975
2023-07-28,2002933.840037893,2048736.0292674822,2029635.272580841,2048736.0292674822
2023-07-31,2003977.929036013,2049798.7812244757,2030688.331497508,2049798.7812244757
2023-08-01,2000329.529586179,2046067.4175468753,2027000.119520924,2046067.4175468753
2023-08-02,1956434.3082719815,2001396.7417938625,1982736.7514886814,2001396.7417938625
2023-08-03,1953298.8542805437,1998205.8967679895,1979575.0006234162,1998205.8967679895
2023-08-04,1944153.9287129603,1988899.4166413515,1970353.3770865852,1988899.4166413515
2023-08-07,1960614.697486102,2005650.981902796,1986952.2013887549,2005650.981902796
2023-08-08,1943944.3581773734,1988686.1438257168,1970142.048894867,1988686.1438257168
2023-08-09,1922571.7293261483,1966935.9454027792,1948590.169024237,1966935.9454027792
2023-08-10,1926125.351903676,1970552.346394884,1952173.5956316777,1970552.346394884
2023-08-11,1913844.8102638074,1958054.8562981999,1939790.0577893713,1958054.8562981999
2023-08-14,1935322.3054232497,1979911.7736010414,1961447.6834759654,1979911.7736010414
2023-08-15,1914785.5275016625,1959012.1922780483,1940738.664769056,1959012.1922780483
2023-08-16,1894510.0239059578,1938378.5009618634,1920291.8553167582,1938378.5009618634
2023-08-17,1873816.189643316,1917319.0887352738,1899469.7233053073,1917319.0887352738
2023-08-18,1871464.5586295258,1914925.9137298258,1897103.2689023404,1914925.9137298258
2023-08-21,1901616.9448993185,1945610.973057727,1927439.0243256441,1945610.973057727
2023-08-22,1898899.6594939707,1942845.6839980858,1924704.4219850542,1942845.6839980858
2023-08-23,1928842.3131473293,1973317.3055661793,1954832.190485262,1973317.3055661793
2023-08-24,1887611.8630439474,1931358.4769607696,1913341.5533042708,1931358.4769607696
2023-08-25,1902243.7115359115,1946248.8121745558,1928063.1287838765,1946248.8121745558
2023-08-28,1916562.2577500027,1960820.3103020142,1942470.219620416,1960820.3103020142
2023-08-29,1958419.4744899774,2003416.9780242527,1984588.041712149,2003416.9780242527
2023-08-30,1969341.130305901,2014531.5761748566,1995601.2968325955,2014531.5761748566
2023-08-31,1975246.545978066,2020541.3171165823,2001556.2408892477,2020541.3171165823
2023-09-01,1974155.7272992842,2019413.6872277535,2000448.0091127746,2019413.6872277535
2023-09-05,1976665.1991924292,2021966.9607727842,2002978.0088332817,2021966.9607727842
2023-09-06,1959255.5453652148,2004253.429624419,1985425.9416285038,2004253.429624419
2023-09-07,1945243.205667977,1989996.5111266768,1971298.9790534272,1989996.5111266768
2023-09-08,1947962.029949752,1992762.791207839,1974040.043694075,1992762.791207839
2023-09-11,1970914.2517792794,2016115.6332767603,1997180.0178744404,2016115.6332767603
2023-09-12,1949059.873227076,1993879.7968233388,1975146.8674813341,1993879.7968233388
2023-09-13,1956484.0181196097,2001433.526673975,1982631.7429064885,2001433.526673975
2023-09-14,1972482.5298199002,2017711.2848731412,1998761.1246464616,2017711.2848731412
2023-09-15,1938707.713827103,1983346.9453488528,1964710.0259848726,1983346.9453488528
2023-09-18,1940729.0751936976,1985403.5886276125,1966747.9223671744,1985403.5886276125
2023-09-19,1936592.460103408,1981194.7708660495,1962577.4691929955,1981194.7708660495
2023-09-20,1908685.1866960493,1952800.3891239804,1934441.9104271813,1952800.3891239804
2023-09-21,1873709.553942752,1917214.273147288,1899180.172157815,1917214.273147288
2023-09-22,1873971.6092952124,1917480.9025527013,1899444.371159323,1917480.9025527013
2023-09-25,1882872.5723157506,1926537.227697334,1908418.1452891403,1926537.227697334
2023-09-26,1854598.6484430996,1897769.795778508,1879912.936806488,1897769.795778508
2023-09-27,1858944.4537590537,1902191.4550827588,1884294.2914113265,1902191.4550827588
2023-09-28,1874495.2335112358,1918013.666383196,1899972.278693896,1918013.666383196
2023-09-29,1875856.1051188142,1919398.2913647725,1901344.2824195502,1919398.2913647725
2023-10-02,1892511.3422367673,1936326.9084839812,1918127.7039609144,1936326.9084839812
2023-10-03,1859298.390112121,1902541.5638900741,1884650.2265705776,1902541.5638900741
2023-10-04,1884601.232737525,1928280.476049897,1910154.594225828,1928280.476049897
2023-10-05,1879047.9474457365,1922631.4853637568,1904557.0796748714,1922631.4853637568
2023-10-06,1910532.6267177188,1954658.7720271188,1936292.5193465417,1954658.7720271188
2023-10-09,1920276.3084576628,1964570.3765108734,1946113.8048475543,1964570.3765108734
2023-10-10,1930910.735406124,1975388.0773182004,1956832.9299162987,1975388.0773182004
2023-10-11,1944688.243625878,1989403.0273022563,1970720.1693941683,1989403.0273022563
2023-10-12,1937930.261945521,1982528.5784735796,1963908.363624558,1982528.5784735796
2023-10-13,1913570.5708496452,1957749.0721295902,1939354.659249312,1957749.0721295902
2023-10-16,1935206.4312423174,1979757.80523494,1961162.8389136146,1979757.80523494
2023-10-17,1928867.7001300496,1973309.8323443527,1954773.6228421861,1973309.8323443527
2023-10-18,1903564.8575046456,1947570.9201845299,1929269.2551869357,1947570.9201845299
2023-10-19,1885753.5228050821,1929452.6247001723,1911316.0617322088,1929452.6247001723
2023-10-20,1857622.1990831243,1900836.4853620548,1882960.6854823744,1900836.4853620548
2023-10-23,1863227.2417012365,1906538.1253609855,1888610.3695819844,1906538.1253609855
2023-10-24,1881353.1765755385,1924976.4428437778,1906880.6688512524,1924976.4428437778
2023-10-25,1835305.705511995,1878135.3890367805,1860465.1656732848,1878135.3890367805
2023-10-26,1800311.425218986,1842538.0168405965,1825273.394279009,1842538.0168405965
2023-10-27,1808955.0609637122,1851330.6171214695,1833964.037739055,1851330.6171214695
2023-10-30,1829333.3319007894,1872060.0874574184,1854454.5302590812,1872060.0874574184
2023-10-31,1838081.6180388657,1880959.141677946,1863251.445460676,1880959.141677946
2023-11-01,1870984.7612228945,1914412.229198778,1896334.3253597748,1914412.229198778
2023-11-02,1904949.5498260767,1948954.79547497,1930483.4787228175,1948954.79547497
2023-11-03,1927330.4082047846,1971716.3763844457,1952988.4496097693,1971716.3763844457
2023-11-06,1935192.474472078,1979712.1848753707,1960894.4324355195,1979712.1848753707
2023-11-07,1953485.4025428637,1998316.2953750168,1979289.4275938105,1998316.2953750168
2023-11-08,1954743.3396390472,1999595.631337441,1980557.1093484007,1999595.631337441
2023-11-09,1939700.2041516264,1984296.5958967414,1965397.441629647,1984296.5958967414
2023-11-10,1983309.0148234705,2028647.2394546093,2009344.0696413415,2028647.2394546093
2023-11-13,1977124.0356823446,2022357.047150006,2003111.1783198947,2022357.047150006
2023-11-14,2019684.4842729974,2065641.4948573983,2046001.3230729564,2065641.4948573983
2023-11-15,2021204.7553925943,2067187.627427808,2047533.371031627,2067187.627427808
2023-11-16,2022934.4391917728,2068946.7350132554,2049276.4538933071,2068946.7350132554
2023-11-17,2023406.1858947678,2069426.5066362785,2049751.8550003972,2069426.5066362785
2023-11-20,2048040.7467778393,2094480.1279595287,2074577.2484628875,2094480.1279595287
2023-11-21,2036142.5351985823,2082379.5149733454,2062586.8669270836,2082379.5149733454
2023-11-22,2044476.6728396919,2090855.425281115,2070985.5652880222,2090855.425281115
2023-11-24,2041593.9206195313,2087923.634337673,2068080.4817162047,2087923.634337673
2023-11-27,2039812.1271535733,2086111.5306438324,2066284.885518194,2086111.5306438324
2023-11-28,2045157.9945576787,2091548.3370160868,2071672.1648910698,2091548.3370160868
2023-11-29,2043166.4637413183,2089522.9281133867,2069665.2066041536,2089522.9281133867
2023-11-30,2038029.8466813837,2084298.9316592594,2064488.7985413393,2084298.9316592594
2023-12-01,2044847.4855492783,2091215.6599023421,2071351.626261185,2091215.6599023421
2023-12-04,2025863.9549523378,2071913.0691828239,2052224.8232270803,2071913.0691828239
2023-12-05,2030950.786897926,2077085.3965643533,2057350.0464933224,2077085.3965643533
2023-12-06,2019204.297956907,2065141.4819557408,2045514.9044911612,2065141.4819557408
2023-12-07,2047416.8878921648,2093828.2467214928,2073940.4203886418,2093828.2467214928
2023-12-08,2056542.0017501125,2103106.728254183,2083134.4032746744,2103106.728254183
2023-12-11,2074108.950347391,2120968.9281875677,2100833.933086296,2120968.9281875677
2023-12-12,2090627.5113262539,2137765.120035136,2117477.162892056,2137765.120035136
2023-12-13,2117214.653812232,2164799.118120353,2144264.9637688296,2164799.118120353
2023-12-14,2115379.204009643,2162932.8195335506,2142415.6614657706,2162932.8195335506
2023-12-15,2125605.003055817,2173330.4856979335,2152718.636627516,2173330.4856979335
2023-12-18,2138993.3433422367,2186943.846586874,2166208.0213499335,2186943.846586874
2023-12-19,2149923.0481882887,2198057.249241409,2177220.214827001,2198057.249241409
2023-12-20,2117975.729626313,2165572.985492954,2145031.783571691,2165572.985492954
2023-12-21,2142619.2540441924,2190630.698719462,2169861.2975127324,2190630.698719462
2023-12-22,2145824.5103802774,2193889.826461304,2173090.7445484693,2193889.826461304
2023-12-26,2158960.4580471744,2207246.552715797,2186325.8317946503,2207246.552715797
2023-12-27,2163355.5653038654,2211715.5294486056,2190754.1097897897,2211715.5294486056
2023-12-28,2162304.0918040015,2210646.3836162933,2189694.7006127257,2210646.3836162933
2023-12-29,2152946.2375189136,2201131.2499399977,2180266.220761798,2201131.2499399977
2024-01-02,2117513.5339837754,2165086.3394306814,2144558.6746786935,2165086.3394306814
2024-01-03,2095106.6023749493,2142307.219104527,2121986.9448085316,2142307.219104527
2024-01-04,2084324.314608551,2131345.832926811,2111125.355587202,2131345.832926811
2024-01-05,2086796.4607005094,2133859.0424226783,2113615.68379284,2133859.0424226783
2024-01-08,2129926.2617322104,2177705.247895865,2157062.69542463,2177705.247895865
2024-01-09,2134134.142315709,2181983.0231755404,2161301.5240833126,2181983.0231755404
2024-01-10,2148598.3255926687,2196687.462722972,2175872.0883809896,2196687.462722972
2024-01-11,2153068.954975346,2201232.3511717557,2180375.598300913,2201232.3511717557
2024-01-12,2154173.4098844454,2202355.151549264,2181488.1762431846,2202355.151549264
2024-01-16,2153963.145848492,2202141.394937745,2181276.365759545,2202141.394937745
2024-01-17,2141813.004407708,2189789.4344510892,2169036.862588231,2189789.4344510892
2024-01-18,2172214.519145517,2220695.931351233,2199661.974062007,2220695.931351233
2024-01-19,2215291.5104309395,2264488.4498856682,2243055.78754296,2264488.4498856682
2024-01-22,2218184.3470863313,2267429.3377951547,2245969.9004024956,2267429.3377951547
2024-01-23,2227388.8421254447,2276786.7234335733,2255242.092563437,2276786.7234335733
2024-01-24,2239749.247602182,2289352.440531748,2267693.4062183904,2289352.440531748
2024-01-25,2242484.304984845,2292132.928387305,2270448.579371887,2292132.928387305
2024-01-26,2229124.576616985,2278551.2892173813,2256990.5930164815,2278551.2892173813
2024-01-29,2251951.7113146638,2301757.5923854127,2279985.616480687,2301757.5923854127
2024-01-30,2236961.7054562937,2286518.596118602,2264885.3622872927,2286518.596118602
2024-01-31,2193148.1400789265,2241977.268681526,2220749.557367129,2241977.268681526
2024-02-01,2219973.2685230006,2269231.4884999488,2247764.7463599094,2269231.4884999488
2024-02-02,2257492.0710129826,2307366.4555058945,2285552.609276469,2307366.4555058945
2024-02-05,2254545.260092652,2304371.249642126,2282584.6657466027,2304371.249642126
2024-02-06,2250019.4579178845,2299771.1210357747,2278026.4074649517,2299771.1210357747
2024-02-07,2273172.902621312,2323304.81057917,2301345.8936008136,2323304.81057917
2024-02-08,2277382.5163898324,2327583.5580741935,2305585.6959788073,2327583.5580741935
2024-02-09,2299798.8925925274,2350368.0743740113,2328162.8278384833,2350368.0743740113
2024-02-12,2290801.0971697113,2341222.509782312,2319100.5060844934,2341222.509782312
2024-02-13,2255071.157004842,2304905.783264308,2283114.334049086,2304905.783264308
2024-02-14,2279645.2549124826,2329883.4571428644,2307864.661389091,2329883.4571428644
2024-02-15,2286433.470480434,2336783.154348877,2314701.557619942,2336783.154348877
2024-02-16,2265700.777220414,2315709.971812564,2293820.1829809216,2315709.971812564
2024-02-20,2248598.9672784046,2298327.3019351177,2276595.7299913503,2298327.3019351177
2024-02-21,2239600.684161389,2289181.2416399047,2267532.917045735,2289181.2416399047
2024-02-22,2305166.4549562656,2355823.787244862,2333568.882865191,2355823.787244862
2024-02-23,2298378.239388314,2348924.0900388495,2326731.98663434,2348924.0900388495
2024-02-26,2297167.9449489773,2347693.9191525606,2325513.0127511905,2347693.9191525606
2024-02-27,2302693.357668739,2353310.0747273187,2331078.050133914,2353310.0747273187
2024-02-28,2290432.5629193448,2340847.923160523,2318729.3289464004,2340847.923160523
2024-02-29,2310060.628816666,2360798.337238497,2338498.154554393,2360798.337238497
2024-03-01,2345842.1915469663,2397151.236180017,2374529.270124438,2397151.236180017
2024-03-04,2337471.9053519517,2388644.9716948397,2366100.410093332,2388644.9716948397
2024-03-05,2295515.087518223,2346006.5503631234,2323849.9855998736,2346006.5503631234
2024-03-06,2309939.7511625127,2360665.5478226277,2338375.590581686,2360665.5478226277
2024-03-07,2345000.2351160184,2396295.601865995,2373681.421825897,2396295.601865995
2024-03-08,2311150.39896471,2361895.863030968,2339594.7102908497,2361895.863030968
2024-03-11,2302569.6643204684,2353175.731286308,2330953.9291281397,2353175.731286308
2024-03-12,2335576.7308706236,2386719.0094268667,2364191.9735040134,2386719.0094268667
2024-03-13,2317625.6733124377,2368476.330524261,2346115.297504763,2368476.330524261
2024-03-14,2311782.069580472,2362537.7953615957,2340230.8012299137,2362537.7953615957
2024-03-15,2284302.4461863195,2334611.75566621,2312558.880115105,2334611.75566621
2024-03-18,2306088.5770684727,2356751.8100293037,2334497.4666277617,2356751.8100293037
2024-03-19,2311834.112473635,2362590.683710154,2340283.208310372,2362590.683710154
2024-03-20,2339244.9416683884,2390446.81161979,2367885.8538157004,2390446.81161979
2024-03-21,2350314.790312177,2401696.493910346,2379033.1673734607,2401696.493910346
2024-03-22,2353002.9683780717,2404428.3423894783,2381740.156851265,2404428.3423894783
2024-03-25,2344463.7054143194,2395750.3560475754,2373141.1375807957,2395750.3560475754
2024-03-26,2336873.0868124985,2388036.4251342393,2365497.4011238073,2388036.4251342393
2024-03-27,2344832.55941961,2396125.2022179835,2373512.572763545,2396125.2022179835
2024-03-28,2340510.3971424475,2391732.824870206,2369160.1647314723,2391732.824870206
2024-04-01,2346464.9059295924,2397767.9462591307,2375149.4663893515,2397767.9462591307
2024-04-02,2326214.3576192698,2377192.01177418,2354760.7196279336,2377192.01177418
2024-04-03,2331435.183038725,2382496.7255104156,2360017.1742054415,2382496.7255104156
2024-04-04,2295786.0633201483,2346274.7950947494,2324124.7695618086,2346274.7950947494
2024-04-05,2322839.2391169895,2373762.661807075,2351362.567865411,2373762.661807075
2024-04-08,2323524.871076525,2374459.3105132733,2352052.8788723173,2374459.3105132733
2024-04-09,2332120.8149982607,2383193.3742166143,2360707.485212348,2383193.3742166143
2024-04-10,2311764.9976139423,2362510.479192293,2340212.7509754985,2362510.479192293
2024-04-11,2348679.6240675137,2400018.2505279426,2377379.2987163593,2400018.2505279426
2024-04-12,2311237.513320441,2361974.519271672,2339681.666902316,2361974.519271672
2024-04-15,2273215.3650945486,2323341.4304839354,2301398.556419374,2323341.4304839354
2024-04-16,2273426.228649261,2323555.6821980393,2301609.861759743,2323555.6821980393
2024-04-17,2245687.420892884,2295371.1667795153,2273741.4587496845,2295371.1667795153
2024-04-18,2232872.5788432984,2282350.415617293,2260867.468243684,2282350.415617293
2024-04-19,2186676.2138050958,2235411.766554423,2214461.077915721,2235411.766554423
2024-04-22,2208667.0372552364,2257755.9389514523,2236547.852234722,2257755.9389514523
2024-04-23,2241626.670431068,2291245.168106212,2269654.011637588,2291245.168106212
2024-04-24,2249220.849764559,2298961.370849879,2277282.325854326,2298961.370849879
2024-04-25,2238357.471816224,2287923.4399492005,2266368.52676137,2287923.4399492005
2024-04-26,2272898.9070591195,2323019.887595099,2301066.8793213596,2323019.887595099
2024-04-29,2282127.6043483526,2332396.8717584317,2310338.070776614,2332396.8717584317
2024-04-30,2239095.331554358,2288673.155630883,2267103.4722535405,2288673.155630883
2024-05-01,2223905.0710924645,2273222.8745555393,2251838.784751116,2273222.8745555393
2024-05-02,2252289.8799969577,2302058.4621894197,2280343.5395694748,2302058.4621894197
2024-05-03,2297557.3824892524,2348044.8572176727,2325806.812999454,2348044.8572176727
2024-05-06,2322723.4482464776,2373610.5848920834,2351084.9272904694,2373610.5848920834
2024-05-07,2323092.6254214547,2373985.6249643033,2351455.250887166,2373985.6249643033
2024-05-08,2321720.9075847995,2372592.1228970205,2350076.7655907637,2372592.1228970205
2024-05-09,2326785.8621600186,2377737.5139407576,2355164.199017754,2377737.5139407576
2024-05-10,2332272.7335066414,2383311.5222098893,2360674.0984143247,2383311.5222098893
2024-05-13,2337654.125660413,2388778.376172672,2366091.2313665263,2388778.376172672
2024-05-14,2352690.282267199,2404053.3217596086,2381227.251396584,2404053.3217596086
2024-05-15,2389463.7797574336,2441410.818618293,2418244.9820004446,2441410.818618293
2024-05-16,2384609.9463444473,2436479.901548837,2413358.9115980943,2436479.901548837
2024-05-17,2383449.3496700255,2435300.873455835,2412190.606759946,2435300.873455835
2024-05-20,2400068.3452757006,2452183.795084336,2428919.9782971786,2452183.795084336
2024-05-21,2404763.9598994106,2456953.980694269,2433646.7790918592,2456953.980694269
2024-05-22,2404288.9779785178,2456471.4555925326,2433168.6425536103,2456471.4555925326
2024-05-23,2393473.4540745495,2445484.170513793,2422281.2867799844,2445484.170513793
2024-05-24,2416107.205320697,2468477.3680279194,2445065.3612729576,2468477.3680279194
2024-05-28,2425234.573809458,2477749.6881203307,2454253.3496585838,2477749.6881203307
2024-05-29,2408140.59628289,2460384.2413900937,2437045.8415831015,2460384.2413900937
2024-05-30,2382341.1670389646,2434175.0917928396,2411075.064075778,2434175.0917928396
2024-05-31,2377909.4131739135,2429672.957310362,2406613.876484833,2429672.957310362
2024-06-03,2391676.978894786,2443643.4092800366,2420466.360619421,2443643.4092800366
2024-06-04,2398221.866205249,2450291.0981208477,2427053.6036908347,2450291.0981208477
2024-06-05,2446569.287972942,2499397.920121168,2475713.909659863,2499397.920121168
2024-06-06,2445724.7758783917,2498540.1431480036,2474863.9322378444,2498540.1431480036
2024-06-07,2443560.896836282,2496342.2757319976,2472686.049479691,2496342.2757319976
2024-06-10,2453431.0708746114,2506367.482079946,2482620.0991376108,2506367.482079946
2024-06-11,2470268.225426079,2523469.100352863,2499566.2166794916,2523469.100352863
2024-06-12,2502623.004736854,2556332.0810534307,2532130.3825286576,2556332.0810534307
2024-06-13,2516187.7970553897,2570109.9376071543,2545782.9604840623,2570109.9376071543
2024-06-14,2529224.647181382,2583351.5595008316,2558904.1796268597,2583351.5595008316
2024-06-17,2560207.4607388633,2614821.0247754627,2590087.500936784,2614821.0247754627
2024-06-18,2560999.2111830786,2615625.211363107,2590884.375257234,2615625.211363107
2024-06-20,2541258.8631064207,2595574.7986672106,2571016.2759413943,2595574.7986672106
2024-06-21,2534450.1675442853,2588659.157898801,2564163.5173621387,2588659.157898801
2024-06-24,2505596.3842845573,2559352.1639213455,2535123.0045395787,2559352.1639213455
2024-06-25,2534249.2173081352,2588455.0513070375,2563961.266660486,2588455.0513070375
2024-06-26,2539482.717056429,2593770.7544238046,2569228.6354203844,2593770.7544238046
2024-06-27,2546038.026421279,2600429.02901978,2575826.3679933427,2600429.02901978
2024-06-28,2532822.04723551,2587005.4644592144,2562524.8605427514,2587005.4644592144
2024-07-01,2548676.7574082147,2603093.624475788,2578475.8260636427,2603093.624475788
2024-07-02,2575437.0849841903,2630269.917056812,2605405.0686893086,2630269.917056812
2024-07-03,2596908.7510329694,2652075.340667079,2627012.2669929625,2652075.340667079
2024-07-05,2623986.098548938,2679573.5809753425,2654260.530634234,2679573.5809753425
2024-07-08,2630226.7973471098,2685911.285772403,2660540.621623873,2685911.285772403
2024-07-09,2632500.8370913845,2688220.6734006307,2662829.015435201,2688220.6734006307
2024-07-10,2659948.638535176,2716095.126006809,2690450.0713629522,2716095.126006809
2024-07-11,2601615.3404915156,2656855.089787155,2631748.565123422,2656855.089787155
2024-07-12,2616899.5788214537,2672376.9077302734,2647129.2797715086,2672376.9077302734
2024-07-15,2623933.4791036053,2679520.1436084886,2654207.5790473684,2679520.1436084886
2024-07-16,2624938.2987284125,2680540.58224241,2655218.7412386625,2680540.58224241
2024-07-17,2547883.2301072357,2602287.7625131044,2577677.289903819,2602287.7625131044
2024-07-18,2535825.557518046,2590042.66434681,2565543.507545092,2590042.66434681
2024-07-19,2513348.90893596,2567216.6366618574,2542924.983113343,2567216.6366618574
2024-07-22,2550792.1242739935,2605241.872799632,2580604.545430367,2605241.872799632
2024-07-23,2541801.530004559,2596111.527901957,2571557.2012323877,2596111.527901957
2024-07-24,2450626.530099245,2503519.2953716596,2479806.691569363,2503519.2953716596
2024-07-25,2423601.4762116103,2476074.161548722,2452609.4847694705,2476074.161548722
2024-07-26,2448458.217971134,2501317.278799433,2477569.0216512764,2501317.278799433
2024-07-29,2453376.588479007,2506312.1009130394,2482507.611896896,2506312.1009130394
2024-07-30,2419688.088237044,2472099.9435098013,2448675.801584379,2472099.9435098013
2024-07-31,2491295.496635529,2544820.424082437,2520579.9027464725,2544820.424082437
2024-08-01,2431952.4223407265,2484539.4960896885,2460974.579978817,2484539.4960896885
2024-08-02,2374230.2509280737,2425929.9458534494,2403024.215473127,2425929.9458534494
2024-08-05,2303439.8895575088,2354051.304779316,2331965.437355013,2354051.304779316
2024-08-06,2325449.4040232585,2376399.1775669437,2354052.785531068,2376399.1775669437
2024-08-07,2300265.2899168003,2350827.901144829,2328776.375044423,2350827.901144829
2024-08-08,2370632.5669058636,2422276.9536448503,2399393.360740717,2422276.9536448503
2024-08-09,2383013.000280595,2434847.714828371,2411820.091727922,2434847.714828371
2024-08-12,2388144.9355999776,2440058.544801489,2416971.0590276667,2440058.544801489
2024-08-13,2447401.3583098026,2500225.932802247,2476454.5154458894,2500225.932802247
2024-08-14,2448195.211939347,2501031.9905620697,2477250.981468469,2501031.9905620697
2024-08-15,2510044.411777568,2563832.01516743,2539347.742198906,2563832.01516743
2024-08-16,2513271.4895272297,2567108.7036712794,2542587.735907947,2567108.7036712794
2024-08-19,2546285.9242013483,2600630.6783336815,2575738.1233720873,2600630.6783336815
2024-08-20,2540942.1207402274,2595204.723111586,2570361.4815866514,2595204.723111586
2024-08-21,2552793.3726870934,2607238.167615546,2582285.5609228113,2607238.167615546
2024-08-22,2512319.0607423694,2566141.632936645,2541562.529392544,2566141.632936645
2024-08-23,2539566.444598371,2593807.898321879,2568977.3517470444,2593807.898321879
2024-08-26,2514911.511919778,2568773.938579326,2544170.9114987664,2568773.938579326
2024-08-27,2522424.1932503246,2576402.1144271083,2551729.759172781,2576402.1144271083
2024-08-28,2493801.4592034537,2547339.355214088,2522931.1349326693,2547339.355214088
2024-08-29,2490150.8081458095,2543632.581693245,2519258.050178826,2543632.581693245
2024-08-30,2519831.9050484095,2573769.9742653877,2549121.5410435563,2573769.9742653877
2024-09-03,2444327.322960629,2497089.3907612753,2473146.950770814,2497089.3907612753
2024-09-04,2437975.525871603,2490641.0248077353,2466757.176200523,2490641.0248077353
2024-09-05,2440251.5946472795,2492951.697550469,2469046.853622394,2492951.697550469
2024-09-06,2374884.073313515,2426590.3681301414,2403288.498988706,2426590.3681301414
2024-09-09,2405424.318493734,2457594.9286462707,2434011.3447106117,2457594.9286462707
2024-09-10,2427654.630052271,2480163.2163578407,2456374.5716045853,2480163.2163578407
2024-09-11,2480372.03504168,2533682.1047492838,2509407.174676086,2533682.1047492838
2024-09-12,2504719.612296559,2558399.8477787003,2533900.3264268227,2558399.8477787003
2024-09-13,2515940.500926904,2569791.3319836017,2545188.304903042,2569791.3319836017
2024-09-16,2504825.2636265475,2558507.1053673313,2534006.6094475514,2558507.1053673313
2024-09-17,2506148.840010569,2559850.8046026835,2535338.0995127917,2559850.8046026835
2024-09-18,2495298.0571195357,2548835.052999932,2524422.4396431376,2548835.052999932
2024-09-19,2558389.998804151,2612886.2062404356,2587891.608905976,2612886.2062404356
2024-09-20,2553520.418136305,2607942.5914261644,2582992.9129490256,2607942.5914261644
2024-09-23,2560288.9510269524,2614814.028979305,2589801.9149899688,2614814.028979305
2024-09-24,2572638.7436832846,2627351.580381247,2602225.5472247144,2627351.580381247
2024-09-25,2575023.8876746437,2629772.9866529843,2604624.9520244678,2629772.9866529843
2024-09-26,2594370.4722678945,2649413.704966221,2624087.210110373,2649413.704966221
2024-09-27,2579953.304821048,2634777.347663286,2609583.842223096,2634777.347663286
2024-09-30,2586949.770673615,2641880.183532641,2616622.1400402407,2641880.183532641
2024-10-01,2551906.8782308237,2606289.441371227,2581363.868410047,2606289.441371227
2024-10-02,2555512.827273012,2609949.626548744,2584990.803977705,2609949.626548744
2024-10-03,2553603.833805047,2608011.9204098955,2583070.7002196144,2608011.9204098955
2024-10-04,2583986.743599317,2638851.811594637,2613630.437723532,2638851.811594637
2024-10-07,2556307.969374544,2610756.7281744173,2585790.573784668,2610756.7281744173
2024-10-08,2594485.7183549087,2649508.6986803785,2624190.5162269953,2649508.6986803785
2024-10-09,2614899.9112340137,2670229.9360891357,2644723.5191541025,2670229.9360891357
2024-10-10,2611930.7282973393,2667216.0944493893,2641737.0556533947,2667216.0944493893
2024-10-11,2616013.4363883026,2671360.2094836948,2645843.52499454,2671360.2094836948
2024-10-14,2637965.5564213246,2693642.5056059854,2667923.405769822,2693642.5056059854
2024-10-15,2602704.470222415,2657851.0666426495,2632457.1010071067,2657851.0666426495
2024-10-16,2603022.6901690997,2658174.072852227,2632777.172985237,2658174.072852227
2024-10-17,2604825.501584122,2660003.9998816773,2634590.4767137207,2660003.9998816773
2024-10-18,2621899.282106432,2677334.582666066,2651763.6261748597,2677334.582666066
2024-10-21,2626936.6500374503,2682447.716329103,2656830.3114503953,2682447.716329103
2024-10-22,2629799.9771333258,2685354.109978067,2659710.3030321863,2685354.109978067
2024-10-23,2589501.196791254,2644449.2062330786,2619176.984883245,2644449.2062330786
2024-10-24,2610498.9831963656,2665762.8148452532,2640296.977834827,2665762.8148452532
2024-10-25,2626406.3921970236,2681909.483019346,2656296.967523742,2681909.483019346
2024-10-28,2626830.4679845073,2682339.9372197054,2656723.5114207887,2682339.9372197054
2024-10-29,2652070.3171130326,2707959.412309936,2682110.2557855984,2707959.412309936
2024-10-30,2632027.1905479757,2687614.822326493,2661950.478768407,2687614.822326493
2024-10-31,2565587.4000289757,2620175.7283155103,2595124.0104734316,2620175.7283155103
2024-11-01,2585569.54789708,2640443.506174115,2615216.755635955,2640443.506174115
2024-11-04,2578037.496264913,2632799.3756228285,2607642.049512056,2632799.3756228285
2024-11-05,2610925.056472045,2666176.311418512,2640715.8540830654,2666176.311418512
2024-11-06,2681846.5322182667,2738153.1174694337,2712038.962697534,2738153.1174694337
2024-11-07,2724069.652792002,2781004.5292375027,2754501.195512574,2781004.5292375027
2024-11-08,2727253.083119412,2784235.3298496124,2757702.653810212,2784235.3298496124
2024-11-11,2725661.367955707,2782619.9295435576,2756101.9246613933,2782619.9295435576
2024-11-12,2720728.1115477667,2777613.2649763343,2751140.730905843,2777613.2649763343
2024-11-13,2717227.3172025806,2774060.3778859796,2747620.111337631,2774060.3778859796
2024-11-14,2698343.423883676,2754895.4872431974,2728629.277319065,2754895.4872431974
2024-11-15,2634052.816494466,2689648.2186230756,2663974.588094623,2689648.2186230756
2024-11-18,2652353.380063473,2708221.0994150997,2682378.7889294853,2708221.0994150997
2024-11-19,2670600.913655217,2726740.1611297824,2700729.65947492,2726740.1611297824
2024-11-20,2669062.7179762577,2725179.0766925523,2699182.7528951233,2725179.0766925523
2024-11-21,2678663.5913983393,2734922.8136488074,2708837.9966794904,2734922.8136488074
2024-11-22,2682960.488079119,2739283.6492879307,2713159.22696191,2739283.6492879307
2024-11-25,2687203.865275153,2743590.1690582293,2717426.6346753063,2743590.1690582293
2024-11-26,2701632.098319809,2758233.0980241853,2731936.5757295666,2758233.0980241853
2024-11-27,2680361.040178249,2736645.5209152233,2710545.0582207683,2736645.5209152233
2024-11-29,2703912.8768496164,2760547.8151413593,2734230.270454548,2760547.8151413593
2024-12-02,2734352.372778798,2791425.5029780134,2764836.6058007563,2791425.5029780134
2024-12-03,2742736.785298171,2799933.4059956847,2773267.2562646004,2799933.4059956847
2024-12-04,2776644.964839102,2834341.0049029943,2807362.430961018,2834341.0049029943
2024-12-05,2768950.683848988,2826533.3980726595,2799625.717929739,2826533.3980726595
2024-12-06,2793731.4331976064,2851679.1326934346,2824543.126932171,2851679.1326934346
2024-12-09,2771974.98776907,2829602.24569777,2802666.700131859,2829602.24569777
2024-12-10,2762529.5877993223,2820017.7283902015,2793169.211136399,2820017.7283902015
2024-12-11,2811985.314209199,2870201.8674686975,2842897.673546112,2870201.8674686975
2024-12-12,2793837.8584003206,2851787.1253883597,2824650.139043343,2851787.1253883597
2024-12-13,2815222.4685347104,2873486.700483658,2846152.679970575,2873486.700483658
2024-12-16,2855763.615157704,2914624.96066547,2886917.4009086457,2914624.96066547
2024-12-17,2843187.812522837,2901863.9343038015,2874272.2458579037,2901863.9343038015
2024-12-18,2740614.4839397455,2797779.846149955,2771133.2509433585,2797779.846149955
2024-12-19,2728409.210768317,2785394.806624912,2758860.6687336583,2785394.806624912
2024-12-20,2752235.071411599,2809571.58838478,2782817.9230576362,2809571.58838478
2024-12-23,2779049.6520881657,2836781.1097828043,2809780.3794606742,2836781.1097828043
2024-12-24,2816732.661748689,2875019.136700601,2847671.2015235764,2875019.136700601
2024-12-26,2814819.2933035684,2873077.587053497,2845747.281328561,2873077.587053497
2024-12-27,2777402.0201921538,2835109.210607078,2808123.661285577,2835109.210607078
2024-12-30,2740462.3546622456,2797625.47622408,2770980.2827108256,2797625.47622408
2024-12-31,2717183.310628003,2774003.564905929,2747572.8605531417,2774003.564905929
2025-01-02,2712867.790049278,2769609.878633463,2743228.1478217393,2769609.878633463
2025-01-03,2757264.275966447,2814653.4767266847,2787862.834969833,2814653.4767266847
2025-01-06,2788952.794600998,2846803.879355563,2819721.3725594655,2846803.879355563
2025-01-07,2739186.386267431,2796312.088187617,2769687.9516577,2796312.088187617
2025-01-08,2739665.6395147745,2796798.3269115207,2770169.7762507494,2796798.3269115207
2025-01-10,2696704.1374264476,2753210.6286158017,2726977.772074962,2753210.6286158017
2025-01-13,2688037.7364555816,2744417.908332158,2718264.873113629,2744417.908332158
2025-01-14,2685485.529213342,2741828.5007496625,2715698.9724698933,2741828.5007496625
2025-01-15,2747268.7024458796,2804512.2102036607,2777813.6320264135,2804512.2102036607
2025-01-16,2728021.3368499395,2784984.2997768233,2758462.998208174,2784984.2997768233
2025-01-17,2774065.7354663205,2831699.830136363,2804754.4396298816,2831699.830136363
2025-01-21,2790335.852524336,2848207.0963884313,2821111.851027312,2848207.0963884313
2025-01-22,2826012.541964035,2884403.8004117343,2856979.9572236375,2884403.8004117343
2025-01-23,2832020.5978354984,2890499.428216618,2863020.248220798,2890499.428216618
2025-01-24,2816016.6418654453,2874262.202550568,2846930.425950001,2874262.202550568
2025-01-27,2734029.392721403,2791079.927581707,2764503.2892053346,2791079.927581707
2025-01-28,2774438.0344114457,2832077.555618646,2805128.7360769524,2832077.555618646
2025-01-29,2769227.155491781,2826790.724219248,2799889.899138827,2826790.724219248
2025-01-30,2781030.991520382,2838766.6100364854,2811757.066492274,2838766.6100364854
2025-01-31,2776990.2416536855,2834666.9632011415,2807694.636720688,2834666.9632011415
2025-02-03,2755765.0010317722,2813117.897315377,2786350.2722054077,2813117.897315377
2025-02-04,2789593.120621062,2847433.999635051,2820354.9158583153,2847433.999635051
2025-02-05,2802251.95802517,2860275.4452986475,2833079.8104197937,2860275.4452986475
2025-02-06,2816878.815366368,2875113.300291177,2847782.9945662403,2875113.300291177
2025-02-07,2781348.9335174006,2839070.887182257,2812067.708408668,2839070.887182257
2025-02-10,2815017.298500243,2873224.9303781185,2845911.7638133937,2873224.9303781185
2025-02-11,2808315.445746349,2866426.4010000085,2839174.939021555,2866426.4010000085
2025-02-12,2809964.2831670814,2868099.023490567,2840832.380511484,2868099.023490567
2025-02-13,2850388.0791358366,2909105.9471817277,2881467.1185254348,2909105.9471817277
2025-02-14,2862355.2999717477,2921245.7994606374,2893496.787480775,2921245.7994606374
2025-02-18,2868844.146583712,2927828.250006997,2900019.494608371,2927828.250006997
2025-02-19,2869642.2662228737,2928637.882807559,2900821.779046631,2928637.882807559
2025-02-20,2857462.039245033,2916281.951696899,2888577.992427048,2916281.951696899
2025-02-21,2798156.4902410805,2856120.8989262194,2828962.971403001,2856120.8989262194
2025-02-24,2765126.490290953,2822614.4294071067,2795760.612188353,2822614.4294071067
2025-02-25,2730287.7349653775,2787273.1125689973,2760740.059034931,2787273.1125689973
2025-02-26,2736882.75795177,2793963.271121981,2767369.4965933226,2793963.271121981
2025-02-27,2660876.1552951015,2716860.246023215,2690964.4684301824,2716860.246023215
2025-02-28,2702895.5371491066,2759485.7724969964,2733107.613959788,2759485.7724969964
2025-03-03,2644749.1161450376,2700486.267494862,2674779.2317245123,2700486.267494862
2025-03-04,2636767.679736517,2692390.9463054,2666775.6016579354,2692390.9463054
2025-03-05,2671140.6540759197,2727254.3785589663,2701239.7995692734,2727254.3785589663
2025-03-06,2597659.0825418658,2652724.319979591,2627554.251143675,2652724.319979591
2025-03-07,2616761.2255684366,2672099.025896191,2646704.82297076,2672099.025896191
2025-03-10,2515345.361949725,2569236.088991288,2545021.8050944675,2569236.088991288
2025-03-11,2509332.362839836,2563137.2921563555,2538994.0272753187,2563137.2921563555
2025-03-12,2537639.7200376242,2591848.5587519635,2567366.135358303,2591848.5587519635
2025-03-13,2491986.3874745956,2545543.8121436336,2521602.193054402,2545543.8121436336
2025-03-14,2552218.8366663195,2606635.700530343,2581970.0760200294,2606635.700530343
2025-03-17,2568766.5540036825,2623419.5324049382,2598557.780110242,2623419.5324049382
2025-03-18,2524975.932445726,2579004.0752800284,2554656.4757493744,2579004.0752800284
2025-03-19,2558763.40862466,2613273.655071177,2588523.588376965,2613273.655071177
2025-03-20,2550090.42094204,2604476.915064816,2579828.320516695,2604476.915064816
2025-03-21,2558497.3770853803,2613003.827605697,2588255.2339107413,2613003.827605697
2025-03-24,2614641.9608061966,2669949.521965103,2644538.6939459913,2669949.521965103
2025-03-25,2629562.4410009584,2685082.8981263996,2659498.070577406,2685082.8981263996
2025-03-26,2581176.8926291047,2636006.950521247,2610981.4611018375,2636006.950521247
2025-03-27,2566469.4991218247,2621089.7015190334,2596235.684435978,2621089.7015190334
2025-03-28,2498899.7758851205,2552555.845670701,2528495.0158545915,2552555.845670701
2025-03-31,2498793.2325413795,2552447.78209116,2528387.4756571436,2552447.78209116
2025-04-01,2519936.1609999104,2573878.2483458803,2549576.318574877,2573878.2483458803
2025-04-02,2538327.576503274,2592529.0629984573,2568006.356190609,2592529.0629984573
2025-04-03,2402442.017080931,2454726.9246973353,2431820.8309178418,2454726.9246973353
2025-04-04,2253229.003810005,2303409.3573377347,2282346.7548452737,2303409.3573377347
2025-04-07,2258666.505587494,2308923.55159899,2287789.398623584,2308923.55159899
2025-04-08,2217991.337459667,2267674.6862478824,2247066.7265270394,2267674.6862478824
2025-04-09,2484218.5323737413,2537656.845419366,2513542.9807776366,2537656.845419366
2025-04-10,2378559.3165614037,2430507.3739666557,2407649.0283727166,2430507.3739666557
2025-04-11,2422379.578090022,2474945.692248805,2451549.8693522774,2474945.692248805
2025-04-14,2438799.15947517,2491596.8613244696,2468001.905063252,2491596.8613244696
2025-04-15,2441517.746889025,2494353.792674499,2470725.4007582027,2494353.792674499
2025-04-16,2367897.4842624483,2419695.1633443516,2396950.3884030054,2419695.1633443516
2025-04-17,2367470.9782755123,2419262.6417633398,2396522.307461565,2419262.6417633398
2025-04-21,2308883.7030205955,2359849.0304739233,2337827.074223137,2359849.0304739233
2025-04-22,2369496.595632402,2421316.829157099,2398535.8538361387,2421316.829157099
2025-04-23,2423232.5900638937,2475810.7354108286,2452370.4877871363,2475810.7354108286
2025-04-24,2491415.5143878707,2544955.3362603188,2520692.7166938735,2544955.3362603188
2025-04-25,2519189.5711791604,2573121.1283533615,2548527.71978,2573121.1283533615
2025-04-28,2518390.015494183,2572310.2954469877,2547724.2427557423,2572310.2954469877
2025-04-29,2535022.6046604654,2589177.4766422613,2564438.40475862,2589177.4766422613
2025-04-30,2534702.5208266512,2588852.8782307543,2564116.7511063004,2588852.8782307543
2025-05-01,2568807.1938573914,2623424.595688933,2598383.904063245,2623424.595688933
2025-05-02,2606938.4925322076,2662087.5668264627,2636696.2052155603,2662087.5668264627
2025-05-05,2591472.653398905,2646406.0843485664,2621156.9525008425,2646406.0843485664
2025-05-06,2567367.56414511,2621964.892926398,2596937.440685348,2621964.892926398
2025-05-07,2577446.7710549515,2632184.636270775,2607064.4917936646,2632184.636270775
2025-05-08,2604058.5789535097,2659167.4980262537,2633802.6212004796,2659167.4980262537
2025-05-09,2602352.217892741,2657437.3448257213,2632088.1603479325,2657437.3448257213
2025-05-12,2708372.6139139812,2764936.0048193266,2738611.816289821,2764936.0048193266
2025-05-13,2749650.230438915,2806789.163557493,2780085.370302224,2806789.163557493
2025-05-14,2766129.02725004,2823497.727588399,2796642.3890242903,2823497.727588399
2025-05-15,2769168.5544376425,2826579.635522566,2799696.3443056243,2826579.635522566
2025-05-16,2781221.671449408,2838800.8115993966,2811806.6753152483,2838800.8115993966
2025-05-19,2783888.0037030755,2841504.3210666655,2814485.664172822,2841504.3210666655
2025-05-20,2774608.500223094,2832095.431579928,2805162.1125439913,2832095.431579928
2025-05-21,2736050.8565908866,2793000.1708704424,2766421.442650772,2793000.1708704424
2025-05-22,2741170.757465861,2798191.459565964,2771565.646782523,2798191.459565964
2025-05-23,2715785.3250316214,2772452.0728776497,2746059.714225742,2772452.0728776497
2025-05-27,2779674.5969204763,2837232.1658952525,2810252.2570993104,2837232.1658952525
2025-05-28,2767355.5662528924,2824741.368474348,2797874.750189146,2824741.368474348
2025-05-29,2772795.184961277,2830256.8328941404,2803340.189797869,2830256.8328941404
2025-05-30,2768422.1645697732,2825822.8385887695,2798946.4114581044,2825822.8385887695
2025-06-02,2791287.6207713997,2848993.293444748,2821915.7804702,2848993.293444748
2025-06-03,2813107.2238611244,2871113.8968642787,2843835.7943535764,2871113.8968642787
2025-06-04,2820949.742889685,2879064.603049333,2851714.4035693253,2879064.603049333
2025-06-05,2799716.1447054693,2857538.08844358,2830383.091304932,2857538.08844358
2025-06-06,2827084.6351165413,2885284.1258066357,2857877.527721158,2885284.1258066357
2025-06-09,2831245.564420484,2889502.4549215483,2862057.605045898,2889502.4549215483
2025-06-10,2849971.8730508653,2908487.092039877,2880870.089556931,2908487.092039877
2025-06-11,2840368.3945575077,2898751.1340425666,2871222.4171846397,2898751.1340425666
2025-06-12,2847036.940609537,2905511.672352784,2877921.650962694,2905511.672352784
2025-06-13,2811293.258927488,2869274.9083753997,2842013.481804362,2869274.9083753997
2025-06-16,2850398.20716135,2908919.3074080246,2881298.385597989,2908919.3074080246
2025-06-17,2822603.382639793,2880741.0546768215,2853375.6531407046,2880741.0546768215
2025-06-18,2822123.0614777124,2880254.10750841,2852893.1216071104,2880254.10750841
2025-06-20,2810599.9343072902,2868572.0193768544,2841316.9666002165,2868572.0193768544
2025-06-23,2839499.693818185,2897870.449620133,2870349.7188047403,2897870.449620133
2025-06-24,2882921.3158199894,2941891.0707187355,2913971.1611015745,2941891.0707187355
2025-06-25,2890291.366348519,2949362.7907245075,2921375.1275826436,2949362.7907245075
2025-06-26,2917316.3027948868,2976760.5348131545,2948524.4290463673,2976760.5348131545
2025-06-27,2927304.23453446,2986886.2495699227,2958558.323865507,2986886.2495699227
2025-06-30,2946264.487055092,3006108.05782273,2977605.8288441966,3006108.05782273
2025-07-01,2922428.834633744,2981929.9229236334,2953656.0075317402,2981929.9229236334
2025-07-02,2942784.662851591,3002563.677395598,2974102.6930932347,3002563.677395598
2025-07-03,2971742.425745816,3031916.812194256,3003189.707688072,3031916.812194256
2025-07-07,2949356.3170668916,3009225.0570310517,2980703.679597989,3009225.0570310517
2025-07-08,2951012.813828702,3010904.170604865,2982367.570060215,3010904.170604865
2025-07-09,2971902.4784856946,3032079.050198128,3003350.474816313,3032079.050198128
2025-07-10,2967628.513910369,3027746.7314771526,2999057.4335881486,3027746.7314771526
2025-07-11,2960950.157868483,3020977.193172451,2992349.2689979,3020977.193172451
2025-07-14,2971689.0748325232,3031862.7328596325,3003136.118645325,3031862.7328596325
2025-07-15,2974413.5717788404,3034624.4284511013,3005872.7762638913,3034624.4284511013
2025-07-16,2977459.483429781,3037711.92715055,3008932.283207474,3037711.92715055
2025-07-17,3001554.785171376,3062136.211672074,3033135.133268262,3062136.211672074
2025-07-18,2998669.9081789637,3059211.9463016745,3030237.379754321,3059211.9463016745
2025-07-21,3014217.2807699074,3074971.5933812475,3045854.1473587807,3074971.5933812475
2025-07-22,2998616.557265671,3059157.8669670504,3030183.7907115743,3059157.8669670504
2025-07-23,3012293.702135416,3073021.751359255,3043921.982915687,3073021.751359255
2025-07-24,3018704.976304621,3079520.561215778,3050361.8735250668,3079520.561215778
2025-07-25,3025971.501617594,3086886.299301578,3057660.8326540664,3086886.299301578
2025-07-28,3035428.0328253065,3096471.944307431,3067159.5726727615,3096471.944307431
2025-07-29,3030726.606331205,3091706.327359346,3062437.1615683543,3091706.327359346
2025-07-30,3034786.839947143,3095821.996966767,3066515.5178583967,3095821.996966767
2025-07-31,3018704.976304621,3079520.561215778,3050361.8735250668,3079520.561215778
2025-08-01,2960240.010283353,3020243.8203179976,2991631.6095469114,3020243.8203179976
2025-08-04,3014861.315968232,3075603.2622110466,3046489.254247569,3075603.2622110466
2025-08-05,2994391.8732060124,3054857.201439162,3025931.2429699088,3054857.201439162
2025-08-06,3032071.324604314,3093045.8418257586,3063773.7282676543,3093045.8418257586
2025-08-07,3042332.2393284766,3103445.4195238627,3074079.0405845963,3103445.4195238627
2025-08-08,3070712.0716926544,3132208.7685687044,3102581.668652114,3132208.7685687044
2025-08-11,3061625.9284044118,3122999.8378210706,3093456.2108484996,3122999.8378210706
2025-08-12,3100106.89610013,3162000.8259598278,3132103.6804964757,3162000.8259598278
2025-08-13,3101657.21459207,3163572.0949984225,3133660.7070072363,3163572.0949984225
2025-08-14,3099251.6834494546,3161134.0562177347,3131244.767456115,3161134.0562177347
2025-08-15,3085623.614475849,3147321.821541191,3117557.7316678613,3147321.821541191
2025-08-18,3084394.1644363063,3146075.7570765824,3116322.9619639744,3146075.7570765824
2025-08-19,3042546.0424911454,3103662.111959386,3074293.7688446864,3103662.111959386
2025-08-20,3024481.4760379647,3085353.426285385,3056151.039451194,3085353.426285385
2025-08-21,3010479.1696754918,3071161.8968863254,3042088.146999413,3071161.8968863254
2025-08-22,3056922.9136592736,3118233.2679223637,3088732.8467934704,3118233.2679223637
2025-08-25,3048104.9247205346,3109296.1152829896,3079876.703607029,3109296.1152829896
2025-08-26,3060343.109428399,3121699.6832079315,3092167.8412879594,3121699.6832079315
2025-08-27,3065046.7790071126,3126466.9167894423,3096891.8630099413,3126466.9167894423
2025-08-28,3084233.7302101078,3145913.1547895893,3116161.8335605375,3145913.1547895893
2025-08-29,3048532.203629084,3109729.1683126343,3080305.831293733,3109729.1683126343
2025-09-02,3023984.881406044,3084836.7311321087,3055648.090518024,3084836.7311321087
2025-09-03,3047775.974586032,3108946.0777967796,3079538.94447322,3108946.0777967796
2025-09-04,3075362.7557416647,3136901.8873601253,3107241.402477023,3136901.8873601253
2025-09-05,3079800.3928442635,3141398.8867400675,3111697.647472672,3141398.8867400675
2025-09-08,3094823.6400402994,3156623.099933556,3126783.8901256667,3156623.099933556
2025-09-09,3103591.486024251,3165508.2334047384,3135588.5014278684,3165508.2334047384
2025-09-10,3104607.4687751746,3166537.806958254,3136608.7443960947,3166537.806958254
2025-09-11,3122678.0091738515,3184850.076999552,3154755.058156885,3184850.076999552
2025-09-12,3136471.399751668,3198827.981781225,3168606.287158787,3198827.981781225
2025-09-15,3163309.786134296,3226025.3852937063,3195557.212221778,3226025.3852937063
2025-09-16,3160636.5265556253,3223316.3655181443,3192872.7431351673,3223316.3655181443
2025-09-17,3154328.393808113,3216923.8488705917,3186538.1591351526,3216923.8488705917
2025-09-18,3182770.670432931,3245746.597867137,3215099.699870422,3245746.597867137
2025-09-19,3204316.2517688405,3267580.394472845,3236735.6261047404,3267580.394472845
2025-09-22,3223285.520945252,3286803.415587917,3255784.4371913895,3286803.415587917
2025-09-23,3201875.534986158,3265107.028218558,3234284.6749122115,3265107.028218558
2025-09-24,3190635.202288241,3253716.3335753935,3222997.2092685713,3253716.3335753935
2025-09-25,3176879.4770928733,3239776.5980260395,3209183.803587542,3239776.5980260395
2025-09-26,3189939.2115256,3253011.0325434078,3222298.3000785382,3253011.0325434078
2025-09-29,3204712.22957215,3267981.669271749,3237133.2643215638,3267981.669271749
2025-09-30,3213490.5563581744,3276877.4237467074,3245948.400373921,3276877.4237467074
2025-10-01,3229905.2236216515,3293498.4170102994,3262427.8256179723,3293498.4170102994
2025-10-02,3243183.596810933,3306952.7161021805,3275760.2164921975,3306952.7161021805
2025-10-03,3229530.746566818,3293118.9784882036,3262051.825154866,3293118.9784882036
2025-10-06,3253784.9341165363,3317694.5111135324,3286404.681046176,3317694.5111135324
2025-10-07,3236651.70788511,3300334.28581782,3269201.755221023,3300334.28581782
2025-10-08,3273756.0608282504,3337930.2363903415,3306457.0522006615,3337930.2363903415
2025-10-09,3269794.073930523,3333915.7569085355,3302478.9475634387,3333915.7569085355
2025-10-10,3156285.590127838,3218903.3929105136,3188508.700453678,3218903.3929105136
2025-10-13,3223266.2008402455,3286771.4334479645,3255761.794660502,3286771.4334479645
2025-10-14,3201796.183029788,3265016.9581811395,3234204.4347757353,3265016.9581811395
2025-10-15,3224390.6148841553,3287910.7449158845,3256890.7829276775,3287910.7449158845
2025-10-16,3212450.9234499475,3275812.863847873,3244902.519693218,3275812.863847873
2025-10-17,3233546.1365791014,3297187.5686253915,3266083.550155594,3297187.5686253915
2025-10-20,3274291.402479692,3338472.6708130054,3306994.571672854,3338472.6708130054
2025-10-21,3273434.986887973,3337604.908523628,3306134.6721010604,3337604.908523628
2025-10-22,3241898.6457968852,3305650.7407009033,3274470.038175222,3305650.7407009033
2025-10-23,3269151.5984234987,3333264.769207897,3301833.8584049507,3333264.769207897
2025-10-24,3304060.5263933768,3368636.20749996,3336884.799213744,3368636.20749996
2025-10-27,3362903.2232256345,3428258.51448506,3395966.8737328164,3428258.51448506
2025-10-28,3388763.7633561483,3454461.6823455906,3421932.6169999884,3454461.6823455906
2025-10-29,3404023.2938075284,3469923.3871619804,3437254.224672468,3469923.3871619804
2025-10-30,3351980.484353285,3417191.059639783,3384999.7001199517,3417191.059639783
2025-10-31,3368150.48876388,3433575.301335354,3401235.4856463005,3433575.301335354
2025-11-03,3385265.8072704826,3450904.2565278937,3418416.483985272,3450904.2565278937
2025-11-04,3316551.418131374,3381287.8522830717,3349430.7575220955,3381287.8522830717
2025-11-05,3338135.5990572525,3403155.3691664333,3371100.169415869,3403155.3691664333
2025-11-06,3275955.0283405674,3340158.5529039316,3308674.061921827,3340158.5529039316
2025-11-07,3265618.309332609,3329686.1435870654,3298296.525587099,3329686.1435870654
2025-11-10,3337867.521439279,3402883.772488421,3370831.0332210176,3402883.772488421
2025-11-11,3328977.0451307315,3393876.590726652,3361905.450465604,3393876.590726652
2025-11-12,3326352.6373498836,3391217.73229447,3359270.679501827,3391217.73229447
2025-11-13,3258441.825618197,3322415.4540331285,3291091.7035884983,3322415.4540331285
2025-11-14,3260905.321283611,3324911.2880534474,3293564.927031894,3324911.2880534474
2025-11-17,3233055.3995532827,3296695.779865778,3265605.032363838,3296695.779865778
2025-11-18,3193690.266010309,3256813.8994588796,3226084.4549592375,3256813.8994588796
2025-11-19,3212756.87693463,3276130.798150929,3245226.3555463506,3276130.798150929
2025-11-20,3136705.091965675,3199080.679940307,3168871.929739968,3199080.679940307
2025-11-21,3160270.687657164,3222955.6216589552,3192471.423175635,3222955.6216589552
2025-11-24,3241088.879564762,3304834.715523631,3273412.45488777,3304834.715523631
2025-11-25,3261066.233399045,3325074.3124653106,3293423.2128662607,3325074.3124653106
2025-11-26,3289879.989205732,3354266.3069977663,3322286.7066712645,3354266.3069977663
2025-11-28,3316551.418131374,3381287.8522830717,3349005.6826465023,3381287.8522830717
2025-12-01,3306411.1495292154,3371001.4690619875,3338843.9600478155,3371001.4690619875
2025-12-02,3332287.1524324315,3397213.91458614,3364762.159364053,3397213.91458614
2025-12-03,3340430.5878538494,3405463.23184591,3372918.7659819215,3405463.23184591
2025-12-04,3337323.4874583664,3402315.7325911256,3369805.5321484455,3402315.7325911256
2025-12-05,3350931.0660947994,3416100.238453845,3383433.692412007,3416100.238453845
2025-12-08,3344502.141653375,3409587.7244334207,3376980.1668210146,3409587.7244334207
2025-12-09,3348627.1304987394,3413766.346835083,3381120.940494538,3413766.346835083
2025-12-10,3362342.2348715854,3427659.776495605,3394888.527570686,3427659.776495605
2025-12-11,3351467.055665027,3416643.197019109,3383971.733018874,3416643.197019109
2025-12-12,3287392.534901239,3351735.5723257214,3319652.022428522,3351735.5723257214
2025-12-15,3270891.9238750464,3335020.418549574,3303088.269580783,3335020.418549574
2025-12-16,3277374.28336231,3341587.06238415,3309595.4346940503,3341587.06238415
2025-12-17,3216621.5866444632,3280044.452456402,3248610.2595589794,3280044.452456402
2025-12-18,3263230.7151556495,3327259.597956166,3295397.744209232,3327259.597956166
2025-12-19,3305768.617689677,3370350.5829531695,3338098.42378506,3370350.5829531695
2025-12-22,3321614.567448748,3386402.5634847716,3354005.010215726,3386402.5634847716
2025-12-23,3337170.722235292,3402160.9810979064,3369620.692734178,3402160.9810979064
2025-12-24,3346933.9279726082,3412051.1291044476,3379421.258699755,3412051.1291044476
2025-12-26,3346719.2043221504,3411833.6135935923,3379205.7133801845,3411833.6135935923
2025-12-29,3330519.206406599,3395422.9815326417,3362943.7239798447,3395422.9815326417
2025-12-30,3322794.4001479824,3387597.736497851,3355189.3577044816,3387597.736497851
2025-12-31,3295329.4422313767,3359775.676193372,3327619.3014088655,3359775.676193372
2026-01-02,3289945.7851889534,3354309.142007098,3322211.337550361,3354309.142007098
2026-01-05,3316077.562339841,3380777.407924675,3348439.9048828078,3380777.407924675
2026-01-06,3345214.4168014075,3410289.4463688075,3377684.6801113817,3410289.4463688075
2026-01-07,3348434.283029426,3413550.7735663466,3380916.472487209,3413550.7735663466
2026-01-08,3329384.9654765367,3394256.1653341195,3361796.5976624633,3394256.1653341195
2026-01-09,3362546.4067816176,3427844.613666774,3395080.8665083637,3427844.613666774
2026-01-12,3365336.695174958,3430670.8315223455,3397881.4899247927,3430670.8315223455
2026-01-13,3360346.3780084457,3425616.2559757372,3392872.688990345,3425616.2559757372
2026-01-14,3324448.4275198616,3389256.0614913907,3356841.7751320936,3389256.0614913907
2026-01-15,3336414.6296307305,3401376.3477491965,3368852.2991759176,3401376.3477491965
2026-01-16,3333624.3412373904,3398550.1298936247,3366051.675759489,3398550.1298936247
2026-01-20,3262794.17058322,3326807.9065830186,3294959.1553601064,3326807.9065830186
2026-01-21,3306901.9765443234,3371483.6716669765,3339230.333392022,3371483.6716669765
2026-01-22,3330941.2833417137,3395832.523301277,3363358.6800146047,3395832.523301277
2026-01-23,3341458.3980850694,3406485.062855149,3373914.749377832,3406485.062855149
2026-01-26,3356161.109379441,3421377.095264647,3388671.9184340076,3421377.095264647
2026-01-27,3386585.713579008,3452193.465301074,3419209.2131309463,3452193.465301074
2026-01-28,3397800.3184401956,3463552.476282705,3430465.356064128,3463552.476282705
2026-01-29,3377463.579071317,3442953.8686027196,3410053.2909076284,3442953.8686027196
2026-01-30,3336897.3308312236,3401865.264505972,3369336.788266173,3401865.264505972
2026-02-02,3360809.597688088,3426072.6875690655,3393334.0415499965,3426072.6875690655
2026-02-03,3309174.066964628,3373778.6076686527,3341513.457269769,3373778.6076686527
2026-02-04,3251366.191742366,3315233.4624287193,3283496.199885492,3315233.4624287193
2026-02-05,3204561.7334416276,3267832.0694773667,3236629.0804110463,3267832.0694773667
2026-02-06,3272299.417489298,3336433.666327971,3304448.78313048,3336433.666327971
2026-02-09,3297365.689985707,3361819.6290239473,3329548.6091729873,3361819.6290239473
2026-02-10,3282068.168699311,3346327.006226801,3314228.5704332944,3346327.006226801
2026-02-11,3290870.9022365296,3355242.008057666,3323042.7661827668,3355242.008057666
2026-02-12,3223938.178246257,3287455.6375631858,3256014.9263687786,3287455.6375631858
2026-02-13,3230808.5484183035,3294413.6310550426,3262893.2400101908,3294413.6310550426
2026-02-17,3227480.461726225,3291043.0986144417,3259560.052279692,3291043.0986144417
2026-02-18,3251580.716549839,3315450.7232424538,3283690.419608343,3315450.7232424538
2026-02-19,3239128.109109333,3302839.297750386,3271220.3930079383,3302839.297750386
2026-02-20,3267790.7883169525,3331867.535005671,3299919.796325747,3331867.535005671
2026-02-23,3228070.89697615,3291641.0641568312,3260144.7132044258,3291641.0641568312
2026-02-24,3262745.1910867584,3326757.5872428757,3294862.873106004,3326757.5872428757
2026-02-25,3310032.8222336858,3374648.31532975,3342214.1227328586,3374648.31532975
2026-02-26,3270098.7341049938,3334204.9158702544,3302221.051548648,3334204.9158702544
2026-02-27,3259631.957221736,3323604.6478190892,3291739.040425606,3323604.6478190892
2026-03-02,3264925.7616765816,3328953.338381638,3297037.9519875683,3328953.338381638
2026-03-03,3229972.773177366,3293558.9839465297,3262042.7417717725,3293558.9839465297
2026-03-04,3279207.8431636067,3343415.765656897,3311331.703259861,3343415.765656897
2026-03-05,3269328.148409217,3333411.315884157,3301439.175531837,3333411.315884157
2026-03-06,3220146.890111442,3283609.0253648465,3252198.1979681617,3283609.0253648465
2026-03-09,3263153.9133978137,3327159.116237075,3295251.4696322703,3327159.116237075
2026-03-10,3263207.7250862797,3327213.607428132,3295304.53640161,3327213.607428132
2026-03-11,3262778.2159387046,3326778.6746897553,3294873.707735089,3326778.6746897553
2026-03-12,3206777.9667280857,3270071.287020758,3238806.068587595,3270071.287020758
2026-03-13,3187770.956497679,3250824.267359997,3219777.8758747904,3250824.267359997
2026-03-16,3223529.479723631,3287034.3283441616,3255572.321181748,3287034.3283441616
2026-03-17,3239261.19559873,3302964.6951443614,3271320.667576839,3302964.6951443614
2026-03-18,3194106.954694533,3257240.272843611,3226113.931205087,3257240.272843611
2026-03-19,3184012.6694263807,3247018.5228333627,3216008.2384795058,3247018.5228333627
2026-03-20,3125166.6350080296,3187429.4150421806,3157101.080270314,3187429.4150421806
2026-03-23,3161040.3283721013,3223756.100465742,3193005.7254677275,3223756.100465742
2026-03-24,3139429.029291957,3201871.9065158335,3171372.489197285,3201871.9065158335
2026-03-25,3160072.702339863,3222776.2558167945,3192034.3816666836,3222776.2558167945
2026-03-26,3084648.4023132236,3146399.5417563436,3116535.694160484,3146399.5417563436
2026-03-27,3024384.5611518063,3085374.7239861507,3056223.158002533,3085374.7239861507
2026-03-30,3001268.1753948643,3061966.438003444,3033091.1770618935,3061966.438003444
2026-03-31,3102872.8462205078,3164854.1133032553,3134752.776462719,3164854.1133032553
2026-04-01,3142202.8745010598,3204668.274557901,3174114.7236340004,3204668.274557901
2026-04-02,3145805.794586213,3208316.217228853,3177719.496002016,3208316.217228853
2026-04-06,3164735.156629662,3227482.1231885115,3196660.133274937,3227482.1231885115
