date,gmm_regime,wf_gmm_regime,wf_gmm_prob_risk_off,wf_gmm_prob_neutral,wf_gmm_prob_risk_on,wf_refit_date,wf_train_start,wf_train_end,wf_train_n,wf_gmm_regime_signal_lag1
1999-03-10,unknown,,,,,,,,,
1999-03-11,unknown,,,,,,,,,
1999-03-12,unknown,,,,,,,,,
1999-03-15,unknown,,,,,,,,,
1999-03-16,unknown,,,,,,,,,
1999-03-17,unknown,,,,,,,,,
1999-03-18,unknown,,,,,,,,,
1999-03-19,unknown,,,,,,,,,
1999-03-22,unknown,,,,,,,,,
1999-03-23,unknown,,,,,,,,,
1999-03-24,unknown,,,,,,,,,
1999-03-25,unknown,,,,,,,,,
1999-03-26,unknown,,,,,,,,,
1999-03-29,unknown,,,,,,,,,
1999-03-30,unknown,,,,,,,,,
1999-03-31,unknown,,,,,,,,,
1999-04-01,unknown,,,,,,,,,
1999-04-05,unknown,,,,,,,,,
1999-04-06,unknown,,,,,,,,,
1999-04-07,unknown,,,,,,,,,
1999-04-08,unknown,,,,,,,,,
1999-04-09,unknown,,,,,,,,,
1999-04-12,unknown,,,,,,,,,
1999-04-13,unknown,,,,,,,,,
1999-04-14,unknown,,,,,,,,,
1999-04-15,unknown,,,,,,,,,
1999-04-16,unknown,,,,,,,,,
1999-04-19,unknown,,,,,,,,,
1999-04-20,unknown,,,,,,,,,
1999-04-21,unknown,,,,,,,,,
1999-04-22,unknown,,,,,,,,,
1999-04-23,unknown,,,,,,,,,
1999-04-26,unknown,,,,,,,,,
1999-04-27,unknown,,,,,,,,,
1999-04-28,unknown,,,,,,,,,
1999-04-29,unknown,,,,,,,,,
1999-04-30,unknown,,,,,,,,,
1999-05-03,unknown,,,,,,,,,
1999-05-04,unknown,,,,,,,,,
1999-05-05,unknown,,,,,,,,,
1999-05-06,unknown,,,,,,,,,
1999-05-07,unknown,,,,,,,,,
1999-05-10,unknown,,,,,,,,,
1999-05-11,unknown,,,,,,,,,
1999-05-12,unknown,,,,,,,,,
1999-05-13,unknown,,,,,,,,,
1999-05-14,unknown,,,,,,,,,
1999-05-17,unknown,,,,,,,,,
1999-05-18,unknown,,,,,,,,,
1999-05-19,unknown,,,,,,,,,
1999-05-20,unknown,,,,,,,,,
1999-05-21,unknown,,,,,,,,,
1999-05-24,unknown,,,,,,,,,
1999-05-25,unknown,,,,,,,,,
1999-05-26,unknown,,,,,,,,,
1999-05-27,unknown,,,,,,,,,
1999-05-28,unknown,,,,,,,,,
1999-06-01,unknown,,,,,,,,,
1999-06-02,unknown,,,,,,,,,
1999-06-03,unknown,,,,,,,,,
1999-06-04,unknown,,,,,,,,,
1999-06-07,unknown,,,,,,,,,
1999-06-08,unknown,,,,,,,,,
1999-06-09,unknown,,,,,,,,,
1999-06-10,unknown,,,,,,,,,
1999-06-11,unknown,,,,,,,,,
1999-06-14,unknown,,,,,,,,,
1999-06-15,unknown,,,,,,,,,
1999-06-16,unknown,,,,,,,,,
1999-06-17,unknown,,,,,,,,,
1999-06-18,unknown,,,,,,,,,
1999-06-21,unknown,,,,,,,,,
1999-06-22,unknown,,,,,,,,,
1999-06-23,unknown,,,,,,,,,
1999-06-24,unknown,,,,,,,,,
1999-06-25,unknown,,,,,,,,,
1999-06-28,unknown,,,,,,,,,
1999-06-29,unknown,,,,,,,,,
1999-06-30,unknown,,,,,,,,,
1999-07-01,unknown,,,,,,,,,
1999-07-02,unknown,,,,,,,,,
1999-07-06,unknown,,,,,,,,,
1999-07-07,unknown,,,,,,,,,
1999-07-08,unknown,,,,,,,,,
1999-07-09,unknown,,,,,,,,,
1999-07-12,unknown,,,,,,,,,
1999-07-13,unknown,,,,,,,,,
1999-07-14,unknown,,,,,,,,,
1999-07-15,unknown,,,,,,,,,
1999-07-16,unknown,,,,,,,,,
1999-07-19,unknown,,,,,,,,,
1999-07-20,unknown,,,,,,,,,
1999-07-21,unknown,,,,,,,,,
1999-07-22,unknown,,,,,,,,,
1999-07-23,unknown,,,,,,,,,
1999-07-26,unknown,,,,,,,,,
1999-07-27,unknown,,,,,,,,,
1999-07-28,unknown,,,,,,,,,
1999-07-29,unknown,,,,,,,,,
1999-07-30,unknown,,,,,,,,,
1999-08-02,unknown,,,,,,,,,
1999-08-03,unknown,,,,,,,,,
1999-08-04,unknown,,,,,,,,,
1999-08-05,unknown,,,,,,,,,
1999-08-06,unknown,,,,,,,,,
1999-08-09,unknown,,,,,,,,,
1999-08-10,unknown,,,,,,,,,
1999-08-11,unknown,,,,,,,,,
1999-08-12,unknown,,,,,,,,,
1999-08-13,unknown,,,,,,,,,
1999-08-16,unknown,,,,,,,,,
1999-08-17,unknown,,,,,,,,,
1999-08-18,unknown,,,,,,,,,
1999-08-19,unknown,,,,,,,,,
1999-08-20,unknown,,,,,,,,,
1999-08-23,unknown,,,,,,,,,
1999-08-24,unknown,,,,,,,,,
1999-08-25,unknown,,,,,,,,,
1999-08-26,unknown,,,,,,,,,
1999-08-27,unknown,,,,,,,,,
1999-08-30,unknown,,,,,,,,,
1999-08-31,unknown,,,,,,,,,
1999-09-01,unknown,,,,,,,,,
1999-09-02,unknown,,,,,,,,,
1999-09-03,unknown,,,,,,,,,
1999-09-07,unknown,,,,,,,,,
1999-09-08,unknown,,,,,,,,,
1999-09-09,unknown,,,,,,,,,
1999-09-10,unknown,,,,,,,,,
1999-09-13,unknown,,,,,,,,,
1999-09-14,unknown,,,,,,,,,
1999-09-15,unknown,,,,,,,,,
1999-09-16,unknown,,,,,,,,,
1999-09-17,unknown,,,,,,,,,
1999-09-20,unknown,,,,,,,,,
1999-09-21,unknown,,,,,,,,,
1999-09-22,unknown,,,,,,,,,
1999-09-23,unknown,,,,,,,,,
1999-09-24,unknown,,,,,,,,,
1999-09-27,unknown,,,,,,,,,
1999-09-28,unknown,,,,,,,,,
1999-09-29,unknown,,,,,,,,,
1999-09-30,unknown,,,,,,,,,
1999-10-01,unknown,,,,,,,,,
1999-10-04,unknown,,,,,,,,,
1999-10-05,unknown,,,,,,,,,
1999-10-06,unknown,,,,,,,,,
1999-10-07,unknown,,,,,,,,,
1999-10-08,unknown,,,,,,,,,
1999-10-11,unknown,,,,,,,,,
1999-10-12,unknown,,,,,,,,,
1999-10-13,unknown,,,,,,,,,
1999-10-14,unknown,,,,,,,,,
1999-10-15,unknown,,,,,,,,,
1999-10-18,unknown,,,,,,,,,
1999-10-19,unknown,,,,,,,,,
1999-10-20,unknown,,,,,,,,,
1999-10-21,unknown,,,,,,,,,
1999-10-22,unknown,,,,,,,,,
1999-10-25,unknown,,,,,,,,,
1999-10-26,unknown,,,,,,,,,
1999-10-27,unknown,,,,,,,,,
1999-10-28,unknown,,,,,,,,,
1999-10-29,unknown,,,,,,,,,
1999-11-01,unknown,,,,,,,,,
1999-11-02,unknown,,,,,,,,,
1999-11-03,unknown,,,,,,,,,
1999-11-04,unknown,,,,,,,,,
1999-11-05,unknown,,,,,,,,,
1999-11-08,unknown,,,,,,,,,
1999-11-09,unknown,,,,,,,,,
1999-11-10,unknown,,,,,,,,,
1999-11-11,unknown,,,,,,,,,
1999-11-12,unknown,,,,,,,,,
1999-11-15,unknown,,,,,,,,,
1999-11-16,unknown,,,,,,,,,
1999-11-17,unknown,,,,,,,,,
1999-11-18,unknown,,,,,,,,,
1999-11-19,unknown,,,,,,,,,
1999-11-22,unknown,,,,,,,,,
1999-11-23,unknown,,,,,,,,,
1999-11-24,unknown,,,,,,,,,
1999-11-26,unknown,,,,,,,,,
1999-11-29,unknown,,,,,,,,,
1999-11-30,unknown,,,,,,,,,
1999-12-01,unknown,,,,,,,,,
1999-12-02,unknown,,,,,,,,,
1999-12-03,unknown,,,,,,,,,
1999-12-06,unknown,,,,,,,,,
1999-12-07,unknown,,,,,,,,,
1999-12-08,unknown,,,,,,,,,
1999-12-09,unknown,,,,,,,,,
1999-12-10,unknown,,,,,,,,,
1999-12-13,unknown,,,,,,,,,
1999-12-14,unknown,,,,,,,,,
1999-12-15,unknown,,,,,,,,,
1999-12-16,unknown,,,,,,,,,
1999-12-17,unknown,,,,,,,,,
1999-12-20,unknown,,,,,,,,,
1999-12-21,unknown,,,,,,,,,
1999-12-22,unknown,,,,,,,,,
1999-12-23,unknown,,,,,,,,,
1999-12-27,unknown,,,,,,,,,
1999-12-28,unknown,,,,,,,,,
1999-12-29,unknown,,,,,,,,,
1999-12-30,unknown,,,,,,,,,
1999-12-31,unknown,,,,,,,,,
2000-01-03,unknown,,,,,,,,,
2000-01-04,unknown,,,,,,,,,
2000-01-05,unknown,,,,,,,,,
2000-01-06,unknown,,,,,,,,,
2000-01-07,unknown,,,,,,,,,
2000-01-10,unknown,,,,,,,,,
2000-01-11,unknown,,,,,,,,,
2000-01-12,unknown,,,,,,,,,
2000-01-13,unknown,,,,,,,,,
2000-01-14,unknown,,,,,,,,,
2000-01-18,unknown,,,,,,,,,
2000-01-19,unknown,,,,,,,,,
2000-01-20,unknown,,,,,,,,,
2000-01-21,unknown,,,,,,,,,
2000-01-24,unknown,,,,,,,,,
2000-01-25,unknown,,,,,,,,,
2000-01-26,unknown,,,,,,,,,
2000-01-27,unknown,,,,,,,,,
2000-01-28,unknown,,,,,,,,,
2000-01-31,unknown,,,,,,,,,
2000-02-01,unknown,,,,,,,,,
2000-02-02,unknown,,,,,,,,,
2000-02-03,unknown,,,,,,,,,
2000-02-04,unknown,,,,,,,,,
2000-02-07,unknown,,,,,,,,,
2000-02-08,unknown,,,,,,,,,
2000-02-09,unknown,,,,,,,,,
2000-02-10,unknown,,,,,,,,,
2000-02-11,unknown,,,,,,,,,
2000-02-14,unknown,,,,,,,,,
2000-02-15,unknown,,,,,,,,,
2000-02-16,unknown,,,,,,,,,
2000-02-17,unknown,,,,,,,,,
2000-02-18,unknown,,,,,,,,,
2000-02-22,unknown,,,,,,,,,
2000-02-23,unknown,,,,,,,,,
2000-02-24,unknown,,,,,,,,,
2000-02-25,unknown,,,,,,,,,
2000-02-28,unknown,,,,,,,,,
2000-02-29,unknown,,,,,,,,,
2000-03-01,unknown,,,,,,,,,
2000-03-02,unknown,,,,,,,,,
2000-03-03,unknown,,,,,,,,,
2000-03-06,unknown,,,,,,,,,
2000-03-07,unknown,,,,,,,,,
2000-03-08,unknown,,,,,,,,,
2000-03-09,unknown,,,,,,,,,
2000-03-10,unknown,,,,,,,,,
2000-03-13,unknown,,,,,,,,,
2000-03-14,unknown,,,,,,,,,
2000-03-15,unknown,,,,,,,,,
2000-03-16,unknown,,,,,,,,,
2000-03-17,unknown,,,,,,,,,
2000-03-20,unknown,,,,,,,,,
2000-03-21,unknown,,,,,,,,,
2000-03-22,unknown,,,,,,,,,
2000-03-23,unknown,,,,,,,,,
2000-03-24,unknown,,,,,,,,,
2000-03-27,unknown,,,,,,,,,
2000-03-28,unknown,,,,,,,,,
2000-03-29,unknown,,,,,,,,,
2000-03-30,unknown,,,,,,,,,
2000-03-31,unknown,,,,,,,,,
2000-04-03,unknown,,,,,,,,,
2000-04-04,unknown,,,,,,,,,
2000-04-05,unknown,,,,,,,,,
2000-04-06,unknown,,,,,,,,,
2000-04-07,unknown,,,,,,,,,
2000-04-10,unknown,,,,,,,,,
2000-04-11,unknown,,,,,,,,,
2000-04-12,unknown,,,,,,,,,
2000-04-13,unknown,,,,,,,,,
2000-04-14,unknown,,,,,,,,,
2000-04-17,unknown,,,,,,,,,
2000-04-18,unknown,,,,,,,,,
2000-04-19,unknown,,,,,,,,,
2000-04-20,unknown,,,,,,,,,
2000-04-24,unknown,,,,,,,,,
2000-04-25,unknown,,,,,,,,,
2000-04-26,unknown,,,,,,,,,
2000-04-27,unknown,,,,,,,,,
2000-04-28,unknown,,,,,,,,,
2000-05-01,unknown,,,,,,,,,
2000-05-02,unknown,,,,,,,,,
2000-05-03,unknown,,,,,,,,,
2000-05-04,unknown,,,,,,,,,
2000-05-05,unknown,,,,,,,,,
2000-05-08,unknown,,,,,,,,,
2000-05-09,unknown,,,,,,,,,
2000-05-10,unknown,,,,,,,,,
2000-05-11,unknown,,,,,,,,,
2000-05-12,unknown,,,,,,,,,
2000-05-15,unknown,,,,,,,,,
2000-05-16,unknown,,,,,,,,,
2000-05-17,unknown,,,,,,,,,
2000-05-18,unknown,,,,,,,,,
2000-05-19,unknown,,,,,,,,,
2000-05-22,unknown,,,,,,,,,
2000-05-23,unknown,,,,,,,,,
2000-05-24,unknown,,,,,,,,,
2000-05-25,unknown,,,,,,,,,
2000-05-26,unknown,,,,,,,,,
2000-05-30,unknown,,,,,,,,,
2000-05-31,unknown,,,,,,,,,
2000-06-01,unknown,,,,,,,,,
2000-06-02,unknown,,,,,,,,,
2000-06-05,unknown,,,,,,,,,
2000-06-06,unknown,,,,,,,,,
2000-06-07,unknown,,,,,,,,,
2000-06-08,unknown,,,,,,,,,
2000-06-09,unknown,,,,,,,,,
2000-06-12,unknown,,,,,,,,,
2000-06-13,unknown,,,,,,,,,
2000-06-14,unknown,,,,,,,,,
2000-06-15,unknown,,,,,,,,,
2000-06-16,unknown,,,,,,,,,
2000-06-19,unknown,,,,,,,,,
2000-06-20,unknown,,,,,,,,,
2000-06-21,unknown,,,,,,,,,
2000-06-22,unknown,,,,,,,,,
2000-06-23,unknown,,,,,,,,,
2000-06-26,unknown,,,,,,,,,
2000-06-27,unknown,,,,,,,,,
2000-06-28,unknown,,,,,,,,,
2000-06-29,unknown,,,,,,,,,
2000-06-30,unknown,,,,,,,,,
2000-07-03,unknown,,,,,,,,,
2000-07-05,unknown,,,,,,,,,
2000-07-06,unknown,,,,,,,,,
2000-07-07,unknown,,,,,,,,,
2000-07-10,unknown,,,,,,,,,
2000-07-11,unknown,,,,,,,,,
2000-07-12,unknown,,,,,,,,,
2000-07-13,unknown,,,,,,,,,
2000-07-14,unknown,,,,,,,,,
2000-07-17,unknown,,,,,,,,,
2000-07-18,unknown,,,,,,,,,
2000-07-19,unknown,,,,,,,,,
2000-07-20,unknown,,,,,,,,,
2000-07-21,unknown,,,,,,,,,
2000-07-24,unknown,,,,,,,,,
2000-07-25,unknown,,,,,,,,,
2000-07-26,unknown,,,,,,,,,
2000-07-27,unknown,,,,,,,,,
2000-07-28,unknown,,,,,,,,,
2000-07-31,unknown,,,,,,,,,
2000-08-01,unknown,,,,,,,,,
2000-08-02,unknown,,,,,,,,,
2000-08-03,unknown,,,,,,,,,
2000-08-04,unknown,,,,,,,,,
2000-08-07,unknown,,,,,,,,,
2000-08-08,unknown,,,,,,,,,
2000-08-09,unknown,,,,,,,,,
2000-08-10,unknown,,,,,,,,,
2000-08-11,unknown,,,,,,,,,
2000-08-14,unknown,,,,,,,,,
2000-08-15,unknown,,,,,,,,,
2000-08-16,unknown,,,,,,,,,
2000-08-17,unknown,,,,,,,,,
2000-08-18,unknown,,,,,,,,,
2000-08-21,unknown,,,,,,,,,
2000-08-22,unknown,,,,,,,,,
2000-08-23,unknown,,,,,,,,,
2000-08-24,unknown,,,,,,,,,
2000-08-25,unknown,,,,,,,,,
2000-08-28,unknown,,,,,,,,,
2000-08-29,unknown,,,,,,,,,
2000-08-30,unknown,,,,,,,,,
2000-08-31,unknown,,,,,,,,,
2000-09-01,unknown,,,,,,,,,
2000-09-05,unknown,,,,,,,,,
2000-09-06,unknown,,,,,,,,,
2000-09-07,unknown,,,,,,,,,
2000-09-08,unknown,,,,,,,,,
2000-09-11,unknown,,,,,,,,,
2000-09-12,unknown,,,,,,,,,
2000-09-13,unknown,,,,,,,,,
2000-09-14,unknown,,,,,,,,,
2000-09-15,unknown,,,,,,,,,
2000-09-18,unknown,,,,,,,,,
2000-09-19,unknown,,,,,,,,,
2000-09-20,unknown,,,,,,,,,
2000-09-21,unknown,,,,,,,,,
2000-09-22,unknown,,,,,,,,,
2000-09-25,unknown,,,,,,,,,
2000-09-26,unknown,,,,,,,,,
2000-09-27,unknown,,,,,,,,,
2000-09-28,unknown,,,,,,,,,
2000-09-29,unknown,,,,,,,,,
2000-10-02,unknown,,,,,,,,,
2000-10-03,unknown,,,,,,,,,
2000-10-04,unknown,,,,,,,,,
2000-10-05,unknown,,,,,,,,,
2000-10-06,unknown,,,,,,,,,
2000-10-09,unknown,,,,,,,,,
2000-10-10,unknown,,,,,,,,,
2000-10-11,unknown,,,,,,,,,
2000-10-12,unknown,,,,,,,,,
2000-10-13,unknown,,,,,,,,,
2000-10-16,unknown,,,,,,,,,
2000-10-17,unknown,,,,,,,,,
2000-10-18,unknown,,,,,,,,,
2000-10-19,unknown,,,,,,,,,
2000-10-20,unknown,,,,,,,,,
2000-10-23,unknown,,,,,,,,,
2000-10-24,unknown,,,,,,,,,
2000-10-25,unknown,,,,,,,,,
2000-10-26,unknown,,,,,,,,,
2000-10-27,unknown,,,,,,,,,
2000-10-30,unknown,,,,,,,,,
2000-10-31,unknown,,,,,,,,,
2000-11-01,unknown,,,,,,,,,
2000-11-02,unknown,,,,,,,,,
2000-11-03,unknown,,,,,,,,,
2000-11-06,unknown,,,,,,,,,
2000-11-07,unknown,,,,,,,,,
2000-11-08,unknown,,,,,,,,,
2000-11-09,unknown,,,,,,,,,
2000-11-10,unknown,,,,,,,,,
2000-11-13,unknown,,,,,,,,,
2000-11-14,unknown,,,,,,,,,
2000-11-15,unknown,,,,,,,,,
2000-11-16,unknown,,,,,,,,,
2000-11-17,unknown,,,,,,,,,
2000-11-20,unknown,,,,,,,,,
2000-11-21,unknown,,,,,,,,,
2000-11-22,unknown,,,,,,,,,
2000-11-24,unknown,,,,,,,,,
2000-11-27,unknown,,,,,,,,,
2000-11-28,unknown,,,,,,,,,
2000-11-29,unknown,,,,,,,,,
2000-11-30,unknown,,,,,,,,,
2000-12-01,unknown,,,,,,,,,
2000-12-04,unknown,,,,,,,,,
2000-12-05,unknown,,,,,,,,,
2000-12-06,unknown,,,,,,,,,
2000-12-07,unknown,,,,,,,,,
2000-12-08,unknown,,,,,,,,,
2000-12-11,unknown,,,,,,,,,
2000-12-12,unknown,,,,,,,,,
2000-12-13,unknown,,,,,,,,,
2000-12-14,unknown,,,,,,,,,
2000-12-15,unknown,,,,,,,,,
2000-12-18,unknown,,,,,,,,,
2000-12-19,unknown,,,,,,,,,
2000-12-20,unknown,,,,,,,,,
2000-12-21,unknown,,,,,,,,,
2000-12-22,unknown,,,,,,,,,
2000-12-26,unknown,,,,,,,,,
2000-12-27,unknown,,,,,,,,,
2000-12-28,unknown,,,,,,,,,
2000-12-29,unknown,,,,,,,,,
2001-01-02,unknown,,,,,,,,,
2001-01-03,unknown,,,,,,,,,
2001-01-04,unknown,,,,,,,,,
2001-01-05,unknown,,,,,,,,,
2001-01-08,unknown,,,,,,,,,
2001-01-09,unknown,,,,,,,,,
2001-01-10,unknown,,,,,,,,,
2001-01-11,unknown,,,,,,,,,
2001-01-12,unknown,,,,,,,,,
2001-01-16,unknown,,,,,,,,,
2001-01-17,unknown,,,,,,,,,
2001-01-18,unknown,,,,,,,,,
2001-01-19,unknown,,,,,,,,,
2001-01-22,unknown,,,,,,,,,
2001-01-23,unknown,,,,,,,,,
2001-01-24,unknown,,,,,,,,,
2001-01-25,unknown,,,,,,,,,
2001-01-26,unknown,,,,,,,,,
2001-01-29,unknown,,,,,,,,,
2001-01-30,unknown,,,,,,,,,
2001-01-31,unknown,,,,,,,,,
2001-02-01,unknown,,,,,,,,,
2001-02-02,unknown,,,,,,,,,
2001-02-05,unknown,,,,,,,,,
2001-02-06,unknown,,,,,,,,,
2001-02-07,unknown,,,,,,,,,
2001-02-08,unknown,,,,,,,,,
2001-02-09,unknown,,,,,,,,,
2001-02-12,unknown,,,,,,,,,
2001-02-13,unknown,,,,,,,,,
2001-02-14,unknown,,,,,,,,,
2001-02-15,unknown,,,,,,,,,
2001-02-16,unknown,,,,,,,,,
2001-02-20,unknown,,,,,,,,,
2001-02-21,unknown,,,,,,,,,
2001-02-22,unknown,,,,,,,,,
2001-02-23,unknown,,,,,,,,,
2001-02-26,unknown,,,,,,,,,
2001-02-27,unknown,,,,,,,,,
2001-02-28,unknown,,,,,,,,,
2001-03-01,unknown,,,,,,,,,
2001-03-02,unknown,,,,,,,,,
2001-03-05,unknown,,,,,,,,,
2001-03-06,unknown,,,,,,,,,
2001-03-07,unknown,,,,,,,,,
2001-03-08,unknown,,,,,,,,,
2001-03-09,unknown,,,,,,,,,
2001-03-12,unknown,,,,,,,,,
2001-03-13,unknown,,,,,,,,,
2001-03-14,unknown,,,,,,,,,
2001-03-15,unknown,,,,,,,,,
2001-03-16,unknown,,,,,,,,,
2001-03-19,unknown,,,,,,,,,
2001-03-20,unknown,,,,,,,,,
2001-03-21,unknown,,,,,,,,,
2001-03-22,unknown,,,,,,,,,
2001-03-23,unknown,,,,,,,,,
2001-03-26,unknown,,,,,,,,,
2001-03-27,unknown,,,,,,,,,
2001-03-28,unknown,,,,,,,,,
2001-03-29,unknown,,,,,,,,,
2001-03-30,unknown,,,,,,,,,
2001-04-02,unknown,,,,,,,,,
2001-04-03,unknown,,,,,,,,,
2001-04-04,unknown,,,,,,,,,
2001-04-05,unknown,,,,,,,,,
2001-04-06,unknown,,,,,,,,,
2001-04-09,unknown,,,,,,,,,
2001-04-10,unknown,,,,,,,,,
2001-04-11,unknown,,,,,,,,,
2001-04-12,unknown,,,,,,,,,
2001-04-16,unknown,,,,,,,,,
2001-04-17,unknown,,,,,,,,,
2001-04-18,unknown,,,,,,,,,
2001-04-19,unknown,,,,,,,,,
2001-04-20,unknown,,,,,,,,,
2001-04-23,unknown,,,,,,,,,
2001-04-24,unknown,,,,,,,,,
2001-04-25,unknown,,,,,,,,,
2001-04-26,unknown,,,,,,,,,
2001-04-27,unknown,,,,,,,,,
2001-04-30,unknown,,,,,,,,,
2001-05-01,unknown,,,,,,,,,
2001-05-02,unknown,,,,,,,,,
2001-05-03,unknown,,,,,,,,,
2001-05-04,unknown,,,,,,,,,
2001-05-07,unknown,,,,,,,,,
2001-05-08,unknown,,,,,,,,,
2001-05-09,unknown,,,,,,,,,
2001-05-10,unknown,,,,,,,,,
2001-05-11,unknown,,,,,,,,,
2001-05-14,unknown,,,,,,,,,
2001-05-15,unknown,,,,,,,,,
2001-05-16,unknown,,,,,,,,,
2001-05-17,unknown,,,,,,,,,
2001-05-18,unknown,,,,,,,,,
2001-05-21,unknown,,,,,,,,,
2001-05-22,unknown,,,,,,,,,
2001-05-23,unknown,,,,,,,,,
2001-05-24,unknown,,,,,,,,,
2001-05-25,unknown,,,,,,,,,
2001-05-29,unknown,,,,,,,,,
2001-05-30,unknown,,,,,,,,,
2001-05-31,unknown,,,,,,,,,
2001-06-01,unknown,,,,,,,,,
2001-06-04,unknown,,,,,,,,,
2001-06-05,unknown,,,,,,,,,
2001-06-06,unknown,,,,,,,,,
2001-06-07,unknown,,,,,,,,,
2001-06-08,unknown,,,,,,,,,
2001-06-11,unknown,,,,,,,,,
2001-06-12,unknown,,,,,,,,,
2001-06-13,unknown,,,,,,,,,
2001-06-14,unknown,,,,,,,,,
2001-06-15,unknown,,,,,,,,,
2001-06-18,unknown,,,,,,,,,
2001-06-19,unknown,,,,,,,,,
2001-06-20,unknown,,,,,,,,,
2001-06-21,unknown,,,,,,,,,
2001-06-22,unknown,,,,,,,,,
2001-06-25,unknown,,,,,,,,,
2001-06-26,unknown,,,,,,,,,
2001-06-27,unknown,,,,,,,,,
2001-06-28,unknown,,,,,,,,,
2001-06-29,unknown,,,,,,,,,
2001-07-02,unknown,,,,,,,,,
2001-07-03,unknown,,,,,,,,,
2001-07-05,unknown,,,,,,,,,
2001-07-06,unknown,,,,,,,,,
2001-07-09,unknown,,,,,,,,,
2001-07-10,unknown,,,,,,,,,
2001-07-11,unknown,,,,,,,,,
2001-07-12,unknown,,,,,,,,,
2001-07-13,unknown,,,,,,,,,
2001-07-16,unknown,,,,,,,,,
2001-07-17,unknown,,,,,,,,,
2001-07-18,unknown,,,,,,,,,
2001-07-19,unknown,,,,,,,,,
2001-07-20,unknown,,,,,,,,,
2001-07-23,unknown,,,,,,,,,
2001-07-24,unknown,,,,,,,,,
2001-07-25,unknown,,,,,,,,,
2001-07-26,unknown,,,,,,,,,
2001-07-27,unknown,,,,,,,,,
2001-07-30,unknown,,,,,,,,,
2001-07-31,unknown,,,,,,,,,
2001-08-01,unknown,,,,,,,,,
2001-08-02,unknown,,,,,,,,,
2001-08-03,unknown,,,,,,,,,
2001-08-06,unknown,,,,,,,,,
2001-08-07,unknown,,,,,,,,,
2001-08-08,unknown,,,,,,,,,
2001-08-09,unknown,,,,,,,,,
2001-08-10,unknown,,,,,,,,,
2001-08-13,unknown,,,,,,,,,
2001-08-14,unknown,,,,,,,,,
2001-08-15,unknown,,,,,,,,,
2001-08-16,unknown,,,,,,,,,
2001-08-17,unknown,,,,,,,,,
2001-08-20,unknown,,,,,,,,,
2001-08-21,unknown,,,,,,,,,
2001-08-22,unknown,,,,,,,,,
2001-08-23,unknown,,,,,,,,,
2001-08-24,unknown,,,,,,,,,
2001-08-27,unknown,,,,,,,,,
2001-08-28,unknown,,,,,,,,,
2001-08-29,unknown,,,,,,,,,
2001-08-30,unknown,,,,,,,,,
2001-08-31,unknown,,,,,,,,,
2001-09-04,unknown,,,,,,,,,
2001-09-05,unknown,,,,,,,,,
2001-09-06,unknown,,,,,,,,,
2001-09-07,unknown,,,,,,,,,
2001-09-10,unknown,,,,,,,,,
2001-09-17,unknown,,,,,,,,,
2001-09-18,unknown,,,,,,,,,
2001-09-19,unknown,,,,,,,,,
2001-09-20,unknown,,,,,,,,,
2001-09-21,unknown,,,,,,,,,
2001-09-24,unknown,,,,,,,,,
2001-09-25,unknown,,,,,,,,,
2001-09-26,unknown,,,,,,,,,
2001-09-27,unknown,,,,,,,,,
2001-09-28,unknown,,,,,,,,,
2001-10-01,unknown,,,,,,,,,
2001-10-02,unknown,,,,,,,,,
2001-10-03,unknown,,,,,,,,,
2001-10-04,unknown,,,,,,,,,
2001-10-05,unknown,,,,,,,,,
2001-10-08,unknown,,,,,,,,,
2001-10-09,unknown,,,,,,,,,
2001-10-10,unknown,,,,,,,,,
2001-10-11,unknown,,,,,,,,,
2001-10-12,unknown,,,,,,,,,
2001-10-15,unknown,,,,,,,,,
2001-10-16,unknown,,,,,,,,,
2001-10-17,unknown,,,,,,,,,
2001-10-18,unknown,,,,,,,,,
2001-10-19,unknown,,,,,,,,,
2001-10-22,unknown,,,,,,,,,
2001-10-23,unknown,,,,,,,,,
2001-10-24,unknown,,,,,,,,,
2001-10-25,unknown,,,,,,,,,
2001-10-26,unknown,,,,,,,,,
2001-10-29,unknown,,,,,,,,,
2001-10-30,unknown,,,,,,,,,
2001-10-31,unknown,,,,,,,,,
2001-11-01,unknown,,,,,,,,,
2001-11-02,unknown,,,,,,,,,
2001-11-05,unknown,,,,,,,,,
2001-11-06,unknown,,,,,,,,,
2001-11-07,unknown,,,,,,,,,
2001-11-08,unknown,,,,,,,,,
2001-11-09,unknown,,,,,,,,,
2001-11-12,unknown,,,,,,,,,
2001-11-13,unknown,,,,,,,,,
2001-11-14,unknown,,,,,,,,,
2001-11-15,unknown,,,,,,,,,
2001-11-16,unknown,,,,,,,,,
2001-11-19,unknown,,,,,,,,,
2001-11-20,unknown,,,,,,,,,
2001-11-21,unknown,,,,,,,,,
2001-11-23,unknown,,,,,,,,,
2001-11-26,unknown,,,,,,,,,
2001-11-27,unknown,,,,,,,,,
2001-11-28,unknown,,,,,,,,,
2001-11-29,unknown,,,,,,,,,
2001-11-30,unknown,,,,,,,,,
2001-12-03,unknown,,,,,,,,,
2001-12-04,unknown,,,,,,,,,
2001-12-05,unknown,,,,,,,,,
2001-12-06,unknown,,,,,,,,,
2001-12-07,unknown,,,,,,,,,
2001-12-10,unknown,,,,,,,,,
2001-12-11,unknown,,,,,,,,,
2001-12-12,unknown,,,,,,,,,
2001-12-13,unknown,,,,,,,,,
2001-12-14,unknown,,,,,,,,,
2001-12-17,unknown,,,,,,,,,
2001-12-18,unknown,,,,,,,,,
2001-12-19,unknown,,,,,,,,,
2001-12-20,unknown,,,,,,,,,
2001-12-21,unknown,,,,,,,,,
2001-12-24,unknown,,,,,,,,,
2001-12-26,unknown,,,,,,,,,
2001-12-27,unknown,,,,,,,,,
2001-12-28,unknown,,,,,,,,,
2001-12-31,unknown,,,,,,,,,
2002-01-02,unknown,,,,,,,,,
2002-01-03,unknown,,,,,,,,,
2002-01-04,unknown,,,,,,,,,
2002-01-07,unknown,,,,,,,,,
2002-01-08,unknown,,,,,,,,,
2002-01-09,unknown,,,,,,,,,
2002-01-10,unknown,,,,,,,,,
2002-01-11,unknown,,,,,,,,,
2002-01-14,unknown,,,,,,,,,
2002-01-15,unknown,,,,,,,,,
2002-01-16,unknown,,,,,,,,,
2002-01-17,unknown,,,,,,,,,
2002-01-18,unknown,,,,,,,,,
2002-01-22,unknown,,,,,,,,,
2002-01-23,unknown,,,,,,,,,
2002-01-24,unknown,,,,,,,,,
2002-01-25,unknown,,,,,,,,,
2002-01-28,unknown,,,,,,,,,
2002-01-29,unknown,,,,,,,,,
2002-01-30,unknown,,,,,,,,,
2002-01-31,unknown,,,,,,,,,
2002-02-01,unknown,,,,,,,,,
2002-02-04,unknown,,,,,,,,,
2002-02-05,unknown,,,,,,,,,
2002-02-06,unknown,,,,,,,,,
2002-02-07,unknown,,,,,,,,,
2002-02-08,unknown,,,,,,,,,
2002-02-11,unknown,,,,,,,,,
2002-02-12,unknown,,,,,,,,,
2002-02-13,unknown,,,,,,,,,
2002-02-14,unknown,,,,,,,,,
2002-02-15,unknown,,,,,,,,,
2002-02-19,unknown,,,,,,,,,
2002-02-20,unknown,,,,,,,,,
2002-02-21,unknown,,,,,,,,,
2002-02-22,unknown,,,,,,,,,
2002-02-25,unknown,,,,,,,,,
2002-02-26,unknown,,,,,,,,,
2002-02-27,unknown,,,,,,,,,
2002-02-28,unknown,,,,,,,,,
2002-03-01,unknown,,,,,,,,,
2002-03-04,unknown,,,,,,,,,
2002-03-05,unknown,,,,,,,,,
2002-03-06,unknown,,,,,,,,,
2002-03-07,unknown,,,,,,,,,
2002-03-08,unknown,,,,,,,,,
2002-03-11,unknown,,,,,,,,,
2002-03-12,unknown,,,,,,,,,
2002-03-13,unknown,,,,,,,,,
2002-03-14,unknown,,,,,,,,,
2002-03-15,unknown,,,,,,,,,
2002-03-18,unknown,,,,,,,,,
2002-03-19,unknown,,,,,,,,,
2002-03-20,unknown,,,,,,,,,
2002-03-21,unknown,,,,,,,,,
2002-03-22,unknown,,,,,,,,,
2002-03-25,unknown,,,,,,,,,
2002-03-26,unknown,,,,,,,,,
2002-03-27,unknown,,,,,,,,,
2002-03-28,unknown,,,,,,,,,
2002-04-01,unknown,,,,,,,,,
2002-04-02,unknown,,,,,,,,,
2002-04-03,unknown,,,,,,,,,
2002-04-04,unknown,,,,,,,,,
2002-04-05,unknown,,,,,,,,,
2002-04-08,unknown,,,,,,,,,
2002-04-09,unknown,,,,,,,,,
2002-04-10,unknown,,,,,,,,,
2002-04-11,unknown,,,,,,,,,
2002-04-12,unknown,,,,,,,,,
2002-04-15,unknown,,,,,,,,,
2002-04-16,unknown,,,,,,,,,
2002-04-17,unknown,,,,,,,,,
2002-04-18,unknown,,,,,,,,,
2002-04-19,unknown,,,,,,,,,
2002-04-22,unknown,,,,,,,,,
2002-04-23,unknown,,,,,,,,,
2002-04-24,unknown,,,,,,,,,
2002-04-25,unknown,,,,,,,,,
2002-04-26,unknown,,,,,,,,,
2002-04-29,unknown,,,,,,,,,
2002-04-30,unknown,,,,,,,,,
2002-05-01,unknown,,,,,,,,,
2002-05-02,unknown,,,,,,,,,
2002-05-03,unknown,,,,,,,,,
2002-05-06,unknown,,,,,,,,,
2002-05-07,unknown,,,,,,,,,
2002-05-08,unknown,,,,,,,,,
2002-05-09,unknown,,,,,,,,,
2002-05-10,unknown,,,,,,,,,
2002-05-13,unknown,,,,,,,,,
2002-05-14,unknown,,,,,,,,,
2002-05-15,unknown,,,,,,,,,
2002-05-16,unknown,,,,,,,,,
2002-05-17,unknown,,,,,,,,,
2002-05-20,unknown,,,,,,,,,
2002-05-21,unknown,,,,,,,,,
2002-05-22,unknown,,,,,,,,,
2002-05-23,unknown,,,,,,,,,
2002-05-24,unknown,,,,,,,,,
2002-05-28,unknown,,,,,,,,,
2002-05-29,unknown,,,,,,,,,
2002-05-30,unknown,,,,,,,,,
2002-05-31,unknown,,,,,,,,,
2002-06-03,unknown,,,,,,,,,
2002-06-04,unknown,,,,,,,,,
2002-06-05,unknown,,,,,,,,,
2002-06-06,unknown,,,,,,,,,
2002-06-07,unknown,,,,,,,,,
2002-06-10,unknown,,,,,,,,,
2002-06-11,unknown,,,,,,,,,
2002-06-12,unknown,,,,,,,,,
2002-06-13,unknown,,,,,,,,,
2002-06-14,unknown,,,,,,,,,
2002-06-17,unknown,,,,,,,,,
2002-06-18,unknown,,,,,,,,,
2002-06-19,unknown,,,,,,,,,
2002-06-20,unknown,,,,,,,,,
2002-06-21,unknown,,,,,,,,,
2002-06-24,unknown,,,,,,,,,
2002-06-25,unknown,,,,,,,,,
2002-06-26,unknown,,,,,,,,,
2002-06-27,unknown,,,,,,,,,
2002-06-28,unknown,,,,,,,,,
2002-07-01,unknown,,,,,,,,,
2002-07-02,unknown,,,,,,,,,
2002-07-03,unknown,,,,,,,,,
2002-07-05,unknown,,,,,,,,,
2002-07-08,unknown,,,,,,,,,
2002-07-09,unknown,,,,,,,,,
2002-07-10,unknown,,,,,,,,,
2002-07-11,unknown,,,,,,,,,
2002-07-12,unknown,,,,,,,,,
2002-07-15,unknown,,,,,,,,,
2002-07-16,unknown,,,,,,,,,
2002-07-17,unknown,,,,,,,,,
2002-07-18,unknown,,,,,,,,,
2002-07-19,unknown,,,,,,,,,
2002-07-22,unknown,,,,,,,,,
2002-07-23,unknown,,,,,,,,,
2002-07-24,unknown,,,,,,,,,
2002-07-25,unknown,,,,,,,,,
2002-07-26,unknown,,,,,,,,,
2002-07-29,unknown,,,,,,,,,
2002-07-30,unknown,,,,,,,,,
2002-07-31,unknown,,,,,,,,,
2002-08-01,unknown,,,,,,,,,
2002-08-02,unknown,,,,,,,,,
2002-08-05,unknown,,,,,,,,,
2002-08-06,unknown,,,,,,,,,
2002-08-07,unknown,,,,,,,,,
2002-08-08,unknown,,,,,,,,,
2002-08-09,unknown,,,,,,,,,
2002-08-12,unknown,,,,,,,,,
2002-08-13,unknown,,,,,,,,,
2002-08-14,unknown,,,,,,,,,
2002-08-15,unknown,,,,,,,,,
2002-08-16,unknown,,,,,,,,,
2002-08-19,unknown,,,,,,,,,
2002-08-20,unknown,,,,,,,,,
2002-08-21,unknown,,,,,,,,,
2002-08-22,unknown,,,,,,,,,
2002-08-23,unknown,,,,,,,,,
2002-08-26,unknown,,,,,,,,,
2002-08-27,unknown,,,,,,,,,
2002-08-28,unknown,,,,,,,,,
2002-08-29,unknown,,,,,,,,,
2002-08-30,unknown,,,,,,,,,
2002-09-03,unknown,,,,,,,,,
2002-09-04,unknown,,,,,,,,,
2002-09-05,unknown,,,,,,,,,
2002-09-06,unknown,,,,,,,,,
2002-09-09,unknown,,,,,,,,,
2002-09-10,unknown,,,,,,,,,
2002-09-11,unknown,,,,,,,,,
2002-09-12,unknown,,,,,,,,,
2002-09-13,unknown,,,,,,,,,
2002-09-16,unknown,,,,,,,,,
2002-09-17,unknown,,,,,,,,,
2002-09-18,unknown,,,,,,,,,
2002-09-19,unknown,,,,,,,,,
2002-09-20,unknown,,,,,,,,,
2002-09-23,unknown,,,,,,,,,
2002-09-24,unknown,,,,,,,,,
2002-09-25,unknown,,,,,,,,,
2002-09-26,unknown,,,,,,,,,
2002-09-27,unknown,,,,,,,,,
2002-09-30,unknown,,,,,,,,,
2002-10-01,unknown,,,,,,,,,
2002-10-02,unknown,,,,,,,,,
2002-10-03,unknown,,,,,,,,,
2002-10-04,unknown,,,,,,,,,
2002-10-07,unknown,,,,,,,,,
2002-10-08,unknown,,,,,,,,,
2002-10-09,unknown,,,,,,,,,
2002-10-10,unknown,,,,,,,,,
2002-10-11,unknown,,,,,,,,,
2002-10-14,unknown,,,,,,,,,
2002-10-15,unknown,,,,,,,,,
2002-10-16,unknown,,,,,,,,,
2002-10-17,unknown,,,,,,,,,
2002-10-18,unknown,,,,,,,,,
2002-10-21,unknown,,,,,,,,,
2002-10-22,unknown,,,,,,,,,
2002-10-23,unknown,,,,,,,,,
2002-10-24,unknown,,,,,,,,,
2002-10-25,unknown,,,,,,,,,
2002-10-28,unknown,,,,,,,,,
2002-10-29,unknown,,,,,,,,,
2002-10-30,unknown,,,,,,,,,
2002-10-31,unknown,,,,,,,,,
2002-11-01,unknown,,,,,,,,,
2002-11-04,unknown,,,,,,,,,
2002-11-05,unknown,,,,,,,,,
2002-11-06,unknown,,,,,,,,,
2002-11-07,unknown,,,,,,,,,
2002-11-08,unknown,,,,,,,,,
2002-11-11,unknown,,,,,,,,,
2002-11-12,unknown,,,,,,,,,
2002-11-13,unknown,,,,,,,,,
2002-11-14,unknown,,,,,,,,,
2002-11-15,unknown,,,,,,,,,
2002-11-18,unknown,,,,,,,,,
2002-11-19,unknown,,,,,,,,,
2002-11-20,unknown,,,,,,,,,
2002-11-21,unknown,,,,,,,,,
2002-11-22,unknown,,,,,,,,,
2002-11-25,unknown,,,,,,,,,
2002-11-26,unknown,,,,,,,,,
2002-11-27,unknown,,,,,,,,,
2002-11-29,unknown,,,,,,,,,
2002-12-02,unknown,,,,,,,,,
2002-12-03,unknown,,,,,,,,,
2002-12-04,unknown,,,,,,,,,
2002-12-05,unknown,,,,,,,,,
2002-12-06,unknown,,,,,,,,,
2002-12-09,unknown,,,,,,,,,
2002-12-10,unknown,,,,,,,,,
2002-12-11,unknown,,,,,,,,,
2002-12-12,unknown,,,,,,,,,
2002-12-13,unknown,,,,,,,,,
2002-12-16,unknown,,,,,,,,,
2002-12-17,unknown,,,,,,,,,
2002-12-18,unknown,,,,,,,,,
2002-12-19,unknown,,,,,,,,,
2002-12-20,unknown,,,,,,,,,
2002-12-23,unknown,,,,,,,,,
2002-12-24,unknown,,,,,,,,,
2002-12-26,unknown,,,,,,,,,
2002-12-27,unknown,,,,,,,,,
2002-12-30,unknown,,,,,,,,,
2002-12-31,unknown,,,,,,,,,
2003-01-02,unknown,,,,,,,,,
2003-01-03,unknown,,,,,,,,,
2003-01-06,unknown,,,,,,,,,
2003-01-07,unknown,,,,,,,,,
2003-01-08,unknown,,,,,,,,,
2003-01-09,unknown,,,,,,,,,
2003-01-10,unknown,,,,,,,,,
2003-01-13,unknown,,,,,,,,,
2003-01-14,unknown,,,,,,,,,
2003-01-15,unknown,,,,,,,,,
2003-01-16,unknown,,,,,,,,,
2003-01-17,unknown,,,,,,,,,
2003-01-21,unknown,,,,,,,,,
2003-01-22,unknown,,,,,,,,,
2003-01-23,unknown,,,,,,,,,
2003-01-24,unknown,,,,,,,,,
2003-01-27,unknown,,,,,,,,,
2003-01-28,unknown,,,,,,,,,
2003-01-29,unknown,,,,,,,,,
2003-01-30,unknown,,,,,,,,,
2003-01-31,unknown,,,,,,,,,
2003-02-03,unknown,,,,,,,,,
2003-02-04,unknown,,,,,,,,,
2003-02-05,unknown,,,,,,,,,
2003-02-06,unknown,,,,,,,,,
2003-02-07,unknown,,,,,,,,,
2003-02-10,unknown,,,,,,,,,
2003-02-11,unknown,,,,,,,,,
2003-02-12,unknown,,,,,,,,,
2003-02-13,unknown,,,,,,,,,
2003-02-14,unknown,,,,,,,,,
2003-02-18,unknown,,,,,,,,,
2003-02-19,unknown,,,,,,,,,
2003-02-20,unknown,,,,,,,,,
2003-02-21,unknown,,,,,,,,,
2003-02-24,unknown,,,,,,,,,
2003-02-25,unknown,,,,,,,,,
2003-02-26,unknown,,,,,,,,,
2003-02-27,unknown,,,,,,,,,
2003-02-28,unknown,,,,,,,,,
2003-03-03,unknown,,,,,,,,,
2003-03-04,unknown,,,,,,,,,
2003-03-05,unknown,,,,,,,,,
2003-03-06,unknown,,,,,,,,,
2003-03-07,unknown,,,,,,,,,
2003-03-10,unknown,,,,,,,,,
2003-03-11,unknown,,,,,,,,,
2003-03-12,unknown,,,,,,,,,
2003-03-13,unknown,,,,,,,,,
2003-03-14,unknown,,,,,,,,,
2003-03-17,unknown,,,,,,,,,
2003-03-18,unknown,,,,,,,,,
2003-03-19,unknown,,,,,,,,,
2003-03-20,unknown,,,,,,,,,
2003-03-21,unknown,,,,,,,,,
2003-03-24,unknown,,,,,,,,,
2003-03-25,unknown,,,,,,,,,
2003-03-26,unknown,,,,,,,,,
2003-03-27,unknown,,,,,,,,,
2003-03-28,unknown,,,,,,,,,
2003-03-31,unknown,,,,,,,,,
2003-04-01,unknown,,,,,,,,,
2003-04-02,unknown,,,,,,,,,
2003-04-03,unknown,,,,,,,,,
2003-04-04,unknown,,,,,,,,,
2003-04-07,unknown,,,,,,,,,
2003-04-08,unknown,,,,,,,,,
2003-04-09,unknown,,,,,,,,,
2003-04-10,unknown,,,,,,,,,
2003-04-11,unknown,,,,,,,,,
2003-04-14,unknown,,,,,,,,,
2003-04-15,unknown,,,,,,,,,
2003-04-16,unknown,,,,,,,,,
2003-04-17,unknown,,,,,,,,,
2003-04-21,unknown,,,,,,,,,
2003-04-22,unknown,,,,,,,,,
2003-04-23,unknown,,,,,,,,,
2003-04-24,unknown,,,,,,,,,
2003-04-25,unknown,,,,,,,,,
2003-04-28,unknown,,,,,,,,,
2003-04-29,unknown,,,,,,,,,
2003-04-30,unknown,,,,,,,,,
2003-05-01,unknown,,,,,,,,,
2003-05-02,unknown,,,,,,,,,
2003-05-05,unknown,,,,,,,,,
2003-05-06,unknown,,,,,,,,,
2003-05-07,unknown,,,,,,,,,
2003-05-08,unknown,,,,,,,,,
2003-05-09,unknown,,,,,,,,,
2003-05-12,unknown,,,,,,,,,
2003-05-13,unknown,,,,,,,,,
2003-05-14,unknown,,,,,,,,,
2003-05-15,unknown,,,,,,,,,
2003-05-16,unknown,,,,,,,,,
2003-05-19,unknown,,,,,,,,,
2003-05-20,unknown,,,,,,,,,
2003-05-21,unknown,,,,,,,,,
2003-05-22,unknown,,,,,,,,,
2003-05-23,unknown,,,,,,,,,
2003-05-27,unknown,,,,,,,,,
2003-05-28,unknown,,,,,,,,,
2003-05-29,unknown,,,,,,,,,
2003-05-30,unknown,,,,,,,,,
2003-06-02,unknown,,,,,,,,,
2003-06-03,unknown,,,,,,,,,
2003-06-04,unknown,,,,,,,,,
2003-06-05,unknown,,,,,,,,,
2003-06-06,unknown,,,,,,,,,
2003-06-09,unknown,,,,,,,,,
2003-06-10,unknown,,,,,,,,,
2003-06-11,unknown,,,,,,,,,
2003-06-12,unknown,,,,,,,,,
2003-06-13,unknown,,,,,,,,,
2003-06-16,unknown,,,,,,,,,
2003-06-17,unknown,,,,,,,,,
2003-06-18,unknown,,,,,,,,,
2003-06-19,unknown,,,,,,,,,
2003-06-20,unknown,,,,,,,,,
2003-06-23,unknown,,,,,,,,,
2003-06-24,unknown,,,,,,,,,
2003-06-25,unknown,,,,,,,,,
2003-06-26,unknown,,,,,,,,,
2003-06-27,unknown,,,,,,,,,
2003-06-30,unknown,,,,,,,,,
2003-07-01,unknown,,,,,,,,,
2003-07-02,unknown,,,,,,,,,
2003-07-03,unknown,,,,,,,,,
2003-07-07,unknown,,,,,,,,,
2003-07-08,unknown,,,,,,,,,
2003-07-09,unknown,,,,,,,,,
2003-07-10,unknown,,,,,,,,,
2003-07-11,unknown,,,,,,,,,
2003-07-14,unknown,,,,,,,,,
2003-07-15,unknown,,,,,,,,,
2003-07-16,unknown,,,,,,,,,
2003-07-17,unknown,,,,,,,,,
2003-07-18,unknown,,,,,,,,,
2003-07-21,unknown,,,,,,,,,
2003-07-22,unknown,,,,,,,,,
2003-07-23,unknown,,,,,,,,,
2003-07-24,unknown,,,,,,,,,
2003-07-25,unknown,,,,,,,,,
2003-07-28,unknown,,,,,,,,,
2003-07-29,unknown,,,,,,,,,
2003-07-30,unknown,,,,,,,,,
2003-07-31,unknown,,,,,,,,,
2003-08-01,unknown,,,,,,,,,
2003-08-04,unknown,,,,,,,,,
2003-08-05,unknown,,,,,,,,,
2003-08-06,unknown,,,,,,,,,
2003-08-07,unknown,,,,,,,,,
2003-08-08,unknown,,,,,,,,,
2003-08-11,unknown,,,,,,,,,
2003-08-12,unknown,,,,,,,,,
2003-08-13,unknown,,,,,,,,,
2003-08-14,unknown,,,,,,,,,
2003-08-15,unknown,,,,,,,,,
2003-08-18,unknown,,,,,,,,,
2003-08-19,unknown,,,,,,,,,
2003-08-20,unknown,,,,,,,,,
2003-08-21,unknown,,,,,,,,,
2003-08-22,unknown,,,,,,,,,
2003-08-25,unknown,,,,,,,,,
2003-08-26,unknown,,,,,,,,,
2003-08-27,unknown,,,,,,,,,
2003-08-28,unknown,,,,,,,,,
2003-08-29,unknown,,,,,,,,,
2003-09-02,unknown,,,,,,,,,
2003-09-03,unknown,,,,,,,,,
2003-09-04,unknown,,,,,,,,,
2003-09-05,unknown,,,,,,,,,
2003-09-08,unknown,,,,,,,,,
2003-09-09,unknown,,,,,,,,,
2003-09-10,unknown,,,,,,,,,
2003-09-11,unknown,,,,,,,,,
2003-09-12,unknown,,,,,,,,,
2003-09-15,unknown,,,,,,,,,
2003-09-16,unknown,,,,,,,,,
2003-09-17,unknown,,,,,,,,,
2003-09-18,unknown,,,,,,,,,
2003-09-19,unknown,,,,,,,,,
2003-09-22,unknown,,,,,,,,,
2003-09-23,unknown,,,,,,,,,
2003-09-24,unknown,,,,,,,,,
2003-09-25,unknown,,,,,,,,,
2003-09-26,unknown,,,,,,,,,
2003-09-29,unknown,,,,,,,,,
2003-09-30,unknown,,,,,,,,,
2003-10-01,unknown,,,,,,,,,
2003-10-02,unknown,,,,,,,,,
2003-10-03,unknown,,,,,,,,,
2003-10-06,unknown,,,,,,,,,
2003-10-07,unknown,,,,,,,,,
2003-10-08,unknown,,,,,,,,,
2003-10-09,unknown,,,,,,,,,
2003-10-10,unknown,,,,,,,,,
2003-10-13,unknown,,,,,,,,,
2003-10-14,unknown,,,,,,,,,
2003-10-15,unknown,,,,,,,,,
2003-10-16,unknown,,,,,,,,,
2003-10-17,unknown,,,,,,,,,
2003-10-20,unknown,,,,,,,,,
2003-10-21,unknown,,,,,,,,,
2003-10-22,unknown,,,,,,,,,
2003-10-23,unknown,,,,,,,,,
2003-10-24,unknown,,,,,,,,,
2003-10-27,unknown,,,,,,,,,
2003-10-28,unknown,,,,,,,,,
2003-10-29,unknown,,,,,,,,,
2003-10-30,unknown,,,,,,,,,
2003-10-31,unknown,,,,,,,,,
2003-11-03,unknown,,,,,,,,,
2003-11-04,unknown,,,,,,,,,
2003-11-05,unknown,,,,,,,,,
2003-11-06,unknown,,,,,,,,,
2003-11-07,unknown,,,,,,,,,
2003-11-10,unknown,,,,,,,,,
2003-11-11,unknown,,,,,,,,,
2003-11-12,unknown,,,,,,,,,
2003-11-13,unknown,,,,,,,,,
2003-11-14,unknown,,,,,,,,,
2003-11-17,unknown,,,,,,,,,
2003-11-18,unknown,,,,,,,,,
2003-11-19,unknown,,,,,,,,,
2003-11-20,unknown,,,,,,,,,
2003-11-21,unknown,,,,,,,,,
2003-11-24,unknown,,,,,,,,,
2003-11-25,unknown,,,,,,,,,
2003-11-26,unknown,,,,,,,,,
2003-11-28,unknown,,,,,,,,,
2003-12-01,unknown,,,,,,,,,
2003-12-02,unknown,,,,,,,,,
2003-12-03,unknown,,,,,,,,,
2003-12-04,unknown,,,,,,,,,
2003-12-05,unknown,,,,,,,,,
2003-12-08,unknown,,,,,,,,,
2003-12-09,unknown,,,,,,,,,
2003-12-10,unknown,,,,,,,,,
2003-12-11,unknown,,,,,,,,,
2003-12-12,unknown,,,,,,,,,
2003-12-15,unknown,,,,,,,,,
2003-12-16,unknown,,,,,,,,,
2003-12-17,unknown,,,,,,,,,
2003-12-18,unknown,,,,,,,,,
2003-12-19,unknown,,,,,,,,,
2003-12-22,unknown,,,,,,,,,
2003-12-23,unknown,,,,,,,,,
2003-12-24,unknown,,,,,,,,,
2003-12-26,unknown,,,,,,,,,
2003-12-29,unknown,,,,,,,,,
2003-12-30,unknown,,,,,,,,,
2003-12-31,unknown,,,,,,,,,
2004-01-02,unknown,,,,,,,,,
2004-01-05,unknown,,,,,,,,,
2004-01-06,unknown,,,,,,,,,
2004-01-07,unknown,,,,,,,,,
2004-01-08,unknown,,,,,,,,,
2004-01-09,unknown,,,,,,,,,
2004-01-12,unknown,,,,,,,,,
2004-01-13,unknown,,,,,,,,,
2004-01-14,unknown,,,,,,,,,
2004-01-15,unknown,,,,,,,,,
2004-01-16,unknown,,,,,,,,,
2004-01-20,unknown,,,,,,,,,
2004-01-21,unknown,,,,,,,,,
2004-01-22,unknown,,,,,,,,,
2004-01-23,unknown,,,,,,,,,
2004-01-26,unknown,,,,,,,,,
2004-01-27,unknown,,,,,,,,,
2004-01-28,unknown,,,,,,,,,
2004-01-29,unknown,,,,,,,,,
2004-01-30,unknown,,,,,,,,,
2004-02-02,unknown,,,,,,,,,
2004-02-03,unknown,,,,,,,,,
2004-02-04,unknown,,,,,,,,,
2004-02-05,unknown,,,,,,,,,
2004-02-06,unknown,,,,,,,,,
2004-02-09,unknown,,,,,,,,,
2004-02-10,unknown,,,,,,,,,
2004-02-11,unknown,,,,,,,,,
2004-02-12,unknown,,,,,,,,,
2004-02-13,unknown,,,,,,,,,
2004-02-17,unknown,,,,,,,,,
2004-02-18,unknown,,,,,,,,,
2004-02-19,unknown,,,,,,,,,
2004-02-20,unknown,,,,,,,,,
2004-02-23,unknown,,,,,,,,,
2004-02-24,unknown,,,,,,,,,
2004-02-25,unknown,,,,,,,,,
2004-02-26,unknown,,,,,,,,,
2004-02-27,unknown,,,,,,,,,
2004-03-01,unknown,,,,,,,,,
2004-03-02,unknown,,,,,,,,,
2004-03-03,unknown,,,,,,,,,
2004-03-04,unknown,,,,,,,,,
2004-03-05,unknown,,,,,,,,,
2004-03-08,unknown,,,,,,,,,
2004-03-09,unknown,,,,,,,,,
2004-03-10,unknown,,,,,,,,,
2004-03-11,unknown,,,,,,,,,
2004-03-12,unknown,,,,,,,,,
2004-03-15,unknown,,,,,,,,,
2004-03-16,unknown,,,,,,,,,
2004-03-17,unknown,,,,,,,,,
2004-03-18,unknown,,,,,,,,,
2004-03-19,unknown,,,,,,,,,
2004-03-22,unknown,,,,,,,,,
2004-03-23,unknown,,,,,,,,,
2004-03-24,unknown,,,,,,,,,
2004-03-25,unknown,,,,,,,,,
2004-03-26,unknown,,,,,,,,,
2004-03-29,unknown,,,,,,,,,
2004-03-30,unknown,,,,,,,,,
2004-03-31,unknown,,,,,,,,,
2004-04-01,unknown,,,,,,,,,
2004-04-02,unknown,,,,,,,,,
2004-04-05,unknown,,,,,,,,,
2004-04-06,unknown,,,,,,,,,
2004-04-07,unknown,,,,,,,,,
2004-04-08,unknown,,,,,,,,,
2004-04-12,unknown,,,,,,,,,
2004-04-13,unknown,,,,,,,,,
2004-04-14,unknown,,,,,,,,,
2004-04-15,unknown,,,,,,,,,
2004-04-16,unknown,,,,,,,,,
2004-04-19,unknown,,,,,,,,,
2004-04-20,unknown,,,,,,,,,
2004-04-21,unknown,,,,,,,,,
2004-04-22,unknown,,,,,,,,,
2004-04-23,unknown,,,,,,,,,
2004-04-26,unknown,,,,,,,,,
2004-04-27,unknown,,,,,,,,,
2004-04-28,unknown,,,,,,,,,
2004-04-29,unknown,,,,,,,,,
2004-04-30,unknown,,,,,,,,,
2004-05-03,unknown,,,,,,,,,
2004-05-04,unknown,,,,,,,,,
2004-05-05,unknown,,,,,,,,,
2004-05-06,unknown,,,,,,,,,
2004-05-07,unknown,,,,,,,,,
2004-05-10,unknown,,,,,,,,,
2004-05-11,unknown,,,,,,,,,
2004-05-12,unknown,,,,,,,,,
2004-05-13,unknown,,,,,,,,,
2004-05-14,unknown,,,,,,,,,
2004-05-17,unknown,,,,,,,,,
2004-05-18,unknown,,,,,,,,,
2004-05-19,unknown,,,,,,,,,
2004-05-20,unknown,,,,,,,,,
2004-05-21,unknown,,,,,,,,,
2004-05-24,unknown,,,,,,,,,
2004-05-25,unknown,,,,,,,,,
2004-05-26,unknown,,,,,,,,,
2004-05-27,unknown,,,,,,,,,
2004-05-28,unknown,,,,,,,,,
2004-06-01,unknown,,,,,,,,,
2004-06-02,unknown,,,,,,,,,
2004-06-03,unknown,,,,,,,,,
2004-06-04,unknown,,,,,,,,,
2004-06-07,unknown,,,,,,,,,
2004-06-08,unknown,,,,,,,,,
2004-06-09,unknown,,,,,,,,,
2004-06-10,unknown,,,,,,,,,
2004-06-14,unknown,,,,,,,,,
2004-06-15,unknown,,,,,,,,,
2004-06-16,unknown,,,,,,,,,
2004-06-17,unknown,,,,,,,,,
2004-06-18,unknown,,,,,,,,,
2004-06-21,unknown,,,,,,,,,
2004-06-22,unknown,,,,,,,,,
2004-06-23,unknown,,,,,,,,,
2004-06-24,unknown,,,,,,,,,
2004-06-25,unknown,,,,,,,,,
2004-06-28,unknown,,,,,,,,,
2004-06-29,unknown,,,,,,,,,
2004-06-30,unknown,,,,,,,,,
2004-07-01,unknown,,,,,,,,,
2004-07-02,unknown,,,,,,,,,
2004-07-06,unknown,,,,,,,,,
2004-07-07,unknown,,,,,,,,,
2004-07-08,unknown,,,,,,,,,
2004-07-09,unknown,,,,,,,,,
2004-07-12,unknown,,,,,,,,,
2004-07-13,unknown,,,,,,,,,
2004-07-14,unknown,,,,,,,,,
2004-07-15,unknown,,,,,,,,,
2004-07-16,unknown,,,,,,,,,
2004-07-19,unknown,,,,,,,,,
2004-07-20,unknown,,,,,,,,,
2004-07-21,unknown,,,,,,,,,
2004-07-22,unknown,,,,,,,,,
2004-07-23,unknown,,,,,,,,,
2004-07-26,unknown,,,,,,,,,
2004-07-27,unknown,,,,,,,,,
2004-07-28,unknown,,,,,,,,,
2004-07-29,unknown,,,,,,,,,
2004-07-30,unknown,,,,,,,,,
2004-08-02,unknown,,,,,,,,,
2004-08-03,unknown,,,,,,,,,
2004-08-04,unknown,,,,,,,,,
2004-08-05,unknown,,,,,,,,,
2004-08-06,unknown,,,,,,,,,
2004-08-09,unknown,,,,,,,,,
2004-08-10,unknown,,,,,,,,,
2004-08-11,unknown,,,,,,,,,
2004-08-12,unknown,,,,,,,,,
2004-08-13,unknown,,,,,,,,,
2004-08-16,unknown,,,,,,,,,
2004-08-17,unknown,,,,,,,,,
2004-08-18,unknown,,,,,,,,,
2004-08-19,unknown,,,,,,,,,
2004-08-20,unknown,,,,,,,,,
2004-08-23,unknown,,,,,,,,,
2004-08-24,unknown,,,,,,,,,
2004-08-25,unknown,,,,,,,,,
2004-08-26,unknown,,,,,,,,,
2004-08-27,unknown,,,,,,,,,
2004-08-30,unknown,,,,,,,,,
2004-08-31,unknown,,,,,,,,,
2004-09-01,unknown,,,,,,,,,
2004-09-02,unknown,,,,,,,,,
2004-09-03,unknown,,,,,,,,,
2004-09-07,unknown,,,,,,,,,
2004-09-08,unknown,,,,,,,,,
2004-09-09,unknown,,,,,,,,,
2004-09-10,unknown,,,,,,,,,
2004-09-13,unknown,,,,,,,,,
2004-09-14,unknown,,,,,,,,,
2004-09-15,unknown,,,,,,,,,
2004-09-16,unknown,,,,,,,,,
2004-09-17,unknown,,,,,,,,,
2004-09-20,unknown,,,,,,,,,
2004-09-21,unknown,,,,,,,,,
2004-09-22,unknown,,,,,,,,,
2004-09-23,unknown,,,,,,,,,
2004-09-24,unknown,,,,,,,,,
2004-09-27,unknown,,,,,,,,,
2004-09-28,unknown,,,,,,,,,
2004-09-29,unknown,,,,,,,,,
2004-09-30,unknown,,,,,,,,,
2004-10-01,unknown,,,,,,,,,
2004-10-04,unknown,,,,,,,,,
2004-10-05,unknown,,,,,,,,,
2004-10-06,unknown,,,,,,,,,
2004-10-07,unknown,,,,,,,,,
2004-10-08,unknown,,,,,,,,,
2004-10-11,unknown,,,,,,,,,
2004-10-12,unknown,,,,,,,,,
2004-10-13,unknown,,,,,,,,,
2004-10-14,unknown,,,,,,,,,
2004-10-15,unknown,,,,,,,,,
2004-10-18,unknown,,,,,,,,,
2004-10-19,unknown,,,,,,,,,
2004-10-20,unknown,,,,,,,,,
2004-10-21,unknown,,,,,,,,,
2004-10-22,unknown,,,,,,,,,
2004-10-25,unknown,,,,,,,,,
2004-10-26,unknown,,,,,,,,,
2004-10-27,unknown,,,,,,,,,
2004-10-28,unknown,,,,,,,,,
2004-10-29,unknown,,,,,,,,,
2004-11-01,unknown,,,,,,,,,
2004-11-02,unknown,,,,,,,,,
2004-11-03,unknown,,,,,,,,,
2004-11-04,unknown,,,,,,,,,
2004-11-05,unknown,,,,,,,,,
2004-11-08,unknown,,,,,,,,,
2004-11-09,unknown,,,,,,,,,
2004-11-10,unknown,,,,,,,,,
2004-11-11,unknown,,,,,,,,,
2004-11-12,unknown,,,,,,,,,
2004-11-15,unknown,,,,,,,,,
2004-11-16,unknown,,,,,,,,,
2004-11-17,unknown,,,,,,,,,
2004-11-18,unknown,,,,,,,,,
2004-11-19,unknown,,,,,,,,,
2004-11-22,unknown,,,,,,,,,
2004-11-23,unknown,,,,,,,,,
2004-11-24,unknown,,,,,,,,,
2004-11-26,unknown,,,,,,,,,
2004-11-29,unknown,,,,,,,,,
2004-11-30,unknown,,,,,,,,,
2004-12-01,unknown,,,,,,,,,
2004-12-02,unknown,,,,,,,,,
2004-12-03,unknown,,,,,,,,,
2004-12-06,unknown,,,,,,,,,
2004-12-07,unknown,,,,,,,,,
2004-12-08,unknown,,,,,,,,,
2004-12-09,unknown,,,,,,,,,
2004-12-10,unknown,,,,,,,,,
2004-12-13,unknown,,,,,,,,,
2004-12-14,unknown,,,,,,,,,
2004-12-15,unknown,,,,,,,,,
2004-12-16,unknown,,,,,,,,,
2004-12-17,unknown,,,,,,,,,
2004-12-20,unknown,,,,,,,,,
2004-12-21,unknown,,,,,,,,,
2004-12-22,unknown,,,,,,,,,
2004-12-23,unknown,,,,,,,,,
2004-12-27,unknown,,,,,,,,,
2004-12-28,unknown,,,,,,,,,
2004-12-29,unknown,,,,,,,,,
2004-12-30,unknown,,,,,,,,,
2004-12-31,unknown,,,,,,,,,
2005-01-03,unknown,,,,,,,,,
2005-01-04,unknown,,,,,,,,,
2005-01-05,unknown,,,,,,,,,
2005-01-06,unknown,,,,,,,,,
2005-01-07,unknown,,,,,,,,,
2005-01-10,unknown,,,,,,,,,
2005-01-11,unknown,,,,,,,,,
2005-01-12,unknown,,,,,,,,,
2005-01-13,unknown,,,,,,,,,
2005-01-14,unknown,,,,,,,,,
2005-01-18,unknown,,,,,,,,,
2005-01-19,unknown,,,,,,,,,
2005-01-20,unknown,,,,,,,,,
2005-01-21,unknown,,,,,,,,,
2005-01-24,unknown,,,,,,,,,
2005-01-25,unknown,,,,,,,,,
2005-01-26,unknown,,,,,,,,,
2005-01-27,unknown,,,,,,,,,
2005-01-28,unknown,,,,,,,,,
2005-01-31,unknown,,,,,,,,,
2005-02-01,unknown,,,,,,,,,
2005-02-02,unknown,,,,,,,,,
2005-02-03,unknown,,,,,,,,,
2005-02-04,unknown,,,,,,,,,
2005-02-07,unknown,,,,,,,,,
2005-02-08,unknown,,,,,,,,,
2005-02-09,unknown,,,,,,,,,
2005-02-10,unknown,,,,,,,,,
2005-02-11,unknown,,,,,,,,,
2005-02-14,unknown,,,,,,,,,
2005-02-15,unknown,,,,,,,,,
2005-02-16,unknown,,,,,,,,,
2005-02-17,unknown,,,,,,,,,
2005-02-18,unknown,,,,,,,,,
2005-02-22,unknown,,,,,,,,,
2005-02-23,unknown,,,,,,,,,
2005-02-24,unknown,,,,,,,,,
2005-02-25,unknown,,,,,,,,,
2005-02-28,unknown,,,,,,,,,
2005-03-01,unknown,,,,,,,,,
2005-03-02,unknown,,,,,,,,,
2005-03-03,unknown,,,,,,,,,
2005-03-04,unknown,,,,,,,,,
2005-03-07,unknown,,,,,,,,,
2005-03-08,unknown,,,,,,,,,
2005-03-09,unknown,,,,,,,,,
2005-03-10,unknown,,,,,,,,,
2005-03-11,unknown,,,,,,,,,
2005-03-14,unknown,,,,,,,,,
2005-03-15,unknown,,,,,,,,,
2005-03-16,unknown,,,,,,,,,
2005-03-17,unknown,,,,,,,,,
2005-03-18,unknown,,,,,,,,,
2005-03-21,unknown,,,,,,,,,
2005-03-22,unknown,,,,,,,,,
2005-03-23,unknown,,,,,,,,,
2005-03-24,unknown,,,,,,,,,
2005-03-28,unknown,,,,,,,,,
2005-03-29,unknown,,,,,,,,,
2005-03-30,unknown,,,,,,,,,
2005-03-31,unknown,,,,,,,,,
2005-04-01,unknown,,,,,,,,,
2005-04-04,unknown,,,,,,,,,
2005-04-05,unknown,,,,,,,,,
2005-04-06,unknown,,,,,,,,,
2005-04-07,unknown,,,,,,,,,
2005-04-08,unknown,,,,,,,,,
2005-04-11,unknown,,,,,,,,,
2005-04-12,unknown,,,,,,,,,
2005-04-13,unknown,,,,,,,,,
2005-04-14,unknown,,,,,,,,,
2005-04-15,unknown,,,,,,,,,
2005-04-18,unknown,,,,,,,,,
2005-04-19,unknown,,,,,,,,,
2005-04-20,unknown,,,,,,,,,
2005-04-21,unknown,,,,,,,,,
2005-04-22,unknown,,,,,,,,,
2005-04-25,unknown,,,,,,,,,
2005-04-26,unknown,,,,,,,,,
2005-04-27,unknown,,,,,,,,,
2005-04-28,unknown,,,,,,,,,
2005-04-29,unknown,,,,,,,,,
2005-05-02,unknown,,,,,,,,,
2005-05-03,unknown,,,,,,,,,
2005-05-04,unknown,,,,,,,,,
2005-05-05,unknown,,,,,,,,,
2005-05-06,unknown,,,,,,,,,
2005-05-09,unknown,,,,,,,,,
2005-05-10,unknown,,,,,,,,,
2005-05-11,unknown,,,,,,,,,
2005-05-12,unknown,,,,,,,,,
2005-05-13,unknown,,,,,,,,,
2005-05-16,unknown,,,,,,,,,
2005-05-17,unknown,,,,,,,,,
2005-05-18,unknown,,,,,,,,,
2005-05-19,unknown,,,,,,,,,
2005-05-20,unknown,,,,,,,,,
2005-05-23,unknown,,,,,,,,,
2005-05-24,unknown,,,,,,,,,
2005-05-25,unknown,,,,,,,,,
2005-05-26,unknown,,,,,,,,,
2005-05-27,unknown,,,,,,,,,
2005-05-31,unknown,,,,,,,,,
2005-06-01,unknown,,,,,,,,,
2005-06-02,unknown,,,,,,,,,
2005-06-03,unknown,,,,,,,,,
2005-06-06,unknown,,,,,,,,,
2005-06-07,unknown,,,,,,,,,
2005-06-08,unknown,,,,,,,,,
2005-06-09,unknown,,,,,,,,,
2005-06-10,unknown,,,,,,,,,
2005-06-13,unknown,,,,,,,,,
2005-06-14,unknown,,,,,,,,,
2005-06-15,unknown,,,,,,,,,
2005-06-16,unknown,,,,,,,,,
2005-06-17,unknown,,,,,,,,,
2005-06-20,unknown,,,,,,,,,
2005-06-21,unknown,,,,,,,,,
2005-06-22,unknown,,,,,,,,,
2005-06-23,unknown,,,,,,,,,
2005-06-24,unknown,,,,,,,,,
2005-06-27,unknown,,,,,,,,,
2005-06-28,unknown,,,,,,,,,
2005-06-29,unknown,,,,,,,,,
2005-06-30,unknown,,,,,,,,,
2005-07-01,unknown,,,,,,,,,
2005-07-05,unknown,,,,,,,,,
2005-07-06,unknown,,,,,,,,,
2005-07-07,unknown,,,,,,,,,
2005-07-08,unknown,,,,,,,,,
2005-07-11,unknown,,,,,,,,,
2005-07-12,unknown,,,,,,,,,
2005-07-13,unknown,,,,,,,,,
2005-07-14,unknown,,,,,,,,,
2005-07-15,unknown,,,,,,,,,
2005-07-18,unknown,,,,,,,,,
2005-07-19,unknown,,,,,,,,,
2005-07-20,unknown,,,,,,,,,
2005-07-21,unknown,,,,,,,,,
2005-07-22,unknown,,,,,,,,,
2005-07-25,unknown,,,,,,,,,
2005-07-26,unknown,,,,,,,,,
2005-07-27,unknown,,,,,,,,,
2005-07-28,unknown,,,,,,,,,
2005-07-29,unknown,,,,,,,,,
2005-08-01,unknown,,,,,,,,,
2005-08-02,unknown,,,,,,,,,
2005-08-03,unknown,,,,,,,,,
2005-08-04,unknown,,,,,,,,,
2005-08-05,unknown,,,,,,,,,
2005-08-08,unknown,,,,,,,,,
2005-08-09,unknown,,,,,,,,,
2005-08-10,unknown,,,,,,,,,
2005-08-11,unknown,,,,,,,,,
2005-08-12,unknown,,,,,,,,,
2005-08-15,unknown,,,,,,,,,
2005-08-16,unknown,,,,,,,,,
2005-08-17,unknown,,,,,,,,,
2005-08-18,unknown,,,,,,,,,
2005-08-19,unknown,,,,,,,,,
2005-08-22,unknown,,,,,,,,,
2005-08-23,unknown,,,,,,,,,
2005-08-24,unknown,,,,,,,,,
2005-08-25,unknown,,,,,,,,,
2005-08-26,unknown,,,,,,,,,
2005-08-29,unknown,,,,,,,,,
2005-08-30,unknown,,,,,,,,,
2005-08-31,unknown,,,,,,,,,
2005-09-01,unknown,,,,,,,,,
2005-09-02,unknown,,,,,,,,,
2005-09-06,unknown,,,,,,,,,
2005-09-07,unknown,,,,,,,,,
2005-09-08,unknown,,,,,,,,,
2005-09-09,unknown,,,,,,,,,
2005-09-12,unknown,,,,,,,,,
2005-09-13,unknown,,,,,,,,,
2005-09-14,unknown,,,,,,,,,
2005-09-15,unknown,,,,,,,,,
2005-09-16,unknown,,,,,,,,,
2005-09-19,unknown,,,,,,,,,
2005-09-20,unknown,,,,,,,,,
2005-09-21,unknown,,,,,,,,,
2005-09-22,unknown,,,,,,,,,
2005-09-23,unknown,,,,,,,,,
2005-09-26,unknown,,,,,,,,,
2005-09-27,unknown,,,,,,,,,
2005-09-28,unknown,,,,,,,,,
2005-09-29,unknown,,,,,,,,,
2005-09-30,unknown,,,,,,,,,
2005-10-03,unknown,,,,,,,,,
2005-10-04,unknown,,,,,,,,,
2005-10-05,unknown,,,,,,,,,
2005-10-06,unknown,,,,,,,,,
2005-10-07,unknown,,,,,,,,,
2005-10-10,unknown,,,,,,,,,
2005-10-11,unknown,,,,,,,,,
2005-10-12,unknown,,,,,,,,,
2005-10-13,unknown,,,,,,,,,
2005-10-14,unknown,,,,,,,,,
2005-10-17,unknown,,,,,,,,,
2005-10-18,unknown,,,,,,,,,
2005-10-19,unknown,,,,,,,,,
2005-10-20,unknown,,,,,,,,,
2005-10-21,unknown,,,,,,,,,
2005-10-24,unknown,,,,,,,,,
2005-10-25,unknown,,,,,,,,,
2005-10-26,unknown,,,,,,,,,
2005-10-27,unknown,,,,,,,,,
2005-10-28,unknown,,,,,,,,,
2005-10-31,unknown,,,,,,,,,
2005-11-01,unknown,,,,,,,,,
2005-11-02,unknown,,,,,,,,,
2005-11-03,unknown,,,,,,,,,
2005-11-04,unknown,,,,,,,,,
2005-11-07,unknown,,,,,,,,,
2005-11-08,unknown,,,,,,,,,
2005-11-09,unknown,,,,,,,,,
2005-11-10,unknown,,,,,,,,,
2005-11-11,unknown,,,,,,,,,
2005-11-14,unknown,,,,,,,,,
2005-11-15,unknown,,,,,,,,,
2005-11-16,unknown,,,,,,,,,
2005-11-17,unknown,,,,,,,,,
2005-11-18,unknown,,,,,,,,,
2005-11-21,unknown,,,,,,,,,
2005-11-22,unknown,,,,,,,,,
2005-11-23,unknown,,,,,,,,,
2005-11-25,unknown,,,,,,,,,
2005-11-28,unknown,,,,,,,,,
2005-11-29,unknown,,,,,,,,,
2005-11-30,unknown,,,,,,,,,
2005-12-01,unknown,,,,,,,,,
2005-12-02,unknown,,,,,,,,,
2005-12-05,unknown,,,,,,,,,
2005-12-06,unknown,,,,,,,,,
2005-12-07,unknown,,,,,,,,,
2005-12-08,unknown,,,,,,,,,
2005-12-09,unknown,,,,,,,,,
2005-12-12,unknown,,,,,,,,,
2005-12-13,unknown,,,,,,,,,
2005-12-14,unknown,,,,,,,,,
2005-12-15,unknown,,,,,,,,,
2005-12-16,unknown,,,,,,,,,
2005-12-19,unknown,,,,,,,,,
2005-12-20,unknown,,,,,,,,,
2005-12-21,unknown,,,,,,,,,
2005-12-22,unknown,,,,,,,,,
2005-12-23,unknown,,,,,,,,,
2005-12-27,unknown,,,,,,,,,
2005-12-28,unknown,,,,,,,,,
2005-12-29,unknown,,,,,,,,,
2005-12-30,unknown,,,,,,,,,
2006-01-03,unknown,,,,,,,,,
2006-01-04,unknown,,,,,,,,,
2006-01-05,unknown,,,,,,,,,
2006-01-06,unknown,,,,,,,,,
2006-01-09,unknown,,,,,,,,,
2006-01-10,unknown,,,,,,,,,
2006-01-11,unknown,,,,,,,,,
2006-01-12,unknown,,,,,,,,,
2006-01-13,unknown,,,,,,,,,
2006-01-17,unknown,,,,,,,,,
2006-01-18,unknown,,,,,,,,,
2006-01-19,unknown,,,,,,,,,
2006-01-20,unknown,,,,,,,,,
2006-01-23,unknown,,,,,,,,,
2006-01-24,unknown,,,,,,,,,
2006-01-25,unknown,,,,,,,,,
2006-01-26,unknown,,,,,,,,,
2006-01-27,unknown,,,,,,,,,
2006-01-30,unknown,,,,,,,,,
2006-01-31,unknown,,,,,,,,,
2006-02-01,unknown,,,,,,,,,
2006-02-02,unknown,,,,,,,,,
2006-02-03,unknown,,,,,,,,,
2006-02-06,unknown,,,,,,,,,
2006-02-07,unknown,,,,,,,,,
2006-02-08,unknown,,,,,,,,,
2006-02-09,unknown,,,,,,,,,
2006-02-10,unknown,,,,,,,,,
2006-02-13,unknown,,,,,,,,,
2006-02-14,unknown,,,,,,,,,
2006-02-15,unknown,,,,,,,,,
2006-02-16,unknown,,,,,,,,,
2006-02-17,unknown,,,,,,,,,
2006-02-21,unknown,,,,,,,,,
2006-02-22,unknown,,,,,,,,,
2006-02-23,unknown,,,,,,,,,
2006-02-24,unknown,,,,,,,,,
2006-02-27,unknown,,,,,,,,,
2006-02-28,unknown,,,,,,,,,
2006-03-01,unknown,,,,,,,,,
2006-03-02,unknown,,,,,,,,,
2006-03-03,unknown,,,,,,,,,
2006-03-06,unknown,,,,,,,,,
2006-03-07,unknown,,,,,,,,,
2006-03-08,unknown,,,,,,,,,
2006-03-09,unknown,,,,,,,,,
2006-03-10,unknown,,,,,,,,,
2006-03-13,unknown,,,,,,,,,
2006-03-14,unknown,,,,,,,,,
2006-03-15,unknown,,,,,,,,,
2006-03-16,unknown,,,,,,,,,
2006-03-17,unknown,,,,,,,,,
2006-03-20,unknown,,,,,,,,,
2006-03-21,unknown,,,,,,,,,
2006-03-22,unknown,,,,,,,,,
2006-03-23,unknown,,,,,,,,,
2006-03-24,unknown,,,,,,,,,
2006-03-27,unknown,,,,,,,,,
2006-03-28,unknown,,,,,,,,,
2006-03-29,unknown,,,,,,,,,
2006-03-30,unknown,,,,,,,,,
2006-03-31,unknown,,,,,,,,,
2006-04-03,unknown,,,,,,,,,
2006-04-04,unknown,,,,,,,,,
2006-04-05,unknown,,,,,,,,,
2006-04-06,unknown,,,,,,,,,
2006-04-07,unknown,,,,,,,,,
2006-04-10,unknown,,,,,,,,,
2006-04-11,unknown,,,,,,,,,
2006-04-12,unknown,,,,,,,,,
2006-04-13,unknown,,,,,,,,,
2006-04-17,unknown,,,,,,,,,
2006-04-18,unknown,,,,,,,,,
2006-04-19,unknown,,,,,,,,,
2006-04-20,unknown,,,,,,,,,
2006-04-21,unknown,,,,,,,,,
2006-04-24,unknown,,,,,,,,,
2006-04-25,unknown,,,,,,,,,
2006-04-26,unknown,,,,,,,,,
2006-04-27,unknown,,,,,,,,,
2006-04-28,unknown,,,,,,,,,
2006-05-01,unknown,,,,,,,,,
2006-05-02,unknown,,,,,,,,,
2006-05-03,unknown,,,,,,,,,
2006-05-04,unknown,,,,,,,,,
2006-05-05,unknown,,,,,,,,,
2006-05-08,unknown,,,,,,,,,
2006-05-09,unknown,,,,,,,,,
2006-05-10,unknown,,,,,,,,,
2006-05-11,unknown,,,,,,,,,
2006-05-12,unknown,,,,,,,,,
2006-05-15,unknown,,,,,,,,,
2006-05-16,unknown,,,,,,,,,
2006-05-17,unknown,,,,,,,,,
2006-05-18,unknown,,,,,,,,,
2006-05-19,unknown,,,,,,,,,
2006-05-22,unknown,,,,,,,,,
2006-05-23,unknown,,,,,,,,,
2006-05-24,unknown,,,,,,,,,
2006-05-25,unknown,,,,,,,,,
2006-05-26,unknown,,,,,,,,,
2006-05-30,unknown,,,,,,,,,
2006-05-31,unknown,,,,,,,,,
2006-06-01,unknown,,,,,,,,,
2006-06-02,unknown,,,,,,,,,
2006-06-05,unknown,,,,,,,,,
2006-06-06,unknown,,,,,,,,,
2006-06-07,unknown,,,,,,,,,
2006-06-08,unknown,,,,,,,,,
2006-06-09,unknown,,,,,,,,,
2006-06-12,unknown,,,,,,,,,
2006-06-13,unknown,,,,,,,,,
2006-06-14,unknown,,,,,,,,,
2006-06-15,unknown,,,,,,,,,
2006-06-16,unknown,,,,,,,,,
2006-06-19,unknown,,,,,,,,,
2006-06-20,unknown,,,,,,,,,
2006-06-21,unknown,,,,,,,,,
2006-06-22,unknown,,,,,,,,,
2006-06-23,unknown,,,,,,,,,
2006-06-26,unknown,,,,,,,,,
2006-06-27,unknown,,,,,,,,,
2006-06-28,unknown,,,,,,,,,
2006-06-29,unknown,,,,,,,,,
2006-06-30,unknown,,,,,,,,,
2006-07-03,unknown,,,,,,,,,
2006-07-05,unknown,,,,,,,,,
2006-07-06,unknown,,,,,,,,,
2006-07-07,unknown,,,,,,,,,
2006-07-10,unknown,,,,,,,,,
2006-07-11,unknown,,,,,,,,,
2006-07-12,unknown,,,,,,,,,
2006-07-13,unknown,,,,,,,,,
2006-07-14,unknown,,,,,,,,,
2006-07-17,risk_off,,,,,,,,,
2006-07-18,risk_off,,,,,,,,,
2006-07-19,risk_off,,,,,,,,,
2006-07-20,risk_off,,,,,,,,,
2006-07-21,risk_off,,,,,,,,,
2006-07-24,risk_off,,,,,,,,,
2006-07-25,risk_off,,,,,,,,,
2006-07-26,risk_off,,,,,,,,,
2006-07-27,risk_off,,,,,,,,,
2006-07-28,risk_off,,,,,,,,,
2006-07-31,risk_off,,,,,,,,,
2006-08-01,risk_off,,,,,,,,,
2006-08-02,risk_off,,,,,,,,,
2006-08-03,risk_off,,,,,,,,,
2006-08-04,risk_off,,,,,,,,,
2006-08-07,risk_off,,,,,,,,,
2006-08-08,risk_off,,,,,,,,,
2006-08-09,risk_off,,,,,,,,,
2006-08-10,risk_off,,,,,,,,,
2006-08-11,risk_off,,,,,,,,,
2006-08-14,risk_off,,,,,,,,,
2006-08-15,risk_off,,,,,,,,,
2006-08-16,risk_off,,,,,,,,,
2006-08-17,risk_off,,,,,,,,,
2006-08-18,risk_off,,,,,,,,,
2006-08-21,risk_off,,,,,,,,,
2006-08-22,risk_off,,,,,,,,,
2006-08-23,risk_off,,,,,,,,,
2006-08-24,risk_off,,,,,,,,,
2006-08-25,risk_off,,,,,,,,,
2006-08-28,risk_off,,,,,,,,,
2006-08-29,risk_off,,,,,,,,,
2006-08-30,risk_off,,,,,,,,,
2006-08-31,risk_off,,,,,,,,,
2006-09-01,risk_off,,,,,,,,,
2006-09-05,risk_off,,,,,,,,,
2006-09-06,risk_off,,,,,,,,,
2006-09-07,risk_off,,,,,,,,,
2006-09-08,risk_off,,,,,,,,,
2006-09-11,risk_off,,,,,,,,,
2006-09-12,risk_off,,,,,,,,,
2006-09-13,risk_off,,,,,,,,,
2006-09-14,risk_off,,,,,,,,,
2006-09-15,risk_off,,,,,,,,,
2006-09-18,risk_off,,,,,,,,,
2006-09-19,risk_off,,,,,,,,,
2006-09-20,risk_off,,,,,,,,,
2006-09-21,risk_off,,,,,,,,,
2006-09-22,risk_off,,,,,,,,,
2006-09-25,risk_off,,,,,,,,,
2006-09-26,risk_off,,,,,,,,,
2006-09-27,risk_off,,,,,,,,,
2006-09-28,risk_off,,,,,,,,,
2006-09-29,risk_off,,,,,,,,,
2006-10-02,risk_off,,,,,,,,,
2006-10-03,risk_off,,,,,,,,,
2006-10-04,risk_off,,,,,,,,,
2006-10-05,risk_off,,,,,,,,,
2006-10-06,risk_off,,,,,,,,,
2006-10-09,risk_off,,,,,,,,,
2006-10-10,risk_off,,,,,,,,,
2006-10-11,risk_off,,,,,,,,,
2006-10-12,risk_off,,,,,,,,,
2006-10-13,risk_off,,,,,,,,,
2006-10-16,risk_off,,,,,,,,,
2006-10-17,risk_off,,,,,,,,,
2006-10-18,risk_off,,,,,,,,,
2006-10-19,risk_off,,,,,,,,,
2006-10-20,risk_off,,,,,,,,,
2006-10-23,risk_off,,,,,,,,,
2006-10-24,risk_off,,,,,,,,,
2006-10-25,risk_off,,,,,,,,,
2006-10-26,risk_off,,,,,,,,,
2006-10-27,risk_off,,,,,,,,,
2006-10-30,risk_off,,,,,,,,,
2006-10-31,risk_off,,,,,,,,,
2006-11-01,risk_off,,,,,,,,,
2006-11-02,risk_off,,,,,,,,,
2006-11-03,risk_off,,,,,,,,,
2006-11-06,risk_off,,,,,,,,,
2006-11-07,risk_off,,,,,,,,,
2006-11-08,risk_off,,,,,,,,,
2006-11-09,risk_off,,,,,,,,,
2006-11-10,risk_off,,,,,,,,,
2006-11-13,risk_off,,,,,,,,,
2006-11-14,risk_off,,,,,,,,,
2006-11-15,risk_off,,,,,,,,,
2006-11-16,risk_off,,,,,,,,,
2006-11-17,risk_off,,,,,,,,,
2006-11-20,risk_off,,,,,,,,,
2006-11-21,risk_off,,,,,,,,,
2006-11-22,risk_off,,,,,,,,,
2006-11-24,risk_off,,,,,,,,,
2006-11-27,risk_off,,,,,,,,,
2006-11-28,risk_off,,,,,,,,,
2006-11-29,risk_off,,,,,,,,,
2006-11-30,risk_off,,,,,,,,,
2006-12-01,risk_off,,,,,,,,,
2006-12-04,risk_off,,,,,,,,,
2006-12-05,risk_off,,,,,,,,,
2006-12-06,risk_off,,,,,,,,,
2006-12-07,risk_off,,,,,,,,,
2006-12-08,risk_off,,,,,,,,,
2006-12-11,risk_off,,,,,,,,,
2006-12-12,risk_off,,,,,,,,,
2006-12-13,risk_off,,,,,,,,,
2006-12-14,risk_off,,,,,,,,,
2006-12-15,risk_off,,,,,,,,,
2006-12-18,risk_off,,,,,,,,,
2006-12-19,risk_off,,,,,,,,,
2006-12-20,risk_off,,,,,,,,,
2006-12-21,risk_off,,,,,,,,,
2006-12-22,risk_off,,,,,,,,,
2006-12-26,risk_off,,,,,,,,,
2006-12-27,risk_off,,,,,,,,,
2006-12-28,risk_off,,,,,,,,,
2006-12-29,risk_off,,,,,,,,,
2007-01-03,risk_off,,,,,,,,,
2007-01-04,risk_off,,,,,,,,,
2007-01-05,risk_off,,,,,,,,,
2007-01-08,risk_off,,,,,,,,,
2007-01-09,risk_off,,,,,,,,,
2007-01-10,risk_off,,,,,,,,,
2007-01-11,risk_off,,,,,,,,,
2007-01-12,risk_off,,,,,,,,,
2007-01-16,risk_off,,,,,,,,,
2007-01-17,risk_off,,,,,,,,,
2007-01-18,risk_off,,,,,,,,,
2007-01-19,risk_off,,,,,,,,,
2007-01-22,risk_off,,,,,,,,,
2007-01-23,risk_off,,,,,,,,,
2007-01-24,risk_off,,,,,,,,,
2007-01-25,risk_off,,,,,,,,,
2007-01-26,risk_off,,,,,,,,,
2007-01-29,risk_off,,,,,,,,,
2007-01-30,risk_off,,,,,,,,,
2007-01-31,risk_off,,,,,,,,,
2007-02-01,risk_off,,,,,,,,,
2007-02-02,risk_off,,,,,,,,,
2007-02-05,risk_off,,,,,,,,,
2007-02-06,risk_off,,,,,,,,,
2007-02-07,risk_off,,,,,,,,,
2007-02-08,risk_off,,,,,,,,,
2007-02-09,risk_off,,,,,,,,,
2007-02-12,risk_off,,,,,,,,,
2007-02-13,risk_off,,,,,,,,,
2007-02-14,risk_off,,,,,,,,,
2007-02-15,risk_off,,,,,,,,,
2007-02-16,risk_off,,,,,,,,,
2007-02-20,risk_off,,,,,,,,,
2007-02-21,risk_off,,,,,,,,,
2007-02-22,risk_off,,,,,,,,,
2007-02-23,risk_off,,,,,,,,,
2007-02-26,risk_off,,,,,,,,,
2007-02-27,risk_off,,,,,,,,,
2007-02-28,risk_off,,,,,,,,,
2007-03-01,risk_off,,,,,,,,,
2007-03-02,risk_off,,,,,,,,,
2007-03-05,risk_off,,,,,,,,,
2007-03-06,risk_off,,,,,,,,,
2007-03-07,risk_off,,,,,,,,,
2007-03-08,risk_off,,,,,,,,,
2007-03-09,risk_off,,,,,,,,,
2007-03-12,risk_off,,,,,,,,,
2007-03-13,risk_off,,,,,,,,,
2007-03-14,risk_off,,,,,,,,,
2007-03-15,risk_off,,,,,,,,,
2007-03-16,risk_off,,,,,,,,,
2007-03-19,risk_off,,,,,,,,,
2007-03-20,risk_off,,,,,,,,,
2007-03-21,risk_off,,,,,,,,,
2007-03-22,risk_off,,,,,,,,,
2007-03-23,risk_off,,,,,,,,,
2007-03-26,risk_off,,,,,,,,,
2007-03-27,risk_off,,,,,,,,,
2007-03-28,risk_off,,,,,,,,,
2007-03-29,risk_off,,,,,,,,,
2007-03-30,risk_off,,,,,,,,,
2007-04-02,risk_off,,,,,,,,,
2007-04-03,risk_off,,,,,,,,,
2007-04-04,risk_off,,,,,,,,,
2007-04-05,risk_off,,,,,,,,,
2007-04-09,risk_off,,,,,,,,,
2007-04-10,risk_off,,,,,,,,,
2007-04-11,risk_off,,,,,,,,,
2007-04-12,risk_off,,,,,,,,,
2007-04-13,risk_off,,,,,,,,,
2007-04-16,risk_off,,,,,,,,,
2007-04-17,risk_off,,,,,,,,,
2007-04-18,risk_off,,,,,,,,,
2007-04-19,risk_off,,,,,,,,,
2007-04-20,risk_off,,,,,,,,,
2007-04-23,risk_off,,,,,,,,,
2007-04-24,risk_off,,,,,,,,,
2007-04-25,risk_off,,,,,,,,,
2007-04-26,risk_off,,,,,,,,,
2007-04-27,risk_off,,,,,,,,,
2007-04-30,risk_off,,,,,,,,,
2007-05-01,risk_off,,,,,,,,,
2007-05-02,risk_off,,,,,,,,,
2007-05-03,risk_off,,,,,,,,,
2007-05-04,risk_off,,,,,,,,,
2007-05-07,risk_off,,,,,,,,,
2007-05-08,risk_off,,,,,,,,,
2007-05-09,risk_off,,,,,,,,,
2007-05-10,risk_off,,,,,,,,,
2007-05-11,risk_off,,,,,,,,,
2007-05-14,risk_off,,,,,,,,,
2007-05-15,risk_off,,,,,,,,,
2007-05-16,risk_off,,,,,,,,,
2007-05-17,risk_off,,,,,,,,,
2007-05-18,risk_off,,,,,,,,,
2007-05-21,risk_off,,,,,,,,,
2007-05-22,risk_off,,,,,,,,,
2007-05-23,risk_off,,,,,,,,,
2007-05-24,risk_off,,,,,,,,,
2007-05-25,risk_off,,,,,,,,,
2007-05-29,risk_off,,,,,,,,,
2007-05-30,risk_off,,,,,,,,,
2007-05-31,risk_off,,,,,,,,,
2007-06-01,risk_off,,,,,,,,,
2007-06-04,risk_off,,,,,,,,,
2007-06-05,risk_off,,,,,,,,,
2007-06-06,risk_off,,,,,,,,,
2007-06-07,risk_off,,,,,,,,,
2007-06-08,risk_off,,,,,,,,,
2007-06-11,risk_off,,,,,,,,,
2007-06-12,risk_off,,,,,,,,,
2007-06-13,risk_off,,,,,,,,,
2007-06-14,risk_off,,,,,,,,,
2007-06-15,risk_off,,,,,,,,,
2007-06-18,risk_off,,,,,,,,,
2007-06-19,risk_off,,,,,,,,,
2007-06-20,risk_off,,,,,,,,,
2007-06-21,risk_off,,,,,,,,,
2007-06-22,risk_off,,,,,,,,,
2007-06-25,risk_off,,,,,,,,,
2007-06-26,risk_off,,,,,,,,,
2007-06-27,risk_off,,,,,,,,,
2007-06-28,risk_off,,,,,,,,,
2007-06-29,risk_off,,,,,,,,,
2007-07-02,risk_off,,,,,,,,,
2007-07-03,risk_off,,,,,,,,,
2007-07-05,risk_off,,,,,,,,,
2007-07-06,risk_off,,,,,,,,,
2007-07-09,risk_off,,,,,,,,,
2007-07-10,risk_off,,,,,,,,,
2007-07-11,risk_off,,,,,,,,,
2007-07-12,risk_off,,,,,,,,,
2007-07-13,risk_off,,,,,,,,,
2007-07-16,risk_off,,,,,,,,,
2007-07-17,risk_off,,,,,,,,,
2007-07-18,risk_off,,,,,,,,,
2007-07-19,risk_off,,,,,,,,,
2007-07-20,risk_off,,,,,,,,,
2007-07-23,risk_off,,,,,,,,,
2007-07-24,risk_off,,,,,,,,,
2007-07-25,risk_off,,,,,,,,,
2007-07-26,risk_off,,,,,,,,,
2007-07-27,risk_off,,,,,,,,,
2007-07-30,risk_off,,,,,,,,,
2007-07-31,risk_off,,,,,,,,,
2007-08-01,risk_off,,,,,,,,,
2007-08-02,risk_off,,,,,,,,,
2007-08-03,risk_off,,,,,,,,,
2007-08-06,risk_off,,,,,,,,,
2007-08-07,risk_off,,,,,,,,,
2007-08-08,risk_off,,,,,,,,,
2007-08-09,risk_off,,,,,,,,,
2007-08-10,risk_off,,,,,,,,,
2007-08-13,risk_off,,,,,,,,,
2007-08-14,risk_off,,,,,,,,,
2007-08-15,risk_off,,,,,,,,,
2007-08-16,risk_off,,,,,,,,,
2007-08-17,risk_off,,,,,,,,,
2007-08-20,risk_off,,,,,,,,,
2007-08-21,risk_off,,,,,,,,,
2007-08-22,risk_off,,,,,,,,,
2007-08-23,risk_off,,,,,,,,,
2007-08-24,risk_off,,,,,,,,,
2007-08-27,risk_off,,,,,,,,,
2007-08-28,risk_off,,,,,,,,,
2007-08-29,risk_off,,,,,,,,,
2007-08-30,risk_off,,,,,,,,,
2007-08-31,risk_off,,,,,,,,,
2007-09-04,risk_off,,,,,,,,,
2007-09-05,risk_off,,,,,,,,,
2007-09-06,risk_off,,,,,,,,,
2007-09-07,risk_off,,,,,,,,,
2007-09-10,risk_off,,,,,,,,,
2007-09-11,risk_off,,,,,,,,,
2007-09-12,risk_off,,,,,,,,,
2007-09-13,risk_off,,,,,,,,,
2007-09-14,risk_off,,,,,,,,,
2007-09-17,risk_off,,,,,,,,,
2007-09-18,risk_off,,,,,,,,,
2007-09-19,risk_off,,,,,,,,,
2007-09-20,risk_off,,,,,,,,,
2007-09-21,risk_off,,,,,,,,,
2007-09-24,risk_off,,,,,,,,,
2007-09-25,risk_off,,,,,,,,,
2007-09-26,risk_off,,,,,,,,,
2007-09-27,risk_off,,,,,,,,,
2007-09-28,risk_off,,,,,,,,,
2007-10-01,risk_off,,,,,,,,,
2007-10-02,risk_off,,,,,,,,,
2007-10-03,risk_off,,,,,,,,,
2007-10-04,risk_off,,,,,,,,,
2007-10-05,risk_off,,,,,,,,,
2007-10-08,risk_off,,,,,,,,,
2007-10-09,risk_off,,,,,,,,,
2007-10-10,risk_off,,,,,,,,,
2007-10-11,risk_off,,,,,,,,,
2007-10-12,risk_off,,,,,,,,,
2007-10-15,risk_off,,,,,,,,,
2007-10-16,risk_off,,,,,,,,,
2007-10-17,risk_off,,,,,,,,,
2007-10-18,risk_off,,,,,,,,,
2007-10-19,risk_off,,,,,,,,,
2007-10-22,risk_off,,,,,,,,,
2007-10-23,risk_off,,,,,,,,,
2007-10-24,risk_off,,,,,,,,,
2007-10-25,risk_off,,,,,,,,,
2007-10-26,risk_off,,,,,,,,,
2007-10-29,risk_off,,,,,,,,,
2007-10-30,risk_off,,,,,,,,,
2007-10-31,risk_off,,,,,,,,,
2007-11-01,risk_off,,,,,,,,,
2007-11-02,risk_off,,,,,,,,,
2007-11-05,risk_off,,,,,,,,,
2007-11-06,risk_off,,,,,,,,,
2007-11-07,risk_off,,,,,,,,,
2007-11-08,risk_off,,,,,,,,,
2007-11-09,risk_off,,,,,,,,,
2007-11-12,risk_off,,,,,,,,,
2007-11-13,risk_off,,,,,,,,,
2007-11-14,risk_off,,,,,,,,,
2007-11-15,risk_off,,,,,,,,,
2007-11-16,risk_off,,,,,,,,,
2007-11-19,risk_off,,,,,,,,,
2007-11-20,risk_off,,,,,,,,,
2007-11-21,risk_off,,,,,,,,,
2007-11-23,risk_off,,,,,,,,,
2007-11-26,risk_off,,,,,,,,,
2007-11-27,risk_off,,,,,,,,,
2007-11-28,risk_off,,,,,,,,,
2007-11-29,risk_off,,,,,,,,,
2007-11-30,risk_off,,,,,,,,,
2007-12-03,risk_off,,,,,,,,,
2007-12-04,risk_off,,,,,,,,,
2007-12-05,risk_off,,,,,,,,,
2007-12-06,risk_off,,,,,,,,,
2007-12-07,risk_off,,,,,,,,,
2007-12-10,risk_off,,,,,,,,,
2007-12-11,risk_off,,,,,,,,,
2007-12-12,risk_off,,,,,,,,,
2007-12-13,risk_off,,,,,,,,,
2007-12-14,risk_off,,,,,,,,,
2007-12-17,risk_off,,,,,,,,,
2007-12-18,risk_off,,,,,,,,,
2007-12-19,risk_off,,,,,,,,,
2007-12-20,risk_off,,,,,,,,,
2007-12-21,risk_off,,,,,,,,,
2007-12-24,risk_off,,,,,,,,,
2007-12-26,risk_off,,,,,,,,,
2007-12-27,risk_off,,,,,,,,,
2007-12-28,risk_off,,,,,,,,,
2007-12-31,risk_off,,,,,,,,,
2008-01-02,risk_off,,,,,,,,,
2008-01-03,risk_off,,,,,,,,,
2008-01-04,risk_off,,,,,,,,,
2008-01-07,risk_off,,,,,,,,,
2008-01-08,risk_off,,,,,,,,,
2008-01-09,risk_off,,,,,,,,,
2008-01-10,risk_off,,,,,,,,,
2008-01-11,risk_off,,,,,,,,,
2008-01-14,risk_off,,,,,,,,,
2008-01-15,risk_off,,,,,,,,,
2008-01-16,risk_off,,,,,,,,,
2008-01-17,risk_off,,,,,,,,,
2008-01-18,risk_off,,,,,,,,,
2008-01-22,risk_off,,,,,,,,,
2008-01-23,risk_off,,,,,,,,,
2008-01-24,risk_off,,,,,,,,,
2008-01-25,risk_off,,,,,,,,,
2008-01-28,risk_off,,,,,,,,,
2008-01-29,risk_off,,,,,,,,,
2008-01-30,risk_off,,,,,,,,,
2008-01-31,risk_off,,,,,,,,,
2008-02-01,risk_off,,,,,,,,,
2008-02-04,risk_off,,,,,,,,,
2008-02-05,risk_off,,,,,,,,,
2008-02-06,risk_off,,,,,,,,,
2008-02-07,risk_off,,,,,,,,,
2008-02-08,risk_off,,,,,,,,,
2008-02-11,risk_off,,,,,,,,,
2008-02-12,risk_off,,,,,,,,,
2008-02-13,risk_off,,,,,,,,,
2008-02-14,risk_off,,,,,,,,,
2008-02-15,risk_off,,,,,,,,,
2008-02-19,risk_off,,,,,,,,,
2008-02-20,risk_off,,,,,,,,,
2008-02-21,risk_off,,,,,,,,,
2008-02-22,risk_off,,,,,,,,,
2008-02-25,risk_off,,,,,,,,,
2008-02-26,risk_off,,,,,,,,,
2008-02-27,risk_off,,,,,,,,,
2008-02-28,risk_off,,,,,,,,,
2008-02-29,risk_off,,,,,,,,,
2008-03-03,risk_off,,,,,,,,,
2008-03-04,risk_off,,,,,,,,,
2008-03-05,risk_off,,,,,,,,,
2008-03-06,risk_off,,,,,,,,,
2008-03-07,risk_off,,,,,,,,,
2008-03-10,risk_off,,,,,,,,,
2008-03-11,risk_off,,,,,,,,,
2008-03-12,risk_off,,,,,,,,,
2008-03-13,risk_off,,,,,,,,,
2008-03-14,risk_off,,,,,,,,,
2008-03-17,risk_off,,,,,,,,,
2008-03-18,risk_off,,,,,,,,,
2008-03-19,risk_off,,,,,,,,,
2008-03-20,risk_off,,,,,,,,,
2008-03-24,risk_off,,,,,,,,,
2008-03-25,risk_off,,,,,,,,,
2008-03-26,risk_off,,,,,,,,,
2008-03-27,risk_off,,,,,,,,,
2008-03-28,risk_off,,,,,,,,,
2008-03-31,risk_off,,,,,,,,,
2008-04-01,risk_off,,,,,,,,,
2008-04-02,risk_off,,,,,,,,,
2008-04-03,risk_off,,,,,,,,,
2008-04-04,risk_off,,,,,,,,,
2008-04-07,risk_off,,,,,,,,,
2008-04-08,risk_off,,,,,,,,,
2008-04-09,risk_off,,,,,,,,,
2008-04-10,risk_off,,,,,,,,,
2008-04-11,risk_off,,,,,,,,,
2008-04-14,risk_off,,,,,,,,,
2008-04-15,risk_off,,,,,,,,,
2008-04-16,risk_off,,,,,,,,,
2008-04-17,risk_off,,,,,,,,,
2008-04-18,risk_off,,,,,,,,,
2008-04-21,risk_off,,,,,,,,,
2008-04-22,risk_off,,,,,,,,,
2008-04-23,risk_off,,,,,,,,,
2008-04-24,risk_off,,,,,,,,,
2008-04-25,risk_off,,,,,,,,,
2008-04-28,risk_off,,,,,,,,,
2008-04-29,risk_off,,,,,,,,,
2008-04-30,risk_off,,,,,,,,,
2008-05-01,risk_off,,,,,,,,,
2008-05-02,risk_off,,,,,,,,,
2008-05-05,risk_off,,,,,,,,,
2008-05-06,risk_off,,,,,,,,,
2008-05-07,risk_off,,,,,,,,,
2008-05-08,risk_off,,,,,,,,,
2008-05-09,risk_off,,,,,,,,,
2008-05-12,risk_off,,,,,,,,,
2008-05-13,risk_off,,,,,,,,,
2008-05-14,risk_off,,,,,,,,,
2008-05-15,risk_off,,,,,,,,,
2008-05-16,risk_off,,,,,,,,,
2008-05-19,risk_off,,,,,,,,,
2008-05-20,risk_off,,,,,,,,,
2008-05-21,risk_off,,,,,,,,,
2008-05-22,risk_off,,,,,,,,,
2008-05-23,risk_off,,,,,,,,,
2008-05-27,risk_off,,,,,,,,,
2008-05-28,risk_off,,,,,,,,,
2008-05-29,risk_off,,,,,,,,,
2008-05-30,risk_off,,,,,,,,,
2008-06-02,risk_off,,,,,,,,,
2008-06-03,risk_off,,,,,,,,,
2008-06-04,risk_off,,,,,,,,,
2008-06-05,risk_off,,,,,,,,,
2008-06-06,risk_off,,,,,,,,,
2008-06-09,risk_off,,,,,,,,,
2008-06-10,risk_off,,,,,,,,,
2008-06-11,risk_off,,,,,,,,,
2008-06-12,risk_off,,,,,,,,,
2008-06-13,risk_off,,,,,,,,,
2008-06-16,risk_off,,,,,,,,,
2008-06-17,risk_off,,,,,,,,,
2008-06-18,risk_off,,,,,,,,,
2008-06-19,risk_off,,,,,,,,,
2008-06-20,risk_off,,,,,,,,,
2008-06-23,risk_off,,,,,,,,,
2008-06-24,risk_off,,,,,,,,,
2008-06-25,risk_off,,,,,,,,,
2008-06-26,risk_off,,,,,,,,,
2008-06-27,risk_off,,,,,,,,,
2008-06-30,risk_off,,,,,,,,,
2008-07-01,risk_off,,,,,,,,,
2008-07-02,risk_off,,,,,,,,,
2008-07-03,risk_off,,,,,,,,,
2008-07-07,risk_off,,,,,,,,,
2008-07-08,risk_off,,,,,,,,,
2008-07-09,risk_off,,,,,,,,,
2008-07-10,risk_off,,,,,,,,,
2008-07-11,risk_off,,,,,,,,,
2008-07-14,risk_off,,,,,,,,,
2008-07-15,risk_off,,,,,,,,,
2008-07-16,risk_off,,,,,,,,,
2008-07-17,risk_off,,,,,,,,,
2008-07-18,risk_off,,,,,,,,,
2008-07-21,risk_off,,,,,,,,,
2008-07-22,risk_off,,,,,,,,,
2008-07-23,risk_off,,,,,,,,,
2008-07-24,risk_off,,,,,,,,,
2008-07-25,risk_off,,,,,,,,,
2008-07-28,risk_off,,,,,,,,,
2008-07-29,risk_off,,,,,,,,,
2008-07-30,risk_off,,,,,,,,,
2008-07-31,risk_off,,,,,,,,,
2008-08-01,risk_off,,,,,,,,,
2008-08-04,risk_off,,,,,,,,,
2008-08-05,risk_off,,,,,,,,,
2008-08-06,risk_off,,,,,,,,,
2008-08-07,risk_off,,,,,,,,,
2008-08-08,risk_off,,,,,,,,,
2008-08-11,risk_off,,,,,,,,,
2008-08-12,risk_off,,,,,,,,,
2008-08-13,risk_off,,,,,,,,,
2008-08-14,risk_off,,,,,,,,,
2008-08-15,risk_off,,,,,,,,,
2008-08-18,risk_off,,,,,,,,,
2008-08-19,risk_off,,,,,,,,,
2008-08-20,risk_off,,,,,,,,,
2008-08-21,risk_off,,,,,,,,,
2008-08-22,risk_off,,,,,,,,,
2008-08-25,risk_off,,,,,,,,,
2008-08-26,risk_off,,,,,,,,,
2008-08-27,risk_off,,,,,,,,,
2008-08-28,risk_off,,,,,,,,,
2008-08-29,risk_off,,,,,,,,,
2008-09-02,risk_off,,,,,,,,,
2008-09-03,risk_off,,,,,,,,,
2008-09-04,risk_off,,,,,,,,,
2008-09-05,risk_off,,,,,,,,,
2008-09-08,risk_off,,,,,,,,,
2008-09-09,risk_off,,,,,,,,,
2008-09-10,risk_off,,,,,,,,,
2008-09-11,risk_off,,,,,,,,,
2008-09-12,risk_off,,,,,,,,,
2008-09-15,risk_off,,,,,,,,,
2008-09-16,risk_off,,,,,,,,,
2008-09-17,risk_off,,,,,,,,,
2008-09-18,risk_off,,,,,,,,,
2008-09-19,risk_off,,,,,,,,,
2008-09-22,risk_off,,,,,,,,,
2008-09-23,risk_off,,,,,,,,,
2008-09-24,risk_off,,,,,,,,,
2008-09-25,risk_off,,,,,,,,,
2008-09-26,risk_off,,,,,,,,,
2008-09-29,risk_off,,,,,,,,,
2008-09-30,risk_off,,,,,,,,,
2008-10-01,risk_off,,,,,,,,,
2008-10-02,risk_off,,,,,,,,,
2008-10-03,risk_off,,,,,,,,,
2008-10-06,risk_off,,,,,,,,,
2008-10-07,risk_off,,,,,,,,,
2008-10-08,risk_off,,,,,,,,,
2008-10-09,risk_off,,,,,,,,,
2008-10-10,risk_off,,,,,,,,,
2008-10-13,risk_off,,,,,,,,,
2008-10-14,risk_off,,,,,,,,,
2008-10-15,risk_off,,,,,,,,,
2008-10-16,risk_off,,,,,,,,,
2008-10-17,risk_off,,,,,,,,,
2008-10-20,risk_off,,,,,,,,,
2008-10-21,risk_off,,,,,,,,,
2008-10-22,risk_off,,,,,,,,,
2008-10-23,risk_off,,,,,,,,,
2008-10-24,risk_off,,,,,,,,,
2008-10-27,risk_off,,,,,,,,,
2008-10-28,risk_off,,,,,,,,,
2008-10-29,risk_off,,,,,,,,,
2008-10-30,risk_off,,,,,,,,,
2008-10-31,risk_off,,,,,,,,,
2008-11-03,risk_off,,,,,,,,,
2008-11-04,risk_off,,,,,,,,,
2008-11-05,risk_off,,,,,,,,,
2008-11-06,risk_off,,,,,,,,,
2008-11-07,risk_off,,,,,,,,,
2008-11-10,risk_off,,,,,,,,,
2008-11-11,risk_off,,,,,,,,,
2008-11-12,risk_off,,,,,,,,,
2008-11-13,risk_off,,,,,,,,,
2008-11-14,risk_off,,,,,,,,,
2008-11-17,risk_off,,,,,,,,,
2008-11-18,risk_off,,,,,,,,,
2008-11-19,risk_off,,,,,,,,,
2008-11-20,risk_off,,,,,,,,,
2008-11-21,risk_off,,,,,,,,,
2008-11-24,risk_off,,,,,,,,,
2008-11-25,risk_off,,,,,,,,,
2008-11-26,risk_off,,,,,,,,,
2008-11-28,risk_off,,,,,,,,,
2008-12-01,risk_off,,,,,,,,,
2008-12-02,risk_off,,,,,,,,,
2008-12-03,risk_off,,,,,,,,,
2008-12-04,risk_off,,,,,,,,,
2008-12-05,risk_off,,,,,,,,,
2008-12-08,risk_off,,,,,,,,,
2008-12-09,risk_off,,,,,,,,,
2008-12-10,risk_off,,,,,,,,,
2008-12-11,risk_off,,,,,,,,,
2008-12-12,risk_off,,,,,,,,,
2008-12-15,risk_off,,,,,,,,,
2008-12-16,risk_off,,,,,,,,,
2008-12-17,risk_off,,,,,,,,,
2008-12-18,risk_off,,,,,,,,,
2008-12-19,risk_off,,,,,,,,,
2008-12-22,risk_off,,,,,,,,,
2008-12-23,risk_off,,,,,,,,,
2008-12-24,risk_off,,,,,,,,,
2008-12-26,risk_off,,,,,,,,,
2008-12-29,risk_off,,,,,,,,,
2008-12-30,risk_off,,,,,,,,,
2008-12-31,risk_off,,,,,,,,,
2009-01-02,risk_off,,,,,,,,,
2009-01-05,risk_off,,,,,,,,,
2009-01-06,risk_off,,,,,,,,,
2009-01-07,risk_off,,,,,,,,,
2009-01-08,risk_off,,,,,,,,,
2009-01-09,risk_off,,,,,,,,,
2009-01-12,risk_off,,,,,,,,,
2009-01-13,risk_off,,,,,,,,,
2009-01-14,risk_off,,,,,,,,,
2009-01-15,risk_off,,,,,,,,,
2009-01-16,risk_off,,,,,,,,,
2009-01-20,risk_off,,,,,,,,,
2009-01-21,risk_off,,,,,,,,,
2009-01-22,risk_off,,,,,,,,,
2009-01-23,risk_off,,,,,,,,,
2009-01-26,risk_off,,,,,,,,,
2009-01-27,risk_off,,,,,,,,,
2009-01-28,risk_off,,,,,,,,,
2009-01-29,risk_off,,,,,,,,,
2009-01-30,risk_off,,,,,,,,,
2009-02-02,risk_off,,,,,,,,,
2009-02-03,risk_off,,,,,,,,,
2009-02-04,risk_off,,,,,,,,,
2009-02-05,risk_off,,,,,,,,,
2009-02-06,risk_off,,,,,,,,,
2009-02-09,risk_off,,,,,,,,,
2009-02-10,risk_off,,,,,,,,,
2009-02-11,risk_off,,,,,,,,,
2009-02-12,risk_off,,,,,,,,,
2009-02-13,risk_off,,,,,,,,,
2009-02-17,risk_off,,,,,,,,,
2009-02-18,risk_off,,,,,,,,,
2009-02-19,risk_off,,,,,,,,,
2009-02-20,risk_off,,,,,,,,,
2009-02-23,risk_off,,,,,,,,,
2009-02-24,risk_off,,,,,,,,,
2009-02-25,risk_off,,,,,,,,,
2009-02-26,risk_off,,,,,,,,,
2009-02-27,risk_off,,,,,,,,,
2009-03-02,risk_off,,,,,,,,,
2009-03-03,risk_off,,,,,,,,,
2009-03-04,risk_off,,,,,,,,,
2009-03-05,risk_off,,,,,,,,,
2009-03-06,risk_off,,,,,,,,,
2009-03-09,risk_off,,,,,,,,,
2009-03-10,risk_off,,,,,,,,,
2009-03-11,risk_off,,,,,,,,,
2009-03-12,risk_off,,,,,,,,,
2009-03-13,risk_off,,,,,,,,,
2009-03-16,risk_off,,,,,,,,,
2009-03-17,risk_off,,,,,,,,,
2009-03-18,risk_off,,,,,,,,,
2009-03-19,risk_off,,,,,,,,,
2009-03-20,risk_off,,,,,,,,,
2009-03-23,risk_off,,,,,,,,,
2009-03-24,risk_off,,,,,,,,,
2009-03-25,risk_off,,,,,,,,,
2009-03-26,risk_off,,,,,,,,,
2009-03-27,risk_off,,,,,,,,,
2009-03-30,risk_off,,,,,,,,,
2009-03-31,risk_off,,,,,,,,,
2009-04-01,risk_off,,,,,,,,,
2009-04-02,risk_off,,,,,,,,,
2009-04-03,risk_off,,,,,,,,,
2009-04-06,risk_off,,,,,,,,,
2009-04-07,risk_off,,,,,,,,,
2009-04-08,risk_off,,,,,,,,,
2009-04-09,risk_off,,,,,,,,,
2009-04-13,risk_off,,,,,,,,,
2009-04-14,risk_off,,,,,,,,,
2009-04-15,risk_off,,,,,,,,,
2009-04-16,risk_off,,,,,,,,,
2009-04-17,risk_off,,,,,,,,,
2009-04-20,risk_off,,,,,,,,,
2009-04-21,risk_off,,,,,,,,,
2009-04-22,risk_off,,,,,,,,,
2009-04-23,risk_off,,,,,,,,,
2009-04-24,risk_off,,,,,,,,,
2009-04-27,risk_off,,,,,,,,,
2009-04-28,risk_off,,,,,,,,,
2009-04-29,risk_off,,,,,,,,,
2009-04-30,risk_off,,,,,,,,,
2009-05-01,risk_off,,,,,,,,,
2009-05-04,risk_off,,,,,,,,,
2009-05-05,risk_off,,,,,,,,,
2009-05-06,risk_off,,,,,,,,,
2009-05-07,risk_off,,,,,,,,,
2009-05-08,risk_off,,,,,,,,,
2009-05-11,risk_off,,,,,,,,,
2009-05-12,risk_off,,,,,,,,,
2009-05-13,risk_off,,,,,,,,,
2009-05-14,risk_off,,,,,,,,,
2009-05-15,risk_off,,,,,,,,,
2009-05-18,risk_off,,,,,,,,,
2009-05-19,risk_off,,,,,,,,,
2009-05-20,risk_off,,,,,,,,,
2009-05-21,risk_off,,,,,,,,,
2009-05-22,risk_off,,,,,,,,,
2009-05-26,risk_off,,,,,,,,,
2009-05-27,risk_off,,,,,,,,,
2009-05-28,risk_off,,,,,,,,,
2009-05-29,risk_off,,,,,,,,,
2009-06-01,risk_off,,,,,,,,,
2009-06-02,risk_off,,,,,,,,,
2009-06-03,risk_off,,,,,,,,,
2009-06-04,risk_off,,,,,,,,,
2009-06-05,risk_off,,,,,,,,,
2009-06-08,risk_off,,,,,,,,,
2009-06-09,risk_off,,,,,,,,,
2009-06-10,risk_off,,,,,,,,,
2009-06-11,risk_off,,,,,,,,,
2009-06-12,risk_off,,,,,,,,,
2009-06-15,risk_off,,,,,,,,,
2009-06-16,risk_off,,,,,,,,,
2009-06-17,risk_off,,,,,,,,,
2009-06-18,risk_off,,,,,,,,,
2009-06-19,risk_off,,,,,,,,,
2009-06-22,risk_off,,,,,,,,,
2009-06-23,risk_off,,,,,,,,,
2009-06-24,risk_off,,,,,,,,,
2009-06-25,risk_off,,,,,,,,,
2009-06-26,risk_off,,,,,,,,,
2009-06-29,risk_off,,,,,,,,,
2009-06-30,risk_off,,,,,,,,,
2009-07-01,risk_off,,,,,,,,,
2009-07-02,risk_off,,,,,,,,,
2009-07-06,risk_off,,,,,,,,,
2009-07-07,risk_off,,,,,,,,,
2009-07-08,risk_off,,,,,,,,,
2009-07-09,risk_off,,,,,,,,,
2009-07-10,risk_off,,,,,,,,,
2009-07-13,risk_off,,,,,,,,,
2009-07-14,risk_off,,,,,,,,,
2009-07-15,risk_off,,,,,,,,,
2009-07-16,risk_off,,,,,,,,,
2009-07-17,risk_off,,,,,,,,,
2009-07-20,risk_off,,,,,,,,,
2009-07-21,risk_off,,,,,,,,,
2009-07-22,risk_off,,,,,,,,,
2009-07-23,risk_off,,,,,,,,,
2009-07-24,risk_off,,,,,,,,,
2009-07-27,risk_off,,,,,,,,,
2009-07-28,risk_off,,,,,,,,,
2009-07-29,risk_off,,,,,,,,,
2009-07-30,risk_off,,,,,,,,,
2009-07-31,risk_off,,,,,,,,,
2009-08-03,risk_off,risk_on,0.0,0.0,1.0,2009-08-03,2006-07-17,2009-07-31,767.0,
2009-08-04,risk_off,risk_on,0.0,0.0,1.0,2009-08-03,2006-07-17,2009-07-31,767.0,risk_on
2009-08-05,risk_off,risk_on,0.0,0.0,1.0,2009-08-03,2006-07-17,2009-07-31,767.0,risk_on
2009-08-06,risk_off,risk_on,0.0,0.0,1.0,2009-08-03,2006-07-17,2009-07-31,767.0,risk_on
2009-08-07,risk_off,risk_on,0.0,0.0,1.0,2009-08-03,2006-07-17,2009-07-31,767.0,risk_on
2009-08-10,risk_off,risk_on,0.0,0.0,1.0,2009-08-03,2006-07-17,2009-07-31,767.0,risk_on
2009-08-11,risk_off,risk_on,0.0,0.0,1.0,2009-08-03,2006-07-17,2009-07-31,767.0,risk_on
2009-08-12,risk_off,risk_on,0.0,0.0,1.0,2009-08-03,2006-07-17,2009-07-31,767.0,risk_on
2009-08-13,risk_off,risk_on,0.0,0.0,1.0,2009-08-03,2006-07-17,2009-07-31,767.0,risk_on
2009-08-14,risk_off,risk_on,0.0,0.0,1.0,2009-08-03,2006-07-17,2009-07-31,767.0,risk_on
2009-08-17,risk_off,risk_on,0.0,0.0,1.0,2009-08-03,2006-07-17,2009-07-31,767.0,risk_on
2009-08-18,risk_off,risk_on,0.0,0.0,1.0,2009-08-03,2006-07-17,2009-07-31,767.0,risk_on
2009-08-19,risk_off,risk_on,0.0,0.0,1.0,2009-08-03,2006-07-17,2009-07-31,767.0,risk_on
2009-08-20,risk_off,risk_on,0.0,0.0,1.0,2009-08-03,2006-07-17,2009-07-31,767.0,risk_on
2009-08-21,risk_off,risk_on,0.0,0.0,1.0,2009-08-03,2006-07-17,2009-07-31,767.0,risk_on
2009-08-24,risk_off,risk_on,0.0,0.0,1.0,2009-08-03,2006-07-17,2009-07-31,767.0,risk_on
2009-08-25,risk_off,risk_on,0.0,0.0,1.0,2009-08-03,2006-07-17,2009-07-31,767.0,risk_on
2009-08-26,risk_off,risk_on,0.0,0.0,1.0,2009-08-03,2006-07-17,2009-07-31,767.0,risk_on
2009-08-27,risk_off,risk_on,0.0,0.0,1.0,2009-08-03,2006-07-17,2009-07-31,767.0,risk_on
2009-08-28,risk_off,risk_on,0.0,0.0,1.0,2009-08-03,2006-07-17,2009-07-31,767.0,risk_on
2009-08-31,risk_off,risk_on,0.0,0.0,1.0,2009-08-03,2006-07-17,2009-07-31,767.0,risk_on
2009-09-01,risk_off,risk_on,0.0,0.0,1.0,2009-09-01,2006-07-17,2009-08-31,788.0,risk_on
2009-09-02,risk_off,risk_on,0.0,0.0,1.0,2009-09-01,2006-07-17,2009-08-31,788.0,risk_on
2009-09-03,risk_off,risk_on,0.0,0.0,1.0,2009-09-01,2006-07-17,2009-08-31,788.0,risk_on
2009-09-04,risk_off,risk_on,0.0,0.0,1.0,2009-09-01,2006-07-17,2009-08-31,788.0,risk_on
2009-09-08,risk_off,risk_on,0.0,0.0,1.0,2009-09-01,2006-07-17,2009-08-31,788.0,risk_on
2009-09-09,risk_off,risk_on,0.0,0.0,1.0,2009-09-01,2006-07-17,2009-08-31,788.0,risk_on
2009-09-10,risk_off,risk_on,0.0,0.0,1.0,2009-09-01,2006-07-17,2009-08-31,788.0,risk_on
2009-09-11,risk_off,risk_on,0.0,0.0,1.0,2009-09-01,2006-07-17,2009-08-31,788.0,risk_on
2009-09-14,risk_off,risk_on,0.0,0.0,1.0,2009-09-01,2006-07-17,2009-08-31,788.0,risk_on
2009-09-15,risk_off,risk_on,0.0,0.0,1.0,2009-09-01,2006-07-17,2009-08-31,788.0,risk_on
2009-09-16,risk_off,risk_on,0.0,0.0,1.0,2009-09-01,2006-07-17,2009-08-31,788.0,risk_on
2009-09-17,risk_off,risk_on,0.0,0.0,1.0,2009-09-01,2006-07-17,2009-08-31,788.0,risk_on
2009-09-18,risk_off,risk_on,0.0,0.0,1.0,2009-09-01,2006-07-17,2009-08-31,788.0,risk_on
2009-09-21,risk_off,risk_on,0.0,0.0,1.0,2009-09-01,2006-07-17,2009-08-31,788.0,risk_on
2009-09-22,risk_off,risk_on,0.0,0.0,1.0,2009-09-01,2006-07-17,2009-08-31,788.0,risk_on
2009-09-23,risk_off,risk_on,0.0,0.0,1.0,2009-09-01,2006-07-17,2009-08-31,788.0,risk_on
2009-09-24,risk_off,risk_on,0.0,0.0,1.0,2009-09-01,2006-07-17,2009-08-31,788.0,risk_on
2009-09-25,risk_off,risk_on,0.0,0.0,1.0,2009-09-01,2006-07-17,2009-08-31,788.0,risk_on
2009-09-28,risk_off,risk_on,0.0,0.0,1.0,2009-09-01,2006-07-17,2009-08-31,788.0,risk_on
2009-09-29,risk_off,risk_on,0.0,0.0,1.0,2009-09-01,2006-07-17,2009-08-31,788.0,risk_on
2009-09-30,risk_off,risk_on,0.0,0.0,1.0,2009-09-01,2006-07-17,2009-08-31,788.0,risk_on
2009-10-01,risk_off,risk_on,0.0,0.0,1.0,2009-10-01,2006-07-17,2009-09-30,809.0,risk_on
2009-10-02,risk_off,risk_on,0.0,0.0,1.0,2009-10-01,2006-07-17,2009-09-30,809.0,risk_on
2009-10-05,risk_off,risk_on,0.0,0.0,1.0,2009-10-01,2006-07-17,2009-09-30,809.0,risk_on
2009-10-06,risk_off,risk_on,0.0,0.0,1.0,2009-10-01,2006-07-17,2009-09-30,809.0,risk_on
2009-10-07,risk_off,risk_on,0.0,0.0,1.0,2009-10-01,2006-07-17,2009-09-30,809.0,risk_on
2009-10-08,risk_off,risk_on,0.0,0.0,1.0,2009-10-01,2006-07-17,2009-09-30,809.0,risk_on
2009-10-09,risk_off,risk_on,0.0,0.0,1.0,2009-10-01,2006-07-17,2009-09-30,809.0,risk_on
2009-10-12,risk_off,risk_on,0.0,0.0,1.0,2009-10-01,2006-07-17,2009-09-30,809.0,risk_on
2009-10-13,risk_off,risk_on,0.0,0.0,1.0,2009-10-01,2006-07-17,2009-09-30,809.0,risk_on
2009-10-14,risk_off,risk_on,0.0,0.0,1.0,2009-10-01,2006-07-17,2009-09-30,809.0,risk_on
2009-10-15,risk_off,risk_on,0.0,0.0,1.0,2009-10-01,2006-07-17,2009-09-30,809.0,risk_on
2009-10-16,risk_off,risk_on,0.0,0.0,1.0,2009-10-01,2006-07-17,2009-09-30,809.0,risk_on
2009-10-19,risk_off,risk_on,0.0,0.0,1.0,2009-10-01,2006-07-17,2009-09-30,809.0,risk_on
2009-10-20,risk_off,risk_on,0.0,0.0,1.0,2009-10-01,2006-07-17,2009-09-30,809.0,risk_on
2009-10-21,risk_off,risk_on,0.0,0.0,1.0,2009-10-01,2006-07-17,2009-09-30,809.0,risk_on
2009-10-22,risk_off,risk_on,0.0,0.0,1.0,2009-10-01,2006-07-17,2009-09-30,809.0,risk_on
2009-10-23,risk_off,risk_on,0.0,0.0,1.0,2009-10-01,2006-07-17,2009-09-30,809.0,risk_on
2009-10-26,risk_off,risk_on,0.0,0.0,1.0,2009-10-01,2006-07-17,2009-09-30,809.0,risk_on
2009-10-27,risk_off,risk_on,0.0,0.0,1.0,2009-10-01,2006-07-17,2009-09-30,809.0,risk_on
2009-10-28,risk_off,risk_on,0.0,0.0,1.0,2009-10-01,2006-07-17,2009-09-30,809.0,risk_on
2009-10-29,risk_off,risk_on,0.0,0.0,1.0,2009-10-01,2006-07-17,2009-09-30,809.0,risk_on
2009-10-30,risk_off,risk_on,0.0,0.0,1.0,2009-10-01,2006-07-17,2009-09-30,809.0,risk_on
2009-11-02,risk_off,risk_on,0.0,0.0,1.0,2009-11-02,2006-07-17,2009-10-30,831.0,risk_on
2009-11-03,risk_off,risk_on,0.0,0.0,1.0,2009-11-02,2006-07-17,2009-10-30,831.0,risk_on
2009-11-04,risk_off,risk_on,0.0,0.0,1.0,2009-11-02,2006-07-17,2009-10-30,831.0,risk_on
2009-11-05,risk_off,risk_on,0.0,0.0,1.0,2009-11-02,2006-07-17,2009-10-30,831.0,risk_on
2009-11-06,risk_off,risk_on,0.0,0.0,1.0,2009-11-02,2006-07-17,2009-10-30,831.0,risk_on
2009-11-09,risk_off,risk_on,0.0,0.0,1.0,2009-11-02,2006-07-17,2009-10-30,831.0,risk_on
2009-11-10,risk_off,risk_on,0.0,0.0,1.0,2009-11-02,2006-07-17,2009-10-30,831.0,risk_on
2009-11-11,risk_off,risk_on,0.0,0.0,1.0,2009-11-02,2006-07-17,2009-10-30,831.0,risk_on
2009-11-12,risk_off,risk_on,0.0,0.0,1.0,2009-11-02,2006-07-17,2009-10-30,831.0,risk_on
2009-11-13,risk_off,risk_on,0.0,0.0,1.0,2009-11-02,2006-07-17,2009-10-30,831.0,risk_on
2009-11-16,risk_off,risk_on,0.0,0.0,1.0,2009-11-02,2006-07-17,2009-10-30,831.0,risk_on
2009-11-17,risk_off,risk_on,0.0,0.0,1.0,2009-11-02,2006-07-17,2009-10-30,831.0,risk_on
2009-11-18,risk_off,risk_on,0.0,0.0,1.0,2009-11-02,2006-07-17,2009-10-30,831.0,risk_on
2009-11-19,risk_off,risk_on,0.0,0.0,1.0,2009-11-02,2006-07-17,2009-10-30,831.0,risk_on
2009-11-20,risk_off,risk_on,0.0,0.0,1.0,2009-11-02,2006-07-17,2009-10-30,831.0,risk_on
2009-11-23,risk_off,risk_on,0.0,0.0,1.0,2009-11-02,2006-07-17,2009-10-30,831.0,risk_on
2009-11-24,risk_off,risk_on,0.0,0.0,1.0,2009-11-02,2006-07-17,2009-10-30,831.0,risk_on
2009-11-25,risk_off,risk_on,0.0,0.0,1.0,2009-11-02,2006-07-17,2009-10-30,831.0,risk_on
2009-11-27,risk_off,risk_on,0.0,0.0,1.0,2009-11-02,2006-07-17,2009-10-30,831.0,risk_on
2009-11-30,risk_off,risk_on,0.0,0.0,1.0,2009-11-02,2006-07-17,2009-10-30,831.0,risk_on
2009-12-01,risk_off,risk_on,0.0,0.0,1.0,2009-12-01,2006-07-17,2009-11-30,851.0,risk_on
2009-12-02,risk_off,risk_on,0.0,0.0,1.0,2009-12-01,2006-07-17,2009-11-30,851.0,risk_on
2009-12-03,risk_off,risk_on,0.0,0.0,1.0,2009-12-01,2006-07-17,2009-11-30,851.0,risk_on
2009-12-04,risk_off,risk_on,0.0,0.0,1.0,2009-12-01,2006-07-17,2009-11-30,851.0,risk_on
2009-12-07,risk_off,risk_on,0.0,0.0,1.0,2009-12-01,2006-07-17,2009-11-30,851.0,risk_on
2009-12-08,risk_off,risk_on,0.0,0.0,1.0,2009-12-01,2006-07-17,2009-11-30,851.0,risk_on
2009-12-09,risk_off,risk_on,0.0,0.0,1.0,2009-12-01,2006-07-17,2009-11-30,851.0,risk_on
2009-12-10,risk_off,risk_on,0.0,0.0,1.0,2009-12-01,2006-07-17,2009-11-30,851.0,risk_on
2009-12-11,risk_off,risk_on,0.0,0.0,1.0,2009-12-01,2006-07-17,2009-11-30,851.0,risk_on
2009-12-14,risk_off,risk_on,0.0,0.0,1.0,2009-12-01,2006-07-17,2009-11-30,851.0,risk_on
2009-12-15,risk_off,risk_on,0.0,0.0,1.0,2009-12-01,2006-07-17,2009-11-30,851.0,risk_on
2009-12-16,risk_off,risk_on,0.0,0.0,1.0,2009-12-01,2006-07-17,2009-11-30,851.0,risk_on
2009-12-17,risk_off,risk_on,0.0,0.0,1.0,2009-12-01,2006-07-17,2009-11-30,851.0,risk_on
2009-12-18,risk_off,risk_on,0.0,0.0,1.0,2009-12-01,2006-07-17,2009-11-30,851.0,risk_on
2009-12-21,risk_off,risk_on,0.0,0.0,1.0,2009-12-01,2006-07-17,2009-11-30,851.0,risk_on
2009-12-22,risk_off,risk_on,0.0,0.0,1.0,2009-12-01,2006-07-17,2009-11-30,851.0,risk_on
2009-12-23,risk_off,risk_on,0.0,0.0,1.0,2009-12-01,2006-07-17,2009-11-30,851.0,risk_on
2009-12-24,risk_off,risk_on,0.0,0.0,1.0,2009-12-01,2006-07-17,2009-11-30,851.0,risk_on
2009-12-28,risk_off,risk_on,0.0,0.0,1.0,2009-12-01,2006-07-17,2009-11-30,851.0,risk_on
2009-12-29,risk_off,risk_on,0.0,0.0,1.0,2009-12-01,2006-07-17,2009-11-30,851.0,risk_on
2009-12-30,risk_off,risk_on,0.0,0.0,1.0,2009-12-01,2006-07-17,2009-11-30,851.0,risk_on
2009-12-31,risk_off,risk_on,0.0,0.0,1.0,2009-12-01,2006-07-17,2009-11-30,851.0,risk_on
2010-01-04,risk_off,risk_on,0.0,0.0,1.0,2010-01-04,2006-07-17,2009-12-31,873.0,risk_on
2010-01-05,risk_off,risk_on,0.0,0.0,1.0,2010-01-04,2006-07-17,2009-12-31,873.0,risk_on
2010-01-06,risk_off,risk_on,0.0,0.0,1.0,2010-01-04,2006-07-17,2009-12-31,873.0,risk_on
2010-01-07,risk_off,risk_on,0.0,0.0,1.0,2010-01-04,2006-07-17,2009-12-31,873.0,risk_on
2010-01-08,risk_off,risk_on,0.0,0.0,1.0,2010-01-04,2006-07-17,2009-12-31,873.0,risk_on
2010-01-11,risk_off,risk_on,0.0,0.0,1.0,2010-01-04,2006-07-17,2009-12-31,873.0,risk_on
2010-01-12,risk_off,risk_on,0.0,0.0,1.0,2010-01-04,2006-07-17,2009-12-31,873.0,risk_on
2010-01-13,risk_off,risk_on,0.0,0.0,1.0,2010-01-04,2006-07-17,2009-12-31,873.0,risk_on
2010-01-14,risk_off,risk_on,0.0,0.0,1.0,2010-01-04,2006-07-17,2009-12-31,873.0,risk_on
2010-01-15,risk_off,risk_on,0.0,0.0,1.0,2010-01-04,2006-07-17,2009-12-31,873.0,risk_on
2010-01-19,risk_off,risk_on,0.0,0.0,1.0,2010-01-04,2006-07-17,2009-12-31,873.0,risk_on
2010-01-20,risk_off,risk_on,0.0,0.0,1.0,2010-01-04,2006-07-17,2009-12-31,873.0,risk_on
2010-01-21,risk_off,risk_on,0.0,0.0,1.0,2010-01-04,2006-07-17,2009-12-31,873.0,risk_on
2010-01-22,risk_off,risk_on,0.0,0.0,1.0,2010-01-04,2006-07-17,2009-12-31,873.0,risk_on
2010-01-25,risk_off,risk_on,0.0,0.0,1.0,2010-01-04,2006-07-17,2009-12-31,873.0,risk_on
2010-01-26,risk_off,risk_on,0.0,0.0,1.0,2010-01-04,2006-07-17,2009-12-31,873.0,risk_on
2010-01-27,risk_off,risk_on,0.0,0.0,1.0,2010-01-04,2006-07-17,2009-12-31,873.0,risk_on
2010-01-28,risk_off,risk_on,0.0,0.0,1.0,2010-01-04,2006-07-17,2009-12-31,873.0,risk_on
2010-01-29,risk_off,risk_on,0.0,0.0,1.0,2010-01-04,2006-07-17,2009-12-31,873.0,risk_on
2010-02-01,risk_off,risk_on,0.0,0.0,1.0,2010-02-01,2006-07-17,2010-01-29,892.0,risk_on
2010-02-02,risk_off,risk_on,0.0,0.0,1.0,2010-02-01,2006-07-17,2010-01-29,892.0,risk_on
2010-02-03,risk_off,risk_on,0.0,0.0,1.0,2010-02-01,2006-07-17,2010-01-29,892.0,risk_on
2010-02-04,risk_off,risk_on,0.0,0.0,1.0,2010-02-01,2006-07-17,2010-01-29,892.0,risk_on
2010-02-05,risk_off,risk_on,0.0,0.0,1.0,2010-02-01,2006-07-17,2010-01-29,892.0,risk_on
2010-02-08,risk_off,risk_on,0.0,0.0,1.0,2010-02-01,2006-07-17,2010-01-29,892.0,risk_on
2010-02-09,risk_off,risk_on,0.0,0.0,1.0,2010-02-01,2006-07-17,2010-01-29,892.0,risk_on
2010-02-10,risk_off,risk_on,0.0,0.0,1.0,2010-02-01,2006-07-17,2010-01-29,892.0,risk_on
2010-02-11,risk_off,risk_on,0.0,0.0,1.0,2010-02-01,2006-07-17,2010-01-29,892.0,risk_on
2010-02-12,risk_off,risk_on,0.0,0.0,1.0,2010-02-01,2006-07-17,2010-01-29,892.0,risk_on
2010-02-16,risk_off,risk_on,0.0,0.0,1.0,2010-02-01,2006-07-17,2010-01-29,892.0,risk_on
2010-02-17,risk_off,risk_on,0.0,0.0,1.0,2010-02-01,2006-07-17,2010-01-29,892.0,risk_on
2010-02-18,risk_off,risk_on,0.0,0.0,1.0,2010-02-01,2006-07-17,2010-01-29,892.0,risk_on
2010-02-19,risk_off,risk_on,0.0,0.0,1.0,2010-02-01,2006-07-17,2010-01-29,892.0,risk_on
2010-02-22,risk_off,risk_on,0.0,0.0,1.0,2010-02-01,2006-07-17,2010-01-29,892.0,risk_on
2010-02-23,risk_off,risk_on,0.0,0.0,1.0,2010-02-01,2006-07-17,2010-01-29,892.0,risk_on
2010-02-24,risk_off,risk_on,0.0,0.0,1.0,2010-02-01,2006-07-17,2010-01-29,892.0,risk_on
2010-02-25,risk_off,risk_on,0.0,0.0,1.0,2010-02-01,2006-07-17,2010-01-29,892.0,risk_on
2010-02-26,risk_off,risk_on,0.0,0.0,1.0,2010-02-01,2006-07-17,2010-01-29,892.0,risk_on
2010-03-01,risk_off,risk_on,0.0,0.0,1.0,2010-03-01,2006-07-17,2010-02-26,911.0,risk_on
2010-03-02,risk_off,risk_on,0.0,0.0,1.0,2010-03-01,2006-07-17,2010-02-26,911.0,risk_on
2010-03-03,risk_off,risk_on,0.0,0.0,1.0,2010-03-01,2006-07-17,2010-02-26,911.0,risk_on
2010-03-04,risk_off,risk_on,0.0,0.0,1.0,2010-03-01,2006-07-17,2010-02-26,911.0,risk_on
2010-03-05,risk_off,risk_on,0.0,0.0,1.0,2010-03-01,2006-07-17,2010-02-26,911.0,risk_on
2010-03-08,risk_off,risk_on,0.0,0.0,1.0,2010-03-01,2006-07-17,2010-02-26,911.0,risk_on
2010-03-09,risk_off,risk_on,0.0,0.0,1.0,2010-03-01,2006-07-17,2010-02-26,911.0,risk_on
2010-03-10,risk_off,risk_on,0.0,0.0,1.0,2010-03-01,2006-07-17,2010-02-26,911.0,risk_on
2010-03-11,risk_off,risk_on,0.0,0.0,1.0,2010-03-01,2006-07-17,2010-02-26,911.0,risk_on
2010-03-12,risk_off,risk_on,0.0,0.0,1.0,2010-03-01,2006-07-17,2010-02-26,911.0,risk_on
2010-03-15,risk_off,risk_on,0.0,0.0,1.0,2010-03-01,2006-07-17,2010-02-26,911.0,risk_on
2010-03-16,risk_off,risk_on,0.0,0.0,1.0,2010-03-01,2006-07-17,2010-02-26,911.0,risk_on
2010-03-17,risk_off,risk_on,0.0,0.0,1.0,2010-03-01,2006-07-17,2010-02-26,911.0,risk_on
2010-03-18,risk_off,risk_on,0.0,0.0,1.0,2010-03-01,2006-07-17,2010-02-26,911.0,risk_on
2010-03-19,risk_off,risk_on,0.0,0.0,1.0,2010-03-01,2006-07-17,2010-02-26,911.0,risk_on
2010-03-22,risk_off,risk_on,0.0,0.0,1.0,2010-03-01,2006-07-17,2010-02-26,911.0,risk_on
2010-03-23,risk_off,risk_on,0.0,0.0,1.0,2010-03-01,2006-07-17,2010-02-26,911.0,risk_on
2010-03-24,risk_off,risk_on,0.0,0.0,1.0,2010-03-01,2006-07-17,2010-02-26,911.0,risk_on
2010-03-25,risk_off,risk_on,0.0,0.0,1.0,2010-03-01,2006-07-17,2010-02-26,911.0,risk_on
2010-03-26,risk_off,risk_on,0.0,0.0,1.0,2010-03-01,2006-07-17,2010-02-26,911.0,risk_on
2010-03-29,risk_off,risk_on,0.0,0.0,1.0,2010-03-01,2006-07-17,2010-02-26,911.0,risk_on
2010-03-30,risk_off,risk_on,0.0,0.0,1.0,2010-03-01,2006-07-17,2010-02-26,911.0,risk_on
2010-03-31,risk_off,risk_on,0.0,0.0,1.0,2010-03-01,2006-07-17,2010-02-26,911.0,risk_on
2010-04-01,risk_off,neutral,0.0,1.0,5.095703635415832e-33,2010-04-01,2006-07-17,2010-03-31,934.0,risk_on
2010-04-05,risk_off,neutral,0.0,1.0,8.947543594275725e-36,2010-04-01,2006-07-17,2010-03-31,934.0,neutral
2010-04-06,risk_off,neutral,0.0,1.0,2.382371174915497e-37,2010-04-01,2006-07-17,2010-03-31,934.0,neutral
2010-04-07,risk_off,neutral,0.0,1.0,1.2901231135278052e-42,2010-04-01,2006-07-17,2010-03-31,934.0,neutral
2010-04-08,risk_off,neutral,0.0,1.0,2.989798696301892e-43,2010-04-01,2006-07-17,2010-03-31,934.0,neutral
2010-04-09,risk_off,neutral,0.0,1.0,1.2574640517405143e-42,2010-04-01,2006-07-17,2010-03-31,934.0,neutral
2010-04-12,risk_off,neutral,0.0,1.0,2.0608483056589465e-41,2010-04-01,2006-07-17,2010-03-31,934.0,neutral
2010-04-13,risk_off,neutral,0.0,1.0,4.269325909524815e-43,2010-04-01,2006-07-17,2010-03-31,934.0,neutral
2010-04-14,risk_off,neutral,0.0,1.0,4.376422712723555e-46,2010-04-01,2006-07-17,2010-03-31,934.0,neutral
2010-04-15,risk_off,neutral,0.0,1.0,3.2366713360404527e-43,2010-04-01,2006-07-17,2010-03-31,934.0,neutral
2010-04-16,risk_off,neutral,0.0,1.0,1.7003332112190459e-46,2010-04-01,2006-07-17,2010-03-31,934.0,neutral
2010-04-19,risk_off,neutral,0.0,1.0,8.252874184852748e-45,2010-04-01,2006-07-17,2010-03-31,934.0,neutral
2010-04-20,risk_off,neutral,0.0,1.0,2.7264051858035903e-44,2010-04-01,2006-07-17,2010-03-31,934.0,neutral
2010-04-21,risk_off,neutral,0.0,1.0,1.8161564142041155e-45,2010-04-01,2006-07-17,2010-03-31,934.0,neutral
2010-04-22,risk_off,neutral,0.0,1.0,1.242921936303826e-47,2010-04-01,2006-07-17,2010-03-31,934.0,neutral
2010-04-23,risk_off,neutral,0.0,1.0,1.2617539754357073e-41,2010-04-01,2006-07-17,2010-03-31,934.0,neutral
2010-04-26,risk_off,neutral,0.0,1.0,1.404572314848394e-40,2010-04-01,2006-07-17,2010-03-31,934.0,neutral
2010-04-27,risk_off,neutral,0.0,1.0,2.14424341205299e-46,2010-04-01,2006-07-17,2010-03-31,934.0,neutral
2010-04-28,risk_off,neutral,0.0,1.0,4.606320717387319e-43,2010-04-01,2006-07-17,2010-03-31,934.0,neutral
2010-04-29,risk_off,neutral,0.0,1.0,1.073301739109077e-37,2010-04-01,2006-07-17,2010-03-31,934.0,neutral
2010-04-30,risk_off,neutral,0.0,1.0,2.473106108569869e-34,2010-04-01,2006-07-17,2010-03-31,934.0,neutral
2010-05-03,risk_off,risk_on,0.0,0.0,1.0,2010-05-03,2006-07-17,2010-04-30,955.0,neutral
2010-05-04,risk_off,risk_on,0.0,0.0,1.0,2010-05-03,2006-07-17,2010-04-30,955.0,risk_on
2010-05-05,risk_off,risk_on,0.0,0.0,1.0,2010-05-03,2006-07-17,2010-04-30,955.0,risk_on
2010-05-06,risk_off,risk_on,0.0,0.0,1.0,2010-05-03,2006-07-17,2010-04-30,955.0,risk_on
2010-05-07,risk_off,risk_on,0.0,0.0,1.0,2010-05-03,2006-07-17,2010-04-30,955.0,risk_on
2010-05-10,risk_off,risk_on,0.0,0.0,1.0,2010-05-03,2006-07-17,2010-04-30,955.0,risk_on
2010-05-11,risk_off,risk_on,0.0,0.0,1.0,2010-05-03,2006-07-17,2010-04-30,955.0,risk_on
2010-05-12,risk_off,risk_on,0.0,0.0,1.0,2010-05-03,2006-07-17,2010-04-30,955.0,risk_on
2010-05-13,risk_off,risk_on,0.0,0.0,1.0,2010-05-03,2006-07-17,2010-04-30,955.0,risk_on
2010-05-14,risk_off,risk_on,0.0,0.0,1.0,2010-05-03,2006-07-17,2010-04-30,955.0,risk_on
2010-05-17,risk_off,risk_on,0.0,0.0,1.0,2010-05-03,2006-07-17,2010-04-30,955.0,risk_on
2010-05-18,risk_off,risk_on,0.0,0.0,1.0,2010-05-03,2006-07-17,2010-04-30,955.0,risk_on
2010-05-19,risk_off,risk_on,0.0,0.0,1.0,2010-05-03,2006-07-17,2010-04-30,955.0,risk_on
2010-05-20,risk_off,risk_on,0.0,0.0,1.0,2010-05-03,2006-07-17,2010-04-30,955.0,risk_on
2010-05-21,risk_off,risk_on,0.0,0.0,1.0,2010-05-03,2006-07-17,2010-04-30,955.0,risk_on
2010-05-24,risk_off,risk_on,0.0,0.0,1.0,2010-05-03,2006-07-17,2010-04-30,955.0,risk_on
2010-05-25,risk_off,risk_on,0.0,0.0,1.0,2010-05-03,2006-07-17,2010-04-30,955.0,risk_on
2010-05-26,risk_off,risk_on,0.0,0.0,1.0,2010-05-03,2006-07-17,2010-04-30,955.0,risk_on
2010-05-27,risk_off,risk_on,0.0,0.0,1.0,2010-05-03,2006-07-17,2010-04-30,955.0,risk_on
2010-05-28,risk_off,risk_on,0.0,0.0,1.0,2010-05-03,2006-07-17,2010-04-30,955.0,risk_on
2010-06-01,risk_off,risk_off,1.0,0.0,5.713106958297244e-64,2010-06-01,2006-07-17,2010-05-28,975.0,risk_on
2010-06-02,risk_off,risk_off,1.0,0.0,2.2584128167436884e-52,2010-06-01,2006-07-17,2010-05-28,975.0,risk_off
2010-06-03,risk_off,risk_off,1.0,0.0,7.926329175691031e-49,2010-06-01,2006-07-17,2010-05-28,975.0,risk_off
2010-06-04,risk_off,risk_off,1.0,0.0,1.14603541617032e-68,2010-06-01,2006-07-17,2010-05-28,975.0,risk_off
2010-06-07,risk_off,risk_off,1.0,0.0,9.498544884113052e-75,2010-06-01,2006-07-17,2010-05-28,975.0,risk_off
2010-06-08,risk_off,risk_off,1.0,0.0,1.1827343587311945e-64,2010-06-01,2006-07-17,2010-05-28,975.0,risk_off
2010-06-09,risk_off,risk_off,1.0,0.0,2.5220928354425863e-58,2010-06-01,2006-07-17,2010-05-28,975.0,risk_off
2010-06-10,risk_off,risk_off,1.0,0.0,5.335166222863249e-48,2010-06-01,2006-07-17,2010-05-28,975.0,risk_off
2010-06-11,risk_off,risk_off,1.0,0.0,2.3757268375306946e-49,2010-06-01,2006-07-17,2010-05-28,975.0,risk_off
2010-06-14,risk_off,risk_off,1.0,0.0,7.609558775612273e-50,2010-06-01,2006-07-17,2010-05-28,975.0,risk_off
2010-06-15,risk_off,risk_off,1.0,0.0,1.3296435992365295e-39,2010-06-01,2006-07-17,2010-05-28,975.0,risk_off
2010-06-16,risk_off,risk_off,1.0,0.0,9.116135065686727e-41,2010-06-01,2006-07-17,2010-05-28,975.0,risk_off
2010-06-17,risk_off,risk_off,1.0,0.0,5.699743663673915e-39,2010-06-01,2006-07-17,2010-05-28,975.0,risk_off
2010-06-18,risk_off,risk_off,1.0,0.0,2.0740666387803827e-43,2010-06-01,2006-07-17,2010-05-28,975.0,risk_off
2010-06-21,risk_off,risk_off,1.0,0.0,8.965489832718572e-35,2010-06-01,2006-07-17,2010-05-28,975.0,risk_off
2010-06-22,risk_off,risk_off,1.0,0.0,3.918910776619973e-38,2010-06-01,2006-07-17,2010-05-28,975.0,risk_off
2010-06-23,risk_off,risk_off,1.0,0.0,3.1501277937992224e-41,2010-06-01,2006-07-17,2010-05-28,975.0,risk_off
2010-06-24,risk_off,risk_off,1.0,0.0,2.299509155659355e-49,2010-06-01,2006-07-17,2010-05-28,975.0,risk_off
2010-06-25,risk_off,risk_off,1.0,0.0,1.557605108269647e-50,2010-06-01,2006-07-17,2010-05-28,975.0,risk_off
2010-06-28,risk_off,risk_off,1.0,0.0,1.519998132913694e-45,2010-06-01,2006-07-17,2010-05-28,975.0,risk_off
2010-06-29,risk_off,risk_off,1.0,0.0,1.3940540205826285e-64,2010-06-01,2006-07-17,2010-05-28,975.0,risk_off
2010-06-30,risk_off,risk_off,1.0,0.0,1.2471527259637558e-70,2010-06-01,2006-07-17,2010-05-28,975.0,risk_off
2010-07-01,risk_off,risk_on,0.0,0.0,1.0,2010-07-01,2006-07-17,2010-06-30,997.0,risk_off
2010-07-02,risk_off,risk_on,0.0,0.0,1.0,2010-07-01,2006-07-17,2010-06-30,997.0,risk_on
2010-07-06,risk_off,risk_on,0.0,0.0,1.0,2010-07-01,2006-07-17,2010-06-30,997.0,risk_on
2010-07-07,risk_off,risk_on,0.0,0.0,1.0,2010-07-01,2006-07-17,2010-06-30,997.0,risk_on
2010-07-08,risk_off,risk_on,0.0,0.0,1.0,2010-07-01,2006-07-17,2010-06-30,997.0,risk_on
2010-07-09,risk_off,risk_on,0.0,0.0,1.0,2010-07-01,2006-07-17,2010-06-30,997.0,risk_on
2010-07-12,risk_off,risk_on,0.0,0.0,1.0,2010-07-01,2006-07-17,2010-06-30,997.0,risk_on
2010-07-13,risk_off,risk_on,0.0,0.0,1.0,2010-07-01,2006-07-17,2010-06-30,997.0,risk_on
2010-07-14,risk_off,risk_on,0.0,0.0,1.0,2010-07-01,2006-07-17,2010-06-30,997.0,risk_on
2010-07-15,risk_off,risk_on,0.0,0.0,1.0,2010-07-01,2006-07-17,2010-06-30,997.0,risk_on
2010-07-16,risk_off,risk_on,0.0,0.0,1.0,2010-07-01,2006-07-17,2010-06-30,997.0,risk_on
2010-07-19,risk_off,risk_on,0.0,0.0,1.0,2010-07-01,2006-07-17,2010-06-30,997.0,risk_on
2010-07-20,risk_off,risk_on,0.0,0.0,1.0,2010-07-01,2006-07-17,2010-06-30,997.0,risk_on
2010-07-21,risk_off,risk_on,0.0,0.0,1.0,2010-07-01,2006-07-17,2010-06-30,997.0,risk_on
2010-07-22,risk_off,risk_on,0.0,0.0,1.0,2010-07-01,2006-07-17,2010-06-30,997.0,risk_on
2010-07-23,risk_off,risk_on,0.0,0.0,1.0,2010-07-01,2006-07-17,2010-06-30,997.0,risk_on
2010-07-26,risk_off,risk_on,0.0,0.0,1.0,2010-07-01,2006-07-17,2010-06-30,997.0,risk_on
2010-07-27,risk_off,risk_on,0.0,0.0,1.0,2010-07-01,2006-07-17,2010-06-30,997.0,risk_on
2010-07-28,risk_off,risk_on,0.0,0.0,1.0,2010-07-01,2006-07-17,2010-06-30,997.0,risk_on
2010-07-29,risk_off,risk_on,0.0,0.0,1.0,2010-07-01,2006-07-17,2010-06-30,997.0,risk_on
2010-07-30,risk_off,risk_on,0.0,0.0,1.0,2010-07-01,2006-07-17,2010-06-30,997.0,risk_on
2010-08-02,risk_off,neutral,0.0,1.0,0.0,2010-08-02,2006-07-17,2010-07-30,1018.0,risk_on
2010-08-03,risk_off,neutral,0.0,1.0,0.0,2010-08-02,2006-07-17,2010-07-30,1018.0,neutral
2010-08-04,risk_off,neutral,0.0,1.0,0.0,2010-08-02,2006-07-17,2010-07-30,1018.0,neutral
2010-08-05,risk_off,neutral,0.0,1.0,0.0,2010-08-02,2006-07-17,2010-07-30,1018.0,neutral
2010-08-06,risk_off,neutral,0.0,1.0,0.0,2010-08-02,2006-07-17,2010-07-30,1018.0,neutral
2010-08-09,risk_off,neutral,0.0,1.0,0.0,2010-08-02,2006-07-17,2010-07-30,1018.0,neutral
2010-08-10,risk_off,neutral,0.0,1.0,0.0,2010-08-02,2006-07-17,2010-07-30,1018.0,neutral
2010-08-11,risk_off,neutral,0.0,1.0,0.0,2010-08-02,2006-07-17,2010-07-30,1018.0,neutral
2010-08-12,risk_off,neutral,0.0,1.0,0.0,2010-08-02,2006-07-17,2010-07-30,1018.0,neutral
2010-08-13,risk_off,neutral,0.0,1.0,0.0,2010-08-02,2006-07-17,2010-07-30,1018.0,neutral
2010-08-16,risk_off,neutral,0.0,1.0,0.0,2010-08-02,2006-07-17,2010-07-30,1018.0,neutral
2010-08-17,risk_off,neutral,0.0,1.0,0.0,2010-08-02,2006-07-17,2010-07-30,1018.0,neutral
2010-08-18,risk_off,neutral,0.0,1.0,0.0,2010-08-02,2006-07-17,2010-07-30,1018.0,neutral
2010-08-19,risk_off,neutral,0.0,1.0,0.0,2010-08-02,2006-07-17,2010-07-30,1018.0,neutral
2010-08-20,risk_off,neutral,0.0,1.0,0.0,2010-08-02,2006-07-17,2010-07-30,1018.0,neutral
2010-08-23,risk_off,neutral,0.0,1.0,0.0,2010-08-02,2006-07-17,2010-07-30,1018.0,neutral
2010-08-24,risk_off,neutral,0.0,1.0,0.0,2010-08-02,2006-07-17,2010-07-30,1018.0,neutral
2010-08-25,risk_off,neutral,0.0,1.0,0.0,2010-08-02,2006-07-17,2010-07-30,1018.0,neutral
2010-08-26,risk_off,neutral,0.0,1.0,0.0,2010-08-02,2006-07-17,2010-07-30,1018.0,neutral
2010-08-27,risk_off,neutral,0.0,1.0,0.0,2010-08-02,2006-07-17,2010-07-30,1018.0,neutral
2010-08-30,risk_off,neutral,0.0,1.0,0.0,2010-08-02,2006-07-17,2010-07-30,1018.0,neutral
2010-08-31,risk_off,neutral,0.0,1.0,0.0,2010-08-02,2006-07-17,2010-07-30,1018.0,neutral
2010-09-01,risk_off,neutral,9.953901808521172e-268,1.0,0.0,2010-09-01,2006-07-17,2010-08-31,1040.0,neutral
2010-09-02,risk_off,neutral,8.807516928579651e-270,1.0,0.0,2010-09-01,2006-07-17,2010-08-31,1040.0,neutral
2010-09-03,risk_off,neutral,5.397367175967756e-262,1.0,0.0,2010-09-01,2006-07-17,2010-08-31,1040.0,neutral
2010-09-07,risk_off,neutral,2.1834668465610204e-257,1.0,0.0,2010-09-01,2006-07-17,2010-08-31,1040.0,neutral
2010-09-08,risk_off,neutral,2.0840716222302174e-246,1.0,0.0,2010-09-01,2006-07-17,2010-08-31,1040.0,neutral
2010-09-09,risk_off,neutral,4.1119393731897075e-246,1.0,0.0,2010-09-01,2006-07-17,2010-08-31,1040.0,neutral
2010-09-10,risk_off,neutral,4.922767300951741e-246,1.0,0.0,2010-09-01,2006-07-17,2010-08-31,1040.0,neutral
2010-09-13,risk_off,neutral,3.468623168083383e-239,1.0,0.0,2010-09-01,2006-07-17,2010-08-31,1040.0,neutral
2010-09-14,risk_off,neutral,4.915101018377275e-236,1.0,0.0,2010-09-01,2006-07-17,2010-08-31,1040.0,neutral
2010-09-15,risk_off,neutral,1.2635065863149504e-241,1.0,0.0,2010-09-01,2006-07-17,2010-08-31,1040.0,neutral
2010-09-16,risk_off,neutral,1.4523295910554172e-236,1.0,0.0,2010-09-01,2006-07-17,2010-08-31,1040.0,neutral
2010-09-17,risk_off,neutral,1.7863263438858744e-237,1.0,0.0,2010-09-01,2006-07-17,2010-08-31,1040.0,neutral
2010-09-20,risk_off,neutral,4.398728084264738e-227,1.0,0.0,2010-09-01,2006-07-17,2010-08-31,1040.0,neutral
2010-09-21,risk_off,neutral,2.433068694511907e-225,1.0,0.0,2010-09-01,2006-07-17,2010-08-31,1040.0,neutral
2010-09-22,risk_off,neutral,1.1517253886931872e-220,1.0,0.0,2010-09-01,2006-07-17,2010-08-31,1040.0,neutral
2010-09-23,risk_off,neutral,5.372769201648898e-213,1.0,0.0,2010-09-01,2006-07-17,2010-08-31,1040.0,neutral
2010-09-24,risk_off,neutral,3.212815407432473e-214,1.0,0.0,2010-09-01,2006-07-17,2010-08-31,1040.0,neutral
2010-09-27,risk_off,neutral,6.227169987977918e-216,1.0,0.0,2010-09-01,2006-07-17,2010-08-31,1040.0,neutral
2010-09-28,risk_off,neutral,1.9762404461816427e-210,1.0,0.0,2010-09-01,2006-07-17,2010-08-31,1040.0,neutral
2010-09-29,risk_off,neutral,2.693903098437688e-208,1.0,0.0,2010-09-01,2006-07-17,2010-08-31,1040.0,neutral
2010-09-30,risk_off,neutral,4.5992875144991166e-209,1.0,0.0,2010-09-01,2006-07-17,2010-08-31,1040.0,neutral
2010-10-01,risk_off,neutral,0.0,1.0,0.0,2010-10-01,2006-07-17,2010-09-30,1061.0,neutral
2010-10-04,risk_off,neutral,0.0,1.0,0.0,2010-10-01,2006-07-17,2010-09-30,1061.0,neutral
2010-10-05,risk_off,neutral,0.0,1.0,0.0,2010-10-01,2006-07-17,2010-09-30,1061.0,neutral
2010-10-06,risk_off,neutral,0.0,1.0,0.0,2010-10-01,2006-07-17,2010-09-30,1061.0,neutral
2010-10-07,risk_off,neutral,0.0,1.0,0.0,2010-10-01,2006-07-17,2010-09-30,1061.0,neutral
2010-10-08,risk_off,neutral,0.0,1.0,0.0,2010-10-01,2006-07-17,2010-09-30,1061.0,neutral
2010-10-11,risk_off,neutral,0.0,1.0,0.0,2010-10-01,2006-07-17,2010-09-30,1061.0,neutral
2010-10-12,risk_off,neutral,0.0,1.0,0.0,2010-10-01,2006-07-17,2010-09-30,1061.0,neutral
2010-10-13,risk_off,neutral,0.0,1.0,0.0,2010-10-01,2006-07-17,2010-09-30,1061.0,neutral
2010-10-14,risk_off,neutral,0.0,1.0,0.0,2010-10-01,2006-07-17,2010-09-30,1061.0,neutral
2010-10-15,risk_off,neutral,0.0,1.0,0.0,2010-10-01,2006-07-17,2010-09-30,1061.0,neutral
2010-10-18,risk_off,neutral,0.0,1.0,0.0,2010-10-01,2006-07-17,2010-09-30,1061.0,neutral
2010-10-19,risk_off,neutral,0.0,1.0,0.0,2010-10-01,2006-07-17,2010-09-30,1061.0,neutral
2010-10-20,risk_off,neutral,0.0,1.0,0.0,2010-10-01,2006-07-17,2010-09-30,1061.0,neutral
2010-10-21,risk_off,neutral,0.0,1.0,0.0,2010-10-01,2006-07-17,2010-09-30,1061.0,neutral
2010-10-22,risk_off,neutral,0.0,1.0,0.0,2010-10-01,2006-07-17,2010-09-30,1061.0,neutral
2010-10-25,risk_off,neutral,0.0,1.0,0.0,2010-10-01,2006-07-17,2010-09-30,1061.0,neutral
2010-10-26,risk_off,neutral,0.0,1.0,0.0,2010-10-01,2006-07-17,2010-09-30,1061.0,neutral
2010-10-27,risk_off,neutral,0.0,1.0,0.0,2010-10-01,2006-07-17,2010-09-30,1061.0,neutral
2010-10-28,risk_off,neutral,0.0,1.0,0.0,2010-10-01,2006-07-17,2010-09-30,1061.0,neutral
2010-10-29,risk_off,neutral,0.0,1.0,0.0,2010-10-01,2006-07-17,2010-09-30,1061.0,neutral
2010-11-01,risk_off,risk_off,1.0,1.383738276586661e-58,6.335220283813143e-33,2010-11-01,2006-07-17,2010-10-29,1082.0,neutral
2010-11-02,risk_off,risk_off,1.0,5.677866570190686e-63,2.9916055159265367e-33,2010-11-01,2006-07-17,2010-10-29,1082.0,risk_off
2010-11-03,risk_off,risk_off,1.0,2.083108860013464e-58,1.13432965692366e-38,2010-11-01,2006-07-17,2010-10-29,1082.0,risk_off
2010-11-04,risk_off,risk_off,1.0,1.2439367914476995e-57,7.809957473511853e-38,2010-11-01,2006-07-17,2010-10-29,1082.0,risk_off
2010-11-05,risk_off,risk_off,1.0,6.381907827933028e-55,1.6658613445797388e-35,2010-11-01,2006-07-17,2010-10-29,1082.0,risk_off
2010-11-08,risk_off,risk_off,1.0,1.1201227100986983e-53,1.1215512690349591e-35,2010-11-01,2006-07-17,2010-10-29,1082.0,risk_off
2010-11-09,risk_off,risk_off,1.0,1.5045916958759402e-57,1.3281293079104468e-36,2010-11-01,2006-07-17,2010-10-29,1082.0,risk_off
2010-11-10,risk_off,risk_off,1.0,7.31377525388795e-56,1.4138386558041333e-39,2010-11-01,2006-07-17,2010-10-29,1082.0,risk_off
2010-11-11,risk_off,risk_off,1.0,3.3733044815607866e-54,9.890737079922508e-39,2010-11-01,2006-07-17,2010-10-29,1082.0,risk_off
2010-11-12,risk_off,risk_off,1.0,2.8647412792382275e-60,3.7981079851032387e-32,2010-11-01,2006-07-17,2010-10-29,1082.0,risk_off
2010-11-15,risk_off,risk_off,1.0,2.165271568952557e-53,4.281806927637581e-34,2010-11-01,2006-07-17,2010-10-29,1082.0,risk_off
2010-11-16,risk_off,risk_off,1.0,1.538457029799794e-56,1.1447442259522821e-35,2010-11-01,2006-07-17,2010-10-29,1082.0,risk_off
2010-11-17,risk_off,risk_off,1.0,3.527431451033383e-56,6.046567267456778e-34,2010-11-01,2006-07-17,2010-10-29,1082.0,risk_off
2010-11-18,risk_off,risk_off,1.0,1.3152105055746559e-56,8.926499665403284e-29,2010-11-01,2006-07-17,2010-10-29,1082.0,risk_off
2010-11-19,risk_on,risk_off,1.0,9.090002787018711e-58,1.5432296206146897e-30,2010-11-01,2006-07-17,2010-10-29,1082.0,risk_off
2010-11-22,risk_off,risk_off,1.0,9.554001617676074e-58,3.8545557551330437e-38,2010-11-01,2006-07-17,2010-10-29,1082.0,risk_off
2010-11-23,risk_off,risk_off,1.0,1.4073793726434372e-57,1.561760093004672e-40,2010-11-01,2006-07-17,2010-10-29,1082.0,risk_off
2010-11-24,risk_off,risk_off,1.0,2.960513221441725e-50,5.266488000031784e-43,2010-11-01,2006-07-17,2010-10-29,1082.0,risk_off
2010-11-26,risk_off,risk_off,1.0,1.6048370940614369e-56,3.239853763639809e-60,2010-11-01,2006-07-17,2010-10-29,1082.0,risk_off
2010-11-29,risk_off,risk_off,1.0,9.116814031870133e-49,4.468358362948374e-49,2010-11-01,2006-07-17,2010-10-29,1082.0,risk_off
2010-11-30,risk_off,risk_off,1.0,7.287856589839417e-46,1.0902101421459667e-49,2010-11-01,2006-07-17,2010-10-29,1082.0,risk_off
2010-12-01,risk_off,risk_on,2.4764775873864525e-11,0.0,0.9999999999752349,2010-12-01,2006-07-17,2010-11-30,1103.0,risk_off
2010-12-02,risk_on,risk_on,2.409247415842616e-11,0.0,0.9999999999759073,2010-12-01,2006-07-17,2010-11-30,1103.0,risk_on
2010-12-03,risk_on,risk_on,2.6797179638327454e-09,0.0,0.9999999973202822,2010-12-01,2006-07-17,2010-11-30,1103.0,risk_on
2010-12-06,risk_on,risk_on,4.4052170852036435e-10,0.0,0.9999999995594777,2010-12-01,2006-07-17,2010-11-30,1103.0,risk_on
2010-12-07,risk_on,risk_on,8.091009073111158e-11,0.0,0.9999999999190905,2010-12-01,2006-07-17,2010-11-30,1103.0,risk_on
2010-12-08,risk_on,risk_on,5.72496570770966e-11,0.0,0.9999999999427516,2010-12-01,2006-07-17,2010-11-30,1103.0,risk_on
2010-12-09,risk_on,risk_on,2.677694157685438e-12,0.0,0.9999999999973213,2010-12-01,2006-07-17,2010-11-30,1103.0,risk_on
2010-12-10,risk_on,risk_on,7.848432921229651e-11,0.0,0.999999999921517,2010-12-01,2006-07-17,2010-11-30,1103.0,risk_on
2010-12-13,risk_on,risk_on,3.965427062086216e-08,0.0,0.9999999603457298,2010-12-01,2006-07-17,2010-11-30,1103.0,risk_on
2010-12-14,risk_on,risk_on,5.5435219098541624e-05,0.0,0.9999445647809012,2010-12-01,2006-07-17,2010-11-30,1103.0,risk_on
2010-12-15,risk_on,risk_on,5.988864787129225e-05,0.0,0.9999401113521255,2010-12-01,2006-07-17,2010-11-30,1103.0,risk_on
2010-12-16,risk_on,risk_on,0.039123383392648946,0.0,0.9608766166073478,2010-12-01,2006-07-17,2010-11-30,1103.0,risk_on
2010-12-17,risk_on,risk_on,0.001953408949636088,0.0,0.9980465910503615,2010-12-01,2006-07-17,2010-11-30,1103.0,risk_on
2010-12-20,risk_on,risk_on,0.005585121644516308,0.0,0.9944148783554848,2010-12-01,2006-07-17,2010-11-30,1103.0,risk_on
2010-12-21,risk_on,risk_on,0.07930348170493517,0.0,0.9206965182950649,2010-12-01,2006-07-17,2010-11-30,1103.0,risk_on
2010-12-22,risk_on,risk_on,0.3524968995230481,0.0,0.6475031004769544,2010-12-01,2006-07-17,2010-11-30,1103.0,risk_on
2010-12-23,risk_on,risk_off,0.9995701763076557,0.0,0.00042982369234166725,2010-12-01,2006-07-17,2010-11-30,1103.0,risk_on
2010-12-27,risk_on,risk_off,0.9999999865456388,0.0,1.3454358563141513e-08,2010-12-01,2006-07-17,2010-11-30,1103.0,risk_off
2010-12-28,risk_on,risk_off,0.99999999533172,0.0,4.66827796312691e-09,2010-12-01,2006-07-17,2010-11-30,1103.0,risk_off
2010-12-29,risk_on,risk_off,0.9999999488802245,0.0,5.111977516276697e-08,2010-12-01,2006-07-17,2010-11-30,1103.0,risk_off
2010-12-30,risk_on,risk_off,0.9999999893436637,0.0,1.065633644460135e-08,2010-12-01,2006-07-17,2010-11-30,1103.0,risk_off
2010-12-31,risk_on,risk_off,0.999999999693344,0.0,3.0665776421994896e-10,2010-12-01,2006-07-17,2010-11-30,1103.0,risk_off
2011-01-03,risk_on,risk_off,1.0,5.199564726964727e-74,2.339004000156804e-52,2011-01-03,2006-07-17,2010-12-31,1125.0,risk_off
2011-01-04,risk_on,risk_off,1.0,7.942227143290215e-76,1.1814520142819972e-57,2011-01-03,2006-07-17,2010-12-31,1125.0,risk_off
2011-01-05,risk_on,risk_off,1.0,1.0366206081571993e-72,1.3334658791076951e-61,2011-01-03,2006-07-17,2010-12-31,1125.0,risk_off
2011-01-06,risk_on,risk_off,1.0,1.925135933297936e-69,7.409027618188919e-57,2011-01-03,2006-07-17,2010-12-31,1125.0,risk_off
2011-01-07,risk_on,risk_off,1.0,4.297569691921103e-68,2.0023620842778322e-53,2011-01-03,2006-07-17,2010-12-31,1125.0,risk_off
2011-01-10,risk_on,risk_off,1.0,1.4264349163229583e-70,1.6131628429056563e-53,2011-01-03,2006-07-17,2010-12-31,1125.0,risk_off
2011-01-11,risk_on,risk_off,1.0,4.655866791629837e-68,3.617397863271586e-58,2011-01-03,2006-07-17,2010-12-31,1125.0,risk_off
2011-01-12,risk_on,risk_off,1.0,2.014090799051125e-71,5.011429120508319e-62,2011-01-03,2006-07-17,2010-12-31,1125.0,risk_off
2011-01-13,risk_on,risk_off,1.0,3.1898854894957937e-71,3.144129600909131e-60,2011-01-03,2006-07-17,2010-12-31,1125.0,risk_off
2011-01-14,risk_on,risk_off,1.0,6.878701059353498e-71,2.1721816842702423e-63,2011-01-03,2006-07-17,2010-12-31,1125.0,risk_off
2011-01-18,risk_on,risk_off,1.0,1.0547608632385033e-61,5.800438816831252e-73,2011-01-03,2006-07-17,2010-12-31,1125.0,risk_off
2011-01-19,risk_on,risk_off,1.0,1.0384527590635999e-71,4.151925095367033e-74,2011-01-03,2006-07-17,2010-12-31,1125.0,risk_off
2011-01-20,risk_on,risk_off,1.0,1.2423903634580782e-68,5.3250787108799e-74,2011-01-03,2006-07-17,2010-12-31,1125.0,risk_off
2011-01-21,risk_on,risk_off,1.0,7.633948517672777e-74,4.1954071900603314e-75,2011-01-03,2006-07-17,2010-12-31,1125.0,risk_off
2011-01-24,risk_on,risk_off,1.0,3.1932124677349905e-75,1.50630977408911e-73,2011-01-03,2006-07-17,2010-12-31,1125.0,risk_off
2011-01-25,risk_on,risk_off,1.0,1.847580484714293e-73,8.876213726781741e-72,2011-01-03,2006-07-17,2010-12-31,1125.0,risk_off
2011-01-26,risk_on,risk_off,1.0,8.107187884536146e-76,9.721523496474033e-77,2011-01-03,2006-07-17,2010-12-31,1125.0,risk_off
2011-01-27,risk_on,risk_off,1.0,9.579745343952541e-76,2.4788627500248852e-80,2011-01-03,2006-07-17,2010-12-31,1125.0,risk_off
2011-01-28,risk_off,risk_off,1.0,9.359489782376593e-71,3.702979563261973e-75,2011-01-03,2006-07-17,2010-12-31,1125.0,risk_off
2011-01-31,risk_off,risk_off,1.0,1.6268723845506124e-77,3.6020871786347836e-85,2011-01-03,2006-07-17,2010-12-31,1125.0,risk_off
2011-02-01,risk_on,neutral,1.0046798106205366e-81,1.0,0.0,2011-02-01,2006-07-17,2011-01-31,1145.0,risk_off
2011-02-02,risk_on,neutral,3.185594664769286e-82,1.0,0.0,2011-02-01,2006-07-17,2011-01-31,1145.0,neutral
2011-02-03,risk_on,neutral,1.712035671597808e-74,1.0,0.0,2011-02-01,2006-07-17,2011-01-31,1145.0,neutral
2011-02-04,risk_on,neutral,4.732444649131425e-81,1.0,0.0,2011-02-01,2006-07-17,2011-01-31,1145.0,neutral
2011-02-07,risk_on,neutral,2.224648111574346e-83,1.0,0.0,2011-02-01,2006-07-17,2011-01-31,1145.0,neutral
2011-02-08,risk_on,neutral,9.167972063378953e-87,1.0,0.0,2011-02-01,2006-07-17,2011-01-31,1145.0,neutral
2011-02-09,risk_on,neutral,2.104765513358982e-85,1.0,0.0,2011-02-01,2006-07-17,2011-01-31,1145.0,neutral
2011-02-10,risk_on,neutral,6.588823483533352e-88,1.0,0.0,2011-02-01,2006-07-17,2011-01-31,1145.0,neutral
2011-02-11,risk_on,neutral,1.8437895081441896e-85,1.0,0.0,2011-02-01,2006-07-17,2011-01-31,1145.0,neutral
2011-02-14,risk_on,neutral,2.5089744244702842e-76,1.0,0.0,2011-02-01,2006-07-17,2011-01-31,1145.0,neutral
2011-02-15,risk_on,neutral,1.2917542356516823e-69,1.0,0.0,2011-02-01,2006-07-17,2011-01-31,1145.0,neutral
2011-02-16,risk_on,neutral,2.9879980010292395e-74,1.0,0.0,2011-02-01,2006-07-17,2011-01-31,1145.0,neutral
2011-02-17,risk_on,neutral,1.1138799518485151e-76,1.0,0.0,2011-02-01,2006-07-17,2011-01-31,1145.0,neutral
2011-02-18,risk_on,neutral,7.727661406390817e-84,1.0,0.0,2011-02-01,2006-07-17,2011-01-31,1145.0,neutral
2011-02-22,risk_on,neutral,8.960239730071034e-77,1.0,0.0,2011-02-01,2006-07-17,2011-01-31,1145.0,neutral
2011-02-23,risk_on,neutral,2.2123825808673294e-81,1.0,0.0,2011-02-01,2006-07-17,2011-01-31,1145.0,neutral
2011-02-24,risk_on,neutral,3.874968435948996e-92,1.0,0.0,2011-02-01,2006-07-17,2011-01-31,1145.0,neutral
2011-02-25,risk_on,neutral,3.123535412255221e-88,1.0,0.0,2011-02-01,2006-07-17,2011-01-31,1145.0,neutral
2011-02-28,risk_on,neutral,1.0887000705561902e-95,1.0,0.0,2011-02-01,2006-07-17,2011-01-31,1145.0,neutral
2011-03-01,risk_on,neutral,0.0,1.0,0.0,2011-03-01,2006-07-17,2011-02-28,1164.0,neutral
2011-03-02,risk_on,neutral,0.0,1.0,0.0,2011-03-01,2006-07-17,2011-02-28,1164.0,neutral
2011-03-03,risk_on,neutral,0.0,1.0,0.0,2011-03-01,2006-07-17,2011-02-28,1164.0,neutral
2011-03-04,risk_on,neutral,0.0,1.0,0.0,2011-03-01,2006-07-17,2011-02-28,1164.0,neutral
2011-03-07,risk_on,neutral,0.0,1.0,0.0,2011-03-01,2006-07-17,2011-02-28,1164.0,neutral
2011-03-08,risk_on,neutral,0.0,1.0,0.0,2011-03-01,2006-07-17,2011-02-28,1164.0,neutral
2011-03-09,risk_on,neutral,0.0,1.0,0.0,2011-03-01,2006-07-17,2011-02-28,1164.0,neutral
2011-03-10,risk_on,neutral,0.0,1.0,0.0,2011-03-01,2006-07-17,2011-02-28,1164.0,neutral
2011-03-11,risk_on,neutral,0.0,1.0,0.0,2011-03-01,2006-07-17,2011-02-28,1164.0,neutral
2011-03-14,risk_on,neutral,0.0,1.0,0.0,2011-03-01,2006-07-17,2011-02-28,1164.0,neutral
2011-03-15,risk_on,neutral,0.0,1.0,0.0,2011-03-01,2006-07-17,2011-02-28,1164.0,neutral
2011-03-16,risk_off,neutral,0.0,1.0,0.0,2011-03-01,2006-07-17,2011-02-28,1164.0,neutral
2011-03-17,risk_on,neutral,0.0,1.0,0.0,2011-03-01,2006-07-17,2011-02-28,1164.0,neutral
2011-03-18,risk_on,neutral,0.0,1.0,0.0,2011-03-01,2006-07-17,2011-02-28,1164.0,neutral
2011-03-21,risk_on,neutral,0.0,1.0,0.0,2011-03-01,2006-07-17,2011-02-28,1164.0,neutral
2011-03-22,risk_on,neutral,0.0,1.0,0.0,2011-03-01,2006-07-17,2011-02-28,1164.0,neutral
2011-03-23,risk_on,neutral,0.0,1.0,0.0,2011-03-01,2006-07-17,2011-02-28,1164.0,neutral
2011-03-24,risk_on,neutral,0.0,1.0,0.0,2011-03-01,2006-07-17,2011-02-28,1164.0,neutral
2011-03-25,risk_on,neutral,0.0,1.0,0.0,2011-03-01,2006-07-17,2011-02-28,1164.0,neutral
2011-03-28,risk_on,neutral,0.0,1.0,0.0,2011-03-01,2006-07-17,2011-02-28,1164.0,neutral
2011-03-29,risk_on,neutral,0.0,1.0,0.0,2011-03-01,2006-07-17,2011-02-28,1164.0,neutral
2011-03-30,risk_on,neutral,0.0,1.0,0.0,2011-03-01,2006-07-17,2011-02-28,1164.0,neutral
2011-03-31,risk_on,neutral,0.0,1.0,0.0,2011-03-01,2006-07-17,2011-02-28,1164.0,neutral
2011-04-01,risk_on,risk_off,0.9876206484655515,0.012379351534448586,0.0,2011-04-01,2006-07-17,2011-03-31,1187.0,neutral
2011-04-04,risk_on,risk_off,0.9999657504490973,3.424955090307731e-05,0.0,2011-04-01,2006-07-17,2011-03-31,1187.0,risk_off
2011-04-05,risk_on,risk_off,0.9985315213168411,0.0014684786831596205,0.0,2011-04-01,2006-07-17,2011-03-31,1187.0,risk_off
2011-04-06,risk_on,risk_off,0.9999515308807361,4.846911926463613e-05,0.0,2011-04-01,2006-07-17,2011-03-31,1187.0,risk_off
2011-04-07,risk_on,risk_off,0.9999945366068127,5.463393187486075e-06,0.0,2011-04-01,2006-07-17,2011-03-31,1187.0,risk_off
2011-04-08,risk_on,risk_off,0.9999997316476041,2.6835239509786253e-07,0.0,2011-04-01,2006-07-17,2011-03-31,1187.0,risk_off
2011-04-11,risk_on,risk_off,0.9999548823816539,4.511761834515217e-05,0.0,2011-04-01,2006-07-17,2011-03-31,1187.0,risk_off
2011-04-12,risk_on,risk_off,0.9999122858301809,8.771416981839297e-05,0.0,2011-04-01,2006-07-17,2011-03-31,1187.0,risk_off
2011-04-13,risk_on,risk_off,0.9929924236728861,0.007007576327114193,0.0,2011-04-01,2006-07-17,2011-03-31,1187.0,risk_off
2011-04-14,risk_on,risk_off,0.9598143440253446,0.040185655974654115,0.0,2011-04-01,2006-07-17,2011-03-31,1187.0,risk_off
2011-04-15,risk_on,risk_off,0.9996513305300274,0.00034866946997294724,0.0,2011-04-01,2006-07-17,2011-03-31,1187.0,risk_off
2011-04-18,risk_on,risk_off,0.9996022888695774,0.0003977111304233871,0.0,2011-04-01,2006-07-17,2011-03-31,1187.0,risk_off
2011-04-19,risk_on,risk_off,0.9999916977936487,8.302206351566603e-06,0.0,2011-04-01,2006-07-17,2011-03-31,1187.0,risk_off
2011-04-20,risk_on,risk_off,0.9999967040533089,3.2959466900953253e-06,0.0,2011-04-01,2006-07-17,2011-03-31,1187.0,risk_off
2011-04-21,risk_on,risk_off,0.9999744160035604,2.5583996439420005e-05,0.0,2011-04-01,2006-07-17,2011-03-31,1187.0,risk_off
2011-04-25,risk_on,risk_off,0.9999957763573152,4.223642685465396e-06,0.0,2011-04-01,2006-07-17,2011-03-31,1187.0,risk_off
2011-04-26,risk_on,risk_off,0.9999984283766943,1.5716233071246547e-06,0.0,2011-04-01,2006-07-17,2011-03-31,1187.0,risk_off
2011-04-27,risk_on,risk_off,0.9998795266830621,0.00012047331693791178,0.0,2011-04-01,2006-07-17,2011-03-31,1187.0,risk_off
2011-04-28,risk_on,risk_off,0.9999965876233957,3.412376604592521e-06,0.0,2011-04-01,2006-07-17,2011-03-31,1187.0,risk_off
2011-04-29,risk_on,risk_off,0.9999857344394812,1.4265560518853903e-05,0.0,2011-04-01,2006-07-17,2011-03-31,1187.0,risk_off
2011-05-02,risk_on,neutral,0.0,1.0,6.838814865330415e-28,2011-05-02,2006-07-17,2011-04-29,1207.0,risk_off
2011-05-03,risk_on,neutral,0.0,1.0,8.367010121711784e-28,2011-05-02,2006-07-17,2011-04-29,1207.0,neutral
2011-05-04,risk_on,neutral,0.0,1.0,2.5619457460863245e-31,2011-05-02,2006-07-17,2011-04-29,1207.0,neutral
2011-05-05,risk_on,neutral,0.0,1.0,2.42057728930439e-38,2011-05-02,2006-07-17,2011-04-29,1207.0,neutral
2011-05-06,risk_off,neutral,0.0,1.0,6.550117638453732e-38,2011-05-02,2006-07-17,2011-04-29,1207.0,neutral
2011-05-09,risk_on,neutral,0.0,1.0,8.86969785699625e-42,2011-05-02,2006-07-17,2011-04-29,1207.0,neutral
2011-05-10,risk_on,neutral,0.0,1.0,1.3770584481516999e-43,2011-05-02,2006-07-17,2011-04-29,1207.0,neutral
2011-05-11,risk_on,neutral,0.0,1.0,1.5998660715833758e-38,2011-05-02,2006-07-17,2011-04-29,1207.0,neutral
2011-05-12,risk_off,neutral,0.0,1.0,3.69004027119108e-42,2011-05-02,2006-07-17,2011-04-29,1207.0,neutral
2011-05-13,risk_off,neutral,0.0,1.0,6.984172900092197e-41,2011-05-02,2006-07-17,2011-04-29,1207.0,neutral
2011-05-16,risk_off,neutral,0.0,1.0,3.6204571026291055e-42,2011-05-02,2006-07-17,2011-04-29,1207.0,neutral
2011-05-17,risk_off,neutral,0.0,1.0,1.5373168645590937e-46,2011-05-02,2006-07-17,2011-04-29,1207.0,neutral
2011-05-18,risk_off,neutral,0.0,1.0,3.419212748616604e-45,2011-05-02,2006-07-17,2011-04-29,1207.0,neutral
2011-05-19,risk_off,neutral,0.0,1.0,2.271115054657948e-43,2011-05-02,2006-07-17,2011-04-29,1207.0,neutral
2011-05-20,risk_off,neutral,0.0,1.0,2.4397425554617618e-36,2011-05-02,2006-07-17,2011-04-29,1207.0,neutral
2011-05-23,risk_off,neutral,0.0,1.0,8.789222484556387e-30,2011-05-02,2006-07-17,2011-04-29,1207.0,neutral
2011-05-24,risk_off,neutral,0.0,1.0,2.1182863112476006e-37,2011-05-02,2006-07-17,2011-04-29,1207.0,neutral
2011-05-25,risk_off,neutral,0.0,1.0,1.7057002075077188e-34,2011-05-02,2006-07-17,2011-04-29,1207.0,neutral
2011-05-26,risk_off,neutral,0.0,1.0,2.57054406623147e-37,2011-05-02,2006-07-17,2011-04-29,1207.0,neutral
2011-05-27,risk_off,neutral,0.0,1.0,1.8934484113972396e-37,2011-05-02,2006-07-17,2011-04-29,1207.0,neutral
2011-05-31,risk_off,neutral,0.0,1.0,3.6729251366654196e-45,2011-05-02,2006-07-17,2011-04-29,1207.0,neutral
2011-06-01,risk_off,risk_on,3.112201673395501e-62,0.0,1.0,2011-06-01,2006-07-17,2011-05-31,1228.0,neutral
2011-06-02,risk_off,risk_on,1.4031125631107593e-64,0.0,1.0,2011-06-01,2006-07-17,2011-05-31,1228.0,risk_on
2011-06-03,risk_off,risk_on,8.299189890677839e-65,0.0,1.0,2011-06-01,2006-07-17,2011-05-31,1228.0,risk_on
2011-06-06,risk_off,risk_on,5.514384402935918e-59,0.0,1.0,2011-06-01,2006-07-17,2011-05-31,1228.0,risk_on
2011-06-07,risk_off,risk_on,5.835807461659296e-59,0.0,1.0,2011-06-01,2006-07-17,2011-05-31,1228.0,risk_on
2011-06-08,risk_off,risk_on,3.8050771778665393e-59,0.0,1.0,2011-06-01,2006-07-17,2011-05-31,1228.0,risk_on
2011-06-09,risk_off,risk_on,1.1635785193207866e-58,0.0,1.0,2011-06-01,2006-07-17,2011-05-31,1228.0,risk_on
2011-06-10,risk_off,risk_on,1.4697830123568696e-59,0.0,1.0,2011-06-01,2006-07-17,2011-05-31,1228.0,risk_on
2011-06-13,risk_off,risk_on,5.270174939859353e-64,0.0,1.0,2011-06-01,2006-07-17,2011-05-31,1228.0,risk_on
2011-06-14,risk_off,risk_on,3.424994028112579e-57,0.0,1.0,2011-06-01,2006-07-17,2011-05-31,1228.0,risk_on
2011-06-15,risk_off,risk_on,5.83921688489586e-62,0.0,1.0,2011-06-01,2006-07-17,2011-05-31,1228.0,risk_on
2011-06-16,risk_off,risk_on,8.122616731042447e-64,0.0,1.0,2011-06-01,2006-07-17,2011-05-31,1228.0,risk_on
2011-06-17,risk_off,risk_on,7.4888995484810905e-62,0.0,1.0,2011-06-01,2006-07-17,2011-05-31,1228.0,risk_on
2011-06-20,risk_off,risk_on,2.3416137185335373e-59,0.0,1.0,2011-06-01,2006-07-17,2011-05-31,1228.0,risk_on
2011-06-21,risk_off,risk_on,5.811962192588499e-59,0.0,1.0,2011-06-01,2006-07-17,2011-05-31,1228.0,risk_on
2011-06-22,risk_off,risk_on,1.5072553047413316e-57,0.0,1.0,2011-06-01,2006-07-17,2011-05-31,1228.0,risk_on
2011-06-23,risk_off,risk_on,7.706175358013761e-67,0.0,1.0,2011-06-01,2006-07-17,2011-05-31,1228.0,risk_on
2011-06-24,risk_off,risk_on,2.607469964408978e-68,0.0,1.0,2011-06-01,2006-07-17,2011-05-31,1228.0,risk_on
2011-06-27,risk_off,risk_on,1.152888585591355e-70,0.0,1.0,2011-06-01,2006-07-17,2011-05-31,1228.0,risk_on
2011-06-28,risk_off,risk_on,2.4309221786513888e-70,0.0,1.0,2011-06-01,2006-07-17,2011-05-31,1228.0,risk_on
2011-06-29,risk_off,risk_on,8.60038963837957e-68,0.0,1.0,2011-06-01,2006-07-17,2011-05-31,1228.0,risk_on
2011-06-30,risk_off,risk_on,5.217177582214127e-66,0.0,1.0,2011-06-01,2006-07-17,2011-05-31,1228.0,risk_on
2011-07-01,risk_off,risk_on,0.0,4.972673488076459e-70,1.0,2011-07-01,2006-07-17,2011-06-30,1250.0,risk_on
2011-07-05,risk_off,risk_on,0.0,2.2224999976219204e-68,1.0,2011-07-01,2006-07-17,2011-06-30,1250.0,risk_on
2011-07-06,risk_off,risk_on,0.0,1.3927279069886827e-68,1.0,2011-07-01,2006-07-17,2011-06-30,1250.0,risk_on
2011-07-07,risk_off,risk_on,0.0,1.1259414072279482e-66,1.0,2011-07-01,2006-07-17,2011-06-30,1250.0,risk_on
2011-07-08,risk_off,risk_on,0.0,3.4187159235320887e-69,1.0,2011-07-01,2006-07-17,2011-06-30,1250.0,risk_on
2011-07-11,risk_off,risk_on,0.0,8.694233992350526e-76,1.0,2011-07-01,2006-07-17,2011-06-30,1250.0,risk_on
2011-07-12,risk_off,risk_on,0.0,7.2280550068149625e-71,1.0,2011-07-01,2006-07-17,2011-06-30,1250.0,risk_on
2011-07-13,risk_off,risk_on,0.0,4.948785283481759e-67,1.0,2011-07-01,2006-07-17,2011-06-30,1250.0,risk_on
2011-07-14,risk_off,risk_on,0.0,3.9500265045529026e-69,1.0,2011-07-01,2006-07-17,2011-06-30,1250.0,risk_on
2011-07-15,risk_off,risk_on,0.0,1.5239726877861575e-69,1.0,2011-07-01,2006-07-17,2011-06-30,1250.0,risk_on
2011-07-18,risk_off,risk_on,0.0,6.691196720106015e-73,1.0,2011-07-01,2006-07-17,2011-06-30,1250.0,risk_on
2011-07-19,risk_off,risk_on,0.0,8.382886750775873e-80,1.0,2011-07-01,2006-07-17,2011-06-30,1250.0,risk_on
2011-07-20,risk_off,risk_on,0.0,2.81793438634215e-84,1.0,2011-07-01,2006-07-17,2011-06-30,1250.0,risk_on
2011-07-21,risk_off,risk_on,0.0,3.082016150263195e-85,1.0,2011-07-01,2006-07-17,2011-06-30,1250.0,risk_on
2011-07-22,risk_off,risk_on,0.0,3.3502807372121e-86,1.0,2011-07-01,2006-07-17,2011-06-30,1250.0,risk_on
2011-07-25,risk_off,risk_on,0.0,5.746089245751764e-102,1.0,2011-07-01,2006-07-17,2011-06-30,1250.0,risk_on
2011-07-26,risk_off,risk_on,0.0,1.2021296297785617e-105,1.0,2011-07-01,2006-07-17,2011-06-30,1250.0,risk_on
2011-07-27,risk_off,risk_on,0.0,5.574868927473716e-102,1.0,2011-07-01,2006-07-17,2011-06-30,1250.0,risk_on
2011-07-28,risk_off,risk_on,0.0,5.952882758251046e-102,1.0,2011-07-01,2006-07-17,2011-06-30,1250.0,risk_on
2011-07-29,risk_off,risk_on,0.0,2.6878697380948e-97,1.0,2011-07-01,2006-07-17,2011-06-30,1250.0,risk_on
2011-08-01,risk_off,risk_on,6.108046142162882e-146,2.16869965868201e-180,1.0,2011-08-01,2006-07-17,2011-07-29,1270.0,risk_on
2011-08-02,risk_off,risk_on,6.412538724236401e-162,6.4503707762855286e-198,1.0,2011-08-01,2006-07-17,2011-07-29,1270.0,risk_on
2011-08-03,risk_off,risk_on,5.950831281473429e-171,3.4101317846097646e-195,1.0,2011-08-01,2006-07-17,2011-07-29,1270.0,risk_on
2011-08-04,risk_off,risk_on,1.3984962274505758e-201,1.7315462891913318e-218,1.0,2011-08-01,2006-07-17,2011-07-29,1270.0,risk_on
2011-08-05,risk_off,risk_on,4.920587223958342e-198,1.2587242863095827e-191,1.0,2011-08-01,2006-07-17,2011-07-29,1270.0,risk_on
2011-08-08,risk_off,risk_on,8.631674170652012e-227,2.5640581374819644e-213,1.0,2011-08-01,2006-07-17,2011-07-29,1270.0,risk_on
2011-08-09,risk_off,risk_on,3.366747239564117e-253,1.4445632048432864e-239,1.0,2011-08-01,2006-07-17,2011-07-29,1270.0,risk_on
2011-08-10,risk_off,risk_on,8.219392615697912e-270,1.8252204581703106e-253,1.0,2011-08-01,2006-07-17,2011-07-29,1270.0,risk_on
2011-08-11,risk_off,risk_on,2.3165923446934663e-259,3.751424240142344e-219,1.0,2011-08-01,2006-07-17,2011-07-29,1270.0,risk_on
2011-08-12,risk_off,risk_on,1.0934174857541709e-268,6.243822664086485e-260,1.0,2011-08-01,2006-07-17,2011-07-29,1270.0,risk_on
2011-08-15,risk_off,risk_on,4.230784069436248e-260,3.979969067689811e-248,1.0,2011-08-01,2006-07-17,2011-07-29,1270.0,risk_on
2011-08-16,risk_off,risk_on,5.073761553586801e-272,2.053879126312585e-259,1.0,2011-08-01,2006-07-17,2011-07-29,1270.0,risk_on
2011-08-17,risk_off,risk_on,1.4454521841948946e-272,1.1915289790672044e-270,1.0,2011-08-01,2006-07-17,2011-07-29,1270.0,risk_on
2011-08-18,risk_off,risk_on,4.826857075739946e-308,1.2626782412536867e-286,1.0,2011-08-01,2006-07-17,2011-07-29,1270.0,risk_on
2011-08-19,risk_off,risk_on,6.525757592e-314,1.1836657473980343e-295,1.0,2011-08-01,2006-07-17,2011-07-29,1270.0,risk_on
2011-08-22,risk_off,risk_on,1.744627642e-313,3.402012799669712e-299,1.0,2011-08-01,2006-07-17,2011-07-29,1270.0,risk_on
2011-08-23,risk_off,risk_on,0.0,1.5526372775606725e-291,1.0,2011-08-01,2006-07-17,2011-07-29,1270.0,risk_on
2011-08-24,risk_off,risk_on,2.132185e-318,4.598457785127678e-254,1.0,2011-08-01,2006-07-17,2011-07-29,1270.0,risk_on
2011-08-25,risk_off,risk_on,0.0,7.841340979897407e-276,1.0,2011-08-01,2006-07-17,2011-07-29,1270.0,risk_on
2011-08-26,risk_off,risk_on,0.0,5.466376423056882e-279,1.0,2011-08-01,2006-07-17,2011-07-29,1270.0,risk_on
2011-08-29,risk_off,risk_on,0.0,5.673297819699682e-269,1.0,2011-08-01,2006-07-17,2011-07-29,1270.0,risk_on
2011-08-30,risk_off,risk_on,0.0,3.0908464001193474e-284,1.0,2011-08-01,2006-07-17,2011-07-29,1270.0,risk_on
2011-08-31,risk_off,risk_on,5.4716e-319,1.70443133845195e-274,1.0,2011-08-01,2006-07-17,2011-07-29,1270.0,risk_on
2011-09-01,risk_off,neutral,0.0,1.0,1.447774566962549e-63,2011-09-01,2006-07-17,2011-08-31,1293.0,risk_on
2011-09-02,risk_off,neutral,0.0,1.0,2.065525101628978e-62,2011-09-01,2006-07-17,2011-08-31,1293.0,neutral
2011-09-06,risk_off,neutral,0.0,1.0,6.228723064348149e-82,2011-09-01,2006-07-17,2011-08-31,1293.0,neutral
2011-09-07,risk_off,neutral,0.0,1.0,6.313126591823061e-62,2011-09-01,2006-07-17,2011-08-31,1293.0,neutral
2011-09-08,risk_off,neutral,0.0,1.0,2.518627357421468e-64,2011-09-01,2006-07-17,2011-08-31,1293.0,neutral
2011-09-09,risk_off,neutral,0.0,1.0,3.6847987996428504e-66,2011-09-01,2006-07-17,2011-08-31,1293.0,neutral
2011-09-12,risk_off,neutral,0.0,1.0,1.6961096430937757e-58,2011-09-01,2006-07-17,2011-08-31,1293.0,neutral
2011-09-13,risk_off,neutral,0.0,1.0,1.388167844360787e-57,2011-09-01,2006-07-17,2011-08-31,1293.0,neutral
2011-09-14,risk_off,neutral,0.0,1.0,9.749074243885033e-35,2011-09-01,2006-07-17,2011-08-31,1293.0,neutral
2011-09-15,risk_off,neutral,0.0,1.0,9.952366118089383e-27,2011-09-01,2006-07-17,2011-08-31,1293.0,neutral
2011-09-16,risk_off,neutral,0.0,1.0,1.266714705939535e-23,2011-09-01,2006-07-17,2011-08-31,1293.0,neutral
2011-09-19,risk_off,neutral,0.0,1.0,6.627333360348574e-23,2011-09-01,2006-07-17,2011-08-31,1293.0,neutral
2011-09-20,risk_off,neutral,0.0,1.0,1.5073317632805387e-24,2011-09-01,2006-07-17,2011-08-31,1293.0,neutral
2011-09-21,risk_off,neutral,0.0,1.0,8.357698049814851e-38,2011-09-01,2006-07-17,2011-08-31,1293.0,neutral
2011-09-22,risk_off,neutral,0.0,1.0,7.358791144154275e-78,2011-09-01,2006-07-17,2011-08-31,1293.0,neutral
2011-09-23,risk_off,neutral,0.0,1.0,9.644609844184717e-78,2011-09-01,2006-07-17,2011-08-31,1293.0,neutral
2011-09-26,risk_off,neutral,0.0,1.0,1.276274193925738e-63,2011-09-01,2006-07-17,2011-08-31,1293.0,neutral
2011-09-27,risk_off,neutral,0.0,1.0,1.8581022933615433e-47,2011-09-01,2006-07-17,2011-08-31,1293.0,neutral
2011-09-28,risk_off,neutral,0.0,1.0,1.5744192858833088e-86,2011-09-01,2006-07-17,2011-08-31,1293.0,neutral
2011-09-29,risk_off,neutral,0.0,1.0,7.09858129829516e-77,2011-09-01,2006-07-17,2011-08-31,1293.0,neutral
2011-09-30,risk_off,neutral,0.0,1.0,7.866480390527019e-127,2011-09-01,2006-07-17,2011-08-31,1293.0,neutral
2011-10-03,risk_off,risk_off,1.0,0.0,3.181153244445311e-161,2011-10-03,2006-07-17,2011-09-30,1314.0,neutral
2011-10-04,risk_off,risk_off,1.0,0.0,9.487316570335813e-137,2011-10-03,2006-07-17,2011-09-30,1314.0,risk_off
2011-10-05,risk_off,risk_off,1.0,0.0,3.9403048991623757e-115,2011-10-03,2006-07-17,2011-09-30,1314.0,risk_off
2011-10-06,risk_off,risk_off,1.0,0.0,4.290526221218348e-99,2011-10-03,2006-07-17,2011-09-30,1314.0,risk_off
2011-10-07,risk_off,risk_off,1.0,0.0,3.839323503346326e-96,2011-10-03,2006-07-17,2011-09-30,1314.0,risk_off
2011-10-10,risk_off,risk_off,1.0,0.0,3.5618673441682478e-68,2011-10-03,2006-07-17,2011-09-30,1314.0,risk_off
2011-10-11,risk_off,risk_off,1.0,0.0,1.6385521436222075e-71,2011-10-03,2006-07-17,2011-09-30,1314.0,risk_off
2011-10-12,risk_off,risk_off,1.0,0.0,1.3982881850290715e-58,2011-10-03,2006-07-17,2011-09-30,1314.0,risk_off
2011-10-13,risk_off,risk_off,1.0,0.0,1.386900116947352e-63,2011-10-03,2006-07-17,2011-09-30,1314.0,risk_off
2011-10-14,risk_off,risk_off,1.0,0.0,3.846177218105807e-46,2011-10-03,2006-07-17,2011-09-30,1314.0,risk_off
2011-10-17,risk_off,risk_off,1.0,0.0,5.012976679802272e-64,2011-10-03,2006-07-17,2011-09-30,1314.0,risk_off
2011-10-18,risk_off,risk_off,1.0,0.0,1.8597553311272003e-59,2011-10-03,2006-07-17,2011-09-30,1314.0,risk_off
2011-10-19,risk_off,risk_off,1.0,0.0,4.823361445749047e-69,2011-10-03,2006-07-17,2011-09-30,1314.0,risk_off
2011-10-20,risk_off,risk_off,1.0,0.0,7.745053954913282e-73,2011-10-03,2006-07-17,2011-09-30,1314.0,risk_off
2011-10-21,risk_off,risk_off,1.0,0.0,5.42763105175074e-64,2011-10-03,2006-07-17,2011-09-30,1314.0,risk_off
2011-10-24,risk_off,risk_off,1.0,0.0,1.9645363848480316e-60,2011-10-03,2006-07-17,2011-09-30,1314.0,risk_off
2011-10-25,risk_off,risk_off,1.0,0.0,1.3071214011414599e-71,2011-10-03,2006-07-17,2011-09-30,1314.0,risk_off
2011-10-26,risk_off,risk_off,1.0,0.0,1.4717419035910738e-49,2011-10-03,2006-07-17,2011-09-30,1314.0,risk_off
2011-10-27,risk_off,risk_off,1.0,0.0,1.5525773375346398e-39,2011-10-03,2006-07-17,2011-09-30,1314.0,risk_off
2011-10-28,risk_off,risk_off,1.0,0.0,1.2759890010012607e-36,2011-10-03,2006-07-17,2011-09-30,1314.0,risk_off
2011-10-31,risk_off,risk_off,1.0,0.0,3.452316196662838e-59,2011-10-03,2006-07-17,2011-09-30,1314.0,risk_off
2011-11-01,risk_off,neutral,0.0,1.0,1.7499314809931812e-71,2011-11-01,2006-07-17,2011-10-31,1335.0,risk_off
2011-11-02,risk_off,neutral,0.0,1.0,4.038495243901663e-61,2011-11-01,2006-07-17,2011-10-31,1335.0,neutral
2011-11-03,risk_off,neutral,0.0,1.0,3.2939278995359113e-53,2011-11-01,2006-07-17,2011-10-31,1335.0,neutral
2011-11-04,risk_off,neutral,0.0,1.0,2.2841434913430075e-47,2011-11-01,2006-07-17,2011-10-31,1335.0,neutral
2011-11-07,risk_off,neutral,0.0,1.0,1.9732491837522766e-60,2011-11-01,2006-07-17,2011-10-31,1335.0,neutral
2011-11-08,risk_off,neutral,0.0,1.0,2.002904582591384e-40,2011-11-01,2006-07-17,2011-10-31,1335.0,neutral
2011-11-09,risk_off,neutral,0.0,1.0,2.1141990928109184e-85,2011-11-01,2006-07-17,2011-10-31,1335.0,neutral
2011-11-10,risk_off,neutral,0.0,1.0,1.4301191335540322e-70,2011-11-01,2006-07-17,2011-10-31,1335.0,neutral
2011-11-11,risk_off,neutral,0.0,1.0,2.885146459494598e-63,2011-11-01,2006-07-17,2011-10-31,1335.0,neutral
2011-11-14,risk_off,neutral,0.0,1.0,1.7014786434999815e-68,2011-11-01,2006-07-17,2011-10-31,1335.0,neutral
2011-11-15,risk_off,neutral,0.0,1.0,1.9691759009599114e-71,2011-11-01,2006-07-17,2011-10-31,1335.0,neutral
2011-11-16,risk_off,neutral,0.0,1.0,4.948373677035786e-81,2011-11-01,2006-07-17,2011-10-31,1335.0,neutral
2011-11-17,risk_off,neutral,0.0,1.0,8.870860602664584e-83,2011-11-01,2006-07-17,2011-10-31,1335.0,neutral
2011-11-18,risk_off,neutral,0.0,1.0,1.5792766360359518e-69,2011-11-01,2006-07-17,2011-10-31,1335.0,neutral
2011-11-21,risk_off,neutral,0.0,1.0,6.267079393901179e-81,2011-11-01,2006-07-17,2011-10-31,1335.0,neutral
2011-11-22,risk_off,neutral,0.0,1.0,9.112658456102375e-83,2011-11-01,2006-07-17,2011-10-31,1335.0,neutral
2011-11-23,risk_off,neutral,0.0,1.0,2.5115713831668686e-94,2011-11-01,2006-07-17,2011-10-31,1335.0,neutral
2011-11-25,risk_off,neutral,0.0,1.0,1.3418517120271452e-95,2011-11-01,2006-07-17,2011-10-31,1335.0,neutral
2011-11-28,risk_off,neutral,0.0,1.0,4.399734959499313e-86,2011-11-01,2006-07-17,2011-10-31,1335.0,neutral
2011-11-29,risk_off,neutral,0.0,1.0,5.410636816227304e-81,2011-11-01,2006-07-17,2011-10-31,1335.0,neutral
2011-11-30,risk_off,neutral,0.0,1.0,1.2472409542671914e-63,2011-11-01,2006-07-17,2011-10-31,1335.0,neutral
2011-12-01,risk_off,risk_on,7.492444582450593e-06,8.431610659283972e-05,0.9999081914488249,2011-12-01,2006-07-17,2011-11-30,1356.0,neutral
2011-12-02,risk_off,risk_on,4.765848042105983e-07,0.01928640764969867,0.9807131157654986,2011-12-01,2006-07-17,2011-11-30,1356.0,risk_on
2011-12-05,risk_off,risk_on,1.164075590059733e-08,3.232166063861457e-08,0.9999999560375833,2011-12-01,2006-07-17,2011-11-30,1356.0,risk_on
2011-12-06,risk_off,risk_on,1.6921939733541283e-07,2.0097338825567505e-09,0.9999998287708682,2011-12-01,2006-07-17,2011-11-30,1356.0,risk_on
2011-12-07,risk_off,risk_on,2.0447065066574922e-08,2.9005898807615805e-12,0.999999979550035,2011-12-01,2006-07-17,2011-11-30,1356.0,risk_on
2011-12-08,risk_off,risk_on,1.3728362499711159e-08,2.7291870634349568e-12,0.9999999862689091,2011-12-01,2006-07-17,2011-11-30,1356.0,risk_on
2011-12-09,risk_off,risk_on,3.74953107851227e-09,6.658575739451359e-16,0.9999999962504678,2011-12-01,2006-07-17,2011-11-30,1356.0,risk_on
2011-12-12,risk_off,risk_on,9.383111394129062e-06,6.664577502562654e-06,0.9999839523111024,2011-12-01,2006-07-17,2011-11-30,1356.0,risk_on
2011-12-13,risk_off,neutral,5.8836512396208285e-05,0.9791783038831676,0.02076285960443272,2011-12-01,2006-07-17,2011-11-30,1356.0,risk_on
2011-12-14,risk_off,neutral,5.126914434276839e-05,0.9999472821838924,1.448671766243444e-06,2011-12-01,2006-07-17,2011-11-30,1356.0,neutral
2011-12-15,risk_off,neutral,0.006680321351920082,0.9925046015995925,0.0008150770484843992,2011-12-01,2006-07-17,2011-11-30,1356.0,neutral
2011-12-16,risk_off,neutral,0.01714415784233351,0.9459859151102007,0.03686992704746527,2011-12-01,2006-07-17,2011-11-30,1356.0,neutral
2011-12-19,risk_off,neutral,0.017689412645792095,0.9821237182652631,0.00018686908894408792,2011-12-01,2006-07-17,2011-11-30,1356.0,neutral
2011-12-20,risk_off,risk_on,0.0002901462969258648,0.0002512647104885013,0.9994585889925822,2011-12-01,2006-07-17,2011-11-30,1356.0,neutral
2011-12-21,risk_off,risk_on,7.908620070196909e-10,1.2261252935374892e-06,0.999998773083845,2011-12-01,2006-07-17,2011-11-30,1356.0,risk_on
2011-12-22,risk_off,risk_on,1.8473291020094506e-08,5.90393017532123e-07,0.9999993911336922,2011-12-01,2006-07-17,2011-11-30,1356.0,risk_on
2011-12-23,risk_off,risk_on,1.8366090057355327e-09,1.1369987166769127e-08,0.9999999867934051,2011-12-01,2006-07-17,2011-11-30,1356.0,risk_on
2011-12-27,risk_off,risk_on,7.554717700804109e-06,7.335709571466065e-07,0.9999917117113388,2011-12-01,2006-07-17,2011-11-30,1356.0,risk_on
2011-12-28,risk_off,risk_on,4.7347739673849994e-06,0.0016960272871374394,0.9982992379388981,2011-12-01,2006-07-17,2011-11-30,1356.0,risk_on
2011-12-29,risk_off,risk_on,3.454016480095221e-05,0.0016479209701158871,0.9983175388650819,2011-12-01,2006-07-17,2011-11-30,1356.0,risk_on
2011-12-30,risk_off,risk_on,1.443665046788818e-08,1.5897166475521223e-06,0.9999983958467032,2011-12-01,2006-07-17,2011-11-30,1356.0,risk_on
2012-01-03,risk_off,risk_off,1.0,2.1302573058523264e-66,1.0627581478544661e-65,2012-01-03,2006-07-17,2011-12-30,1377.0,risk_on
2012-01-04,risk_off,risk_off,1.0,1.1622881024906367e-61,2.9634323055729507e-65,2012-01-03,2006-07-17,2011-12-30,1377.0,risk_off
2012-01-05,risk_off,risk_off,1.0,4.532071503410504e-62,1.4125318576426988e-62,2012-01-03,2006-07-17,2011-12-30,1377.0,risk_off
2012-01-06,risk_off,risk_off,1.0,1.1073149178125218e-57,3.263110587855563e-65,2012-01-03,2006-07-17,2011-12-30,1377.0,risk_off
2012-01-09,risk_off,risk_off,1.0,2.028180813456137e-59,2.8694170738073716e-60,2012-01-03,2006-07-17,2011-12-30,1377.0,risk_off
2012-01-10,risk_off,risk_off,1.0,4.887039099191383e-62,1.2328939695619436e-60,2012-01-03,2006-07-17,2011-12-30,1377.0,risk_off
2012-01-11,risk_off,risk_off,1.0,9.137973580870114e-58,1.2906601058067667e-60,2012-01-03,2006-07-17,2011-12-30,1377.0,risk_off
2012-01-12,risk_off,risk_off,1.0,5.962516108169068e-56,5.4701115803887635e-59,2012-01-03,2006-07-17,2011-12-30,1377.0,risk_off
2012-01-13,risk_off,risk_off,1.0,4.2335685691412296e-54,1.9531823865446037e-69,2012-01-03,2006-07-17,2011-12-30,1377.0,risk_off
2012-01-17,risk_off,risk_off,1.0,5.853380028644738e-59,1.5285156370341732e-74,2012-01-03,2006-07-17,2011-12-30,1377.0,risk_off
2012-01-18,risk_off,risk_off,1.0,1.2706257060758356e-60,5.636780116120738e-76,2012-01-03,2006-07-17,2011-12-30,1377.0,risk_off
2012-01-19,risk_off,risk_off,1.0,7.837858444851293e-56,2.1085690724043506e-68,2012-01-03,2006-07-17,2011-12-30,1377.0,risk_off
2012-01-20,risk_off,risk_off,1.0,5.2432347007673025e-52,1.0587952509035312e-62,2012-01-03,2006-07-17,2011-12-30,1377.0,risk_off
2012-01-23,risk_off,risk_off,1.0,4.898137048784849e-58,2.1399468297564644e-57,2012-01-03,2006-07-17,2011-12-30,1377.0,risk_off
2012-01-24,risk_off,risk_off,1.0,4.160203790945964e-57,8.2469908048104e-62,2012-01-03,2006-07-17,2011-12-30,1377.0,risk_off
2012-01-25,risk_off,risk_off,1.0,1.0079334442447492e-57,2.363067953425935e-61,2012-01-03,2006-07-17,2011-12-30,1377.0,risk_off
2012-01-26,risk_off,risk_off,1.0,2.9608871475695544e-62,2.3919945495143074e-61,2012-01-03,2006-07-17,2011-12-30,1377.0,risk_off
2012-01-27,risk_off,risk_off,1.0,4.9836536685329495e-61,1.9437362065023514e-69,2012-01-03,2006-07-17,2011-12-30,1377.0,risk_off
2012-01-30,risk_off,risk_off,1.0,1.3164399423847843e-55,1.2898870665241234e-71,2012-01-03,2006-07-17,2011-12-30,1377.0,risk_off
2012-01-31,risk_off,risk_off,1.0,1.1343963180259656e-56,3.4650208155314323e-71,2012-01-03,2006-07-17,2011-12-30,1377.0,risk_off
2012-02-01,risk_off,risk_on,5.942061508419018e-32,3.4450920680220497e-71,1.0,2012-02-01,2006-07-17,2012-01-31,1397.0,risk_off
2012-02-02,risk_off,risk_on,1.1243632563737578e-28,1.8108513559974087e-67,1.0,2012-02-01,2006-07-17,2012-01-31,1397.0,risk_on
2012-02-03,risk_off,risk_on,5.600850241579829e-28,2.2158111837734077e-63,1.0,2012-02-01,2006-07-17,2012-01-31,1397.0,risk_on
2012-02-06,risk_off,risk_on,3.341366525888206e-27,3.500744304814088e-65,1.0,2012-02-01,2006-07-17,2012-01-31,1397.0,risk_on
2012-02-07,risk_off,risk_on,8.545852170471588e-30,1.0589614276764917e-67,1.0,2012-02-01,2006-07-17,2012-01-31,1397.0,risk_on
2012-02-08,risk_off,risk_on,2.82055246842637e-32,2.385143513773922e-69,1.0,2012-02-01,2006-07-17,2012-01-31,1397.0,risk_on
2012-02-09,risk_off,risk_on,1.8500228175644621e-31,2.1648243049580236e-71,1.0,2012-02-01,2006-07-17,2012-01-31,1397.0,risk_on
2012-02-10,risk_off,risk_on,2.2638345147119487e-29,3.037434885928992e-69,1.0,2012-02-01,2006-07-17,2012-01-31,1397.0,risk_on
2012-02-13,risk_off,risk_on,3.9040429422952455e-33,2.9125464605205807e-73,1.0,2012-02-01,2006-07-17,2012-01-31,1397.0,risk_on
2012-02-14,risk_off,risk_on,4.1084421362908263e-32,2.7747194692346856e-72,1.0,2012-02-01,2006-07-17,2012-01-31,1397.0,risk_on
2012-02-15,risk_off,risk_on,2.1123455237353438e-35,2.6079769128900563e-80,1.0,2012-02-01,2006-07-17,2012-01-31,1397.0,risk_on
2012-02-16,risk_off,risk_on,1.373982529149569e-37,1.5855536817277982e-82,1.0,2012-02-01,2006-07-17,2012-01-31,1397.0,risk_on
2012-02-17,risk_off,risk_on,1.8905107465781093e-40,1.2030795222998886e-81,1.0,2012-02-01,2006-07-17,2012-01-31,1397.0,risk_on
2012-02-21,risk_off,risk_on,2.4684512451006915e-39,2.005694788209458e-77,1.0,2012-02-01,2006-07-17,2012-01-31,1397.0,risk_on
2012-02-22,risk_off,risk_on,5.604945598542871e-34,6.619801762020188e-76,1.0,2012-02-01,2006-07-17,2012-01-31,1397.0,risk_on
2012-02-23,risk_off,risk_on,1.6496628346053127e-30,3.400872396779209e-76,1.0,2012-02-01,2006-07-17,2012-01-31,1397.0,risk_on
2012-02-24,risk_off,risk_on,8.417944432460278e-32,1.3686260142725262e-77,1.0,2012-02-01,2006-07-17,2012-01-31,1397.0,risk_on
2012-02-27,risk_off,risk_on,5.414427187407593e-32,5.673949405749867e-78,1.0,2012-02-01,2006-07-17,2012-01-31,1397.0,risk_on
2012-02-28,risk_off,risk_on,2.880284285044504e-29,1.3608553596475341e-81,1.0,2012-02-01,2006-07-17,2012-01-31,1397.0,risk_on
2012-02-29,risk_off,risk_on,3.315685362367756e-31,1.5290747046447744e-74,1.0,2012-02-01,2006-07-17,2012-01-31,1397.0,risk_on
2012-03-01,risk_off,risk_on,4.724870641923821e-268,4.7768910974593844e-20,1.0,2012-03-01,2006-07-17,2012-02-29,1417.0,risk_on
2012-03-02,risk_off,risk_on,1.0685920484403007e-261,5.896082733951113e-20,1.0,2012-03-01,2006-07-17,2012-02-29,1417.0,risk_on
2012-03-05,risk_off,risk_on,1.2664743080830074e-246,1.1966302968616175e-16,1.0,2012-03-01,2006-07-17,2012-02-29,1417.0,risk_on
2012-03-06,risk_off,risk_on,9.533102987824164e-248,4.2324482795450894e-13,0.9999999999995772,2012-03-01,2006-07-17,2012-02-29,1417.0,risk_on
2012-03-07,risk_off,risk_on,1.3897300929569815e-249,7.584076372589514e-14,0.9999999999999218,2012-03-01,2006-07-17,2012-02-29,1417.0,risk_on
2012-03-08,risk_off,risk_on,1.1535607329575324e-254,3.5887284463562854e-14,0.9999999999999645,2012-03-01,2006-07-17,2012-02-29,1417.0,risk_on
2012-03-09,risk_off,risk_on,1.5310265604988275e-248,6.743041381595881e-12,0.999999999993257,2012-03-01,2006-07-17,2012-02-29,1417.0,risk_on
2012-03-12,risk_off,risk_on,3.154881248788406e-253,2.3740449561852775e-09,0.9999999976259559,2012-03-01,2006-07-17,2012-02-29,1417.0,risk_on
2012-03-13,risk_off,risk_on,4.2098132130617433e-252,4.2373678723831e-09,0.9999999957626287,2012-03-01,2006-07-17,2012-02-29,1417.0,risk_on
2012-03-14,risk_off,risk_on,2.6967681826221137e-262,2.9745442752777364e-11,0.9999999999702567,2012-03-01,2006-07-17,2012-02-29,1417.0,risk_on
2012-03-15,risk_off,risk_on,4.6911833679782356e-266,2.5872536972523893e-10,0.9999999997412772,2012-03-01,2006-07-17,2012-02-29,1417.0,risk_on
2012-03-16,risk_off,risk_on,2.7109198114073017e-273,1.150738240637495e-05,0.9999884926175916,2012-03-01,2006-07-17,2012-02-29,1417.0,risk_on
2012-03-19,risk_on,neutral,7.724537262250222e-283,0.8485603389680979,0.15143966103189532,2012-03-01,2006-07-17,2012-02-29,1417.0,risk_on
2012-03-20,risk_on,neutral,4.2029829758778365e-295,0.9999998259732346,1.7402676253174477e-07,2012-03-01,2006-07-17,2012-02-29,1417.0,neutral
2012-03-21,risk_on,neutral,5.344337470988232e-301,0.9999999962039681,3.7960276964474945e-09,2012-03-01,2006-07-17,2012-02-29,1417.0,neutral
2012-03-22,risk_on,neutral,2.2555647425037107e-292,0.9999999983084535,1.6915421993705468e-09,2012-03-01,2006-07-17,2012-02-29,1417.0,neutral
2012-03-23,risk_on,neutral,7.64841701327431e-302,1.0,2.6608102840390416e-20,2012-03-01,2006-07-17,2012-02-29,1417.0,neutral
2012-03-26,risk_on,neutral,3.8124244011696e-311,1.0,2.1592228766536244e-24,2012-03-01,2006-07-17,2012-02-29,1417.0,neutral
2012-03-27,risk_on,neutral,6.280325119e-314,1.0,1.4288261045947322e-24,2012-03-01,2006-07-17,2012-02-29,1417.0,neutral
2012-03-28,risk_on,neutral,2.405895963495335e-309,1.0,4.62959054353771e-27,2012-03-01,2006-07-17,2012-02-29,1417.0,neutral
2012-03-29,risk_on,neutral,1.1308460482866063e-305,1.0,1.726114086337594e-30,2012-03-01,2006-07-17,2012-02-29,1417.0,neutral
2012-03-30,risk_on,neutral,7.377109781143179e-299,1.0,1.6515393354934215e-31,2012-03-01,2006-07-17,2012-02-29,1417.0,neutral
2012-04-02,risk_on,neutral,7.358689140936948e-81,1.0,2.4026e-319,2012-04-02,2006-07-17,2012-03-30,1439.0,neutral
2012-04-03,risk_on,neutral,4.83977580524504e-77,1.0,9.533963775e-315,2012-04-02,2006-07-17,2012-03-30,1439.0,neutral
2012-04-04,risk_on,neutral,2.177310453687813e-73,1.0,0.0,2012-04-02,2006-07-17,2012-03-30,1439.0,neutral
2012-04-05,risk_on,neutral,3.475884823361966e-80,1.0,0.0,2012-04-02,2006-07-17,2012-03-30,1439.0,neutral
2012-04-09,risk_on,neutral,7.602890038291195e-78,1.0,0.0,2012-04-02,2006-07-17,2012-03-30,1439.0,neutral
2012-04-10,risk_on,neutral,6.376156071093579e-64,1.0,0.0,2012-04-02,2006-07-17,2012-03-30,1439.0,neutral
2012-04-11,risk_on,neutral,3.533516326690375e-66,1.0,0.0,2012-04-02,2006-07-17,2012-03-30,1439.0,neutral
2012-04-12,risk_on,neutral,4.938527642731271e-77,1.0,0.0,2012-04-02,2006-07-17,2012-03-30,1439.0,neutral
2012-04-13,risk_on,neutral,5.154054036809624e-65,1.0,0.0,2012-04-02,2006-07-17,2012-03-30,1439.0,neutral
2012-04-16,risk_on,neutral,1.7003438286112807e-67,1.0,0.0,2012-04-02,2006-07-17,2012-03-30,1439.0,neutral
2012-04-17,risk_on,neutral,4.1160287463933657e-69,1.0,0.0,2012-04-02,2006-07-17,2012-03-30,1439.0,neutral
2012-04-18,risk_on,neutral,4.903602059119016e-66,1.0,0.0,2012-04-02,2006-07-17,2012-03-30,1439.0,neutral
2012-04-19,risk_on,neutral,5.7787415308056185e-64,1.0,0.0,2012-04-02,2006-07-17,2012-03-30,1439.0,neutral
2012-04-20,risk_on,neutral,9.309159639285283e-61,1.0,0.0,2012-04-02,2006-07-17,2012-03-30,1439.0,neutral
2012-04-23,risk_on,neutral,6.884969347666859e-54,1.0,0.0,2012-04-02,2006-07-17,2012-03-30,1439.0,neutral
2012-04-24,risk_on,neutral,1.4046797851593126e-48,1.0,0.0,2012-04-02,2006-07-17,2012-03-30,1439.0,neutral
2012-04-25,risk_on,neutral,1.6379057527920469e-56,1.0,0.0,2012-04-02,2006-07-17,2012-03-30,1439.0,neutral
2012-04-26,risk_on,neutral,4.1213247851698055e-58,1.0,0.0,2012-04-02,2006-07-17,2012-03-30,1439.0,neutral
2012-04-27,risk_on,neutral,3.122957633549142e-61,1.0,0.0,2012-04-02,2006-07-17,2012-03-30,1439.0,neutral
2012-04-30,risk_on,neutral,6.212277723676627e-61,1.0,0.0,2012-04-02,2006-07-17,2012-03-30,1439.0,neutral
2012-05-01,risk_on,risk_on,1.6203782837782576e-133,9.450732852333246e-113,1.0,2012-05-01,2006-07-17,2012-04-30,1459.0,neutral
2012-05-02,risk_on,risk_on,1.869108001844439e-133,3.0670183724794914e-119,1.0,2012-05-01,2006-07-17,2012-04-30,1459.0,risk_on
2012-05-03,risk_on,risk_on,3.388554242919907e-130,1.3281241579425256e-116,1.0,2012-05-01,2006-07-17,2012-04-30,1459.0,risk_on
2012-05-04,risk_on,risk_on,2.497018188029639e-115,2.0995951817838152e-104,1.0,2012-05-01,2006-07-17,2012-04-30,1459.0,risk_on
2012-05-07,risk_on,risk_on,2.8436936923600404e-120,6.115582288581138e-98,1.0,2012-05-01,2006-07-17,2012-04-30,1459.0,risk_on
2012-05-08,risk_on,risk_on,5.769881246073313e-116,3.588255234009438e-102,1.0,2012-05-01,2006-07-17,2012-04-30,1459.0,risk_on
2012-05-09,risk_on,risk_on,9.59019541158738e-115,1.6455490129962326e-101,1.0,2012-05-01,2006-07-17,2012-04-30,1459.0,risk_on
2012-05-10,risk_on,risk_on,6.286348298881428e-115,1.367319648614005e-98,1.0,2012-05-01,2006-07-17,2012-04-30,1459.0,risk_on
2012-05-11,risk_on,risk_on,1.6761039549230324e-118,5.6972036260200775e-102,1.0,2012-05-01,2006-07-17,2012-04-30,1459.0,risk_on
2012-05-14,risk_on,risk_on,1.9354216434998882e-108,7.01804125910578e-104,1.0,2012-05-01,2006-07-17,2012-04-30,1459.0,risk_on
2012-05-15,risk_on,risk_on,8.547392007139863e-105,2.79369455438362e-113,1.0,2012-05-01,2006-07-17,2012-04-30,1459.0,risk_on
2012-05-16,risk_on,risk_on,1.840143284485917e-116,5.832499699643221e-119,1.0,2012-05-01,2006-07-17,2012-04-30,1459.0,risk_on
2012-05-17,risk_on,risk_on,5.066905454167962e-106,2.6880624272762423e-117,1.0,2012-05-01,2006-07-17,2012-04-30,1459.0,risk_on
2012-05-18,risk_on,risk_on,6.373613764137142e-103,4.948637193735178e-120,1.0,2012-05-01,2006-07-17,2012-04-30,1459.0,risk_on
2012-05-21,risk_on,risk_on,6.3413818403185904e-111,5.048844084543332e-115,1.0,2012-05-01,2006-07-17,2012-04-30,1459.0,risk_on
2012-05-22,risk_on,risk_on,1.0203930292745416e-103,1.4584324544536624e-116,1.0,2012-05-01,2006-07-17,2012-04-30,1459.0,risk_on
2012-05-23,risk_on,risk_on,6.021339218814258e-101,6.389509660229581e-125,1.0,2012-05-01,2006-07-17,2012-04-30,1459.0,risk_on
2012-05-24,risk_on,risk_on,4.628818407823413e-99,7.183657964752351e-131,1.0,2012-05-01,2006-07-17,2012-04-30,1459.0,risk_on
2012-05-25,risk_on,risk_on,5.679586120768625e-103,3.079970434605743e-127,1.0,2012-05-01,2006-07-17,2012-04-30,1459.0,risk_on
2012-05-29,risk_on,risk_on,3.119936427184909e-105,3.6430913099599035e-126,1.0,2012-05-01,2006-07-17,2012-04-30,1459.0,risk_on
2012-05-30,risk_on,risk_on,1.4448903442233947e-94,3.592204242872208e-132,1.0,2012-05-01,2006-07-17,2012-04-30,1459.0,risk_on
2012-05-31,risk_on,risk_on,9.931653698713532e-91,2.7225850368154445e-139,1.0,2012-05-01,2006-07-17,2012-04-30,1459.0,risk_on
2012-06-01,risk_on,risk_on,1.5372270723060265e-74,1.2704973774198144e-102,1.0,2012-06-01,2006-07-17,2012-05-31,1481.0,risk_on
2012-06-04,risk_on,risk_on,1.237824718873989e-77,7.750235253351622e-106,1.0,2012-06-01,2006-07-17,2012-05-31,1481.0,risk_on
2012-06-05,risk_on,risk_on,1.5014701092092341e-77,3.302487127949734e-105,1.0,2012-06-01,2006-07-17,2012-05-31,1481.0,risk_on
2012-06-06,risk_on,risk_on,3.1940163173130675e-80,5.86008321654888e-103,1.0,2012-06-01,2006-07-17,2012-05-31,1481.0,risk_on
2012-06-07,risk_on,risk_on,9.458766412582824e-80,6.976328568548837e-105,1.0,2012-06-01,2006-07-17,2012-05-31,1481.0,risk_on
2012-06-08,risk_on,risk_on,7.395457640202966e-78,5.941677436037666e-106,1.0,2012-06-01,2006-07-17,2012-05-31,1481.0,risk_on
2012-06-11,risk_on,risk_on,3.9751135248028326e-74,3.3842119032969166e-100,1.0,2012-06-01,2006-07-17,2012-05-31,1481.0,risk_on
2012-06-12,risk_on,risk_on,1.5585673479270008e-76,7.656316234181429e-98,1.0,2012-06-01,2006-07-17,2012-05-31,1481.0,risk_on
2012-06-13,risk_on,risk_on,1.2520531537712656e-81,1.1946936617023325e-94,1.0,2012-06-01,2006-07-17,2012-05-31,1481.0,risk_on
2012-06-14,risk_on,risk_on,1.6087988062702449e-77,1.7334640761192896e-95,1.0,2012-06-01,2006-07-17,2012-05-31,1481.0,risk_on
2012-06-15,risk_on,risk_on,1.1061486531161043e-87,1.3048326757365594e-95,1.0,2012-06-01,2006-07-17,2012-05-31,1481.0,risk_on
2012-06-18,risk_on,risk_on,1.126444733249394e-93,1.4856001184439387e-102,1.0,2012-06-01,2006-07-17,2012-05-31,1481.0,risk_on
2012-06-19,risk_on,risk_on,1.3869059651848526e-98,1.803064461815215e-96,1.0,2012-06-01,2006-07-17,2012-05-31,1481.0,risk_on
2012-06-20,risk_on,risk_on,3.713646898133091e-101,9.100040244508394e-104,1.0,2012-06-01,2006-07-17,2012-05-31,1481.0,risk_on
2012-06-21,risk_on,risk_on,9.987652096655418e-95,1.4674105214768108e-104,1.0,2012-06-01,2006-07-17,2012-05-31,1481.0,risk_on
2012-06-22,risk_on,risk_on,8.714415085082348e-93,2.6215404588121627e-104,1.0,2012-06-01,2006-07-17,2012-05-31,1481.0,risk_on
2012-06-25,risk_on,risk_on,3.675974248907912e-88,1.2464019775858217e-101,1.0,2012-06-01,2006-07-17,2012-05-31,1481.0,risk_on
2012-06-26,risk_on,risk_on,1.2346819225416544e-90,8.606905779348036e-100,1.0,2012-06-01,2006-07-17,2012-05-31,1481.0,risk_on
2012-06-27,risk_on,risk_on,1.7962182233233678e-94,2.7420501950773072e-98,1.0,2012-06-01,2006-07-17,2012-05-31,1481.0,risk_on
2012-06-28,risk_on,risk_on,1.2029497004809984e-91,7.798791040553783e-99,1.0,2012-06-01,2006-07-17,2012-05-31,1481.0,risk_on
2012-06-29,risk_on,risk_on,2.568465485707727e-97,1.032565676611396e-91,1.0,2012-06-01,2006-07-17,2012-05-31,1481.0,risk_on
2012-07-02,risk_on,neutral,6.659301772435644e-101,1.0,5.219220711317917e-99,2012-07-02,2006-07-17,2012-06-29,1502.0,risk_on
2012-07-03,risk_on,neutral,3.599198345556146e-101,1.0,5.8111049073424895e-92,2012-07-02,2006-07-17,2012-06-29,1502.0,neutral
2012-07-05,risk_on,neutral,6.074068795892755e-105,1.0,6.448902041415953e-92,2012-07-02,2006-07-17,2012-06-29,1502.0,neutral
2012-07-06,risk_on,neutral,1.9516919153373034e-104,1.0,2.1903762314342482e-95,2012-07-02,2006-07-17,2012-06-29,1502.0,neutral
2012-07-09,risk_on,neutral,2.2166823511518066e-103,1.0,5.4010462890045494e-98,2012-07-02,2006-07-17,2012-06-29,1502.0,neutral
2012-07-10,risk_on,neutral,1.9803354141393283e-98,1.0,2.291119218039276e-96,2012-07-02,2006-07-17,2012-06-29,1502.0,neutral
2012-07-11,risk_on,neutral,1.0407144446199718e-93,1.0,1.973666541080694e-97,2012-07-02,2006-07-17,2012-06-29,1502.0,neutral
2012-07-12,risk_on,neutral,9.248733384339448e-91,1.0,1.1448275354494151e-102,2012-07-02,2006-07-17,2012-06-29,1502.0,neutral
2012-07-13,risk_on,neutral,5.386233806695996e-88,1.0,2.501267251657647e-94,2012-07-02,2006-07-17,2012-06-29,1502.0,neutral
2012-07-16,risk_on,neutral,2.3798870474486533e-89,1.0,9.437861370696467e-92,2012-07-02,2006-07-17,2012-06-29,1502.0,neutral
2012-07-17,risk_on,neutral,2.041524602516122e-87,1.0,3.719748846888126e-95,2012-07-02,2006-07-17,2012-06-29,1502.0,neutral
2012-07-18,risk_on,neutral,1.6131081557305037e-90,1.0,1.0416143310037366e-93,2012-07-02,2006-07-17,2012-06-29,1502.0,neutral
2012-07-19,risk_on,neutral,8.213198058080135e-90,1.0,2.5566345449584902e-95,2012-07-02,2006-07-17,2012-06-29,1502.0,neutral
2012-07-20,risk_on,neutral,2.9454816118906184e-88,1.0,2.4350401176850214e-97,2012-07-02,2006-07-17,2012-06-29,1502.0,neutral
2012-07-23,risk_on,neutral,3.452692777680477e-88,1.0,1.6744311254144582e-95,2012-07-02,2006-07-17,2012-06-29,1502.0,neutral
2012-07-24,risk_on,neutral,3.2637681301429226e-86,1.0,2.282963278372734e-98,2012-07-02,2006-07-17,2012-06-29,1502.0,neutral
2012-07-25,risk_on,neutral,9.411744517470818e-90,1.0,7.284016230630931e-103,2012-07-02,2006-07-17,2012-06-29,1502.0,neutral
2012-07-26,risk_on,neutral,2.63916769838666e-84,1.0,1.6766439076150115e-101,2012-07-02,2006-07-17,2012-06-29,1502.0,neutral
2012-07-27,risk_on,neutral,3.339583427389262e-84,1.0,1.680887212904837e-92,2012-07-02,2006-07-17,2012-06-29,1502.0,neutral
2012-07-30,risk_on,neutral,1.4167083207051476e-79,1.0,3.0832042641157115e-93,2012-07-02,2006-07-17,2012-06-29,1502.0,neutral
2012-07-31,risk_on,neutral,6.7980023871800255e-84,1.0,6.801599529242598e-86,2012-07-02,2006-07-17,2012-06-29,1502.0,neutral
2012-08-01,risk_on,risk_on,2.730446015384393e-105,1.8450210145892488e-30,1.0,2012-08-01,2006-07-17,2012-07-31,1523.0,neutral
2012-08-02,risk_on,risk_on,3.298789931571924e-117,7.624330052554247e-32,1.0,2012-08-01,2006-07-17,2012-07-31,1523.0,risk_on
2012-08-03,risk_on,risk_on,3.7684546231906065e-100,1.986002717834949e-24,1.0,2012-08-01,2006-07-17,2012-07-31,1523.0,risk_on
2012-08-06,risk_on,risk_on,1.7522775458972834e-97,1.6361273634159467e-25,1.0,2012-08-01,2006-07-17,2012-07-31,1523.0,risk_on
2012-08-07,risk_on,risk_on,2.683064142759587e-86,2.2100183249849387e-17,1.0,2012-08-01,2006-07-17,2012-07-31,1523.0,risk_on
2012-08-08,risk_on,risk_on,1.066418584820015e-99,6.729845489176589e-22,1.0,2012-08-01,2006-07-17,2012-07-31,1523.0,risk_on
2012-08-09,risk_on,risk_on,5.429106483540115e-92,8.46013624555578e-19,1.0,2012-08-01,2006-07-17,2012-07-31,1523.0,risk_on
2012-08-10,risk_on,risk_on,5.8344405263230575e-105,3.718397738126214e-20,1.0,2012-08-01,2006-07-17,2012-07-31,1523.0,risk_on
2012-08-13,risk_on,risk_on,1.0123955630341367e-116,1.7615832655154042e-19,1.0,2012-08-01,2006-07-17,2012-07-31,1523.0,risk_on
2012-08-14,risk_on,risk_on,4.9254986317549736e-116,1.852179574150591e-15,0.9999999999999964,2012-08-01,2006-07-17,2012-07-31,1523.0,risk_on
2012-08-15,risk_on,risk_on,8.954645191413805e-126,3.735103987446691e-16,1.0,2012-08-01,2006-07-17,2012-07-31,1523.0,risk_on
2012-08-16,risk_on,risk_on,1.0974782724083128e-126,1.5586376928849026e-12,0.9999999999984439,2012-08-01,2006-07-17,2012-07-31,1523.0,risk_on
2012-08-17,risk_on,risk_on,8.423250377754214e-125,8.377268217373672e-08,0.9999999162273205,2012-08-01,2006-07-17,2012-07-31,1523.0,risk_on
2012-08-20,risk_on,risk_on,8.555322763962694e-120,5.285099704065066e-09,0.9999999947148979,2012-08-01,2006-07-17,2012-07-31,1523.0,risk_on
2012-08-21,risk_on,risk_on,2.2853823833485887e-113,3.5347167652912565e-07,0.9999996465283288,2012-08-01,2006-07-17,2012-07-31,1523.0,risk_on
2012-08-22,risk_on,risk_on,9.781776245642175e-128,1.4684929878940421e-08,0.9999999853150712,2012-08-01,2006-07-17,2012-07-31,1523.0,risk_on
2012-08-23,risk_on,risk_on,1.728814172274698e-131,2.7723748588905412e-11,0.9999999999722746,2012-08-01,2006-07-17,2012-07-31,1523.0,risk_on
2012-08-24,risk_on,risk_on,3.938180596467579e-129,2.0684683850108545e-08,0.9999999793153196,2012-08-01,2006-07-17,2012-07-31,1523.0,risk_on
2012-08-27,risk_on,risk_on,2.527814806964338e-127,2.977854566630846e-11,0.9999999999702212,2012-08-01,2006-07-17,2012-07-31,1523.0,risk_on
2012-08-28,risk_on,risk_on,2.731917487549505e-132,2.4297021714244573e-10,0.9999999997570299,2012-08-01,2006-07-17,2012-07-31,1523.0,risk_on
2012-08-29,risk_on,risk_on,9.287413568497858e-130,2.900538872325152e-09,0.999999997099458,2012-08-01,2006-07-17,2012-07-31,1523.0,risk_on
2012-08-30,risk_on,risk_on,4.7714572912023805e-127,6.214029649168578e-08,0.9999999378597001,2012-08-01,2006-07-17,2012-07-31,1523.0,risk_on
2012-08-31,risk_on,risk_on,2.4161443827209266e-126,1.10071086872212e-06,0.9999988992891335,2012-08-01,2006-07-17,2012-07-31,1523.0,risk_on
2012-09-04,risk_on,neutral,0.0,1.0,6.070453761052731e-29,2012-09-04,2006-07-17,2012-08-31,1546.0,risk_on
2012-09-05,risk_on,neutral,0.0,1.0,3.2977283653595506e-29,2012-09-04,2006-07-17,2012-08-31,1546.0,neutral
2012-09-06,risk_on,neutral,0.0,1.0,4.792108283224791e-26,2012-09-04,2006-07-17,2012-08-31,1546.0,neutral
2012-09-07,risk_on,neutral,0.0,1.0,1.4071923180458856e-31,2012-09-04,2006-07-17,2012-08-31,1546.0,neutral
2012-09-10,risk_on,neutral,0.0,1.0,2.486985746210598e-34,2012-09-04,2006-07-17,2012-08-31,1546.0,neutral
2012-09-11,risk_on,neutral,0.0,1.0,8.347394747574768e-34,2012-09-04,2006-07-17,2012-08-31,1546.0,neutral
2012-09-12,risk_on,neutral,0.0,1.0,2.239237944752309e-32,2012-09-04,2006-07-17,2012-08-31,1546.0,neutral
2012-09-13,risk_on,neutral,0.0,1.0,4.73886383169927e-30,2012-09-04,2006-07-17,2012-08-31,1546.0,neutral
2012-09-14,risk_on,neutral,0.0,1.0,1.6961283067176577e-28,2012-09-04,2006-07-17,2012-08-31,1546.0,neutral
2012-09-17,risk_on,neutral,0.0,1.0,3.697478406444519e-28,2012-09-04,2006-07-17,2012-08-31,1546.0,neutral
2012-09-18,risk_on,neutral,0.0,1.0,7.503210519518377e-28,2012-09-04,2006-07-17,2012-08-31,1546.0,neutral
2012-09-19,risk_on,neutral,0.0,1.0,4.1343700102817936e-29,2012-09-04,2006-07-17,2012-08-31,1546.0,neutral
2012-09-20,risk_on,neutral,0.0,1.0,7.980947666228449e-36,2012-09-04,2006-07-17,2012-08-31,1546.0,neutral
2012-09-21,risk_on,neutral,0.0,1.0,1.2423215826302216e-42,2012-09-04,2006-07-17,2012-08-31,1546.0,neutral
2012-09-24,risk_on,neutral,0.0,1.0,3.903533367040419e-38,2012-09-04,2006-07-17,2012-08-31,1546.0,neutral
2012-09-25,risk_on,neutral,0.0,1.0,1.4264282997343475e-32,2012-09-04,2006-07-17,2012-08-31,1546.0,neutral
2012-09-26,risk_on,neutral,0.0,1.0,1.557995437540475e-28,2012-09-04,2006-07-17,2012-08-31,1546.0,neutral
2012-09-27,risk_on,neutral,0.0,1.0,1.2609675660508804e-37,2012-09-04,2006-07-17,2012-08-31,1546.0,neutral
2012-09-28,risk_on,neutral,0.0,1.0,3.658147234746211e-30,2012-09-04,2006-07-17,2012-08-31,1546.0,neutral
2012-10-01,risk_on,risk_on,8.63750848275431e-35,4.211659447608983e-260,1.0,2012-10-01,2006-07-17,2012-09-28,1565.0,neutral
2012-10-02,risk_on,risk_on,6.428815513478157e-35,1.8159361126649283e-255,1.0,2012-10-01,2006-07-17,2012-09-28,1565.0,risk_on
2012-10-03,risk_on,risk_on,2.931157960405122e-35,4.460550044298038e-255,1.0,2012-10-01,2006-07-17,2012-09-28,1565.0,risk_on
2012-10-04,risk_on,risk_on,1.7087865568663725e-39,5.387574015258381e-251,1.0,2012-10-01,2006-07-17,2012-09-28,1565.0,risk_on
2012-10-05,risk_on,risk_on,8.788608326061766e-38,2.472123705601156e-246,1.0,2012-10-01,2006-07-17,2012-09-28,1565.0,risk_on
2012-10-08,risk_on,risk_on,3.102316716213857e-37,5.686451539770236e-240,1.0,2012-10-01,2006-07-17,2012-09-28,1565.0,risk_on
2012-10-09,risk_on,risk_on,3.2216358451602364e-32,1.1410419052549548e-227,1.0,2012-10-01,2006-07-17,2012-09-28,1565.0,risk_on
2012-10-10,risk_on,risk_on,1.6851142916926263e-31,1.4515131863014919e-233,1.0,2012-10-01,2006-07-17,2012-09-28,1565.0,risk_on
2012-10-11,risk_on,risk_on,4.135437717407894e-30,2.5962816801852784e-236,1.0,2012-10-01,2006-07-17,2012-09-28,1565.0,risk_on
2012-10-12,risk_on,risk_on,3.0505911869091168e-30,4.652793510671365e-235,1.0,2012-10-01,2006-07-17,2012-09-28,1565.0,risk_on
2012-10-15,risk_on,risk_on,5.416290164934603e-30,3.7854468290930935e-231,1.0,2012-10-01,2006-07-17,2012-09-28,1565.0,risk_on
2012-10-16,risk_on,risk_on,9.927775080000215e-33,1.1216341734709485e-256,1.0,2012-10-01,2006-07-17,2012-09-28,1565.0,risk_on
2012-10-17,risk_on,risk_on,2.661351275101716e-27,3.3199111620736572e-245,1.0,2012-10-01,2006-07-17,2012-09-28,1565.0,risk_on
2012-10-18,risk_on,risk_on,1.1890875060099345e-27,2.0755362519774032e-234,1.0,2012-10-01,2006-07-17,2012-09-28,1565.0,risk_on
2012-10-19,risk_on,risk_on,9.913245941542195e-22,3.4025766459959535e-238,1.0,2012-10-01,2006-07-17,2012-09-28,1565.0,risk_on
2012-10-22,risk_on,risk_on,5.9021923924343e-19,1.1243377881620266e-238,1.0,2012-10-01,2006-07-17,2012-09-28,1565.0,risk_on
2012-10-23,risk_on,risk_on,3.076316418722432e-15,1.4151311201568625e-233,1.0,2012-10-01,2006-07-17,2012-09-28,1565.0,risk_on
2012-10-24,risk_on,risk_on,1.070339711260266e-17,4.199662350777351e-242,1.0,2012-10-01,2006-07-17,2012-09-28,1565.0,risk_on
2012-10-25,risk_on,risk_on,3.2468889361155127e-13,4.905466978608162e-240,0.9999999999996732,2012-10-01,2006-07-17,2012-09-28,1565.0,risk_on
2012-10-26,risk_on,risk_on,6.968611314180679e-14,4.811988793715702e-247,0.999999999999929,2012-10-01,2006-07-17,2012-09-28,1565.0,risk_on
2012-10-31,risk_on,risk_on,1.9103187185184284e-12,2.0314842566642568e-241,0.9999999999980886,2012-10-01,2006-07-17,2012-09-28,1565.0,risk_on
2012-11-01,risk_on,risk_on,2.797566993103484e-137,0.0,1.0,2012-11-01,2006-07-17,2012-10-31,1586.0,risk_on
2012-11-02,risk_on,risk_on,2.9857752011093993e-133,0.0,1.0,2012-11-01,2006-07-17,2012-10-31,1586.0,risk_on
2012-11-05,risk_on,risk_on,4.026798883580984e-139,0.0,1.0,2012-11-01,2006-07-17,2012-10-31,1586.0,risk_on
2012-11-06,risk_on,risk_on,2.0060389571044263e-138,0.0,1.0,2012-11-01,2006-07-17,2012-10-31,1586.0,risk_on
2012-11-07,risk_on,risk_on,3.0584601554510904e-118,0.0,1.0,2012-11-01,2006-07-17,2012-10-31,1586.0,risk_on
2012-11-08,risk_on,risk_on,1.157022167307113e-112,0.0,1.0,2012-11-01,2006-07-17,2012-10-31,1586.0,risk_on
2012-11-09,risk_on,risk_on,3.2072349321840614e-107,0.0,1.0,2012-11-01,2006-07-17,2012-10-31,1586.0,risk_on
2012-11-12,risk_on,risk_on,2.6856817669164577e-107,0.0,1.0,2012-11-01,2006-07-17,2012-10-31,1586.0,risk_on
2012-11-13,risk_on,risk_on,1.9242839965852092e-104,0.0,1.0,2012-11-01,2006-07-17,2012-10-31,1586.0,risk_on
2012-11-14,risk_on,risk_on,2.944541469014095e-97,0.0,1.0,2012-11-01,2006-07-17,2012-10-31,1586.0,risk_on
2012-11-15,risk_on,risk_on,1.3722667444353918e-92,0.0,1.0,2012-11-01,2006-07-17,2012-10-31,1586.0,risk_on
2012-11-16,risk_on,risk_on,1.998705315984015e-95,0.0,1.0,2012-11-01,2006-07-17,2012-10-31,1586.0,risk_on
2012-11-19,risk_on,risk_on,2.102710646581523e-109,0.0,1.0,2012-11-01,2006-07-17,2012-10-31,1586.0,risk_on
2012-11-20,risk_on,risk_on,4.1423503726290144e-104,0.0,1.0,2012-11-01,2006-07-17,2012-10-31,1586.0,risk_on
2012-11-21,risk_on,risk_on,1.5062524758379893e-104,0.0,1.0,2012-11-01,2006-07-17,2012-10-31,1586.0,risk_on
2012-11-23,risk_on,risk_on,5.033279733628623e-113,0.0,1.0,2012-11-01,2006-07-17,2012-10-31,1586.0,risk_on
2012-11-26,risk_on,risk_on,1.7018502426239185e-120,0.0,1.0,2012-11-01,2006-07-17,2012-10-31,1586.0,risk_on
2012-11-27,risk_on,risk_on,4.0218036865623635e-118,0.0,1.0,2012-11-01,2006-07-17,2012-10-31,1586.0,risk_on
2012-11-28,risk_on,risk_on,5.437450507138775e-127,0.0,1.0,2012-11-01,2006-07-17,2012-10-31,1586.0,risk_on
2012-11-29,risk_on,risk_on,1.6358680489140475e-128,0.0,1.0,2012-11-01,2006-07-17,2012-10-31,1586.0,risk_on
2012-11-30,risk_on,risk_on,1.2129725632594173e-129,0.0,1.0,2012-11-01,2006-07-17,2012-10-31,1586.0,risk_on
2012-12-03,risk_on,risk_on,0.0,4.707383329662654e-55,1.0,2012-12-03,2006-07-17,2012-11-30,1607.0,risk_on
2012-12-04,risk_on,risk_on,0.0,4.440976903598281e-53,1.0,2012-12-03,2006-07-17,2012-11-30,1607.0,risk_on
2012-12-05,risk_on,risk_on,0.0,1.0064174008017615e-52,1.0,2012-12-03,2006-07-17,2012-11-30,1607.0,risk_on
2012-12-06,risk_on,risk_on,0.0,4.044532715490079e-50,1.0,2012-12-03,2006-07-17,2012-11-30,1607.0,risk_on
2012-12-07,risk_on,risk_on,0.0,9.010166080979082e-49,1.0,2012-12-03,2006-07-17,2012-11-30,1607.0,risk_on
2012-12-10,risk_on,risk_on,0.0,2.1682052741713303e-48,1.0,2012-12-03,2006-07-17,2012-11-30,1607.0,risk_on
2012-12-11,risk_on,risk_on,0.0,4.50518074779741e-53,1.0,2012-12-03,2006-07-17,2012-11-30,1607.0,risk_on
2012-12-12,risk_on,risk_on,0.0,3.44397645084126e-49,1.0,2012-12-03,2006-07-17,2012-11-30,1607.0,risk_on
2012-12-13,risk_on,risk_on,0.0,5.300147675350332e-50,1.0,2012-12-03,2006-07-17,2012-11-30,1607.0,risk_on
2012-12-14,risk_on,risk_on,0.0,6.02004280587868e-48,1.0,2012-12-03,2006-07-17,2012-11-30,1607.0,risk_on
2012-12-17,risk_on,risk_on,0.0,5.848796533776192e-52,1.0,2012-12-03,2006-07-17,2012-11-30,1607.0,risk_on
2012-12-18,risk_on,risk_on,0.0,3.563099100732666e-54,1.0,2012-12-03,2006-07-17,2012-11-30,1607.0,risk_on
2012-12-19,risk_on,risk_on,0.0,2.656611566622866e-52,1.0,2012-12-03,2006-07-17,2012-11-30,1607.0,risk_on
2012-12-20,risk_on,risk_on,0.0,9.671771881842208e-51,1.0,2012-12-03,2006-07-17,2012-11-30,1607.0,risk_on
2012-12-21,risk_on,risk_on,0.0,1.4036842814079501e-46,1.0,2012-12-03,2006-07-17,2012-11-30,1607.0,risk_on
2012-12-24,risk_on,risk_on,0.0,4.3737388335930574e-45,1.0,2012-12-03,2006-07-17,2012-11-30,1607.0,risk_on
2012-12-26,risk_on,risk_on,0.0,1.965855108931872e-42,1.0,2012-12-03,2006-07-17,2012-11-30,1607.0,risk_on
2012-12-27,risk_on,risk_on,0.0,1.2988451921153422e-40,1.0,2012-12-03,2006-07-17,2012-11-30,1607.0,risk_on
2012-12-28,risk_on,risk_on,0.0,3.4013340237777493e-38,1.0,2012-12-03,2006-07-17,2012-11-30,1607.0,risk_on
2012-12-31,risk_on,risk_on,0.0,1.2151470887854757e-41,1.0,2012-12-03,2006-07-17,2012-11-30,1607.0,risk_on
2013-01-02,risk_on,risk_on,1.2879810324860354e-91,0.0,1.0,2013-01-02,2006-07-17,2012-12-31,1627.0,risk_on
2013-01-03,risk_on,risk_on,7.451830670163281e-96,0.0,1.0,2013-01-02,2006-07-17,2012-12-31,1627.0,risk_on
2013-01-04,risk_on,risk_on,6.005250614762371e-98,0.0,1.0,2013-01-02,2006-07-17,2012-12-31,1627.0,risk_on
2013-01-07,risk_on,risk_on,2.0911383007307175e-99,0.0,1.0,2013-01-02,2006-07-17,2012-12-31,1627.0,risk_on
2013-01-08,risk_on,risk_on,5.740649108451127e-98,0.0,1.0,2013-01-02,2006-07-17,2012-12-31,1627.0,risk_on
2013-01-09,risk_on,risk_on,6.781234988084222e-98,0.0,1.0,2013-01-02,2006-07-17,2012-12-31,1627.0,risk_on
2013-01-10,risk_on,risk_on,1.8582596582469175e-94,0.0,1.0,2013-01-02,2006-07-17,2012-12-31,1627.0,risk_on
2013-01-11,risk_on,risk_on,5.386393765551359e-87,0.0,1.0,2013-01-02,2006-07-17,2012-12-31,1627.0,risk_on
2013-01-14,risk_on,risk_on,1.5781881916145376e-88,0.0,1.0,2013-01-02,2006-07-17,2012-12-31,1627.0,risk_on
2013-01-15,risk_on,risk_on,6.0504194400064e-86,0.0,1.0,2013-01-02,2006-07-17,2012-12-31,1627.0,risk_on
2013-01-16,risk_on,risk_on,1.2528243963559021e-86,0.0,1.0,2013-01-02,2006-07-17,2012-12-31,1627.0,risk_on
2013-01-17,risk_on,risk_on,1.2977647824676208e-88,0.0,1.0,2013-01-02,2006-07-17,2012-12-31,1627.0,risk_on
2013-01-18,risk_on,risk_on,4.2783872961669754e-95,0.0,1.0,2013-01-02,2006-07-17,2012-12-31,1627.0,risk_on
2013-01-22,risk_on,risk_on,8.155802285986505e-93,0.0,1.0,2013-01-02,2006-07-17,2012-12-31,1627.0,risk_on
2013-01-23,risk_on,risk_on,1.3732334349358365e-86,0.0,1.0,2013-01-02,2006-07-17,2012-12-31,1627.0,risk_on
2013-01-24,risk_on,risk_on,3.736100188521007e-87,0.0,1.0,2013-01-02,2006-07-17,2012-12-31,1627.0,risk_on
2013-01-25,risk_on,risk_on,2.1045442916856096e-86,0.0,1.0,2013-01-02,2006-07-17,2012-12-31,1627.0,risk_on
2013-01-28,risk_on,risk_on,3.5224562317220656e-86,0.0,1.0,2013-01-02,2006-07-17,2012-12-31,1627.0,risk_on
2013-01-29,risk_on,risk_on,1.111985195223169e-86,0.0,1.0,2013-01-02,2006-07-17,2012-12-31,1627.0,risk_on
2013-01-30,risk_on,risk_on,4.600899372483577e-83,0.0,1.0,2013-01-02,2006-07-17,2012-12-31,1627.0,risk_on
2013-01-31,risk_on,risk_on,4.6121326935384165e-86,0.0,1.0,2013-01-02,2006-07-17,2012-12-31,1627.0,risk_on
2013-02-01,risk_on,risk_on,2.302427322319251e-53,5.015085734160623e-69,1.0,2013-02-01,2006-07-17,2013-01-31,1648.0,risk_on
2013-02-04,risk_on,risk_on,1.2471896745846446e-45,4.390449760247905e-67,1.0,2013-02-01,2006-07-17,2013-01-31,1648.0,risk_on
2013-02-05,risk_on,risk_on,3.833276741128409e-48,1.1404293223689284e-67,1.0,2013-02-01,2006-07-17,2013-01-31,1648.0,risk_on
2013-02-06,risk_on,risk_on,3.687310016743438e-45,7.510831880264476e-68,1.0,2013-02-01,2006-07-17,2013-01-31,1648.0,risk_on
2013-02-07,risk_on,risk_on,7.104891457732246e-45,3.7169170887779392e-65,1.0,2013-02-01,2006-07-17,2013-01-31,1648.0,risk_on
2013-02-08,risk_on,risk_on,1.736802798021938e-50,7.070338038059417e-65,1.0,2013-02-01,2006-07-17,2013-01-31,1648.0,risk_on
2013-02-11,risk_on,risk_on,3.694779033548752e-53,4.320443602996301e-63,1.0,2013-02-01,2006-07-17,2013-01-31,1648.0,risk_on
2013-02-12,risk_on,risk_on,1.5071195435706152e-53,2.6860458584696796e-65,1.0,2013-02-01,2006-07-17,2013-01-31,1648.0,risk_on
2013-02-13,risk_on,risk_on,5.217432724224313e-56,1.0890541868959552e-64,1.0,2013-02-01,2006-07-17,2013-01-31,1648.0,risk_on
2013-02-14,risk_on,risk_on,1.2128883924767605e-54,3.0266640479608856e-65,1.0,2013-02-01,2006-07-17,2013-01-31,1648.0,risk_on
2013-02-15,risk_on,risk_on,5.2117272750540856e-52,2.2842177678242586e-61,1.0,2013-02-01,2006-07-17,2013-01-31,1648.0,risk_on
2013-02-19,risk_on,risk_on,4.566318433503901e-59,5.657911416394281e-63,1.0,2013-02-01,2006-07-17,2013-01-31,1648.0,risk_on
2013-02-20,risk_on,risk_on,1.384587356767386e-52,2.039193877917965e-57,1.0,2013-02-01,2006-07-17,2013-01-31,1648.0,risk_on
2013-02-21,risk_on,risk_on,4.203614258565465e-44,1.0509787183005176e-57,1.0,2013-02-01,2006-07-17,2013-01-31,1648.0,risk_on
2013-02-22,risk_on,risk_on,6.1031560229785565e-46,1.7695369906159728e-57,1.0,2013-02-01,2006-07-17,2013-01-31,1648.0,risk_on
2013-02-25,risk_on,risk_on,2.5049928024583685e-43,1.8672286841289824e-54,1.0,2013-02-01,2006-07-17,2013-01-31,1648.0,risk_on
2013-02-26,risk_on,risk_on,1.4042234387472684e-39,3.1594860190324335e-59,1.0,2013-02-01,2006-07-17,2013-01-31,1648.0,risk_on
2013-02-27,risk_on,risk_on,4.887348963546049e-41,5.537593642725748e-60,1.0,2013-02-01,2006-07-17,2013-01-31,1648.0,risk_on
2013-02-28,risk_on,risk_on,9.308751612802058e-40,1.5483395619294873e-59,1.0,2013-02-01,2006-07-17,2013-01-31,1648.0,risk_on
2013-03-01,risk_on,neutral,0.0,1.0,9.643835680442914e-64,2013-03-01,2006-07-17,2013-02-28,1667.0,risk_on
2013-03-04,risk_on,neutral,0.0,1.0,2.8133189854259885e-61,2013-03-01,2006-07-17,2013-02-28,1667.0,neutral
2013-03-05,risk_on,neutral,0.0,1.0,6.130088484869638e-66,2013-03-01,2006-07-17,2013-02-28,1667.0,neutral
2013-03-06,risk_on,neutral,0.0,1.0,6.374800912349239e-65,2013-03-01,2006-07-17,2013-02-28,1667.0,neutral
2013-03-07,risk_on,neutral,0.0,1.0,3.1333434516710786e-63,2013-03-01,2006-07-17,2013-02-28,1667.0,neutral
2013-03-08,risk_on,neutral,0.0,1.0,2.380528469280277e-61,2013-03-01,2006-07-17,2013-02-28,1667.0,neutral
2013-03-11,risk_on,neutral,0.0,1.0,1.74945748288891e-58,2013-03-01,2006-07-17,2013-02-28,1667.0,neutral
2013-03-12,risk_on,neutral,0.0,1.0,2.73318465569456e-57,2013-03-01,2006-07-17,2013-02-28,1667.0,neutral
2013-03-13,risk_on,neutral,0.0,1.0,9.912279995795009e-52,2013-03-01,2006-07-17,2013-02-28,1667.0,neutral
2013-03-14,risk_on,neutral,0.0,1.0,2.9647412817837486e-52,2013-03-01,2006-07-17,2013-02-28,1667.0,neutral
2013-03-15,risk_on,neutral,0.0,1.0,6.098089467538915e-48,2013-03-01,2006-07-17,2013-02-28,1667.0,neutral
2013-03-18,risk_on,neutral,0.0,1.0,1.5376557253539842e-50,2013-03-01,2006-07-17,2013-02-28,1667.0,neutral
2013-03-19,risk_on,neutral,0.0,1.0,1.2460611832741072e-48,2013-03-01,2006-07-17,2013-02-28,1667.0,neutral
2013-03-20,risk_on,neutral,0.0,1.0,2.0848156836560506e-46,2013-03-01,2006-07-17,2013-02-28,1667.0,neutral
2013-03-21,risk_on,neutral,0.0,1.0,2.4538838764721576e-42,2013-03-01,2006-07-17,2013-02-28,1667.0,neutral
2013-03-22,risk_on,neutral,0.0,1.0,1.5448137254358916e-47,2013-03-01,2006-07-17,2013-02-28,1667.0,neutral
2013-03-25,risk_on,neutral,0.0,1.0,7.61009840050827e-44,2013-03-01,2006-07-17,2013-02-28,1667.0,neutral
2013-03-26,risk_on,neutral,0.0,1.0,2.0955580636936585e-47,2013-03-01,2006-07-17,2013-02-28,1667.0,neutral
2013-03-27,risk_on,neutral,0.0,1.0,8.794097610580828e-48,2013-03-01,2006-07-17,2013-02-28,1667.0,neutral
2013-03-28,risk_on,neutral,0.0,1.0,3.3424687292656987e-46,2013-03-01,2006-07-17,2013-02-28,1667.0,neutral
2013-04-01,risk_on,neutral,0.0,1.0,1.4537966781840292e-47,2013-04-01,2006-07-17,2013-03-28,1687.0,neutral
2013-04-02,risk_on,neutral,0.0,1.0,3.841122011949987e-49,2013-04-01,2006-07-17,2013-03-28,1687.0,neutral
2013-04-03,risk_on,neutral,0.0,1.0,1.2121671309501334e-44,2013-04-01,2006-07-17,2013-03-28,1687.0,neutral
2013-04-04,risk_on,neutral,0.0,1.0,1.7333530532153603e-47,2013-04-01,2006-07-17,2013-03-28,1687.0,neutral
2013-04-05,risk_on,neutral,0.0,1.0,1.1058140207476828e-47,2013-04-01,2006-07-17,2013-03-28,1687.0,neutral
2013-04-08,risk_on,neutral,0.0,1.0,3.6102826559112454e-52,2013-04-01,2006-07-17,2013-03-28,1687.0,neutral
2013-04-09,risk_on,neutral,0.0,1.0,5.3975764943175925e-56,2013-04-01,2006-07-17,2013-03-28,1687.0,neutral
2013-04-10,risk_on,neutral,0.0,1.0,2.7944239307097423e-60,2013-04-01,2006-07-17,2013-03-28,1687.0,neutral
2013-04-11,risk_on,neutral,0.0,1.0,1.249946156583532e-65,2013-04-01,2006-07-17,2013-03-28,1687.0,neutral
2013-04-12,risk_on,neutral,0.0,1.0,2.4449901923108126e-63,2013-04-01,2006-07-17,2013-03-28,1687.0,neutral
2013-04-15,risk_on,neutral,0.0,1.0,1.7438585084419094e-67,2013-04-01,2006-07-17,2013-03-28,1687.0,neutral
2013-04-16,risk_on,neutral,0.0,1.0,9.761015724074034e-66,2013-04-01,2006-07-17,2013-03-28,1687.0,neutral
2013-04-17,risk_on,neutral,0.0,1.0,5.299500252659338e-58,2013-04-01,2006-07-17,2013-03-28,1687.0,neutral
2013-04-18,risk_on,neutral,0.0,1.0,4.274532529328812e-61,2013-04-01,2006-07-17,2013-03-28,1687.0,neutral
2013-04-19,risk_on,neutral,0.0,1.0,5.0045544704922136e-57,2013-04-01,2006-07-17,2013-03-28,1687.0,neutral
2013-04-22,risk_on,neutral,0.0,1.0,5.440318648144101e-55,2013-04-01,2006-07-17,2013-03-28,1687.0,neutral
2013-04-23,risk_on,neutral,0.0,1.0,1.6823950784827137e-60,2013-04-01,2006-07-17,2013-03-28,1687.0,neutral
2013-04-24,risk_on,neutral,0.0,1.0,5.514893982688646e-64,2013-04-01,2006-07-17,2013-03-28,1687.0,neutral
2013-04-25,risk_on,neutral,0.0,1.0,4.708672269087394e-72,2013-04-01,2006-07-17,2013-03-28,1687.0,neutral
2013-04-26,risk_on,neutral,0.0,1.0,1.74645826906979e-70,2013-04-01,2006-07-17,2013-03-28,1687.0,neutral
2013-04-29,risk_on,neutral,0.0,1.0,2.958212541690318e-76,2013-04-01,2006-07-17,2013-03-28,1687.0,neutral
2013-04-30,risk_on,neutral,0.0,1.0,4.909835522744796e-73,2013-04-01,2006-07-17,2013-03-28,1687.0,neutral
2013-05-01,risk_on,risk_on,0.0,4.286043053792709e-157,1.0,2013-05-01,2006-07-17,2013-04-30,1709.0,neutral
2013-05-02,risk_on,risk_on,0.0,8.78089631049213e-156,1.0,2013-05-01,2006-07-17,2013-04-30,1709.0,risk_on
2013-05-03,risk_on,risk_on,0.0,2.8591466785184142e-157,1.0,2013-05-01,2006-07-17,2013-04-30,1709.0,risk_on
2013-05-06,risk_on,risk_on,0.0,1.468332571679803e-159,1.0,2013-05-01,2006-07-17,2013-04-30,1709.0,risk_on
2013-05-07,risk_on,risk_on,0.0,1.0331184585824722e-164,1.0,2013-05-01,2006-07-17,2013-04-30,1709.0,risk_on
2013-05-08,risk_on,risk_on,0.0,6.75139851675593e-163,1.0,2013-05-01,2006-07-17,2013-04-30,1709.0,risk_on
2013-05-09,risk_on,risk_on,0.0,8.747464262948254e-162,1.0,2013-05-01,2006-07-17,2013-04-30,1709.0,risk_on
2013-05-10,risk_on,risk_on,0.0,1.393323203948316e-165,1.0,2013-05-01,2006-07-17,2013-04-30,1709.0,risk_on
2013-05-13,risk_on,risk_on,0.0,1.433879789051489e-166,1.0,2013-05-01,2006-07-17,2013-04-30,1709.0,risk_on
2013-05-14,risk_on,risk_on,0.0,3.9677302644644147e-178,1.0,2013-05-01,2006-07-17,2013-04-30,1709.0,risk_on
2013-05-15,risk_on,risk_on,0.0,1.0775467550351143e-183,1.0,2013-05-01,2006-07-17,2013-04-30,1709.0,risk_on
2013-05-16,risk_on,risk_on,0.0,2.2235033742567226e-197,1.0,2013-05-01,2006-07-17,2013-04-30,1709.0,risk_on
2013-05-17,risk_on,risk_on,0.0,4.617476009225161e-201,1.0,2013-05-01,2006-07-17,2013-04-30,1709.0,risk_on
2013-05-20,risk_on,risk_on,0.0,1.1590737832610946e-199,1.0,2013-05-01,2006-07-17,2013-04-30,1709.0,risk_on
2013-05-21,risk_on,risk_on,0.0,1.8756667259367165e-196,1.0,2013-05-01,2006-07-17,2013-04-30,1709.0,risk_on
2013-05-22,risk_on,risk_on,0.0,1.0336089161906458e-189,1.0,2013-05-01,2006-07-17,2013-04-30,1709.0,risk_on
2013-05-23,risk_on,risk_on,0.0,2.379993584850076e-190,1.0,2013-05-01,2006-07-17,2013-04-30,1709.0,risk_on
2013-05-24,risk_on,risk_on,0.0,1.5405696870631038e-188,1.0,2013-05-01,2006-07-17,2013-04-30,1709.0,risk_on
2013-05-28,risk_on,risk_on,0.0,1.26062151056154e-199,1.0,2013-05-01,2006-07-17,2013-04-30,1709.0,risk_on
2013-05-29,risk_on,risk_on,0.0,3.933028677123361e-193,1.0,2013-05-01,2006-07-17,2013-04-30,1709.0,risk_on
2013-05-30,risk_on,risk_on,0.0,2.3734422361158928e-189,1.0,2013-05-01,2006-07-17,2013-04-30,1709.0,risk_on
2013-05-31,risk_on,risk_on,0.0,2.6494298464100614e-186,1.0,2013-05-01,2006-07-17,2013-04-30,1709.0,risk_on
2013-06-03,risk_on,neutral,0.0,1.0,0.0,2013-06-03,2006-07-17,2013-05-31,1731.0,risk_on
2013-06-04,risk_on,neutral,0.0,1.0,0.0,2013-06-03,2006-07-17,2013-05-31,1731.0,neutral
2013-06-05,risk_on,neutral,0.0,1.0,0.0,2013-06-03,2006-07-17,2013-05-31,1731.0,neutral
2013-06-06,risk_on,neutral,0.0,1.0,0.0,2013-06-03,2006-07-17,2013-05-31,1731.0,neutral
2013-06-07,risk_on,neutral,0.0,1.0,0.0,2013-06-03,2006-07-17,2013-05-31,1731.0,neutral
2013-06-10,risk_on,neutral,0.0,1.0,0.0,2013-06-03,2006-07-17,2013-05-31,1731.0,neutral
2013-06-11,risk_on,neutral,0.0,1.0,0.0,2013-06-03,2006-07-17,2013-05-31,1731.0,neutral
2013-06-12,risk_on,neutral,0.0,1.0,0.0,2013-06-03,2006-07-17,2013-05-31,1731.0,neutral
2013-06-13,risk_on,neutral,0.0,1.0,0.0,2013-06-03,2006-07-17,2013-05-31,1731.0,neutral
2013-06-14,risk_on,neutral,0.0,1.0,0.0,2013-06-03,2006-07-17,2013-05-31,1731.0,neutral
2013-06-17,risk_on,neutral,0.0,1.0,0.0,2013-06-03,2006-07-17,2013-05-31,1731.0,neutral
2013-06-18,risk_on,neutral,0.0,1.0,0.0,2013-06-03,2006-07-17,2013-05-31,1731.0,neutral
2013-06-19,risk_on,neutral,0.0,1.0,0.0,2013-06-03,2006-07-17,2013-05-31,1731.0,neutral
2013-06-20,risk_on,neutral,0.0,1.0,0.0,2013-06-03,2006-07-17,2013-05-31,1731.0,neutral
2013-06-21,risk_on,neutral,0.0,1.0,0.0,2013-06-03,2006-07-17,2013-05-31,1731.0,neutral
2013-06-24,risk_on,neutral,0.0,1.0,0.0,2013-06-03,2006-07-17,2013-05-31,1731.0,neutral
2013-06-25,risk_on,neutral,0.0,1.0,0.0,2013-06-03,2006-07-17,2013-05-31,1731.0,neutral
2013-06-26,risk_on,neutral,0.0,1.0,0.0,2013-06-03,2006-07-17,2013-05-31,1731.0,neutral
2013-06-27,risk_on,neutral,0.0,1.0,0.0,2013-06-03,2006-07-17,2013-05-31,1731.0,neutral
2013-06-28,risk_on,neutral,0.0,1.0,0.0,2013-06-03,2006-07-17,2013-05-31,1731.0,neutral
2013-07-01,risk_on,risk_on,8.608828123804927e-303,2.2353478754716632e-66,1.0,2013-07-01,2006-07-17,2013-06-28,1751.0,neutral
2013-07-02,risk_on,risk_on,2.782274930934708e-302,2.041464032682072e-62,1.0,2013-07-01,2006-07-17,2013-06-28,1751.0,risk_on
2013-07-03,risk_on,risk_on,1.494878141052324e-299,2.637728204315999e-63,1.0,2013-07-01,2006-07-17,2013-06-28,1751.0,risk_on
2013-07-05,risk_on,risk_on,3.2570479111616634e-307,8.17667982254381e-60,1.0,2013-07-01,2006-07-17,2013-06-28,1751.0,risk_on
2013-07-08,risk_on,risk_on,8.0424107237724e-310,6.4311005115498615e-62,1.0,2013-07-01,2006-07-17,2013-06-28,1751.0,risk_on
2013-07-09,risk_on,risk_on,2.8637111417e-314,5.316495020786357e-59,1.0,2013-07-01,2006-07-17,2013-06-28,1751.0,risk_on
2013-07-10,risk_on,risk_on,2.9499263368863785e-308,3.431498084418845e-59,1.0,2013-07-01,2006-07-17,2013-06-28,1751.0,risk_on
2013-07-11,risk_on,risk_on,0.0,6.286276054404929e-60,1.0,2013-07-01,2006-07-17,2013-06-28,1751.0,risk_on
2013-07-12,risk_on,risk_on,0.0,1.6617636502721835e-57,1.0,2013-07-01,2006-07-17,2013-06-28,1751.0,risk_on
2013-07-15,risk_on,risk_on,1.5657603997456807e-308,6.71772041778203e-51,1.0,2013-07-01,2006-07-17,2013-06-28,1751.0,risk_on
2013-07-16,risk_on,risk_on,9.500626529901738e-306,2.1508832041513084e-48,1.0,2013-07-01,2006-07-17,2013-06-28,1751.0,risk_on
2013-07-17,risk_on,risk_on,0.0,4.428398528537724e-53,1.0,2013-07-01,2006-07-17,2013-06-28,1751.0,risk_on
2013-07-18,risk_on,risk_on,0.0,4.2054493018274953e-51,1.0,2013-07-01,2006-07-17,2013-06-28,1751.0,risk_on
2013-07-19,risk_on,risk_on,3.377437538e-315,8.299748402953886e-55,1.0,2013-07-01,2006-07-17,2013-06-28,1751.0,risk_on
2013-07-22,risk_on,risk_on,0.0,5.20417278506886e-58,1.0,2013-07-01,2006-07-17,2013-06-28,1751.0,risk_on
2013-07-23,risk_on,risk_on,6.10213533e-314,4.752763631961331e-59,1.0,2013-07-01,2006-07-17,2013-06-28,1751.0,risk_on
2013-07-24,risk_on,risk_on,0.0,2.3727983810146827e-59,1.0,2013-07-01,2006-07-17,2013-06-28,1751.0,risk_on
2013-07-25,risk_on,risk_on,0.0,1.9463373849713596e-61,1.0,2013-07-01,2006-07-17,2013-06-28,1751.0,risk_on
2013-07-26,risk_on,risk_on,0.0,5.511465288135417e-63,1.0,2013-07-01,2006-07-17,2013-06-28,1751.0,risk_on
2013-07-29,risk_on,risk_on,0.0,1.4077841190411651e-61,1.0,2013-07-01,2006-07-17,2013-06-28,1751.0,risk_on
2013-07-30,risk_on,risk_on,0.0,2.3522273545547382e-58,1.0,2013-07-01,2006-07-17,2013-06-28,1751.0,risk_on
2013-07-31,risk_on,risk_on,0.0,1.0548761501765046e-61,1.0,2013-07-01,2006-07-17,2013-06-28,1751.0,risk_on
2013-08-01,risk_on,risk_on,6.949656e-318,2.2539830674357927e-209,1.0,2013-08-01,2006-07-17,2013-07-31,1773.0,risk_on
2013-08-02,risk_on,risk_on,2.1180105e-317,1.567218129272037e-208,1.0,2013-08-01,2006-07-17,2013-07-31,1773.0,risk_on
2013-08-05,risk_on,risk_on,0.0,4.666479777834127e-209,1.0,2013-08-01,2006-07-17,2013-07-31,1773.0,risk_on
2013-08-06,risk_on,risk_on,0.0,6.313220714508337e-210,1.0,2013-08-01,2006-07-17,2013-07-31,1773.0,risk_on
2013-08-07,risk_on,risk_on,0.0,6.991494490781566e-211,1.0,2013-08-01,2006-07-17,2013-07-31,1773.0,risk_on
2013-08-08,risk_on,risk_on,0.0,9.33325605044116e-216,1.0,2013-08-01,2006-07-17,2013-07-31,1773.0,risk_on
2013-08-09,risk_on,risk_on,0.0,1.2431328955894061e-219,1.0,2013-08-01,2006-07-17,2013-07-31,1773.0,risk_on
2013-08-12,risk_on,risk_on,0.0,4.788360629254913e-216,1.0,2013-08-01,2006-07-17,2013-07-31,1773.0,risk_on
2013-08-13,risk_on,risk_on,0.0,5.9546480306796645e-210,1.0,2013-08-01,2006-07-17,2013-07-31,1773.0,risk_on
2013-08-14,risk_on,risk_on,0.0,9.562906378399113e-216,1.0,2013-08-01,2006-07-17,2013-07-31,1773.0,risk_on
2013-08-15,risk_on,risk_on,0.0,8.720196108778185e-239,1.0,2013-08-01,2006-07-17,2013-07-31,1773.0,risk_on
2013-08-16,risk_on,risk_on,0.0,7.505474508031887e-243,1.0,2013-08-01,2006-07-17,2013-07-31,1773.0,risk_on
2013-08-19,risk_on,risk_on,0.0,1.9288861801106422e-240,1.0,2013-08-01,2006-07-17,2013-07-31,1773.0,risk_on
2013-08-20,risk_on,risk_on,0.0,1.4277572890211927e-247,1.0,2013-08-01,2006-07-17,2013-07-31,1773.0,risk_on
2013-08-21,risk_on,risk_on,0.0,1.3200904356093228e-246,1.0,2013-08-01,2006-07-17,2013-07-31,1773.0,risk_on
2013-08-22,risk_on,risk_on,0.0,1.4010329722803867e-241,1.0,2013-08-01,2006-07-17,2013-07-31,1773.0,risk_on
2013-08-23,risk_on,risk_on,0.0,6.356588422062261e-240,1.0,2013-08-01,2006-07-17,2013-07-31,1773.0,risk_on
2013-08-26,risk_on,risk_on,0.0,1.2637862280761968e-239,1.0,2013-08-01,2006-07-17,2013-07-31,1773.0,risk_on
2013-08-27,risk_on,risk_on,1.176920522927781e-307,1.6047858628805084e-237,1.0,2013-08-01,2006-07-17,2013-07-31,1773.0,risk_on
2013-08-28,risk_on,risk_on,3.1987587912024094e-300,3.6039337507162545e-231,1.0,2013-08-01,2006-07-17,2013-07-31,1773.0,risk_on
2013-08-29,risk_on,risk_on,1.17121707292836e-308,5.582514686886345e-229,1.0,2013-08-01,2006-07-17,2013-07-31,1773.0,risk_on
2013-08-30,risk_on,risk_on,3.606878041828497e-309,5.664248234279985e-228,1.0,2013-08-01,2006-07-17,2013-07-31,1773.0,risk_on
2013-09-03,risk_on,neutral,0.0,1.0,7.234491838309056e-147,2013-09-03,2006-07-17,2013-08-30,1795.0,risk_on
2013-09-04,risk_on,neutral,0.0,1.0,2.396594788408771e-154,2013-09-03,2006-07-17,2013-08-30,1795.0,neutral
2013-09-05,risk_on,neutral,0.0,1.0,5.382481565368804e-156,2013-09-03,2006-07-17,2013-08-30,1795.0,neutral
2013-09-06,risk_on,neutral,0.0,1.0,9.081010331042639e-156,2013-09-03,2006-07-17,2013-08-30,1795.0,neutral
2013-09-09,risk_on,neutral,0.0,1.0,4.205336117874729e-166,2013-09-03,2006-07-17,2013-08-30,1795.0,neutral
2013-09-10,risk_on,neutral,0.0,1.0,3.5899570103905874e-174,2013-09-03,2006-07-17,2013-08-30,1795.0,neutral
2013-09-11,risk_on,neutral,0.0,1.0,2.2739823522718176e-172,2013-09-03,2006-07-17,2013-08-30,1795.0,neutral
2013-09-12,risk_on,neutral,0.0,1.0,9.005452241426162e-166,2013-09-03,2006-07-17,2013-08-30,1795.0,neutral
2013-09-13,risk_on,neutral,0.0,1.0,2.4826558866353102e-171,2013-09-03,2006-07-17,2013-08-30,1795.0,neutral
2013-09-16,risk_on,neutral,0.0,1.0,1.1797782494306617e-182,2013-09-03,2006-07-17,2013-08-30,1795.0,neutral
2013-09-17,risk_on,neutral,0.0,1.0,1.6645658227817214e-179,2013-09-03,2006-07-17,2013-08-30,1795.0,neutral
2013-09-18,risk_on,neutral,0.0,1.0,1.269451044466461e-197,2013-09-03,2006-07-17,2013-08-30,1795.0,neutral
2013-09-19,risk_on,neutral,0.0,1.0,1.4886585177295622e-196,2013-09-03,2006-07-17,2013-08-30,1795.0,neutral
2013-09-20,risk_on,neutral,0.0,1.0,9.703704736643258e-189,2013-09-03,2006-07-17,2013-08-30,1795.0,neutral
2013-09-23,risk_on,neutral,0.0,1.0,6.320740994683081e-193,2013-09-03,2006-07-17,2013-08-30,1795.0,neutral
2013-09-24,risk_on,neutral,0.0,1.0,8.864604631199614e-187,2013-09-03,2006-07-17,2013-08-30,1795.0,neutral
2013-09-25,risk_on,neutral,0.0,1.0,8.314439524799824e-182,2013-09-03,2006-07-17,2013-08-30,1795.0,neutral
2013-09-26,risk_on,neutral,0.0,1.0,9.36042821589022e-188,2013-09-03,2006-07-17,2013-08-30,1795.0,neutral
2013-09-27,risk_on,neutral,0.0,1.0,1.3682111620921224e-189,2013-09-03,2006-07-17,2013-08-30,1795.0,neutral
2013-09-30,risk_on,neutral,0.0,1.0,4.751249481336334e-190,2013-09-03,2006-07-17,2013-08-30,1795.0,neutral
2013-10-01,risk_on,risk_off,1.0,0.0,2.3674507798160137e-20,2013-10-01,2006-07-17,2013-09-30,1815.0,neutral
2013-10-02,risk_on,risk_off,1.0,0.0,2.9908081575888645e-22,2013-10-01,2006-07-17,2013-09-30,1815.0,risk_off
2013-10-03,risk_on,risk_off,1.0,0.0,5.564208544383932e-24,2013-10-01,2006-07-17,2013-09-30,1815.0,risk_off
2013-10-04,risk_on,risk_off,1.0,0.0,1.1670667789901638e-23,2013-10-01,2006-07-17,2013-09-30,1815.0,risk_off
2013-10-07,risk_on,risk_off,1.0,0.0,5.497270211970991e-22,2013-10-01,2006-07-17,2013-09-30,1815.0,risk_off
2013-10-08,risk_on,risk_off,1.0,0.0,2.7365743977221095e-20,2013-10-01,2006-07-17,2013-09-30,1815.0,risk_off
2013-10-09,risk_on,risk_off,1.0,0.0,8.284806830191938e-17,2013-10-01,2006-07-17,2013-09-30,1815.0,risk_off
2013-10-10,risk_on,risk_off,1.0,0.0,1.5695731342147997e-17,2013-10-01,2006-07-17,2013-09-30,1815.0,risk_off
2013-10-11,risk_on,risk_off,0.9999999999999982,0.0,9.652174556202261e-16,2013-10-01,2006-07-17,2013-09-30,1815.0,risk_off
2013-10-14,risk_on,risk_off,1.0,0.0,7.971905426543568e-19,2013-10-01,2006-07-17,2013-09-30,1815.0,risk_off
2013-10-15,risk_on,risk_off,1.0,0.0,1.4843330924445227e-20,2013-10-01,2006-07-17,2013-09-30,1815.0,risk_off
2013-10-16,risk_on,risk_off,1.0,0.0,5.4573843850617234e-24,2013-10-01,2006-07-17,2013-09-30,1815.0,risk_off
2013-10-17,risk_on,risk_off,1.0,0.0,2.0207254298259494e-19,2013-10-01,2006-07-17,2013-09-30,1815.0,risk_off
2013-10-18,risk_on,risk_off,1.0,0.0,5.814336204154747e-18,2013-10-01,2006-07-17,2013-09-30,1815.0,risk_off
2013-10-21,risk_on,risk_off,1.0,0.0,6.923133455928062e-18,2013-10-01,2006-07-17,2013-09-30,1815.0,risk_off
2013-10-22,risk_on,risk_off,1.0,0.0,2.5565888769567503e-19,2013-10-01,2006-07-17,2013-09-30,1815.0,risk_off
2013-10-23,risk_on,risk_off,1.0,0.0,2.1422618118475983e-16,2013-10-01,2006-07-17,2013-09-30,1815.0,risk_off
2013-10-24,risk_on,risk_off,1.0,0.0,3.9043983316494074e-17,2013-10-01,2006-07-17,2013-09-30,1815.0,risk_off
2013-10-25,risk_on,risk_off,1.0,0.0,2.498096434145583e-19,2013-10-01,2006-07-17,2013-09-30,1815.0,risk_off
2013-10-28,risk_on,risk_off,1.0,0.0,1.7993930079435083e-20,2013-10-01,2006-07-17,2013-09-30,1815.0,risk_off
2013-10-29,risk_on,risk_off,1.0,0.0,3.7974478399888998e-22,2013-10-01,2006-07-17,2013-09-30,1815.0,risk_off
2013-10-30,risk_on,risk_off,1.0,0.0,2.6205862251811795e-21,2013-10-01,2006-07-17,2013-09-30,1815.0,risk_off
2013-10-31,risk_on,risk_off,1.0,0.0,1.8642449473741064e-19,2013-10-01,2006-07-17,2013-09-30,1815.0,risk_off
2013-11-01,risk_on,risk_off,0.9999999999831579,0.0,1.684218997055979e-11,2013-11-01,2006-07-17,2013-10-31,1838.0,risk_off
2013-11-04,risk_on,risk_off,0.9999999999916982,0.0,8.301792324386214e-12,2013-11-01,2006-07-17,2013-10-31,1838.0,risk_off
2013-11-05,risk_on,risk_off,0.9999999999883888,0.0,1.1611007349712675e-11,2013-11-01,2006-07-17,2013-10-31,1838.0,risk_off
2013-11-06,risk_on,risk_off,0.9999999999118669,0.0,8.813300680655585e-11,2013-11-01,2006-07-17,2013-10-31,1838.0,risk_off
2013-11-07,risk_on,risk_off,0.9999999991045261,0.0,8.954732410329499e-10,2013-11-01,2006-07-17,2013-10-31,1838.0,risk_off
2013-11-08,risk_on,risk_off,0.9999996242125806,0.0,3.757874201532862e-07,2013-11-01,2006-07-17,2013-10-31,1838.0,risk_off
2013-11-11,risk_on,risk_off,0.9999998643358768,0.0,1.3566412309680643e-07,2013-11-01,2006-07-17,2013-10-31,1838.0,risk_off
2013-11-12,risk_on,risk_off,0.9999862655837651,0.0,1.373441623446483e-05,2013-11-01,2006-07-17,2013-10-31,1838.0,risk_off
2013-11-13,risk_on,risk_off,0.9998441017327814,0.0,0.00015589826721711816,2013-11-01,2006-07-17,2013-10-31,1838.0,risk_off
2013-11-14,risk_on,risk_off,0.9999940554461388,0.0,5.944553859475504e-06,2013-11-01,2006-07-17,2013-10-31,1838.0,risk_off
2013-11-15,risk_on,risk_off,0.9999999671161076,0.0,3.288389168080172e-08,2013-11-01,2006-07-17,2013-10-31,1838.0,risk_off
2013-11-18,risk_on,risk_off,0.9999999891729807,0.0,1.0827020441815811e-08,2013-11-01,2006-07-17,2013-10-31,1838.0,risk_off
2013-11-19,risk_on,risk_off,0.9999999998830944,0.0,1.169067290494445e-10,2013-11-01,2006-07-17,2013-10-31,1838.0,risk_off
2013-11-20,risk_on,risk_off,0.9999999823725113,0.0,1.7627486970247772e-08,2013-11-01,2006-07-17,2013-10-31,1838.0,risk_off
2013-11-21,risk_on,risk_off,0.9999949131502666,0.0,5.086849733616417e-06,2013-11-01,2006-07-17,2013-10-31,1838.0,risk_off
2013-11-22,risk_on,risk_off,0.9999996953444106,0.0,3.046555896516165e-07,2013-11-01,2006-07-17,2013-10-31,1838.0,risk_off
2013-11-25,risk_on,risk_off,0.999943186972741,0.0,5.681302725830157e-05,2013-11-01,2006-07-17,2013-10-31,1838.0,risk_off
2013-11-26,risk_on,risk_off,0.999839270648871,0.0,0.0001607293511272647,2013-11-01,2006-07-17,2013-10-31,1838.0,risk_off
2013-11-27,risk_on,risk_off,0.9990447523655952,0.0,0.0009552476344048782,2013-11-01,2006-07-17,2013-10-31,1838.0,risk_off
2013-11-29,risk_on,risk_off,0.9882947898967427,0.0,0.011705210103256394,2013-11-01,2006-07-17,2013-10-31,1838.0,risk_off
2013-12-02,risk_on,risk_on,0.0,7.863480186480665e-269,1.0,2013-12-02,2006-07-17,2013-11-29,1858.0,risk_off
2013-12-03,risk_on,risk_on,0.0,4.446764735676602e-263,1.0,2013-12-02,2006-07-17,2013-11-29,1858.0,risk_on
2013-12-04,risk_on,risk_on,0.0,2.114314793408663e-257,1.0,2013-12-02,2006-07-17,2013-11-29,1858.0,risk_on
2013-12-05,risk_on,risk_on,0.0,1.728515338112033e-242,1.0,2013-12-02,2006-07-17,2013-11-29,1858.0,risk_on
2013-12-06,risk_on,risk_on,0.0,9.416871860330551e-247,1.0,2013-12-02,2006-07-17,2013-11-29,1858.0,risk_on
2013-12-09,risk_on,risk_on,0.0,1.1012021740417831e-253,1.0,2013-12-02,2006-07-17,2013-11-29,1858.0,risk_on
2013-12-10,risk_on,risk_on,0.0,1.9532306649499973e-242,1.0,2013-12-02,2006-07-17,2013-11-29,1858.0,risk_on
2013-12-11,risk_on,risk_on,0.0,2.644005844060137e-227,1.0,2013-12-02,2006-07-17,2013-11-29,1858.0,risk_on
2013-12-12,risk_on,risk_on,0.0,3.4379420062385635e-212,1.0,2013-12-02,2006-07-17,2013-11-29,1858.0,risk_on
2013-12-13,risk_on,risk_on,0.0,1.8611562980124493e-203,1.0,2013-12-02,2006-07-17,2013-11-29,1858.0,risk_on
2013-12-16,risk_on,risk_on,0.0,1.3107132982783645e-229,1.0,2013-12-02,2006-07-17,2013-11-29,1858.0,risk_on
2013-12-17,risk_on,risk_on,0.0,5.220042130613742e-199,1.0,2013-12-02,2006-07-17,2013-11-29,1858.0,risk_on
2013-12-18,risk_on,risk_on,0.0,2.7108495600972803e-215,1.0,2013-12-02,2006-07-17,2013-11-29,1858.0,risk_on
2013-12-19,risk_on,risk_on,0.0,6.793898266580414e-212,1.0,2013-12-02,2006-07-17,2013-11-29,1858.0,risk_on
2013-12-20,risk_on,risk_on,0.0,1.0913800550621816e-210,1.0,2013-12-02,2006-07-17,2013-11-29,1858.0,risk_on
2013-12-23,risk_on,risk_on,0.0,2.567321545337188e-235,1.0,2013-12-02,2006-07-17,2013-11-29,1858.0,risk_on
2013-12-24,risk_on,risk_on,0.0,9.844252129351986e-241,1.0,2013-12-02,2006-07-17,2013-11-29,1858.0,risk_on
2013-12-26,risk_on,risk_on,0.0,2.0263066920043533e-232,1.0,2013-12-02,2006-07-17,2013-11-29,1858.0,risk_on
2013-12-27,risk_on,risk_on,0.0,3.979137942569088e-234,1.0,2013-12-02,2006-07-17,2013-11-29,1858.0,risk_on
2013-12-30,risk_on,risk_on,0.0,1.8847179043874218e-237,1.0,2013-12-02,2006-07-17,2013-11-29,1858.0,risk_on
2013-12-31,risk_on,risk_on,0.0,4.7024011852738035e-237,1.0,2013-12-02,2006-07-17,2013-11-29,1858.0,risk_on
2014-01-02,risk_on,risk_on,0.0,0.0,1.0,2014-01-02,2006-07-17,2013-12-31,1879.0,risk_on
2014-01-03,risk_on,risk_on,0.0,0.0,1.0,2014-01-02,2006-07-17,2013-12-31,1879.0,risk_on
2014-01-06,risk_on,risk_on,0.0,0.0,1.0,2014-01-02,2006-07-17,2013-12-31,1879.0,risk_on
2014-01-07,risk_on,risk_on,0.0,0.0,1.0,2014-01-02,2006-07-17,2013-12-31,1879.0,risk_on
2014-01-08,risk_on,risk_on,0.0,0.0,1.0,2014-01-02,2006-07-17,2013-12-31,1879.0,risk_on
2014-01-09,risk_on,risk_on,0.0,0.0,1.0,2014-01-02,2006-07-17,2013-12-31,1879.0,risk_on
2014-01-10,risk_on,risk_on,0.0,0.0,1.0,2014-01-02,2006-07-17,2013-12-31,1879.0,risk_on
2014-01-13,risk_on,risk_on,0.0,0.0,1.0,2014-01-02,2006-07-17,2013-12-31,1879.0,risk_on
2014-01-14,risk_on,risk_on,0.0,0.0,1.0,2014-01-02,2006-07-17,2013-12-31,1879.0,risk_on
2014-01-15,risk_on,risk_on,0.0,0.0,1.0,2014-01-02,2006-07-17,2013-12-31,1879.0,risk_on
2014-01-16,risk_on,risk_on,0.0,0.0,1.0,2014-01-02,2006-07-17,2013-12-31,1879.0,risk_on
2014-01-17,risk_on,risk_on,0.0,0.0,1.0,2014-01-02,2006-07-17,2013-12-31,1879.0,risk_on
2014-01-21,risk_on,risk_on,0.0,0.0,1.0,2014-01-02,2006-07-17,2013-12-31,1879.0,risk_on
2014-01-22,risk_on,risk_on,0.0,0.0,1.0,2014-01-02,2006-07-17,2013-12-31,1879.0,risk_on
2014-01-23,risk_on,risk_on,0.0,0.0,1.0,2014-01-02,2006-07-17,2013-12-31,1879.0,risk_on
2014-01-24,risk_on,risk_on,0.0,0.0,1.0,2014-01-02,2006-07-17,2013-12-31,1879.0,risk_on
2014-01-27,risk_on,risk_on,0.0,0.0,1.0,2014-01-02,2006-07-17,2013-12-31,1879.0,risk_on
2014-01-28,risk_on,risk_on,0.0,0.0,1.0,2014-01-02,2006-07-17,2013-12-31,1879.0,risk_on
2014-01-29,risk_on,risk_on,0.0,0.0,1.0,2014-01-02,2006-07-17,2013-12-31,1879.0,risk_on
2014-01-30,risk_on,risk_on,0.0,0.0,1.0,2014-01-02,2006-07-17,2013-12-31,1879.0,risk_on
2014-01-31,risk_on,risk_on,0.0,0.0,1.0,2014-01-02,2006-07-17,2013-12-31,1879.0,risk_on
2014-02-03,risk_on,risk_on,4.029569041460188e-267,1.9690182404002235e-121,1.0,2014-02-03,2006-07-17,2014-01-31,1900.0,risk_on
2014-02-04,risk_on,risk_on,2.616189995040521e-265,5.120657238786054e-128,1.0,2014-02-03,2006-07-17,2014-01-31,1900.0,risk_on
2014-02-05,risk_on,risk_on,3.3623439597350634e-265,3.0228837288588457e-128,1.0,2014-02-03,2006-07-17,2014-01-31,1900.0,risk_on
2014-02-06,risk_on,risk_on,1.2328054233841173e-262,9.762646793637381e-137,1.0,2014-02-03,2006-07-17,2014-01-31,1900.0,risk_on
2014-02-07,risk_on,risk_on,8.749053141047955e-265,4.268863771987285e-139,1.0,2014-02-03,2006-07-17,2014-01-31,1900.0,risk_on
2014-02-10,risk_on,risk_on,1.559466815705005e-271,1.2611546056163382e-135,1.0,2014-02-03,2006-07-17,2014-01-31,1900.0,risk_on
2014-02-11,risk_on,risk_on,2.7012119250238393e-267,2.1132222209498464e-143,1.0,2014-02-03,2006-07-17,2014-01-31,1900.0,risk_on
2014-02-12,risk_on,risk_on,5.696499805458399e-268,9.333909877336243e-146,1.0,2014-02-03,2006-07-17,2014-01-31,1900.0,risk_on
2014-02-13,risk_on,risk_on,3.2704282557291544e-273,4.163257085115766e-149,1.0,2014-02-03,2006-07-17,2014-01-31,1900.0,risk_on
2014-02-14,risk_on,risk_on,5.905206306112604e-271,1.4977261078962004e-148,1.0,2014-02-03,2006-07-17,2014-01-31,1900.0,risk_on
2014-02-18,risk_on,risk_on,6.710266682039658e-283,3.9590268752938798e-143,1.0,2014-02-03,2006-07-17,2014-01-31,1900.0,risk_on
2014-02-19,risk_on,risk_on,2.054675959115689e-284,2.633862009968732e-139,1.0,2014-02-03,2006-07-17,2014-01-31,1900.0,risk_on
2014-02-20,risk_on,risk_on,7.798733690038966e-293,1.2735885247642853e-140,1.0,2014-02-03,2006-07-17,2014-01-31,1900.0,risk_on
2014-02-21,risk_on,risk_on,3.5912133352124745e-294,5.2936280797419745e-145,1.0,2014-02-03,2006-07-17,2014-01-31,1900.0,risk_on
2014-02-24,risk_on,risk_on,4.13159321319007e-295,5.840227419737467e-148,1.0,2014-02-03,2006-07-17,2014-01-31,1900.0,risk_on
2014-02-25,risk_on,risk_on,1.4542093388533494e-298,3.4288757328359916e-144,1.0,2014-02-03,2006-07-17,2014-01-31,1900.0,risk_on
2014-02-26,risk_on,risk_on,9.268915134728698e-301,2.3284873207995958e-144,1.0,2014-02-03,2006-07-17,2014-01-31,1900.0,risk_on
2014-02-27,risk_on,risk_on,2.8678402792192106e-300,4.462169307967278e-149,1.0,2014-02-03,2006-07-17,2014-01-31,1900.0,risk_on
2014-02-28,risk_on,risk_on,1.88482523793909e-303,4.894641068907604e-150,1.0,2014-02-03,2006-07-17,2014-01-31,1900.0,risk_on
2014-03-03,risk_on,risk_on,0.0,0.0,1.0,2014-03-03,2006-07-17,2014-02-28,1919.0,risk_on
2014-03-04,risk_on,risk_on,0.0,0.0,1.0,2014-03-03,2006-07-17,2014-02-28,1919.0,risk_on
2014-03-05,risk_on,risk_on,0.0,0.0,1.0,2014-03-03,2006-07-17,2014-02-28,1919.0,risk_on
2014-03-06,risk_on,risk_on,0.0,0.0,1.0,2014-03-03,2006-07-17,2014-02-28,1919.0,risk_on
2014-03-07,risk_on,risk_on,0.0,0.0,1.0,2014-03-03,2006-07-17,2014-02-28,1919.0,risk_on
2014-03-10,risk_on,risk_on,0.0,0.0,1.0,2014-03-03,2006-07-17,2014-02-28,1919.0,risk_on
2014-03-11,risk_on,risk_on,0.0,0.0,1.0,2014-03-03,2006-07-17,2014-02-28,1919.0,risk_on
2014-03-12,risk_on,risk_on,0.0,0.0,1.0,2014-03-03,2006-07-17,2014-02-28,1919.0,risk_on
2014-03-13,risk_on,risk_on,0.0,0.0,1.0,2014-03-03,2006-07-17,2014-02-28,1919.0,risk_on
2014-03-14,risk_on,risk_on,0.0,0.0,1.0,2014-03-03,2006-07-17,2014-02-28,1919.0,risk_on
2014-03-17,risk_on,risk_on,0.0,0.0,1.0,2014-03-03,2006-07-17,2014-02-28,1919.0,risk_on
2014-03-18,risk_on,risk_on,0.0,0.0,1.0,2014-03-03,2006-07-17,2014-02-28,1919.0,risk_on
2014-03-19,risk_on,risk_on,0.0,0.0,1.0,2014-03-03,2006-07-17,2014-02-28,1919.0,risk_on
2014-03-20,risk_on,risk_on,0.0,0.0,1.0,2014-03-03,2006-07-17,2014-02-28,1919.0,risk_on
2014-03-21,risk_on,risk_on,0.0,0.0,1.0,2014-03-03,2006-07-17,2014-02-28,1919.0,risk_on
2014-03-24,risk_on,risk_on,0.0,0.0,1.0,2014-03-03,2006-07-17,2014-02-28,1919.0,risk_on
2014-03-25,risk_on,risk_on,0.0,0.0,1.0,2014-03-03,2006-07-17,2014-02-28,1919.0,risk_on
2014-03-26,risk_on,risk_on,0.0,0.0,1.0,2014-03-03,2006-07-17,2014-02-28,1919.0,risk_on
2014-03-27,risk_on,risk_on,0.0,0.0,1.0,2014-03-03,2006-07-17,2014-02-28,1919.0,risk_on
2014-03-28,risk_on,risk_on,0.0,0.0,1.0,2014-03-03,2006-07-17,2014-02-28,1919.0,risk_on
2014-03-31,risk_on,risk_on,0.0,0.0,1.0,2014-03-03,2006-07-17,2014-02-28,1919.0,risk_on
2014-04-01,risk_on,risk_on,0.0,0.0,1.0,2014-04-01,2006-07-17,2014-03-31,1940.0,risk_on
2014-04-02,risk_on,risk_on,0.0,0.0,1.0,2014-04-01,2006-07-17,2014-03-31,1940.0,risk_on
2014-04-03,risk_on,risk_on,0.0,0.0,1.0,2014-04-01,2006-07-17,2014-03-31,1940.0,risk_on
2014-04-04,risk_on,risk_on,0.0,0.0,1.0,2014-04-01,2006-07-17,2014-03-31,1940.0,risk_on
2014-04-07,risk_on,risk_on,0.0,0.0,1.0,2014-04-01,2006-07-17,2014-03-31,1940.0,risk_on
2014-04-08,risk_on,risk_on,0.0,0.0,1.0,2014-04-01,2006-07-17,2014-03-31,1940.0,risk_on
2014-04-09,risk_on,risk_on,0.0,0.0,1.0,2014-04-01,2006-07-17,2014-03-31,1940.0,risk_on
2014-04-10,risk_on,risk_on,0.0,0.0,1.0,2014-04-01,2006-07-17,2014-03-31,1940.0,risk_on
2014-04-11,risk_on,risk_on,0.0,0.0,1.0,2014-04-01,2006-07-17,2014-03-31,1940.0,risk_on
2014-04-14,risk_on,risk_on,0.0,0.0,1.0,2014-04-01,2006-07-17,2014-03-31,1940.0,risk_on
2014-04-15,risk_on,risk_on,0.0,0.0,1.0,2014-04-01,2006-07-17,2014-03-31,1940.0,risk_on
2014-04-16,risk_on,risk_on,0.0,0.0,1.0,2014-04-01,2006-07-17,2014-03-31,1940.0,risk_on
2014-04-17,risk_on,risk_on,0.0,0.0,1.0,2014-04-01,2006-07-17,2014-03-31,1940.0,risk_on
2014-04-21,risk_on,risk_on,0.0,0.0,1.0,2014-04-01,2006-07-17,2014-03-31,1940.0,risk_on
2014-04-22,risk_on,risk_on,0.0,0.0,1.0,2014-04-01,2006-07-17,2014-03-31,1940.0,risk_on
2014-04-23,risk_on,risk_on,0.0,0.0,1.0,2014-04-01,2006-07-17,2014-03-31,1940.0,risk_on
2014-04-24,risk_on,risk_on,0.0,0.0,1.0,2014-04-01,2006-07-17,2014-03-31,1940.0,risk_on
2014-04-25,risk_on,risk_on,0.0,0.0,1.0,2014-04-01,2006-07-17,2014-03-31,1940.0,risk_on
2014-04-28,risk_on,risk_on,0.0,0.0,1.0,2014-04-01,2006-07-17,2014-03-31,1940.0,risk_on
2014-04-29,risk_on,risk_on,0.0,0.0,1.0,2014-04-01,2006-07-17,2014-03-31,1940.0,risk_on
2014-04-30,risk_on,risk_on,0.0,0.0,1.0,2014-04-01,2006-07-17,2014-03-31,1940.0,risk_on
2014-05-01,risk_on,risk_on,1.545378288590887e-114,1.966276488863746e-86,1.0,2014-05-01,2006-07-17,2014-04-30,1961.0,risk_on
2014-05-02,risk_on,risk_on,1.0873706088332257e-109,2.0703102927443502e-82,1.0,2014-05-01,2006-07-17,2014-04-30,1961.0,risk_on
2014-05-05,risk_on,risk_on,1.4140425774053648e-113,4.706061507835397e-87,1.0,2014-05-01,2006-07-17,2014-04-30,1961.0,risk_on
2014-05-06,risk_on,risk_on,1.9726032101166273e-110,2.862121649727026e-82,1.0,2014-05-01,2006-07-17,2014-04-30,1961.0,risk_on
2014-05-07,risk_on,risk_on,3.79234801179524e-115,5.6899760912947174e-93,1.0,2014-05-01,2006-07-17,2014-04-30,1961.0,risk_on
2014-05-08,risk_on,risk_on,7.995815502385451e-115,1.8708628352990344e-87,1.0,2014-05-01,2006-07-17,2014-04-30,1961.0,risk_on
2014-05-09,risk_on,risk_on,3.1853636504426163e-113,1.0311779182552002e-83,1.0,2014-05-01,2006-07-17,2014-04-30,1961.0,risk_on
2014-05-12,risk_on,risk_on,1.0619374918467222e-117,1.2570503092709905e-89,1.0,2014-05-01,2006-07-17,2014-04-30,1961.0,risk_on
2014-05-13,risk_on,risk_on,4.775577856736212e-115,8.643481872224245e-89,1.0,2014-05-01,2006-07-17,2014-04-30,1961.0,risk_on
2014-05-14,risk_on,risk_on,2.5592945737272033e-112,1.312549440294609e-90,1.0,2014-05-01,2006-07-17,2014-04-30,1961.0,risk_on
2014-05-15,risk_on,risk_on,1.0673832713336265e-108,1.9206225342827068e-85,1.0,2014-05-01,2006-07-17,2014-04-30,1961.0,risk_on
2014-05-16,risk_on,risk_on,3.642974361213285e-91,7.278823207072375e-77,1.0,2014-05-01,2006-07-17,2014-04-30,1961.0,risk_on
2014-05-19,risk_on,risk_on,1.999051721238405e-94,1.327497808029131e-72,1.0,2014-05-01,2006-07-17,2014-04-30,1961.0,risk_on
2014-05-20,risk_on,risk_on,3.238774950329292e-95,4.517215620233382e-74,1.0,2014-05-01,2006-07-17,2014-04-30,1961.0,risk_on
2014-05-21,risk_on,risk_on,3.830330915520845e-91,1.566222882393226e-71,1.0,2014-05-01,2006-07-17,2014-04-30,1961.0,risk_on
2014-05-22,risk_on,risk_on,1.814561308582843e-94,1.851103712102876e-71,1.0,2014-05-01,2006-07-17,2014-04-30,1961.0,risk_on
2014-05-23,risk_on,risk_on,6.278287093764358e-91,4.6882930531808695e-71,1.0,2014-05-01,2006-07-17,2014-04-30,1961.0,risk_on
2014-05-27,risk_on,risk_on,2.446694119424167e-90,5.440303645097226e-70,1.0,2014-05-01,2006-07-17,2014-04-30,1961.0,risk_on
2014-05-28,risk_on,risk_on,2.666435158043594e-90,4.244710006543317e-71,1.0,2014-05-01,2006-07-17,2014-04-30,1961.0,risk_on
2014-05-29,risk_on,risk_on,1.9896735873367398e-88,1.0872845480798317e-64,1.0,2014-05-01,2006-07-17,2014-04-30,1961.0,risk_on
2014-05-30,risk_on,risk_on,4.2120613724498115e-86,1.3559173665730676e-65,1.0,2014-05-01,2006-07-17,2014-04-30,1961.0,risk_on
2014-06-02,risk_on,risk_on,0.0,6.306569855537616e-189,1.0,2014-06-02,2006-07-17,2014-05-30,1982.0,risk_on
2014-06-03,risk_on,risk_on,0.0,1.8329686804441684e-190,1.0,2014-06-02,2006-07-17,2014-05-30,1982.0,risk_on
2014-06-04,risk_on,risk_on,0.0,8.591453271527068e-187,1.0,2014-06-02,2006-07-17,2014-05-30,1982.0,risk_on
2014-06-05,risk_on,risk_on,0.0,9.826114606958227e-185,1.0,2014-06-02,2006-07-17,2014-05-30,1982.0,risk_on
2014-06-06,risk_on,risk_on,0.0,1.8000643092166047e-188,1.0,2014-06-02,2006-07-17,2014-05-30,1982.0,risk_on
2014-06-09,risk_on,risk_on,0.0,5.335685291059487e-190,1.0,2014-06-02,2006-07-17,2014-05-30,1982.0,risk_on
2014-06-10,risk_on,risk_on,0.0,8.336702903943136e-196,1.0,2014-06-02,2006-07-17,2014-05-30,1982.0,risk_on
2014-06-11,risk_on,risk_on,0.0,5.518312389845448e-195,1.0,2014-06-02,2006-07-17,2014-05-30,1982.0,risk_on
2014-06-12,risk_on,risk_on,0.0,7.697912241275933e-196,1.0,2014-06-02,2006-07-17,2014-05-30,1982.0,risk_on
2014-06-13,risk_on,risk_on,0.0,1.7214490364512138e-191,1.0,2014-06-02,2006-07-17,2014-05-30,1982.0,risk_on
2014-06-16,risk_on,risk_on,0.0,4.635116969757229e-185,1.0,2014-06-02,2006-07-17,2014-05-30,1982.0,risk_on
2014-06-17,risk_on,risk_on,0.0,7.193920560111684e-183,1.0,2014-06-02,2006-07-17,2014-05-30,1982.0,risk_on
2014-06-18,risk_on,risk_on,0.0,2.519591956411944e-192,1.0,2014-06-02,2006-07-17,2014-05-30,1982.0,risk_on
2014-06-19,risk_on,risk_on,0.0,3.0470787173812777e-189,1.0,2014-06-02,2006-07-17,2014-05-30,1982.0,risk_on
2014-06-20,risk_on,risk_on,0.0,7.959784074511566e-181,1.0,2014-06-02,2006-07-17,2014-05-30,1982.0,risk_on
2014-06-23,risk_on,risk_on,0.0,1.4340673840069901e-179,1.0,2014-06-02,2006-07-17,2014-05-30,1982.0,risk_on
2014-06-24,risk_on,risk_on,0.0,2.205740019996827e-176,1.0,2014-06-02,2006-07-17,2014-05-30,1982.0,risk_on
2014-06-25,risk_on,risk_on,0.0,1.675010421200955e-172,1.0,2014-06-02,2006-07-17,2014-05-30,1982.0,risk_on
2014-06-26,risk_on,risk_on,0.0,3.1057382646364197e-170,1.0,2014-06-02,2006-07-17,2014-05-30,1982.0,risk_on
2014-06-27,risk_on,risk_on,0.0,1.5776690340570616e-171,1.0,2014-06-02,2006-07-17,2014-05-30,1982.0,risk_on
2014-06-30,risk_on,risk_on,0.0,1.2484196495648424e-172,1.0,2014-06-02,2006-07-17,2014-05-30,1982.0,risk_on
2014-07-01,risk_on,risk_on,0.0,0.0,1.0,2014-07-01,2006-07-17,2014-06-30,2003.0,risk_on
2014-07-02,risk_on,risk_on,0.0,0.0,1.0,2014-07-01,2006-07-17,2014-06-30,2003.0,risk_on
2014-07-03,risk_on,risk_on,0.0,0.0,1.0,2014-07-01,2006-07-17,2014-06-30,2003.0,risk_on
2014-07-07,risk_on,risk_on,0.0,0.0,1.0,2014-07-01,2006-07-17,2014-06-30,2003.0,risk_on
2014-07-08,risk_on,risk_on,0.0,0.0,1.0,2014-07-01,2006-07-17,2014-06-30,2003.0,risk_on
2014-07-09,risk_on,risk_on,0.0,0.0,1.0,2014-07-01,2006-07-17,2014-06-30,2003.0,risk_on
2014-07-10,risk_on,risk_on,0.0,0.0,1.0,2014-07-01,2006-07-17,2014-06-30,2003.0,risk_on
2014-07-11,risk_on,risk_on,0.0,0.0,1.0,2014-07-01,2006-07-17,2014-06-30,2003.0,risk_on
2014-07-14,risk_on,risk_on,0.0,0.0,1.0,2014-07-01,2006-07-17,2014-06-30,2003.0,risk_on
2014-07-15,risk_on,risk_on,0.0,0.0,1.0,2014-07-01,2006-07-17,2014-06-30,2003.0,risk_on
2014-07-16,risk_on,risk_on,0.0,0.0,1.0,2014-07-01,2006-07-17,2014-06-30,2003.0,risk_on
2014-07-17,risk_on,risk_on,0.0,0.0,1.0,2014-07-01,2006-07-17,2014-06-30,2003.0,risk_on
2014-07-18,risk_on,risk_on,0.0,0.0,1.0,2014-07-01,2006-07-17,2014-06-30,2003.0,risk_on
2014-07-21,risk_on,risk_on,0.0,0.0,1.0,2014-07-01,2006-07-17,2014-06-30,2003.0,risk_on
2014-07-22,risk_on,risk_on,0.0,0.0,1.0,2014-07-01,2006-07-17,2014-06-30,2003.0,risk_on
2014-07-23,risk_on,risk_on,0.0,0.0,1.0,2014-07-01,2006-07-17,2014-06-30,2003.0,risk_on
2014-07-24,risk_on,risk_on,0.0,0.0,1.0,2014-07-01,2006-07-17,2014-06-30,2003.0,risk_on
2014-07-25,risk_on,risk_on,0.0,0.0,1.0,2014-07-01,2006-07-17,2014-06-30,2003.0,risk_on
2014-07-28,risk_on,risk_on,0.0,0.0,1.0,2014-07-01,2006-07-17,2014-06-30,2003.0,risk_on
2014-07-29,risk_on,risk_on,0.0,0.0,1.0,2014-07-01,2006-07-17,2014-06-30,2003.0,risk_on
2014-07-30,risk_on,risk_on,0.0,0.0,1.0,2014-07-01,2006-07-17,2014-06-30,2003.0,risk_on
2014-07-31,risk_on,risk_on,0.0,0.0,1.0,2014-07-01,2006-07-17,2014-06-30,2003.0,risk_on
2014-08-01,risk_on,risk_on,0.0,1.653737006379336e-104,1.0,2014-08-01,2006-07-17,2014-07-31,2025.0,risk_on
2014-08-04,risk_on,risk_on,0.0,6.80882339936301e-108,1.0,2014-08-01,2006-07-17,2014-07-31,2025.0,risk_on
2014-08-05,risk_on,risk_on,0.0,1.656158765506426e-104,1.0,2014-08-01,2006-07-17,2014-07-31,2025.0,risk_on
2014-08-06,risk_on,risk_on,0.0,6.550098373806049e-98,1.0,2014-08-01,2006-07-17,2014-07-31,2025.0,risk_on
2014-08-07,risk_on,risk_on,0.0,1.301767270529392e-102,1.0,2014-08-01,2006-07-17,2014-07-31,2025.0,risk_on
2014-08-08,risk_on,risk_on,0.0,2.549840109641007e-104,1.0,2014-08-01,2006-07-17,2014-07-31,2025.0,risk_on
2014-08-11,risk_on,risk_on,0.0,3.3254865738852827e-106,1.0,2014-08-01,2006-07-17,2014-07-31,2025.0,risk_on
2014-08-12,risk_on,risk_on,0.0,6.314721026194549e-104,1.0,2014-08-01,2006-07-17,2014-07-31,2025.0,risk_on
2014-08-13,risk_on,risk_on,0.0,1.3198572896148316e-101,1.0,2014-08-01,2006-07-17,2014-07-31,2025.0,risk_on
2014-08-14,risk_on,risk_on,0.0,1.0375104639686251e-98,1.0,2014-08-01,2006-07-17,2014-07-31,2025.0,risk_on
2014-08-15,risk_on,risk_on,0.0,1.0606963344049874e-113,1.0,2014-08-01,2006-07-17,2014-07-31,2025.0,risk_on
2014-08-18,risk_on,risk_on,0.0,5.657231476434273e-110,1.0,2014-08-01,2006-07-17,2014-07-31,2025.0,risk_on
2014-08-19,risk_on,risk_on,0.0,6.10156034791525e-106,1.0,2014-08-01,2006-07-17,2014-07-31,2025.0,risk_on
2014-08-20,risk_on,risk_on,0.0,4.162723185119952e-109,1.0,2014-08-01,2006-07-17,2014-07-31,2025.0,risk_on
2014-08-21,risk_on,risk_on,0.0,6.196033859559873e-111,1.0,2014-08-01,2006-07-17,2014-07-31,2025.0,risk_on
2014-08-22,risk_on,risk_on,0.0,8.299946450332476e-109,1.0,2014-08-01,2006-07-17,2014-07-31,2025.0,risk_on
2014-08-25,risk_on,risk_on,0.0,7.118802114433049e-111,1.0,2014-08-01,2006-07-17,2014-07-31,2025.0,risk_on
2014-08-26,risk_on,risk_on,0.0,3.6809163959333487e-103,1.0,2014-08-01,2006-07-17,2014-07-31,2025.0,risk_on
2014-08-27,risk_on,risk_on,0.0,2.5564642083982826e-104,1.0,2014-08-01,2006-07-17,2014-07-31,2025.0,risk_on
2014-08-28,risk_on,risk_on,0.0,2.4765997005113447e-108,1.0,2014-08-01,2006-07-17,2014-07-31,2025.0,risk_on
2014-08-29,risk_on,risk_on,0.0,8.24606074639586e-114,1.0,2014-08-01,2006-07-17,2014-07-31,2025.0,risk_on
2014-09-02,risk_on,risk_on,0.0,0.0,1.0,2014-09-02,2006-07-17,2014-08-29,2046.0,risk_on
2014-09-03,risk_on,risk_on,0.0,0.0,1.0,2014-09-02,2006-07-17,2014-08-29,2046.0,risk_on
2014-09-04,risk_on,risk_on,0.0,0.0,1.0,2014-09-02,2006-07-17,2014-08-29,2046.0,risk_on
2014-09-05,risk_on,risk_on,0.0,0.0,1.0,2014-09-02,2006-07-17,2014-08-29,2046.0,risk_on
2014-09-08,risk_on,risk_on,0.0,0.0,1.0,2014-09-02,2006-07-17,2014-08-29,2046.0,risk_on
2014-09-09,risk_on,risk_on,0.0,0.0,1.0,2014-09-02,2006-07-17,2014-08-29,2046.0,risk_on
2014-09-10,risk_on,risk_on,0.0,0.0,1.0,2014-09-02,2006-07-17,2014-08-29,2046.0,risk_on
2014-09-11,risk_on,risk_on,0.0,0.0,1.0,2014-09-02,2006-07-17,2014-08-29,2046.0,risk_on
2014-09-12,risk_on,risk_on,0.0,0.0,1.0,2014-09-02,2006-07-17,2014-08-29,2046.0,risk_on
2014-09-15,risk_on,risk_on,0.0,0.0,1.0,2014-09-02,2006-07-17,2014-08-29,2046.0,risk_on
2014-09-16,risk_on,risk_on,0.0,0.0,1.0,2014-09-02,2006-07-17,2014-08-29,2046.0,risk_on
2014-09-17,risk_on,risk_on,0.0,0.0,1.0,2014-09-02,2006-07-17,2014-08-29,2046.0,risk_on
2014-09-18,risk_on,risk_on,0.0,0.0,1.0,2014-09-02,2006-07-17,2014-08-29,2046.0,risk_on
2014-09-19,risk_on,risk_on,0.0,0.0,1.0,2014-09-02,2006-07-17,2014-08-29,2046.0,risk_on
2014-09-22,risk_on,risk_on,0.0,0.0,1.0,2014-09-02,2006-07-17,2014-08-29,2046.0,risk_on
2014-09-23,risk_on,risk_on,0.0,0.0,1.0,2014-09-02,2006-07-17,2014-08-29,2046.0,risk_on
2014-09-24,risk_on,risk_on,0.0,0.0,1.0,2014-09-02,2006-07-17,2014-08-29,2046.0,risk_on
2014-09-25,risk_on,risk_on,0.0,0.0,1.0,2014-09-02,2006-07-17,2014-08-29,2046.0,risk_on
2014-09-26,risk_on,risk_on,0.0,0.0,1.0,2014-09-02,2006-07-17,2014-08-29,2046.0,risk_on
2014-09-29,risk_on,risk_on,0.0,0.0,1.0,2014-09-02,2006-07-17,2014-08-29,2046.0,risk_on
2014-09-30,risk_on,risk_on,0.0,0.0,1.0,2014-09-02,2006-07-17,2014-08-29,2046.0,risk_on
2014-10-01,risk_on,risk_on,0.0,0.0,1.0,2014-10-01,2006-07-17,2014-09-30,2067.0,risk_on
2014-10-02,risk_on,risk_on,0.0,0.0,1.0,2014-10-01,2006-07-17,2014-09-30,2067.0,risk_on
2014-10-03,risk_on,risk_on,0.0,0.0,1.0,2014-10-01,2006-07-17,2014-09-30,2067.0,risk_on
2014-10-06,risk_on,risk_on,0.0,0.0,1.0,2014-10-01,2006-07-17,2014-09-30,2067.0,risk_on
2014-10-07,risk_on,risk_on,0.0,0.0,1.0,2014-10-01,2006-07-17,2014-09-30,2067.0,risk_on
2014-10-08,risk_on,risk_on,0.0,0.0,1.0,2014-10-01,2006-07-17,2014-09-30,2067.0,risk_on
2014-10-09,risk_on,risk_on,0.0,0.0,1.0,2014-10-01,2006-07-17,2014-09-30,2067.0,risk_on
2014-10-10,risk_on,risk_on,0.0,0.0,1.0,2014-10-01,2006-07-17,2014-09-30,2067.0,risk_on
2014-10-13,risk_on,risk_on,0.0,0.0,1.0,2014-10-01,2006-07-17,2014-09-30,2067.0,risk_on
2014-10-14,risk_on,risk_on,0.0,0.0,1.0,2014-10-01,2006-07-17,2014-09-30,2067.0,risk_on
2014-10-15,risk_on,risk_on,0.0,0.0,1.0,2014-10-01,2006-07-17,2014-09-30,2067.0,risk_on
2014-10-16,risk_on,risk_on,0.0,0.0,1.0,2014-10-01,2006-07-17,2014-09-30,2067.0,risk_on
2014-10-17,risk_on,risk_on,0.0,0.0,1.0,2014-10-01,2006-07-17,2014-09-30,2067.0,risk_on
2014-10-20,risk_on,risk_on,0.0,0.0,1.0,2014-10-01,2006-07-17,2014-09-30,2067.0,risk_on
2014-10-21,risk_on,risk_on,0.0,0.0,1.0,2014-10-01,2006-07-17,2014-09-30,2067.0,risk_on
2014-10-22,risk_on,risk_on,0.0,0.0,1.0,2014-10-01,2006-07-17,2014-09-30,2067.0,risk_on
2014-10-23,risk_on,risk_on,0.0,0.0,1.0,2014-10-01,2006-07-17,2014-09-30,2067.0,risk_on
2014-10-24,risk_on,risk_on,0.0,0.0,1.0,2014-10-01,2006-07-17,2014-09-30,2067.0,risk_on
2014-10-27,risk_on,risk_on,0.0,0.0,1.0,2014-10-01,2006-07-17,2014-09-30,2067.0,risk_on
2014-10-28,risk_on,risk_on,0.0,0.0,1.0,2014-10-01,2006-07-17,2014-09-30,2067.0,risk_on
2014-10-29,risk_on,risk_on,0.0,0.0,1.0,2014-10-01,2006-07-17,2014-09-30,2067.0,risk_on
2014-10-30,risk_on,risk_on,0.0,0.0,1.0,2014-10-01,2006-07-17,2014-09-30,2067.0,risk_on
2014-10-31,risk_on,risk_on,0.0,0.0,1.0,2014-10-01,2006-07-17,2014-09-30,2067.0,risk_on
2014-11-03,risk_on,risk_on,0.0,4.1181894287400844e-193,1.0,2014-11-03,2006-07-17,2014-10-31,2090.0,risk_on
2014-11-04,risk_on,risk_on,0.0,2.3418673519650963e-194,1.0,2014-11-03,2006-07-17,2014-10-31,2090.0,risk_on
2014-11-05,risk_on,risk_on,0.0,1.6025122994409003e-200,1.0,2014-11-03,2006-07-17,2014-10-31,2090.0,risk_on
2014-11-06,risk_on,risk_on,0.0,4.494469533295982e-196,1.0,2014-11-03,2006-07-17,2014-10-31,2090.0,risk_on
2014-11-07,risk_on,risk_on,0.0,1.1057960661709165e-191,1.0,2014-11-03,2006-07-17,2014-10-31,2090.0,risk_on
2014-11-10,risk_on,risk_on,0.0,6.064308488029706e-194,1.0,2014-11-03,2006-07-17,2014-10-31,2090.0,risk_on
2014-11-11,risk_on,risk_on,0.0,6.249779517012934e-191,1.0,2014-11-03,2006-07-17,2014-10-31,2090.0,risk_on
2014-11-12,risk_on,risk_on,0.0,9.901503220285557e-190,1.0,2014-11-03,2006-07-17,2014-10-31,2090.0,risk_on
2014-11-13,risk_on,risk_on,0.0,7.23671372801729e-176,1.0,2014-11-03,2006-07-17,2014-10-31,2090.0,risk_on
2014-11-14,risk_on,risk_on,0.0,5.405531257426317e-175,1.0,2014-11-03,2006-07-17,2014-10-31,2090.0,risk_on
2014-11-17,risk_on,risk_on,0.0,5.616442474869788e-182,1.0,2014-11-03,2006-07-17,2014-10-31,2090.0,risk_on
2014-11-18,risk_on,risk_on,0.0,3.0709073024052798e-177,1.0,2014-11-03,2006-07-17,2014-10-31,2090.0,risk_on
2014-11-19,risk_on,risk_on,0.0,7.743211274970855e-182,1.0,2014-11-03,2006-07-17,2014-10-31,2090.0,risk_on
2014-11-20,risk_on,risk_on,0.0,1.0084308028655978e-181,1.0,2014-11-03,2006-07-17,2014-10-31,2090.0,risk_on
2014-11-21,risk_on,risk_on,0.0,1.4662950117676368e-188,1.0,2014-11-03,2006-07-17,2014-10-31,2090.0,risk_on
2014-11-24,risk_on,risk_on,0.0,2.739940635433533e-181,1.0,2014-11-03,2006-07-17,2014-10-31,2090.0,risk_on
2014-11-25,risk_on,risk_on,0.0,2.8757373253504293e-178,1.0,2014-11-03,2006-07-17,2014-10-31,2090.0,risk_on
2014-11-26,risk_on,risk_on,0.0,1.5569205908254128e-182,1.0,2014-11-03,2006-07-17,2014-10-31,2090.0,risk_on
2014-11-28,risk_on,risk_on,0.0,9.208872013993459e-181,1.0,2014-11-03,2006-07-17,2014-10-31,2090.0,risk_on
2014-12-01,risk_on,risk_on,0.0,4.4753453382004974e-215,1.0,2014-12-01,2006-07-17,2014-11-28,2109.0,risk_on
2014-12-02,risk_on,risk_on,0.0,3.8223298563179587e-227,1.0,2014-12-01,2006-07-17,2014-11-28,2109.0,risk_on
2014-12-03,risk_on,risk_on,0.0,1.3598179124818885e-220,1.0,2014-12-01,2006-07-17,2014-11-28,2109.0,risk_on
2014-12-04,risk_on,risk_on,0.0,5.110451535699943e-217,1.0,2014-12-01,2006-07-17,2014-11-28,2109.0,risk_on
2014-12-05,risk_on,risk_on,0.0,2.0597283188945434e-224,1.0,2014-12-01,2006-07-17,2014-11-28,2109.0,risk_on
2014-12-08,risk_on,risk_on,0.0,1.1435533220281993e-221,1.0,2014-12-01,2006-07-17,2014-11-28,2109.0,risk_on
2014-12-09,risk_on,risk_on,0.0,1.6180199562582925e-220,1.0,2014-12-01,2006-07-17,2014-11-28,2109.0,risk_on
2014-12-10,risk_on,risk_on,0.0,3.8167982087036594e-226,1.0,2014-12-01,2006-07-17,2014-11-28,2109.0,risk_on
2014-12-11,risk_on,risk_on,0.0,4.4870025472250915e-242,1.0,2014-12-01,2006-07-17,2014-11-28,2109.0,risk_on
2014-12-12,risk_on,risk_on,0.0,1.444773352586321e-247,1.0,2014-12-01,2006-07-17,2014-11-28,2109.0,risk_on
2014-12-15,risk_on,risk_on,0.0,2.5174363896978496e-243,1.0,2014-12-01,2006-07-17,2014-11-28,2109.0,risk_on
2014-12-16,risk_on,risk_on,0.0,6.662916543142689e-269,1.0,2014-12-01,2006-07-17,2014-11-28,2109.0,risk_on
2014-12-17,risk_on,risk_on,0.0,1.686670774686783e-257,1.0,2014-12-01,2006-07-17,2014-11-28,2109.0,risk_on
2014-12-18,risk_on,risk_on,0.0,9.051980888318614e-247,1.0,2014-12-01,2006-07-17,2014-11-28,2109.0,risk_on
2014-12-19,risk_on,risk_on,0.0,3.156270063687337e-243,1.0,2014-12-01,2006-07-17,2014-11-28,2109.0,risk_on
2014-12-22,risk_on,risk_on,0.0,2.1795251368435327e-246,1.0,2014-12-01,2006-07-17,2014-11-28,2109.0,risk_on
2014-12-23,risk_on,risk_on,0.0,3.0616069305067036e-243,1.0,2014-12-01,2006-07-17,2014-11-28,2109.0,risk_on
2014-12-24,risk_on,risk_on,0.0,1.3250443960409164e-247,1.0,2014-12-01,2006-07-17,2014-11-28,2109.0,risk_on
2014-12-26,risk_on,risk_on,0.0,1.4900763513552975e-247,1.0,2014-12-01,2006-07-17,2014-11-28,2109.0,risk_on
2014-12-29,risk_on,risk_on,0.0,1.4082078502576154e-254,1.0,2014-12-01,2006-07-17,2014-11-28,2109.0,risk_on
2014-12-30,risk_on,risk_on,0.0,3.7875641704821387e-224,1.0,2014-12-01,2006-07-17,2014-11-28,2109.0,risk_on
2014-12-31,risk_on,risk_on,0.0,4.557277728739819e-237,1.0,2014-12-01,2006-07-17,2014-11-28,2109.0,risk_on
2015-01-02,risk_on,neutral,0.0,1.0,1.2515256829528637e-170,2015-01-02,2006-07-17,2014-12-31,2131.0,risk_on
2015-01-05,risk_on,neutral,0.0,1.0,9.74470326174239e-164,2015-01-02,2006-07-17,2014-12-31,2131.0,neutral
2015-01-06,risk_on,neutral,0.0,1.0,5.616363341262793e-172,2015-01-02,2006-07-17,2014-12-31,2131.0,neutral
2015-01-07,risk_on,neutral,0.0,1.0,1.315089102190619e-173,2015-01-02,2006-07-17,2014-12-31,2131.0,neutral
2015-01-08,risk_on,neutral,0.0,1.0,2.6374326347447575e-178,2015-01-02,2006-07-17,2014-12-31,2131.0,neutral
2015-01-09,risk_on,neutral,0.0,1.0,1.1460102866188217e-173,2015-01-02,2006-07-17,2014-12-31,2131.0,neutral
2015-01-12,risk_on,neutral,0.0,1.0,8.145429801881609e-168,2015-01-02,2006-07-17,2014-12-31,2131.0,neutral
2015-01-13,risk_on,neutral,0.0,1.0,2.193100231604144e-170,2015-01-02,2006-07-17,2014-12-31,2131.0,neutral
2015-01-14,risk_on,neutral,0.0,1.0,2.0725672414296227e-163,2015-01-02,2006-07-17,2014-12-31,2131.0,neutral
2015-01-15,risk_on,neutral,0.0,1.0,3.533557917557204e-188,2015-01-02,2006-07-17,2014-12-31,2131.0,neutral
2015-01-16,risk_on,neutral,0.0,1.0,7.529064484587236e-189,2015-01-02,2006-07-17,2014-12-31,2131.0,neutral
2015-01-20,risk_on,neutral,0.0,1.0,1.8478255272865264e-191,2015-01-02,2006-07-17,2014-12-31,2131.0,neutral
2015-01-21,risk_on,neutral,0.0,1.0,1.5583837504608047e-201,2015-01-02,2006-07-17,2014-12-31,2131.0,neutral
2015-01-22,risk_on,neutral,0.0,1.0,5.466961050248599e-214,2015-01-02,2006-07-17,2014-12-31,2131.0,neutral
2015-01-23,risk_on,neutral,0.0,1.0,9.210346096238442e-212,2015-01-02,2006-07-17,2014-12-31,2131.0,neutral
2015-01-26,risk_on,neutral,0.0,1.0,7.265413479709301e-217,2015-01-02,2006-07-17,2014-12-31,2131.0,neutral
2015-01-27,risk_on,neutral,0.0,1.0,1.1816215120719868e-216,2015-01-02,2006-07-17,2014-12-31,2131.0,neutral
2015-01-28,risk_on,neutral,0.0,1.0,2.595359485371603e-218,2015-01-02,2006-07-17,2014-12-31,2131.0,neutral
2015-01-29,risk_on,neutral,0.0,1.0,1.3178729134743939e-221,2015-01-02,2006-07-17,2014-12-31,2131.0,neutral
2015-01-30,risk_on,neutral,0.0,1.0,2.332675248938976e-204,2015-01-02,2006-07-17,2014-12-31,2131.0,neutral
2015-02-02,risk_on,risk_on,0.0,6.855177147212388e-232,1.0,2015-02-02,2006-07-17,2015-01-30,2151.0,neutral
2015-02-03,risk_on,risk_on,0.0,7.853429482043137e-229,1.0,2015-02-02,2006-07-17,2015-01-30,2151.0,risk_on
2015-02-04,risk_on,risk_on,0.0,1.4019452331125282e-230,1.0,2015-02-02,2006-07-17,2015-01-30,2151.0,risk_on
2015-02-05,risk_on,risk_on,0.0,2.4489322852450163e-235,1.0,2015-02-02,2006-07-17,2015-01-30,2151.0,risk_on
2015-02-06,risk_on,risk_on,0.0,4.216030936551667e-223,1.0,2015-02-02,2006-07-17,2015-01-30,2151.0,risk_on
2015-02-09,risk_on,risk_on,0.0,2.5886836822767645e-218,1.0,2015-02-02,2006-07-17,2015-01-30,2151.0,risk_on
2015-02-10,risk_on,risk_on,0.0,2.2981517845651686e-227,1.0,2015-02-02,2006-07-17,2015-01-30,2151.0,risk_on
2015-02-11,risk_on,risk_on,0.0,1.0515583552654706e-223,1.0,2015-02-02,2006-07-17,2015-01-30,2151.0,risk_on
2015-02-12,risk_on,risk_on,0.0,7.485493672356656e-231,1.0,2015-02-02,2006-07-17,2015-01-30,2151.0,risk_on
2015-02-13,risk_on,risk_on,0.0,2.7238177538707394e-228,1.0,2015-02-02,2006-07-17,2015-01-30,2151.0,risk_on
2015-02-17,risk_on,risk_on,0.0,1.5993795717416332e-234,1.0,2015-02-02,2006-07-17,2015-01-30,2151.0,risk_on
2015-02-18,risk_on,risk_on,0.0,3.7715464275598123e-259,1.0,2015-02-02,2006-07-17,2015-01-30,2151.0,risk_on
2015-02-19,risk_on,risk_on,0.0,1.7626040188608503e-251,1.0,2015-02-02,2006-07-17,2015-01-30,2151.0,risk_on
2015-02-20,risk_on,risk_on,0.0,8.00104086336429e-255,1.0,2015-02-02,2006-07-17,2015-01-30,2151.0,risk_on
2015-02-23,risk_on,risk_on,0.0,4.3765487881208207e-259,1.0,2015-02-02,2006-07-17,2015-01-30,2151.0,risk_on
2015-02-24,risk_on,risk_on,0.0,2.424778136224967e-273,1.0,2015-02-02,2006-07-17,2015-01-30,2151.0,risk_on
2015-02-25,risk_on,risk_on,0.0,4.919608033050515e-244,1.0,2015-02-02,2006-07-17,2015-01-30,2151.0,risk_on
2015-02-26,risk_on,risk_on,0.0,4.601079605994224e-258,1.0,2015-02-02,2006-07-17,2015-01-30,2151.0,risk_on
2015-02-27,risk_on,risk_on,0.0,4.724969965023028e-261,1.0,2015-02-02,2006-07-17,2015-01-30,2151.0,risk_on
2015-03-02,risk_on,neutral,0.0,1.0,2.973420935314543e-16,2015-03-02,2006-07-17,2015-02-27,2170.0,risk_on
2015-03-03,risk_on,neutral,0.0,1.0,1.0522245776342434e-16,2015-03-02,2006-07-17,2015-02-27,2170.0,neutral
2015-03-04,risk_on,neutral,0.0,0.9999999999998685,1.3167173172388588e-13,2015-03-02,2006-07-17,2015-02-27,2170.0,neutral
2015-03-05,risk_on,neutral,0.0,0.9999999999995737,4.2462486837355325e-13,2015-03-02,2006-07-17,2015-02-27,2170.0,neutral
2015-03-06,risk_on,neutral,0.0,0.9999999995161879,4.838110480224102e-10,2015-03-02,2006-07-17,2015-02-27,2170.0,neutral
2015-03-09,risk_on,neutral,0.0,0.9999999999783746,2.1625894300864435e-11,2015-03-02,2006-07-17,2015-02-27,2170.0,neutral
2015-03-10,risk_on,neutral,0.0,0.9999999999997726,2.2665783218169933e-13,2015-03-02,2006-07-17,2015-02-27,2170.0,neutral
2015-03-11,risk_on,neutral,0.0,0.999999999959158,4.084416474224298e-11,2015-03-02,2006-07-17,2015-02-27,2170.0,neutral
2015-03-12,risk_on,neutral,0.0,0.9999999999996874,3.134590473858511e-13,2015-03-02,2006-07-17,2015-02-27,2170.0,neutral
2015-03-13,risk_on,neutral,0.0,0.9999999999866063,1.3396697342325414e-11,2015-03-02,2006-07-17,2015-02-27,2170.0,neutral
2015-03-16,risk_on,neutral,0.0,0.9999999996721911,3.278077175682729e-10,2015-03-02,2006-07-17,2015-02-27,2170.0,neutral
2015-03-17,risk_on,neutral,0.0,0.9999999999173319,8.266947454022821e-11,2015-03-02,2006-07-17,2015-02-27,2170.0,neutral
2015-03-18,risk_on,neutral,0.0,0.99999977998447,2.2001552842803406e-07,2015-03-02,2006-07-17,2015-02-27,2170.0,neutral
2015-03-19,risk_on,neutral,0.0,0.9999999882657207,1.1734277911923804e-08,2015-03-02,2006-07-17,2015-02-27,2170.0,neutral
2015-03-20,risk_on,neutral,0.0,0.9999999999565965,4.340426732460185e-11,2015-03-02,2006-07-17,2015-02-27,2170.0,neutral
2015-03-23,risk_on,neutral,0.0,0.9999999999071711,9.282840875134512e-11,2015-03-02,2006-07-17,2015-02-27,2170.0,neutral
2015-03-24,risk_on,neutral,0.0,0.9999999999987139,1.2844932164490795e-12,2015-03-02,2006-07-17,2015-02-27,2170.0,neutral
2015-03-25,risk_on,neutral,0.0,0.999999999996156,3.843606879327975e-12,2015-03-02,2006-07-17,2015-02-27,2170.0,neutral
2015-03-26,risk_on,neutral,0.0,0.9999999993592041,6.407963593782197e-10,2015-03-02,2006-07-17,2015-02-27,2170.0,neutral
2015-03-27,risk_on,neutral,0.0,0.9999999999500275,4.997502969456066e-11,2015-03-02,2006-07-17,2015-02-27,2170.0,neutral
2015-03-30,risk_on,neutral,0.0,0.9999999993704023,6.295949782836282e-10,2015-03-02,2006-07-17,2015-02-27,2170.0,neutral
2015-03-31,risk_on,neutral,0.0,0.9999999937911213,6.208877427651961e-09,2015-03-02,2006-07-17,2015-02-27,2170.0,neutral
2015-04-01,risk_on,neutral,0.0,1.0,1.6313715134260011e-43,2015-04-01,2006-07-17,2015-03-31,2192.0,neutral
2015-04-02,risk_on,neutral,0.0,1.0,1.1209152352684547e-41,2015-04-01,2006-07-17,2015-03-31,2192.0,neutral
2015-04-06,risk_on,neutral,0.0,1.0,6.9377200432845945e-40,2015-04-01,2006-07-17,2015-03-31,2192.0,neutral
2015-04-07,risk_on,neutral,0.0,1.0,5.254003152087985e-42,2015-04-01,2006-07-17,2015-03-31,2192.0,neutral
2015-04-08,risk_on,neutral,0.0,1.0,7.781419147004452e-41,2015-04-01,2006-07-17,2015-03-31,2192.0,neutral
2015-04-09,risk_on,neutral,0.0,1.0,2.4666593914912553e-40,2015-04-01,2006-07-17,2015-03-31,2192.0,neutral
2015-04-10,risk_on,neutral,0.0,1.0,2.9118849938229913e-41,2015-04-01,2006-07-17,2015-03-31,2192.0,neutral
2015-04-13,risk_on,neutral,0.0,1.0,3.0947431598754548e-40,2015-04-01,2006-07-17,2015-03-31,2192.0,neutral
2015-04-14,risk_on,neutral,0.0,1.0,8.421523712483626e-39,2015-04-01,2006-07-17,2015-03-31,2192.0,neutral
2015-04-15,risk_on,neutral,0.0,1.0,5.165477800805616e-36,2015-04-01,2006-07-17,2015-03-31,2192.0,neutral
2015-04-16,risk_on,neutral,0.0,1.0,3.989599646668753e-33,2015-04-01,2006-07-17,2015-03-31,2192.0,neutral
2015-04-17,risk_on,neutral,0.0,1.0,8.175910419310847e-39,2015-04-01,2006-07-17,2015-03-31,2192.0,neutral
2015-04-20,risk_on,neutral,0.0,1.0,1.3988758326579079e-34,2015-04-01,2006-07-17,2015-03-31,2192.0,neutral
2015-04-21,risk_on,neutral,0.0,1.0,1.9636112079619675e-37,2015-04-01,2006-07-17,2015-03-31,2192.0,neutral
2015-04-22,risk_on,neutral,0.0,1.0,1.6159640420119567e-35,2015-04-01,2006-07-17,2015-03-31,2192.0,neutral
2015-04-23,risk_on,neutral,0.0,1.0,9.022454515417438e-38,2015-04-01,2006-07-17,2015-03-31,2192.0,neutral
2015-04-24,risk_on,neutral,0.0,1.0,9.832614029624126e-39,2015-04-01,2006-07-17,2015-03-31,2192.0,neutral
2015-04-27,risk_on,neutral,0.0,1.0,4.753645495957489e-41,2015-04-01,2006-07-17,2015-03-31,2192.0,neutral
2015-04-28,risk_on,neutral,0.0,1.0,3.1561379886212024e-34,2015-04-01,2006-07-17,2015-03-31,2192.0,neutral
2015-04-29,risk_on,neutral,0.0,1.0,2.731240698270302e-37,2015-04-01,2006-07-17,2015-03-31,2192.0,neutral
2015-04-30,risk_on,neutral,0.0,1.0,2.0684096696864713e-43,2015-04-01,2006-07-17,2015-03-31,2192.0,neutral
2015-05-01,risk_on,neutral,0.0,1.0,4.825968317958838e-54,2015-05-01,2006-07-17,2015-04-30,2213.0,neutral
2015-05-04,risk_on,neutral,0.0,1.0,2.5423827745429395e-47,2015-05-01,2006-07-17,2015-04-30,2213.0,neutral
2015-05-05,risk_on,neutral,0.0,1.0,1.0633390152453728e-50,2015-05-01,2006-07-17,2015-04-30,2213.0,neutral
2015-05-06,risk_on,neutral,0.0,1.0,4.026408750832447e-58,2015-05-01,2006-07-17,2015-04-30,2213.0,neutral
2015-05-07,risk_on,neutral,0.0,1.0,2.892272892610771e-51,2015-05-01,2006-07-17,2015-04-30,2213.0,neutral
2015-05-08,risk_on,neutral,0.0,1.0,2.548194403917284e-48,2015-05-01,2006-07-17,2015-04-30,2213.0,neutral
2015-05-11,risk_on,neutral,0.0,1.0,3.930069666125221e-43,2015-05-01,2006-07-17,2015-04-30,2213.0,neutral
2015-05-12,risk_on,neutral,0.0,1.0,4.490100885032941e-54,2015-05-01,2006-07-17,2015-04-30,2213.0,neutral
2015-05-13,risk_on,neutral,0.0,1.0,4.280473060638877e-56,2015-05-01,2006-07-17,2015-04-30,2213.0,neutral
2015-05-14,risk_on,neutral,0.0,1.0,1.780473125708574e-50,2015-05-01,2006-07-17,2015-04-30,2213.0,neutral
2015-05-15,risk_on,neutral,0.0,1.0,2.3665220489928733e-50,2015-05-01,2006-07-17,2015-04-30,2213.0,neutral
2015-05-18,risk_on,neutral,0.0,1.0,9.110627244428747e-44,2015-05-01,2006-07-17,2015-04-30,2213.0,neutral
2015-05-19,risk_on,neutral,0.0,1.0,1.1649359413877899e-43,2015-05-01,2006-07-17,2015-04-30,2213.0,neutral
2015-05-20,risk_on,neutral,0.0,1.0,1.2238873644869021e-46,2015-05-01,2006-07-17,2015-04-30,2213.0,neutral
2015-05-21,risk_on,neutral,0.0,1.0,2.2945234357741577e-54,2015-05-01,2006-07-17,2015-04-30,2213.0,neutral
2015-05-22,risk_on,neutral,0.0,1.0,3.812327093124388e-54,2015-05-01,2006-07-17,2015-04-30,2213.0,neutral
2015-05-26,risk_on,neutral,0.0,1.0,1.852424065053103e-56,2015-05-01,2006-07-17,2015-04-30,2213.0,neutral
2015-05-27,risk_on,neutral,0.0,1.0,2.933280882708442e-54,2015-05-01,2006-07-17,2015-04-30,2213.0,neutral
2015-05-28,risk_on,neutral,0.0,1.0,2.930157079340948e-58,2015-05-01,2006-07-17,2015-04-30,2213.0,neutral
2015-05-29,risk_on,neutral,0.0,1.0,2.3890499474488448e-60,2015-05-01,2006-07-17,2015-04-30,2213.0,neutral
2015-06-01,risk_on,risk_off,1.0,0.0,1.2600948444829121e-28,2015-06-01,2006-07-17,2015-05-29,2233.0,neutral
2015-06-02,risk_on,risk_off,1.0,0.0,8.57181335579606e-28,2015-06-01,2006-07-17,2015-05-29,2233.0,risk_off
2015-06-03,risk_on,risk_off,1.0,0.0,7.607592885565109e-27,2015-06-01,2006-07-17,2015-05-29,2233.0,risk_off
2015-06-04,risk_on,risk_off,1.0,0.0,4.333666798301364e-26,2015-06-01,2006-07-17,2015-05-29,2233.0,risk_off
2015-06-05,risk_on,risk_off,1.0,0.0,1.240288366039387e-27,2015-06-01,2006-07-17,2015-05-29,2233.0,risk_off
2015-06-08,risk_on,risk_off,1.0,0.0,5.785966959217204e-25,2015-06-01,2006-07-17,2015-05-29,2233.0,risk_off
2015-06-09,risk_on,risk_off,1.0,0.0,1.1713043654685684e-29,2015-06-01,2006-07-17,2015-05-29,2233.0,risk_off
2015-06-10,risk_on,risk_off,1.0,0.0,1.071971090717638e-30,2015-06-01,2006-07-17,2015-05-29,2233.0,risk_off
2015-06-11,risk_on,risk_off,1.0,0.0,7.276348526864035e-32,2015-06-01,2006-07-17,2015-05-29,2233.0,risk_off
2015-06-12,risk_on,risk_off,1.0,0.0,9.9675969729531e-36,2015-06-01,2006-07-17,2015-05-29,2233.0,risk_off
2015-06-15,risk_on,risk_off,1.0,0.0,9.973918449821241e-34,2015-06-01,2006-07-17,2015-05-29,2233.0,risk_off
2015-06-16,risk_on,risk_off,1.0,0.0,5.66125504661163e-35,2015-06-01,2006-07-17,2015-05-29,2233.0,risk_off
2015-06-17,risk_on,risk_off,1.0,0.0,1.7443230747915578e-32,2015-06-01,2006-07-17,2015-05-29,2233.0,risk_off
2015-06-18,risk_on,risk_off,1.0,0.0,1.2307182021353153e-34,2015-06-01,2006-07-17,2015-05-29,2233.0,risk_off
2015-06-19,risk_on,risk_off,1.0,0.0,1.6722155868930176e-30,2015-06-01,2006-07-17,2015-05-29,2233.0,risk_off
2015-06-22,risk_on,risk_off,1.0,0.0,3.107335249559869e-29,2015-06-01,2006-07-17,2015-05-29,2233.0,risk_off
2015-06-23,risk_on,risk_off,1.0,0.0,6.478077971291271e-30,2015-06-01,2006-07-17,2015-05-29,2233.0,risk_off
2015-06-24,risk_on,risk_off,1.0,0.0,2.885976328829586e-28,2015-06-01,2006-07-17,2015-05-29,2233.0,risk_off
2015-06-25,risk_on,risk_off,1.0,0.0,7.15630377489864e-27,2015-06-01,2006-07-17,2015-05-29,2233.0,risk_off
2015-06-26,risk_on,risk_off,1.0,0.0,8.275304938948443e-28,2015-06-01,2006-07-17,2015-05-29,2233.0,risk_off
2015-06-29,risk_on,risk_off,0.9999999999577369,0.0,4.225785603118569e-11,2015-06-01,2006-07-17,2015-05-29,2233.0,risk_off
2015-06-30,risk_on,risk_off,1.0,0.0,5.483338045210798e-16,2015-06-01,2006-07-17,2015-05-29,2233.0,risk_off
2015-07-01,risk_on,risk_on,0.0,0.0,1.0,2015-07-01,2006-07-17,2015-06-30,2255.0,risk_off
2015-07-02,risk_on,risk_on,0.0,0.0,1.0,2015-07-01,2006-07-17,2015-06-30,2255.0,risk_on
2015-07-06,risk_on,risk_on,0.0,0.0,1.0,2015-07-01,2006-07-17,2015-06-30,2255.0,risk_on
2015-07-07,risk_on,risk_on,0.0,0.0,1.0,2015-07-01,2006-07-17,2015-06-30,2255.0,risk_on
2015-07-08,risk_on,risk_on,0.0,0.0,1.0,2015-07-01,2006-07-17,2015-06-30,2255.0,risk_on
2015-07-09,risk_on,risk_on,0.0,0.0,1.0,2015-07-01,2006-07-17,2015-06-30,2255.0,risk_on
2015-07-10,risk_on,risk_on,0.0,0.0,1.0,2015-07-01,2006-07-17,2015-06-30,2255.0,risk_on
2015-07-13,risk_on,risk_on,0.0,0.0,1.0,2015-07-01,2006-07-17,2015-06-30,2255.0,risk_on
2015-07-14,risk_on,risk_on,0.0,0.0,1.0,2015-07-01,2006-07-17,2015-06-30,2255.0,risk_on
2015-07-15,risk_on,risk_on,0.0,0.0,1.0,2015-07-01,2006-07-17,2015-06-30,2255.0,risk_on
2015-07-16,risk_on,risk_on,0.0,0.0,1.0,2015-07-01,2006-07-17,2015-06-30,2255.0,risk_on
2015-07-17,risk_on,risk_on,0.0,0.0,1.0,2015-07-01,2006-07-17,2015-06-30,2255.0,risk_on
2015-07-20,risk_on,risk_on,0.0,0.0,1.0,2015-07-01,2006-07-17,2015-06-30,2255.0,risk_on
2015-07-21,risk_on,risk_on,0.0,0.0,1.0,2015-07-01,2006-07-17,2015-06-30,2255.0,risk_on
2015-07-22,risk_on,risk_on,0.0,0.0,1.0,2015-07-01,2006-07-17,2015-06-30,2255.0,risk_on
2015-07-23,risk_on,risk_on,0.0,0.0,1.0,2015-07-01,2006-07-17,2015-06-30,2255.0,risk_on
2015-07-24,risk_on,risk_on,0.0,0.0,1.0,2015-07-01,2006-07-17,2015-06-30,2255.0,risk_on
2015-07-27,risk_on,risk_on,0.0,0.0,1.0,2015-07-01,2006-07-17,2015-06-30,2255.0,risk_on
2015-07-28,risk_on,risk_on,0.0,0.0,1.0,2015-07-01,2006-07-17,2015-06-30,2255.0,risk_on
2015-07-29,risk_on,risk_on,0.0,0.0,1.0,2015-07-01,2006-07-17,2015-06-30,2255.0,risk_on
2015-07-30,risk_on,risk_on,0.0,0.0,1.0,2015-07-01,2006-07-17,2015-06-30,2255.0,risk_on
2015-07-31,risk_on,risk_on,0.0,0.0,1.0,2015-07-01,2006-07-17,2015-06-30,2255.0,risk_on
2015-08-03,risk_on,risk_on,0.0,0.0,1.0,2015-08-03,2006-07-17,2015-07-31,2277.0,risk_on
2015-08-04,risk_on,risk_on,0.0,0.0,1.0,2015-08-03,2006-07-17,2015-07-31,2277.0,risk_on
2015-08-05,risk_on,risk_on,0.0,0.0,1.0,2015-08-03,2006-07-17,2015-07-31,2277.0,risk_on
2015-08-06,risk_on,risk_on,0.0,0.0,1.0,2015-08-03,2006-07-17,2015-07-31,2277.0,risk_on
2015-08-07,risk_on,risk_on,0.0,0.0,1.0,2015-08-03,2006-07-17,2015-07-31,2277.0,risk_on
2015-08-10,risk_on,risk_on,0.0,0.0,1.0,2015-08-03,2006-07-17,2015-07-31,2277.0,risk_on
2015-08-11,risk_on,risk_on,0.0,0.0,1.0,2015-08-03,2006-07-17,2015-07-31,2277.0,risk_on
2015-08-12,risk_on,risk_on,0.0,0.0,1.0,2015-08-03,2006-07-17,2015-07-31,2277.0,risk_on
2015-08-13,risk_on,risk_on,0.0,0.0,1.0,2015-08-03,2006-07-17,2015-07-31,2277.0,risk_on
2015-08-14,risk_on,risk_on,0.0,0.0,1.0,2015-08-03,2006-07-17,2015-07-31,2277.0,risk_on
2015-08-17,risk_on,risk_on,0.0,0.0,1.0,2015-08-03,2006-07-17,2015-07-31,2277.0,risk_on
2015-08-18,risk_on,risk_on,0.0,0.0,1.0,2015-08-03,2006-07-17,2015-07-31,2277.0,risk_on
2015-08-19,risk_on,risk_on,0.0,0.0,1.0,2015-08-03,2006-07-17,2015-07-31,2277.0,risk_on
2015-08-20,risk_on,risk_on,0.0,0.0,1.0,2015-08-03,2006-07-17,2015-07-31,2277.0,risk_on
2015-08-21,risk_on,risk_on,0.0,0.0,1.0,2015-08-03,2006-07-17,2015-07-31,2277.0,risk_on
2015-08-24,risk_off,risk_on,0.0,0.0,1.0,2015-08-03,2006-07-17,2015-07-31,2277.0,risk_on
2015-08-25,risk_on,risk_on,0.0,0.0,1.0,2015-08-03,2006-07-17,2015-07-31,2277.0,risk_on
2015-08-26,risk_on,risk_on,0.0,0.0,1.0,2015-08-03,2006-07-17,2015-07-31,2277.0,risk_on
2015-08-27,risk_on,risk_on,0.0,0.0,1.0,2015-08-03,2006-07-17,2015-07-31,2277.0,risk_on
2015-08-28,risk_on,risk_on,0.0,0.0,1.0,2015-08-03,2006-07-17,2015-07-31,2277.0,risk_on
2015-08-31,risk_on,risk_on,0.0,0.0,1.0,2015-08-03,2006-07-17,2015-07-31,2277.0,risk_on
2015-09-01,risk_on,risk_on,0.0,2.4177497789089154e-96,1.0,2015-09-01,2006-07-17,2015-08-31,2298.0,risk_on
2015-09-02,risk_on,risk_on,0.0,8.598916729612836e-97,1.0,2015-09-01,2006-07-17,2015-08-31,2298.0,risk_on
2015-09-03,risk_on,risk_on,0.0,2.8529470087688867e-96,1.0,2015-09-01,2006-07-17,2015-08-31,2298.0,risk_on
2015-09-04,risk_on,risk_on,0.0,1.1360085216653953e-103,1.0,2015-09-01,2006-07-17,2015-08-31,2298.0,risk_on
2015-09-08,risk_on,risk_on,0.0,6.550264139298367e-93,1.0,2015-09-01,2006-07-17,2015-08-31,2298.0,risk_on
2015-09-09,risk_on,risk_on,0.0,3.3604072591159276e-97,1.0,2015-09-01,2006-07-17,2015-08-31,2298.0,risk_on
2015-09-10,risk_on,risk_on,0.0,3.593019634439874e-102,1.0,2015-09-01,2006-07-17,2015-08-31,2298.0,risk_on
2015-09-11,risk_on,risk_on,0.0,6.354399042223969e-103,1.0,2015-09-01,2006-07-17,2015-08-31,2298.0,risk_on
2015-09-14,risk_on,risk_on,0.0,1.921852427936277e-100,1.0,2015-09-01,2006-07-17,2015-08-31,2298.0,risk_on
2015-09-15,risk_on,risk_on,0.0,4.36236588649109e-96,1.0,2015-09-01,2006-07-17,2015-08-31,2298.0,risk_on
2015-09-16,risk_on,risk_on,0.0,1.2391995307593082e-91,1.0,2015-09-01,2006-07-17,2015-08-31,2298.0,risk_on
2015-09-17,risk_on,risk_on,0.0,6.049904932411058e-96,1.0,2015-09-01,2006-07-17,2015-08-31,2298.0,risk_on
2015-09-18,risk_on,risk_on,0.0,2.994775943935636e-101,1.0,2015-09-01,2006-07-17,2015-08-31,2298.0,risk_on
2015-09-21,risk_on,risk_on,0.0,3.6655069117263054e-101,1.0,2015-09-01,2006-07-17,2015-08-31,2298.0,risk_on
2015-09-22,risk_on,risk_on,0.0,4.370599499165423e-105,1.0,2015-09-01,2006-07-17,2015-08-31,2298.0,risk_on
2015-09-23,risk_on,risk_on,0.0,2.8736600383038073e-103,1.0,2015-09-01,2006-07-17,2015-08-31,2298.0,risk_on
2015-09-24,risk_on,risk_on,0.0,5.327360542539814e-104,1.0,2015-09-01,2006-07-17,2015-08-31,2298.0,risk_on
2015-09-25,risk_on,risk_on,0.0,2.3699672055557054e-95,1.0,2015-09-01,2006-07-17,2015-08-31,2298.0,risk_on
2015-09-28,risk_on,risk_on,0.0,5.482271113704772e-97,1.0,2015-09-01,2006-07-17,2015-08-31,2298.0,risk_on
2015-09-29,risk_on,risk_on,0.0,2.1664364746154955e-103,1.0,2015-09-01,2006-07-17,2015-08-31,2298.0,risk_on
2015-09-30,risk_on,risk_on,0.0,7.383756219191587e-100,1.0,2015-09-01,2006-07-17,2015-08-31,2298.0,risk_on
2015-10-01,risk_on,risk_off,1.0,2.037576247877042e-43,9.517769827307133e-83,2015-10-01,2006-07-17,2015-09-30,2319.0,risk_on
2015-10-02,risk_on,risk_off,1.0,7.846999512607341e-38,7.298200660356341e-79,2015-10-01,2006-07-17,2015-09-30,2319.0,risk_off
2015-10-05,risk_on,risk_off,1.0,4.022252170874778e-36,1.5869845227376946e-69,2015-10-01,2006-07-17,2015-09-30,2319.0,risk_off
2015-10-06,risk_on,risk_off,1.0,2.2869074885470855e-33,2.3334304321854572e-68,2015-10-01,2006-07-17,2015-09-30,2319.0,risk_off
2015-10-07,risk_on,risk_off,1.0,2.0803658453044518e-35,2.2025690473421746e-61,2015-10-01,2006-07-17,2015-09-30,2319.0,risk_off
2015-10-08,risk_on,risk_off,1.0,1.121855310403492e-31,8.479794838686074e-62,2015-10-01,2006-07-17,2015-09-30,2319.0,risk_off
2015-10-09,risk_on,risk_off,1.0,4.232785384802883e-36,9.680896501362599e-63,2015-10-01,2006-07-17,2015-09-30,2319.0,risk_off
2015-10-12,risk_on,risk_off,1.0,1.582970198847118e-43,1.590764119030288e-61,2015-10-01,2006-07-17,2015-09-30,2319.0,risk_off
2015-10-13,risk_on,risk_off,1.0,3.0413336427382245e-49,5.52887749547127e-64,2015-10-01,2006-07-17,2015-09-30,2319.0,risk_off
2015-10-14,risk_on,risk_off,1.0,2.292069609356157e-51,3.125109711013702e-70,2015-10-01,2006-07-17,2015-09-30,2319.0,risk_off
2015-10-15,risk_on,risk_off,1.0,7.609782038283448e-55,5.741817247558985e-62,2015-10-01,2006-07-17,2015-09-30,2319.0,risk_off
2015-10-16,risk_on,risk_off,1.0,1.0248046079351439e-57,3.657233718481505e-60,2015-10-01,2006-07-17,2015-09-30,2319.0,risk_off
2015-10-19,risk_on,risk_off,1.0,2.060085196637391e-60,1.257468941819598e-59,2015-10-01,2006-07-17,2015-09-30,2319.0,risk_off
2015-10-20,risk_on,risk_off,1.0,2.914637442382921e-58,4.951239441607776e-58,2015-10-01,2006-07-17,2015-09-30,2319.0,risk_off
2015-10-21,risk_on,risk_off,1.0,5.2165498518464155e-55,3.8410701364195836e-60,2015-10-01,2006-07-17,2015-09-30,2319.0,risk_off
2015-10-22,risk_on,risk_off,1.0,9.403077037683153e-56,2.898252610623456e-51,2015-10-01,2006-07-17,2015-09-30,2319.0,risk_off
2015-10-23,risk_on,risk_off,1.0,6.675293806840847e-55,5.882968388428813e-45,2015-10-01,2006-07-17,2015-09-30,2319.0,risk_off
2015-10-26,risk_on,risk_off,1.0,1.7561122104156482e-56,4.282967919888786e-49,2015-10-01,2006-07-17,2015-09-30,2319.0,risk_off
2015-10-27,risk_on,risk_off,1.0,1.1011048211599634e-56,7.256932404616478e-49,2015-10-01,2006-07-17,2015-09-30,2319.0,risk_off
2015-10-28,risk_on,risk_off,1.0,6.103298295625557e-49,4.607521681703641e-44,2015-10-01,2006-07-17,2015-09-30,2319.0,risk_off
2015-10-29,risk_on,risk_off,1.0,7.721056909873605e-50,1.3167922337379893e-49,2015-10-01,2006-07-17,2015-09-30,2319.0,risk_off
2015-10-30,risk_on,risk_off,1.0,1.0236351044372613e-46,3.0249903698621314e-52,2015-10-01,2006-07-17,2015-09-30,2319.0,risk_off
2015-11-02,risk_on,neutral,1.3344312424190435e-47,1.0,9.786185692927655e-62,2015-11-02,2006-07-17,2015-10-30,2341.0,risk_off
2015-11-03,risk_on,neutral,5.61218191265545e-47,1.0,6.369021413139834e-63,2015-11-02,2006-07-17,2015-10-30,2341.0,neutral
2015-11-04,risk_on,neutral,2.8251842845081566e-47,1.0,1.6638235736380423e-57,2015-11-02,2006-07-17,2015-10-30,2341.0,neutral
2015-11-05,risk_on,neutral,8.420626879332412e-44,1.0,1.1362899513256806e-59,2015-11-02,2006-07-17,2015-10-30,2341.0,neutral
2015-11-06,risk_on,neutral,4.658777264457961e-40,1.0,6.268196146298614e-57,2015-11-02,2006-07-17,2015-10-30,2341.0,neutral
2015-11-09,risk_on,neutral,4.698827569125866e-41,1.0,8.19223578411948e-59,2015-11-02,2006-07-17,2015-10-30,2341.0,neutral
2015-11-10,risk_on,neutral,4.944235008712523e-34,1.0,6.5381984783932315e-59,2015-11-02,2006-07-17,2015-10-30,2341.0,neutral
2015-11-11,risk_on,neutral,8.03621070760963e-37,1.0,1.5043697664127104e-57,2015-11-02,2006-07-17,2015-10-30,2341.0,neutral
2015-11-12,risk_on,neutral,2.4575988713719373e-40,1.0,1.734026631916516e-59,2015-11-02,2006-07-17,2015-10-30,2341.0,neutral
2015-11-13,risk_on,neutral,3.5910273638243207e-37,1.0,3.4888360454407194e-59,2015-11-02,2006-07-17,2015-10-30,2341.0,neutral
2015-11-16,risk_on,neutral,1.120898672643259e-34,1.0,2.9458162005327056e-55,2015-11-02,2006-07-17,2015-10-30,2341.0,neutral
2015-11-17,risk_on,neutral,9.062747350078503e-36,1.0,1.1478316013904068e-55,2015-11-02,2006-07-17,2015-10-30,2341.0,neutral
2015-11-18,risk_on,neutral,2.1358970412763723e-31,1.0,1.193882198397618e-51,2015-11-02,2006-07-17,2015-10-30,2341.0,neutral
2015-11-19,risk_on,neutral,5.887465219200683e-29,1.0,8.114062449654774e-48,2015-11-02,2006-07-17,2015-10-30,2341.0,neutral
2015-11-20,risk_on,neutral,5.632866335652058e-18,1.0,5.084703047297517e-38,2015-11-02,2006-07-17,2015-10-30,2341.0,neutral
2015-11-23,risk_on,neutral,2.3717153227895275e-20,1.0,1.5362257753176278e-41,2015-11-02,2006-07-17,2015-10-30,2341.0,neutral
2015-11-24,risk_on,neutral,4.629958930382566e-19,1.0,3.740011356536519e-49,2015-11-02,2006-07-17,2015-10-30,2341.0,neutral
2015-11-25,risk_on,neutral,2.9307776731822965e-22,1.0,2.867520804153287e-50,2015-11-02,2006-07-17,2015-10-30,2341.0,neutral
2015-11-27,risk_on,neutral,2.8408118369264627e-25,1.0,8.625503141601311e-50,2015-11-02,2006-07-17,2015-10-30,2341.0,neutral
2015-11-30,risk_on,neutral,3.9680373568094757e-26,1.0,1.388857996165209e-46,2015-11-02,2006-07-17,2015-10-30,2341.0,neutral
2015-12-01,risk_on,risk_off,0.9999760056394535,2.3994360547313062e-05,4.260595621960909e-49,2015-12-01,2006-07-17,2015-11-30,2361.0,neutral
2015-12-02,risk_on,risk_off,0.9999999716152215,2.8384778701617697e-08,6.411047589056413e-49,2015-12-01,2006-07-17,2015-11-30,2361.0,risk_off
2015-12-03,risk_on,risk_off,0.9999999991889528,8.110479963137931e-10,5.3793284614369874e-61,2015-12-01,2006-07-17,2015-11-30,2361.0,risk_off
2015-12-04,risk_on,risk_off,0.9999999437836775,5.621632327888765e-08,2.5874407783672592e-54,2015-12-01,2006-07-17,2015-11-30,2361.0,risk_off
2015-12-07,risk_on,risk_off,0.9999999998730491,1.2695085412024063e-10,2.3751586221153316e-50,2015-12-01,2006-07-17,2015-11-30,2361.0,risk_off
2015-12-08,risk_on,risk_off,0.9999999999823697,1.762987440912675e-11,4.9172313631293814e-54,2015-12-01,2006-07-17,2015-11-30,2361.0,risk_off
2015-12-09,neutral,risk_off,0.9999999999844995,1.5500860388605303e-11,8.23312718785235e-57,2015-12-01,2006-07-17,2015-11-30,2361.0,risk_off
2015-12-10,risk_on,risk_off,0.9999999999806608,1.9338747517052027e-11,9.305132998843794e-55,2015-12-01,2006-07-17,2015-11-30,2361.0,risk_off
2015-12-11,neutral,risk_off,1.0,2.33493525481431e-17,1.1529897738680338e-64,2015-12-01,2006-07-17,2015-11-30,2361.0,risk_off
2015-12-14,neutral,risk_off,1.0,2.7801820453927404e-17,1.0972984559029868e-68,2015-12-01,2006-07-17,2015-11-30,2361.0,risk_off
2015-12-15,neutral,risk_off,0.9999999999963798,3.6193465913189632e-12,8.585127340289143e-63,2015-12-01,2006-07-17,2015-11-30,2361.0,risk_off
2015-12-16,neutral,risk_off,0.9999999999717186,2.8281038870001698e-11,2.979112197711299e-57,2015-12-01,2006-07-17,2015-11-30,2361.0,risk_off
2015-12-17,neutral,risk_off,0.9999999999998472,1.5442377518109244e-13,3.433653689513201e-53,2015-12-01,2006-07-17,2015-11-30,2361.0,risk_off
2015-12-18,neutral,risk_off,1.0,3.7802811841701056e-19,1.0077936570016255e-49,2015-12-01,2006-07-17,2015-11-30,2361.0,risk_off
2015-12-21,neutral,risk_off,0.9999999999999858,1.3855197014878438e-14,8.214066565862974e-52,2015-12-01,2006-07-17,2015-11-30,2361.0,risk_off
2015-12-22,neutral,risk_off,0.9999999999995843,4.1742342177747393e-13,1.8366771615133916e-52,2015-12-01,2006-07-17,2015-11-30,2361.0,risk_off
2015-12-23,neutral,risk_off,0.9999999999340048,6.599642216624845e-11,9.734926222921963e-53,2015-12-01,2006-07-17,2015-11-30,2361.0,risk_off
2015-12-24,neutral,risk_off,0.9999999984470875,1.5529129985091903e-09,2.669473328897494e-53,2015-12-01,2006-07-17,2015-11-30,2361.0,risk_off
2015-12-28,neutral,risk_off,0.9999999634757557,3.65242435314979e-08,3.141248110895098e-53,2015-12-01,2006-07-17,2015-11-30,2361.0,risk_off
2015-12-29,neutral,risk_off,0.9999961882562717,3.811743729771372e-06,6.047574554693321e-54,2015-12-01,2006-07-17,2015-11-30,2361.0,risk_off
2015-12-30,neutral,risk_off,0.9999995007275476,4.992724516175053e-07,1.4804603871525692e-54,2015-12-01,2006-07-17,2015-11-30,2361.0,risk_off
2015-12-31,neutral,risk_off,0.9999999126916495,8.730835058158995e-08,5.914192220162812e-53,2015-12-01,2006-07-17,2015-11-30,2361.0,risk_off
2016-01-04,neutral,risk_off,1.0,0.0,1.0456707993385607e-21,2016-01-04,2006-07-17,2015-12-31,2383.0,risk_off
2016-01-05,neutral,risk_off,1.0,0.0,1.185582489591471e-18,2016-01-04,2006-07-17,2015-12-31,2383.0,risk_off
2016-01-06,neutral,risk_off,1.0,0.0,1.7184802541341253e-23,2016-01-04,2006-07-17,2015-12-31,2383.0,risk_off
2016-01-07,neutral,risk_off,1.0,0.0,7.299330040670747e-36,2016-01-04,2006-07-17,2015-12-31,2383.0,risk_off
2016-01-08,neutral,risk_off,1.0,0.0,8.882086013584487e-40,2016-01-04,2006-07-17,2015-12-31,2383.0,risk_off
2016-01-11,neutral,risk_off,1.0,0.0,4.6648768957641856e-36,2016-01-04,2006-07-17,2015-12-31,2383.0,risk_off
2016-01-12,neutral,risk_off,1.0,0.0,7.421035477197504e-35,2016-01-04,2006-07-17,2015-12-31,2383.0,risk_off
2016-01-13,neutral,risk_off,1.0,0.0,2.770263823173082e-36,2016-01-04,2006-07-17,2015-12-31,2383.0,risk_off
2016-01-14,neutral,risk_off,1.0,0.0,5.374602616753383e-38,2016-01-04,2006-07-17,2015-12-31,2383.0,risk_off
2016-01-15,neutral,risk_off,1.0,0.0,4.440052663458411e-57,2016-01-04,2006-07-17,2015-12-31,2383.0,risk_off
2016-01-19,neutral,risk_off,1.0,0.0,8.048482400835738e-61,2016-01-04,2006-07-17,2015-12-31,2383.0,risk_off
2016-01-20,neutral,risk_off,1.0,0.0,4.4237454901034244e-74,2016-01-04,2006-07-17,2015-12-31,2383.0,risk_off
2016-01-21,neutral,risk_off,1.0,0.0,8.478073338485135e-56,2016-01-04,2006-07-17,2015-12-31,2383.0,risk_off
2016-01-22,neutral,risk_off,1.0,0.0,3.861079637051685e-41,2016-01-04,2006-07-17,2015-12-31,2383.0,risk_off
2016-01-25,neutral,risk_off,1.0,0.0,1.4502245956537004e-51,2016-01-04,2006-07-17,2015-12-31,2383.0,risk_off
2016-01-26,neutral,risk_off,1.0,0.0,4.987557722035323e-58,2016-01-04,2006-07-17,2015-12-31,2383.0,risk_off
2016-01-27,neutral,risk_off,1.0,0.0,6.628574497323521e-57,2016-01-04,2006-07-17,2015-12-31,2383.0,risk_off
2016-01-28,neutral,risk_off,1.0,0.0,2.681795497187685e-49,2016-01-04,2006-07-17,2015-12-31,2383.0,risk_off
2016-01-29,neutral,risk_off,1.0,0.0,6.912468204634099e-53,2016-01-04,2006-07-17,2015-12-31,2383.0,risk_off
2016-02-01,neutral,neutral,0.0,1.0,7.266290066440312e-78,2016-02-01,2006-07-17,2016-01-29,2402.0,risk_off
2016-02-02,neutral,neutral,0.0,1.0,3.4968576435538965e-87,2016-02-01,2006-07-17,2016-01-29,2402.0,neutral
2016-02-03,neutral,neutral,0.0,1.0,4.9830120304158845e-87,2016-02-01,2006-07-17,2016-01-29,2402.0,neutral
2016-02-04,neutral,neutral,0.0,1.0,7.708782996133015e-91,2016-02-01,2006-07-17,2016-01-29,2402.0,neutral
2016-02-05,risk_off,neutral,0.0,1.0,6.64032023839805e-97,2016-02-01,2006-07-17,2016-01-29,2402.0,neutral
2016-02-08,risk_off,neutral,0.0,1.0,3.119585553891513e-106,2016-02-01,2006-07-17,2016-01-29,2402.0,neutral
2016-02-09,risk_off,neutral,0.0,1.0,5.5739244755671e-115,2016-02-01,2006-07-17,2016-01-29,2402.0,neutral
2016-02-10,risk_off,neutral,0.0,1.0,3.612502384347786e-113,2016-02-01,2006-07-17,2016-01-29,2402.0,neutral
2016-02-11,risk_off,neutral,0.0,1.0,5.430736386564509e-128,2016-02-01,2006-07-17,2016-01-29,2402.0,neutral
2016-02-12,risk_off,neutral,0.0,1.0,8.137685058083115e-115,2016-02-01,2006-07-17,2016-01-29,2402.0,neutral
2016-02-16,risk_off,neutral,0.0,1.0,4.1910918904255287e-103,2016-02-01,2006-07-17,2016-01-29,2402.0,neutral
2016-02-17,risk_off,neutral,0.0,1.0,1.6508514789239385e-91,2016-02-01,2006-07-17,2016-01-29,2402.0,neutral
2016-02-18,risk_off,neutral,0.0,1.0,3.509258876507057e-95,2016-02-01,2006-07-17,2016-01-29,2402.0,neutral
2016-02-19,risk_off,neutral,0.0,1.0,3.9716003198999133e-100,2016-02-01,2006-07-17,2016-01-29,2402.0,neutral
2016-02-22,risk_off,neutral,0.0,1.0,1.0122243812746975e-96,2016-02-01,2006-07-17,2016-01-29,2402.0,neutral
2016-02-23,risk_off,neutral,0.0,1.0,2.465846574815875e-96,2016-02-01,2006-07-17,2016-01-29,2402.0,neutral
2016-02-24,risk_off,neutral,0.0,1.0,3.827324133068905e-100,2016-02-01,2006-07-17,2016-01-29,2402.0,neutral
2016-02-25,risk_off,neutral,0.0,1.0,1.1206154535389557e-96,2016-02-01,2006-07-17,2016-01-29,2402.0,neutral
2016-02-26,risk_off,neutral,0.0,1.0,1.1581690690757789e-89,2016-02-01,2006-07-17,2016-01-29,2402.0,neutral
2016-02-29,risk_off,neutral,0.0,1.0,6.998405580168759e-90,2016-02-01,2006-07-17,2016-01-29,2402.0,neutral
2016-03-01,risk_off,neutral,0.0,1.0,1.6627309290260293e-43,2016-03-01,2006-07-17,2016-02-29,2422.0,neutral
2016-03-02,risk_off,neutral,0.0,1.0,9.616283929697322e-38,2016-03-01,2006-07-17,2016-02-29,2422.0,neutral
2016-03-03,risk_off,neutral,0.0,1.0,4.801108056582321e-38,2016-03-01,2006-07-17,2016-02-29,2422.0,neutral
2016-03-04,risk_off,neutral,0.0,1.0,1.5705673278142089e-34,2016-03-01,2006-07-17,2016-02-29,2422.0,neutral
2016-03-07,risk_off,neutral,0.0,1.0,4.5320461964636564e-32,2016-03-01,2006-07-17,2016-02-29,2422.0,neutral
2016-03-08,risk_off,neutral,0.0,1.0,2.4249788587208277e-31,2016-03-01,2006-07-17,2016-02-29,2422.0,neutral
2016-03-09,risk_off,neutral,0.0,1.0,1.9135285651980466e-33,2016-03-01,2006-07-17,2016-02-29,2422.0,neutral
2016-03-10,risk_off,neutral,0.0,1.0,1.2607396964679154e-29,2016-03-01,2006-07-17,2016-02-29,2422.0,neutral
2016-03-11,risk_off,neutral,0.0,1.0,6.476412461659121e-27,2016-03-01,2006-07-17,2016-02-29,2422.0,neutral
2016-03-14,risk_off,neutral,0.0,1.0,6.407234852183111e-23,2016-03-01,2006-07-17,2016-02-29,2422.0,neutral
2016-03-15,risk_off,neutral,0.0,1.0,3.452501851942824e-23,2016-03-01,2006-07-17,2016-02-29,2422.0,neutral
2016-03-16,risk_off,neutral,0.0,1.0,9.598119938605957e-32,2016-03-01,2006-07-17,2016-02-29,2422.0,neutral
2016-03-17,risk_off,neutral,0.0,1.0,3.652458748832769e-27,2016-03-01,2006-07-17,2016-02-29,2422.0,neutral
2016-03-18,risk_off,neutral,0.0,1.0,5.3871267234130615e-28,2016-03-01,2006-07-17,2016-02-29,2422.0,neutral
2016-03-21,risk_off,neutral,0.0,1.0,8.353770944575966e-26,2016-03-01,2006-07-17,2016-02-29,2422.0,neutral
2016-03-22,risk_off,neutral,0.0,1.0,6.341177594795852e-26,2016-03-01,2006-07-17,2016-02-29,2422.0,neutral
2016-03-23,risk_off,neutral,0.0,1.0,2.2433038861362094e-24,2016-03-01,2006-07-17,2016-02-29,2422.0,neutral
2016-03-24,risk_off,neutral,0.0,1.0,9.786699718013824e-28,2016-03-01,2006-07-17,2016-02-29,2422.0,neutral
2016-03-28,risk_off,neutral,0.0,1.0,2.317769582210453e-30,2016-03-01,2006-07-17,2016-02-29,2422.0,neutral
2016-03-29,risk_off,neutral,0.0,1.0,8.793747653448365e-37,2016-03-01,2006-07-17,2016-02-29,2422.0,neutral
2016-03-30,risk_off,neutral,0.0,1.0,2.6465396390650433e-35,2016-03-01,2006-07-17,2016-02-29,2422.0,neutral
2016-03-31,risk_off,neutral,0.0,1.0,3.2723418669831364e-32,2016-03-01,2006-07-17,2016-02-29,2422.0,neutral
2016-04-01,risk_off,risk_on,3.262876943700799e-54,5.6340128317482504e-74,1.0,2016-04-01,2006-07-17,2016-03-31,2444.0,neutral
2016-04-04,risk_off,risk_on,1.4716244552289675e-49,5.350247897170655e-73,1.0,2016-04-01,2006-07-17,2016-03-31,2444.0,risk_on
2016-04-05,risk_off,risk_on,1.5714436403670727e-48,6.473933216233413e-74,1.0,2016-04-01,2006-07-17,2016-03-31,2444.0,risk_on
2016-04-06,risk_off,risk_on,2.555888186866858e-48,3.7892835651409645e-73,1.0,2016-04-01,2006-07-17,2016-03-31,2444.0,risk_on
2016-04-07,risk_off,risk_on,9.236350596963713e-50,4.630160712052657e-72,1.0,2016-04-01,2006-07-17,2016-03-31,2444.0,risk_on
2016-04-08,risk_off,risk_on,3.0843704682609957e-52,6.551444291964525e-69,1.0,2016-04-01,2006-07-17,2016-03-31,2444.0,risk_on
2016-04-11,risk_off,risk_on,2.810979403409762e-54,2.7230096945277437e-68,1.0,2016-04-01,2006-07-17,2016-03-31,2444.0,risk_on
2016-04-12,risk_off,risk_on,1.2521324005940115e-55,2.020168778580352e-63,1.0,2016-04-01,2006-07-17,2016-03-31,2444.0,risk_on
2016-04-13,risk_off,risk_on,1.8414447360397246e-59,2.6869720024733375e-57,1.0,2016-04-01,2006-07-17,2016-03-31,2444.0,risk_on
2016-04-14,risk_off,risk_on,2.540817706780604e-52,1.4184685152494355e-52,1.0,2016-04-01,2006-07-17,2016-03-31,2444.0,risk_on
2016-04-15,risk_off,risk_on,3.051982416294177e-51,2.5762306163808544e-50,1.0,2016-04-01,2006-07-17,2016-03-31,2444.0,risk_on
2016-04-18,risk_off,risk_on,1.7642033975699846e-50,2.1300712886515505e-48,1.0,2016-04-01,2006-07-17,2016-03-31,2444.0,risk_on
2016-04-19,risk_off,risk_on,1.480418070160481e-46,5.2101859667503906e-42,1.0,2016-04-01,2006-07-17,2016-03-31,2444.0,risk_on
2016-04-20,risk_off,risk_on,2.2829438837901315e-47,3.501589363554934e-30,1.0,2016-04-01,2006-07-17,2016-03-31,2444.0,risk_on
2016-04-21,risk_off,risk_on,4.067075447712497e-47,3.3402245055134016e-33,1.0,2016-04-01,2006-07-17,2016-03-31,2444.0,risk_on
2016-04-22,risk_off,risk_on,2.715149572373719e-43,1.1780552035679807e-33,1.0,2016-04-01,2006-07-17,2016-03-31,2444.0,risk_on
2016-04-25,risk_off,risk_on,5.869217538750015e-42,4.086481967834069e-31,1.0,2016-04-01,2006-07-17,2016-03-31,2444.0,risk_on
2016-04-26,risk_off,risk_on,6.200959841976887e-42,7.60752548278329e-28,1.0,2016-04-01,2006-07-17,2016-03-31,2444.0,risk_on
2016-04-27,risk_off,risk_on,1.4789254482782793e-40,5.567682157690063e-29,1.0,2016-04-01,2006-07-17,2016-03-31,2444.0,risk_on
2016-04-28,risk_off,risk_on,1.7031078602249142e-41,2.7710507497670927e-29,1.0,2016-04-01,2006-07-17,2016-03-31,2444.0,risk_on
2016-04-29,risk_off,risk_on,1.3104964902907629e-39,2.3755151506943493e-34,1.0,2016-04-01,2006-07-17,2016-03-31,2444.0,risk_on
2016-05-02,risk_off,risk_on,0.0,3.2262210563309036e-168,1.0,2016-05-02,2006-07-17,2016-04-29,2465.0,risk_on
2016-05-03,risk_off,risk_on,0.0,6.188778807865129e-172,1.0,2016-05-02,2006-07-17,2016-04-29,2465.0,risk_on
2016-05-04,risk_off,risk_on,0.0,1.119662193985229e-173,1.0,2016-05-02,2006-07-17,2016-04-29,2465.0,risk_on
2016-05-05,risk_off,risk_on,0.0,8.055808632600866e-179,1.0,2016-05-02,2006-07-17,2016-04-29,2465.0,risk_on
2016-05-06,risk_off,risk_on,0.0,1.23683337778244e-177,1.0,2016-05-02,2006-07-17,2016-04-29,2465.0,risk_on
2016-05-09,risk_off,risk_on,0.0,8.849464112542411e-178,1.0,2016-05-02,2006-07-17,2016-04-29,2465.0,risk_on
2016-05-10,risk_off,risk_on,0.0,7.74567759942654e-192,1.0,2016-05-02,2006-07-17,2016-04-29,2465.0,risk_on
2016-05-11,risk_off,risk_on,0.0,4.460665316768463e-205,1.0,2016-05-02,2006-07-17,2016-04-29,2465.0,risk_on
2016-05-12,risk_off,risk_on,0.0,3.260239619286268e-214,1.0,2016-05-02,2006-07-17,2016-04-29,2465.0,risk_on
2016-05-13,risk_off,risk_on,0.0,5.0092867660756204e-195,1.0,2016-05-02,2006-07-17,2016-04-29,2465.0,risk_on
2016-05-16,risk_off,risk_on,0.0,4.0407481456666594e-203,1.0,2016-05-02,2006-07-17,2016-04-29,2465.0,risk_on
2016-05-17,risk_off,risk_on,0.0,1.702680487927118e-199,1.0,2016-05-02,2006-07-17,2016-04-29,2465.0,risk_on
2016-05-18,risk_off,risk_on,0.0,9.006095295236144e-193,1.0,2016-05-02,2006-07-17,2016-04-29,2465.0,risk_on
2016-05-19,risk_off,risk_on,0.0,1.0109635139167993e-210,1.0,2016-05-02,2006-07-17,2016-04-29,2465.0,risk_on
2016-05-20,risk_off,risk_on,0.0,5.527409120715465e-195,1.0,2016-05-02,2006-07-17,2016-04-29,2465.0,risk_on
2016-05-23,risk_off,risk_on,0.0,2.1245665695722692e-189,1.0,2016-05-02,2006-07-17,2016-04-29,2465.0,risk_on
2016-05-24,risk_off,risk_on,0.0,3.55791102522379e-197,1.0,2016-05-02,2006-07-17,2016-04-29,2465.0,risk_on
2016-05-25,risk_off,risk_on,0.0,1.7003286126268182e-193,1.0,2016-05-02,2006-07-17,2016-04-29,2465.0,risk_on
2016-05-26,risk_off,risk_on,0.0,6.075654976822069e-195,1.0,2016-05-02,2006-07-17,2016-04-29,2465.0,risk_on
2016-05-27,risk_off,risk_on,0.0,2.6511850382041945e-184,1.0,2016-05-02,2006-07-17,2016-04-29,2465.0,risk_on
2016-05-31,risk_on,risk_on,0.0,8.796462761730528e-174,1.0,2016-05-02,2006-07-17,2016-04-29,2465.0,risk_on
2016-06-01,risk_on,risk_on,1.6850156896270429e-93,0.0,1.0,2016-06-01,2006-07-17,2016-05-31,2486.0,risk_on
2016-06-02,risk_on,risk_on,2.3459037608575585e-92,0.0,1.0,2016-06-01,2006-07-17,2016-05-31,2486.0,risk_on
2016-06-03,risk_on,risk_on,1.480573756058391e-81,0.0,1.0,2016-06-01,2006-07-17,2016-05-31,2486.0,risk_on
2016-06-06,risk_on,risk_on,6.046546153339987e-77,0.0,1.0,2016-06-01,2006-07-17,2016-05-31,2486.0,risk_on
2016-06-07,risk_on,risk_on,8.50629495094037e-85,0.0,1.0,2016-06-01,2006-07-17,2016-05-31,2486.0,risk_on
2016-06-08,risk_on,risk_on,1.6268620422610777e-83,0.0,1.0,2016-06-01,2006-07-17,2016-05-31,2486.0,risk_on
2016-06-09,risk_on,risk_on,6.316766407124801e-80,0.0,1.0,2016-06-01,2006-07-17,2016-05-31,2486.0,risk_on
2016-06-10,risk_on,risk_on,7.483627220602609e-73,0.0,1.0,2016-06-01,2006-07-17,2016-05-31,2486.0,risk_on
2016-06-13,risk_on,risk_on,4.0851905120874575e-77,0.0,1.0,2016-06-01,2006-07-17,2016-05-31,2486.0,risk_on
2016-06-14,risk_on,risk_on,1.5003145888051603e-79,0.0,1.0,2016-06-01,2006-07-17,2016-05-31,2486.0,risk_on
2016-06-15,risk_on,risk_on,1.0089109271004395e-74,0.0,1.0,2016-06-01,2006-07-17,2016-05-31,2486.0,risk_on
2016-06-16,risk_on,risk_on,1.4922491951594445e-64,0.0,1.0,2016-06-01,2006-07-17,2016-05-31,2486.0,risk_on
2016-06-17,risk_on,risk_on,2.3634065801941714e-67,0.0,1.0,2016-06-01,2006-07-17,2016-05-31,2486.0,risk_on
2016-06-20,risk_on,risk_on,1.2900623102516167e-71,0.0,1.0,2016-06-01,2006-07-17,2016-05-31,2486.0,risk_on
2016-06-21,risk_on,risk_on,5.965769995992395e-68,0.0,1.0,2016-06-01,2006-07-17,2016-05-31,2486.0,risk_on
2016-06-22,risk_on,risk_on,1.598247715992678e-79,0.0,1.0,2016-06-01,2006-07-17,2016-05-31,2486.0,risk_on
2016-06-23,risk_on,risk_on,1.5062009407021548e-81,0.0,1.0,2016-06-01,2006-07-17,2016-05-31,2486.0,risk_on
2016-06-24,risk_off,risk_on,3.8747458253168286e-73,0.0,1.0,2016-06-01,2006-07-17,2016-05-31,2486.0,risk_on
2016-06-27,risk_off,risk_on,2.3019011542208456e-76,0.0,1.0,2016-06-01,2006-07-17,2016-05-31,2486.0,risk_on
2016-06-28,risk_off,risk_on,7.745127201235258e-83,0.0,1.0,2016-06-01,2006-07-17,2016-05-31,2486.0,risk_on
2016-06-29,risk_off,risk_on,6.083261868893238e-86,0.0,1.0,2016-06-01,2006-07-17,2016-05-31,2486.0,risk_on
2016-06-30,risk_off,risk_on,4.177532292942782e-87,0.0,1.0,2016-06-01,2006-07-17,2016-05-31,2486.0,risk_on
2016-07-01,risk_off,risk_on,7.271914593029742e-163,4.983427741227093e-49,1.0,2016-07-01,2006-07-17,2016-06-30,2508.0,risk_on
2016-07-05,risk_off,risk_on,8.124508253831963e-163,1.2622958073655873e-45,1.0,2016-07-01,2006-07-17,2016-06-30,2508.0,risk_on
2016-07-06,risk_off,risk_on,3.809360383141293e-156,2.6766245087395654e-40,1.0,2016-07-01,2006-07-17,2016-06-30,2508.0,risk_on
2016-07-07,risk_off,risk_on,3.2500659286801313e-156,3.834884918343019e-37,1.0,2016-07-01,2006-07-17,2016-06-30,2508.0,risk_on
2016-07-08,risk_on,risk_on,2.867875832765081e-151,2.2898341590503348e-36,1.0,2016-07-01,2006-07-17,2016-06-30,2508.0,risk_on
2016-07-11,risk_on,risk_on,9.301489633471393e-151,1.0622745162410569e-33,1.0,2016-07-01,2006-07-17,2016-06-30,2508.0,risk_on
2016-07-12,risk_on,risk_on,6.32106071291937e-154,3.820504491785836e-30,1.0,2016-07-01,2006-07-17,2016-06-30,2508.0,risk_on
2016-07-13,risk_on,risk_on,5.31812424649528e-149,1.1644152557220822e-27,1.0,2016-07-01,2006-07-17,2016-06-30,2508.0,risk_on
2016-07-14,risk_on,risk_on,1.0669203458226663e-152,8.563774371487025e-27,1.0,2016-07-01,2006-07-17,2016-06-30,2508.0,risk_on
2016-07-15,risk_on,risk_on,2.0576030936609792e-148,8.347555889594441e-29,1.0,2016-07-01,2006-07-17,2016-06-30,2508.0,risk_on
2016-07-18,risk_on,risk_on,5.763312429103097e-150,2.16319970159737e-30,1.0,2016-07-01,2006-07-17,2016-06-30,2508.0,risk_on
2016-07-19,risk_on,risk_on,4.22317453704591e-139,1.3366002037602188e-33,1.0,2016-07-01,2006-07-17,2016-06-30,2508.0,risk_on
2016-07-20,risk_on,risk_on,2.3203631062242633e-145,3.820135323679135e-29,1.0,2016-07-01,2006-07-17,2016-06-30,2508.0,risk_on
2016-07-21,risk_on,risk_on,2.710564011587487e-149,2.4691405796246587e-26,1.0,2016-07-01,2006-07-17,2016-06-30,2508.0,risk_on
2016-07-22,risk_on,risk_on,9.265246770930823e-149,2.7750326798777566e-27,1.0,2016-07-01,2006-07-17,2016-06-30,2508.0,risk_on
2016-07-25,risk_on,risk_on,1.7176568224713488e-150,1.1639712766912954e-28,1.0,2016-07-01,2006-07-17,2016-06-30,2508.0,risk_on
2016-07-26,risk_on,risk_on,4.332961783928085e-156,8.05900326838875e-34,1.0,2016-07-01,2006-07-17,2016-06-30,2508.0,risk_on
2016-07-27,risk_on,risk_on,1.1415162081243149e-156,3.8065650456733627e-31,1.0,2016-07-01,2006-07-17,2016-06-30,2508.0,risk_on
2016-07-28,risk_on,risk_on,3.47307558788169e-151,8.471561056087393e-30,1.0,2016-07-01,2006-07-17,2016-06-30,2508.0,risk_on
2016-07-29,risk_on,risk_on,4.40780957270452e-148,7.790120911673357e-30,1.0,2016-07-01,2006-07-17,2016-06-30,2508.0,risk_on
2016-08-01,risk_on,risk_on,1.2225070421986176e-171,0.0,1.0,2016-08-01,2006-07-17,2016-07-29,2528.0,risk_on
2016-08-02,risk_on,risk_on,3.551371440787588e-167,0.0,1.0,2016-08-01,2006-07-17,2016-07-29,2528.0,risk_on
2016-08-03,risk_on,risk_on,5.757879083552205e-182,0.0,1.0,2016-08-01,2006-07-17,2016-07-29,2528.0,risk_on
2016-08-04,risk_on,risk_on,8.916521436554541e-188,0.0,1.0,2016-08-01,2006-07-17,2016-07-29,2528.0,risk_on
2016-08-05,risk_on,risk_on,1.0637727056406249e-198,0.0,1.0,2016-08-01,2006-07-17,2016-07-29,2528.0,risk_on
2016-08-08,risk_on,risk_on,8.013791696524144e-213,0.0,1.0,2016-08-01,2006-07-17,2016-07-29,2528.0,risk_on
2016-08-09,risk_on,risk_on,8.347703518218364e-211,0.0,1.0,2016-08-01,2006-07-17,2016-07-29,2528.0,risk_on
2016-08-10,risk_on,risk_on,1.3444012269289018e-197,0.0,1.0,2016-08-01,2006-07-17,2016-07-29,2528.0,risk_on
2016-08-11,risk_on,risk_on,3.122430114911916e-219,0.0,1.0,2016-08-01,2006-07-17,2016-07-29,2528.0,risk_on
2016-08-12,risk_on,risk_on,2.192429406559265e-220,0.0,1.0,2016-08-01,2006-07-17,2016-07-29,2528.0,risk_on
2016-08-15,risk_on,risk_on,1.920573018888985e-226,0.0,1.0,2016-08-01,2006-07-17,2016-07-29,2528.0,risk_on
2016-08-16,risk_on,risk_on,5.709960477828768e-221,0.0,1.0,2016-08-01,2006-07-17,2016-07-29,2528.0,risk_on
2016-08-17,risk_on,risk_on,5.3846526255322966e-223,0.0,1.0,2016-08-01,2006-07-17,2016-07-29,2528.0,risk_on
2016-08-18,risk_on,risk_on,1.0484112165728329e-227,0.0,1.0,2016-08-01,2006-07-17,2016-07-29,2528.0,risk_on
2016-08-19,risk_on,risk_on,1.5142163945634212e-224,0.0,1.0,2016-08-01,2006-07-17,2016-07-29,2528.0,risk_on
2016-08-22,risk_on,risk_on,5.952190483487935e-224,0.0,1.0,2016-08-01,2006-07-17,2016-07-29,2528.0,risk_on
2016-08-23,risk_on,risk_on,1.4094531383958145e-213,0.0,1.0,2016-08-01,2006-07-17,2016-07-29,2528.0,risk_on
2016-08-24,risk_on,risk_on,3.465904228133177e-204,0.0,1.0,2016-08-01,2006-07-17,2016-07-29,2528.0,risk_on
2016-08-25,risk_on,risk_on,1.853060749257311e-204,0.0,1.0,2016-08-01,2006-07-17,2016-07-29,2528.0,risk_on
2016-08-26,risk_on,risk_on,2.414229659442122e-204,0.0,1.0,2016-08-01,2006-07-17,2016-07-29,2528.0,risk_on
2016-08-29,risk_on,risk_on,5.411081912582427e-212,0.0,1.0,2016-08-01,2006-07-17,2016-07-29,2528.0,risk_on
2016-08-30,risk_on,risk_on,2.524911754980384e-208,0.0,1.0,2016-08-01,2006-07-17,2016-07-29,2528.0,risk_on
2016-08-31,risk_on,risk_on,8.980626380906009e-205,0.0,1.0,2016-08-01,2006-07-17,2016-07-29,2528.0,risk_on
2016-09-01,risk_on,neutral,0.0,1.0,3.0076577564781046e-30,2016-09-01,2006-07-17,2016-08-31,2551.0,risk_on
2016-09-02,risk_on,neutral,0.0,1.0,2.735554505018861e-30,2016-09-01,2006-07-17,2016-08-31,2551.0,neutral
2016-09-06,risk_on,neutral,0.0,1.0,7.753707234076776e-31,2016-09-01,2006-07-17,2016-08-31,2551.0,neutral
2016-09-07,risk_on,neutral,0.0,1.0,2.6692995571102536e-31,2016-09-01,2006-07-17,2016-08-31,2551.0,neutral
2016-09-08,risk_on,neutral,0.0,1.0,9.899402036632879e-32,2016-09-01,2006-07-17,2016-08-31,2551.0,neutral
2016-09-09,risk_on,neutral,0.0,1.0,6.442771759567858e-38,2016-09-01,2006-07-17,2016-08-31,2551.0,neutral
2016-09-12,risk_on,neutral,0.0,1.0,2.7719046428296386e-33,2016-09-01,2006-07-17,2016-08-31,2551.0,neutral
2016-09-13,risk_on,neutral,0.0,1.0,1.1547926386387588e-36,2016-09-01,2006-07-17,2016-08-31,2551.0,neutral
2016-09-14,risk_on,neutral,0.0,1.0,1.1731433853293246e-32,2016-09-01,2006-07-17,2016-08-31,2551.0,neutral
2016-09-15,risk_on,neutral,0.0,1.0,1.9010381783704754e-29,2016-09-01,2006-07-17,2016-08-31,2551.0,neutral
2016-09-16,risk_on,neutral,0.0,1.0,1.5023241696882294e-27,2016-09-01,2006-07-17,2016-08-31,2551.0,neutral
2016-09-19,risk_on,neutral,0.0,1.0,1.9832587700034635e-29,2016-09-01,2006-07-17,2016-08-31,2551.0,neutral
2016-09-20,risk_on,neutral,0.0,1.0,4.965658682096094e-28,2016-09-01,2006-07-17,2016-08-31,2551.0,neutral
2016-09-21,risk_on,neutral,0.0,1.0,5.507042206541736e-27,2016-09-01,2006-07-17,2016-08-31,2551.0,neutral
2016-09-22,risk_on,neutral,0.0,1.0,7.353996455542721e-25,2016-09-01,2006-07-17,2016-08-31,2551.0,neutral
2016-09-23,risk_on,neutral,0.0,1.0,6.467316198532541e-25,2016-09-01,2006-07-17,2016-08-31,2551.0,neutral
2016-09-26,risk_on,neutral,0.0,1.0,4.1047583864188147e-25,2016-09-01,2006-07-17,2016-08-31,2551.0,neutral
2016-09-27,risk_on,neutral,0.0,1.0,5.834491327853755e-23,2016-09-01,2006-07-17,2016-08-31,2551.0,neutral
2016-09-28,risk_on,neutral,0.0,1.0,4.806998959902878e-22,2016-09-01,2006-07-17,2016-08-31,2551.0,neutral
2016-09-29,risk_on,neutral,0.0,1.0,4.895509094745359e-21,2016-09-01,2006-07-17,2016-08-31,2551.0,neutral
2016-09-30,risk_on,neutral,0.0,1.0,1.9088002177258462e-19,2016-09-01,2006-07-17,2016-08-31,2551.0,neutral
2016-10-03,risk_on,neutral,0.0,1.0,0.0,2016-10-03,2006-07-17,2016-09-30,2572.0,neutral
2016-10-04,risk_on,neutral,0.0,1.0,0.0,2016-10-03,2006-07-17,2016-09-30,2572.0,neutral
2016-10-05,risk_on,neutral,0.0,1.0,0.0,2016-10-03,2006-07-17,2016-09-30,2572.0,neutral
2016-10-06,risk_on,neutral,0.0,1.0,0.0,2016-10-03,2006-07-17,2016-09-30,2572.0,neutral
2016-10-07,risk_on,neutral,0.0,1.0,0.0,2016-10-03,2006-07-17,2016-09-30,2572.0,neutral
2016-10-10,risk_on,neutral,0.0,1.0,0.0,2016-10-03,2006-07-17,2016-09-30,2572.0,neutral
2016-10-11,risk_on,neutral,0.0,1.0,0.0,2016-10-03,2006-07-17,2016-09-30,2572.0,neutral
2016-10-12,risk_on,neutral,0.0,1.0,0.0,2016-10-03,2006-07-17,2016-09-30,2572.0,neutral
2016-10-13,risk_on,neutral,0.0,1.0,0.0,2016-10-03,2006-07-17,2016-09-30,2572.0,neutral
2016-10-14,risk_on,neutral,0.0,1.0,0.0,2016-10-03,2006-07-17,2016-09-30,2572.0,neutral
2016-10-17,risk_on,neutral,0.0,1.0,0.0,2016-10-03,2006-07-17,2016-09-30,2572.0,neutral
2016-10-18,risk_on,neutral,0.0,1.0,0.0,2016-10-03,2006-07-17,2016-09-30,2572.0,neutral
2016-10-19,risk_on,neutral,0.0,1.0,0.0,2016-10-03,2006-07-17,2016-09-30,2572.0,neutral
2016-10-20,risk_on,neutral,0.0,1.0,0.0,2016-10-03,2006-07-17,2016-09-30,2572.0,neutral
2016-10-21,risk_on,neutral,0.0,1.0,0.0,2016-10-03,2006-07-17,2016-09-30,2572.0,neutral
2016-10-24,risk_on,neutral,0.0,1.0,0.0,2016-10-03,2006-07-17,2016-09-30,2572.0,neutral
2016-10-25,risk_on,neutral,0.0,1.0,0.0,2016-10-03,2006-07-17,2016-09-30,2572.0,neutral
2016-10-26,risk_on,neutral,0.0,1.0,0.0,2016-10-03,2006-07-17,2016-09-30,2572.0,neutral
2016-10-27,risk_on,neutral,0.0,1.0,0.0,2016-10-03,2006-07-17,2016-09-30,2572.0,neutral
2016-10-28,risk_on,neutral,0.0,1.0,0.0,2016-10-03,2006-07-17,2016-09-30,2572.0,neutral
2016-10-31,risk_on,neutral,0.0,1.0,0.0,2016-10-03,2006-07-17,2016-09-30,2572.0,neutral
2016-11-01,risk_on,neutral,1.445414212174297e-153,1.0,2.5083717959089176e-44,2016-11-01,2006-07-17,2016-10-31,2593.0,neutral
2016-11-02,risk_on,neutral,6.404968084395466e-154,1.0,6.355287903463264e-44,2016-11-01,2006-07-17,2016-10-31,2593.0,neutral
2016-11-03,risk_on,neutral,3.0034063706382434e-154,1.0,4.714104433937307e-48,2016-11-01,2006-07-17,2016-10-31,2593.0,neutral
2016-11-04,risk_on,neutral,2.1528794407427674e-148,1.0,2.5576781192589184e-46,2016-11-01,2006-07-17,2016-10-31,2593.0,neutral
2016-11-07,risk_on,neutral,1.5261732829339532e-143,1.0,2.6915741307664016e-42,2016-11-01,2006-07-17,2016-10-31,2593.0,neutral
2016-11-08,risk_on,neutral,3.582181037547763e-145,1.0,3.0935423340157967e-42,2016-11-01,2006-07-17,2016-10-31,2593.0,neutral
2016-11-09,risk_on,neutral,1.9614118313673408e-119,1.0,2.867672479898247e-26,2016-11-01,2006-07-17,2016-10-31,2593.0,neutral
2016-11-10,risk_on,neutral,2.6631547742463916e-107,1.0,2.5282332592206727e-19,2016-11-01,2006-07-17,2016-10-31,2593.0,neutral
2016-11-11,risk_on,neutral,1.972130017232964e-100,1.0,2.437716481669225e-19,2016-11-01,2006-07-17,2016-10-31,2593.0,neutral
2016-11-14,risk_on,neutral,3.864304894926478e-94,1.0,3.1353183120585244e-16,2016-11-01,2006-07-17,2016-10-31,2593.0,neutral
2016-11-15,risk_on,neutral,5.1535361321519746e-110,1.0,3.30257074872838e-21,2016-11-01,2006-07-17,2016-10-31,2593.0,neutral
2016-11-16,risk_on,neutral,4.035783460933334e-108,1.0,1.441419959917773e-22,2016-11-01,2006-07-17,2016-10-31,2593.0,neutral
2016-11-17,risk_on,neutral,1.0621490143645775e-104,1.0,9.600130654765765e-23,2016-11-01,2006-07-17,2016-10-31,2593.0,neutral
2016-11-18,risk_on,neutral,2.285571405094169e-105,1.0,3.389064227389761e-20,2016-11-01,2006-07-17,2016-10-31,2593.0,neutral
2016-11-21,risk_on,neutral,4.27103090964171e-104,1.0,3.564035980966093e-20,2016-11-01,2006-07-17,2016-10-31,2593.0,neutral
2016-11-22,risk_on,neutral,1.2144163843582235e-106,1.0,6.430884820518949e-21,2016-11-01,2006-07-17,2016-10-31,2593.0,neutral
2016-11-23,risk_on,neutral,1.1352497122127307e-101,1.0,1.6000734276103453e-19,2016-11-01,2006-07-17,2016-10-31,2593.0,neutral
2016-11-25,risk_on,neutral,4.155776390335989e-96,1.0,4.296177116947414e-18,2016-11-01,2006-07-17,2016-10-31,2593.0,neutral
2016-11-28,risk_on,neutral,4.259415174364445e-103,1.0,1.1599612782769552e-19,2016-11-01,2006-07-17,2016-10-31,2593.0,neutral
2016-11-29,risk_on,neutral,9.525676807103938e-104,1.0,7.847617315080707e-20,2016-11-01,2006-07-17,2016-10-31,2593.0,neutral
2016-11-30,risk_on,neutral,2.097235991069135e-111,1.0,3.0376031992470404e-18,2016-11-01,2006-07-17,2016-10-31,2593.0,neutral
2016-12-01,risk_on,neutral,0.0,1.0,7.131914260140923e-219,2016-12-01,2006-07-17,2016-11-30,2614.0,neutral
2016-12-02,risk_on,neutral,0.0,1.0,1.6297010560998563e-219,2016-12-01,2006-07-17,2016-11-30,2614.0,neutral
2016-12-05,risk_on,neutral,0.0,1.0,1.8376682169012296e-215,2016-12-01,2006-07-17,2016-11-30,2614.0,neutral
2016-12-06,risk_on,neutral,0.0,1.0,5.705816834554403e-218,2016-12-01,2006-07-17,2016-11-30,2614.0,neutral
2016-12-07,risk_on,neutral,0.0,1.0,2.365989224385666e-207,2016-12-01,2006-07-17,2016-11-30,2614.0,neutral
2016-12-08,risk_on,neutral,0.0,1.0,1.3360837322043832e-201,2016-12-01,2006-07-17,2016-11-30,2614.0,neutral
2016-12-09,risk_on,neutral,0.0,1.0,4.703673205865512e-205,2016-12-01,2006-07-17,2016-11-30,2614.0,neutral
2016-12-12,risk_on,neutral,0.0,1.0,1.1009576041397196e-208,2016-12-01,2006-07-17,2016-11-30,2614.0,neutral
2016-12-13,risk_on,neutral,0.0,1.0,1.0766903307972006e-213,2016-12-01,2006-07-17,2016-11-30,2614.0,neutral
2016-12-14,risk_on,neutral,0.0,1.0,5.5356089523638166e-232,2016-12-01,2006-07-17,2016-11-30,2614.0,neutral
2016-12-15,risk_on,neutral,0.0,1.0,1.99156543944642e-218,2016-12-01,2006-07-17,2016-11-30,2614.0,neutral
2016-12-16,risk_on,neutral,0.0,1.0,9.657741291258749e-220,2016-12-01,2006-07-17,2016-11-30,2614.0,neutral
2016-12-19,risk_on,neutral,0.0,1.0,1.2459673827336423e-224,2016-12-01,2006-07-17,2016-11-30,2614.0,neutral
2016-12-20,risk_on,neutral,0.0,1.0,7.812904447685927e-216,2016-12-01,2006-07-17,2016-11-30,2614.0,neutral
2016-12-21,risk_on,neutral,0.0,1.0,7.879757224804939e-216,2016-12-01,2006-07-17,2016-11-30,2614.0,neutral
2016-12-22,risk_on,neutral,0.0,1.0,1.0255866805368137e-218,2016-12-01,2006-07-17,2016-11-30,2614.0,neutral
2016-12-23,risk_on,neutral,0.0,1.0,2.188399180570033e-214,2016-12-01,2006-07-17,2016-11-30,2614.0,neutral
2016-12-27,risk_on,neutral,0.0,1.0,1.8762023674611748e-227,2016-12-01,2006-07-17,2016-11-30,2614.0,neutral
2016-12-28,risk_on,neutral,0.0,1.0,6.583233287612324e-233,2016-12-01,2006-07-17,2016-11-30,2614.0,neutral
2016-12-29,risk_on,neutral,0.0,1.0,6.336985004757954e-231,2016-12-01,2006-07-17,2016-11-30,2614.0,neutral
2016-12-30,risk_on,neutral,0.0,1.0,9.307147425359523e-235,2016-12-01,2006-07-17,2016-11-30,2614.0,neutral
2017-01-03,risk_on,risk_on,7.856805971379101e-38,0.0,1.0,2017-01-03,2006-07-17,2016-12-30,2635.0,neutral
2017-01-04,risk_on,risk_on,1.4240444474583271e-37,0.0,1.0,2017-01-03,2006-07-17,2016-12-30,2635.0,risk_on
2017-01-05,risk_on,risk_on,7.4852156636786e-38,0.0,1.0,2017-01-03,2006-07-17,2016-12-30,2635.0,risk_on
2017-01-06,risk_on,risk_on,8.234184602539263e-37,0.0,1.0,2017-01-03,2006-07-17,2016-12-30,2635.0,risk_on
2017-01-09,risk_on,risk_on,2.5688451736054737e-37,0.0,1.0,2017-01-03,2006-07-17,2016-12-30,2635.0,risk_on
2017-01-10,risk_on,risk_on,1.303790475976315e-34,0.0,1.0,2017-01-03,2006-07-17,2016-12-30,2635.0,risk_on
2017-01-11,risk_on,risk_on,2.406602254944995e-38,0.0,1.0,2017-01-03,2006-07-17,2016-12-30,2635.0,risk_on
2017-01-12,risk_on,risk_on,1.0394604671443791e-39,0.0,1.0,2017-01-03,2006-07-17,2016-12-30,2635.0,risk_on
2017-01-13,risk_on,risk_on,9.133353082098242e-39,0.0,1.0,2017-01-03,2006-07-17,2016-12-30,2635.0,risk_on
2017-01-17,risk_on,risk_on,5.487501420654317e-44,0.0,1.0,2017-01-03,2006-07-17,2016-12-30,2635.0,risk_on
2017-01-18,risk_on,risk_on,4.630102324360998e-46,0.0,1.0,2017-01-03,2006-07-17,2016-12-30,2635.0,risk_on
2017-01-19,risk_on,risk_on,4.722706736616298e-46,0.0,1.0,2017-01-03,2006-07-17,2016-12-30,2635.0,risk_on
2017-01-20,risk_on,risk_on,4.494019658612943e-44,0.0,1.0,2017-01-03,2006-07-17,2016-12-30,2635.0,risk_on
2017-01-23,risk_on,risk_on,2.865119944867306e-45,0.0,1.0,2017-01-03,2006-07-17,2016-12-30,2635.0,risk_on
2017-01-24,risk_on,risk_on,5.233739525971985e-46,0.0,1.0,2017-01-03,2006-07-17,2016-12-30,2635.0,risk_on
2017-01-25,risk_on,risk_on,5.95266412012508e-46,0.0,1.0,2017-01-03,2006-07-17,2016-12-30,2635.0,risk_on
2017-01-26,risk_on,risk_on,1.5112368242773675e-46,0.0,1.0,2017-01-03,2006-07-17,2016-12-30,2635.0,risk_on
2017-01-27,risk_on,risk_on,6.7302478129641926e-46,0.0,1.0,2017-01-03,2006-07-17,2016-12-30,2635.0,risk_on
2017-01-30,risk_on,risk_on,2.90613240968618e-45,0.0,1.0,2017-01-03,2006-07-17,2016-12-30,2635.0,risk_on
2017-01-31,risk_on,risk_on,6.766937659133178e-46,0.0,1.0,2017-01-03,2006-07-17,2016-12-30,2635.0,risk_on
2017-02-01,risk_on,risk_off,1.0,0.0,7.99259703703691e-41,2017-02-01,2006-07-17,2017-01-31,2655.0,risk_on
2017-02-02,risk_on,risk_off,1.0,0.0,4.0985278113948933e-41,2017-02-01,2006-07-17,2017-01-31,2655.0,risk_off
2017-02-03,risk_on,risk_off,1.0,0.0,1.4623272663411078e-41,2017-02-01,2006-07-17,2017-01-31,2655.0,risk_off
2017-02-06,risk_on,risk_off,1.0,0.0,2.484726908684607e-41,2017-02-01,2006-07-17,2017-01-31,2655.0,risk_off
2017-02-07,risk_on,risk_off,1.0,0.0,8.350687261421003e-42,2017-02-01,2006-07-17,2017-01-31,2655.0,risk_off
2017-02-08,risk_on,risk_off,1.0,0.0,2.10159926710908e-41,2017-02-01,2006-07-17,2017-01-31,2655.0,risk_off
2017-02-09,risk_on,risk_off,1.0,0.0,6.512501125323349e-39,2017-02-01,2006-07-17,2017-01-31,2655.0,risk_off
2017-02-10,risk_on,risk_off,1.0,0.0,3.816495180253904e-34,2017-02-01,2006-07-17,2017-01-31,2655.0,risk_off
2017-02-13,risk_on,risk_off,1.0,0.0,2.715195723308612e-31,2017-02-01,2006-07-17,2017-01-31,2655.0,risk_off
2017-02-14,risk_on,risk_off,1.0,0.0,5.6283064140145266e-30,2017-02-01,2006-07-17,2017-01-31,2655.0,risk_off
2017-02-15,risk_on,risk_off,1.0,0.0,4.855609693036692e-35,2017-02-01,2006-07-17,2017-01-31,2655.0,risk_off
2017-02-16,risk_on,risk_off,1.0,0.0,8.450184860920398e-35,2017-02-01,2006-07-17,2017-01-31,2655.0,risk_off
2017-02-17,risk_on,risk_off,1.0,0.0,2.0020039261433435e-33,2017-02-01,2006-07-17,2017-01-31,2655.0,risk_off
2017-02-21,risk_on,risk_off,1.0,0.0,3.995052382355023e-30,2017-02-01,2006-07-17,2017-01-31,2655.0,risk_off
2017-02-22,risk_on,risk_off,1.0,0.0,1.0860560007332558e-31,2017-02-01,2006-07-17,2017-01-31,2655.0,risk_off
2017-02-23,risk_on,risk_off,1.0,0.0,6.584789030111634e-33,2017-02-01,2006-07-17,2017-01-31,2655.0,risk_off
2017-02-24,risk_on,risk_off,1.0,0.0,9.143427402953995e-32,2017-02-01,2006-07-17,2017-01-31,2655.0,risk_off
2017-02-27,risk_on,risk_off,1.0,0.0,1.2662289451238359e-34,2017-02-01,2006-07-17,2017-01-31,2655.0,risk_off
2017-02-28,risk_on,risk_off,1.0,0.0,1.04702420377773e-36,2017-02-01,2006-07-17,2017-01-31,2655.0,risk_off
2017-03-01,risk_on,neutral,0.0,1.0,3.558797710903964e-35,2017-03-01,2006-07-17,2017-02-28,2674.0,risk_off
2017-03-02,risk_on,neutral,0.0,1.0,1.70680060245293e-36,2017-03-01,2006-07-17,2017-02-28,2674.0,neutral
2017-03-03,risk_on,neutral,0.0,1.0,1.970969843281271e-31,2017-03-01,2006-07-17,2017-02-28,2674.0,neutral
2017-03-06,risk_on,neutral,0.0,1.0,5.925746935537279e-26,2017-03-01,2006-07-17,2017-02-28,2674.0,neutral
2017-03-07,risk_on,neutral,0.0,1.0,1.5025096888831974e-26,2017-03-01,2006-07-17,2017-02-28,2674.0,neutral
2017-03-08,risk_on,neutral,0.0,1.0,4.334598477791803e-28,2017-03-01,2006-07-17,2017-02-28,2674.0,neutral
2017-03-09,risk_on,neutral,0.0,1.0,1.2078933021506751e-27,2017-03-01,2006-07-17,2017-02-28,2674.0,neutral
2017-03-10,risk_on,neutral,0.0,1.0,5.159484085839892e-30,2017-03-01,2006-07-17,2017-02-28,2674.0,neutral
2017-03-13,risk_on,neutral,0.0,1.0,1.2798489090444969e-26,2017-03-01,2006-07-17,2017-02-28,2674.0,neutral
2017-03-14,risk_on,neutral,0.0,1.0,3.903686150742802e-25,2017-03-01,2006-07-17,2017-02-28,2674.0,neutral
2017-03-15,risk_on,neutral,0.0,1.0,1.4279303890615567e-22,2017-03-01,2006-07-17,2017-02-28,2674.0,neutral
2017-03-16,risk_on,neutral,0.0,1.0,3.045975550440425e-21,2017-03-01,2006-07-17,2017-02-28,2674.0,neutral
2017-03-17,risk_on,neutral,0.0,1.0,2.8367658486512595e-20,2017-03-01,2006-07-17,2017-02-28,2674.0,neutral
2017-03-20,risk_on,neutral,0.0,1.0,1.2913426086993472e-16,2017-03-01,2006-07-17,2017-02-28,2674.0,neutral
2017-03-21,risk_on,neutral,0.0,0.9999999999999503,4.9497060869192817e-14,2017-03-01,2006-07-17,2017-02-28,2674.0,neutral
2017-03-22,risk_on,neutral,0.0,1.0,3.5019271903908173e-17,2017-03-01,2006-07-17,2017-02-28,2674.0,neutral
2017-03-23,risk_on,neutral,0.0,1.0,1.4021774044529936e-16,2017-03-01,2006-07-17,2017-02-28,2674.0,neutral
2017-03-24,risk_on,neutral,0.0,1.0,4.2237718573133275e-17,2017-03-01,2006-07-17,2017-02-28,2674.0,neutral
2017-03-27,risk_on,neutral,0.0,1.0,2.4964142245742824e-15,2017-03-01,2006-07-17,2017-02-28,2674.0,neutral
2017-03-28,risk_on,neutral,0.0,1.0,3.980349074655188e-15,2017-03-01,2006-07-17,2017-02-28,2674.0,neutral
2017-03-29,risk_on,neutral,0.0,1.0,3.4598483419780635e-15,2017-03-01,2006-07-17,2017-02-28,2674.0,neutral
2017-03-30,risk_on,neutral,0.0,1.0,5.579834805357076e-17,2017-03-01,2006-07-17,2017-02-28,2674.0,neutral
2017-03-31,risk_on,neutral,0.0,1.0,1.1136390895129886e-20,2017-03-01,2006-07-17,2017-02-28,2674.0,neutral
2017-04-03,risk_on,risk_on,0.0,0.0,1.0,2017-04-03,2006-07-17,2017-03-31,2697.0,neutral
2017-04-04,risk_on,risk_on,0.0,0.0,1.0,2017-04-03,2006-07-17,2017-03-31,2697.0,risk_on
2017-04-05,risk_on,risk_on,0.0,0.0,1.0,2017-04-03,2006-07-17,2017-03-31,2697.0,risk_on
2017-04-06,risk_on,risk_on,0.0,0.0,1.0,2017-04-03,2006-07-17,2017-03-31,2697.0,risk_on
2017-04-07,risk_on,risk_on,0.0,0.0,1.0,2017-04-03,2006-07-17,2017-03-31,2697.0,risk_on
2017-04-10,risk_on,risk_on,0.0,0.0,1.0,2017-04-03,2006-07-17,2017-03-31,2697.0,risk_on
2017-04-11,risk_on,risk_on,0.0,0.0,1.0,2017-04-03,2006-07-17,2017-03-31,2697.0,risk_on
2017-04-12,risk_on,risk_on,0.0,0.0,1.0,2017-04-03,2006-07-17,2017-03-31,2697.0,risk_on
2017-04-13,risk_on,risk_on,0.0,0.0,1.0,2017-04-03,2006-07-17,2017-03-31,2697.0,risk_on
2017-04-17,risk_on,risk_on,0.0,0.0,1.0,2017-04-03,2006-07-17,2017-03-31,2697.0,risk_on
2017-04-18,risk_on,risk_on,0.0,0.0,1.0,2017-04-03,2006-07-17,2017-03-31,2697.0,risk_on
2017-04-19,risk_on,risk_on,0.0,0.0,1.0,2017-04-03,2006-07-17,2017-03-31,2697.0,risk_on
2017-04-20,risk_on,risk_on,0.0,0.0,1.0,2017-04-03,2006-07-17,2017-03-31,2697.0,risk_on
2017-04-21,risk_on,risk_on,0.0,0.0,1.0,2017-04-03,2006-07-17,2017-03-31,2697.0,risk_on
2017-04-24,risk_on,risk_on,0.0,0.0,1.0,2017-04-03,2006-07-17,2017-03-31,2697.0,risk_on
2017-04-25,risk_on,risk_on,0.0,0.0,1.0,2017-04-03,2006-07-17,2017-03-31,2697.0,risk_on
2017-04-26,risk_on,risk_on,0.0,0.0,1.0,2017-04-03,2006-07-17,2017-03-31,2697.0,risk_on
2017-04-27,risk_on,risk_on,0.0,0.0,1.0,2017-04-03,2006-07-17,2017-03-31,2697.0,risk_on
2017-04-28,risk_on,risk_on,0.0,0.0,1.0,2017-04-03,2006-07-17,2017-03-31,2697.0,risk_on
2017-05-01,risk_on,risk_on,0.0,4.194770676993041e-67,1.0,2017-05-01,2006-07-17,2017-04-28,2716.0,risk_on
2017-05-02,risk_on,risk_on,0.0,3.4314795983031666e-65,1.0,2017-05-01,2006-07-17,2017-04-28,2716.0,risk_on
2017-05-03,risk_on,risk_on,0.0,3.781323967061854e-66,1.0,2017-05-01,2006-07-17,2017-04-28,2716.0,risk_on
2017-05-04,risk_on,risk_on,0.0,1.5021381156637294e-70,1.0,2017-05-01,2006-07-17,2017-04-28,2716.0,risk_on
2017-05-05,risk_on,risk_on,0.0,2.5344504537525158e-70,1.0,2017-05-01,2006-07-17,2017-04-28,2716.0,risk_on
2017-05-08,risk_on,risk_on,0.0,3.280732743368047e-71,1.0,2017-05-01,2006-07-17,2017-04-28,2716.0,risk_on
2017-05-09,risk_on,risk_on,0.0,8.905731017526992e-74,1.0,2017-05-01,2006-07-17,2017-04-28,2716.0,risk_on
2017-05-10,risk_on,risk_on,0.0,1.8730080255618206e-71,1.0,2017-05-01,2006-07-17,2017-04-28,2716.0,risk_on
2017-05-11,risk_on,risk_on,0.0,2.1037269864253185e-74,1.0,2017-05-01,2006-07-17,2017-04-28,2716.0,risk_on
2017-05-12,risk_on,risk_on,0.0,7.667855201022279e-76,1.0,2017-05-01,2006-07-17,2017-04-28,2716.0,risk_on
2017-05-15,risk_on,risk_on,0.0,3.379658378487164e-78,1.0,2017-05-01,2006-07-17,2017-04-28,2716.0,risk_on
2017-05-16,risk_on,risk_on,0.0,2.0884587213153816e-80,1.0,2017-05-01,2006-07-17,2017-04-28,2716.0,risk_on
2017-05-17,risk_on,risk_on,0.0,3.978138295865899e-87,1.0,2017-05-01,2006-07-17,2017-04-28,2716.0,risk_on
2017-05-18,risk_on,risk_on,0.0,2.2562809177918412e-88,1.0,2017-05-01,2006-07-17,2017-04-28,2716.0,risk_on
2017-05-19,risk_on,risk_on,0.0,2.1740921213554677e-91,1.0,2017-05-01,2006-07-17,2017-04-28,2716.0,risk_on
2017-05-22,risk_on,risk_on,0.0,3.7876140479716576e-90,1.0,2017-05-01,2006-07-17,2017-04-28,2716.0,risk_on
2017-05-23,risk_on,risk_on,0.0,1.2719723032576305e-90,1.0,2017-05-01,2006-07-17,2017-04-28,2716.0,risk_on
2017-05-24,risk_on,risk_on,0.0,3.620200451498508e-88,1.0,2017-05-01,2006-07-17,2017-04-28,2716.0,risk_on
2017-05-25,risk_on,risk_on,0.0,6.766433082362957e-90,1.0,2017-05-01,2006-07-17,2017-04-28,2716.0,risk_on
2017-05-26,risk_on,risk_on,0.0,6.984144609798387e-91,1.0,2017-05-01,2006-07-17,2017-04-28,2716.0,risk_on
2017-05-30,risk_on,risk_on,0.0,1.488638837822914e-90,1.0,2017-05-01,2006-07-17,2017-04-28,2716.0,risk_on
2017-05-31,risk_on,risk_on,0.0,2.2668616341306008e-89,1.0,2017-05-01,2006-07-17,2017-04-28,2716.0,risk_on
2017-06-01,risk_on,neutral,0.0,1.0,4.235530526085508e-87,2017-06-01,2006-07-17,2017-05-31,2738.0,risk_on
2017-06-02,risk_on,neutral,0.0,1.0,1.4967488283956985e-89,2017-06-01,2006-07-17,2017-05-31,2738.0,neutral
2017-06-05,risk_on,neutral,0.0,1.0,1.2326479829302559e-93,2017-06-01,2006-07-17,2017-05-31,2738.0,neutral
2017-06-06,risk_on,neutral,0.0,1.0,1.8392322353619003e-92,2017-06-01,2006-07-17,2017-05-31,2738.0,neutral
2017-06-07,risk_on,neutral,0.0,1.0,1.463546803328893e-92,2017-06-01,2006-07-17,2017-05-31,2738.0,neutral
2017-06-08,risk_on,neutral,0.0,1.0,7.526427495629175e-90,2017-06-01,2006-07-17,2017-05-31,2738.0,neutral
2017-06-09,risk_on,neutral,0.0,1.0,5.493538829241336e-84,2017-06-01,2006-07-17,2017-05-31,2738.0,neutral
2017-06-12,risk_on,neutral,0.0,1.0,7.485526883202514e-85,2017-06-01,2006-07-17,2017-05-31,2738.0,neutral
2017-06-13,risk_on,neutral,0.0,1.0,6.763873775112386e-90,2017-06-01,2006-07-17,2017-05-31,2738.0,neutral
2017-06-14,risk_on,neutral,0.0,1.0,8.903997095417704e-92,2017-06-01,2006-07-17,2017-05-31,2738.0,neutral
2017-06-15,risk_on,neutral,0.0,1.0,7.137151137735159e-85,2017-06-01,2006-07-17,2017-05-31,2738.0,neutral
2017-06-16,risk_on,neutral,0.0,1.0,5.183466860756377e-84,2017-06-01,2006-07-17,2017-05-31,2738.0,neutral
2017-06-19,risk_on,neutral,0.0,1.0,3.7983377360050996e-86,2017-06-01,2006-07-17,2017-05-31,2738.0,neutral
2017-06-20,risk_on,neutral,0.0,1.0,3.737524458554419e-83,2017-06-01,2006-07-17,2017-05-31,2738.0,neutral
2017-06-21,risk_on,neutral,0.0,1.0,8.085214301146909e-86,2017-06-01,2006-07-17,2017-05-31,2738.0,neutral
2017-06-22,risk_on,neutral,0.0,1.0,1.7965553718749527e-86,2017-06-01,2006-07-17,2017-05-31,2738.0,neutral
2017-06-23,risk_on,neutral,0.0,1.0,1.684369053343694e-85,2017-06-01,2006-07-17,2017-05-31,2738.0,neutral
2017-06-26,risk_on,neutral,0.0,1.0,1.703538140995487e-92,2017-06-01,2006-07-17,2017-05-31,2738.0,neutral
2017-06-27,risk_on,neutral,0.0,1.0,9.301338800996905e-95,2017-06-01,2006-07-17,2017-05-31,2738.0,neutral
2017-06-28,risk_on,neutral,0.0,1.0,2.2132564730150627e-92,2017-06-01,2006-07-17,2017-05-31,2738.0,neutral
2017-06-29,risk_on,neutral,0.0,1.0,5.257664011318355e-88,2017-06-01,2006-07-17,2017-05-31,2738.0,neutral
2017-06-30,risk_on,neutral,0.0,1.0,2.565819048241103e-85,2017-06-01,2006-07-17,2017-05-31,2738.0,neutral
2017-07-03,risk_on,risk_on,0.0,3.373598975654684e-207,1.0,2017-07-03,2006-07-17,2017-06-30,2760.0,neutral
2017-07-05,risk_on,risk_on,0.0,4.8456757532678766e-204,1.0,2017-07-03,2006-07-17,2017-06-30,2760.0,risk_on
2017-07-06,risk_on,risk_on,0.0,6.796096284750598e-208,1.0,2017-07-03,2006-07-17,2017-06-30,2760.0,risk_on
2017-07-07,risk_on,risk_on,0.0,4.1038852033386115e-203,1.0,2017-07-03,2006-07-17,2017-06-30,2760.0,risk_on
2017-07-10,risk_on,risk_on,0.0,1.6085725168135042e-209,1.0,2017-07-03,2006-07-17,2017-06-30,2760.0,risk_on
2017-07-11,risk_on,risk_on,0.0,3.7429057539914354e-210,1.0,2017-07-03,2006-07-17,2017-06-30,2760.0,risk_on
2017-07-12,risk_on,risk_on,0.0,6.412525567184735e-212,1.0,2017-07-03,2006-07-17,2017-06-30,2760.0,risk_on
2017-07-13,risk_on,risk_on,0.0,4.881510268550508e-214,1.0,2017-07-03,2006-07-17,2017-06-30,2760.0,risk_on
2017-07-14,risk_on,risk_on,0.0,3.9779176096545544e-217,1.0,2017-07-03,2006-07-17,2017-06-30,2760.0,risk_on
2017-07-17,risk_on,risk_on,0.0,7.021544522294775e-215,1.0,2017-07-03,2006-07-17,2017-06-30,2760.0,risk_on
2017-07-18,risk_on,risk_on,0.0,3.8297790727447853e-215,1.0,2017-07-03,2006-07-17,2017-06-30,2760.0,risk_on
2017-07-19,risk_on,risk_on,0.0,3.6506918679118862e-214,1.0,2017-07-03,2006-07-17,2017-06-30,2760.0,risk_on
2017-07-20,risk_on,risk_on,0.0,3.836597274017668e-217,1.0,2017-07-03,2006-07-17,2017-06-30,2760.0,risk_on
2017-07-21,risk_on,risk_on,0.0,1.6558714407713997e-218,1.0,2017-07-03,2006-07-17,2017-06-30,2760.0,risk_on
2017-07-24,risk_on,risk_on,0.0,4.195057832435645e-213,1.0,2017-07-03,2006-07-17,2017-06-30,2760.0,risk_on
2017-07-25,risk_on,risk_on,0.0,1.0465921855567324e-215,1.0,2017-07-03,2006-07-17,2017-06-30,2760.0,risk_on
2017-07-26,risk_on,risk_on,0.0,4.593267642700927e-224,1.0,2017-07-03,2006-07-17,2017-06-30,2760.0,risk_on
2017-07-27,risk_on,risk_on,0.0,9.242314460642936e-216,1.0,2017-07-03,2006-07-17,2017-06-30,2760.0,risk_on
2017-07-28,risk_on,risk_on,0.0,1.438115941023641e-219,1.0,2017-07-03,2006-07-17,2017-06-30,2760.0,risk_on
2017-07-31,risk_on,risk_on,0.0,9.697240501175524e-221,1.0,2017-07-03,2006-07-17,2017-06-30,2760.0,risk_on
2017-08-01,risk_on,risk_on,0.0,1.2712186014183474e-172,1.0,2017-08-01,2006-07-17,2017-07-31,2780.0,risk_on
2017-08-02,risk_on,risk_on,0.0,7.37449683394249e-179,1.0,2017-08-01,2006-07-17,2017-07-31,2780.0,risk_on
2017-08-03,risk_on,risk_on,0.0,9.621135288206033e-183,1.0,2017-08-01,2006-07-17,2017-07-31,2780.0,risk_on
2017-08-04,risk_on,risk_on,0.0,3.4524754549313414e-186,1.0,2017-08-01,2006-07-17,2017-07-31,2780.0,risk_on
2017-08-07,risk_on,risk_on,0.0,1.235480367483843e-190,1.0,2017-08-01,2006-07-17,2017-07-31,2780.0,risk_on
2017-08-08,risk_on,risk_on,0.0,2.0333559021637237e-191,1.0,2017-08-01,2006-07-17,2017-07-31,2780.0,risk_on
2017-08-09,risk_on,risk_on,0.0,3.6561907141276587e-183,1.0,2017-08-01,2006-07-17,2017-07-31,2780.0,risk_on
2017-08-10,risk_on,risk_on,0.0,1.9383381631886124e-166,1.0,2017-08-01,2006-07-17,2017-07-31,2780.0,risk_on
2017-08-11,risk_on,risk_on,0.0,2.320837010641927e-168,1.0,2017-08-01,2006-07-17,2017-07-31,2780.0,risk_on
2017-08-14,risk_on,risk_on,0.0,2.245173782862071e-171,1.0,2017-08-01,2006-07-17,2017-07-31,2780.0,risk_on
2017-08-15,risk_on,risk_on,0.0,2.699221766235566e-201,1.0,2017-08-01,2006-07-17,2017-07-31,2780.0,risk_on
2017-08-16,risk_on,risk_on,0.0,5.098282728169423e-205,1.0,2017-08-01,2006-07-17,2017-07-31,2780.0,risk_on
2017-08-17,risk_on,risk_on,0.0,2.0829697916712848e-204,1.0,2017-08-01,2006-07-17,2017-07-31,2780.0,risk_on
2017-08-18,risk_on,risk_on,0.0,5.015189822509507e-211,1.0,2017-08-01,2006-07-17,2017-07-31,2780.0,risk_on
2017-08-21,risk_on,risk_on,0.0,2.7295569520799004e-216,1.0,2017-08-01,2006-07-17,2017-07-31,2780.0,risk_on
2017-08-22,risk_on,risk_on,0.0,4.527917355750847e-221,1.0,2017-08-01,2006-07-17,2017-07-31,2780.0,risk_on
2017-08-23,risk_on,risk_on,0.0,5.740184163329984e-220,1.0,2017-08-01,2006-07-17,2017-07-31,2780.0,risk_on
2017-08-24,risk_on,risk_on,0.0,4.0918197533734776e-227,1.0,2017-08-01,2006-07-17,2017-07-31,2780.0,risk_on
2017-08-25,risk_on,risk_on,0.0,2.5365036912843182e-226,1.0,2017-08-01,2006-07-17,2017-07-31,2780.0,risk_on
2017-08-28,risk_on,risk_on,0.0,7.505267145660903e-228,1.0,2017-08-01,2006-07-17,2017-07-31,2780.0,risk_on
2017-08-29,risk_on,risk_on,0.0,1.5343295394217548e-229,1.0,2017-08-01,2006-07-17,2017-07-31,2780.0,risk_on
2017-08-30,risk_on,risk_on,0.0,1.862932889613489e-229,1.0,2017-08-01,2006-07-17,2017-07-31,2780.0,risk_on
2017-08-31,risk_on,risk_on,0.0,1.0197781157965618e-227,1.0,2017-08-01,2006-07-17,2017-07-31,2780.0,risk_on
2017-09-01,risk_on,risk_on,1.5488223956272027e-63,4.52782622759695e-176,1.0,2017-09-01,2006-07-17,2017-08-31,2803.0,risk_on
2017-09-05,risk_on,risk_on,2.8926089647020055e-63,3.282847141611834e-179,1.0,2017-09-01,2006-07-17,2017-08-31,2803.0,risk_on
2017-09-06,risk_on,risk_on,1.8008693486589072e-62,6.202570206337728e-179,1.0,2017-09-01,2006-07-17,2017-08-31,2803.0,risk_on
2017-09-07,risk_on,risk_on,1.1711435180882839e-62,5.5594851098276755e-183,1.0,2017-09-01,2006-07-17,2017-08-31,2803.0,risk_on
2017-09-08,risk_on,risk_on,1.6006381161683054e-65,3.855840859394868e-181,1.0,2017-09-01,2006-07-17,2017-08-31,2803.0,risk_on
2017-09-11,risk_on,risk_on,8.487154514954193e-66,2.655995198814904e-177,1.0,2017-09-01,2006-07-17,2017-08-31,2803.0,risk_on
2017-09-12,risk_on,risk_on,4.702895220674623e-64,8.374781017195155e-172,1.0,2017-09-01,2006-07-17,2017-08-31,2803.0,risk_on
2017-09-13,risk_on,risk_on,1.8873664699776598e-61,2.991909810699857e-168,1.0,2017-09-01,2006-07-17,2017-08-31,2803.0,risk_on
2017-09-14,risk_on,risk_on,5.669347107048322e-62,1.7350177953648958e-169,1.0,2017-09-01,2006-07-17,2017-08-31,2803.0,risk_on
2017-09-15,risk_on,risk_on,2.3560783983577745e-63,1.004006518307052e-178,1.0,2017-09-01,2006-07-17,2017-08-31,2803.0,risk_on
2017-09-18,risk_on,risk_on,5.155934930074104e-62,1.2900936388523228e-176,1.0,2017-09-01,2006-07-17,2017-08-31,2803.0,risk_on
2017-09-19,risk_on,risk_on,3.3111427864598996e-63,6.8988965904659075e-177,1.0,2017-09-01,2006-07-17,2017-08-31,2803.0,risk_on
2017-09-20,risk_on,risk_on,3.362388708194122e-59,1.8345434837173474e-170,1.0,2017-09-01,2006-07-17,2017-08-31,2803.0,risk_on
2017-09-21,risk_on,risk_on,2.3099086749692014e-60,1.8012835736968936e-172,1.0,2017-09-01,2006-07-17,2017-08-31,2803.0,risk_on
2017-09-22,risk_on,risk_on,6.447019119611086e-60,1.6381900143217342e-169,1.0,2017-09-01,2006-07-17,2017-08-31,2803.0,risk_on
2017-09-25,risk_on,risk_on,3.661288798083604e-59,2.0865361910902213e-164,1.0,2017-09-01,2006-07-17,2017-08-31,2803.0,risk_on
2017-09-26,risk_on,risk_on,1.1051733396897993e-60,2.5052661799114625e-170,1.0,2017-09-01,2006-07-17,2017-08-31,2803.0,risk_on
2017-09-27,risk_on,risk_on,1.3217113100875128e-58,6.675871571255258e-165,1.0,2017-09-01,2006-07-17,2017-08-31,2803.0,risk_on
2017-09-28,risk_on,risk_on,1.3951884335898225e-63,1.636502329004424e-169,1.0,2017-09-01,2006-07-17,2017-08-31,2803.0,risk_on
2017-09-29,risk_on,risk_on,3.0567847668163974e-63,5.856448620792713e-169,1.0,2017-09-01,2006-07-17,2017-08-31,2803.0,risk_on
2017-10-02,risk_on,neutral,0.0,1.0,2.164427399003362e-17,2017-10-02,2006-07-17,2017-09-29,2823.0,risk_on
2017-10-03,risk_on,neutral,0.0,1.0,1.5017297278677657e-19,2017-10-02,2006-07-17,2017-09-29,2823.0,neutral
2017-10-04,risk_on,neutral,0.0,1.0,2.7223473880496426e-19,2017-10-02,2006-07-17,2017-09-29,2823.0,neutral
2017-10-05,risk_on,neutral,0.0,1.0,1.6103553538906054e-19,2017-10-02,2006-07-17,2017-09-29,2823.0,neutral
2017-10-06,risk_on,neutral,0.0,1.0,3.886438528220485e-20,2017-10-02,2006-07-17,2017-09-29,2823.0,neutral
2017-10-09,risk_on,neutral,0.0,1.0,6.05334106851692e-19,2017-10-02,2006-07-17,2017-09-29,2823.0,neutral
2017-10-10,risk_on,neutral,0.0,1.0,1.3719072914021166e-20,2017-10-02,2006-07-17,2017-09-29,2823.0,neutral
2017-10-11,risk_on,neutral,0.0,1.0,4.677642335317423e-21,2017-10-02,2006-07-17,2017-09-29,2823.0,neutral
2017-10-12,risk_on,neutral,0.0,1.0,2.285705077226536e-21,2017-10-02,2006-07-17,2017-09-29,2823.0,neutral
2017-10-13,risk_on,neutral,0.0,1.0,1.3550555711971346e-22,2017-10-02,2006-07-17,2017-09-29,2823.0,neutral
2017-10-16,risk_on,neutral,0.0,1.0,2.8011264429525785e-20,2017-10-02,2006-07-17,2017-09-29,2823.0,neutral
2017-10-17,risk_on,neutral,0.0,1.0,5.126466976860703e-20,2017-10-02,2006-07-17,2017-09-29,2823.0,neutral
2017-10-18,risk_on,neutral,0.0,1.0,1.952550123492477e-19,2017-10-02,2006-07-17,2017-09-29,2823.0,neutral
2017-10-19,risk_on,neutral,0.0,1.0,3.534895049033055e-19,2017-10-02,2006-07-17,2017-09-29,2823.0,neutral
2017-10-20,risk_on,neutral,0.0,1.0,7.114301605695111e-17,2017-10-02,2006-07-17,2017-09-29,2823.0,neutral
2017-10-23,risk_on,neutral,0.0,1.0,2.5576845635599807e-15,2017-10-02,2006-07-17,2017-09-29,2823.0,neutral
2017-10-24,risk_on,neutral,0.0,0.9999999999998863,1.1344535561068672e-13,2017-10-02,2006-07-17,2017-09-29,2823.0,neutral
2017-10-25,risk_on,neutral,0.0,0.9999999999999858,1.0859683706643047e-14,2017-10-02,2006-07-17,2017-09-29,2823.0,neutral
2017-10-26,risk_on,neutral,0.0,0.9999999997733013,2.2669545629796373e-10,2017-10-02,2006-07-17,2017-09-29,2823.0,neutral
2017-10-27,risk_on,neutral,0.0,0.9999999998166871,1.8331086021461735e-10,2017-10-02,2006-07-17,2017-09-29,2823.0,neutral
2017-10-30,risk_on,neutral,0.0,0.9999999999959712,4.025543937884453e-12,2017-10-02,2006-07-17,2017-09-29,2823.0,neutral
2017-10-31,risk_on,neutral,0.0,0.9999999999988347,1.1678046852387625e-12,2017-10-02,2006-07-17,2017-09-29,2823.0,neutral
2017-11-01,risk_on,risk_on,6.5142874585989874e-142,8.194495186918706e-93,1.0,2017-11-01,2006-07-17,2017-10-31,2845.0,neutral
2017-11-02,risk_on,risk_on,7.744532969776972e-145,1.4167188985102264e-92,1.0,2017-11-01,2006-07-17,2017-10-31,2845.0,risk_on
2017-11-03,risk_on,risk_on,1.2932681145905094e-141,1.0097364388076803e-88,1.0,2017-11-01,2006-07-17,2017-10-31,2845.0,risk_on
2017-11-06,risk_on,risk_on,9.041595275011526e-145,6.395747204714721e-89,1.0,2017-11-01,2006-07-17,2017-10-31,2845.0,risk_on
2017-11-07,risk_on,risk_on,6.092879076278699e-140,1.731446369219233e-91,1.0,2017-11-01,2006-07-17,2017-10-31,2845.0,risk_on
2017-11-08,risk_on,risk_on,7.02853979517217e-142,2.3858638548632724e-90,1.0,2017-11-01,2006-07-17,2017-10-31,2845.0,risk_on
2017-11-09,risk_on,risk_on,1.6857821702825705e-139,2.515127818589969e-94,1.0,2017-11-01,2006-07-17,2017-10-31,2845.0,risk_on
2017-11-10,risk_on,risk_on,1.005002482260988e-138,1.2808215372866866e-96,1.0,2017-11-01,2006-07-17,2017-10-31,2845.0,risk_on
2017-11-13,risk_on,risk_on,2.0568863556823436e-140,1.847139820504023e-99,1.0,2017-11-01,2006-07-17,2017-10-31,2845.0,risk_on
2017-11-14,risk_on,risk_on,2.9564718010549967e-137,1.0736611034506299e-98,1.0,2017-11-01,2006-07-17,2017-10-31,2845.0,risk_on
2017-11-15,risk_on,risk_on,7.262651116801133e-148,5.177594221201565e-106,1.0,2017-11-01,2006-07-17,2017-10-31,2845.0,risk_on
2017-11-16,risk_on,risk_on,7.956585539694284e-144,1.1922895315204034e-101,1.0,2017-11-01,2006-07-17,2017-10-31,2845.0,risk_on
2017-11-17,risk_on,risk_on,3.7706107351359027e-143,1.7194408922482704e-98,1.0,2017-11-01,2006-07-17,2017-10-31,2845.0,risk_on
2017-11-20,risk_on,risk_on,2.3002924137832277e-143,9.741953717255634e-99,1.0,2017-11-01,2006-07-17,2017-10-31,2845.0,risk_on
2017-11-21,risk_on,risk_on,2.3292811144309327e-139,5.14525129677397e-97,1.0,2017-11-01,2006-07-17,2017-10-31,2845.0,risk_on
2017-11-22,risk_on,risk_on,4.36655430544051e-142,7.733211826791404e-100,1.0,2017-11-01,2006-07-17,2017-10-31,2845.0,risk_on
2017-11-24,risk_on,risk_on,4.364741280079079e-139,7.301864688134419e-99,1.0,2017-11-01,2006-07-17,2017-10-31,2845.0,risk_on
2017-11-27,risk_on,risk_on,1.2125229259428433e-137,1.1910104175835034e-99,1.0,2017-11-01,2006-07-17,2017-10-31,2845.0,risk_on
2017-11-28,risk_on,risk_on,1.2068703786795929e-144,2.3259412773387702e-101,1.0,2017-11-01,2006-07-17,2017-10-31,2845.0,risk_on
2017-11-29,risk_on,risk_on,2.2251309039967904e-143,8.592400307440057e-106,1.0,2017-11-01,2006-07-17,2017-10-31,2845.0,risk_on
2017-11-30,risk_on,risk_on,2.6575351225339615e-141,1.921136585559419e-107,1.0,2017-11-01,2006-07-17,2017-10-31,2845.0,risk_on
2017-12-01,risk_on,risk_on,0.0,5.04735832893826e-187,1.0,2017-12-01,2006-07-17,2017-11-30,2866.0,risk_on
2017-12-04,risk_on,risk_on,0.0,2.3224285407664194e-192,1.0,2017-12-01,2006-07-17,2017-11-30,2866.0,risk_on
2017-12-05,risk_on,risk_on,0.0,3.528980828614102e-186,1.0,2017-12-01,2006-07-17,2017-11-30,2866.0,risk_on
2017-12-06,risk_on,risk_on,0.0,2.4638591142380323e-183,1.0,2017-12-01,2006-07-17,2017-11-30,2866.0,risk_on
2017-12-07,risk_on,risk_on,0.0,5.327836899577791e-178,1.0,2017-12-01,2006-07-17,2017-11-30,2866.0,risk_on
2017-12-08,risk_on,risk_on,0.0,1.6646700244829635e-177,1.0,2017-12-01,2006-07-17,2017-11-30,2866.0,risk_on
2017-12-11,risk_on,risk_on,0.0,2.7810372000408138e-179,1.0,2017-12-01,2006-07-17,2017-11-30,2866.0,risk_on
2017-12-12,risk_on,risk_on,0.0,1.2306134542965743e-182,1.0,2017-12-01,2006-07-17,2017-11-30,2866.0,risk_on
2017-12-13,risk_on,risk_on,0.0,4.379239231668965e-182,1.0,2017-12-01,2006-07-17,2017-11-30,2866.0,risk_on
2017-12-14,risk_on,risk_on,0.0,9.683041338650178e-187,1.0,2017-12-01,2006-07-17,2017-11-30,2866.0,risk_on
2017-12-15,risk_on,risk_on,0.0,4.3197458337119036e-185,1.0,2017-12-01,2006-07-17,2017-11-30,2866.0,risk_on
2017-12-18,risk_on,risk_on,0.0,1.7816551428721127e-185,1.0,2017-12-01,2006-07-17,2017-11-30,2866.0,risk_on
2017-12-19,risk_on,risk_on,0.0,6.634752029555887e-185,1.0,2017-12-01,2006-07-17,2017-11-30,2866.0,risk_on
2017-12-20,risk_on,risk_on,0.0,5.68103323342058e-184,1.0,2017-12-01,2006-07-17,2017-11-30,2866.0,risk_on
2017-12-21,risk_on,risk_on,0.0,2.2393485023026413e-187,1.0,2017-12-01,2006-07-17,2017-11-30,2866.0,risk_on
2017-12-22,risk_on,risk_on,0.0,2.104746074631735e-195,1.0,2017-12-01,2006-07-17,2017-11-30,2866.0,risk_on
2017-12-26,risk_on,risk_on,0.0,1.7105968874232612e-196,1.0,2017-12-01,2006-07-17,2017-11-30,2866.0,risk_on
2017-12-27,risk_on,risk_on,0.0,2.1273833891891348e-198,1.0,2017-12-01,2006-07-17,2017-11-30,2866.0,risk_on
2017-12-28,risk_on,risk_on,0.0,8.747520108354758e-205,1.0,2017-12-01,2006-07-17,2017-11-30,2866.0,risk_on
2017-12-29,risk_on,risk_on,0.0,2.458971094125275e-206,1.0,2017-12-01,2006-07-17,2017-11-30,2866.0,risk_on
2018-01-02,risk_on,risk_on,5.720773991456103e-168,9.902780667581477e-51,1.0,2018-01-02,2006-07-17,2017-12-29,2886.0,risk_on
2018-01-03,risk_on,risk_on,2.596264519240865e-161,9.467215289166333e-49,1.0,2018-01-02,2006-07-17,2017-12-29,2886.0,risk_on
2018-01-04,risk_on,risk_on,3.9637992219645256e-159,3.592151038495798e-48,1.0,2018-01-02,2006-07-17,2017-12-29,2886.0,risk_on
2018-01-05,risk_on,risk_on,4.764181764695118e-155,4.305557377326239e-49,1.0,2018-01-02,2006-07-17,2017-12-29,2886.0,risk_on
2018-01-08,risk_on,risk_on,2.01500144826932e-155,1.2762260090297034e-50,1.0,2018-01-02,2006-07-17,2017-12-29,2886.0,risk_on
2018-01-09,risk_on,risk_on,6.253345320584265e-157,3.887066045048773e-52,1.0,2018-01-02,2006-07-17,2017-12-29,2886.0,risk_on
2018-01-10,risk_on,risk_on,1.444755518125959e-155,6.5392916179820625e-52,1.0,2018-01-02,2006-07-17,2017-12-29,2886.0,risk_on
2018-01-11,risk_on,risk_on,2.98572381218406e-151,2.5132082698709697e-53,1.0,2018-01-02,2006-07-17,2017-12-29,2886.0,risk_on
2018-01-12,risk_on,risk_on,4.457477857686884e-148,5.754971688002216e-54,1.0,2018-01-02,2006-07-17,2017-12-29,2886.0,risk_on
2018-01-16,risk_on,risk_on,1.0132622733948574e-147,7.87430574728918e-50,1.0,2018-01-02,2006-07-17,2017-12-29,2886.0,risk_on
2018-01-17,risk_on,risk_on,1.3243100503297521e-142,6.580367594111064e-50,1.0,2018-01-02,2006-07-17,2017-12-29,2886.0,risk_on
2018-01-18,risk_on,risk_on,4.0321357456164295e-143,2.5218461218777266e-49,1.0,2018-01-02,2006-07-17,2017-12-29,2886.0,risk_on
2018-01-19,risk_on,risk_on,5.148246980008425e-143,7.444745094970263e-49,1.0,2018-01-02,2006-07-17,2017-12-29,2886.0,risk_on
2018-01-22,risk_on,risk_on,6.8010888055911355e-137,5.238612418388145e-49,1.0,2018-01-02,2006-07-17,2017-12-29,2886.0,risk_on
2018-01-23,risk_on,risk_on,7.35285575756153e-133,4.95119268178085e-47,1.0,2018-01-02,2006-07-17,2017-12-29,2886.0,risk_on
2018-01-24,risk_on,risk_on,9.039776352478695e-135,9.504282866115201e-48,1.0,2018-01-02,2006-07-17,2017-12-29,2886.0,risk_on
2018-01-25,risk_on,risk_on,4.3413819844885185e-134,2.9708950234610493e-48,1.0,2018-01-02,2006-07-17,2017-12-29,2886.0,risk_on
2018-01-26,risk_on,risk_on,1.1908376498673319e-127,3.884044512489054e-47,1.0,2018-01-02,2006-07-17,2017-12-29,2886.0,risk_on
2018-01-29,risk_on,risk_on,2.375776440044401e-128,3.647219784065964e-45,1.0,2018-01-02,2006-07-17,2017-12-29,2886.0,risk_on
2018-01-30,risk_on,risk_on,4.3113412512901194e-134,1.3338872777343744e-47,1.0,2018-01-02,2006-07-17,2017-12-29,2886.0,risk_on
2018-01-31,risk_on,risk_on,2.0037329507272402e-143,1.77095046779696e-51,1.0,2018-01-02,2006-07-17,2017-12-29,2886.0,risk_on
2018-02-01,risk_on,risk_on,0.0,6.065073586335237e-255,1.0,2018-02-01,2006-07-17,2018-01-31,2907.0,risk_on
2018-02-02,risk_on,risk_on,0.0,5.296226053816253e-271,1.0,2018-02-01,2006-07-17,2018-01-31,2907.0,risk_on
2018-02-05,risk_on,risk_on,0.0,7.96394625182939e-274,1.0,2018-02-01,2006-07-17,2018-01-31,2907.0,risk_on
2018-02-06,risk_on,risk_on,0.0,5.346199607397063e-278,1.0,2018-02-01,2006-07-17,2018-01-31,2907.0,risk_on
2018-02-07,risk_on,risk_on,0.0,1.6315887851085871e-279,1.0,2018-02-01,2006-07-17,2018-01-31,2907.0,risk_on
2018-02-08,risk_on,risk_on,0.0,4.1424239829510627e-299,1.0,2018-02-01,2006-07-17,2018-01-31,2907.0,risk_on
2018-02-09,risk_on,risk_on,0.0,1.7334199968668296e-286,1.0,2018-02-01,2006-07-17,2018-01-31,2907.0,risk_on
2018-02-12,risk_on,risk_on,0.0,3.573884412486841e-276,1.0,2018-02-01,2006-07-17,2018-01-31,2907.0,risk_on
2018-02-13,risk_on,risk_on,0.0,4.713798247270035e-273,1.0,2018-02-01,2006-07-17,2018-01-31,2907.0,risk_on
2018-02-14,risk_on,risk_on,0.0,3.326805454226079e-269,1.0,2018-02-01,2006-07-17,2018-01-31,2907.0,risk_on
2018-02-15,risk_on,risk_on,0.0,3.339620084665536e-292,1.0,2018-02-01,2006-07-17,2018-01-31,2907.0,risk_on
2018-02-16,risk_on,risk_on,0.0,4.4456457476361964e-293,1.0,2018-02-01,2006-07-17,2018-01-31,2907.0,risk_on
2018-02-20,risk_on,risk_on,0.0,9.399631017111638e-294,1.0,2018-02-01,2006-07-17,2018-01-31,2907.0,risk_on
2018-02-21,risk_on,risk_on,0.0,3.548929758752376e-298,1.0,2018-02-01,2006-07-17,2018-01-31,2907.0,risk_on
2018-02-22,risk_on,risk_on,0.0,1.4915344642870402e-303,1.0,2018-02-01,2006-07-17,2018-01-31,2907.0,risk_on
2018-02-23,risk_on,risk_on,0.0,2.0083447008517134e-291,1.0,2018-02-01,2006-07-17,2018-01-31,2907.0,risk_on
2018-02-26,risk_on,risk_on,0.0,7.059620152023542e-278,1.0,2018-02-01,2006-07-17,2018-01-31,2907.0,risk_on
2018-02-27,risk_on,risk_on,0.0,7.103198636553461e-285,1.0,2018-02-01,2006-07-17,2018-01-31,2907.0,risk_on
2018-02-28,risk_on,risk_on,0.0,4.847859373287556e-296,1.0,2018-02-01,2006-07-17,2018-01-31,2907.0,risk_on
2018-03-01,risk_on,risk_on,1.9333913026905042e-100,0.0,1.0,2018-03-01,2006-07-17,2018-02-28,2926.0,risk_on
2018-03-02,risk_on,risk_on,5.622749608510114e-103,0.0,1.0,2018-03-01,2006-07-17,2018-02-28,2926.0,risk_on
2018-03-05,risk_on,risk_on,1.6507240159732595e-101,0.0,1.0,2018-03-01,2006-07-17,2018-02-28,2926.0,risk_on
2018-03-06,risk_on,risk_on,5.265639304778356e-100,0.0,1.0,2018-03-01,2006-07-17,2018-02-28,2926.0,risk_on
2018-03-07,risk_on,risk_on,1.170764403049876e-105,0.0,1.0,2018-03-01,2006-07-17,2018-02-28,2926.0,risk_on
2018-03-08,risk_on,risk_on,1.6049293399932498e-105,0.0,1.0,2018-03-01,2006-07-17,2018-02-28,2926.0,risk_on
2018-03-09,risk_on,risk_on,2.1488238324837466e-108,0.0,1.0,2018-03-01,2006-07-17,2018-02-28,2926.0,risk_on
2018-03-12,risk_on,risk_on,8.41406971790213e-115,0.0,1.0,2018-03-01,2006-07-17,2018-02-28,2926.0,risk_on
2018-03-13,risk_on,risk_on,8.426931273154958e-117,0.0,1.0,2018-03-01,2006-07-17,2018-02-28,2926.0,risk_on
2018-03-14,risk_on,risk_on,4.776297847141126e-120,0.0,1.0,2018-03-01,2006-07-17,2018-02-28,2926.0,risk_on
2018-03-15,risk_on,risk_on,8.078524271791569e-122,0.0,1.0,2018-03-01,2006-07-17,2018-02-28,2926.0,risk_on
2018-03-16,risk_on,risk_on,8.627271481036286e-120,0.0,1.0,2018-03-01,2006-07-17,2018-02-28,2926.0,risk_on
2018-03-19,risk_on,risk_on,6.87561314230377e-122,0.0,1.0,2018-03-01,2006-07-17,2018-02-28,2926.0,risk_on
2018-03-20,risk_on,risk_on,2.8132180142813605e-118,0.0,1.0,2018-03-01,2006-07-17,2018-02-28,2926.0,risk_on
2018-03-21,risk_on,risk_on,3.7502262339735543e-119,0.0,1.0,2018-03-01,2006-07-17,2018-02-28,2926.0,risk_on
2018-03-22,risk_on,risk_on,1.5102152881516492e-124,0.0,1.0,2018-03-01,2006-07-17,2018-02-28,2926.0,risk_on
2018-03-23,risk_on,risk_on,3.508113015731395e-124,0.0,1.0,2018-03-01,2006-07-17,2018-02-28,2926.0,risk_on
2018-03-26,risk_on,risk_on,1.2192462302681932e-119,0.0,1.0,2018-03-01,2006-07-17,2018-02-28,2926.0,risk_on
2018-03-27,risk_on,risk_on,9.034285507387621e-123,0.0,1.0,2018-03-01,2006-07-17,2018-02-28,2926.0,risk_on
2018-03-28,risk_on,risk_on,2.5554998891095535e-122,0.0,1.0,2018-03-01,2006-07-17,2018-02-28,2926.0,risk_on
2018-03-29,risk_on,risk_on,4.741067682412187e-121,0.0,1.0,2018-03-01,2006-07-17,2018-02-28,2926.0,risk_on
2018-04-02,risk_on,risk_on,8.304652571519449e-227,0.0,1.0,2018-04-02,2006-07-17,2018-03-29,2947.0,risk_on
2018-04-03,risk_on,risk_on,5.921793807005059e-217,0.0,1.0,2018-04-02,2006-07-17,2018-03-29,2947.0,risk_on
2018-04-04,risk_on,risk_on,2.5585618149122645e-206,0.0,1.0,2018-04-02,2006-07-17,2018-03-29,2947.0,risk_on
2018-04-05,risk_on,risk_on,1.8942018549001222e-202,0.0,1.0,2018-04-02,2006-07-17,2018-03-29,2947.0,risk_on
2018-04-06,risk_on,risk_on,7.018294889667108e-210,0.0,1.0,2018-04-02,2006-07-17,2018-03-29,2947.0,risk_on
2018-04-09,risk_on,risk_on,1.0547481673756399e-206,0.0,1.0,2018-04-02,2006-07-17,2018-03-29,2947.0,risk_on
2018-04-10,risk_on,risk_on,5.40255011584068e-205,0.0,1.0,2018-04-02,2006-07-17,2018-03-29,2947.0,risk_on
2018-04-11,risk_on,risk_on,6.605618098918792e-203,0.0,1.0,2018-04-02,2006-07-17,2018-03-29,2947.0,risk_on
2018-04-12,risk_on,risk_on,7.281302730461839e-199,0.0,1.0,2018-04-02,2006-07-17,2018-03-29,2947.0,risk_on
2018-04-13,risk_on,risk_on,2.659844622304061e-202,0.0,1.0,2018-04-02,2006-07-17,2018-03-29,2947.0,risk_on
2018-04-16,risk_on,risk_on,3.5326452004283284e-197,0.0,1.0,2018-04-02,2006-07-17,2018-03-29,2947.0,risk_on
2018-04-17,risk_on,risk_on,5.556666767010077e-194,0.0,1.0,2018-04-02,2006-07-17,2018-03-29,2947.0,risk_on
2018-04-18,risk_on,risk_on,1.1986749870452728e-189,0.0,1.0,2018-04-02,2006-07-17,2018-03-29,2947.0,risk_on
2018-04-19,risk_on,risk_on,4.901550529324456e-187,0.0,1.0,2018-04-02,2006-07-17,2018-03-29,2947.0,risk_on
2018-04-20,risk_on,risk_on,1.5854567529637918e-185,0.0,1.0,2018-04-02,2006-07-17,2018-03-29,2947.0,risk_on
2018-04-23,risk_on,risk_on,3.872529089937038e-179,0.0,1.0,2018-04-02,2006-07-17,2018-03-29,2947.0,risk_on
2018-04-24,risk_on,risk_on,3.3002537000794534e-184,0.0,1.0,2018-04-02,2006-07-17,2018-03-29,2947.0,risk_on
2018-04-25,risk_on,risk_on,1.4270153806655735e-166,0.0,1.0,2018-04-02,2006-07-17,2018-03-29,2947.0,risk_on
2018-04-26,risk_on,risk_on,7.604115096271226e-164,0.0,1.0,2018-04-02,2006-07-17,2018-03-29,2947.0,risk_on
2018-04-27,risk_on,risk_on,5.120310383700968e-160,0.0,1.0,2018-04-02,2006-07-17,2018-03-29,2947.0,risk_on
2018-04-30,risk_on,risk_on,6.427417146193877e-163,0.0,1.0,2018-04-02,2006-07-17,2018-03-29,2947.0,risk_on
2018-05-01,risk_on,neutral,2.690043329836971e-156,1.0,3.432670383849555e-20,2018-05-01,2006-07-17,2018-04-30,2968.0,risk_on
2018-05-02,risk_on,neutral,5.316629943436988e-161,1.0,2.0589445292484648e-20,2018-05-01,2006-07-17,2018-04-30,2968.0,neutral
2018-05-03,risk_on,neutral,2.687342599427445e-165,1.0,2.8738668832891674e-19,2018-05-01,2006-07-17,2018-04-30,2968.0,neutral
2018-05-04,risk_on,neutral,8.970863176203181e-160,1.0,2.607300966169085e-22,2018-05-01,2006-07-17,2018-04-30,2968.0,neutral
2018-05-07,risk_on,neutral,6.82480190675349e-158,1.0,1.9516081634889374e-22,2018-05-01,2006-07-17,2018-04-30,2968.0,neutral
2018-05-08,risk_on,neutral,6.029813999187005e-152,1.0,3.1658735560574093e-23,2018-05-01,2006-07-17,2018-04-30,2968.0,neutral
2018-05-09,risk_on,neutral,3.005020778352118e-147,1.0,4.5278859721228206e-23,2018-05-01,2006-07-17,2018-04-30,2968.0,neutral
2018-05-10,risk_on,neutral,6.018669600062605e-153,1.0,4.306064829955944e-24,2018-05-01,2006-07-17,2018-04-30,2968.0,neutral
2018-05-11,risk_on,neutral,2.4133941378618223e-151,1.0,1.692484980493595e-23,2018-05-01,2006-07-17,2018-04-30,2968.0,neutral
2018-05-14,risk_on,neutral,1.0093426687473162e-152,1.0,1.0221358387797945e-24,2018-05-01,2006-07-17,2018-04-30,2968.0,neutral
2018-05-15,risk_on,neutral,4.919647281309642e-154,1.0,4.259629266889174e-25,2018-05-01,2006-07-17,2018-04-30,2968.0,neutral
2018-05-16,risk_on,neutral,1.3133103185852424e-160,1.0,1.89774666525916e-25,2018-05-01,2006-07-17,2018-04-30,2968.0,neutral
2018-05-17,risk_on,neutral,2.669630416277829e-162,1.0,9.963633573811937e-24,2018-05-01,2006-07-17,2018-04-30,2968.0,neutral
2018-05-18,risk_on,neutral,5.738227545699519e-166,1.0,6.840433330244021e-24,2018-05-01,2006-07-17,2018-04-30,2968.0,neutral
2018-05-21,risk_on,neutral,1.0440538838158833e-163,1.0,3.754836789973381e-24,2018-05-01,2006-07-17,2018-04-30,2968.0,neutral
2018-05-22,risk_on,neutral,1.2543014467284029e-169,1.0,3.744244625412548e-26,2018-05-01,2006-07-17,2018-04-30,2968.0,neutral
2018-05-23,risk_on,neutral,9.600179209022867e-166,1.0,3.1613718076787624e-24,2018-05-01,2006-07-17,2018-04-30,2968.0,neutral
2018-05-24,risk_on,neutral,6.003443427489403e-164,1.0,8.629426768775605e-25,2018-05-01,2006-07-17,2018-04-30,2968.0,neutral
2018-05-25,risk_on,neutral,6.764423491926157e-161,1.0,4.0896610602903945e-24,2018-05-01,2006-07-17,2018-04-30,2968.0,neutral
2018-05-29,risk_on,neutral,1.716879655511476e-170,1.0,9.398281285552249e-28,2018-05-01,2006-07-17,2018-04-30,2968.0,neutral
2018-05-30,risk_on,neutral,1.7020854649184093e-164,1.0,6.879305980710175e-27,2018-05-01,2006-07-17,2018-04-30,2968.0,neutral
2018-05-31,risk_on,neutral,3.8138526640485e-171,1.0,2.808279203534008e-27,2018-05-01,2006-07-17,2018-04-30,2968.0,neutral
2018-06-01,risk_on,risk_on,9.729684873833038e-199,0.0,1.0,2018-06-01,2006-07-17,2018-05-31,2990.0,neutral
2018-06-04,risk_on,risk_on,1.0334726228835703e-191,0.0,1.0,2018-06-01,2006-07-17,2018-05-31,2990.0,risk_on
2018-06-05,risk_on,risk_on,2.1641172497807174e-189,0.0,1.0,2018-06-01,2006-07-17,2018-05-31,2990.0,risk_on
2018-06-06,risk_on,risk_on,8.473544001106881e-185,0.0,1.0,2018-06-01,2006-07-17,2018-05-31,2990.0,risk_on
2018-06-07,risk_on,risk_on,4.490516626063914e-186,0.0,1.0,2018-06-01,2006-07-17,2018-05-31,2990.0,risk_on
2018-06-08,risk_on,risk_on,5.152469976127048e-178,0.0,1.0,2018-06-01,2006-07-17,2018-05-31,2990.0,risk_on
2018-06-11,risk_on,risk_on,1.9154773587524896e-178,0.0,1.0,2018-06-01,2006-07-17,2018-05-31,2990.0,risk_on
2018-06-12,risk_on,risk_on,8.90998923243417e-183,0.0,1.0,2018-06-01,2006-07-17,2018-05-31,2990.0,risk_on
2018-06-13,risk_on,risk_on,1.3867640592203931e-184,0.0,1.0,2018-06-01,2006-07-17,2018-05-31,2990.0,risk_on
2018-06-14,risk_on,risk_on,1.0063704457812543e-190,0.0,1.0,2018-06-01,2006-07-17,2018-05-31,2990.0,risk_on
2018-06-15,risk_on,risk_on,3.757299229895554e-189,0.0,1.0,2018-06-01,2006-07-17,2018-05-31,2990.0,risk_on
2018-06-18,risk_on,risk_on,1.5242672259317776e-198,0.0,1.0,2018-06-01,2006-07-17,2018-05-31,2990.0,risk_on
2018-06-19,risk_on,risk_on,3.209157846123934e-196,0.0,1.0,2018-06-01,2006-07-17,2018-05-31,2990.0,risk_on
2018-06-20,risk_on,risk_on,3.5478786178590395e-198,0.0,1.0,2018-06-01,2006-07-17,2018-05-31,2990.0,risk_on
2018-06-21,risk_on,risk_on,1.026222470418274e-207,0.0,1.0,2018-06-01,2006-07-17,2018-05-31,2990.0,risk_on
2018-06-22,risk_on,risk_on,1.4797309083274469e-211,0.0,1.0,2018-06-01,2006-07-17,2018-05-31,2990.0,risk_on
2018-06-25,risk_on,risk_on,2.245934941034105e-213,0.0,1.0,2018-06-01,2006-07-17,2018-05-31,2990.0,risk_on
2018-06-26,risk_on,risk_on,2.234830180562066e-218,0.0,1.0,2018-06-01,2006-07-17,2018-05-31,2990.0,risk_on
2018-06-27,risk_on,risk_on,6.756762990409458e-233,0.0,1.0,2018-06-01,2006-07-17,2018-05-31,2990.0,risk_on
2018-06-28,risk_on,risk_on,2.2315083029968177e-218,0.0,1.0,2018-06-01,2006-07-17,2018-05-31,2990.0,risk_on
2018-06-29,risk_on,risk_on,1.0667525307393631e-228,0.0,1.0,2018-06-01,2006-07-17,2018-05-31,2990.0,risk_on
2018-07-02,risk_on,risk_on,0.0,1.8164379122065094e-149,1.0,2018-07-02,2006-07-17,2018-06-29,3011.0,risk_on
2018-07-03,risk_on,risk_on,0.0,5.083551796199748e-147,1.0,2018-07-02,2006-07-17,2018-06-29,3011.0,risk_on
2018-07-05,risk_on,risk_on,0.0,2.0938558877606225e-143,1.0,2018-07-02,2006-07-17,2018-06-29,3011.0,risk_on
2018-07-06,risk_on,risk_on,0.0,4.04227914887781e-141,1.0,2018-07-02,2006-07-17,2018-06-29,3011.0,risk_on
2018-07-09,risk_on,risk_on,0.0,7.866914683044369e-139,1.0,2018-07-02,2006-07-17,2018-06-29,3011.0,risk_on
2018-07-10,risk_on,risk_on,0.0,1.3210488214469816e-140,1.0,2018-07-02,2006-07-17,2018-06-29,3011.0,risk_on
2018-07-11,risk_on,risk_on,0.0,1.17162357613852e-134,1.0,2018-07-02,2006-07-17,2018-06-29,3011.0,risk_on
2018-07-12,risk_on,risk_on,0.0,7.855484729066514e-140,1.0,2018-07-02,2006-07-17,2018-06-29,3011.0,risk_on
2018-07-13,risk_on,risk_on,0.0,3.51296373425821e-140,1.0,2018-07-02,2006-07-17,2018-06-29,3011.0,risk_on
2018-07-16,risk_on,risk_on,0.0,1.0056714215280053e-148,1.0,2018-07-02,2006-07-17,2018-06-29,3011.0,risk_on
2018-07-17,risk_on,risk_on,0.0,6.342449731286845e-153,1.0,2018-07-02,2006-07-17,2018-06-29,3011.0,risk_on
2018-07-18,risk_on,risk_on,0.0,1.0628901534620265e-150,1.0,2018-07-02,2006-07-17,2018-06-29,3011.0,risk_on
2018-07-19,risk_on,risk_on,0.0,2.790500392834138e-154,1.0,2018-07-02,2006-07-17,2018-06-29,3011.0,risk_on
2018-07-20,risk_on,risk_on,0.0,1.5225704860350858e-155,1.0,2018-07-02,2006-07-17,2018-06-29,3011.0,risk_on
2018-07-23,risk_on,risk_on,0.0,1.3511860442743098e-149,1.0,2018-07-02,2006-07-17,2018-06-29,3011.0,risk_on
2018-07-24,risk_on,risk_on,0.0,3.0107586179713245e-155,1.0,2018-07-02,2006-07-17,2018-06-29,3011.0,risk_on
2018-07-25,risk_on,risk_on,0.0,6.216013434701519e-153,1.0,2018-07-02,2006-07-17,2018-06-29,3011.0,risk_on
2018-07-26,risk_on,risk_on,0.0,1.2716484127354874e-157,1.0,2018-07-02,2006-07-17,2018-06-29,3011.0,risk_on
2018-07-27,risk_on,risk_on,0.0,1.612966189221778e-159,1.0,2018-07-02,2006-07-17,2018-06-29,3011.0,risk_on
2018-07-30,risk_on,risk_on,0.0,5.087201523002654e-156,1.0,2018-07-02,2006-07-17,2018-06-29,3011.0,risk_on
2018-07-31,risk_on,risk_on,0.0,9.418867511291782e-162,1.0,2018-07-02,2006-07-17,2018-06-29,3011.0,risk_on
2018-08-01,risk_on,risk_on,0.0,7.074502837245061e-92,1.0,2018-08-01,2006-07-17,2018-07-31,3032.0,risk_on
2018-08-02,risk_on,risk_on,0.0,7.845640502265554e-96,1.0,2018-08-01,2006-07-17,2018-07-31,3032.0,risk_on
2018-08-03,risk_on,risk_on,0.0,2.323656763800855e-99,1.0,2018-08-01,2006-07-17,2018-07-31,3032.0,risk_on
2018-08-06,risk_on,risk_on,0.0,1.385837771869074e-101,1.0,2018-08-01,2006-07-17,2018-07-31,3032.0,risk_on
2018-08-07,risk_on,risk_on,0.0,1.166199565234611e-102,1.0,2018-08-01,2006-07-17,2018-07-31,3032.0,risk_on
2018-08-08,risk_on,risk_on,0.0,1.2831994968511074e-101,1.0,2018-08-01,2006-07-17,2018-07-31,3032.0,risk_on
2018-08-09,risk_on,risk_on,0.0,1.551509662926642e-103,1.0,2018-08-01,2006-07-17,2018-07-31,3032.0,risk_on
2018-08-10,risk_on,risk_on,0.0,3.5263273184036275e-104,1.0,2018-08-01,2006-07-17,2018-07-31,3032.0,risk_on
2018-08-13,risk_on,risk_on,0.0,1.5714524164812333e-106,1.0,2018-08-01,2006-07-17,2018-07-31,3032.0,risk_on
2018-08-14,risk_on,risk_on,0.0,5.189337643876252e-109,1.0,2018-08-01,2006-07-17,2018-07-31,3032.0,risk_on
2018-08-15,risk_on,risk_on,0.0,1.9541383959616793e-93,1.0,2018-08-01,2006-07-17,2018-07-31,3032.0,risk_on
2018-08-16,risk_on,risk_on,0.0,2.112478548574516e-96,1.0,2018-08-01,2006-07-17,2018-07-31,3032.0,risk_on
2018-08-17,risk_on,risk_on,0.0,5.973825443769219e-97,1.0,2018-08-01,2006-07-17,2018-07-31,3032.0,risk_on
2018-08-20,risk_on,risk_on,0.0,3.228308937765189e-98,1.0,2018-08-01,2006-07-17,2018-07-31,3032.0,risk_on
2018-08-21,risk_on,risk_on,0.0,7.907857862290223e-101,1.0,2018-08-01,2006-07-17,2018-07-31,3032.0,risk_on
2018-08-22,risk_on,risk_on,0.0,2.4031235381271573e-101,1.0,2018-08-01,2006-07-17,2018-07-31,3032.0,risk_on
2018-08-23,risk_on,risk_on,0.0,1.8303863668018756e-100,1.0,2018-08-01,2006-07-17,2018-07-31,3032.0,risk_on
2018-08-24,risk_on,risk_on,0.0,1.6472163593869724e-105,1.0,2018-08-01,2006-07-17,2018-07-31,3032.0,risk_on
2018-08-27,risk_on,risk_on,0.0,2.3486661336013982e-108,1.0,2018-08-01,2006-07-17,2018-07-31,3032.0,risk_on
2018-08-28,risk_on,risk_on,0.0,2.81859201891777e-107,1.0,2018-08-01,2006-07-17,2018-07-31,3032.0,risk_on
2018-08-29,risk_on,risk_on,0.0,3.1175169407364465e-112,1.0,2018-08-01,2006-07-17,2018-07-31,3032.0,risk_on
2018-08-30,risk_on,risk_on,0.0,5.782140040347667e-115,1.0,2018-08-01,2006-07-17,2018-07-31,3032.0,risk_on
2018-08-31,risk_on,risk_on,0.0,6.443991918767434e-115,1.0,2018-08-01,2006-07-17,2018-07-31,3032.0,risk_on
2018-09-04,risk_on,risk_on,0.0,0.0,1.0,2018-09-04,2006-07-17,2018-08-31,3055.0,risk_on
2018-09-05,risk_on,risk_on,0.0,0.0,1.0,2018-09-04,2006-07-17,2018-08-31,3055.0,risk_on
2018-09-06,risk_on,risk_on,0.0,0.0,1.0,2018-09-04,2006-07-17,2018-08-31,3055.0,risk_on
2018-09-07,risk_on,risk_on,0.0,0.0,1.0,2018-09-04,2006-07-17,2018-08-31,3055.0,risk_on
2018-09-10,risk_on,risk_on,0.0,0.0,1.0,2018-09-04,2006-07-17,2018-08-31,3055.0,risk_on
2018-09-11,risk_on,risk_on,0.0,0.0,1.0,2018-09-04,2006-07-17,2018-08-31,3055.0,risk_on
2018-09-12,risk_on,risk_on,0.0,0.0,1.0,2018-09-04,2006-07-17,2018-08-31,3055.0,risk_on
2018-09-13,risk_on,risk_on,0.0,0.0,1.0,2018-09-04,2006-07-17,2018-08-31,3055.0,risk_on
2018-09-14,risk_on,risk_on,0.0,0.0,1.0,2018-09-04,2006-07-17,2018-08-31,3055.0,risk_on
2018-09-17,risk_on,risk_on,0.0,0.0,1.0,2018-09-04,2006-07-17,2018-08-31,3055.0,risk_on
2018-09-18,risk_on,risk_on,0.0,0.0,1.0,2018-09-04,2006-07-17,2018-08-31,3055.0,risk_on
2018-09-19,risk_on,risk_on,0.0,0.0,1.0,2018-09-04,2006-07-17,2018-08-31,3055.0,risk_on
2018-09-20,risk_on,risk_on,0.0,0.0,1.0,2018-09-04,2006-07-17,2018-08-31,3055.0,risk_on
2018-09-21,risk_on,risk_on,0.0,0.0,1.0,2018-09-04,2006-07-17,2018-08-31,3055.0,risk_on
2018-09-24,risk_on,risk_on,0.0,0.0,1.0,2018-09-04,2006-07-17,2018-08-31,3055.0,risk_on
2018-09-25,risk_on,risk_on,0.0,0.0,1.0,2018-09-04,2006-07-17,2018-08-31,3055.0,risk_on
2018-09-26,risk_on,risk_on,0.0,0.0,1.0,2018-09-04,2006-07-17,2018-08-31,3055.0,risk_on
2018-09-27,risk_on,risk_on,0.0,0.0,1.0,2018-09-04,2006-07-17,2018-08-31,3055.0,risk_on
2018-09-28,risk_on,risk_on,0.0,0.0,1.0,2018-09-04,2006-07-17,2018-08-31,3055.0,risk_on
2018-10-01,risk_on,risk_on,2.9647408740418127e-282,0.0,1.0,2018-10-01,2006-07-17,2018-09-28,3074.0,risk_on
2018-10-02,risk_on,risk_on,5.098816789835862e-289,0.0,1.0,2018-10-01,2006-07-17,2018-09-28,3074.0,risk_on
2018-10-03,risk_on,risk_on,1.1312654412410377e-275,0.0,1.0,2018-10-01,2006-07-17,2018-09-28,3074.0,risk_on
2018-10-04,risk_on,risk_on,3.972524109843167e-273,0.0,1.0,2018-10-01,2006-07-17,2018-09-28,3074.0,risk_on
2018-10-05,risk_on,risk_on,3.982957004083193e-268,0.0,1.0,2018-10-01,2006-07-17,2018-09-28,3074.0,risk_on
2018-10-08,risk_on,risk_on,1.2152546433544247e-270,0.0,1.0,2018-10-01,2006-07-17,2018-09-28,3074.0,risk_on
2018-10-09,risk_on,risk_on,1.8148583118613628e-272,0.0,1.0,2018-10-01,2006-07-17,2018-09-28,3074.0,risk_on
2018-10-10,risk_on,risk_on,3.545660647287229e-267,0.0,1.0,2018-10-01,2006-07-17,2018-09-28,3074.0,risk_on
2018-10-11,risk_on,risk_on,1.4462294863377967e-272,0.0,1.0,2018-10-01,2006-07-17,2018-09-28,3074.0,risk_on
2018-10-12,risk_on,risk_on,2.0350516528713564e-275,0.0,1.0,2018-10-01,2006-07-17,2018-09-28,3074.0,risk_on
2018-10-15,risk_on,risk_on,1.8882506483715799e-274,0.0,1.0,2018-10-01,2006-07-17,2018-09-28,3074.0,risk_on
2018-10-16,risk_on,risk_on,2.555123346304589e-272,0.0,1.0,2018-10-01,2006-07-17,2018-09-28,3074.0,risk_on
2018-10-17,risk_on,risk_on,5.066044121266582e-267,0.0,1.0,2018-10-01,2006-07-17,2018-09-28,3074.0,risk_on
2018-10-18,risk_on,risk_on,1.127420579140058e-258,0.0,1.0,2018-10-01,2006-07-17,2018-09-28,3074.0,risk_on
2018-10-19,risk_on,risk_on,3.868810510064942e-256,0.0,1.0,2018-10-01,2006-07-17,2018-09-28,3074.0,risk_on
2018-10-22,risk_on,risk_on,3.858447667350931e-254,0.0,1.0,2018-10-01,2006-07-17,2018-09-28,3074.0,risk_on
2018-10-23,risk_on,risk_on,6.710497563666865e-248,0.0,1.0,2018-10-01,2006-07-17,2018-09-28,3074.0,risk_on
2018-10-24,risk_on,risk_on,5.028829632990457e-250,0.0,1.0,2018-10-01,2006-07-17,2018-09-28,3074.0,risk_on
2018-10-25,risk_on,risk_on,7.686050729392685e-244,0.0,1.0,2018-10-01,2006-07-17,2018-09-28,3074.0,risk_on
2018-10-26,risk_on,risk_on,2.7752424812373394e-246,0.0,1.0,2018-10-01,2006-07-17,2018-09-28,3074.0,risk_on
2018-10-29,risk_on,risk_on,7.810652060826914e-241,0.0,1.0,2018-10-01,2006-07-17,2018-09-28,3074.0,risk_on
2018-10-30,risk_on,risk_on,4.160744496422694e-232,0.0,1.0,2018-10-01,2006-07-17,2018-09-28,3074.0,risk_on
2018-10-31,risk_on,risk_on,1.0034491944366878e-232,0.0,1.0,2018-10-01,2006-07-17,2018-09-28,3074.0,risk_on
2018-11-01,risk_on,neutral,0.0,1.0,1.3904109575090117e-21,2018-11-01,2006-07-17,2018-10-31,3097.0,risk_on
2018-11-02,risk_on,neutral,0.0,1.0,7.635972935877092e-18,2018-11-01,2006-07-17,2018-10-31,3097.0,neutral
2018-11-05,risk_on,neutral,0.0,1.0,1.3682149855048529e-17,2018-11-01,2006-07-17,2018-10-31,3097.0,neutral
2018-11-06,risk_on,neutral,0.0,1.0,1.3424700961656389e-16,2018-11-01,2006-07-17,2018-10-31,3097.0,neutral
2018-11-07,risk_on,neutral,0.0,0.9999999999935483,6.4519587977273164e-12,2018-11-01,2006-07-17,2018-10-31,3097.0,neutral
2018-11-08,risk_on,neutral,0.0,0.9999999995029825,4.970190247879878e-10,2018-11-01,2006-07-17,2018-10-31,3097.0,neutral
2018-11-09,risk_on,neutral,0.0,0.9999999995605151,4.394830765719764e-10,2018-11-01,2006-07-17,2018-10-31,3097.0,neutral
2018-11-12,risk_on,neutral,0.0,1.0,8.644015568070875e-16,2018-11-01,2006-07-17,2018-10-31,3097.0,neutral
2018-11-13,risk_on,neutral,0.0,1.0,2.3145733778397716e-16,2018-11-01,2006-07-17,2018-10-31,3097.0,neutral
2018-11-14,risk_on,neutral,0.0,1.0,4.310685115658441e-22,2018-11-01,2006-07-17,2018-10-31,3097.0,neutral
2018-11-15,risk_on,neutral,0.0,1.0,1.0233422278955451e-17,2018-11-01,2006-07-17,2018-10-31,3097.0,neutral
2018-11-16,risk_on,neutral,0.0,0.9999999999970512,2.9486721130741573e-12,2018-11-01,2006-07-17,2018-10-31,3097.0,neutral
2018-11-19,risk_on,neutral,0.0,1.0,5.618081595878553e-18,2018-11-01,2006-07-17,2018-10-31,3097.0,neutral
2018-11-20,risk_on,neutral,0.0,1.0,1.6020304376137168e-30,2018-11-01,2006-07-17,2018-10-31,3097.0,neutral
2018-11-21,risk_on,neutral,0.0,1.0,8.674037456304476e-21,2018-11-01,2006-07-17,2018-10-31,3097.0,neutral
2018-11-23,risk_on,neutral,0.0,0.9999999999999574,4.0664830694577665e-14,2018-11-01,2006-07-17,2018-10-31,3097.0,neutral
2018-11-26,risk_on,neutral,0.0,0.9999999999997158,2.8461198611309905e-13,2018-11-01,2006-07-17,2018-10-31,3097.0,neutral
2018-11-27,risk_on,neutral,0.0,0.9999999994756337,5.24366939872518e-10,2018-11-01,2006-07-17,2018-10-31,3097.0,neutral
2018-11-28,risk_on,neutral,0.0,0.9999999995362714,4.637326928716048e-10,2018-11-01,2006-07-17,2018-10-31,3097.0,neutral
2018-11-29,risk_on,neutral,0.0,0.9999978631854226,2.1368145729358896e-06,2018-11-01,2006-07-17,2018-10-31,3097.0,neutral
2018-11-30,risk_on,neutral,0.0,0.9999989200793356,1.0799206580425875e-06,2018-11-01,2006-07-17,2018-10-31,3097.0,neutral
2018-12-03,risk_on,risk_on,0.0,0.0,1.0,2018-12-03,2006-07-17,2018-11-30,3118.0,neutral
2018-12-04,risk_on,risk_on,0.0,0.0,1.0,2018-12-03,2006-07-17,2018-11-30,3118.0,risk_on
2018-12-06,risk_on,risk_on,0.0,0.0,1.0,2018-12-03,2006-07-17,2018-11-30,3118.0,risk_on
2018-12-07,risk_on,risk_on,0.0,0.0,1.0,2018-12-03,2006-07-17,2018-11-30,3118.0,risk_on
2018-12-10,risk_on,risk_on,0.0,0.0,1.0,2018-12-03,2006-07-17,2018-11-30,3118.0,risk_on
2018-12-11,risk_on,risk_on,0.0,0.0,1.0,2018-12-03,2006-07-17,2018-11-30,3118.0,risk_on
2018-12-12,risk_on,risk_on,0.0,0.0,1.0,2018-12-03,2006-07-17,2018-11-30,3118.0,risk_on
2018-12-13,risk_on,risk_on,0.0,0.0,1.0,2018-12-03,2006-07-17,2018-11-30,3118.0,risk_on
2018-12-14,risk_on,risk_on,0.0,0.0,1.0,2018-12-03,2006-07-17,2018-11-30,3118.0,risk_on
2018-12-17,risk_on,risk_on,0.0,0.0,1.0,2018-12-03,2006-07-17,2018-11-30,3118.0,risk_on
2018-12-18,risk_on,risk_on,0.0,0.0,1.0,2018-12-03,2006-07-17,2018-11-30,3118.0,risk_on
2018-12-19,risk_on,risk_on,0.0,0.0,1.0,2018-12-03,2006-07-17,2018-11-30,3118.0,risk_on
2018-12-20,risk_on,risk_on,0.0,0.0,1.0,2018-12-03,2006-07-17,2018-11-30,3118.0,risk_on
2018-12-21,risk_on,risk_on,0.0,0.0,1.0,2018-12-03,2006-07-17,2018-11-30,3118.0,risk_on
2018-12-24,risk_on,risk_on,0.0,0.0,1.0,2018-12-03,2006-07-17,2018-11-30,3118.0,risk_on
2018-12-26,risk_on,risk_on,0.0,0.0,1.0,2018-12-03,2006-07-17,2018-11-30,3118.0,risk_on
2018-12-27,risk_on,risk_on,0.0,0.0,1.0,2018-12-03,2006-07-17,2018-11-30,3118.0,risk_on
2018-12-28,risk_on,risk_on,0.0,0.0,1.0,2018-12-03,2006-07-17,2018-11-30,3118.0,risk_on
2018-12-31,risk_on,risk_on,0.0,0.0,1.0,2018-12-03,2006-07-17,2018-11-30,3118.0,risk_on
2019-01-02,risk_on,neutral,0.0,1.0,1.8140943789071892e-185,2019-01-02,2006-07-17,2018-12-31,3137.0,risk_on
2019-01-03,risk_on,neutral,0.0,1.0,5.651355678758863e-196,2019-01-02,2006-07-17,2018-12-31,3137.0,neutral
2019-01-04,risk_on,neutral,0.0,1.0,3.312006131001062e-198,2019-01-02,2006-07-17,2018-12-31,3137.0,neutral
2019-01-07,risk_on,neutral,0.0,1.0,2.489409143989179e-180,2019-01-02,2006-07-17,2018-12-31,3137.0,neutral
2019-01-08,risk_on,neutral,0.0,1.0,5.3652950156522145e-179,2019-01-02,2006-07-17,2018-12-31,3137.0,neutral
2019-01-09,risk_on,neutral,0.0,1.0,7.606456028823038e-174,2019-01-02,2006-07-17,2018-12-31,3137.0,neutral
2019-01-10,risk_on,neutral,0.0,1.0,3.209780913130616e-174,2019-01-02,2006-07-17,2018-12-31,3137.0,neutral
2019-01-11,risk_on,neutral,0.0,1.0,3.646150483026296e-161,2019-01-02,2006-07-17,2018-12-31,3137.0,neutral
2019-01-14,risk_on,neutral,0.0,1.0,1.5827667597710615e-159,2019-01-02,2006-07-17,2018-12-31,3137.0,neutral
2019-01-15,risk_on,neutral,0.0,1.0,2.3116925881471186e-170,2019-01-02,2006-07-17,2018-12-31,3137.0,neutral
2019-01-16,risk_on,neutral,0.0,1.0,3.208108124135376e-168,2019-01-02,2006-07-17,2018-12-31,3137.0,neutral
2019-01-17,risk_on,neutral,0.0,1.0,8.542662691273378e-173,2019-01-02,2006-07-17,2018-12-31,3137.0,neutral
2019-01-18,risk_on,neutral,0.0,1.0,4.6496701209389975e-180,2019-01-02,2006-07-17,2018-12-31,3137.0,neutral
2019-01-22,risk_on,neutral,0.0,1.0,5.958579760491149e-175,2019-01-02,2006-07-17,2018-12-31,3137.0,neutral
2019-01-23,risk_on,neutral,0.0,1.0,7.951501711128e-171,2019-01-02,2006-07-17,2018-12-31,3137.0,neutral
2019-01-24,risk_on,neutral,0.0,1.0,4.500305650026444e-167,2019-01-02,2006-07-17,2018-12-31,3137.0,neutral
2019-01-25,risk_on,neutral,0.0,1.0,1.632725357752773e-162,2019-01-02,2006-07-17,2018-12-31,3137.0,neutral
2019-01-28,risk_on,neutral,0.0,1.0,5.4710846147978e-140,2019-01-02,2006-07-17,2018-12-31,3137.0,neutral
2019-01-29,risk_on,neutral,0.0,1.0,3.688754150330904e-146,2019-01-02,2006-07-17,2018-12-31,3137.0,neutral
2019-01-30,risk_on,neutral,0.0,1.0,2.90710334219079e-148,2019-01-02,2006-07-17,2018-12-31,3137.0,neutral
2019-01-31,risk_on,neutral,0.0,1.0,2.590309229851324e-146,2019-01-02,2006-07-17,2018-12-31,3137.0,neutral
2019-02-01,risk_on,risk_on,0.0,0.0,1.0,2019-02-01,2006-07-17,2019-01-31,3158.0,neutral
2019-02-04,risk_on,risk_on,0.0,0.0,1.0,2019-02-01,2006-07-17,2019-01-31,3158.0,risk_on
2019-02-05,risk_on,risk_on,0.0,0.0,1.0,2019-02-01,2006-07-17,2019-01-31,3158.0,risk_on
2019-02-06,risk_on,risk_on,0.0,0.0,1.0,2019-02-01,2006-07-17,2019-01-31,3158.0,risk_on
2019-02-07,risk_on,risk_on,0.0,0.0,1.0,2019-02-01,2006-07-17,2019-01-31,3158.0,risk_on
2019-02-08,risk_on,risk_on,0.0,0.0,1.0,2019-02-01,2006-07-17,2019-01-31,3158.0,risk_on
2019-02-11,risk_on,risk_on,0.0,0.0,1.0,2019-02-01,2006-07-17,2019-01-31,3158.0,risk_on
2019-02-12,risk_on,risk_on,0.0,0.0,1.0,2019-02-01,2006-07-17,2019-01-31,3158.0,risk_on
2019-02-13,risk_on,risk_on,0.0,0.0,1.0,2019-02-01,2006-07-17,2019-01-31,3158.0,risk_on
2019-02-14,risk_on,risk_on,0.0,0.0,1.0,2019-02-01,2006-07-17,2019-01-31,3158.0,risk_on
2019-02-15,risk_on,risk_on,3.95e-322,0.0,1.0,2019-02-01,2006-07-17,2019-01-31,3158.0,risk_on
2019-02-19,risk_on,risk_on,6.9178e-319,0.0,1.0,2019-02-01,2006-07-17,2019-01-31,3158.0,risk_on
2019-02-20,risk_on,risk_on,1.4089e-319,0.0,1.0,2019-02-01,2006-07-17,2019-01-31,3158.0,risk_on
2019-02-21,risk_on,risk_on,6.58e-321,0.0,1.0,2019-02-01,2006-07-17,2019-01-31,3158.0,risk_on
2019-02-22,risk_on,risk_on,8.106349393921143e-309,0.0,1.0,2019-02-01,2006-07-17,2019-01-31,3158.0,risk_on
2019-02-25,risk_on,risk_on,1.6405016240207e-311,0.0,1.0,2019-02-01,2006-07-17,2019-01-31,3158.0,risk_on
2019-02-26,risk_on,risk_on,1.8060119845139595e-305,0.0,1.0,2019-02-01,2006-07-17,2019-01-31,3158.0,risk_on
2019-02-27,risk_on,risk_on,2.3379518463237997e-298,0.0,1.0,2019-02-01,2006-07-17,2019-01-31,3158.0,risk_on
2019-02-28,risk_on,risk_on,1.926090038580684e-306,0.0,1.0,2019-02-01,2006-07-17,2019-01-31,3158.0,risk_on
2019-03-01,risk_on,risk_off,1.0,0.0,1.4466347432509613e-77,2019-03-01,2006-07-17,2019-02-28,3177.0,risk_on
2019-03-04,risk_on,risk_off,1.0,0.0,6.121934777820695e-77,2019-03-01,2006-07-17,2019-02-28,3177.0,risk_off
2019-03-05,risk_on,risk_off,1.0,0.0,6.146712490288035e-76,2019-03-01,2006-07-17,2019-02-28,3177.0,risk_off
2019-03-06,risk_on,risk_off,1.0,0.0,6.740781321031712e-78,2019-03-01,2006-07-17,2019-02-28,3177.0,risk_off
2019-03-07,risk_on,risk_off,1.0,0.0,3.781576478334622e-80,2019-03-01,2006-07-17,2019-02-28,3177.0,risk_off
2019-03-08,risk_on,risk_off,1.0,0.0,6.93347494734319e-76,2019-03-01,2006-07-17,2019-02-28,3177.0,risk_off
2019-03-11,risk_on,risk_off,1.0,0.0,1.243444393832376e-74,2019-03-01,2006-07-17,2019-02-28,3177.0,risk_off
2019-03-12,risk_on,risk_off,1.0,0.0,1.1842556725176168e-72,2019-03-01,2006-07-17,2019-02-28,3177.0,risk_off
2019-03-13,risk_on,risk_off,1.0,0.0,9.604714540453157e-76,2019-03-01,2006-07-17,2019-02-28,3177.0,risk_off
2019-03-14,risk_on,risk_off,1.0,0.0,2.7041790883250487e-74,2019-03-01,2006-07-17,2019-02-28,3177.0,risk_off
2019-03-15,risk_on,risk_off,1.0,0.0,8.440460639702724e-74,2019-03-01,2006-07-17,2019-02-28,3177.0,risk_off
2019-03-18,risk_on,risk_off,1.0,0.0,3.853116504464846e-74,2019-03-01,2006-07-17,2019-02-28,3177.0,risk_off
2019-03-19,risk_on,risk_off,1.0,0.0,3.911053843326951e-72,2019-03-01,2006-07-17,2019-02-28,3177.0,risk_off
2019-03-20,risk_on,risk_off,1.0,0.0,2.1176750779787715e-69,2019-03-01,2006-07-17,2019-02-28,3177.0,risk_off
2019-03-21,risk_on,risk_off,1.0,0.0,3.354612654395956e-66,2019-03-01,2006-07-17,2019-02-28,3177.0,risk_off
2019-03-22,risk_on,risk_off,1.0,0.0,2.4370490237327055e-68,2019-03-01,2006-07-17,2019-02-28,3177.0,risk_off
2019-03-25,risk_on,risk_off,1.0,0.0,2.480019208382027e-59,2019-03-01,2006-07-17,2019-02-28,3177.0,risk_off
2019-03-26,risk_on,risk_off,1.0,0.0,1.1247841763753519e-52,2019-03-01,2006-07-17,2019-02-28,3177.0,risk_off
2019-03-27,risk_on,risk_off,1.0,0.0,1.2133838428117535e-52,2019-03-01,2006-07-17,2019-02-28,3177.0,risk_off
2019-03-28,risk_on,risk_off,1.0,0.0,2.560494383522982e-50,2019-03-01,2006-07-17,2019-02-28,3177.0,risk_off
2019-03-29,risk_on,risk_off,1.0,0.0,2.7541131217377316e-44,2019-03-01,2006-07-17,2019-02-28,3177.0,risk_off
2019-04-01,risk_on,risk_off,1.0,0.0,1.372221441232687e-22,2019-04-01,2006-07-17,2019-03-29,3198.0,risk_off
2019-04-02,risk_on,risk_off,1.0,0.0,6.873261831977466e-20,2019-04-01,2006-07-17,2019-03-29,3198.0,risk_off
2019-04-03,risk_on,risk_off,1.0,0.0,1.944587404625442e-19,2019-04-01,2006-07-17,2019-03-29,3198.0,risk_off
2019-04-04,risk_on,risk_off,1.0,0.0,3.2424088689943015e-20,2019-04-01,2006-07-17,2019-03-29,3198.0,risk_off
2019-04-05,risk_on,risk_off,0.9999999999999929,0.0,9.89171849590484e-15,2019-04-01,2006-07-17,2019-03-29,3198.0,risk_off
2019-04-08,risk_on,risk_off,0.9999999999840128,0.0,1.5988540473818417e-11,2019-04-01,2006-07-17,2019-03-29,3198.0,risk_off
2019-04-09,risk_on,risk_off,0.999999999119666,0.0,8.803317366760788e-10,2019-04-01,2006-07-17,2019-03-29,3198.0,risk_off
2019-04-10,risk_on,risk_off,0.9999999927494159,0.0,7.2505848614241376e-09,2019-04-01,2006-07-17,2019-03-29,3198.0,risk_off
2019-04-11,risk_on,risk_off,0.9999986608006793,0.0,1.3391993219267216e-06,2019-04-01,2006-07-17,2019-03-29,3198.0,risk_off
2019-04-12,risk_on,risk_off,0.9997459200354406,0.0,0.0002540799645581565,2019-04-01,2006-07-17,2019-03-29,3198.0,risk_off
2019-04-15,risk_on,risk_on,0.10452808744043837,0.0,0.8954719125595636,2019-04-01,2006-07-17,2019-03-29,3198.0,risk_off
2019-04-16,risk_on,risk_on,3.746585987081114e-05,0.0,0.9999625341401271,2019-04-01,2006-07-17,2019-03-29,3198.0,risk_on
2019-04-17,risk_on,risk_on,1.487733261146466e-06,0.0,0.9999985122667407,2019-04-01,2006-07-17,2019-03-29,3198.0,risk_on
2019-04-18,risk_on,risk_on,1.3667822960620464e-08,0.0,0.9999999863321776,2019-04-01,2006-07-17,2019-03-29,3198.0,risk_on
2019-04-22,risk_on,risk_on,1.8159394589166146e-09,0.0,0.9999999981840588,2019-04-01,2006-07-17,2019-03-29,3198.0,risk_on
2019-04-23,risk_on,risk_on,9.703137068668786e-09,0.0,0.9999999902968639,2019-04-01,2006-07-17,2019-03-29,3198.0,risk_on
2019-04-24,risk_on,risk_on,2.5878252404012894e-08,0.0,0.9999999741217497,2019-04-01,2006-07-17,2019-03-29,3198.0,risk_on
2019-04-25,risk_on,risk_on,1.3097528557812652e-10,0.0,0.9999999998690257,2019-04-01,2006-07-17,2019-03-29,3198.0,risk_on
2019-04-26,risk_on,risk_on,9.648847651368022e-15,0.0,0.9999999999999929,2019-04-01,2006-07-17,2019-03-29,3198.0,risk_on
2019-04-29,risk_on,risk_on,4.072236527987885e-16,0.0,1.0,2019-04-01,2006-07-17,2019-03-29,3198.0,risk_on
2019-04-30,risk_on,risk_on,3.6081598736343294e-21,0.0,1.0,2019-04-01,2006-07-17,2019-03-29,3198.0,risk_on
2019-05-01,risk_on,risk_off,1.0,1.6016149330196131e-136,1.1723558091877797e-184,2019-05-01,2006-07-17,2019-04-30,3219.0,risk_on
2019-05-02,risk_on,risk_off,1.0,4.576342935159307e-136,1.108601649493027e-177,2019-05-01,2006-07-17,2019-04-30,3219.0,risk_off
2019-05-03,risk_on,risk_off,1.0,2.1062997837468933e-129,1.1870509912531305e-180,2019-05-01,2006-07-17,2019-04-30,3219.0,risk_off
2019-05-06,risk_on,risk_off,1.0,1.0332588964145224e-133,6.329508009083989e-180,2019-05-01,2006-07-17,2019-04-30,3219.0,risk_off
2019-05-07,risk_on,risk_off,1.0,1.1227503833530637e-135,5.983919543389101e-183,2019-05-01,2006-07-17,2019-04-30,3219.0,risk_off
2019-05-08,risk_on,risk_off,1.0,2.642126445752537e-134,1.2276577136495453e-183,2019-05-01,2006-07-17,2019-04-30,3219.0,risk_off
2019-05-09,risk_on,risk_off,1.0,6.066755404676133e-135,1.7074709395674103e-174,2019-05-01,2006-07-17,2019-04-30,3219.0,risk_off
2019-05-10,risk_on,risk_off,1.0,5.418237084478091e-133,1.9122336720797975e-165,2019-05-01,2006-07-17,2019-04-30,3219.0,risk_off
2019-05-13,risk_on,risk_off,1.0,5.435846023562701e-127,3.4392901347090224e-165,2019-05-01,2006-07-17,2019-04-30,3219.0,risk_off
2019-05-14,risk_on,risk_off,1.0,8.698317123021517e-125,4.358854765598755e-164,2019-05-01,2006-07-17,2019-04-30,3219.0,risk_off
2019-05-15,risk_on,risk_off,1.0,9.223006668738038e-123,1.624035392483699e-163,2019-05-01,2006-07-17,2019-04-30,3219.0,risk_off
2019-05-16,risk_on,risk_off,1.0,1.2478888593373948e-125,6.653133311062308e-161,2019-05-01,2006-07-17,2019-04-30,3219.0,risk_off
2019-05-17,risk_on,risk_off,1.0,9.065904190417672e-128,4.172534457451474e-157,2019-05-01,2006-07-17,2019-04-30,3219.0,risk_off
2019-05-20,risk_on,risk_off,1.0,3.395148021859199e-127,4.9468553686774204e-154,2019-05-01,2006-07-17,2019-04-30,3219.0,risk_off
2019-05-21,risk_on,risk_off,1.0,5.5453322087903336e-126,6.9067315040523175e-155,2019-05-01,2006-07-17,2019-04-30,3219.0,risk_off
2019-05-22,risk_on,risk_off,1.0,3.186963665016405e-123,3.480708253726324e-153,2019-05-01,2006-07-17,2019-04-30,3219.0,risk_off
2019-05-23,risk_on,risk_off,1.0,3.863459193658592e-121,5.819213154309276e-148,2019-05-01,2006-07-17,2019-04-30,3219.0,risk_off
2019-05-24,risk_on,risk_off,1.0,6.477130995214296e-122,4.9410201795983553e-147,2019-05-01,2006-07-17,2019-04-30,3219.0,risk_off
2019-05-28,risk_on,risk_off,1.0,1.5791239717019082e-128,8.382128832922204e-151,2019-05-01,2006-07-17,2019-04-30,3219.0,risk_off
2019-05-29,risk_on,risk_off,1.0,1.2276750513698124e-129,2.7818136826467963e-145,2019-05-01,2006-07-17,2019-04-30,3219.0,risk_off
2019-05-30,risk_on,risk_off,1.0,1.3486725705464585e-128,1.0397647179890377e-146,2019-05-01,2006-07-17,2019-04-30,3219.0,risk_off
2019-05-31,risk_on,risk_off,1.0,3.600259851991036e-126,4.9976535285716884e-141,2019-05-01,2006-07-17,2019-04-30,3219.0,risk_off
2019-06-03,risk_on,neutral,0.0,1.0,0.0,2019-06-03,2006-07-17,2019-05-31,3241.0,risk_off
2019-06-04,risk_on,neutral,0.0,1.0,0.0,2019-06-03,2006-07-17,2019-05-31,3241.0,neutral
2019-06-05,risk_on,neutral,0.0,1.0,0.0,2019-06-03,2006-07-17,2019-05-31,3241.0,neutral
2019-06-06,risk_on,neutral,0.0,1.0,0.0,2019-06-03,2006-07-17,2019-05-31,3241.0,neutral
2019-06-07,risk_on,neutral,0.0,1.0,0.0,2019-06-03,2006-07-17,2019-05-31,3241.0,neutral
2019-06-10,risk_on,neutral,0.0,1.0,0.0,2019-06-03,2006-07-17,2019-05-31,3241.0,neutral
2019-06-11,risk_on,neutral,0.0,1.0,0.0,2019-06-03,2006-07-17,2019-05-31,3241.0,neutral
2019-06-12,risk_on,neutral,0.0,1.0,0.0,2019-06-03,2006-07-17,2019-05-31,3241.0,neutral
2019-06-13,risk_on,neutral,0.0,1.0,0.0,2019-06-03,2006-07-17,2019-05-31,3241.0,neutral
2019-06-14,risk_on,neutral,0.0,1.0,0.0,2019-06-03,2006-07-17,2019-05-31,3241.0,neutral
2019-06-17,risk_on,neutral,0.0,1.0,0.0,2019-06-03,2006-07-17,2019-05-31,3241.0,neutral
2019-06-18,risk_on,neutral,0.0,1.0,0.0,2019-06-03,2006-07-17,2019-05-31,3241.0,neutral
2019-06-19,risk_on,neutral,0.0,1.0,0.0,2019-06-03,2006-07-17,2019-05-31,3241.0,neutral
2019-06-20,risk_on,neutral,0.0,1.0,0.0,2019-06-03,2006-07-17,2019-05-31,3241.0,neutral
2019-06-21,risk_on,neutral,0.0,1.0,0.0,2019-06-03,2006-07-17,2019-05-31,3241.0,neutral
2019-06-24,risk_on,neutral,0.0,1.0,0.0,2019-06-03,2006-07-17,2019-05-31,3241.0,neutral
2019-06-25,risk_on,neutral,0.0,1.0,0.0,2019-06-03,2006-07-17,2019-05-31,3241.0,neutral
2019-06-26,risk_on,neutral,0.0,1.0,0.0,2019-06-03,2006-07-17,2019-05-31,3241.0,neutral
2019-06-27,risk_on,neutral,0.0,1.0,0.0,2019-06-03,2006-07-17,2019-05-31,3241.0,neutral
2019-06-28,risk_on,neutral,0.0,1.0,0.0,2019-06-03,2006-07-17,2019-05-31,3241.0,neutral
2019-07-01,risk_on,neutral,0.0,1.0,7.278008248311404e-38,2019-07-01,2006-07-17,2019-06-28,3261.0,neutral
2019-07-02,risk_on,neutral,0.0,1.0,2.4619857005934913e-32,2019-07-01,2006-07-17,2019-06-28,3261.0,neutral
2019-07-03,risk_on,neutral,0.0,1.0,5.4673704753963826e-30,2019-07-01,2006-07-17,2019-06-28,3261.0,neutral
2019-07-05,risk_on,neutral,0.0,1.0,4.8464274282741134e-29,2019-07-01,2006-07-17,2019-06-28,3261.0,neutral
2019-07-08,risk_on,neutral,0.0,1.0,1.2200845588032988e-30,2019-07-01,2006-07-17,2019-06-28,3261.0,neutral
2019-07-09,risk_on,neutral,0.0,1.0,5.2041782729128855e-30,2019-07-01,2006-07-17,2019-06-28,3261.0,neutral
2019-07-10,risk_on,neutral,0.0,1.0,3.5667089440844673e-32,2019-07-01,2006-07-17,2019-06-28,3261.0,neutral
2019-07-11,risk_on,neutral,0.0,1.0,5.57191604286554e-32,2019-07-01,2006-07-17,2019-06-28,3261.0,neutral
2019-07-12,risk_on,neutral,0.0,1.0,1.0775902305205708e-31,2019-07-01,2006-07-17,2019-06-28,3261.0,neutral
2019-07-15,risk_on,neutral,0.0,1.0,9.161672874688888e-33,2019-07-01,2006-07-17,2019-06-28,3261.0,neutral
2019-07-16,risk_on,neutral,0.0,1.0,3.248469453576261e-33,2019-07-01,2006-07-17,2019-06-28,3261.0,neutral
2019-07-17,risk_on,neutral,0.0,1.0,3.1630192029542803e-34,2019-07-01,2006-07-17,2019-06-28,3261.0,neutral
2019-07-18,risk_on,neutral,0.0,1.0,9.008037632493833e-35,2019-07-01,2006-07-17,2019-06-28,3261.0,neutral
2019-07-19,risk_on,neutral,0.0,1.0,1.809773482117118e-35,2019-07-01,2006-07-17,2019-06-28,3261.0,neutral
2019-07-22,risk_on,neutral,0.0,1.0,1.3554837688210632e-33,2019-07-01,2006-07-17,2019-06-28,3261.0,neutral
2019-07-23,risk_on,neutral,0.0,1.0,2.714947698104419e-32,2019-07-01,2006-07-17,2019-06-28,3261.0,neutral
2019-07-24,risk_on,neutral,0.0,1.0,6.811610996823841e-32,2019-07-01,2006-07-17,2019-06-28,3261.0,neutral
2019-07-25,risk_on,neutral,0.0,1.0,2.870179000936464e-29,2019-07-01,2006-07-17,2019-06-28,3261.0,neutral
2019-07-26,risk_on,neutral,0.0,1.0,2.1407513112105344e-30,2019-07-01,2006-07-17,2019-06-28,3261.0,neutral
2019-07-29,risk_on,neutral,0.0,1.0,5.798464604265356e-32,2019-07-01,2006-07-17,2019-06-28,3261.0,neutral
2019-07-30,risk_on,neutral,0.0,1.0,8.15865391367675e-32,2019-07-01,2006-07-17,2019-06-28,3261.0,neutral
2019-07-31,risk_on,neutral,0.0,1.0,6.831637822166419e-32,2019-07-01,2006-07-17,2019-06-28,3261.0,neutral
2019-08-01,risk_on,neutral,0.0,1.0,3.7506994443493493e-56,2019-08-01,2006-07-17,2019-07-31,3283.0,neutral
2019-08-02,risk_on,neutral,0.0,1.0,6.083807794105506e-53,2019-08-01,2006-07-17,2019-07-31,3283.0,neutral
2019-08-05,risk_on,neutral,0.0,1.0,1.036740911364387e-49,2019-08-01,2006-07-17,2019-07-31,3283.0,neutral
2019-08-06,risk_on,neutral,0.0,1.0,4.041564083899098e-48,2019-08-01,2006-07-17,2019-07-31,3283.0,neutral
2019-08-07,risk_on,neutral,0.0,1.0,4.109289621841282e-47,2019-08-01,2006-07-17,2019-07-31,3283.0,neutral
2019-08-08,risk_on,neutral,0.0,1.0,3.259655354890907e-48,2019-08-01,2006-07-17,2019-07-31,3283.0,neutral
2019-08-09,risk_on,neutral,0.0,1.0,3.007286339309955e-48,2019-08-01,2006-07-17,2019-07-31,3283.0,neutral
2019-08-12,risk_on,neutral,0.0,1.0,6.809149094809987e-49,2019-08-01,2006-07-17,2019-07-31,3283.0,neutral
2019-08-13,risk_on,neutral,0.0,1.0,1.3228514572335736e-45,2019-08-01,2006-07-17,2019-07-31,3283.0,neutral
2019-08-14,risk_on,neutral,0.0,1.0,5.692293919851458e-45,2019-08-01,2006-07-17,2019-07-31,3283.0,neutral
2019-08-15,risk_on,neutral,0.0,1.0,1.862696691466105e-46,2019-08-01,2006-07-17,2019-07-31,3283.0,neutral
2019-08-16,risk_on,neutral,0.0,1.0,7.060791150645718e-47,2019-08-01,2006-07-17,2019-07-31,3283.0,neutral
2019-08-19,risk_on,neutral,0.0,1.0,3.05809205405844e-47,2019-08-01,2006-07-17,2019-07-31,3283.0,neutral
2019-08-20,risk_on,neutral,0.0,1.0,4.467746441042137e-46,2019-08-01,2006-07-17,2019-07-31,3283.0,neutral
2019-08-21,risk_on,neutral,0.0,1.0,2.3485055164659363e-44,2019-08-01,2006-07-17,2019-07-31,3283.0,neutral
2019-08-22,risk_on,neutral,0.0,1.0,8.166327014790217e-44,2019-08-01,2006-07-17,2019-07-31,3283.0,neutral
2019-08-23,risk_on,neutral,0.0,1.0,1.1256141253986411e-39,2019-08-01,2006-07-17,2019-07-31,3283.0,neutral
2019-08-26,risk_on,neutral,0.0,1.0,1.3313689641234579e-42,2019-08-01,2006-07-17,2019-07-31,3283.0,neutral
2019-08-27,risk_on,neutral,0.0,1.0,1.2322910723851442e-40,2019-08-01,2006-07-17,2019-07-31,3283.0,neutral
2019-08-28,risk_on,neutral,0.0,1.0,2.552290334763385e-39,2019-08-01,2006-07-17,2019-07-31,3283.0,neutral
2019-08-29,risk_on,neutral,0.0,1.0,1.5521453281684862e-38,2019-08-01,2006-07-17,2019-07-31,3283.0,neutral
2019-08-30,risk_on,neutral,0.0,1.0,1.4538992627323194e-41,2019-08-01,2006-07-17,2019-07-31,3283.0,neutral
2019-09-03,risk_on,risk_off,1.0,0.0,6.311193267475588e-46,2019-09-03,2006-07-17,2019-08-30,3305.0,neutral
2019-09-04,risk_on,risk_off,1.0,0.0,4.701674245360735e-47,2019-09-03,2006-07-17,2019-08-30,3305.0,risk_off
2019-09-05,risk_on,risk_off,1.0,0.0,7.233058823613759e-45,2019-09-03,2006-07-17,2019-08-30,3305.0,risk_off
2019-09-06,risk_on,risk_off,1.0,0.0,7.597952075699793e-44,2019-09-03,2006-07-17,2019-08-30,3305.0,risk_off
2019-09-09,risk_on,risk_off,1.0,0.0,1.1354791302087764e-42,2019-09-03,2006-07-17,2019-08-30,3305.0,risk_off
2019-09-10,risk_on,risk_off,1.0,0.0,2.2408811448838887e-43,2019-09-03,2006-07-17,2019-08-30,3305.0,risk_off
2019-09-11,risk_on,risk_off,1.0,0.0,1.7024930249958162e-48,2019-09-03,2006-07-17,2019-08-30,3305.0,risk_off
2019-09-12,risk_on,risk_off,1.0,0.0,3.091520321209656e-49,2019-09-03,2006-07-17,2019-08-30,3305.0,risk_off
2019-09-13,risk_on,risk_off,1.0,0.0,4.1001226201560747e-50,2019-09-03,2006-07-17,2019-08-30,3305.0,risk_off
2019-09-16,risk_on,risk_off,1.0,0.0,7.752689802729308e-49,2019-09-03,2006-07-17,2019-08-30,3305.0,risk_off
2019-09-17,risk_on,risk_off,1.0,0.0,1.536571576715992e-50,2019-09-03,2006-07-17,2019-08-30,3305.0,risk_off
2019-09-18,risk_on,risk_off,1.0,0.0,7.290539623466608e-50,2019-09-03,2006-07-17,2019-08-30,3305.0,risk_off
2019-09-19,risk_on,risk_off,1.0,0.0,1.6001731127732972e-51,2019-09-03,2006-07-17,2019-08-30,3305.0,risk_off
2019-09-20,risk_on,risk_off,1.0,0.0,5.573240131625084e-51,2019-09-03,2006-07-17,2019-08-30,3305.0,risk_off
2019-09-23,risk_on,risk_off,1.0,0.0,9.902434225389129e-51,2019-09-03,2006-07-17,2019-08-30,3305.0,risk_off
2019-09-24,risk_on,risk_off,1.0,0.0,1.8575496056382454e-52,2019-09-03,2006-07-17,2019-08-30,3305.0,risk_off
2019-09-25,risk_on,risk_off,1.0,0.0,3.090795253155346e-54,2019-09-03,2006-07-17,2019-08-30,3305.0,risk_off
2019-09-26,risk_on,risk_off,1.0,0.0,7.650863204000655e-56,2019-09-03,2006-07-17,2019-08-30,3305.0,risk_off
2019-09-27,risk_on,risk_off,1.0,0.0,5.175718075047421e-53,2019-09-03,2006-07-17,2019-08-30,3305.0,risk_off
2019-09-30,risk_on,risk_off,1.0,0.0,1.5897520533592925e-52,2019-09-03,2006-07-17,2019-08-30,3305.0,risk_off
2019-10-01,risk_on,neutral,0.0,1.0,7.678308226320586e-18,2019-10-01,2006-07-17,2019-09-30,3325.0,risk_off
2019-10-02,risk_on,neutral,0.0,0.9999999999999991,4.921750925707139e-16,2019-10-01,2006-07-17,2019-09-30,3325.0,neutral
2019-10-03,risk_on,neutral,0.0,1.0,1.7956455266898024e-16,2019-10-01,2006-07-17,2019-09-30,3325.0,neutral
2019-10-04,risk_on,neutral,0.0,1.0,1.1419275519625216e-18,2019-10-01,2006-07-17,2019-09-30,3325.0,neutral
2019-10-07,risk_on,neutral,0.0,1.0,3.0711906618243106e-18,2019-10-01,2006-07-17,2019-09-30,3325.0,neutral
2019-10-08,risk_on,neutral,0.0,0.9999999999999272,7.339752135535943e-14,2019-10-01,2006-07-17,2019-09-30,3325.0,neutral
2019-10-09,risk_on,neutral,0.0,1.0,1.651648865378963e-16,2019-10-01,2006-07-17,2019-09-30,3325.0,neutral
2019-10-10,risk_on,neutral,0.0,0.9999999999999991,6.198561175534423e-16,2019-10-01,2006-07-17,2019-09-30,3325.0,neutral
2019-10-11,risk_on,neutral,0.0,0.9999999999987121,1.2885254448093869e-12,2019-10-01,2006-07-17,2019-09-30,3325.0,neutral
2019-10-14,risk_on,neutral,0.0,0.9999999998167066,1.8329390398373075e-10,2019-10-01,2006-07-17,2019-09-30,3325.0,neutral
2019-10-15,risk_on,neutral,0.0,0.9999999997777209,2.2227971883700135e-10,2019-10-01,2006-07-17,2019-09-30,3325.0,neutral
2019-10-16,risk_on,neutral,0.0,0.9999999979741325,2.0258667094790654e-09,2019-10-01,2006-07-17,2019-09-30,3325.0,neutral
2019-10-17,risk_on,neutral,0.0,0.9999999999988347,1.1654014940676956e-12,2019-10-01,2006-07-17,2019-09-30,3325.0,neutral
2019-10-18,risk_on,neutral,0.0,0.9999999999881233,1.1877021809524164e-11,2019-10-01,2006-07-17,2019-09-30,3325.0,neutral
2019-10-21,risk_on,neutral,0.0,0.9999999999174154,8.258532794858045e-11,2019-10-01,2006-07-17,2019-09-30,3325.0,neutral
2019-10-22,risk_on,neutral,0.0,0.9999999994013162,5.986829926220865e-10,2019-10-01,2006-07-17,2019-09-30,3325.0,neutral
2019-10-23,risk_on,neutral,0.0,0.9999999903046586,9.69534257108396e-09,2019-10-01,2006-07-17,2019-09-30,3325.0,neutral
2019-10-24,risk_on,neutral,0.0,0.9999995477123625,4.5228763649756445e-07,2019-10-01,2006-07-17,2019-09-30,3325.0,neutral
2019-10-25,risk_on,risk_on,0.0,0.15369898378711774,0.8463010162128789,2019-10-01,2006-07-17,2019-09-30,3325.0,neutral
2019-10-28,risk_on,neutral,0.0,0.9895010151168286,0.010498984883169311,2019-10-01,2006-07-17,2019-09-30,3325.0,risk_on
2019-10-29,risk_on,risk_on,0.0,0.20362612163692145,0.7963738783630819,2019-10-01,2006-07-17,2019-09-30,3325.0,neutral
2019-10-30,risk_on,risk_on,0.0,0.0023850702219488855,0.997614929778054,2019-10-01,2006-07-17,2019-09-30,3325.0,risk_on
2019-10-31,risk_on,neutral,0.0,0.9998370366137009,0.00016296338630021845,2019-10-01,2006-07-17,2019-09-30,3325.0,risk_on
2019-11-01,risk_on,risk_on,1.0947042513369337e-27,0.0,1.0,2019-11-01,2006-07-17,2019-10-31,3348.0,neutral
2019-11-04,risk_on,risk_on,1.1986073413568467e-28,0.0,1.0,2019-11-01,2006-07-17,2019-10-31,3348.0,risk_on
2019-11-05,risk_on,risk_on,2.412230437236389e-27,0.0,1.0,2019-11-01,2006-07-17,2019-10-31,3348.0,risk_on
2019-11-06,risk_on,risk_on,1.0590361939223956e-28,0.0,1.0,2019-11-01,2006-07-17,2019-10-31,3348.0,risk_on
2019-11-07,risk_on,risk_on,3.746051251193823e-28,0.0,1.0,2019-11-01,2006-07-17,2019-10-31,3348.0,risk_on
2019-11-08,risk_on,risk_on,4.943045136721982e-27,0.0,1.0,2019-11-01,2006-07-17,2019-10-31,3348.0,risk_on
2019-11-11,risk_on,risk_on,2.5809017390725615e-27,0.0,1.0,2019-11-01,2006-07-17,2019-10-31,3348.0,risk_on
2019-11-12,risk_on,risk_on,3.1555007239801776e-26,0.0,1.0,2019-11-01,2006-07-17,2019-10-31,3348.0,risk_on
2019-11-13,risk_on,risk_on,3.1083945868376955e-24,0.0,1.0,2019-11-01,2006-07-17,2019-10-31,3348.0,risk_on
2019-11-14,risk_on,risk_on,1.79744773607735e-25,0.0,1.0,2019-11-01,2006-07-17,2019-10-31,3348.0,risk_on
2019-11-15,risk_on,risk_on,1.2591096689548534e-26,0.0,1.0,2019-11-01,2006-07-17,2019-10-31,3348.0,risk_on
2019-11-18,risk_on,risk_on,1.6137044448090992e-26,0.0,1.0,2019-11-01,2006-07-17,2019-10-31,3348.0,risk_on
2019-11-19,risk_on,risk_on,3.2234860247490738e-27,0.0,1.0,2019-11-01,2006-07-17,2019-10-31,3348.0,risk_on
2019-11-20,risk_on,risk_on,3.090669341884147e-26,0.0,1.0,2019-11-01,2006-07-17,2019-10-31,3348.0,risk_on
2019-11-21,risk_on,risk_on,6.803898249560531e-23,0.0,1.0,2019-11-01,2006-07-17,2019-10-31,3348.0,risk_on
2019-11-22,risk_on,risk_on,6.164808258285982e-25,0.0,1.0,2019-11-01,2006-07-17,2019-10-31,3348.0,risk_on
2019-11-25,risk_on,risk_on,8.48820835211269e-27,0.0,1.0,2019-11-01,2006-07-17,2019-10-31,3348.0,risk_on
2019-11-26,risk_on,risk_on,9.847995940432759e-28,0.0,1.0,2019-11-01,2006-07-17,2019-10-31,3348.0,risk_on
2019-11-27,risk_on,risk_on,1.4002640589494787e-29,0.0,1.0,2019-11-01,2006-07-17,2019-10-31,3348.0,risk_on
2019-11-29,risk_on,risk_on,6.966867761924292e-29,0.0,1.0,2019-11-01,2006-07-17,2019-10-31,3348.0,risk_on
2019-12-02,risk_on,risk_off,1.0,7.585239886798922e-182,6.434355223551896e-30,2019-12-02,2006-07-17,2019-11-29,3368.0,risk_on
2019-12-03,risk_on,risk_off,1.0,9.275499713049036e-184,4.2182336658334785e-32,2019-12-02,2006-07-17,2019-11-29,3368.0,risk_off
2019-12-04,risk_on,risk_off,1.0,3.953510793339065e-184,1.753378871633953e-32,2019-12-02,2006-07-17,2019-11-29,3368.0,risk_off
2019-12-05,risk_on,risk_off,1.0,6.779510791483725e-184,1.4452203925025478e-33,2019-12-02,2006-07-17,2019-11-29,3368.0,risk_off
2019-12-06,risk_on,risk_off,1.0,1.4597179649321536e-184,2.0267855669915108e-30,2019-12-02,2006-07-17,2019-11-29,3368.0,risk_off
2019-12-09,risk_on,risk_off,1.0,7.1239074126964e-185,9.35695609253506e-28,2019-12-02,2006-07-17,2019-11-29,3368.0,risk_off
2019-12-10,risk_on,risk_off,1.0,1.8569853193957598e-186,1.9104075550375396e-26,2019-12-02,2006-07-17,2019-11-29,3368.0,risk_off
2019-12-11,risk_on,risk_off,1.0,4.202213933023186e-188,6.814212634922971e-27,2019-12-02,2006-07-17,2019-11-29,3368.0,risk_off
2019-12-12,risk_on,risk_off,1.0,2.3804697371211763e-186,6.221095768805056e-26,2019-12-02,2006-07-17,2019-11-29,3368.0,risk_off
2019-12-13,risk_on,risk_off,1.0,5.382220667711326e-196,8.250604406028478e-26,2019-12-02,2006-07-17,2019-11-29,3368.0,risk_off
2019-12-16,risk_on,risk_off,1.0,3.617215441541196e-190,4.898022907693733e-26,2019-12-02,2006-07-17,2019-11-29,3368.0,risk_off
2019-12-17,risk_on,risk_off,1.0,1.9227060133031318e-189,1.7881393029654937e-26,2019-12-02,2006-07-17,2019-11-29,3368.0,risk_off
2019-12-18,risk_on,risk_off,1.0,3.774037784361706e-191,2.5377726432773405e-28,2019-12-02,2006-07-17,2019-11-29,3368.0,risk_off
2019-12-19,risk_on,risk_off,1.0,3.733938455714198e-185,1.1263993704346426e-26,2019-12-02,2006-07-17,2019-11-29,3368.0,risk_off
2019-12-20,risk_on,risk_off,1.0,6.121802545287112e-187,1.3382489973950223e-27,2019-12-02,2006-07-17,2019-11-29,3368.0,risk_off
2019-12-23,risk_on,risk_off,1.0,2.25234427916204e-185,3.1170215887029636e-26,2019-12-02,2006-07-17,2019-11-29,3368.0,risk_off
2019-12-24,risk_on,risk_off,1.0,3.9671626396155965e-182,6.793828129509063e-25,2019-12-02,2006-07-17,2019-11-29,3368.0,risk_off
2019-12-26,risk_on,risk_off,1.0,6.0288442572998075e-186,3.0577426261355594e-25,2019-12-02,2006-07-17,2019-11-29,3368.0,risk_off
2019-12-27,risk_on,risk_off,1.0,3.4058484731726426e-184,3.840465832704847e-25,2019-12-02,2006-07-17,2019-11-29,3368.0,risk_off
2019-12-30,risk_on,risk_off,1.0,2.821478301977603e-183,7.1130171805164445e-25,2019-12-02,2006-07-17,2019-11-29,3368.0,risk_off
2019-12-31,risk_on,risk_off,1.0,3.4847024164392504e-183,1.4176599275807617e-25,2019-12-02,2006-07-17,2019-11-29,3368.0,risk_off
2020-01-02,risk_on,risk_on,5.931605862861954e-266,0.0,1.0,2020-01-02,2006-07-17,2019-12-31,3389.0,risk_off
2020-01-03,risk_on,risk_on,3.6938462374656134e-277,0.0,1.0,2020-01-02,2006-07-17,2019-12-31,3389.0,risk_on
2020-01-06,risk_on,risk_on,1.5825985572430702e-268,0.0,1.0,2020-01-02,2006-07-17,2019-12-31,3389.0,risk_on
2020-01-07,risk_on,risk_on,4.342495645408892e-270,0.0,1.0,2020-01-02,2006-07-17,2019-12-31,3389.0,risk_on
2020-01-08,risk_on,risk_on,5.2426124016445266e-272,0.0,1.0,2020-01-02,2006-07-17,2019-12-31,3389.0,risk_on
2020-01-09,risk_on,risk_on,1.7724651860224085e-271,0.0,1.0,2020-01-02,2006-07-17,2019-12-31,3389.0,risk_on
2020-01-10,risk_on,risk_on,8.880652548137971e-274,0.0,1.0,2020-01-02,2006-07-17,2019-12-31,3389.0,risk_on
2020-01-13,risk_on,risk_on,2.4135228329393136e-273,0.0,1.0,2020-01-02,2006-07-17,2019-12-31,3389.0,risk_on
2020-01-14,risk_on,risk_on,1.0634035580047115e-283,0.0,1.0,2020-01-02,2006-07-17,2019-12-31,3389.0,risk_on
2020-01-15,risk_on,risk_on,1.1275153126468578e-282,0.0,1.0,2020-01-02,2006-07-17,2019-12-31,3389.0,risk_on
2020-01-16,risk_on,risk_on,7.008756984175432e-282,0.0,1.0,2020-01-02,2006-07-17,2019-12-31,3389.0,risk_on
2020-01-17,risk_on,risk_on,2.9671114224835564e-276,0.0,1.0,2020-01-02,2006-07-17,2019-12-31,3389.0,risk_on
2020-01-21,risk_on,risk_on,8.524659688055263e-277,0.0,1.0,2020-01-02,2006-07-17,2019-12-31,3389.0,risk_on
2020-01-22,risk_on,risk_on,9.507694561915919e-284,0.0,1.0,2020-01-02,2006-07-17,2019-12-31,3389.0,risk_on
2020-01-23,risk_on,risk_on,1.0825039915667918e-284,0.0,1.0,2020-01-02,2006-07-17,2019-12-31,3389.0,risk_on
2020-01-24,risk_on,risk_on,4.482147035006508e-286,0.0,1.0,2020-01-02,2006-07-17,2019-12-31,3389.0,risk_on
2020-01-27,risk_on,risk_on,8.288589842522124e-283,0.0,1.0,2020-01-02,2006-07-17,2019-12-31,3389.0,risk_on
2020-01-28,risk_on,risk_on,3.583547368575687e-285,0.0,1.0,2020-01-02,2006-07-17,2019-12-31,3389.0,risk_on
2020-01-29,risk_on,risk_on,1.6226795316444014e-291,0.0,1.0,2020-01-02,2006-07-17,2019-12-31,3389.0,risk_on
2020-01-30,risk_on,risk_on,9.120458066866076e-285,0.0,1.0,2020-01-02,2006-07-17,2019-12-31,3389.0,risk_on
2020-01-31,risk_on,risk_on,1.3921896859000247e-288,0.0,1.0,2020-01-02,2006-07-17,2019-12-31,3389.0,risk_on
2020-02-03,risk_on,risk_on,2.7526914976232637e-260,0.0,1.0,2020-02-03,2006-07-17,2020-01-31,3410.0,risk_on
2020-02-04,risk_on,risk_on,1.1132860933253179e-265,0.0,1.0,2020-02-03,2006-07-17,2020-01-31,3410.0,risk_on
2020-02-05,risk_on,risk_on,8.424855741749101e-277,0.0,1.0,2020-02-03,2006-07-17,2020-01-31,3410.0,risk_on
2020-02-06,risk_on,risk_on,8.547376171441849e-285,0.0,1.0,2020-02-03,2006-07-17,2020-01-31,3410.0,risk_on
2020-02-07,risk_on,risk_on,3.2253227004629223e-289,0.0,1.0,2020-02-03,2006-07-17,2020-01-31,3410.0,risk_on
2020-02-10,risk_on,risk_on,3.715021240352126e-293,0.0,1.0,2020-02-03,2006-07-17,2020-01-31,3410.0,risk_on
2020-02-11,risk_on,risk_on,2.4468765226966316e-308,0.0,1.0,2020-02-03,2006-07-17,2020-01-31,3410.0,risk_on
2020-02-12,risk_on,risk_on,1e-323,0.0,1.0,2020-02-03,2006-07-17,2020-01-31,3410.0,risk_on
2020-02-13,risk_on,risk_on,0.0,0.0,1.0,2020-02-03,2006-07-17,2020-01-31,3410.0,risk_on
2020-02-14,risk_on,risk_on,0.0,0.0,1.0,2020-02-03,2006-07-17,2020-01-31,3410.0,risk_on
2020-02-18,risk_on,risk_on,0.0,0.0,1.0,2020-02-03,2006-07-17,2020-01-31,3410.0,risk_on
2020-02-19,risk_on,risk_on,0.0,0.0,1.0,2020-02-03,2006-07-17,2020-01-31,3410.0,risk_on
2020-02-20,risk_on,risk_on,0.0,0.0,1.0,2020-02-03,2006-07-17,2020-01-31,3410.0,risk_on
2020-02-21,risk_on,risk_on,1e-323,0.0,1.0,2020-02-03,2006-07-17,2020-01-31,3410.0,risk_on
2020-02-24,risk_on,risk_on,1.7463177839836895e-299,0.0,1.0,2020-02-03,2006-07-17,2020-01-31,3410.0,risk_on
2020-02-25,risk_on,risk_on,9.841541926900767e-297,0.0,1.0,2020-02-03,2006-07-17,2020-01-31,3410.0,risk_on
2020-02-26,risk_on,risk_on,4.146858679979258e-303,0.0,1.0,2020-02-03,2006-07-17,2020-01-31,3410.0,risk_on
2020-02-27,risk_on,risk_on,1.9884073291929857e-262,0.0,1.0,2020-02-03,2006-07-17,2020-01-31,3410.0,risk_on
2020-02-28,risk_on,risk_on,7.665048824564304e-250,0.0,1.0,2020-02-03,2006-07-17,2020-01-31,3410.0,risk_on
2020-03-02,neutral,neutral,0.0,1.0,3.1580439357995675e-225,2020-03-02,2006-07-17,2020-02-28,3429.0,risk_on
2020-03-03,neutral,neutral,0.0,1.0,1.8934391429449518e-199,2020-03-02,2006-07-17,2020-02-28,3429.0,neutral
2020-03-04,neutral,neutral,0.0,1.0,5.9325343694215594e-235,2020-03-02,2006-07-17,2020-02-28,3429.0,neutral
2020-03-05,neutral,neutral,0.0,1.0,1.9570441901436833e-221,2020-03-02,2006-07-17,2020-02-28,3429.0,neutral
2020-03-06,neutral,neutral,0.0,1.0,3.283390189886132e-191,2020-03-02,2006-07-17,2020-02-28,3429.0,neutral
2020-03-09,neutral,neutral,0.0,1.0,3.8428915726164714e-135,2020-03-02,2006-07-17,2020-02-28,3429.0,neutral
2020-03-10,neutral,neutral,0.0,1.0,1.0631322907585893e-157,2020-03-02,2006-07-17,2020-02-28,3429.0,neutral
2020-03-11,neutral,neutral,0.0,1.0,1.0554175773971068e-114,2020-03-02,2006-07-17,2020-02-28,3429.0,neutral
2020-03-12,neutral,risk_on,0.0,9.85478252754434e-22,1.0,2020-03-02,2006-07-17,2020-02-28,3429.0,neutral
2020-03-13,neutral,neutral,0.0,1.0,4.500559268829626e-82,2020-03-02,2006-07-17,2020-02-28,3429.0,risk_on
2020-03-16,neutral,risk_on,0.0,1.2868284204988468e-125,1.0,2020-03-02,2006-07-17,2020-02-28,3429.0,neutral
2020-03-17,neutral,risk_on,0.0,1.2649986700769994e-47,1.0,2020-03-02,2006-07-17,2020-02-28,3429.0,risk_on
2020-03-18,neutral,risk_on,0.0,6.907828544678358e-100,1.0,2020-03-02,2006-07-17,2020-02-28,3429.0,risk_on
2020-03-19,neutral,risk_on,0.0,7.255820985179866e-89,1.0,2020-03-02,2006-07-17,2020-02-28,3429.0,risk_on
2020-03-20,neutral,risk_on,0.0,2.245324296554411e-63,1.0,2020-03-02,2006-07-17,2020-02-28,3429.0,risk_on
2020-03-23,neutral,risk_on,0.0,4.546872799083166e-22,1.0,2020-03-02,2006-07-17,2020-02-28,3429.0,risk_on
2020-03-24,neutral,neutral,0.0,1.0,3.829134545084577e-26,2020-03-02,2006-07-17,2020-02-28,3429.0,risk_on
2020-03-25,neutral,neutral,0.0,0.9999999875458343,1.245414762896194e-08,2020-03-02,2006-07-17,2020-02-28,3429.0,neutral
2020-03-26,neutral,neutral,0.0,1.0,2.853883649723531e-76,2020-03-02,2006-07-17,2020-02-28,3429.0,neutral
2020-03-27,neutral,neutral,0.0,0.9999999996172164,3.8283238012560186e-10,2020-03-02,2006-07-17,2020-02-28,3429.0,neutral
2020-03-30,neutral,neutral,0.0,1.0,2.194773649380195e-69,2020-03-02,2006-07-17,2020-02-28,3429.0,neutral
2020-03-31,neutral,neutral,0.0,1.0,9.496646617420757e-77,2020-03-02,2006-07-17,2020-02-28,3429.0,neutral
2020-04-01,neutral,risk_off,1.0,0.0,1.6050081623422468e-140,2020-04-01,2006-07-17,2020-03-31,3451.0,neutral
2020-04-02,neutral,risk_off,1.0,0.0,2.3021103993656375e-128,2020-04-01,2006-07-17,2020-03-31,3451.0,risk_off
2020-04-03,neutral,risk_off,1.0,0.0,1.2339260240863334e-112,2020-04-01,2006-07-17,2020-03-31,3451.0,risk_off
2020-04-06,neutral,risk_off,1.0,0.0,1.4480942808547876e-101,2020-04-01,2006-07-17,2020-03-31,3451.0,risk_off
2020-04-07,neutral,risk_off,1.0,0.0,5.830543534144689e-84,2020-04-01,2006-07-17,2020-03-31,3451.0,risk_off
2020-04-08,neutral,risk_off,1.0,0.0,1.4853277916832715e-74,2020-04-01,2006-07-17,2020-03-31,3451.0,risk_off
2020-04-09,neutral,risk_off,1.0,0.0,5.976044337021513e-63,2020-04-01,2006-07-17,2020-03-31,3451.0,risk_off
2020-04-13,neutral,risk_off,1.0,0.0,5.536215708550837e-51,2020-04-01,2006-07-17,2020-03-31,3451.0,risk_off
2020-04-14,neutral,risk_off,1.0,0.0,1.0832954623789894e-45,2020-04-01,2006-07-17,2020-03-31,3451.0,risk_off
2020-04-15,neutral,risk_off,1.0,0.0,2.7943761993396173e-21,2020-04-01,2006-07-17,2020-03-31,3451.0,risk_off
2020-04-16,neutral,risk_off,0.999999999998991,0.0,1.009753210012905e-12,2020-04-01,2006-07-17,2020-03-31,3451.0,risk_off
2020-04-17,neutral,risk_off,0.99999988849489,0.0,1.1150510623455906e-07,2020-04-01,2006-07-17,2020-03-31,3451.0,risk_off
2020-04-20,neutral,risk_off,1.0,0.0,4.566793919690012e-132,2020-04-01,2006-07-17,2020-03-31,3451.0,risk_off
2020-04-21,neutral,risk_off,0.9999999999904219,0.0,9.573685427842623e-12,2020-04-01,2006-07-17,2020-03-31,3451.0,risk_off
2020-04-22,neutral,risk_off,0.7227978592933013,0.0,0.2772021407066953,2020-04-01,2006-07-17,2020-03-31,3451.0,risk_off
2020-04-23,neutral,risk_on,7.530092349445024e-06,0.0,0.9999924699076537,2020-04-01,2006-07-17,2020-03-31,3451.0,risk_off
2020-04-24,neutral,risk_on,9.33741653004937e-10,0.0,0.9999999990662616,2020-04-01,2006-07-17,2020-03-31,3451.0,risk_on
2020-04-27,neutral,risk_on,0.00045778771263346274,0.0,0.99954221228736,2020-04-01,2006-07-17,2020-03-31,3451.0,risk_on
2020-04-28,neutral,risk_on,2.2235376821064508e-05,0.0,0.9999777646231797,2020-04-01,2006-07-17,2020-03-31,3451.0,risk_on
2020-04-29,neutral,risk_on,1.1686903531574342e-06,0.0,0.9999988313096403,2020-04-01,2006-07-17,2020-03-31,3451.0,risk_on
2020-04-30,neutral,risk_on,3.42773704158424e-14,0.0,0.9999999999999716,2020-04-01,2006-07-17,2020-03-31,3451.0,risk_on
2020-05-01,neutral,risk_off,1.0,5.8840046673308735e-149,0.0,2020-05-01,2006-07-17,2020-04-30,3472.0,risk_on
2020-05-04,neutral,risk_off,1.0,1.3905005061568714e-149,0.0,2020-05-01,2006-07-17,2020-04-30,3472.0,risk_off
2020-05-05,neutral,risk_off,1.0,4.0061515645803443e-153,0.0,2020-05-01,2006-07-17,2020-04-30,3472.0,risk_off
2020-05-06,neutral,risk_off,1.0,4.1143315412790897e-156,0.0,2020-05-01,2006-07-17,2020-04-30,3472.0,risk_off
2020-05-07,neutral,risk_off,1.0,6.813307499387937e-153,0.0,2020-05-01,2006-07-17,2020-04-30,3472.0,risk_off
2020-05-08,neutral,risk_off,1.0,7.673037493418527e-120,0.0,2020-05-01,2006-07-17,2020-04-30,3472.0,risk_off
2020-05-11,neutral,risk_off,1.0,1.939447846632187e-121,0.0,2020-05-01,2006-07-17,2020-04-30,3472.0,risk_off
2020-05-12,neutral,risk_off,1.0,8.012459624409353e-120,0.0,2020-05-01,2006-07-17,2020-04-30,3472.0,risk_off
2020-05-13,neutral,risk_off,1.0,1.3688843140058318e-129,0.0,2020-05-01,2006-07-17,2020-04-30,3472.0,risk_off
2020-05-14,neutral,risk_off,1.0,3.61611679164975e-123,0.0,2020-05-01,2006-07-17,2020-04-30,3472.0,risk_off
2020-05-15,neutral,risk_off,1.0,3.771174748576796e-103,0.0,2020-05-01,2006-07-17,2020-04-30,3472.0,risk_off
2020-05-18,neutral,risk_off,1.0,0.0,0.0,2020-05-01,2006-07-17,2020-04-30,3472.0,risk_off
2020-05-19,neutral,risk_off,1.0,0.0,0.0,2020-05-01,2006-07-17,2020-04-30,3472.0,risk_off
2020-05-20,neutral,risk_off,1.0,0.0,0.0,2020-05-01,2006-07-17,2020-04-30,3472.0,risk_off
2020-05-21,neutral,risk_off,1.0,0.0,0.0,2020-05-01,2006-07-17,2020-04-30,3472.0,risk_off
2020-05-22,neutral,risk_off,1.0,0.0,0.0,2020-05-01,2006-07-17,2020-04-30,3472.0,risk_off
2020-05-26,neutral,risk_off,1.0,0.0,0.0,2020-05-01,2006-07-17,2020-04-30,3472.0,risk_off
2020-05-27,neutral,risk_off,1.0,0.0,0.0,2020-05-01,2006-07-17,2020-04-30,3472.0,risk_off
2020-05-28,neutral,risk_off,1.0,0.0,0.0,2020-05-01,2006-07-17,2020-04-30,3472.0,risk_off
2020-05-29,neutral,risk_off,1.0,0.0,0.0,2020-05-01,2006-07-17,2020-04-30,3472.0,risk_off
2020-06-01,neutral,neutral,0.0,1.0,0.0,2020-06-01,2006-07-17,2020-05-29,3492.0,risk_off
2020-06-02,neutral,neutral,0.0,1.0,0.0,2020-06-01,2006-07-17,2020-05-29,3492.0,neutral
2020-06-03,neutral,neutral,0.0,1.0,0.0,2020-06-01,2006-07-17,2020-05-29,3492.0,neutral
2020-06-04,neutral,neutral,0.0,1.0,0.0,2020-06-01,2006-07-17,2020-05-29,3492.0,neutral
2020-06-05,neutral,neutral,0.0,1.0,0.0,2020-06-01,2006-07-17,2020-05-29,3492.0,neutral
2020-06-08,neutral,neutral,0.0,1.0,0.0,2020-06-01,2006-07-17,2020-05-29,3492.0,neutral
2020-06-09,neutral,neutral,0.0,1.0,0.0,2020-06-01,2006-07-17,2020-05-29,3492.0,neutral
2020-06-10,neutral,neutral,0.0,1.0,0.0,2020-06-01,2006-07-17,2020-05-29,3492.0,neutral
2020-06-11,neutral,neutral,0.0,1.0,0.0,2020-06-01,2006-07-17,2020-05-29,3492.0,neutral
2020-06-12,neutral,neutral,0.0,1.0,0.0,2020-06-01,2006-07-17,2020-05-29,3492.0,neutral
2020-06-15,neutral,neutral,0.0,1.0,0.0,2020-06-01,2006-07-17,2020-05-29,3492.0,neutral
2020-06-16,neutral,neutral,0.0,1.0,0.0,2020-06-01,2006-07-17,2020-05-29,3492.0,neutral
2020-06-17,neutral,neutral,0.0,1.0,0.0,2020-06-01,2006-07-17,2020-05-29,3492.0,neutral
2020-06-18,neutral,neutral,0.0,1.0,0.0,2020-06-01,2006-07-17,2020-05-29,3492.0,neutral
2020-06-19,neutral,neutral,0.0,1.0,0.0,2020-06-01,2006-07-17,2020-05-29,3492.0,neutral
2020-06-22,neutral,neutral,0.0,1.0,0.0,2020-06-01,2006-07-17,2020-05-29,3492.0,neutral
2020-06-23,neutral,neutral,0.0,1.0,0.0,2020-06-01,2006-07-17,2020-05-29,3492.0,neutral
2020-06-24,neutral,neutral,0.0,1.0,0.0,2020-06-01,2006-07-17,2020-05-29,3492.0,neutral
2020-06-25,neutral,neutral,0.0,1.0,0.0,2020-06-01,2006-07-17,2020-05-29,3492.0,neutral
2020-06-26,neutral,neutral,0.0,1.0,0.0,2020-06-01,2006-07-17,2020-05-29,3492.0,neutral
2020-06-29,neutral,neutral,0.0,1.0,0.0,2020-06-01,2006-07-17,2020-05-29,3492.0,neutral
2020-06-30,neutral,neutral,0.0,1.0,0.0,2020-06-01,2006-07-17,2020-05-29,3492.0,neutral
2020-07-01,neutral,neutral,0.0,1.0,0.0,2020-07-01,2006-07-17,2020-06-30,3514.0,neutral
2020-07-02,neutral,neutral,0.0,1.0,0.0,2020-07-01,2006-07-17,2020-06-30,3514.0,neutral
2020-07-06,neutral,neutral,0.0,1.0,0.0,2020-07-01,2006-07-17,2020-06-30,3514.0,neutral
2020-07-07,neutral,neutral,0.0,1.0,0.0,2020-07-01,2006-07-17,2020-06-30,3514.0,neutral
2020-07-08,neutral,neutral,0.0,1.0,0.0,2020-07-01,2006-07-17,2020-06-30,3514.0,neutral
2020-07-09,neutral,neutral,0.0,1.0,0.0,2020-07-01,2006-07-17,2020-06-30,3514.0,neutral
2020-07-10,neutral,neutral,0.0,1.0,0.0,2020-07-01,2006-07-17,2020-06-30,3514.0,neutral
2020-07-13,neutral,neutral,0.0,1.0,0.0,2020-07-01,2006-07-17,2020-06-30,3514.0,neutral
2020-07-14,neutral,neutral,0.0,1.0,0.0,2020-07-01,2006-07-17,2020-06-30,3514.0,neutral
2020-07-15,neutral,neutral,0.0,1.0,0.0,2020-07-01,2006-07-17,2020-06-30,3514.0,neutral
2020-07-16,neutral,neutral,0.0,1.0,0.0,2020-07-01,2006-07-17,2020-06-30,3514.0,neutral
2020-07-17,neutral,neutral,0.0,1.0,0.0,2020-07-01,2006-07-17,2020-06-30,3514.0,neutral
2020-07-20,neutral,neutral,0.0,1.0,1.325661478713357e-210,2020-07-01,2006-07-17,2020-06-30,3514.0,neutral
2020-07-21,neutral,neutral,0.0,1.0,0.0,2020-07-01,2006-07-17,2020-06-30,3514.0,neutral
2020-07-22,neutral,neutral,0.0,1.0,0.0,2020-07-01,2006-07-17,2020-06-30,3514.0,neutral
2020-07-23,neutral,neutral,0.0,1.0,0.0,2020-07-01,2006-07-17,2020-06-30,3514.0,neutral
2020-07-24,neutral,neutral,0.0,1.0,0.0,2020-07-01,2006-07-17,2020-06-30,3514.0,neutral
2020-07-27,neutral,neutral,0.0,1.0,0.0,2020-07-01,2006-07-17,2020-06-30,3514.0,neutral
2020-07-28,neutral,neutral,0.0,1.0,0.0,2020-07-01,2006-07-17,2020-06-30,3514.0,neutral
2020-07-29,neutral,neutral,0.0,1.0,0.0,2020-07-01,2006-07-17,2020-06-30,3514.0,neutral
2020-07-30,neutral,neutral,0.0,1.0,0.0,2020-07-01,2006-07-17,2020-06-30,3514.0,neutral
2020-07-31,neutral,neutral,0.0,1.0,0.0,2020-07-01,2006-07-17,2020-06-30,3514.0,neutral
2020-08-03,neutral,risk_off,1.0,0.0,0.0,2020-08-03,2006-07-17,2020-07-31,3536.0,neutral
2020-08-04,neutral,risk_off,1.0,0.0,0.0,2020-08-03,2006-07-17,2020-07-31,3536.0,risk_off
2020-08-05,neutral,risk_off,1.0,0.0,0.0,2020-08-03,2006-07-17,2020-07-31,3536.0,risk_off
2020-08-06,neutral,risk_off,1.0,0.0,0.0,2020-08-03,2006-07-17,2020-07-31,3536.0,risk_off
2020-08-07,neutral,risk_off,1.0,0.0,0.0,2020-08-03,2006-07-17,2020-07-31,3536.0,risk_off
2020-08-10,neutral,risk_off,1.0,0.0,0.0,2020-08-03,2006-07-17,2020-07-31,3536.0,risk_off
2020-08-11,neutral,risk_off,1.0,0.0,0.0,2020-08-03,2006-07-17,2020-07-31,3536.0,risk_off
2020-08-12,neutral,risk_off,1.0,0.0,0.0,2020-08-03,2006-07-17,2020-07-31,3536.0,risk_off
2020-08-13,neutral,risk_off,1.0,0.0,0.0,2020-08-03,2006-07-17,2020-07-31,3536.0,risk_off
2020-08-14,neutral,risk_off,1.0,0.0,0.0,2020-08-03,2006-07-17,2020-07-31,3536.0,risk_off
2020-08-17,neutral,risk_off,1.0,0.0,4.4375842171883276e-279,2020-08-03,2006-07-17,2020-07-31,3536.0,risk_off
2020-08-18,neutral,risk_off,1.0,0.0,1.0473716664937868e-278,2020-08-03,2006-07-17,2020-07-31,3536.0,risk_off
2020-08-19,neutral,risk_off,1.0,0.0,5.4441330489797564e-278,2020-08-03,2006-07-17,2020-07-31,3536.0,risk_off
2020-08-20,neutral,risk_off,1.0,0.0,6.756413728828139e-278,2020-08-03,2006-07-17,2020-07-31,3536.0,risk_off
2020-08-21,neutral,risk_off,1.0,0.0,2.0133900111932748e-282,2020-08-03,2006-07-17,2020-07-31,3536.0,risk_off
2020-08-24,neutral,risk_off,1.0,0.0,7.436652152244714e-285,2020-08-03,2006-07-17,2020-07-31,3536.0,risk_off
2020-08-25,neutral,risk_off,1.0,0.0,2.0703719971064384e-286,2020-08-03,2006-07-17,2020-07-31,3536.0,risk_off
2020-08-26,neutral,risk_off,1.0,0.0,9.536175375949412e-289,2020-08-03,2006-07-17,2020-07-31,3536.0,risk_off
2020-08-27,neutral,risk_off,1.0,0.0,5.212574927633063e-294,2020-08-03,2006-07-17,2020-07-31,3536.0,risk_off
2020-08-28,neutral,risk_off,1.0,0.0,4.5587493853565716e-300,2020-08-03,2006-07-17,2020-07-31,3536.0,risk_off
2020-08-31,neutral,risk_off,1.0,0.0,5.2811985896561315e-294,2020-08-03,2006-07-17,2020-07-31,3536.0,risk_off
2020-09-01,neutral,neutral,0.0,1.0,0.0,2020-09-01,2006-07-17,2020-08-31,3557.0,risk_off
2020-09-02,neutral,neutral,0.0,1.0,0.0,2020-09-01,2006-07-17,2020-08-31,3557.0,neutral
2020-09-03,neutral,neutral,0.0,1.0,0.0,2020-09-01,2006-07-17,2020-08-31,3557.0,neutral
2020-09-04,neutral,neutral,0.0,1.0,0.0,2020-09-01,2006-07-17,2020-08-31,3557.0,neutral
2020-09-08,neutral,neutral,0.0,1.0,0.0,2020-09-01,2006-07-17,2020-08-31,3557.0,neutral
2020-09-09,neutral,neutral,0.0,1.0,0.0,2020-09-01,2006-07-17,2020-08-31,3557.0,neutral
2020-09-10,neutral,neutral,0.0,1.0,0.0,2020-09-01,2006-07-17,2020-08-31,3557.0,neutral
2020-09-11,neutral,neutral,0.0,1.0,0.0,2020-09-01,2006-07-17,2020-08-31,3557.0,neutral
2020-09-14,neutral,neutral,0.0,1.0,0.0,2020-09-01,2006-07-17,2020-08-31,3557.0,neutral
2020-09-15,neutral,neutral,0.0,1.0,0.0,2020-09-01,2006-07-17,2020-08-31,3557.0,neutral
2020-09-16,neutral,neutral,0.0,1.0,0.0,2020-09-01,2006-07-17,2020-08-31,3557.0,neutral
2020-09-17,neutral,neutral,0.0,1.0,0.0,2020-09-01,2006-07-17,2020-08-31,3557.0,neutral
2020-09-18,neutral,neutral,0.0,1.0,0.0,2020-09-01,2006-07-17,2020-08-31,3557.0,neutral
2020-09-21,neutral,neutral,0.0,1.0,0.0,2020-09-01,2006-07-17,2020-08-31,3557.0,neutral
2020-09-22,neutral,neutral,0.0,1.0,0.0,2020-09-01,2006-07-17,2020-08-31,3557.0,neutral
2020-09-23,neutral,neutral,0.0,1.0,0.0,2020-09-01,2006-07-17,2020-08-31,3557.0,neutral
2020-09-24,neutral,neutral,0.0,1.0,0.0,2020-09-01,2006-07-17,2020-08-31,3557.0,neutral
2020-09-25,neutral,neutral,0.0,1.0,0.0,2020-09-01,2006-07-17,2020-08-31,3557.0,neutral
2020-09-28,neutral,neutral,0.0,1.0,0.0,2020-09-01,2006-07-17,2020-08-31,3557.0,neutral
2020-09-29,neutral,neutral,0.0,1.0,0.0,2020-09-01,2006-07-17,2020-08-31,3557.0,neutral
2020-09-30,neutral,neutral,0.0,1.0,0.0,2020-09-01,2006-07-17,2020-08-31,3557.0,neutral
2020-10-01,neutral,risk_off,1.0,0.0,8.672725388650043e-169,2020-10-01,2006-07-17,2020-09-30,3578.0,neutral
2020-10-02,neutral,risk_off,1.0,0.0,8.673985277123812e-176,2020-10-01,2006-07-17,2020-09-30,3578.0,risk_off
2020-10-05,neutral,risk_off,1.0,0.0,1.0205647402245831e-169,2020-10-01,2006-07-17,2020-09-30,3578.0,risk_off
2020-10-06,neutral,risk_off,1.0,0.0,4.6385760942949226e-166,2020-10-01,2006-07-17,2020-09-30,3578.0,risk_off
2020-10-07,neutral,risk_off,1.0,0.0,2.2651200326640575e-162,2020-10-01,2006-07-17,2020-09-30,3578.0,risk_off
2020-10-08,neutral,risk_off,1.0,0.0,7.095724306318098e-167,2020-10-01,2006-07-17,2020-09-30,3578.0,risk_off
2020-10-09,neutral,risk_off,1.0,0.0,9.463627298005432e-167,2020-10-01,2006-07-17,2020-09-30,3578.0,risk_off
2020-10-12,neutral,risk_off,1.0,0.0,2.9994532506053957e-160,2020-10-01,2006-07-17,2020-09-30,3578.0,risk_off
2020-10-13,neutral,risk_off,1.0,0.0,2.9756815298314994e-155,2020-10-01,2006-07-17,2020-09-30,3578.0,risk_off
2020-10-14,neutral,risk_off,1.0,0.0,9.223557607927802e-159,2020-10-01,2006-07-17,2020-09-30,3578.0,risk_off
2020-10-15,neutral,risk_off,1.0,0.0,1.578762647250505e-161,2020-10-01,2006-07-17,2020-09-30,3578.0,risk_off
2020-10-16,neutral,risk_off,1.0,0.0,6.848601610451148e-130,2020-10-01,2006-07-17,2020-09-30,3578.0,risk_off
2020-10-19,neutral,risk_off,1.0,0.0,4.555119874800374e-130,2020-10-01,2006-07-17,2020-09-30,3578.0,risk_off
2020-10-20,neutral,risk_off,1.0,0.0,3.5893519250595634e-129,2020-10-01,2006-07-17,2020-09-30,3578.0,risk_off
2020-10-21,neutral,risk_off,1.0,0.0,5.274095443249197e-131,2020-10-01,2006-07-17,2020-09-30,3578.0,risk_off
2020-10-22,neutral,risk_off,1.0,0.0,7.535419874714526e-133,2020-10-01,2006-07-17,2020-09-30,3578.0,risk_off
2020-10-23,neutral,risk_off,1.0,0.0,2.4803353218824724e-134,2020-10-01,2006-07-17,2020-09-30,3578.0,risk_off
2020-10-26,neutral,risk_off,1.0,0.0,7.38606934327294e-131,2020-10-01,2006-07-17,2020-09-30,3578.0,risk_off
2020-10-27,neutral,risk_off,1.0,0.0,2.1066474871732102e-126,2020-10-01,2006-07-17,2020-09-30,3578.0,risk_off
2020-10-28,neutral,risk_off,1.0,0.0,6.418345509711e-131,2020-10-01,2006-07-17,2020-09-30,3578.0,risk_off
2020-10-29,neutral,risk_off,1.0,0.0,1.7935038393986423e-128,2020-10-01,2006-07-17,2020-09-30,3578.0,risk_off
2020-10-30,neutral,risk_off,1.0,0.0,8.867533077174457e-136,2020-10-01,2006-07-17,2020-09-30,3578.0,risk_off
2020-11-02,neutral,risk_on,3.7694396207043555e-30,0.0,1.0,2020-11-02,2006-07-17,2020-10-30,3600.0,risk_off
2020-11-03,neutral,risk_on,4.855668542899106e-30,0.0,1.0,2020-11-02,2006-07-17,2020-10-30,3600.0,risk_on
2020-11-04,neutral,risk_on,4.2341112503557804e-29,0.0,1.0,2020-11-02,2006-07-17,2020-10-30,3600.0,risk_on
2020-11-05,neutral,risk_on,6.179915966158216e-26,0.0,1.0,2020-11-02,2006-07-17,2020-10-30,3600.0,risk_on
2020-11-06,neutral,risk_on,2.8366841950843045e-26,0.0,1.0,2020-11-02,2006-07-17,2020-10-30,3600.0,risk_on
2020-11-09,neutral,risk_on,5.753494625384745e-24,0.0,1.0,2020-11-02,2006-07-17,2020-10-30,3600.0,risk_on
2020-11-10,neutral,risk_on,1.650384244989734e-24,0.0,1.0,2020-11-02,2006-07-17,2020-10-30,3600.0,risk_on
2020-11-11,neutral,risk_on,9.537036313565663e-23,0.0,1.0,2020-11-02,2006-07-17,2020-10-30,3600.0,risk_on
2020-11-12,neutral,risk_on,1.074477141845908e-25,0.0,1.0,2020-11-02,2006-07-17,2020-10-30,3600.0,risk_on
2020-11-13,neutral,risk_on,5.029170342574351e-22,0.0,1.0,2020-11-02,2006-07-17,2020-10-30,3600.0,risk_on
2020-11-16,neutral,risk_on,1.3742702450728582e-26,0.0,1.0,2020-11-02,2006-07-17,2020-10-30,3600.0,risk_on
2020-11-17,neutral,risk_on,2.9949486410094674e-27,0.0,1.0,2020-11-02,2006-07-17,2020-10-30,3600.0,risk_on
2020-11-18,neutral,risk_on,1.0708708640253115e-28,0.0,1.0,2020-11-02,2006-07-17,2020-10-30,3600.0,risk_on
2020-11-19,neutral,risk_on,1.3162405730468475e-27,0.0,1.0,2020-11-02,2006-07-17,2020-10-30,3600.0,risk_on
2020-11-20,neutral,risk_on,3.205872084768308e-29,0.0,1.0,2020-11-02,2006-07-17,2020-10-30,3600.0,risk_on
2020-11-23,neutral,risk_on,2.8081338631743226e-27,0.0,1.0,2020-11-02,2006-07-17,2020-10-30,3600.0,risk_on
2020-11-24,neutral,risk_on,1.2594098608235991e-22,0.0,1.0,2020-11-02,2006-07-17,2020-10-30,3600.0,risk_on
2020-11-25,neutral,risk_on,1.4530962312880534e-21,0.0,1.0,2020-11-02,2006-07-17,2020-10-30,3600.0,risk_on
2020-11-27,neutral,risk_on,2.2640614841173408e-21,0.0,1.0,2020-11-02,2006-07-17,2020-10-30,3600.0,risk_on
2020-11-30,neutral,risk_on,5.460147818147346e-23,0.0,1.0,2020-11-02,2006-07-17,2020-10-30,3600.0,risk_on
2020-12-01,neutral,risk_off,1.0,0.0,9.83050074172099e-138,2020-12-01,2006-07-17,2020-11-30,3620.0,risk_on
2020-12-02,neutral,risk_off,1.0,0.0,7.65531308364642e-134,2020-12-01,2006-07-17,2020-11-30,3620.0,risk_off
2020-12-03,neutral,risk_off,1.0,0.0,5.47033365912084e-131,2020-12-01,2006-07-17,2020-11-30,3620.0,risk_off
2020-12-04,neutral,risk_off,1.0,0.0,1.8224756385613385e-125,2020-12-01,2006-07-17,2020-11-30,3620.0,risk_off
2020-12-07,neutral,risk_off,1.0,0.0,3.6214511664878847e-119,2020-12-01,2006-07-17,2020-11-30,3620.0,risk_off
2020-12-08,neutral,risk_off,1.0,0.0,5.062313652476216e-121,2020-12-01,2006-07-17,2020-11-30,3620.0,risk_off
2020-12-09,neutral,risk_off,1.0,0.0,1.5784270157124282e-134,2020-12-01,2006-07-17,2020-11-30,3620.0,risk_off
2020-12-10,neutral,risk_off,1.0,0.0,2.383936192357726e-131,2020-12-01,2006-07-17,2020-11-30,3620.0,risk_off
2020-12-11,neutral,risk_off,1.0,0.0,3.5029055930677373e-135,2020-12-01,2006-07-17,2020-11-30,3620.0,risk_off
2020-12-14,neutral,risk_off,1.0,0.0,2.682973021003649e-134,2020-12-01,2006-07-17,2020-11-30,3620.0,risk_off
2020-12-15,neutral,risk_off,1.0,0.0,3.80611213623841e-127,2020-12-01,2006-07-17,2020-11-30,3620.0,risk_off
2020-12-16,neutral,risk_off,1.0,0.0,2.6421028463483074e-117,2020-12-01,2006-07-17,2020-11-30,3620.0,risk_off
2020-12-17,neutral,risk_off,1.0,0.0,2.657843289849155e-113,2020-12-01,2006-07-17,2020-11-30,3620.0,risk_off
2020-12-18,neutral,risk_off,1.0,0.0,4.844349471304976e-116,2020-12-01,2006-07-17,2020-11-30,3620.0,risk_off
2020-12-21,neutral,risk_off,1.0,0.0,7.977477752893829e-126,2020-12-01,2006-07-17,2020-11-30,3620.0,risk_off
2020-12-22,neutral,risk_off,1.0,0.0,1.1219024665333891e-122,2020-12-01,2006-07-17,2020-11-30,3620.0,risk_off
2020-12-23,neutral,risk_off,1.0,0.0,6.0040039577299355e-123,2020-12-01,2006-07-17,2020-11-30,3620.0,risk_off
2020-12-24,neutral,risk_off,1.0,0.0,2.5511105390343394e-122,2020-12-01,2006-07-17,2020-11-30,3620.0,risk_off
2020-12-28,neutral,risk_off,1.0,0.0,7.885483554190505e-125,2020-12-01,2006-07-17,2020-11-30,3620.0,risk_off
2020-12-29,neutral,risk_off,1.0,0.0,1.0203548236158848e-128,2020-12-01,2006-07-17,2020-11-30,3620.0,risk_off
2020-12-30,neutral,risk_off,1.0,0.0,2.8153841539289076e-127,2020-12-01,2006-07-17,2020-11-30,3620.0,risk_off
2020-12-31,neutral,risk_off,1.0,0.0,1.580184127871228e-133,2020-12-01,2006-07-17,2020-11-30,3620.0,risk_off
2021-01-04,neutral,neutral,2.257030298534136e-58,1.0,0.0,2021-01-04,2006-07-17,2020-12-31,3642.0,risk_off
2021-01-05,neutral,neutral,4.034073624358015e-61,1.0,0.0,2021-01-04,2006-07-17,2020-12-31,3642.0,neutral
2021-01-06,neutral,neutral,1.0363848143465075e-56,1.0,0.0,2021-01-04,2006-07-17,2020-12-31,3642.0,neutral
2021-01-07,neutral,neutral,9.147928326866895e-52,1.0,0.0,2021-01-04,2006-07-17,2020-12-31,3642.0,neutral
2021-01-08,neutral,neutral,1.2123070056982753e-55,1.0,0.0,2021-01-04,2006-07-17,2020-12-31,3642.0,neutral
2021-01-11,neutral,neutral,1.2940899228693863e-59,1.0,0.0,2021-01-04,2006-07-17,2020-12-31,3642.0,neutral
2021-01-12,neutral,neutral,7.452733820284152e-66,1.0,0.0,2021-01-04,2006-07-17,2020-12-31,3642.0,neutral
2021-01-13,neutral,neutral,9.770646892198005e-63,1.0,0.0,2021-01-04,2006-07-17,2020-12-31,3642.0,neutral
2021-01-14,neutral,neutral,1.1313575087184604e-64,1.0,0.0,2021-01-04,2006-07-17,2020-12-31,3642.0,neutral
2021-01-15,neutral,neutral,3.17899187754836e-66,1.0,0.0,2021-01-04,2006-07-17,2020-12-31,3642.0,neutral
2021-01-19,neutral,neutral,1.4228654536968319e-64,1.0,0.0,2021-01-04,2006-07-17,2020-12-31,3642.0,neutral
2021-01-20,neutral,neutral,2.3824381972413024e-58,1.0,0.0,2021-01-04,2006-07-17,2020-12-31,3642.0,neutral
2021-01-21,neutral,neutral,2.400647284528042e-56,1.0,0.0,2021-01-04,2006-07-17,2020-12-31,3642.0,neutral
2021-01-22,neutral,neutral,2.3803449529814716e-58,1.0,0.0,2021-01-04,2006-07-17,2020-12-31,3642.0,neutral
2021-01-25,neutral,neutral,2.9434613644963955e-61,1.0,0.0,2021-01-04,2006-07-17,2020-12-31,3642.0,neutral
2021-01-26,neutral,neutral,3.202735626161951e-61,1.0,0.0,2021-01-04,2006-07-17,2020-12-31,3642.0,neutral
2021-01-27,neutral,neutral,4.2675831643330993e-67,1.0,0.0,2021-01-04,2006-07-17,2020-12-31,3642.0,neutral
2021-01-28,neutral,neutral,4.800300612999319e-65,1.0,0.0,2021-01-04,2006-07-17,2020-12-31,3642.0,neutral
2021-01-29,neutral,neutral,7.810146277962338e-61,1.0,0.0,2021-01-04,2006-07-17,2020-12-31,3642.0,neutral
2021-02-01,neutral,risk_on,9.1964309382434e-66,5.699455130710782e-260,1.0,2021-02-01,2006-07-17,2021-01-29,3661.0,neutral
2021-02-02,neutral,risk_on,1.478751914163095e-58,1.2361759966121609e-266,1.0,2021-02-01,2006-07-17,2021-01-29,3661.0,risk_on
2021-02-03,neutral,risk_on,4.382992658024144e-56,2.238740455712539e-278,1.0,2021-02-01,2006-07-17,2021-01-29,3661.0,risk_on
2021-02-04,neutral,risk_on,2.0642172602556806e-57,7.104409693182134e-288,1.0,2021-02-01,2006-07-17,2021-01-29,3661.0,risk_on
2021-02-05,neutral,risk_on,3.222102638208291e-64,1.0052813322884476e-296,1.0,2021-02-01,2006-07-17,2021-01-29,3661.0,risk_on
2021-02-08,neutral,risk_on,1.7507417238262045e-68,1.299341876248452e-304,1.0,2021-02-01,2006-07-17,2021-01-29,3661.0,risk_on
2021-02-09,neutral,risk_on,5.543197552773465e-67,7.589163503714415e-309,1.0,2021-02-01,2006-07-17,2021-01-29,3661.0,risk_on
2021-02-10,neutral,risk_on,1.7356731995347758e-62,2.9144508325414183e-302,1.0,2021-02-01,2006-07-17,2021-01-29,3661.0,risk_on
2021-02-11,neutral,risk_on,1.2179537944993588e-61,1.357664071856128e-301,1.0,2021-02-01,2006-07-17,2021-01-29,3661.0,risk_on
2021-02-12,neutral,risk_on,3.3915490516249256e-63,2.577192224325827e-308,1.0,2021-02-01,2006-07-17,2021-01-29,3661.0,risk_on
2021-02-16,neutral,risk_on,8.846333040990907e-79,3.7118048669561786e-256,1.0,2021-02-01,2006-07-17,2021-01-29,3661.0,risk_on
2021-02-17,neutral,risk_on,6.659488337336683e-81,2.9968326892367143e-263,1.0,2021-02-01,2006-07-17,2021-01-29,3661.0,risk_on
2021-02-18,neutral,risk_on,1.905660428069878e-85,1.4810579685705814e-262,1.0,2021-02-01,2006-07-17,2021-01-29,3661.0,risk_on
2021-02-19,neutral,risk_on,4.465649695526104e-88,3.551546399679996e-266,1.0,2021-02-01,2006-07-17,2021-01-29,3661.0,risk_on
2021-02-22,neutral,risk_on,2.590785774850436e-83,4.300166319801381e-271,1.0,2021-02-01,2006-07-17,2021-01-29,3661.0,risk_on
2021-02-23,neutral,risk_on,2.1065940098086145e-87,2.517758287221171e-258,1.0,2021-02-01,2006-07-17,2021-01-29,3661.0,risk_on
2021-02-24,neutral,risk_on,9.29402531548426e-87,7.994142561903358e-265,1.0,2021-02-01,2006-07-17,2021-01-29,3661.0,risk_on
2021-02-25,neutral,risk_on,5.674077377202709e-95,2.4992331446832444e-247,1.0,2021-02-01,2006-07-17,2021-01-29,3661.0,risk_on
2021-02-26,neutral,risk_on,7.637712348503408e-111,3.203435323436704e-234,1.0,2021-02-01,2006-07-17,2021-01-29,3661.0,risk_on
2021-03-01,neutral,neutral,6.899241188286753e-51,1.0,4.50704428943e-312,2021-03-01,2006-07-17,2021-02-26,3680.0,risk_on
2021-03-02,neutral,neutral,1.884937428765215e-47,1.0,2.0687947e-317,2021-03-01,2006-07-17,2021-02-26,3680.0,neutral
2021-03-03,neutral,neutral,3.1654615475321593e-43,1.0,0.0,2021-03-01,2006-07-17,2021-02-26,3680.0,neutral
2021-03-04,neutral,neutral,1.043512790999201e-31,1.0,0.0,2021-03-01,2006-07-17,2021-02-26,3680.0,neutral
2021-03-05,neutral,neutral,1.23505220149976e-44,1.0,0.0,2021-03-01,2006-07-17,2021-02-26,3680.0,neutral
2021-03-08,neutral,neutral,1.859615222151738e-44,1.0,0.0,2021-03-01,2006-07-17,2021-02-26,3680.0,neutral
2021-03-09,neutral,neutral,2.1716695701314712e-57,1.0,0.0,2021-03-01,2006-07-17,2021-02-26,3680.0,neutral
2021-03-10,neutral,neutral,1.6240746315998126e-50,1.0,0.0,2021-03-01,2006-07-17,2021-02-26,3680.0,neutral
2021-03-11,neutral,neutral,2.4381116002537656e-63,1.0,0.0,2021-03-01,2006-07-17,2021-02-26,3680.0,neutral
2021-03-12,neutral,neutral,2.3949869588568623e-95,1.0,0.0,2021-03-01,2006-07-17,2021-02-26,3680.0,neutral
2021-03-15,neutral,neutral,7.082716890778206e-70,1.0,0.0,2021-03-01,2006-07-17,2021-02-26,3680.0,neutral
2021-03-16,neutral,neutral,8.308255656842055e-107,1.0,6.4446e-320,2021-03-01,2006-07-17,2021-02-26,3680.0,neutral
2021-03-17,neutral,neutral,4.6378991293354496e-91,1.0,1.3e-322,2021-03-01,2006-07-17,2021-02-26,3680.0,neutral
2021-03-18,neutral,neutral,8.101419190655673e-104,1.0,4.9228107551543e-311,2021-03-01,2006-07-17,2021-02-26,3680.0,neutral
2021-03-19,neutral,neutral,4.919984877407859e-97,1.0,1.641850440973395e-308,2021-03-01,2006-07-17,2021-02-26,3680.0,neutral
2021-03-22,neutral,neutral,6.672797764364891e-114,1.0,7.508500191036295e-298,2021-03-01,2006-07-17,2021-02-26,3680.0,neutral
2021-03-23,neutral,neutral,2.71651337830629e-118,1.0,1.331574701908014e-287,2021-03-01,2006-07-17,2021-02-26,3680.0,neutral
2021-03-24,neutral,neutral,2.036466322083652e-78,1.0,6.027989074899222e-292,2021-03-01,2006-07-17,2021-02-26,3680.0,neutral
2021-03-25,neutral,neutral,3.947850866478102e-74,1.0,1.1300161932533543e-297,2021-03-01,2006-07-17,2021-02-26,3680.0,neutral
2021-03-26,neutral,neutral,3.3536637472789087e-63,1.0,2.8722286073912195e-299,2021-03-01,2006-07-17,2021-02-26,3680.0,neutral
2021-03-29,neutral,neutral,1.3320020552542048e-67,1.0,3.0356479944152355e-290,2021-03-01,2006-07-17,2021-02-26,3680.0,neutral
2021-03-30,neutral,neutral,1.237132082134142e-56,1.0,1.745762238526781e-293,2021-03-01,2006-07-17,2021-02-26,3680.0,neutral
2021-03-31,neutral,neutral,1.6399221633847745e-56,1.0,1.88464288099231e-281,2021-03-01,2006-07-17,2021-02-26,3680.0,neutral
2021-04-01,neutral,risk_off,1.0,5.189464550428522e-67,1.046862374153143e-120,2021-04-01,2006-07-17,2021-03-31,3703.0,neutral
2021-04-05,neutral,risk_off,1.0,4.859739268161058e-60,6.001901270309345e-116,2021-04-01,2006-07-17,2021-03-31,3703.0,risk_off
2021-04-06,neutral,risk_off,1.0,8.995478358798516e-68,2.6668277803415595e-116,2021-04-01,2006-07-17,2021-03-31,3703.0,risk_off
2021-04-07,neutral,risk_off,1.0,5.3141090160740976e-46,1.3224991943422214e-102,2021-04-01,2006-07-17,2021-03-31,3703.0,risk_off
2021-04-08,neutral,risk_off,1.0,2.709905037197259e-44,4.3155688520891673e-100,2021-04-01,2006-07-17,2021-03-31,3703.0,risk_off
2021-04-09,neutral,risk_off,1.0,1.8960895526628888e-34,9.833979277359458e-97,2021-04-01,2006-07-17,2021-03-31,3703.0,risk_off
2021-04-12,neutral,risk_off,1.0,1.8038730625296464e-30,1.399477355985292e-94,2021-04-01,2006-07-17,2021-03-31,3703.0,risk_off
2021-04-13,neutral,risk_off,1.0,1.0578411129870663e-32,1.014573612317053e-92,2021-04-01,2006-07-17,2021-03-31,3703.0,risk_off
2021-04-14,neutral,risk_off,1.0,8.421689562421944e-26,1.601545395542326e-94,2021-04-01,2006-07-17,2021-03-31,3703.0,risk_off
2021-04-15,neutral,risk_off,1.0,3.1415982047297e-35,2.429813898092132e-87,2021-04-01,2006-07-17,2021-03-31,3703.0,risk_off
2021-04-16,neutral,risk_off,1.0,5.851396552261264e-33,3.758997676542389e-86,2021-04-01,2006-07-17,2021-03-31,3703.0,risk_off
2021-04-19,neutral,risk_off,1.0,9.834446013264263e-26,4.1890624128784256e-81,2021-04-01,2006-07-17,2021-03-31,3703.0,risk_off
2021-04-20,neutral,risk_off,1.0,2.953215319822818e-31,5.167145819696791e-83,2021-04-01,2006-07-17,2021-03-31,3703.0,risk_off
2021-04-21,neutral,risk_off,1.0,1.977812277972905e-41,9.0182145722392e-92,2021-04-01,2006-07-17,2021-03-31,3703.0,risk_off
2021-04-22,neutral,risk_off,1.0,3.6224824658990795e-35,1.69185552469704e-92,2021-04-01,2006-07-17,2021-03-31,3703.0,risk_off
2021-04-23,neutral,risk_off,1.0,2.0958481668284324e-35,5.298489951206582e-93,2021-04-01,2006-07-17,2021-03-31,3703.0,risk_off
2021-04-26,neutral,risk_off,1.0,1.6492531707432082e-33,2.2305113399830746e-92,2021-04-01,2006-07-17,2021-03-31,3703.0,risk_off
2021-04-27,neutral,risk_off,1.0,1.7634747384275879e-31,2.6078344316604767e-95,2021-04-01,2006-07-17,2021-03-31,3703.0,risk_off
2021-04-28,neutral,risk_off,1.0,2.720591475799796e-29,4.883905883836636e-92,2021-04-01,2006-07-17,2021-03-31,3703.0,risk_off
2021-04-29,neutral,risk_off,1.0,4.323893516938922e-20,8.027179287717509e-89,2021-04-01,2006-07-17,2021-03-31,3703.0,risk_off
2021-04-30,neutral,risk_off,1.0,5.019890952671149e-23,3.390881136491543e-87,2021-04-01,2006-07-17,2021-03-31,3703.0,risk_off
2021-05-03,neutral,risk_off,1.0,3.5783203887945823e-255,0.0,2021-05-03,2006-07-17,2021-04-30,3724.0,risk_off
2021-05-04,neutral,risk_off,1.0,8.277726332516796e-266,1.06e-321,2021-05-03,2006-07-17,2021-04-30,3724.0,risk_off
2021-05-05,neutral,risk_off,1.0,1.7282812300698018e-261,4.979e-319,2021-05-03,2006-07-17,2021-04-30,3724.0,risk_off
2021-05-06,neutral,risk_off,1.0,1.8989196169621947e-261,1.2079e-319,2021-05-03,2006-07-17,2021-04-30,3724.0,risk_off
2021-05-07,neutral,risk_off,1.0,9.39991389939528e-264,0.0,2021-05-03,2006-07-17,2021-04-30,3724.0,risk_off
2021-05-10,neutral,risk_off,1.0,8.374924723678672e-269,1.312876e-318,2021-05-03,2006-07-17,2021-04-30,3724.0,risk_off
2021-05-11,neutral,risk_off,1.0,3.913258749571378e-269,3.019315827e-314,2021-05-03,2006-07-17,2021-04-30,3724.0,risk_off
2021-05-12,neutral,risk_off,1.0,9.436183357332794e-282,8.402163047996472e-305,2021-05-03,2006-07-17,2021-04-30,3724.0,risk_off
2021-05-13,neutral,risk_off,1.0,2.7182783204167277e-277,2.257888875019306e-306,2021-05-03,2006-07-17,2021-04-30,3724.0,risk_off
2021-05-14,neutral,risk_off,1.0,4.75829492034757e-268,9.0049847e-317,2021-05-03,2006-07-17,2021-04-30,3724.0,risk_off
2021-05-17,neutral,risk_off,1.0,1.3406767832286683e-255,1.2771752943161006e-281,2021-05-03,2006-07-17,2021-04-30,3724.0,risk_off
2021-05-18,neutral,risk_off,1.0,1.301981476445451e-261,1.7916570850485711e-280,2021-05-03,2006-07-17,2021-04-30,3724.0,risk_off
2021-05-19,neutral,risk_off,1.0,2.4577027197830177e-266,2.47969530050959e-289,2021-05-03,2006-07-17,2021-04-30,3724.0,risk_off
2021-05-20,neutral,risk_off,1.0,6.98931191159196e-254,1.580296866150828e-288,2021-05-03,2006-07-17,2021-04-30,3724.0,risk_off
2021-05-21,neutral,risk_off,1.0,7.43939582524807e-250,1.8575738179678984e-291,2021-05-03,2006-07-17,2021-04-30,3724.0,risk_off
2021-05-24,neutral,risk_off,1.0,4.6132353999440344e-240,2.4780302919526067e-293,2021-05-03,2006-07-17,2021-04-30,3724.0,risk_off
2021-05-25,neutral,risk_off,1.0,1.3512557652200087e-240,3.675405865661682e-289,2021-05-03,2006-07-17,2021-04-30,3724.0,risk_off
2021-05-26,neutral,risk_off,1.0,2.1871405308549743e-230,1.107886155799119e-293,2021-05-03,2006-07-17,2021-04-30,3724.0,risk_off
2021-05-27,neutral,risk_off,1.0,9.994031349445185e-236,2.3133144631772445e-291,2021-05-03,2006-07-17,2021-04-30,3724.0,risk_off
2021-05-28,neutral,risk_off,1.0,3.706221235334252e-239,1.6466077786911513e-287,2021-05-03,2006-07-17,2021-04-30,3724.0,risk_off
2021-06-01,neutral,risk_off,1.0,0.0,2.8426124574355895e-42,2021-06-01,2006-07-17,2021-05-28,3744.0,risk_off
2021-06-02,neutral,risk_off,1.0,0.0,5.736804563954576e-45,2021-06-01,2006-07-17,2021-05-28,3744.0,risk_off
2021-06-03,neutral,risk_off,1.0,0.0,1.4478905008064036e-47,2021-06-01,2006-07-17,2021-05-28,3744.0,risk_off
2021-06-04,neutral,risk_off,1.0,0.0,1.8276585706861905e-45,2021-06-01,2006-07-17,2021-05-28,3744.0,risk_off
2021-06-07,neutral,risk_off,1.0,0.0,3.832562048318539e-48,2021-06-01,2006-07-17,2021-05-28,3744.0,risk_off
2021-06-08,neutral,risk_off,1.0,0.0,1.160931826109704e-41,2021-06-01,2006-07-17,2021-05-28,3744.0,risk_off
2021-06-09,neutral,risk_off,1.0,0.0,4.271963847699593e-40,2021-06-01,2006-07-17,2021-05-28,3744.0,risk_off
2021-06-10,neutral,risk_off,1.0,0.0,8.473284287519554e-41,2021-06-01,2006-07-17,2021-05-28,3744.0,risk_off
2021-06-11,neutral,risk_off,1.0,0.0,3.6384824185229165e-35,2021-06-01,2006-07-17,2021-05-28,3744.0,risk_off
2021-06-14,neutral,risk_off,1.0,0.0,7.667220084227476e-36,2021-06-01,2006-07-17,2021-05-28,3744.0,risk_off
2021-06-15,neutral,risk_off,1.0,0.0,4.407282394876701e-41,2021-06-01,2006-07-17,2021-05-28,3744.0,risk_off
2021-06-16,neutral,risk_off,1.0,0.0,4.0684700061728645e-45,2021-06-01,2006-07-17,2021-05-28,3744.0,risk_off
2021-06-17,neutral,risk_off,1.0,0.0,2.0801937965011118e-39,2021-06-01,2006-07-17,2021-05-28,3744.0,risk_off
2021-06-18,neutral,risk_off,1.0,0.0,2.17998016633043e-35,2021-06-01,2006-07-17,2021-05-28,3744.0,risk_off
2021-06-21,neutral,risk_off,1.0,0.0,1.4720517577772e-32,2021-06-01,2006-07-17,2021-05-28,3744.0,risk_off
2021-06-22,neutral,risk_off,1.0,0.0,1.9300766941281752e-32,2021-06-01,2006-07-17,2021-05-28,3744.0,risk_off
2021-06-23,neutral,risk_off,1.0,0.0,3.842274723630139e-31,2021-06-01,2006-07-17,2021-05-28,3744.0,risk_off
2021-06-24,neutral,risk_off,1.0,0.0,7.397542444302041e-29,2021-06-01,2006-07-17,2021-05-28,3744.0,risk_off
2021-06-25,neutral,risk_off,1.0,0.0,7.736275548954484e-30,2021-06-01,2006-07-17,2021-05-28,3744.0,risk_off
2021-06-28,neutral,risk_off,1.0,0.0,1.2507901001629713e-29,2021-06-01,2006-07-17,2021-05-28,3744.0,risk_off
2021-06-29,neutral,risk_off,1.0,0.0,1.6183056172501426e-28,2021-06-01,2006-07-17,2021-05-28,3744.0,risk_off
2021-06-30,neutral,risk_off,1.0,0.0,2.3393308255610342e-27,2021-06-01,2006-07-17,2021-05-28,3744.0,risk_off
2021-07-01,neutral,risk_on,6.638484554415193e-56,0.0,1.0,2021-07-01,2006-07-17,2021-06-30,3766.0,risk_off
2021-07-02,neutral,risk_on,3.21564347304835e-55,0.0,1.0,2021-07-01,2006-07-17,2021-06-30,3766.0,risk_on
2021-07-06,neutral,risk_on,1.6316963688716583e-52,0.0,1.0,2021-07-01,2006-07-17,2021-06-30,3766.0,risk_on
2021-07-07,neutral,risk_on,7.045360673224007e-55,0.0,1.0,2021-07-01,2006-07-17,2021-06-30,3766.0,risk_on
2021-07-08,neutral,risk_on,9.817144215278493e-54,0.0,1.0,2021-07-01,2006-07-17,2021-06-30,3766.0,risk_on
2021-07-09,neutral,risk_on,8.105790184422867e-54,0.0,1.0,2021-07-01,2006-07-17,2021-06-30,3766.0,risk_on
2021-07-12,neutral,risk_on,7.796789056297632e-53,0.0,1.0,2021-07-01,2006-07-17,2021-06-30,3766.0,risk_on
2021-07-13,neutral,risk_on,2.1772923293435116e-54,0.0,1.0,2021-07-01,2006-07-17,2021-06-30,3766.0,risk_on
2021-07-14,neutral,risk_on,6.380573098219303e-53,0.0,1.0,2021-07-01,2006-07-17,2021-06-30,3766.0,risk_on
2021-07-15,neutral,risk_on,2.3235563734591467e-50,0.0,1.0,2021-07-01,2006-07-17,2021-06-30,3766.0,risk_on
2021-07-16,neutral,risk_on,5.2249476519328445e-56,0.0,1.0,2021-07-01,2006-07-17,2021-06-30,3766.0,risk_on
2021-07-19,neutral,risk_on,2.8785178739899513e-58,0.0,1.0,2021-07-01,2006-07-17,2021-06-30,3766.0,risk_on
2021-07-20,neutral,risk_on,7.590273337271901e-57,0.0,1.0,2021-07-01,2006-07-17,2021-06-30,3766.0,risk_on
2021-07-21,neutral,risk_on,7.824755576109595e-55,0.0,1.0,2021-07-01,2006-07-17,2021-06-30,3766.0,risk_on
2021-07-22,neutral,risk_on,2.721263829281001e-55,0.0,1.0,2021-07-01,2006-07-17,2021-06-30,3766.0,risk_on
2021-07-23,neutral,risk_on,3.7329869172007207e-57,0.0,1.0,2021-07-01,2006-07-17,2021-06-30,3766.0,risk_on
2021-07-26,neutral,risk_on,2.562731902273065e-58,0.0,1.0,2021-07-01,2006-07-17,2021-06-30,3766.0,risk_on
2021-07-27,neutral,risk_on,1.3469283457313092e-58,0.0,1.0,2021-07-01,2006-07-17,2021-06-30,3766.0,risk_on
2021-07-28,neutral,risk_on,5.082345412841686e-60,0.0,1.0,2021-07-01,2006-07-17,2021-06-30,3766.0,risk_on
2021-07-29,neutral,risk_on,3.269292350828021e-58,0.0,1.0,2021-07-01,2006-07-17,2021-06-30,3766.0,risk_on
2021-07-30,neutral,risk_on,6.279736263663757e-60,0.0,1.0,2021-07-01,2006-07-17,2021-06-30,3766.0,risk_on
2021-08-02,neutral,neutral,0.0,1.0,1.982518483133089e-171,2021-08-02,2006-07-17,2021-07-30,3787.0,risk_on
2021-08-03,neutral,neutral,0.0,1.0,1.752601046416027e-177,2021-08-02,2006-07-17,2021-07-30,3787.0,neutral
2021-08-04,neutral,neutral,0.0,1.0,3.5283065477220226e-178,2021-08-02,2006-07-17,2021-07-30,3787.0,neutral
2021-08-05,neutral,neutral,0.0,1.0,5.983891710564716e-181,2021-08-02,2006-07-17,2021-07-30,3787.0,neutral
2021-08-06,neutral,neutral,0.0,1.0,2.0521536795734113e-186,2021-08-02,2006-07-17,2021-07-30,3787.0,neutral
2021-08-09,neutral,neutral,0.0,1.0,6.609900654117916e-186,2021-08-02,2006-07-17,2021-07-30,3787.0,neutral
2021-08-10,neutral,neutral,0.0,1.0,4.4615568159940626e-187,2021-08-02,2006-07-17,2021-07-30,3787.0,neutral
2021-08-11,neutral,neutral,0.0,1.0,3.134376663854185e-189,2021-08-02,2006-07-17,2021-07-30,3787.0,neutral
2021-08-12,neutral,neutral,0.0,1.0,1.5107146570325348e-193,2021-08-02,2006-07-17,2021-07-30,3787.0,neutral
2021-08-13,neutral,neutral,0.0,1.0,2.7161546221911668e-192,2021-08-02,2006-07-17,2021-07-30,3787.0,neutral
2021-08-16,neutral,neutral,0.0,1.0,4.404136679559225e-165,2021-08-02,2006-07-17,2021-07-30,3787.0,neutral
2021-08-17,neutral,neutral,0.0,1.0,1.2027622451538581e-154,2021-08-02,2006-07-17,2021-07-30,3787.0,neutral
2021-08-18,neutral,neutral,0.0,1.0,6.025337841852976e-152,2021-08-02,2006-07-17,2021-07-30,3787.0,neutral
2021-08-19,neutral,neutral,0.0,1.0,1.2047846019328706e-151,2021-08-02,2006-07-17,2021-07-30,3787.0,neutral
2021-08-20,neutral,neutral,0.0,1.0,9.501675123083137e-157,2021-08-02,2006-07-17,2021-07-30,3787.0,neutral
2021-08-23,neutral,neutral,0.0,1.0,3.6755248980486886e-157,2021-08-02,2006-07-17,2021-07-30,3787.0,neutral
2021-08-24,neutral,neutral,0.0,1.0,4.9947858187602075e-161,2021-08-02,2006-07-17,2021-07-30,3787.0,neutral
2021-08-25,neutral,neutral,0.0,1.0,4.854938345329891e-166,2021-08-02,2006-07-17,2021-07-30,3787.0,neutral
2021-08-26,neutral,neutral,0.0,1.0,1.3349249307390017e-162,2021-08-02,2006-07-17,2021-07-30,3787.0,neutral
2021-08-27,neutral,neutral,0.0,1.0,8.142125481347045e-168,2021-08-02,2006-07-17,2021-07-30,3787.0,neutral
2021-08-30,neutral,neutral,0.0,1.0,4.405739614320857e-166,2021-08-02,2006-07-17,2021-07-30,3787.0,neutral
2021-08-31,neutral,neutral,0.0,1.0,6.594757410752278e-169,2021-08-02,2006-07-17,2021-07-30,3787.0,neutral
2021-09-01,neutral,risk_off,1.0,1.1570950916498402e-82,0.0,2021-09-01,2006-07-17,2021-08-31,3809.0,neutral
2021-09-02,neutral,risk_off,1.0,1.3401502146591548e-78,0.0,2021-09-01,2006-07-17,2021-08-31,3809.0,risk_off
2021-09-03,neutral,risk_off,1.0,4.222244436233931e-74,0.0,2021-09-01,2006-07-17,2021-08-31,3809.0,risk_off
2021-09-07,neutral,risk_off,1.0,4.781238105161302e-71,0.0,2021-09-01,2006-07-17,2021-08-31,3809.0,risk_off
2021-09-08,neutral,risk_off,1.0,2.1351880351626807e-66,0.0,2021-09-01,2006-07-17,2021-08-31,3809.0,risk_off
2021-09-09,neutral,risk_off,1.0,3.873204016114094e-64,0.0,2021-09-01,2006-07-17,2021-08-31,3809.0,risk_off
2021-09-10,neutral,risk_off,1.0,1.1414146152868401e-57,0.0,2021-09-01,2006-07-17,2021-08-31,3809.0,risk_off
2021-09-13,neutral,risk_off,1.0,3.4586095497354824e-59,0.0,2021-09-01,2006-07-17,2021-08-31,3809.0,risk_off
2021-09-14,neutral,risk_off,1.0,4.533319950947326e-63,0.0,2021-09-01,2006-07-17,2021-08-31,3809.0,risk_off
2021-09-15,neutral,risk_off,1.0,4.403768195105256e-61,0.0,2021-09-01,2006-07-17,2021-08-31,3809.0,risk_off
2021-09-16,neutral,risk_off,1.0,8.367540285540502e-57,0.0,2021-09-01,2006-07-17,2021-08-31,3809.0,risk_off
2021-09-17,neutral,risk_off,1.0,2.8198674348860067e-52,0.0,2021-09-01,2006-07-17,2021-08-31,3809.0,risk_off
2021-09-20,neutral,risk_off,1.0,3.113564592744737e-50,0.0,2021-09-01,2006-07-17,2021-08-31,3809.0,risk_off
2021-09-21,neutral,risk_off,1.0,2.260367426051778e-47,0.0,2021-09-01,2006-07-17,2021-08-31,3809.0,risk_off
2021-09-22,neutral,risk_off,1.0,2.954809316097688e-50,0.0,2021-09-01,2006-07-17,2021-08-31,3809.0,risk_off
2021-09-23,neutral,risk_off,1.0,5.991901355989296e-47,0.0,2021-09-01,2006-07-17,2021-08-31,3809.0,risk_off
2021-09-24,neutral,risk_off,1.0,1.1480943947501123e-49,0.0,2021-09-01,2006-07-17,2021-08-31,3809.0,risk_off
2021-09-27,neutral,risk_off,1.0,2.12702794213671e-48,0.0,2021-09-01,2006-07-17,2021-08-31,3809.0,risk_off
2021-09-28,neutral,risk_off,1.0,1.0410501037599805e-52,0.0,2021-09-01,2006-07-17,2021-08-31,3809.0,risk_off
2021-09-29,neutral,risk_off,1.0,4.261934441930014e-53,0.0,2021-09-01,2006-07-17,2021-08-31,3809.0,risk_off
2021-09-30,neutral,risk_off,1.0,9.817405140569076e-56,0.0,2021-09-01,2006-07-17,2021-08-31,3809.0,risk_off
2021-10-01,neutral,neutral,0.0,1.0,1.3280003901274519e-77,2021-10-01,2006-07-17,2021-09-30,3830.0,risk_off
2021-10-04,neutral,neutral,0.0,1.0,1.523746616482228e-76,2021-10-01,2006-07-17,2021-09-30,3830.0,neutral
2021-10-05,neutral,neutral,0.0,1.0,5.407652719028109e-73,2021-10-01,2006-07-17,2021-09-30,3830.0,neutral
2021-10-06,neutral,neutral,0.0,1.0,9.798948089084638e-76,2021-10-01,2006-07-17,2021-09-30,3830.0,neutral
2021-10-07,neutral,neutral,0.0,1.0,7.818318762365775e-77,2021-10-01,2006-07-17,2021-09-30,3830.0,neutral
2021-10-08,neutral,neutral,0.0,1.0,1.779946697528578e-76,2021-10-01,2006-07-17,2021-09-30,3830.0,neutral
2021-10-11,neutral,neutral,0.0,1.0,9.736159966274026e-75,2021-10-01,2006-07-17,2021-09-30,3830.0,neutral
2021-10-12,neutral,neutral,0.0,1.0,2.1007298914944736e-75,2021-10-01,2006-07-17,2021-09-30,3830.0,neutral
2021-10-13,neutral,neutral,0.0,1.0,3.4907275476554522e-74,2021-10-01,2006-07-17,2021-09-30,3830.0,neutral
2021-10-14,neutral,neutral,0.0,1.0,9.958340965214576e-78,2021-10-01,2006-07-17,2021-09-30,3830.0,neutral
2021-10-15,neutral,neutral,0.0,1.0,2.4459046765069422e-76,2021-10-01,2006-07-17,2021-09-30,3830.0,neutral
2021-10-18,neutral,neutral,0.0,1.0,2.173302701368559e-70,2021-10-01,2006-07-17,2021-09-30,3830.0,neutral
2021-10-19,neutral,neutral,0.0,1.0,1.3249452883150245e-72,2021-10-01,2006-07-17,2021-09-30,3830.0,neutral
2021-10-20,neutral,neutral,0.0,1.0,2.064109425317426e-74,2021-10-01,2006-07-17,2021-09-30,3830.0,neutral
2021-10-21,neutral,neutral,0.0,1.0,1.6761305457508365e-73,2021-10-01,2006-07-17,2021-09-30,3830.0,neutral
2021-10-22,neutral,neutral,0.0,1.0,1.4234459477262251e-74,2021-10-01,2006-07-17,2021-09-30,3830.0,neutral
2021-10-25,neutral,neutral,0.0,1.0,3.1863967215692997e-75,2021-10-01,2006-07-17,2021-09-30,3830.0,neutral
2021-10-26,neutral,neutral,0.0,1.0,5.420548715757435e-75,2021-10-01,2006-07-17,2021-09-30,3830.0,neutral
2021-10-27,neutral,neutral,0.0,1.0,1.2438708365207382e-70,2021-10-01,2006-07-17,2021-09-30,3830.0,neutral
2021-10-28,neutral,neutral,0.0,1.0,2.1761839101225106e-72,2021-10-01,2006-07-17,2021-09-30,3830.0,neutral
2021-10-29,neutral,neutral,0.0,1.0,3.1198373442277494e-70,2021-10-01,2006-07-17,2021-09-30,3830.0,neutral
2021-11-01,neutral,neutral,0.0,1.0,1.8787940322030721e-190,2021-11-01,2006-07-17,2021-10-29,3851.0,neutral
2021-11-02,neutral,neutral,0.0,1.0,1.4712333302143126e-189,2021-11-01,2006-07-17,2021-10-29,3851.0,neutral
2021-11-03,neutral,neutral,0.0,1.0,1.5728941447844162e-195,2021-11-01,2006-07-17,2021-10-29,3851.0,neutral
2021-11-04,neutral,neutral,0.0,1.0,4.663861215689336e-195,2021-11-01,2006-07-17,2021-10-29,3851.0,neutral
2021-11-05,neutral,neutral,0.0,1.0,2.8448153897189015e-194,2021-11-01,2006-07-17,2021-10-29,3851.0,neutral
2021-11-08,neutral,neutral,0.0,1.0,8.037904907715631e-195,2021-11-01,2006-07-17,2021-10-29,3851.0,neutral
2021-11-09,neutral,neutral,0.0,1.0,1.6380523125058641e-198,2021-11-01,2006-07-17,2021-10-29,3851.0,neutral
2021-11-10,neutral,neutral,0.0,1.0,9.725830907992242e-196,2021-11-01,2006-07-17,2021-10-29,3851.0,neutral
2021-11-11,neutral,neutral,0.0,1.0,3.672812657726089e-193,2021-11-01,2006-07-17,2021-10-29,3851.0,neutral
2021-11-12,neutral,neutral,0.0,1.0,1.0380453350916081e-197,2021-11-01,2006-07-17,2021-10-29,3851.0,neutral
2021-11-15,neutral,neutral,0.0,1.0,8.007802469943546e-175,2021-11-01,2006-07-17,2021-10-29,3851.0,neutral
2021-11-16,neutral,neutral,0.0,1.0,8.497968811948558e-174,2021-11-01,2006-07-17,2021-10-29,3851.0,neutral
2021-11-17,neutral,neutral,0.0,1.0,4.53092214321079e-172,2021-11-01,2006-07-17,2021-10-29,3851.0,neutral
2021-11-18,neutral,neutral,0.0,1.0,1.4541301297980256e-174,2021-11-01,2006-07-17,2021-10-29,3851.0,neutral
2021-11-19,neutral,neutral,0.0,1.0,4.09092586122656e-177,2021-11-01,2006-07-17,2021-10-29,3851.0,neutral
2021-11-22,neutral,neutral,0.0,1.0,1.2910571776605337e-178,2021-11-01,2006-07-17,2021-10-29,3851.0,neutral
2021-11-23,neutral,neutral,0.0,1.0,8.679455569626901e-184,2021-11-01,2006-07-17,2021-10-29,3851.0,neutral
2021-11-24,neutral,neutral,0.0,1.0,8.457546721777289e-182,2021-11-01,2006-07-17,2021-10-29,3851.0,neutral
2021-11-26,neutral,neutral,0.0,1.0,1.5572025014637476e-184,2021-11-01,2006-07-17,2021-10-29,3851.0,neutral
2021-11-29,neutral,neutral,0.0,1.0,1.746828019412268e-184,2021-11-01,2006-07-17,2021-10-29,3851.0,neutral
2021-11-30,neutral,neutral,0.0,1.0,1.0284758662769678e-184,2021-11-01,2006-07-17,2021-10-29,3851.0,neutral
2021-12-01,neutral,risk_on,0.0,3.1851917975007136e-79,1.0,2021-12-01,2006-07-17,2021-11-30,3872.0,neutral
2021-12-02,neutral,risk_on,0.0,9.114787968656775e-79,1.0,2021-12-01,2006-07-17,2021-11-30,3872.0,risk_on
2021-12-03,neutral,risk_on,0.0,6.5830158599256194e-77,1.0,2021-12-01,2006-07-17,2021-11-30,3872.0,risk_on
2021-12-06,neutral,risk_on,0.0,1.543509685823081e-80,1.0,2021-12-01,2006-07-17,2021-11-30,3872.0,risk_on
2021-12-07,neutral,risk_on,0.0,4.015596404169207e-81,1.0,2021-12-01,2006-07-17,2021-11-30,3872.0,risk_on
2021-12-08,neutral,risk_on,0.0,4.8341996526026524e-83,1.0,2021-12-01,2006-07-17,2021-11-30,3872.0,risk_on
2021-12-09,neutral,risk_on,0.0,5.206686432930478e-82,1.0,2021-12-01,2006-07-17,2021-11-30,3872.0,risk_on
2021-12-10,neutral,risk_on,0.0,4.750019088069484e-82,1.0,2021-12-01,2006-07-17,2021-11-30,3872.0,risk_on
2021-12-13,neutral,risk_on,0.0,3.546164904480055e-80,1.0,2021-12-01,2006-07-17,2021-11-30,3872.0,risk_on
2021-12-14,neutral,risk_on,0.0,1.0538571534814927e-80,1.0,2021-12-01,2006-07-17,2021-11-30,3872.0,risk_on
2021-12-15,neutral,risk_on,0.0,3.386865531835359e-83,1.0,2021-12-01,2006-07-17,2021-11-30,3872.0,risk_on
2021-12-16,neutral,risk_on,0.0,8.936540873588778e-101,1.0,2021-12-01,2006-07-17,2021-11-30,3872.0,risk_on
2021-12-17,neutral,risk_on,0.0,3.2909672211079826e-103,1.0,2021-12-01,2006-07-17,2021-11-30,3872.0,risk_on
2021-12-20,neutral,risk_on,0.0,1.071167852423178e-102,1.0,2021-12-01,2006-07-17,2021-11-30,3872.0,risk_on
2021-12-21,neutral,risk_on,0.0,1.702112847627794e-96,1.0,2021-12-01,2006-07-17,2021-11-30,3872.0,risk_on
2021-12-22,neutral,risk_on,0.0,1.589464613938848e-93,1.0,2021-12-01,2006-07-17,2021-11-30,3872.0,risk_on
2021-12-23,neutral,risk_on,0.0,2.4275154364674896e-93,1.0,2021-12-01,2006-07-17,2021-11-30,3872.0,risk_on
2021-12-27,neutral,risk_on,0.0,5.161944301493183e-90,1.0,2021-12-01,2006-07-17,2021-11-30,3872.0,risk_on
2021-12-28,neutral,risk_on,0.0,1.2362194567915227e-96,1.0,2021-12-01,2006-07-17,2021-11-30,3872.0,risk_on
2021-12-29,neutral,risk_on,0.0,1.4365386780906261e-99,1.0,2021-12-01,2006-07-17,2021-11-30,3872.0,risk_on
2021-12-30,neutral,risk_on,0.0,5.85429338304881e-102,1.0,2021-12-01,2006-07-17,2021-11-30,3872.0,risk_on
2021-12-31,neutral,risk_on,0.0,1.3399014075671648e-104,1.0,2021-12-01,2006-07-17,2021-11-30,3872.0,risk_on
2022-01-03,neutral,risk_on,0.0,6.543351879386725e-78,1.0,2022-01-03,2006-07-17,2021-12-31,3894.0,risk_on
2022-01-04,neutral,risk_on,0.0,3.97192001980924e-79,1.0,2022-01-03,2006-07-17,2021-12-31,3894.0,risk_on
2022-01-05,neutral,risk_on,0.0,6.046832326633925e-86,1.0,2022-01-03,2006-07-17,2021-12-31,3894.0,risk_on
2022-01-06,neutral,risk_on,0.0,2.3953289802554417e-88,1.0,2022-01-03,2006-07-17,2021-12-31,3894.0,risk_on
2022-01-07,neutral,risk_on,0.0,1.0446537947895521e-90,1.0,2022-01-03,2006-07-17,2021-12-31,3894.0,risk_on
2022-01-10,neutral,risk_on,0.0,8.332653549407059e-89,1.0,2022-01-03,2006-07-17,2021-12-31,3894.0,risk_on
2022-01-11,neutral,risk_on,0.0,3.527492911731798e-86,1.0,2022-01-03,2006-07-17,2021-12-31,3894.0,risk_on
2022-01-12,neutral,risk_on,0.0,2.755784636605202e-90,1.0,2022-01-03,2006-07-17,2021-12-31,3894.0,risk_on
2022-01-13,neutral,risk_on,0.0,1.1074968382153282e-93,1.0,2022-01-03,2006-07-17,2021-12-31,3894.0,risk_on
2022-01-14,neutral,risk_on,0.0,2.69419824310252e-96,1.0,2022-01-03,2006-07-17,2021-12-31,3894.0,risk_on
2022-01-18,neutral,risk_on,0.0,1.6161280461530276e-106,1.0,2022-01-03,2006-07-17,2021-12-31,3894.0,risk_on
2022-01-19,neutral,risk_on,0.0,4.9953773278337316e-111,1.0,2022-01-03,2006-07-17,2021-12-31,3894.0,risk_on
2022-01-20,neutral,risk_on,0.0,4.23962765286857e-115,1.0,2022-01-03,2006-07-17,2021-12-31,3894.0,risk_on
2022-01-21,neutral,risk_on,0.0,4.4052452722510365e-117,1.0,2022-01-03,2006-07-17,2021-12-31,3894.0,risk_on
2022-01-24,neutral,risk_on,0.0,5.3249683940016074e-107,1.0,2022-01-03,2006-07-17,2021-12-31,3894.0,risk_on
2022-01-25,neutral,risk_on,0.0,1.36855461575863e-121,1.0,2022-01-03,2006-07-17,2021-12-31,3894.0,risk_on
2022-01-26,neutral,risk_on,0.0,6.365768530451408e-129,1.0,2022-01-03,2006-07-17,2021-12-31,3894.0,risk_on
2022-01-27,neutral,risk_on,0.0,2.4815743310925135e-137,1.0,2022-01-03,2006-07-17,2021-12-31,3894.0,risk_on
2022-01-28,neutral,risk_on,0.0,3.2554360353638515e-121,1.0,2022-01-03,2006-07-17,2021-12-31,3894.0,risk_on
2022-01-31,neutral,risk_on,0.0,1.9677704379452005e-111,1.0,2022-01-03,2006-07-17,2021-12-31,3894.0,risk_on
2022-02-01,neutral,neutral,9.460092889817915e-150,1.0,0.0,2022-02-01,2006-07-17,2022-01-31,3914.0,risk_on
2022-02-02,neutral,neutral,4.5353776812183905e-147,1.0,0.0,2022-02-01,2006-07-17,2022-01-31,3914.0,neutral
2022-02-03,neutral,neutral,3.6161330830788836e-155,1.0,0.0,2022-02-01,2006-07-17,2022-01-31,3914.0,neutral
2022-02-04,neutral,neutral,8.262812765259253e-154,1.0,0.0,2022-02-01,2006-07-17,2022-01-31,3914.0,neutral
2022-02-07,neutral,neutral,4.9417368103371945e-155,1.0,0.0,2022-02-01,2006-07-17,2022-01-31,3914.0,neutral
2022-02-08,neutral,neutral,8.866904968661054e-148,1.0,0.0,2022-02-01,2006-07-17,2022-01-31,3914.0,neutral
2022-02-09,neutral,neutral,2.7462789097108593e-140,1.0,0.0,2022-02-01,2006-07-17,2022-01-31,3914.0,neutral
2022-02-10,neutral,neutral,5.6657561284746656e-129,1.0,0.0,2022-02-01,2006-07-17,2022-01-31,3914.0,neutral
2022-02-11,neutral,neutral,1.8139817909112055e-134,1.0,0.0,2022-02-01,2006-07-17,2022-01-31,3914.0,neutral
2022-02-14,neutral,neutral,1.828497097306045e-133,1.0,0.0,2022-02-01,2006-07-17,2022-01-31,3914.0,neutral
2022-02-15,neutral,neutral,8.35717197391568e-144,1.0,0.0,2022-02-01,2006-07-17,2022-01-31,3914.0,neutral
2022-02-16,neutral,neutral,1.4164531746051317e-150,1.0,0.0,2022-02-01,2006-07-17,2022-01-31,3914.0,neutral
2022-02-17,neutral,neutral,1.0417005263760315e-149,1.0,0.0,2022-02-01,2006-07-17,2022-01-31,3914.0,neutral
2022-02-18,neutral,neutral,3.1808654522544994e-149,1.0,0.0,2022-02-01,2006-07-17,2022-01-31,3914.0,neutral
2022-02-22,neutral,neutral,7.041708549298503e-149,1.0,0.0,2022-02-01,2006-07-17,2022-01-31,3914.0,neutral
2022-02-23,neutral,neutral,4.646614600471256e-153,1.0,0.0,2022-02-01,2006-07-17,2022-01-31,3914.0,neutral
2022-02-24,neutral,neutral,4.8518532504702397e-147,1.0,0.0,2022-02-01,2006-07-17,2022-01-31,3914.0,neutral
2022-02-25,neutral,neutral,1.3669686633355905e-145,1.0,0.0,2022-02-01,2006-07-17,2022-01-31,3914.0,neutral
2022-02-28,neutral,neutral,5.600290440117768e-146,1.0,0.0,2022-02-01,2006-07-17,2022-01-31,3914.0,neutral
2022-03-01,neutral,risk_off,1.0,6.421276776625685e-136,2.6134488791649312e-185,2022-03-01,2006-07-17,2022-02-28,3933.0,neutral
2022-03-02,neutral,risk_off,1.0,2.046614916827705e-114,3.7125134392692506e-179,2022-03-01,2006-07-17,2022-02-28,3933.0,risk_off
2022-03-03,neutral,risk_off,1.0,1.1046515319845897e-120,8.153308335633775e-177,2022-03-01,2006-07-17,2022-02-28,3933.0,risk_off
2022-03-04,neutral,risk_off,1.0,1.8915330417655864e-124,1.1765970702668496e-167,2022-03-01,2006-07-17,2022-02-28,3933.0,risk_off
2022-03-07,neutral,risk_off,1.0,8.636157827899562e-143,3.156004335627496e-170,2022-03-01,2006-07-17,2022-02-28,3933.0,risk_off
2022-03-08,neutral,risk_off,1.0,3.5922438069695547e-152,2.4383925326070727e-172,2022-03-01,2006-07-17,2022-02-28,3933.0,risk_off
2022-03-09,neutral,risk_off,1.0,1.249209408073617e-143,5.3396738374104e-190,2022-03-01,2006-07-17,2022-02-28,3933.0,risk_off
2022-03-10,neutral,risk_off,1.0,1.0269429429891586e-151,1.5089495726807656e-190,2022-03-01,2006-07-17,2022-02-28,3933.0,risk_off
2022-03-11,neutral,risk_off,1.0,4.999263470252393e-162,1.5669731706705397e-190,2022-03-01,2006-07-17,2022-02-28,3933.0,risk_off
2022-03-14,neutral,risk_off,1.0,7.291556502202506e-175,3.145293762972292e-201,2022-03-01,2006-07-17,2022-02-28,3933.0,risk_off
2022-03-15,neutral,risk_off,1.0,1.0157664179940322e-158,9.434482165933377e-210,2022-03-01,2006-07-17,2022-02-28,3933.0,risk_off
2022-03-16,neutral,risk_off,1.0,1.806538957962252e-148,1.0438223668993239e-213,2022-03-01,2006-07-17,2022-02-28,3933.0,risk_off
2022-03-17,neutral,risk_off,1.0,1.2524452171670876e-137,1.3828567723214574e-213,2022-03-01,2006-07-17,2022-02-28,3933.0,risk_off
2022-03-18,neutral,risk_off,1.0,3.0100284677257133e-125,1.9753601183707088e-210,2022-03-01,2006-07-17,2022-02-28,3933.0,risk_off
2022-03-21,neutral,risk_off,1.0,1.6343337218829898e-125,3.9844728565841444e-210,2022-03-01,2006-07-17,2022-02-28,3933.0,risk_off
2022-03-22,neutral,risk_off,1.0,1.850679363733108e-117,1.5042065638789431e-217,2022-03-01,2006-07-17,2022-02-28,3933.0,risk_off
2022-03-23,neutral,risk_off,1.0,6.834417818491469e-129,6.740865054081862e-215,2022-03-01,2006-07-17,2022-02-28,3933.0,risk_off
2022-03-24,neutral,risk_off,1.0,1.194088260473322e-123,2.6040714859290417e-228,2022-03-01,2006-07-17,2022-02-28,3933.0,risk_off
2022-03-25,neutral,risk_off,1.0,1.920574261776607e-124,1.482053357359388e-234,2022-03-01,2006-07-17,2022-02-28,3933.0,risk_off
2022-03-28,neutral,risk_off,1.0,1.0480025443890856e-127,1.1823985006445847e-248,2022-03-01,2006-07-17,2022-02-28,3933.0,risk_off
2022-03-29,neutral,risk_off,1.0,5.06657772580958e-123,3.2783446392103517e-261,2022-03-01,2006-07-17,2022-02-28,3933.0,risk_off
2022-03-30,neutral,risk_off,1.0,5.8479116329739355e-130,3.321780701597035e-258,2022-03-01,2006-07-17,2022-02-28,3933.0,risk_off
2022-03-31,neutral,risk_off,1.0,4.77705052026753e-142,8.769347524503947e-259,2022-03-01,2006-07-17,2022-02-28,3933.0,risk_off
2022-04-01,neutral,neutral,0.0,1.0,1.3541506768090611e-164,2022-04-01,2006-07-17,2022-03-31,3956.0,risk_off
2022-04-04,neutral,neutral,0.0,1.0,4.821738705271485e-171,2022-04-01,2006-07-17,2022-03-31,3956.0,neutral
2022-04-05,neutral,neutral,0.0,1.0,1.1588932161265134e-171,2022-04-01,2006-07-17,2022-03-31,3956.0,neutral
2022-04-06,neutral,neutral,0.0,1.0,2.575754466392885e-175,2022-04-01,2006-07-17,2022-03-31,3956.0,neutral
2022-04-07,neutral,neutral,0.0,1.0,1.2127650142855611e-177,2022-04-01,2006-07-17,2022-03-31,3956.0,neutral
2022-04-08,neutral,neutral,0.0,1.0,9.93294829781597e-180,2022-04-01,2006-07-17,2022-03-31,3956.0,neutral
2022-04-11,neutral,neutral,0.0,1.0,3.630921964963606e-182,2022-04-01,2006-07-17,2022-03-31,3956.0,neutral
2022-04-12,neutral,neutral,0.0,1.0,6.03221457935968e-184,2022-04-01,2006-07-17,2022-03-31,3956.0,neutral
2022-04-13,neutral,neutral,0.0,1.0,2.8392553067738864e-187,2022-04-01,2006-07-17,2022-03-31,3956.0,neutral
2022-04-14,neutral,neutral,0.0,1.0,1.3018019581158064e-191,2022-04-01,2006-07-17,2022-03-31,3956.0,neutral
2022-04-18,neutral,neutral,0.0,1.0,8.53530731378449e-199,2022-04-01,2006-07-17,2022-03-31,3956.0,neutral
2022-04-19,neutral,neutral,0.0,1.0,3.8407761732464356e-200,2022-04-01,2006-07-17,2022-03-31,3956.0,neutral
2022-04-20,neutral,neutral,0.0,1.0,6.930303638443903e-203,2022-04-01,2006-07-17,2022-03-31,3956.0,neutral
2022-04-21,neutral,neutral,0.0,1.0,3.387156861552521e-202,2022-04-01,2006-07-17,2022-03-31,3956.0,neutral
2022-04-22,neutral,neutral,0.0,1.0,8.656126305716143e-202,2022-04-01,2006-07-17,2022-03-31,3956.0,neutral
2022-04-25,neutral,neutral,0.0,1.0,1.0584127644266166e-205,2022-04-01,2006-07-17,2022-03-31,3956.0,neutral
2022-04-26,neutral,neutral,0.0,1.0,2.19354152899242e-205,2022-04-01,2006-07-17,2022-03-31,3956.0,neutral
2022-04-27,neutral,neutral,0.0,1.0,6.357597285202049e-210,2022-04-01,2006-07-17,2022-03-31,3956.0,neutral
2022-04-28,neutral,neutral,0.0,1.0,4.352713066634028e-211,2022-04-01,2006-07-17,2022-03-31,3956.0,neutral
2022-04-29,neutral,neutral,0.0,1.0,3.072542496176217e-217,2022-04-01,2006-07-17,2022-03-31,3956.0,neutral
2022-05-02,neutral,neutral,0.0,1.0,0.0,2022-05-02,2006-07-17,2022-04-29,3976.0,neutral
2022-05-03,neutral,neutral,0.0,1.0,0.0,2022-05-02,2006-07-17,2022-04-29,3976.0,neutral
2022-05-04,neutral,neutral,0.0,1.0,0.0,2022-05-02,2006-07-17,2022-04-29,3976.0,neutral
2022-05-05,neutral,neutral,0.0,1.0,0.0,2022-05-02,2006-07-17,2022-04-29,3976.0,neutral
2022-05-06,neutral,neutral,0.0,1.0,0.0,2022-05-02,2006-07-17,2022-04-29,3976.0,neutral
2022-05-09,neutral,neutral,0.0,1.0,0.0,2022-05-02,2006-07-17,2022-04-29,3976.0,neutral
2022-05-10,neutral,neutral,0.0,1.0,0.0,2022-05-02,2006-07-17,2022-04-29,3976.0,neutral
2022-05-11,neutral,neutral,0.0,1.0,0.0,2022-05-02,2006-07-17,2022-04-29,3976.0,neutral
2022-05-12,neutral,neutral,0.0,1.0,0.0,2022-05-02,2006-07-17,2022-04-29,3976.0,neutral
2022-05-13,neutral,neutral,0.0,1.0,0.0,2022-05-02,2006-07-17,2022-04-29,3976.0,neutral
2022-05-16,neutral,neutral,0.0,1.0,0.0,2022-05-02,2006-07-17,2022-04-29,3976.0,neutral
2022-05-17,neutral,neutral,0.0,1.0,0.0,2022-05-02,2006-07-17,2022-04-29,3976.0,neutral
2022-05-18,neutral,neutral,0.0,1.0,0.0,2022-05-02,2006-07-17,2022-04-29,3976.0,neutral
2022-05-19,neutral,neutral,0.0,1.0,0.0,2022-05-02,2006-07-17,2022-04-29,3976.0,neutral
2022-05-20,neutral,neutral,0.0,1.0,0.0,2022-05-02,2006-07-17,2022-04-29,3976.0,neutral
2022-05-23,neutral,neutral,0.0,1.0,0.0,2022-05-02,2006-07-17,2022-04-29,3976.0,neutral
2022-05-24,neutral,neutral,0.0,1.0,0.0,2022-05-02,2006-07-17,2022-04-29,3976.0,neutral
2022-05-25,neutral,neutral,0.0,1.0,0.0,2022-05-02,2006-07-17,2022-04-29,3976.0,neutral
2022-05-26,neutral,neutral,0.0,1.0,0.0,2022-05-02,2006-07-17,2022-04-29,3976.0,neutral
2022-05-27,neutral,neutral,0.0,1.0,0.0,2022-05-02,2006-07-17,2022-04-29,3976.0,neutral
2022-05-31,neutral,neutral,0.0,1.0,0.0,2022-05-02,2006-07-17,2022-04-29,3976.0,neutral
2022-06-01,neutral,risk_off,1.0,0.0,0.0,2022-06-01,2006-07-17,2022-05-31,3997.0,neutral
2022-06-02,neutral,risk_off,1.0,0.0,0.0,2022-06-01,2006-07-17,2022-05-31,3997.0,risk_off
2022-06-03,neutral,risk_off,1.0,0.0,0.0,2022-06-01,2006-07-17,2022-05-31,3997.0,risk_off
2022-06-06,neutral,risk_off,1.0,0.0,0.0,2022-06-01,2006-07-17,2022-05-31,3997.0,risk_off
2022-06-07,neutral,risk_off,1.0,0.0,0.0,2022-06-01,2006-07-17,2022-05-31,3997.0,risk_off
2022-06-08,neutral,risk_off,1.0,0.0,0.0,2022-06-01,2006-07-17,2022-05-31,3997.0,risk_off
2022-06-09,neutral,risk_off,1.0,0.0,0.0,2022-06-01,2006-07-17,2022-05-31,3997.0,risk_off
2022-06-10,neutral,risk_off,1.0,0.0,0.0,2022-06-01,2006-07-17,2022-05-31,3997.0,risk_off
2022-06-13,neutral,risk_off,1.0,0.0,0.0,2022-06-01,2006-07-17,2022-05-31,3997.0,risk_off
2022-06-14,neutral,risk_off,1.0,0.0,0.0,2022-06-01,2006-07-17,2022-05-31,3997.0,risk_off
2022-06-15,neutral,risk_off,1.0,0.0,0.0,2022-06-01,2006-07-17,2022-05-31,3997.0,risk_off
2022-06-16,neutral,risk_off,1.0,0.0,0.0,2022-06-01,2006-07-17,2022-05-31,3997.0,risk_off
2022-06-17,neutral,risk_off,1.0,0.0,0.0,2022-06-01,2006-07-17,2022-05-31,3997.0,risk_off
2022-06-21,neutral,risk_off,1.0,0.0,0.0,2022-06-01,2006-07-17,2022-05-31,3997.0,risk_off
2022-06-22,neutral,risk_off,1.0,0.0,0.0,2022-06-01,2006-07-17,2022-05-31,3997.0,risk_off
2022-06-23,neutral,risk_off,1.0,0.0,0.0,2022-06-01,2006-07-17,2022-05-31,3997.0,risk_off
2022-06-24,neutral,risk_off,1.0,0.0,0.0,2022-06-01,2006-07-17,2022-05-31,3997.0,risk_off
2022-06-27,neutral,risk_off,1.0,0.0,0.0,2022-06-01,2006-07-17,2022-05-31,3997.0,risk_off
2022-06-28,neutral,risk_off,1.0,0.0,0.0,2022-06-01,2006-07-17,2022-05-31,3997.0,risk_off
2022-06-29,neutral,risk_off,1.0,0.0,0.0,2022-06-01,2006-07-17,2022-05-31,3997.0,risk_off
2022-06-30,neutral,risk_off,1.0,0.0,0.0,2022-06-01,2006-07-17,2022-05-31,3997.0,risk_off
2022-07-01,neutral,neutral,0.0,1.0,0.0,2022-07-01,2006-07-17,2022-06-30,4018.0,risk_off
2022-07-05,neutral,neutral,0.0,1.0,0.0,2022-07-01,2006-07-17,2022-06-30,4018.0,neutral
2022-07-06,neutral,neutral,0.0,1.0,0.0,2022-07-01,2006-07-17,2022-06-30,4018.0,neutral
2022-07-07,neutral,neutral,0.0,1.0,0.0,2022-07-01,2006-07-17,2022-06-30,4018.0,neutral
2022-07-08,neutral,neutral,0.0,1.0,0.0,2022-07-01,2006-07-17,2022-06-30,4018.0,neutral
2022-07-11,neutral,neutral,0.0,1.0,0.0,2022-07-01,2006-07-17,2022-06-30,4018.0,neutral
2022-07-12,neutral,neutral,0.0,1.0,0.0,2022-07-01,2006-07-17,2022-06-30,4018.0,neutral
2022-07-13,neutral,neutral,0.0,1.0,0.0,2022-07-01,2006-07-17,2022-06-30,4018.0,neutral
2022-07-14,neutral,neutral,0.0,1.0,0.0,2022-07-01,2006-07-17,2022-06-30,4018.0,neutral
2022-07-15,neutral,neutral,0.0,1.0,0.0,2022-07-01,2006-07-17,2022-06-30,4018.0,neutral
2022-07-18,neutral,neutral,0.0,1.0,0.0,2022-07-01,2006-07-17,2022-06-30,4018.0,neutral
2022-07-19,neutral,neutral,0.0,1.0,0.0,2022-07-01,2006-07-17,2022-06-30,4018.0,neutral
2022-07-20,neutral,neutral,0.0,1.0,0.0,2022-07-01,2006-07-17,2022-06-30,4018.0,neutral
2022-07-21,neutral,neutral,0.0,1.0,0.0,2022-07-01,2006-07-17,2022-06-30,4018.0,neutral
2022-07-22,neutral,neutral,0.0,1.0,0.0,2022-07-01,2006-07-17,2022-06-30,4018.0,neutral
2022-07-25,neutral,neutral,0.0,1.0,0.0,2022-07-01,2006-07-17,2022-06-30,4018.0,neutral
2022-07-26,neutral,neutral,0.0,1.0,0.0,2022-07-01,2006-07-17,2022-06-30,4018.0,neutral
2022-07-27,neutral,neutral,0.0,1.0,0.0,2022-07-01,2006-07-17,2022-06-30,4018.0,neutral
2022-07-28,neutral,neutral,0.0,1.0,0.0,2022-07-01,2006-07-17,2022-06-30,4018.0,neutral
2022-07-29,neutral,neutral,0.0,1.0,0.0,2022-07-01,2006-07-17,2022-06-30,4018.0,neutral
2022-08-01,neutral,risk_on,0.0,1.4597940637580755e-41,1.0,2022-08-01,2006-07-17,2022-07-29,4038.0,neutral
2022-08-02,neutral,risk_on,0.0,9.388666153500605e-39,1.0,2022-08-01,2006-07-17,2022-07-29,4038.0,risk_on
2022-08-03,neutral,risk_on,0.0,3.078162630534765e-39,1.0,2022-08-01,2006-07-17,2022-07-29,4038.0,risk_on
2022-08-04,neutral,risk_on,0.0,7.287405198187767e-39,1.0,2022-08-01,2006-07-17,2022-07-29,4038.0,risk_on
2022-08-05,neutral,risk_on,0.0,7.478254702930639e-38,1.0,2022-08-01,2006-07-17,2022-07-29,4038.0,risk_on
2022-08-08,neutral,risk_on,0.0,1.5718214006389603e-39,1.0,2022-08-01,2006-07-17,2022-07-29,4038.0,risk_on
2022-08-09,neutral,risk_on,0.0,1.1112933236816826e-36,1.0,2022-08-01,2006-07-17,2022-07-29,4038.0,risk_on
2022-08-10,neutral,risk_on,0.0,1.7510916722928364e-36,1.0,2022-08-01,2006-07-17,2022-07-29,4038.0,risk_on
2022-08-11,neutral,risk_on,0.0,6.060163516174287e-35,1.0,2022-08-01,2006-07-17,2022-07-29,4038.0,risk_on
2022-08-12,neutral,risk_on,0.0,1.9099846609347332e-31,1.0,2022-08-01,2006-07-17,2022-07-29,4038.0,risk_on
2022-08-15,neutral,risk_on,0.0,8.930614483500628e-35,1.0,2022-08-01,2006-07-17,2022-07-29,4038.0,risk_on
2022-08-16,neutral,risk_on,0.0,2.2170478053311868e-34,1.0,2022-08-01,2006-07-17,2022-07-29,4038.0,risk_on
2022-08-17,neutral,risk_on,0.0,6.729104343150989e-36,1.0,2022-08-01,2006-07-17,2022-07-29,4038.0,risk_on
2022-08-18,neutral,risk_on,0.0,3.8369401965325526e-36,1.0,2022-08-01,2006-07-17,2022-07-29,4038.0,risk_on
2022-08-19,neutral,risk_on,0.0,2.1744671629706875e-34,1.0,2022-08-01,2006-07-17,2022-07-29,4038.0,risk_on
2022-08-22,neutral,risk_on,0.0,2.5991817351186405e-30,1.0,2022-08-01,2006-07-17,2022-07-29,4038.0,risk_on
2022-08-23,neutral,risk_on,0.0,5.401781692334021e-29,1.0,2022-08-01,2006-07-17,2022-07-29,4038.0,risk_on
2022-08-24,neutral,risk_on,0.0,3.6543442705194936e-28,1.0,2022-08-01,2006-07-17,2022-07-29,4038.0,risk_on
2022-08-25,neutral,risk_on,0.0,4.2603900933329693e-26,1.0,2022-08-01,2006-07-17,2022-07-29,4038.0,risk_on
2022-08-26,neutral,risk_on,0.0,4.7146160724907545e-24,1.0,2022-08-01,2006-07-17,2022-07-29,4038.0,risk_on
2022-08-29,neutral,risk_on,0.0,5.830515016807269e-22,1.0,2022-08-01,2006-07-17,2022-07-29,4038.0,risk_on
2022-08-30,neutral,risk_on,0.0,8.630945265433145e-24,1.0,2022-08-01,2006-07-17,2022-07-29,4038.0,risk_on
2022-08-31,neutral,risk_on,0.0,4.0112106166986616e-25,1.0,2022-08-01,2006-07-17,2022-07-29,4038.0,risk_on
2022-09-01,neutral,risk_off,1.0,7.422105856554956e-112,0.0,2022-09-01,2006-07-17,2022-08-31,4061.0,risk_on
2022-09-02,neutral,risk_off,1.0,3.3101356972940628e-108,0.0,2022-09-01,2006-07-17,2022-08-31,4061.0,risk_off
2022-09-06,neutral,risk_off,1.0,1.7824076311949286e-112,0.0,2022-09-01,2006-07-17,2022-08-31,4061.0,risk_off
2022-09-07,neutral,risk_off,1.0,6.52815421000158e-110,0.0,2022-09-01,2006-07-17,2022-08-31,4061.0,risk_off
2022-09-08,neutral,risk_off,1.0,8.365331707212516e-111,0.0,2022-09-01,2006-07-17,2022-08-31,4061.0,risk_off
2022-09-09,neutral,risk_off,1.0,1.1653275628095208e-115,0.0,2022-09-01,2006-07-17,2022-08-31,4061.0,risk_off
2022-09-12,neutral,risk_off,1.0,1.620621235253313e-117,0.0,2022-09-01,2006-07-17,2022-08-31,4061.0,risk_off
2022-09-13,neutral,risk_off,1.0,8.649914557447813e-114,0.0,2022-09-01,2006-07-17,2022-08-31,4061.0,risk_off
2022-09-14,neutral,risk_off,1.0,2.6066518443338433e-110,0.0,2022-09-01,2006-07-17,2022-08-31,4061.0,risk_off
2022-09-15,neutral,risk_off,1.0,1.7313358381135038e-108,0.0,2022-09-01,2006-07-17,2022-08-31,4061.0,risk_off
2022-09-16,neutral,risk_off,1.0,1.8307721277170625e-99,0.0,2022-09-01,2006-07-17,2022-08-31,4061.0,risk_off
2022-09-19,neutral,risk_off,1.0,7.464240842427892e-100,0.0,2022-09-01,2006-07-17,2022-08-31,4061.0,risk_off
2022-09-20,neutral,risk_off,1.0,1.786552298400899e-102,0.0,2022-09-01,2006-07-17,2022-08-31,4061.0,risk_off
2022-09-21,neutral,risk_off,1.0,4.642825564874385e-105,0.0,2022-09-01,2006-07-17,2022-08-31,4061.0,risk_off
2022-09-22,neutral,risk_off,1.0,3.1934837698765484e-98,0.0,2022-09-01,2006-07-17,2022-08-31,4061.0,risk_off
2022-09-23,neutral,risk_off,1.0,1.23703490212451e-99,0.0,2022-09-01,2006-07-17,2022-08-31,4061.0,risk_off
2022-09-26,neutral,risk_off,1.0,1.5201270310391525e-100,0.0,2022-09-01,2006-07-17,2022-08-31,4061.0,risk_off
2022-09-27,neutral,risk_off,1.0,3.027880179845522e-101,0.0,2022-09-01,2006-07-17,2022-08-31,4061.0,risk_off
2022-09-28,neutral,risk_off,1.0,2.3374184450707803e-96,0.0,2022-09-01,2006-07-17,2022-08-31,4061.0,risk_off
2022-09-29,neutral,risk_off,1.0,4.1286942651193504e-98,0.0,2022-09-01,2006-07-17,2022-08-31,4061.0,risk_off
2022-09-30,neutral,risk_off,1.0,1.0840137083237954e-101,0.0,2022-09-01,2006-07-17,2022-08-31,4061.0,risk_off
2022-10-03,neutral,risk_off,1.0,0.0,1.0196901884484672e-175,2022-10-03,2006-07-17,2022-09-30,4082.0,risk_off
2022-10-04,neutral,risk_off,1.0,0.0,2.340565881830587e-166,2022-10-03,2006-07-17,2022-09-30,4082.0,risk_off
2022-10-05,neutral,risk_off,1.0,0.0,8.319575457262487e-173,2022-10-03,2006-07-17,2022-09-30,4082.0,risk_off
2022-10-06,neutral,risk_off,1.0,0.0,3.649263906293051e-182,2022-10-03,2006-07-17,2022-09-30,4082.0,risk_off
2022-10-07,neutral,risk_off,1.0,0.0,3.3252426205694556e-186,2022-10-03,2006-07-17,2022-09-30,4082.0,risk_off
2022-10-10,neutral,risk_off,1.0,0.0,1.7013242597514437e-186,2022-10-03,2006-07-17,2022-09-30,4082.0,risk_off
2022-10-11,neutral,risk_off,1.0,0.0,9.847961953560437e-183,2022-10-03,2006-07-17,2022-09-30,4082.0,risk_off
2022-10-12,neutral,risk_off,1.0,0.0,3.142240434076776e-182,2022-10-03,2006-07-17,2022-09-30,4082.0,risk_off
2022-10-13,neutral,risk_off,1.0,0.0,1.0110570661797131e-165,2022-10-03,2006-07-17,2022-09-30,4082.0,risk_off
2022-10-14,neutral,risk_off,1.0,0.0,2.2869398565127933e-175,2022-10-03,2006-07-17,2022-09-30,4082.0,risk_off
2022-10-17,neutral,risk_off,1.0,0.0,9.404016777516189e-174,2022-10-03,2006-07-17,2022-09-30,4082.0,risk_off
2022-10-18,neutral,risk_off,1.0,0.0,3.6190828111302856e-172,2022-10-03,2006-07-17,2022-09-30,4082.0,risk_off
2022-10-19,neutral,risk_off,1.0,0.0,2.543832883977965e-177,2022-10-03,2006-07-17,2022-09-30,4082.0,risk_off
2022-10-20,neutral,risk_off,1.0,0.0,3.4885286753419245e-181,2022-10-03,2006-07-17,2022-09-30,4082.0,risk_off
2022-10-21,neutral,risk_off,1.0,0.0,4.1833146516088056e-176,2022-10-03,2006-07-17,2022-09-30,4082.0,risk_off
2022-10-24,neutral,risk_off,1.0,0.0,6.691583023819315e-174,2022-10-03,2006-07-17,2022-09-30,4082.0,risk_off
2022-10-25,neutral,risk_off,1.0,0.0,7.903162154104664e-169,2022-10-03,2006-07-17,2022-09-30,4082.0,risk_off
2022-10-26,neutral,risk_off,1.0,0.0,1.804249833283949e-163,2022-10-03,2006-07-17,2022-09-30,4082.0,risk_off
2022-10-27,neutral,risk_off,1.0,0.0,5.4782205650533005e-164,2022-10-03,2006-07-17,2022-09-30,4082.0,risk_off
2022-10-28,neutral,risk_off,1.0,0.0,8.559900427665679e-166,2022-10-03,2006-07-17,2022-09-30,4082.0,risk_off
2022-10-31,neutral,risk_off,1.0,0.0,2.3537083710108047e-164,2022-10-03,2006-07-17,2022-09-30,4082.0,risk_off
2022-11-01,neutral,risk_off,1.0,1.5999019408415895e-60,0.0,2022-11-01,2006-07-17,2022-10-31,4103.0,risk_off
2022-11-02,neutral,risk_off,1.0,1.0069886856124972e-57,0.0,2022-11-01,2006-07-17,2022-10-31,4103.0,risk_off
2022-11-03,neutral,risk_off,1.0,6.190429134440281e-51,0.0,2022-11-01,2006-07-17,2022-10-31,4103.0,risk_off
2022-11-04,neutral,risk_off,1.0,8.168065912357168e-53,0.0,2022-11-01,2006-07-17,2022-10-31,4103.0,risk_off
2022-11-07,neutral,risk_off,1.0,3.8847663536238085e-55,0.0,2022-11-01,2006-07-17,2022-10-31,4103.0,risk_off
2022-11-08,neutral,risk_off,1.0,3.6551240797110245e-57,0.0,2022-11-01,2006-07-17,2022-10-31,4103.0,risk_off
2022-11-09,neutral,risk_off,1.0,6.465556477043552e-53,0.0,2022-11-01,2006-07-17,2022-10-31,4103.0,risk_off
2022-11-10,neutral,risk_off,1.0,1.0270885220704615e-65,0.0,2022-11-01,2006-07-17,2022-10-31,4103.0,risk_off
2022-11-11,neutral,risk_off,1.0,9.525560029667764e-62,0.0,2022-11-01,2006-07-17,2022-10-31,4103.0,risk_off
2022-11-14,neutral,risk_off,1.0,4.8191385294024684e-61,0.0,2022-11-01,2006-07-17,2022-10-31,4103.0,risk_off
2022-11-15,neutral,risk_off,1.0,3.0552240441660527e-62,0.0,2022-11-01,2006-07-17,2022-10-31,4103.0,risk_off
2022-11-16,neutral,risk_off,1.0,1.8088152515257226e-57,0.0,2022-11-01,2006-07-17,2022-10-31,4103.0,risk_off
2022-11-17,neutral,risk_off,1.0,4.2219282899605334e-57,0.0,2022-11-01,2006-07-17,2022-10-31,4103.0,risk_off
2022-11-18,neutral,risk_off,1.0,3.384481729769013e-58,0.0,2022-11-01,2006-07-17,2022-10-31,4103.0,risk_off
2022-11-21,neutral,risk_off,1.0,4.8485924136901975e-59,0.0,2022-11-01,2006-07-17,2022-10-31,4103.0,risk_off
2022-11-22,neutral,risk_off,1.0,1.9342797572614396e-59,0.0,2022-11-01,2006-07-17,2022-10-31,4103.0,risk_off
2022-11-23,neutral,risk_off,1.0,1.6644132498866389e-62,0.0,2022-11-01,2006-07-17,2022-10-31,4103.0,risk_off
2022-11-25,neutral,risk_off,1.0,1.3392739992232638e-60,0.0,2022-11-01,2006-07-17,2022-10-31,4103.0,risk_off
2022-11-28,neutral,risk_off,1.0,7.83488157978276e-56,0.0,2022-11-01,2006-07-17,2022-10-31,4103.0,risk_off
2022-11-29,neutral,risk_off,1.0,1.2277936147198006e-52,0.0,2022-11-01,2006-07-17,2022-10-31,4103.0,risk_off
2022-11-30,neutral,risk_off,1.0,1.4572248592373365e-58,0.0,2022-11-01,2006-07-17,2022-10-31,4103.0,risk_off
2022-12-01,neutral,neutral,0.0,1.0,3.4470027808655936e-115,2022-12-01,2006-07-17,2022-11-30,4124.0,risk_off
2022-12-02,neutral,neutral,0.0,1.0,6.7246375729582455e-115,2022-12-01,2006-07-17,2022-11-30,4124.0,neutral
2022-12-05,neutral,neutral,0.0,1.0,6.724455428402987e-108,2022-12-01,2006-07-17,2022-11-30,4124.0,neutral
2022-12-06,neutral,neutral,0.0,1.0,7.754282209713618e-106,2022-12-01,2006-07-17,2022-11-30,4124.0,neutral
2022-12-07,neutral,neutral,0.0,1.0,7.929660435070964e-107,2022-12-01,2006-07-17,2022-11-30,4124.0,neutral
2022-12-08,neutral,neutral,0.0,1.0,3.6961458201881395e-111,2022-12-01,2006-07-17,2022-11-30,4124.0,neutral
2022-12-09,neutral,neutral,0.0,1.0,8.176498610910813e-112,2022-12-01,2006-07-17,2022-11-30,4124.0,neutral
2022-12-12,neutral,neutral,0.0,1.0,6.975224488946857e-114,2022-12-01,2006-07-17,2022-11-30,4124.0,neutral
2022-12-13,neutral,neutral,0.0,1.0,1.0310597146115858e-116,2022-12-01,2006-07-17,2022-11-30,4124.0,neutral
2022-12-14,neutral,neutral,0.0,1.0,1.0175433331130622e-108,2022-12-01,2006-07-17,2022-11-30,4124.0,neutral
2022-12-15,neutral,neutral,0.0,1.0,1.452955630132019e-105,2022-12-01,2006-07-17,2022-11-30,4124.0,neutral
2022-12-16,neutral,neutral,0.0,1.0,8.843254319707599e-100,2022-12-01,2006-07-17,2022-11-30,4124.0,neutral
2022-12-19,neutral,neutral,0.0,1.0,6.224577512317888e-96,2022-12-01,2006-07-17,2022-11-30,4124.0,neutral
2022-12-20,neutral,neutral,0.0,1.0,4.958948079191288e-97,2022-12-01,2006-07-17,2022-11-30,4124.0,neutral
2022-12-21,neutral,neutral,0.0,1.0,1.5948492047949205e-99,2022-12-01,2006-07-17,2022-11-30,4124.0,neutral
2022-12-22,neutral,neutral,0.0,1.0,1.4756812720819707e-97,2022-12-01,2006-07-17,2022-11-30,4124.0,neutral
2022-12-23,neutral,neutral,0.0,1.0,2.259533221566887e-95,2022-12-01,2006-07-17,2022-11-30,4124.0,neutral
2022-12-27,neutral,neutral,0.0,1.0,9.912970767423592e-99,2022-12-01,2006-07-17,2022-11-30,4124.0,neutral
2022-12-28,neutral,neutral,0.0,1.0,2.900789241845304e-100,2022-12-01,2006-07-17,2022-11-30,4124.0,neutral
2022-12-29,neutral,neutral,0.0,1.0,7.962873699444881e-96,2022-12-01,2006-07-17,2022-11-30,4124.0,neutral
2022-12-30,neutral,neutral,0.0,1.0,1.1530869589163288e-94,2022-12-01,2006-07-17,2022-11-30,4124.0,neutral
2023-01-03,neutral,neutral,0.0,1.0,2.49269636358993e-102,2023-01-03,2006-07-17,2022-12-30,4145.0,neutral
2023-01-04,neutral,neutral,0.0,1.0,4.021409016174078e-104,2023-01-03,2006-07-17,2022-12-30,4145.0,neutral
2023-01-05,neutral,neutral,0.0,1.0,1.6877834905904936e-98,2023-01-03,2006-07-17,2022-12-30,4145.0,neutral
2023-01-06,neutral,neutral,0.0,1.0,1.1924941641038372e-94,2023-01-03,2006-07-17,2022-12-30,4145.0,neutral
2023-01-09,neutral,neutral,0.0,1.0,7.688300259913823e-94,2023-01-03,2006-07-17,2022-12-30,4145.0,neutral
2023-01-10,neutral,neutral,0.0,1.0,2.2903453925488163e-93,2023-01-03,2006-07-17,2022-12-30,4145.0,neutral
2023-01-11,neutral,neutral,0.0,1.0,1.1707086697929109e-89,2023-01-03,2006-07-17,2022-12-30,4145.0,neutral
2023-01-12,neutral,neutral,0.0,1.0,1.3477444989003011e-91,2023-01-03,2006-07-17,2022-12-30,4145.0,neutral
2023-01-13,neutral,neutral,0.0,1.0,3.6410042993910094e-87,2023-01-03,2006-07-17,2022-12-30,4145.0,neutral
2023-01-17,neutral,neutral,0.0,1.0,1.6525271700089712e-77,2023-01-03,2006-07-17,2022-12-30,4145.0,neutral
2023-01-18,neutral,neutral,0.0,1.0,3.094370106505157e-73,2023-01-03,2006-07-17,2022-12-30,4145.0,neutral
2023-01-19,neutral,neutral,0.0,1.0,2.270377187245777e-67,2023-01-03,2006-07-17,2022-12-30,4145.0,neutral
2023-01-20,neutral,neutral,0.0,1.0,4.068449153017665e-65,2023-01-03,2006-07-17,2022-12-30,4145.0,neutral
2023-01-23,neutral,neutral,0.0,1.0,8.514003021155009e-63,2023-01-03,2006-07-17,2022-12-30,4145.0,neutral
2023-01-24,neutral,neutral,0.0,1.0,1.0403835041003432e-60,2023-01-03,2006-07-17,2022-12-30,4145.0,neutral
2023-01-25,neutral,neutral,0.0,1.0,9.179001677247138e-60,2023-01-03,2006-07-17,2022-12-30,4145.0,neutral
2023-01-26,neutral,neutral,0.0,1.0,1.0310763499940708e-58,2023-01-03,2006-07-17,2022-12-30,4145.0,neutral
2023-01-27,neutral,neutral,0.0,1.0,8.245690962388769e-59,2023-01-03,2006-07-17,2022-12-30,4145.0,neutral
2023-01-30,neutral,neutral,0.0,1.0,2.258887546180365e-56,2023-01-03,2006-07-17,2022-12-30,4145.0,neutral
2023-01-31,neutral,neutral,0.0,1.0,1.0224469895074096e-57,2023-01-03,2006-07-17,2022-12-30,4145.0,neutral
2023-02-01,neutral,risk_off,1.0,0.0,2.6668497057291347e-89,2023-02-01,2006-07-17,2023-01-31,4165.0,neutral
2023-02-02,neutral,risk_off,1.0,0.0,4.2471793265724055e-103,2023-02-01,2006-07-17,2023-01-31,4165.0,risk_off
2023-02-03,neutral,risk_off,1.0,0.0,1.966152318026694e-96,2023-02-01,2006-07-17,2023-01-31,4165.0,risk_off
2023-02-06,neutral,risk_off,1.0,0.0,1.3667120771581074e-92,2023-02-01,2006-07-17,2023-01-31,4165.0,risk_off
2023-02-07,neutral,risk_off,1.0,0.0,2.23688821790009e-92,2023-02-01,2006-07-17,2023-01-31,4165.0,risk_off
2023-02-08,neutral,risk_off,1.0,0.0,1.9130908299516956e-84,2023-02-01,2006-07-17,2023-01-31,4165.0,risk_off
2023-02-09,neutral,risk_off,1.0,0.0,4.287585324768642e-84,2023-02-01,2006-07-17,2023-01-31,4165.0,risk_off
2023-02-10,neutral,risk_off,1.0,0.0,2.307419483536694e-78,2023-02-01,2006-07-17,2023-01-31,4165.0,risk_off
2023-02-13,neutral,risk_off,1.0,0.0,7.023384113762556e-75,2023-02-01,2006-07-17,2023-01-31,4165.0,risk_off
2023-02-14,neutral,risk_off,1.0,0.0,3.540958494867338e-73,2023-02-01,2006-07-17,2023-01-31,4165.0,risk_off
2023-02-15,neutral,risk_off,1.0,0.0,5.6469683565375144e-74,2023-02-01,2006-07-17,2023-01-31,4165.0,risk_off
2023-02-16,neutral,risk_off,1.0,0.0,4.8900423702117075e-71,2023-02-01,2006-07-17,2023-01-31,4165.0,risk_off
2023-02-17,neutral,risk_off,1.0,0.0,2.80710319359381e-66,2023-02-01,2006-07-17,2023-01-31,4165.0,risk_off
2023-02-21,neutral,risk_off,1.0,0.0,2.1217010986593242e-61,2023-02-01,2006-07-17,2023-01-31,4165.0,risk_off
2023-02-22,neutral,risk_off,1.0,0.0,4.701116760866634e-61,2023-02-01,2006-07-17,2023-01-31,4165.0,risk_off
2023-02-23,neutral,risk_off,1.0,0.0,4.122896574104925e-63,2023-02-01,2006-07-17,2023-01-31,4165.0,risk_off
2023-02-24,neutral,risk_off,1.0,0.0,7.744764160232387e-60,2023-02-01,2006-07-17,2023-01-31,4165.0,risk_off
2023-02-27,neutral,risk_off,1.0,0.0,2.157722310549294e-62,2023-02-01,2006-07-17,2023-01-31,4165.0,risk_off
2023-02-28,neutral,risk_off,1.0,0.0,1.1537675928861997e-63,2023-02-01,2006-07-17,2023-01-31,4165.0,risk_off
2023-03-01,neutral,risk_on,9.890068497198524e-194,6.230853713137398e-25,1.0,2023-03-01,2006-07-17,2023-02-28,4184.0,risk_off
2023-03-02,neutral,risk_on,1.0770060054164828e-187,3.216657439928423e-25,1.0,2023-03-01,2006-07-17,2023-02-28,4184.0,risk_on
2023-03-03,neutral,risk_on,2.9433094748010717e-181,8.404052563547152e-24,1.0,2023-03-01,2006-07-17,2023-02-28,4184.0,risk_on
2023-03-06,neutral,risk_on,6.513605738512149e-182,3.4847592059963087e-26,1.0,2023-03-01,2006-07-17,2023-02-28,4184.0,risk_on
2023-03-07,neutral,risk_on,2.7745090059012664e-188,1.1096325627789893e-29,1.0,2023-03-01,2006-07-17,2023-02-28,4184.0,risk_on
2023-03-08,neutral,risk_on,1.2415632737839293e-191,7.622151286337898e-31,1.0,2023-03-01,2006-07-17,2023-02-28,4184.0,risk_on
2023-03-09,neutral,risk_on,2.1625550371923065e-194,5.161394264690956e-30,1.0,2023-03-01,2006-07-17,2023-02-28,4184.0,risk_on
2023-03-10,neutral,risk_on,3.864314121289562e-185,9.305650304609598e-26,1.0,2023-03-01,2006-07-17,2023-02-28,4184.0,risk_on
2023-03-13,neutral,risk_on,9.758735620607692e-171,2.2422579354847585e-18,1.0,2023-03-01,2006-07-17,2023-02-28,4184.0,risk_on
2023-03-14,neutral,risk_on,2.2659418411524174e-165,5.26938001379428e-24,1.0,2023-03-01,2006-07-17,2023-02-28,4184.0,risk_on
2023-03-15,neutral,risk_on,7.703478468204241e-160,7.400732109604494e-17,1.0,2023-03-01,2006-07-17,2023-02-28,4184.0,risk_on
2023-03-16,neutral,risk_on,8.144292760254692e-156,7.976845441815601e-17,1.0,2023-03-01,2006-07-17,2023-02-28,4184.0,risk_on
2023-03-17,neutral,risk_on,2.7367575309852313e-143,3.942280007492726e-14,0.9999999999999609,2023-03-01,2006-07-17,2023-02-28,4184.0,risk_on
2023-03-20,neutral,risk_on,1.6954019086699359e-136,1.1956347540514235e-19,1.0,2023-03-01,2006-07-17,2023-02-28,4184.0,risk_on
2023-03-21,neutral,risk_on,3.3403766630577946e-129,9.611077819090692e-25,1.0,2023-03-01,2006-07-17,2023-02-28,4184.0,risk_on
2023-03-22,neutral,risk_on,5.764836920760634e-125,2.453979333036446e-22,1.0,2023-03-01,2006-07-17,2023-02-28,4184.0,risk_on
2023-03-23,neutral,risk_on,2.3143880120494176e-117,9.291992307569799e-19,1.0,2023-03-01,2006-07-17,2023-02-28,4184.0,risk_on
2023-03-24,neutral,risk_on,1.3139956719440117e-113,2.8094779828810596e-18,1.0,2023-03-01,2006-07-17,2023-02-28,4184.0,risk_on
2023-03-27,neutral,risk_on,3.8839900486622614e-107,2.8111958109618856e-20,1.0,2023-03-01,2006-07-17,2023-02-28,4184.0,risk_on
2023-03-28,neutral,risk_on,2.6115722854330273e-105,2.2716525171185315e-19,1.0,2023-03-01,2006-07-17,2023-02-28,4184.0,risk_on
2023-03-29,neutral,risk_on,4.3076519289249434e-97,7.668452754364888e-23,1.0,2023-03-01,2006-07-17,2023-02-28,4184.0,risk_on
2023-03-30,neutral,risk_on,1.7529723588334994e-93,4.1508806577109275e-23,1.0,2023-03-01,2006-07-17,2023-02-28,4184.0,risk_on
2023-03-31,neutral,risk_on,5.7632302769790284e-92,3.709134210886155e-25,1.0,2023-03-01,2006-07-17,2023-02-28,4184.0,risk_on
2023-04-03,neutral,risk_off,0.9999999999992646,7.354044115457993e-13,2.6416298605228982e-223,2023-04-03,2006-07-17,2023-03-31,4207.0,risk_on
2023-04-04,neutral,risk_off,0.9999999999999538,4.5447475896152954e-14,2.1801336655181245e-216,2023-04-03,2006-07-17,2023-03-31,4207.0,risk_off
2023-04-05,neutral,risk_off,0.9999999999993463,6.52546685119308e-13,5.021804010431685e-211,2023-04-03,2006-07-17,2023-03-31,4207.0,risk_off
2023-04-06,neutral,risk_off,1.0,1.054312896628922e-15,7.5223910858642726e-208,2023-04-03,2006-07-17,2023-03-31,4207.0,risk_off
2023-04-10,neutral,risk_off,1.0,1.4395306960869791e-15,2.4449835956192398e-204,2023-04-03,2006-07-17,2023-03-31,4207.0,risk_off
2023-04-11,neutral,risk_off,0.9999999999999964,3.3740714564296192e-15,5.586180739634793e-200,2023-04-03,2006-07-17,2023-03-31,4207.0,risk_off
2023-04-12,neutral,risk_off,0.9999999999999822,1.680095260972058e-14,6.796585054530342e-197,2023-04-03,2006-07-17,2023-03-31,4207.0,risk_off
2023-04-13,neutral,risk_off,1.0,6.815413484554625e-16,1.470245872652261e-199,2023-04-03,2006-07-17,2023-03-31,4207.0,risk_off
2023-04-14,neutral,risk_off,1.0,3.8767384229575173e-16,1.0049689457520414e-196,2023-04-03,2006-07-17,2023-03-31,4207.0,risk_off
2023-04-17,neutral,risk_off,1.0,1.517811992768474e-19,2.1370456523325536e-191,2023-04-03,2006-07-17,2023-03-31,4207.0,risk_off
2023-04-18,neutral,risk_off,1.0,2.497915857985454e-19,2.2764369375694467e-189,2023-04-03,2006-07-17,2023-03-31,4207.0,risk_off
2023-04-19,neutral,risk_off,1.0,1.0023160266171638e-21,5.294384960004081e-188,2023-04-03,2006-07-17,2023-03-31,4207.0,risk_off
2023-04-20,neutral,risk_off,1.0,1.3549622727655967e-20,2.2632134174578357e-186,2023-04-03,2006-07-17,2023-03-31,4207.0,risk_off
2023-04-21,neutral,risk_off,1.0,9.05991617329547e-19,2.259412944871179e-183,2023-04-03,2006-07-17,2023-03-31,4207.0,risk_off
2023-04-24,neutral,risk_off,1.0,4.070131013850621e-18,2.3996306035720314e-178,2023-04-03,2006-07-17,2023-03-31,4207.0,risk_off
2023-04-25,neutral,risk_off,1.0,6.954669935797151e-16,4.522970611608935e-171,2023-04-03,2006-07-17,2023-03-31,4207.0,risk_off
2023-04-26,neutral,risk_off,1.0,2.219135386284516e-16,1.8240373310660194e-171,2023-04-03,2006-07-17,2023-03-31,4207.0,risk_off
2023-04-27,neutral,risk_off,0.9999999999999929,7.235256625166338e-15,1.7591953814806347e-172,2023-04-03,2006-07-17,2023-03-31,4207.0,risk_off
2023-04-28,neutral,risk_off,0.9999999999999503,5.1920226699078454e-14,1.881411612578205e-170,2023-04-03,2006-07-17,2023-03-31,4207.0,risk_off
2023-05-01,neutral,neutral,1.833128872292503e-80,1.0,3.3943405784764995e-49,2023-05-01,2006-07-17,2023-04-28,4226.0,risk_off
2023-05-02,neutral,neutral,1.5686939742907855e-86,1.0,5.576707727860366e-47,2023-05-01,2006-07-17,2023-04-28,4226.0,neutral
2023-05-03,neutral,neutral,1.1496100644076398e-87,1.0,1.5905803849820817e-46,2023-05-01,2006-07-17,2023-04-28,4226.0,neutral
2023-05-04,neutral,neutral,2.6745440730617904e-90,1.0,2.9069360104621992e-46,2023-05-01,2006-07-17,2023-04-28,4226.0,neutral
2023-05-05,neutral,neutral,3.057309406618704e-87,1.0,5.208555979326889e-47,2023-05-01,2006-07-17,2023-04-28,4226.0,neutral
2023-05-08,neutral,neutral,9.70706475406786e-92,1.0,1.8876020330790923e-44,2023-05-01,2006-07-17,2023-04-28,4226.0,neutral
2023-05-09,neutral,neutral,6.693352894170502e-94,1.0,2.5728661444337427e-43,2023-05-01,2006-07-17,2023-04-28,4226.0,neutral
2023-05-10,neutral,neutral,1.043597103246739e-95,1.0,1.0400809181809294e-41,2023-05-01,2006-07-17,2023-04-28,4226.0,neutral
2023-05-11,neutral,neutral,2.0724714702791062e-94,1.0,3.611079477022608e-42,2023-05-01,2006-07-17,2023-04-28,4226.0,neutral
2023-05-12,neutral,neutral,1.0505621930436247e-99,1.0,4.0607931001871835e-41,2023-05-01,2006-07-17,2023-04-28,4226.0,neutral
2023-05-15,neutral,neutral,2.0331362178460969e-97,1.0,7.281004488093974e-41,2023-05-01,2006-07-17,2023-04-28,4226.0,neutral
2023-05-16,neutral,neutral,3.189865871233351e-100,1.0,1.3859914381154773e-44,2023-05-01,2006-07-17,2023-04-28,4226.0,neutral
2023-05-17,neutral,neutral,4.538689101808919e-104,1.0,8.689392661107631e-42,2023-05-01,2006-07-17,2023-04-28,4226.0,neutral
2023-05-18,neutral,neutral,1.6956040920817384e-93,1.0,1.3368633256397e-43,2023-05-01,2006-07-17,2023-04-28,4226.0,neutral
2023-05-19,neutral,neutral,3.0077748598988e-104,1.0,2.1886078008711424e-41,2023-05-01,2006-07-17,2023-04-28,4226.0,neutral
2023-05-22,neutral,neutral,1.8189699861527873e-103,1.0,3.663140141139588e-42,2023-05-01,2006-07-17,2023-04-28,4226.0,neutral
2023-05-23,neutral,neutral,2.7466089316663997e-109,1.0,4.669208341313604e-43,2023-05-01,2006-07-17,2023-04-28,4226.0,neutral
2023-05-24,neutral,neutral,3.675905128814284e-108,1.0,2.542071264295829e-43,2023-05-01,2006-07-17,2023-04-28,4226.0,neutral
2023-05-25,neutral,neutral,4.538811528258862e-110,1.0,5.257618381227603e-42,2023-05-01,2006-07-17,2023-04-28,4226.0,neutral
2023-05-26,neutral,neutral,5.2395551878005364e-101,1.0,3.6452415151111486e-40,2023-05-01,2006-07-17,2023-04-28,4226.0,neutral
2023-05-30,neutral,neutral,9.201800157035377e-95,1.0,3.361994750225455e-42,2023-05-01,2006-07-17,2023-04-28,4226.0,neutral
2023-05-31,neutral,neutral,5.941634417795251e-80,1.0,1.3178807123739352e-41,2023-05-01,2006-07-17,2023-04-28,4226.0,neutral
2023-06-01,neutral,risk_off,0.9999878033151545,1.2196684844234993e-05,0.0,2023-06-01,2006-07-17,2023-05-31,4248.0,neutral
2023-06-02,neutral,risk_off,0.9999998090504119,1.9094958831656352e-07,0.0,2023-06-01,2006-07-17,2023-05-31,4248.0,risk_off
2023-06-05,neutral,risk_off,0.9999992428857485,7.571142516464829e-07,0.0,2023-06-01,2006-07-17,2023-05-31,4248.0,risk_off
2023-06-06,neutral,risk_off,0.9997835093026737,0.00021649069732964009,0.0,2023-06-01,2006-07-17,2023-05-31,4248.0,risk_off
2023-06-07,neutral,risk_off,0.9800393649182509,0.019960635081748022,0.0,2023-06-01,2006-07-17,2023-05-31,4248.0,risk_off
2023-06-08,neutral,neutral,0.21705261547519442,0.782947384524804,0.0,2023-06-01,2006-07-17,2023-05-31,4248.0,risk_off
2023-06-09,neutral,neutral,0.02817319661908934,0.9718268033809121,0.0,2023-06-01,2006-07-17,2023-05-31,4248.0,neutral
2023-06-12,risk_on,neutral,0.002840960948453899,0.9971590390515465,0.0,2023-06-01,2006-07-17,2023-05-31,4248.0,neutral
2023-06-13,risk_on,neutral,8.826731523338864e-05,0.999911732684769,0.0,2023-06-01,2006-07-17,2023-05-31,4248.0,neutral
2023-06-14,risk_on,neutral,7.828064498678015e-08,0.9999999217193536,0.0,2023-06-01,2006-07-17,2023-05-31,4248.0,neutral
2023-06-15,risk_on,neutral,5.768566714664365e-06,0.9999942314332886,0.0,2023-06-01,2006-07-17,2023-05-31,4248.0,neutral
2023-06-16,risk_on,neutral,4.2613943553975273e-07,0.9999995738605689,0.0,2023-06-01,2006-07-17,2023-05-31,4248.0,neutral
2023-06-20,risk_on,neutral,1.3332355002461252e-09,0.999999998666766,0.0,2023-06-01,2006-07-17,2023-05-31,4248.0,neutral
2023-06-21,risk_on,neutral,1.628547617830326e-10,0.9999999998371436,0.0,2023-06-01,2006-07-17,2023-05-31,4248.0,neutral
2023-06-22,risk_on,neutral,1.8463872677184387e-11,0.9999999999815401,0.0,2023-06-01,2006-07-17,2023-05-31,4248.0,neutral
2023-06-23,risk_on,neutral,6.84371973695646e-14,0.999999999999929,0.0,2023-06-01,2006-07-17,2023-05-31,4248.0,neutral
2023-06-26,risk_on,neutral,6.4051755721546164e-18,1.0,0.0,2023-06-01,2006-07-17,2023-05-31,4248.0,neutral
2023-06-27,risk_on,neutral,2.8136330783285972e-18,1.0,0.0,2023-06-01,2006-07-17,2023-05-31,4248.0,neutral
2023-06-28,risk_on,neutral,9.746449040983888e-20,1.0,0.0,2023-06-01,2006-07-17,2023-05-31,4248.0,neutral
2023-06-29,risk_on,neutral,8.177979047183878e-23,1.0,0.0,2023-06-01,2006-07-17,2023-05-31,4248.0,neutral
2023-06-30,risk_on,neutral,2.5831782191817977e-23,1.0,0.0,2023-06-01,2006-07-17,2023-05-31,4248.0,neutral
2023-07-03,risk_on,risk_off,1.0,7.914461654444097e-33,0.0,2023-07-03,2006-07-17,2023-06-30,4269.0,neutral
2023-07-05,risk_on,risk_off,1.0,3.9979330801597987e-29,0.0,2023-07-03,2006-07-17,2023-06-30,4269.0,risk_off
2023-07-06,risk_on,risk_off,1.0,2.6136818670772865e-25,0.0,2023-07-03,2006-07-17,2023-06-30,4269.0,risk_off
2023-07-07,risk_on,risk_off,1.0,1.2974232382148994e-22,0.0,2023-07-03,2006-07-17,2023-06-30,4269.0,risk_off
2023-07-10,risk_on,risk_off,1.0,2.9922511830505245e-18,0.0,2023-07-03,2006-07-17,2023-06-30,4269.0,risk_off
2023-07-11,risk_on,risk_off,1.0,7.979660472351476e-19,0.0,2023-07-03,2006-07-17,2023-06-30,4269.0,risk_off
2023-07-12,risk_on,risk_off,1.0,5.57517203419743e-20,0.0,2023-07-03,2006-07-17,2023-06-30,4269.0,risk_off
2023-07-13,risk_on,risk_off,1.0,5.0579855032506255e-20,0.0,2023-07-03,2006-07-17,2023-06-30,4269.0,risk_off
2023-07-14,risk_on,risk_off,1.0,1.8354211807703665e-21,0.0,2023-07-03,2006-07-17,2023-06-30,4269.0,risk_off
2023-07-17,risk_on,risk_off,1.0,9.652215496687098e-28,0.0,2023-07-03,2006-07-17,2023-06-30,4269.0,risk_off
2023-07-18,risk_on,risk_off,1.0,6.085049547064518e-25,0.0,2023-07-03,2006-07-17,2023-06-30,4269.0,risk_off
2023-07-19,risk_on,risk_off,1.0,8.105535008434838e-26,0.0,2023-07-03,2006-07-17,2023-06-30,4269.0,risk_off
2023-07-20,risk_on,risk_off,1.0,7.900189475689889e-21,0.0,2023-07-03,2006-07-17,2023-06-30,4269.0,risk_off
2023-07-21,risk_on,risk_off,1.0,1.335908031012836e-19,0.0,2023-07-03,2006-07-17,2023-06-30,4269.0,risk_off
2023-07-24,risk_on,risk_off,1.0,4.178591116003182e-18,0.0,2023-07-03,2006-07-17,2023-06-30,4269.0,risk_off
2023-07-25,risk_on,risk_off,1.0,6.32148934418264e-20,0.0,2023-07-03,2006-07-17,2023-06-30,4269.0,risk_off
2023-07-26,risk_on,risk_off,1.0,7.013184288432862e-18,0.0,2023-07-03,2006-07-17,2023-06-30,4269.0,risk_off
2023-07-27,risk_on,risk_off,1.0,1.961377724763742e-20,0.0,2023-07-03,2006-07-17,2023-06-30,4269.0,risk_off
2023-07-28,risk_on,risk_off,0.9999999999991189,8.852304694637709e-13,0.0,2023-07-03,2006-07-17,2023-06-30,4269.0,risk_off
2023-07-31,risk_on,risk_off,0.9999999695396729,3.0460331394402514e-08,0.0,2023-07-03,2006-07-17,2023-06-30,4269.0,risk_off
2023-08-01,risk_on,neutral,1.996142445793351e-226,1.0,5.3617775066184315e-205,2023-08-01,2006-07-17,2023-07-31,4289.0,risk_off
2023-08-02,risk_on,neutral,3.3095218724394695e-237,1.0,9.50770112943497e-198,2023-08-01,2006-07-17,2023-07-31,4289.0,neutral
2023-08-03,risk_on,neutral,3.7777872837469485e-243,1.0,8.443396954989593e-197,2023-08-01,2006-07-17,2023-07-31,4289.0,neutral
2023-08-04,risk_on,neutral,1.1330287798644785e-252,1.0,9.286643312647342e-199,2023-08-01,2006-07-17,2023-07-31,4289.0,neutral
2023-08-07,risk_on,neutral,5.2165195330685146e-256,1.0,2.227980718929329e-199,2023-08-01,2006-07-17,2023-07-31,4289.0,neutral
2023-08-08,risk_on,neutral,2.3226865980606807e-264,1.0,9.850156640007279e-201,2023-08-01,2006-07-17,2023-07-31,4289.0,neutral
2023-08-09,risk_on,neutral,2.334785951607361e-274,1.0,5.455390425318652e-209,2023-08-01,2006-07-17,2023-07-31,4289.0,neutral
2023-08-10,risk_on,neutral,8.798987571146536e-275,1.0,1.70841989241606e-206,2023-08-01,2006-07-17,2023-07-31,4289.0,neutral
2023-08-11,risk_on,neutral,1.8069364756424767e-283,1.0,3.5497650450961364e-210,2023-08-01,2006-07-17,2023-07-31,4289.0,neutral
2023-08-14,risk_on,neutral,1.8092459841879564e-283,1.0,5.463124166680966e-212,2023-08-01,2006-07-17,2023-07-31,4289.0,neutral
2023-08-15,risk_on,neutral,4.132757540937608e-284,1.0,4.333408317845858e-225,2023-08-01,2006-07-17,2023-07-31,4289.0,neutral
2023-08-16,risk_on,neutral,4.103251938445004e-287,1.0,5.445524762717809e-230,2023-08-01,2006-07-17,2023-07-31,4289.0,neutral
2023-08-17,risk_on,neutral,4.647532591157749e-289,1.0,7.908200366232523e-225,2023-08-01,2006-07-17,2023-07-31,4289.0,neutral
2023-08-18,risk_on,neutral,3.701478675372556e-294,1.0,8.70429077330215e-228,2023-08-01,2006-07-17,2023-07-31,4289.0,neutral
2023-08-21,risk_on,neutral,3.784082518376985e-288,1.0,1.4752570765163355e-228,2023-08-01,2006-07-17,2023-07-31,4289.0,neutral
2023-08-22,risk_on,neutral,2.25329223796396e-289,1.0,2.2109090374305038e-235,2023-08-01,2006-07-17,2023-07-31,4289.0,neutral
2023-08-23,risk_on,neutral,1.8884451893584684e-289,1.0,2.953453731947304e-236,2023-08-01,2006-07-17,2023-07-31,4289.0,neutral
2023-08-24,risk_on,neutral,2.2366132102558155e-290,1.0,2.120360991335265e-240,2023-08-01,2006-07-17,2023-07-31,4289.0,neutral
2023-08-25,risk_on,neutral,1.1387292909716172e-292,1.0,1.3194222870865582e-242,2023-08-01,2006-07-17,2023-07-31,4289.0,neutral
2023-08-28,risk_on,neutral,2.349452561857647e-287,1.0,2.2668320051344623e-243,2023-08-01,2006-07-17,2023-07-31,4289.0,neutral
2023-08-29,risk_on,neutral,4.1310090366199975e-282,1.0,1.6474469815635388e-231,2023-08-01,2006-07-17,2023-07-31,4289.0,neutral
2023-08-30,risk_on,neutral,3.0409065713488576e-283,1.0,2.684572589732788e-233,2023-08-01,2006-07-17,2023-07-31,4289.0,neutral
2023-08-31,risk_on,neutral,3.7901388661242775e-281,1.0,2.0065805448745213e-234,2023-08-01,2006-07-17,2023-07-31,4289.0,neutral
2023-09-01,risk_on,neutral,0.0,1.0,1.6749549804495603e-162,2023-09-01,2006-07-17,2023-08-31,4312.0,neutral
2023-09-05,risk_on,neutral,0.0,1.0,6.442174462605045e-165,2023-09-01,2006-07-17,2023-08-31,4312.0,neutral
2023-09-06,risk_on,neutral,0.0,1.0,1.5717691783761993e-164,2023-09-01,2006-07-17,2023-08-31,4312.0,neutral
2023-09-07,risk_on,neutral,0.0,1.0,2.078840856562932e-169,2023-09-01,2006-07-17,2023-08-31,4312.0,neutral
2023-09-08,risk_on,neutral,0.0,1.0,2.367564669909806e-167,2023-09-01,2006-07-17,2023-08-31,4312.0,neutral
2023-09-11,risk_on,neutral,0.0,1.0,1.1030100666153219e-166,2023-09-01,2006-07-17,2023-08-31,4312.0,neutral
2023-09-12,risk_on,neutral,0.0,1.0,1.4831118476391569e-167,2023-09-01,2006-07-17,2023-08-31,4312.0,neutral
2023-09-13,risk_on,neutral,0.0,1.0,1.1752416111961396e-167,2023-09-01,2006-07-17,2023-08-31,4312.0,neutral
2023-09-14,risk_on,neutral,0.0,1.0,1.0259157790790375e-169,2023-09-01,2006-07-17,2023-08-31,4312.0,neutral
2023-09-15,risk_on,neutral,0.0,1.0,2.148445078085277e-170,2023-09-01,2006-07-17,2023-08-31,4312.0,neutral
2023-09-18,risk_on,neutral,0.0,1.0,7.034557448973798e-166,2023-09-01,2006-07-17,2023-08-31,4312.0,neutral
2023-09-19,risk_on,neutral,0.0,1.0,3.466745657745564e-166,2023-09-01,2006-07-17,2023-08-31,4312.0,neutral
2023-09-20,risk_on,neutral,0.0,1.0,2.0663662130422685e-163,2023-09-01,2006-07-17,2023-08-31,4312.0,neutral
2023-09-21,risk_on,neutral,0.0,1.0,4.473179120996e-170,2023-09-01,2006-07-17,2023-08-31,4312.0,neutral
2023-09-22,risk_on,neutral,0.0,1.0,7.745239577935178e-174,2023-09-01,2006-07-17,2023-08-31,4312.0,neutral
2023-09-25,risk_on,neutral,0.0,1.0,3.7568235387914235e-173,2023-09-01,2006-07-17,2023-08-31,4312.0,neutral
2023-09-26,risk_on,neutral,0.0,1.0,9.022086557716602e-178,2023-09-01,2006-07-17,2023-08-31,4312.0,neutral
2023-09-27,risk_on,neutral,0.0,1.0,3.874669425155202e-182,2023-09-01,2006-07-17,2023-08-31,4312.0,neutral
2023-09-28,risk_on,neutral,0.0,1.0,5.963401484478104e-187,2023-09-01,2006-07-17,2023-08-31,4312.0,neutral
2023-09-29,risk_on,neutral,0.0,1.0,5.85315605658375e-186,2023-09-01,2006-07-17,2023-08-31,4312.0,neutral
2023-10-02,risk_on,risk_on,1.1783648366087986e-303,2.4085178555985597e-87,1.0,2023-10-02,2006-07-17,2023-09-29,4332.0,neutral
2023-10-03,risk_on,risk_on,8.099858312673569e-297,2.650354013203616e-77,1.0,2023-10-02,2006-07-17,2023-09-29,4332.0,risk_on
2023-10-04,risk_on,risk_on,3.133275820743478e-289,3.329439208340449e-78,1.0,2023-10-02,2006-07-17,2023-09-29,4332.0,risk_on
2023-10-05,risk_on,risk_on,5.595435649187289e-285,3.7875144895096635e-78,1.0,2023-10-02,2006-07-17,2023-09-29,4332.0,risk_on
2023-10-06,risk_on,risk_on,5.501994813630813e-278,1.0662126478628324e-80,1.0,2023-10-02,2006-07-17,2023-09-29,4332.0,risk_on
2023-10-09,risk_on,risk_on,5.437833189168402e-267,8.42514978001804e-80,1.0,2023-10-02,2006-07-17,2023-09-29,4332.0,risk_on
2023-10-10,risk_on,risk_on,4.179008778445771e-260,2.69232255146396e-81,1.0,2023-10-02,2006-07-17,2023-09-29,4332.0,risk_on
2023-10-11,risk_on,risk_on,6.458975946913508e-256,1.6462728979464825e-87,1.0,2023-10-02,2006-07-17,2023-09-29,4332.0,risk_on
2023-10-12,risk_on,risk_on,1.3707226728034365e-249,3.8275995878118464e-86,1.0,2023-10-02,2006-07-17,2023-09-29,4332.0,risk_on
2023-10-13,risk_on,risk_on,1.9906995461714704e-248,3.551700396246738e-83,1.0,2023-10-02,2006-07-17,2023-09-29,4332.0,risk_on
2023-10-16,risk_on,risk_on,1.4645271130971132e-240,1.1406816555199923e-82,1.0,2023-10-02,2006-07-17,2023-09-29,4332.0,risk_on
2023-10-17,risk_on,risk_on,4.020372225112969e-233,6.362038474371504e-78,1.0,2023-10-02,2006-07-17,2023-09-29,4332.0,risk_on
2023-10-18,risk_on,risk_on,2.1827704832026645e-230,2.7742856151785358e-73,1.0,2023-10-02,2006-07-17,2023-09-29,4332.0,risk_on
2023-10-19,risk_on,risk_on,2.0849258002960198e-222,3.3049220175629287e-65,1.0,2023-10-02,2006-07-17,2023-09-29,4332.0,risk_on
2023-10-20,risk_on,risk_on,1.1173411112080304e-223,3.0058953201072337e-64,1.0,2023-10-02,2006-07-17,2023-09-29,4332.0,risk_on
2023-10-23,risk_on,risk_on,7.594088768701969e-224,1.3386145519529026e-69,1.0,2023-10-02,2006-07-17,2023-09-29,4332.0,risk_on
2023-10-24,risk_on,risk_on,3.2971964688331294e-216,1.9628094889628315e-74,1.0,2023-10-02,2006-07-17,2023-09-29,4332.0,risk_on
2023-10-25,risk_on,risk_on,1.8270888867398966e-215,3.8091109134739086e-69,1.0,2023-10-02,2006-07-17,2023-09-29,4332.0,risk_on
2023-10-26,risk_on,risk_on,5.287654210174646e-212,2.3040647558719893e-67,1.0,2023-10-02,2006-07-17,2023-09-29,4332.0,risk_on
2023-10-27,risk_on,risk_on,2.837101628086523e-209,1.4133583795051414e-63,1.0,2023-10-02,2006-07-17,2023-09-29,4332.0,risk_on
2023-10-30,risk_on,risk_on,2.2599401234712293e-200,8.770550934344985e-68,1.0,2023-10-02,2006-07-17,2023-09-29,4332.0,risk_on
2023-10-31,risk_on,risk_on,1.365408697279276e-197,1.2560502583701373e-72,1.0,2023-10-02,2006-07-17,2023-09-29,4332.0,risk_on
2023-11-01,risk_on,neutral,1.844510908789262e-204,1.0,1.6540132498846767e-86,2023-11-01,2006-07-17,2023-10-31,4354.0,risk_on
2023-11-02,risk_on,neutral,3.746187780427847e-200,1.0,8.786631451805834e-80,2023-11-01,2006-07-17,2023-10-31,4354.0,neutral
2023-11-03,risk_on,neutral,7.041463150786845e-197,1.0,6.605410098855218e-76,2023-11-01,2006-07-17,2023-10-31,4354.0,neutral
2023-11-06,risk_on,neutral,5.997638579125235e-200,1.0,4.87440030936567e-78,2023-11-01,2006-07-17,2023-10-31,4354.0,neutral
2023-11-07,risk_on,neutral,6.704973364199409e-197,1.0,4.941161439240371e-77,2023-11-01,2006-07-17,2023-10-31,4354.0,neutral
2023-11-08,risk_on,neutral,1.155925595089023e-196,1.0,5.13479734540315e-77,2023-11-01,2006-07-17,2023-10-31,4354.0,neutral
2023-11-09,risk_on,neutral,8.024161133379592e-199,1.0,1.4255050163146386e-78,2023-11-01,2006-07-17,2023-10-31,4354.0,neutral
2023-11-10,risk_on,neutral,1.961278164382726e-196,1.0,2.1133199488425203e-74,2023-11-01,2006-07-17,2023-10-31,4354.0,neutral
2023-11-13,risk_on,neutral,3.275551602837156e-193,1.0,5.05910221760275e-80,2023-11-01,2006-07-17,2023-10-31,4354.0,neutral
2023-11-14,risk_on,neutral,7.563925590071143e-186,1.0,1.2397659649551307e-75,2023-11-01,2006-07-17,2023-10-31,4354.0,neutral
2023-11-15,risk_on,neutral,2.4809906911894715e-185,1.0,4.5860488682565775e-80,2023-11-01,2006-07-17,2023-10-31,4354.0,neutral
2023-11-16,risk_on,neutral,5.4237937633087315e-188,1.0,1.830428342893917e-83,2023-11-01,2006-07-17,2023-10-31,4354.0,neutral
2023-11-17,risk_on,neutral,6.469438216888203e-191,1.0,1.3166389885491562e-79,2023-11-01,2006-07-17,2023-10-31,4354.0,neutral
2023-11-20,risk_on,neutral,3.7200050262847264e-192,1.0,1.918707202642957e-78,2023-11-01,2006-07-17,2023-10-31,4354.0,neutral
2023-11-21,risk_on,neutral,1.2850899366653638e-192,1.0,9.138632664544953e-78,2023-11-01,2006-07-17,2023-10-31,4354.0,neutral
2023-11-22,risk_on,neutral,1.299994219374703e-191,1.0,2.1459581808518505e-78,2023-11-01,2006-07-17,2023-10-31,4354.0,neutral
2023-11-24,risk_on,neutral,9.336771560096566e-192,1.0,2.3216831720287266e-81,2023-11-01,2006-07-17,2023-10-31,4354.0,neutral
2023-11-27,risk_on,neutral,4.569985742007116e-192,1.0,1.658470975620717e-80,2023-11-01,2006-07-17,2023-10-31,4354.0,neutral
2023-11-28,risk_on,neutral,3.446253165252297e-192,1.0,9.775763895427918e-81,2023-11-01,2006-07-17,2023-10-31,4354.0,neutral
2023-11-29,risk_on,neutral,1.9048053082608323e-192,1.0,6.665895256180889e-79,2023-11-01,2006-07-17,2023-10-31,4354.0,neutral
2023-11-30,risk_on,neutral,6.5876636561458536e-195,1.0,1.1173541068458693e-77,2023-11-01,2006-07-17,2023-10-31,4354.0,neutral
2023-12-01,risk_on,risk_off,0.9999999999999964,2.1399645535826766e-15,6.513087401951275e-268,2023-12-01,2006-07-17,2023-11-30,4375.0,neutral
2023-12-04,risk_on,risk_off,1.0,5.713207393257532e-16,9.556442429226315e-268,2023-12-01,2006-07-17,2023-11-30,4375.0,risk_off
2023-12-05,risk_on,risk_off,1.0,6.405054934143749e-16,6.497265476627753e-267,2023-12-01,2006-07-17,2023-11-30,4375.0,risk_off
2023-12-06,risk_on,risk_off,1.0,5.2348206749907693e-17,9.715859837760353e-267,2023-12-01,2006-07-17,2023-11-30,4375.0,risk_off
2023-12-07,risk_on,risk_off,1.0,8.648141245745528e-16,3.6699737666962013e-270,2023-12-01,2006-07-17,2023-11-30,4375.0,risk_off
2023-12-08,risk_on,risk_off,0.9999999999999112,8.94004299772885e-14,1.572046640062293e-271,2023-12-01,2006-07-17,2023-11-30,4375.0,risk_off
2023-12-11,risk_on,risk_off,0.9999999999997762,2.2287259132141519e-13,9.027145565647414e-275,2023-12-01,2006-07-17,2023-11-30,4375.0,risk_off
2023-12-12,risk_on,risk_off,0.9999999999996376,3.62177532309572e-13,8.333916928098898e-278,2023-12-01,2006-07-17,2023-11-30,4375.0,risk_off
2023-12-13,risk_on,risk_off,0.9999999980662722,1.933726028462832e-09,9.062733400957045e-281,2023-12-01,2006-07-17,2023-11-30,4375.0,risk_off
2023-12-14,risk_on,risk_off,0.9999999852691985,1.4730802149386072e-08,1.7521239198037364e-280,2023-12-01,2006-07-17,2023-11-30,4375.0,risk_off
2023-12-15,risk_on,risk_off,0.9999998133995366,1.8660046529676502e-07,1.1099165240896129e-281,2023-12-01,2006-07-17,2023-11-30,4375.0,risk_off
2023-12-18,risk_on,risk_off,0.9999999280862991,7.191370106377866e-08,1.8086784278333482e-282,2023-12-01,2006-07-17,2023-11-30,4375.0,risk_off
2023-12-19,risk_on,risk_off,0.9999859470377356,1.4052962265067304e-05,2.0670803638864763e-281,2023-12-01,2006-07-17,2023-11-30,4375.0,risk_off
2023-12-20,risk_on,risk_off,0.9999998615808561,1.3841914688260914e-07,5.594293899780146e-279,2023-12-01,2006-07-17,2023-11-30,4375.0,risk_off
2023-12-21,risk_on,risk_off,0.9999989801901221,1.0198098788202803e-06,2.613013333517071e-280,2023-12-01,2006-07-17,2023-11-30,4375.0,risk_off
2023-12-22,risk_on,risk_off,0.9999984450741702,1.5549258330140145e-06,1.9248930600080786e-281,2023-12-01,2006-07-17,2023-11-30,4375.0,risk_off
2023-12-26,risk_on,risk_off,0.9999613373894131,3.866261058699247e-05,2.147132988887146e-282,2023-12-01,2006-07-17,2023-11-30,4375.0,risk_off
2023-12-27,risk_on,risk_off,0.9999947201275297,5.279872471659558e-06,2.2418843333825056e-285,2023-12-01,2006-07-17,2023-11-30,4375.0,risk_off
2023-12-28,risk_on,risk_off,0.9999998964036916,1.0359630840580164e-07,9.88968213984488e-289,2023-12-01,2006-07-17,2023-11-30,4375.0,risk_off
2023-12-29,risk_on,risk_off,0.9999999973604758,2.6395224310395996e-09,1.5708112368599469e-291,2023-12-01,2006-07-17,2023-11-30,4375.0,risk_off
2024-01-02,risk_on,neutral,0.0,1.0,5.844233199853891e-130,2024-01-02,2006-07-17,2023-12-29,4395.0,risk_off
2024-01-03,risk_on,neutral,0.0,1.0,7.968327723398386e-135,2024-01-02,2006-07-17,2023-12-29,4395.0,neutral
2024-01-04,risk_on,neutral,0.0,1.0,4.1547770404342296e-135,2024-01-02,2006-07-17,2023-12-29,4395.0,neutral
2024-01-05,risk_on,neutral,0.0,1.0,1.5992173319815996e-137,2024-01-02,2006-07-17,2023-12-29,4395.0,neutral
2024-01-08,risk_on,neutral,0.0,1.0,3.355574493427688e-133,2024-01-02,2006-07-17,2023-12-29,4395.0,neutral
2024-01-09,risk_on,neutral,0.0,1.0,1.2187265233706554e-136,2024-01-02,2006-07-17,2023-12-29,4395.0,neutral
2024-01-10,risk_on,neutral,0.0,1.0,7.439308359934969e-133,2024-01-02,2006-07-17,2023-12-29,4395.0,neutral
2024-01-11,risk_on,neutral,0.0,1.0,9.584037685781787e-137,2024-01-02,2006-07-17,2023-12-29,4395.0,neutral
2024-01-12,risk_on,neutral,0.0,1.0,6.09089894060617e-142,2024-01-02,2006-07-17,2023-12-29,4395.0,neutral
2024-01-16,risk_on,neutral,0.0,1.0,4.487142271702256e-144,2024-01-02,2006-07-17,2023-12-29,4395.0,neutral
2024-01-17,risk_on,neutral,0.0,1.0,2.4168519677763073e-141,2024-01-02,2006-07-17,2023-12-29,4395.0,neutral
2024-01-18,risk_on,neutral,0.0,1.0,2.094585197595322e-143,2024-01-02,2006-07-17,2023-12-29,4395.0,neutral
2024-01-19,risk_on,neutral,0.0,1.0,6.0219344857104145e-142,2024-01-02,2006-07-17,2023-12-29,4395.0,neutral
2024-01-22,risk_on,neutral,0.0,1.0,2.5167260268468286e-146,2024-01-02,2006-07-17,2023-12-29,4395.0,neutral
2024-01-23,risk_on,neutral,0.0,1.0,6.738606078129949e-153,2024-01-02,2006-07-17,2023-12-29,4395.0,neutral
2024-01-24,risk_on,neutral,0.0,1.0,2.104064550943224e-151,2024-01-02,2006-07-17,2023-12-29,4395.0,neutral
2024-01-25,risk_on,neutral,0.0,1.0,4.031339159920583e-148,2024-01-02,2006-07-17,2023-12-29,4395.0,neutral
2024-01-26,risk_on,neutral,0.0,1.0,1.7159815206937932e-155,2024-01-02,2006-07-17,2023-12-29,4395.0,neutral
2024-01-29,risk_on,neutral,0.0,1.0,3.672252771384055e-153,2024-01-02,2006-07-17,2023-12-29,4395.0,neutral
2024-01-30,risk_on,neutral,0.0,1.0,1.5338701564149688e-154,2024-01-02,2006-07-17,2023-12-29,4395.0,neutral
2024-01-31,risk_on,neutral,0.0,1.0,3.5464583743255396e-161,2024-01-02,2006-07-17,2023-12-29,4395.0,neutral
2024-02-01,risk_on,neutral,9.977713236670838e-236,1.0,3.4143952653858483e-193,2024-02-01,2006-07-17,2024-01-31,4416.0,neutral
2024-02-02,risk_on,neutral,6.2095776495903474e-232,1.0,1.257284441770256e-182,2024-02-01,2006-07-17,2024-01-31,4416.0,neutral
2024-02-05,risk_on,neutral,8.191954605632159e-234,1.0,5.076249256793808e-185,2024-02-01,2006-07-17,2024-01-31,4416.0,neutral
2024-02-06,risk_on,neutral,5.916024735344959e-239,1.0,8.841364062194554e-189,2024-02-01,2006-07-17,2024-01-31,4416.0,neutral
2024-02-07,risk_on,neutral,1.2597044270184945e-239,1.0,1.8366378581781964e-189,2024-02-01,2006-07-17,2024-01-31,4416.0,neutral
2024-02-08,risk_on,neutral,1.5558702395422292e-242,1.0,1.148981439877038e-186,2024-02-01,2006-07-17,2024-01-31,4416.0,neutral
2024-02-09,risk_on,neutral,8.092756708961476e-243,1.0,1.2198329964672934e-183,2024-02-01,2006-07-17,2024-01-31,4416.0,neutral
2024-02-12,risk_on,neutral,4.6351631960084844e-247,1.0,1.1791838923882704e-189,2024-02-01,2006-07-17,2024-01-31,4416.0,neutral
2024-02-13,risk_on,neutral,1.457729864479225e-256,1.0,7.244912483813668e-191,2024-02-01,2006-07-17,2024-01-31,4416.0,neutral
2024-02-14,risk_on,neutral,4.7900345667476486e-256,1.0,6.421277324038963e-191,2024-02-01,2006-07-17,2024-01-31,4416.0,neutral
2024-02-15,risk_on,neutral,1.4324156276810418e-256,1.0,1.5754707089533517e-186,2024-02-01,2006-07-17,2024-01-31,4416.0,neutral
2024-02-16,risk_on,neutral,1.5034782927692808e-264,1.0,2.1736403911435538e-189,2024-02-01,2006-07-17,2024-01-31,4416.0,neutral
2024-02-20,risk_on,neutral,1.4065369293591983e-273,1.0,1.9451018123057514e-198,2024-02-01,2006-07-17,2024-01-31,4416.0,neutral
2024-02-21,risk_on,neutral,1.7050959049936198e-274,1.0,2.842282375237535e-200,2024-02-01,2006-07-17,2024-01-31,4416.0,neutral
2024-02-22,risk_on,neutral,7.083133794077931e-263,1.0,3.111269089460644e-191,2024-02-01,2006-07-17,2024-01-31,4416.0,neutral
2024-02-23,risk_on,neutral,2.0204182985901548e-268,1.0,6.806275678435736e-192,2024-02-01,2006-07-17,2024-01-31,4416.0,neutral
2024-02-26,risk_on,neutral,3.5154730319897053e-273,1.0,1.506310157569635e-195,2024-02-01,2006-07-17,2024-01-31,4416.0,neutral
2024-02-27,risk_on,neutral,1.154352249895554e-274,1.0,1.6021417023294904e-201,2024-02-01,2006-07-17,2024-01-31,4416.0,neutral
2024-02-28,risk_on,neutral,7.346983203939775e-277,1.0,2.724138199343691e-203,2024-02-01,2006-07-17,2024-01-31,4416.0,neutral
2024-02-29,risk_on,neutral,3.0843578089179975e-275,1.0,2.0195422226283242e-202,2024-02-01,2006-07-17,2024-01-31,4416.0,neutral
2024-03-01,risk_on,neutral,0.0,1.0,0.0,2024-03-01,2006-07-17,2024-02-29,4436.0,neutral
2024-03-04,risk_on,neutral,0.0,1.0,0.0,2024-03-01,2006-07-17,2024-02-29,4436.0,neutral
2024-03-05,risk_on,neutral,0.0,1.0,0.0,2024-03-01,2006-07-17,2024-02-29,4436.0,neutral
2024-03-06,risk_on,neutral,0.0,1.0,0.0,2024-03-01,2006-07-17,2024-02-29,4436.0,neutral
2024-03-07,risk_on,neutral,0.0,1.0,0.0,2024-03-01,2006-07-17,2024-02-29,4436.0,neutral
2024-03-08,risk_on,neutral,0.0,1.0,0.0,2024-03-01,2006-07-17,2024-02-29,4436.0,neutral
2024-03-11,risk_on,neutral,0.0,1.0,0.0,2024-03-01,2006-07-17,2024-02-29,4436.0,neutral
2024-03-12,risk_on,neutral,0.0,1.0,0.0,2024-03-01,2006-07-17,2024-02-29,4436.0,neutral
2024-03-13,risk_on,neutral,0.0,1.0,0.0,2024-03-01,2006-07-17,2024-02-29,4436.0,neutral
2024-03-14,risk_on,neutral,0.0,1.0,0.0,2024-03-01,2006-07-17,2024-02-29,4436.0,neutral
2024-03-15,risk_on,neutral,0.0,1.0,0.0,2024-03-01,2006-07-17,2024-02-29,4436.0,neutral
2024-03-18,risk_on,neutral,0.0,1.0,0.0,2024-03-01,2006-07-17,2024-02-29,4436.0,neutral
2024-03-19,risk_on,neutral,0.0,1.0,0.0,2024-03-01,2006-07-17,2024-02-29,4436.0,neutral
2024-03-20,risk_on,neutral,0.0,1.0,0.0,2024-03-01,2006-07-17,2024-02-29,4436.0,neutral
2024-03-21,risk_on,neutral,0.0,1.0,0.0,2024-03-01,2006-07-17,2024-02-29,4436.0,neutral
2024-03-22,risk_on,neutral,0.0,1.0,0.0,2024-03-01,2006-07-17,2024-02-29,4436.0,neutral
2024-03-25,risk_on,neutral,0.0,1.0,0.0,2024-03-01,2006-07-17,2024-02-29,4436.0,neutral
2024-03-26,risk_on,neutral,0.0,1.0,0.0,2024-03-01,2006-07-17,2024-02-29,4436.0,neutral
2024-03-27,risk_on,neutral,0.0,1.0,0.0,2024-03-01,2006-07-17,2024-02-29,4436.0,neutral
2024-03-28,risk_on,neutral,0.0,1.0,0.0,2024-03-01,2006-07-17,2024-02-29,4436.0,neutral
2024-04-01,risk_on,neutral,6.07925172299291e-166,1.0,5.042915839758844e-62,2024-04-01,2006-07-17,2024-03-28,4456.0,neutral
2024-04-02,risk_on,neutral,7.16882344111131e-170,1.0,5.88058942368133e-65,2024-04-01,2006-07-17,2024-03-28,4456.0,neutral
2024-04-03,risk_on,neutral,3.7821022977782764e-168,1.0,3.4640752409065987e-66,2024-04-01,2006-07-17,2024-03-28,4456.0,neutral
2024-04-04,risk_on,neutral,7.325724767731362e-173,1.0,8.841997863278828e-69,2024-04-01,2006-07-17,2024-03-28,4456.0,neutral
2024-04-05,risk_on,neutral,1.4795293155943357e-169,1.0,2.9681935790480723e-65,2024-04-01,2006-07-17,2024-03-28,4456.0,neutral
2024-04-08,risk_on,neutral,1.2749497618973235e-172,1.0,4.1632863370225657e-69,2024-04-01,2006-07-17,2024-03-28,4456.0,neutral
2024-04-09,risk_on,neutral,4.326279780370165e-174,1.0,2.1973661810388578e-67,2024-04-01,2006-07-17,2024-03-28,4456.0,neutral
2024-04-10,risk_on,neutral,2.058299744121671e-176,1.0,1.082696827602674e-69,2024-04-01,2006-07-17,2024-03-28,4456.0,neutral
2024-04-11,risk_on,neutral,6.760603830269348e-176,1.0,2.4110914850979594e-68,2024-04-01,2006-07-17,2024-03-28,4456.0,neutral
2024-04-12,risk_on,neutral,3.706425381319071e-182,1.0,1.3903473152081248e-70,2024-04-01,2006-07-17,2024-03-28,4456.0,neutral
2024-04-15,risk_on,neutral,3.0096776853861464e-187,1.0,1.90720107009425e-69,2024-04-01,2006-07-17,2024-03-28,4456.0,neutral
2024-04-16,risk_on,neutral,1.0135526084583405e-190,1.0,1.0252110949515681e-73,2024-04-01,2006-07-17,2024-03-28,4456.0,neutral
2024-04-17,risk_on,neutral,4.581265087024524e-195,1.0,1.1426336015409311e-74,2024-04-01,2006-07-17,2024-03-28,4456.0,neutral
2024-04-18,risk_on,neutral,5.340844487507878e-198,1.0,6.124877711418277e-76,2024-04-01,2006-07-17,2024-03-28,4456.0,neutral
2024-04-19,risk_on,neutral,3.491839797529246e-192,1.0,1.254719257251895e-70,2024-04-01,2006-07-17,2024-03-28,4456.0,neutral
2024-04-22,risk_on,neutral,5.068025869933322e-203,1.0,1.923082939492407e-77,2024-04-01,2006-07-17,2024-03-28,4456.0,neutral
2024-04-23,risk_on,neutral,1.9196968610987514e-199,1.0,8.494660812653579e-76,2024-04-01,2006-07-17,2024-03-28,4456.0,neutral
2024-04-24,risk_on,neutral,3.6342931053808435e-200,1.0,1.085026714026658e-74,2024-04-01,2006-07-17,2024-03-28,4456.0,neutral
2024-04-25,risk_on,neutral,1.1468224897776375e-204,1.0,3.3986935743870813e-76,2024-04-01,2006-07-17,2024-03-28,4456.0,neutral
2024-04-26,risk_on,neutral,2.0678735123403104e-204,1.0,7.140204335892212e-74,2024-04-01,2006-07-17,2024-03-28,4456.0,neutral
2024-04-29,risk_on,neutral,1.7147565471791877e-202,1.0,1.862216194784197e-71,2024-04-01,2006-07-17,2024-03-28,4456.0,neutral
2024-04-30,risk_on,neutral,7.590082223569086e-207,1.0,2.536782126734273e-74,2024-04-01,2006-07-17,2024-03-28,4456.0,neutral
2024-05-01,risk_on,neutral,0.0,1.0,4.235440878123817e-98,2024-05-01,2006-07-17,2024-04-30,4478.0,neutral
2024-05-02,risk_on,neutral,0.0,1.0,1.401796497766291e-96,2024-05-01,2006-07-17,2024-04-30,4478.0,neutral
2024-05-03,risk_on,neutral,0.0,1.0,6.7532797158049246e-93,2024-05-01,2006-07-17,2024-04-30,4478.0,neutral
2024-05-06,risk_on,neutral,0.0,1.0,4.834588604216088e-90,2024-05-01,2006-07-17,2024-04-30,4478.0,neutral
2024-05-07,risk_on,neutral,0.0,1.0,7.208974293656314e-88,2024-05-01,2006-07-17,2024-04-30,4478.0,neutral
2024-05-08,risk_on,neutral,0.0,1.0,5.621601366449691e-87,2024-05-01,2006-07-17,2024-04-30,4478.0,neutral
2024-05-09,risk_on,neutral,0.0,1.0,7.587950297803797e-83,2024-05-01,2006-07-17,2024-04-30,4478.0,neutral
2024-05-10,risk_on,neutral,0.0,1.0,2.0460515786729443e-83,2024-05-01,2006-07-17,2024-04-30,4478.0,neutral
2024-05-13,risk_on,neutral,0.0,1.0,4.2421251291203844e-85,2024-05-01,2006-07-17,2024-04-30,4478.0,neutral
2024-05-14,risk_on,neutral,0.0,1.0,1.102259377986495e-82,2024-05-01,2006-07-17,2024-04-30,4478.0,neutral
2024-05-15,risk_on,neutral,0.0,1.0,1.3558372552233924e-78,2024-05-01,2006-07-17,2024-04-30,4478.0,neutral
2024-05-16,risk_on,neutral,0.0,1.0,4.5201845048275663e-91,2024-05-01,2006-07-17,2024-04-30,4478.0,neutral
2024-05-17,risk_on,neutral,0.0,1.0,5.212958927284538e-89,2024-05-01,2006-07-17,2024-04-30,4478.0,neutral
2024-05-20,risk_on,neutral,0.0,1.0,2.966527820035222e-90,2024-05-01,2006-07-17,2024-04-30,4478.0,neutral
2024-05-21,risk_on,neutral,0.0,1.0,1.915463743106695e-88,2024-05-01,2006-07-17,2024-04-30,4478.0,neutral
2024-05-22,risk_on,neutral,0.0,1.0,3.019253858651894e-92,2024-05-01,2006-07-17,2024-04-30,4478.0,neutral
2024-05-23,risk_on,neutral,0.0,1.0,1.7307326877940332e-96,2024-05-01,2006-07-17,2024-04-30,4478.0,neutral
2024-05-24,risk_on,neutral,0.0,1.0,2.109738241360671e-93,2024-05-01,2006-07-17,2024-04-30,4478.0,neutral
2024-05-28,risk_on,neutral,0.0,1.0,1.2747026916682736e-94,2024-05-01,2006-07-17,2024-04-30,4478.0,neutral
2024-05-29,risk_on,neutral,0.0,1.0,1.7778029771393095e-99,2024-05-01,2006-07-17,2024-04-30,4478.0,neutral
2024-05-30,risk_on,neutral,0.0,1.0,1.1240766264497585e-101,2024-05-01,2006-07-17,2024-04-30,4478.0,neutral
2024-05-31,risk_on,neutral,0.0,1.0,2.82141155259846e-97,2024-05-01,2006-07-17,2024-04-30,4478.0,neutral
2024-06-03,risk_on,risk_on,1.0850163055777734e-73,2.3524825387896264e-171,1.0,2024-06-03,2006-07-17,2024-05-31,4500.0,neutral
2024-06-04,risk_on,risk_on,3.135251620311131e-70,2.200830984004201e-172,1.0,2024-06-03,2006-07-17,2024-05-31,4500.0,risk_on
2024-06-05,risk_on,risk_on,1.71804773091063e-74,1.5142239862738034e-166,1.0,2024-06-03,2006-07-17,2024-05-31,4500.0,risk_on
2024-06-06,risk_on,risk_on,2.4779434584195797e-74,2.379586746023679e-167,1.0,2024-06-03,2006-07-17,2024-05-31,4500.0,risk_on
2024-06-07,risk_on,risk_on,6.138346262502356e-73,5.887170894727636e-172,1.0,2024-06-03,2006-07-17,2024-05-31,4500.0,risk_on
2024-06-10,risk_on,risk_on,1.5473384417292294e-74,6.086833360023326e-171,1.0,2024-06-03,2006-07-17,2024-05-31,4500.0,risk_on
2024-06-11,risk_on,risk_on,9.707311815954981e-78,2.9867811477866173e-168,1.0,2024-06-03,2006-07-17,2024-05-31,4500.0,risk_on
2024-06-12,risk_on,risk_on,2.606041674268824e-79,7.377507582710807e-166,1.0,2024-06-03,2006-07-17,2024-05-31,4500.0,risk_on
2024-06-13,risk_on,risk_on,6.845693186609385e-80,6.022013995796387e-168,1.0,2024-06-03,2006-07-17,2024-05-31,4500.0,risk_on
2024-06-14,risk_on,risk_on,4.1436414116295716e-83,8.950654584868361e-169,1.0,2024-06-03,2006-07-17,2024-05-31,4500.0,risk_on
2024-06-17,risk_on,risk_on,1.2534553772327847e-85,3.5737295898791636e-164,1.0,2024-06-03,2006-07-17,2024-05-31,4500.0,risk_on
2024-06-18,risk_on,risk_on,3.979663581410568e-85,6.85232127741876e-167,1.0,2024-06-03,2006-07-17,2024-05-31,4500.0,risk_on
2024-06-20,risk_on,risk_on,1.0990460722976759e-85,3.295484208225341e-167,1.0,2024-06-03,2006-07-17,2024-05-31,4500.0,risk_on
2024-06-21,risk_on,risk_on,2.958841438271145e-86,3.16323131782193e-171,1.0,2024-06-03,2006-07-17,2024-05-31,4500.0,risk_on
2024-06-24,risk_on,risk_on,1.6519895087481125e-83,7.042230795657615e-173,1.0,2024-06-03,2006-07-17,2024-05-31,4500.0,risk_on
2024-06-25,risk_on,risk_on,4.080128821969135e-85,6.324746176234299e-177,1.0,2024-06-03,2006-07-17,2024-05-31,4500.0,risk_on
2024-06-26,risk_on,risk_on,1.19198165426506e-84,7.405709420328802e-180,1.0,2024-06-03,2006-07-17,2024-05-31,4500.0,risk_on
2024-06-27,risk_on,risk_on,3.0089205990701953e-83,9.077404005340954e-180,1.0,2024-06-03,2006-07-17,2024-05-31,4500.0,risk_on
2024-06-28,risk_on,risk_on,1.5313685246203284e-82,2.4489241579610473e-183,1.0,2024-06-03,2006-07-17,2024-05-31,4500.0,risk_on
2024-07-01,risk_on,risk_off,1.0,6.0240973612166e-38,1.7772963823889825e-242,2024-07-01,2006-07-17,2024-06-28,4519.0,risk_on
2024-07-02,risk_on,risk_off,1.0,2.1825886483580116e-37,1.171349617847921e-241,2024-07-01,2006-07-17,2024-06-28,4519.0,risk_off
2024-07-03,risk_on,risk_off,1.0,1.4577101154997512e-36,1.4935232564617728e-242,2024-07-01,2006-07-17,2024-06-28,4519.0,risk_off
2024-07-05,risk_on,risk_off,1.0,4.600039377504486e-38,9.62622615982853e-240,2024-07-01,2006-07-17,2024-06-28,4519.0,risk_off
2024-07-08,risk_on,risk_off,1.0,2.7416885111470852e-37,3.5738860564835373e-242,2024-07-01,2006-07-17,2024-06-28,4519.0,risk_off
2024-07-09,risk_on,risk_off,1.0,6.975269972454633e-38,9.267945844323232e-245,2024-07-01,2006-07-17,2024-06-28,4519.0,risk_off
2024-07-10,risk_on,risk_off,1.0,3.163721789294889e-38,3.92653291723948e-238,2024-07-01,2006-07-17,2024-06-28,4519.0,risk_off
2024-07-11,risk_on,risk_off,1.0,4.260883797245567e-39,4.979274296900756e-249,2024-07-01,2006-07-17,2024-06-28,4519.0,risk_off
2024-07-12,risk_on,risk_off,1.0,1.5973292240942882e-38,8.125624380051675e-250,2024-07-01,2006-07-17,2024-06-28,4519.0,risk_off
2024-07-15,risk_on,risk_off,1.0,5.599683191936659e-39,9.201244149914892e-253,2024-07-01,2006-07-17,2024-06-28,4519.0,risk_off
2024-07-16,risk_on,risk_off,1.0,1.4905263789202925e-41,9.678718440885564e-264,2024-07-01,2006-07-17,2024-06-28,4519.0,risk_off
2024-07-17,risk_on,risk_off,1.0,3.571865913710298e-40,3.609525100496252e-270,2024-07-01,2006-07-17,2024-06-28,4519.0,risk_off
2024-07-18,risk_on,risk_off,1.0,4.996395458203463e-42,1.20441949007314e-274,2024-07-01,2006-07-17,2024-06-28,4519.0,risk_off
2024-07-19,risk_on,risk_off,1.0,3.7087814389243785e-39,1.7543344762773555e-279,2024-07-01,2006-07-17,2024-06-28,4519.0,risk_off
2024-07-22,risk_on,risk_off,1.0,2.4724614843714055e-39,9.33274943470473e-283,2024-07-01,2006-07-17,2024-06-28,4519.0,risk_off
2024-07-23,risk_on,risk_off,1.0,1.7799682420074264e-40,3.2323588056044043e-289,2024-07-01,2006-07-17,2024-06-28,4519.0,risk_off
2024-07-24,risk_on,risk_off,1.0,1.0839943743833015e-40,5.220637847637322e-291,2024-07-01,2006-07-17,2024-06-28,4519.0,risk_off
2024-07-25,risk_on,risk_off,1.0,2.8392118644819077e-37,4.365993883500831e-292,2024-07-01,2006-07-17,2024-06-28,4519.0,risk_off
2024-07-26,risk_on,risk_off,1.0,6.823941468001456e-38,1.76346767084414e-298,2024-07-01,2006-07-17,2024-06-28,4519.0,risk_off
2024-07-29,risk_on,risk_off,1.0,2.3512664931234384e-39,1.3467947403189048e-299,2024-07-01,2006-07-17,2024-06-28,4519.0,risk_off
2024-07-30,risk_on,risk_off,1.0,2.098486773834974e-38,9.139783923868379e-299,2024-07-01,2006-07-17,2024-06-28,4519.0,risk_off
2024-07-31,risk_on,risk_off,1.0,3.48894487298543e-44,5.4667265122534414e-294,2024-07-01,2006-07-17,2024-06-28,4519.0,risk_off
2024-08-01,risk_on,risk_on,1.1162768965832034e-52,0.0,1.0,2024-08-01,2006-07-17,2024-07-31,4541.0,risk_off
2024-08-02,risk_on,risk_on,1.2484223628027262e-48,0.0,1.0,2024-08-01,2006-07-17,2024-07-31,4541.0,risk_on
2024-08-05,neutral,risk_on,7.341621904888934e-21,0.0,1.0,2024-08-01,2006-07-17,2024-07-31,4541.0,risk_on
2024-08-06,risk_on,risk_on,8.047482117031455e-46,0.0,1.0,2024-08-01,2006-07-17,2024-07-31,4541.0,risk_on
2024-08-07,risk_on,risk_on,2.8754654993262357e-43,0.0,1.0,2024-08-01,2006-07-17,2024-07-31,4541.0,risk_on
2024-08-08,risk_on,risk_on,3.894974154430348e-49,0.0,1.0,2024-08-01,2006-07-17,2024-07-31,4541.0,risk_on
2024-08-09,risk_on,risk_on,2.3037483639813233e-54,0.0,1.0,2024-08-01,2006-07-17,2024-07-31,4541.0,risk_on
2024-08-12,risk_on,risk_on,4.8826281405893525e-52,0.0,1.0,2024-08-01,2006-07-17,2024-07-31,4541.0,risk_on
2024-08-13,risk_on,risk_on,1.5972806558619044e-53,0.0,1.0,2024-08-01,2006-07-17,2024-07-31,4541.0,risk_on
2024-08-14,risk_on,risk_on,2.8093369078311897e-54,0.0,1.0,2024-08-01,2006-07-17,2024-07-31,4541.0,risk_on
2024-08-15,risk_on,risk_on,5.202811887043331e-60,0.0,1.0,2024-08-01,2006-07-17,2024-07-31,4541.0,risk_on
2024-08-16,risk_on,risk_on,1.200604522939561e-59,0.0,1.0,2024-08-01,2006-07-17,2024-07-31,4541.0,risk_on
2024-08-19,risk_on,risk_on,9.778154172599841e-61,0.0,1.0,2024-08-01,2006-07-17,2024-07-31,4541.0,risk_on
2024-08-20,risk_on,risk_on,1.1849525525279432e-61,0.0,1.0,2024-08-01,2006-07-17,2024-07-31,4541.0,risk_on
2024-08-21,risk_on,risk_on,9.648128678871664e-61,0.0,1.0,2024-08-01,2006-07-17,2024-07-31,4541.0,risk_on
2024-08-22,risk_on,risk_on,4.481082733990043e-62,0.0,1.0,2024-08-01,2006-07-17,2024-07-31,4541.0,risk_on
2024-08-23,risk_on,risk_on,3.0934217672800904e-57,0.0,1.0,2024-08-01,2006-07-17,2024-07-31,4541.0,risk_on
2024-08-26,risk_on,risk_on,8.887068954839243e-58,0.0,1.0,2024-08-01,2006-07-17,2024-07-31,4541.0,risk_on
2024-08-27,risk_on,risk_on,1.5420094524250606e-57,0.0,1.0,2024-08-01,2006-07-17,2024-07-31,4541.0,risk_on
2024-08-28,risk_on,risk_on,2.4735979553051775e-57,0.0,1.0,2024-08-01,2006-07-17,2024-07-31,4541.0,risk_on
2024-08-29,risk_on,risk_on,1.815700134650039e-54,0.0,1.0,2024-08-01,2006-07-17,2024-07-31,4541.0,risk_on
2024-08-30,risk_on,risk_on,1.3734266438951978e-54,0.0,1.0,2024-08-01,2006-07-17,2024-07-31,4541.0,risk_on
2024-09-03,risk_on,risk_on,1.2115359165868023e-102,9.577925977892388e-131,1.0,2024-09-03,2006-07-17,2024-08-30,4563.0,risk_on
2024-09-04,risk_on,risk_on,6.17134692655858e-101,1.7164514373310714e-131,1.0,2024-09-03,2006-07-17,2024-08-30,4563.0,risk_on
2024-09-05,risk_on,risk_on,4.537608262716326e-102,1.5525681409141532e-133,1.0,2024-09-03,2006-07-17,2024-08-30,4563.0,risk_on
2024-09-06,risk_on,risk_on,4.8714453675534855e-107,2.5666906688786283e-134,1.0,2024-09-03,2006-07-17,2024-08-30,4563.0,risk_on
2024-09-09,risk_on,risk_on,2.159044992507649e-103,4.459953084366516e-136,1.0,2024-09-03,2006-07-17,2024-08-30,4563.0,risk_on
2024-09-10,risk_on,risk_on,2.4003235645417826e-104,2.84432006445703e-134,1.0,2024-09-03,2006-07-17,2024-08-30,4563.0,risk_on
2024-09-11,risk_on,risk_on,2.386146489028858e-100,8.606866174103182e-132,1.0,2024-09-03,2006-07-17,2024-08-30,4563.0,risk_on
2024-09-12,risk_on,risk_on,6.698420072778136e-96,5.048940528286195e-127,1.0,2024-09-03,2006-07-17,2024-08-30,4563.0,risk_on
2024-09-13,risk_on,risk_on,9.340069490281006e-90,9.312390024286314e-124,1.0,2024-09-03,2006-07-17,2024-08-30,4563.0,risk_on
2024-09-16,risk_on,risk_on,7.305774164052459e-88,5.4174323967570125e-123,1.0,2024-09-03,2006-07-17,2024-08-30,4563.0,risk_on
2024-09-17,risk_on,risk_on,1.5237698815838983e-89,1.5507161511678282e-120,1.0,2024-09-03,2006-07-17,2024-08-30,4563.0,risk_on
2024-09-18,risk_on,risk_on,1.1865457904931831e-89,3.0274168761558165e-120,1.0,2024-09-03,2006-07-17,2024-08-30,4563.0,risk_on
2024-09-19,risk_on,risk_on,3.2951160296030495e-87,5.08042662759544e-118,1.0,2024-09-03,2006-07-17,2024-08-30,4563.0,risk_on
2024-09-20,risk_on,risk_on,1.5741274211386846e-85,4.768985609245643e-118,1.0,2024-09-03,2006-07-17,2024-08-30,4563.0,risk_on
2024-09-23,risk_on,risk_on,1.5310304998171557e-90,2.1020826755236674e-119,1.0,2024-09-03,2006-07-17,2024-08-30,4563.0,risk_on
2024-09-24,risk_on,risk_on,1.6133840458214064e-87,3.013861662561052e-121,1.0,2024-09-03,2006-07-17,2024-08-30,4563.0,risk_on
2024-09-25,risk_on,risk_on,4.977757208588909e-87,9.358926700850417e-122,1.0,2024-09-03,2006-07-17,2024-08-30,4563.0,risk_on
2024-09-26,risk_on,risk_on,2.0439810523367582e-89,1.9266319648320577e-123,1.0,2024-09-03,2006-07-17,2024-08-30,4563.0,risk_on
2024-09-27,risk_on,risk_on,3.0729686774721825e-93,7.93848705386513e-122,1.0,2024-09-03,2006-07-17,2024-08-30,4563.0,risk_on
2024-09-30,risk_on,risk_on,1.4450211009579187e-92,1.0024492871625449e-120,1.0,2024-09-03,2006-07-17,2024-08-30,4563.0,risk_on
2024-10-01,risk_on,neutral,0.0,1.0,6.88948711222192e-139,2024-10-01,2006-07-17,2024-09-30,4583.0,risk_on
2024-10-02,risk_on,neutral,0.0,1.0,9.218944975359874e-140,2024-10-01,2006-07-17,2024-09-30,4583.0,neutral
2024-10-03,risk_on,neutral,0.0,1.0,1.887531805339267e-142,2024-10-01,2006-07-17,2024-09-30,4583.0,neutral
2024-10-04,risk_on,neutral,0.0,1.0,1.9767693421427377e-140,2024-10-01,2006-07-17,2024-09-30,4583.0,neutral
2024-10-07,risk_on,neutral,0.0,1.0,7.771881071890033e-139,2024-10-01,2006-07-17,2024-09-30,4583.0,neutral
2024-10-08,risk_on,neutral,0.0,1.0,1.416223840674756e-137,2024-10-01,2006-07-17,2024-09-30,4583.0,neutral
2024-10-09,risk_on,neutral,0.0,1.0,1.8073227245681953e-136,2024-10-01,2006-07-17,2024-09-30,4583.0,neutral
2024-10-10,risk_on,neutral,0.0,1.0,5.525439847032498e-138,2024-10-01,2006-07-17,2024-09-30,4583.0,neutral
2024-10-11,risk_on,neutral,0.0,1.0,3.801448390259452e-138,2024-10-01,2006-07-17,2024-09-30,4583.0,neutral
2024-10-14,risk_on,neutral,0.0,1.0,3.553578342159785e-140,2024-10-01,2006-07-17,2024-09-30,4583.0,neutral
2024-10-15,risk_on,neutral,0.0,1.0,9.603278776842356e-139,2024-10-01,2006-07-17,2024-09-30,4583.0,neutral
2024-10-16,risk_on,neutral,0.0,1.0,3.403306479683618e-138,2024-10-01,2006-07-17,2024-09-30,4583.0,neutral
2024-10-17,risk_on,neutral,0.0,1.0,4.0697057376262694e-140,2024-10-01,2006-07-17,2024-09-30,4583.0,neutral
2024-10-18,risk_on,neutral,0.0,1.0,5.873762613714174e-144,2024-10-01,2006-07-17,2024-09-30,4583.0,neutral
2024-10-21,risk_on,neutral,0.0,1.0,3.13196580856578e-146,2024-10-01,2006-07-17,2024-09-30,4583.0,neutral
2024-10-22,risk_on,neutral,0.0,1.0,4.784244295643922e-148,2024-10-01,2006-07-17,2024-09-30,4583.0,neutral
2024-10-23,risk_on,neutral,0.0,1.0,5.5456361117420216e-152,2024-10-01,2006-07-17,2024-09-30,4583.0,neutral
2024-10-24,risk_on,neutral,0.0,1.0,1.968528030467026e-147,2024-10-01,2006-07-17,2024-09-30,4583.0,neutral
2024-10-25,risk_on,neutral,0.0,1.0,9.950707684332847e-150,2024-10-01,2006-07-17,2024-09-30,4583.0,neutral
2024-10-28,risk_on,neutral,0.0,1.0,8.793956657466783e-150,2024-10-01,2006-07-17,2024-09-30,4583.0,neutral
2024-10-29,risk_on,neutral,0.0,1.0,1.7250884931574545e-153,2024-10-01,2006-07-17,2024-09-30,4583.0,neutral
2024-10-30,risk_on,neutral,0.0,1.0,7.51420198733328e-147,2024-10-01,2006-07-17,2024-09-30,4583.0,neutral
2024-10-31,risk_on,neutral,0.0,1.0,1.9818447499576827e-151,2024-10-01,2006-07-17,2024-09-30,4583.0,neutral
2024-11-01,risk_on,neutral,2.43648795550548e-309,1.0,0.0,2024-11-01,2006-07-17,2024-10-31,4606.0,neutral
2024-11-04,risk_on,neutral,1.6674126087760184e-303,1.0,0.0,2024-11-01,2006-07-17,2024-10-31,4606.0,neutral
2024-11-05,risk_on,neutral,2.114289593189292e-304,1.0,1e-323,2024-11-01,2006-07-17,2024-10-31,4606.0,neutral
2024-11-06,risk_on,neutral,5.361377945026206e-294,1.0,0.0,2024-11-01,2006-07-17,2024-10-31,4606.0,neutral
2024-11-07,risk_on,neutral,5.657412009406326e-294,1.0,4.4344053e-316,2024-11-01,2006-07-17,2024-10-31,4606.0,neutral
2024-11-08,risk_on,neutral,1.1399488259997373e-299,1.0,6.25947e-319,2024-11-01,2006-07-17,2024-10-31,4606.0,neutral
2024-11-11,risk_on,neutral,7.569910985495104e-303,1.0,4.787e-321,2024-11-01,2006-07-17,2024-10-31,4606.0,neutral
2024-11-12,risk_on,neutral,1.728574210878039e-301,1.0,0.0,2024-11-01,2006-07-17,2024-10-31,4606.0,neutral
2024-11-13,risk_on,neutral,2.024071200764595e-298,1.0,0.0,2024-11-01,2006-07-17,2024-10-31,4606.0,neutral
2024-11-14,risk_on,neutral,1.8407356797640302e-296,1.0,0.0,2024-11-01,2006-07-17,2024-10-31,4606.0,neutral
2024-11-15,risk_on,neutral,4.934963628343841e-305,1.0,0.0,2024-11-01,2006-07-17,2024-10-31,4606.0,neutral
2024-11-18,risk_on,neutral,7.579034733937187e-305,1.0,0.0,2024-11-01,2006-07-17,2024-10-31,4606.0,neutral
2024-11-19,risk_on,neutral,5.304326324252004e-299,1.0,0.0,2024-11-01,2006-07-17,2024-10-31,4606.0,neutral
2024-11-20,risk_on,neutral,8.756595414132288e-296,1.0,0.0,2024-11-01,2006-07-17,2024-10-31,4606.0,neutral
2024-11-21,risk_on,neutral,6.78422170955844e-294,1.0,0.0,2024-11-01,2006-07-17,2024-10-31,4606.0,neutral
2024-11-22,risk_on,neutral,1.3728748430052024e-295,1.0,0.0,2024-11-01,2006-07-17,2024-10-31,4606.0,neutral
2024-11-25,risk_on,neutral,1.2237650205709927e-294,1.0,0.0,2024-11-01,2006-07-17,2024-10-31,4606.0,neutral
2024-11-26,risk_on,neutral,4.503391173096884e-298,1.0,0.0,2024-11-01,2006-07-17,2024-10-31,4606.0,neutral
2024-11-27,risk_on,neutral,3.5447304599034236e-304,1.0,0.0,2024-11-01,2006-07-17,2024-10-31,4606.0,neutral
2024-11-29,risk_on,neutral,3.635896135577572e-302,1.0,0.0,2024-11-01,2006-07-17,2024-10-31,4606.0,neutral
2024-12-02,risk_on,neutral,5.681387070232325e-53,1.0,0.0,2024-12-02,2006-07-17,2024-11-29,4626.0,neutral
2024-12-03,risk_on,neutral,1.6908924935965733e-52,1.0,0.0,2024-12-02,2006-07-17,2024-11-29,4626.0,neutral
2024-12-04,risk_on,neutral,2.3963175879462773e-53,1.0,0.0,2024-12-02,2006-07-17,2024-11-29,4626.0,neutral
2024-12-05,risk_on,neutral,5.2061591140345655e-51,1.0,0.0,2024-12-02,2006-07-17,2024-11-29,4626.0,neutral
2024-12-06,risk_on,neutral,1.1504793617184919e-49,1.0,0.0,2024-12-02,2006-07-17,2024-11-29,4626.0,neutral
2024-12-09,risk_on,neutral,3.2899981302845804e-52,1.0,0.0,2024-12-02,2006-07-17,2024-11-29,4626.0,neutral
2024-12-10,risk_on,neutral,1.4399544883699187e-53,1.0,0.0,2024-12-02,2006-07-17,2024-11-29,4626.0,neutral
2024-12-11,risk_on,neutral,8.873878979522597e-53,1.0,0.0,2024-12-02,2006-07-17,2024-11-29,4626.0,neutral
2024-12-12,risk_on,neutral,3.617190709239879e-54,1.0,0.0,2024-12-02,2006-07-17,2024-11-29,4626.0,neutral
2024-12-13,risk_on,neutral,3.43857658492575e-55,1.0,0.0,2024-12-02,2006-07-17,2024-11-29,4626.0,neutral
2024-12-16,risk_on,neutral,7.016311451616259e-54,1.0,0.0,2024-12-02,2006-07-17,2024-11-29,4626.0,neutral
2024-12-17,risk_on,neutral,9.559115323445941e-55,1.0,0.0,2024-12-02,2006-07-17,2024-11-29,4626.0,neutral
2024-12-18,risk_on,neutral,1.6389148045022127e-61,1.0,0.0,2024-12-02,2006-07-17,2024-11-29,4626.0,neutral
2024-12-19,risk_on,neutral,7.074100313528273e-62,1.0,0.0,2024-12-02,2006-07-17,2024-11-29,4626.0,neutral
2024-12-20,risk_on,neutral,5.410839095786807e-63,1.0,0.0,2024-12-02,2006-07-17,2024-11-29,4626.0,neutral
2024-12-23,risk_on,neutral,4.900542018021319e-65,1.0,0.0,2024-12-02,2006-07-17,2024-11-29,4626.0,neutral
2024-12-24,risk_on,neutral,2.094838021704322e-61,1.0,0.0,2024-12-02,2006-07-17,2024-11-29,4626.0,neutral
2024-12-26,risk_on,neutral,2.7791014328086018e-64,1.0,0.0,2024-12-02,2006-07-17,2024-11-29,4626.0,neutral
2024-12-27,risk_on,neutral,2.47021694287958e-67,1.0,0.0,2024-12-02,2006-07-17,2024-11-29,4626.0,neutral
2024-12-30,risk_on,neutral,8.311658413986642e-70,1.0,0.0,2024-12-02,2006-07-17,2024-11-29,4626.0,neutral
2024-12-31,risk_on,neutral,3.515869832741557e-70,1.0,0.0,2024-12-02,2006-07-17,2024-11-29,4626.0,neutral
2025-01-02,risk_on,neutral,1.9502947911390126e-286,1.0,2.6307442404910362e-154,2025-01-02,2006-07-17,2024-12-31,4647.0,neutral
2025-01-03,risk_on,neutral,6.287854629508473e-278,1.0,5.036516986291198e-153,2025-01-02,2006-07-17,2024-12-31,4647.0,neutral
2025-01-06,risk_on,neutral,3.941117903181071e-276,1.0,8.36547355026422e-149,2025-01-02,2006-07-17,2024-12-31,4647.0,neutral
2025-01-07,risk_on,neutral,2.1673840136742332e-281,1.0,3.349392515889813e-154,2025-01-02,2006-07-17,2024-12-31,4647.0,neutral
2025-01-08,risk_on,neutral,6.051895933651896e-284,1.0,2.5150690180547424e-154,2025-01-02,2006-07-17,2024-12-31,4647.0,neutral
2025-01-10,risk_on,neutral,2.502640627795279e-291,1.0,9.578220466103997e-159,2025-01-02,2006-07-17,2024-12-31,4647.0,neutral
2025-01-13,risk_on,neutral,1.5436971732127257e-290,1.0,5.112237340109344e-160,2025-01-02,2006-07-17,2024-12-31,4647.0,neutral
2025-01-14,risk_on,neutral,1.510752841924065e-289,1.0,4.7751026781777714e-161,2025-01-02,2006-07-17,2024-12-31,4647.0,neutral
2025-01-15,risk_on,neutral,2.750600268654817e-285,1.0,1.2340984878831605e-153,2025-01-02,2006-07-17,2024-12-31,4647.0,neutral
2025-01-16,risk_on,neutral,8.64224792283038e-290,1.0,9.479744446119984e-157,2025-01-02,2006-07-17,2024-12-31,4647.0,neutral
2025-01-17,risk_on,neutral,1.639238004798799e-283,1.0,4.6288701044576134e-153,2025-01-02,2006-07-17,2024-12-31,4647.0,neutral
2025-01-21,risk_on,neutral,8.431181889113355e-280,1.0,1.079749332190658e-147,2025-01-02,2006-07-17,2024-12-31,4647.0,neutral
2025-01-22,risk_on,neutral,1.1320525643082124e-277,1.0,3.975723545035619e-144,2025-01-02,2006-07-17,2024-12-31,4647.0,neutral
2025-01-23,risk_on,neutral,5.722513468005958e-277,1.0,1.02781690260771e-143,2025-01-02,2006-07-17,2024-12-31,4647.0,neutral
2025-01-24,risk_on,neutral,1.5488601366545099e-280,1.0,1.7141011861400089e-146,2025-01-02,2006-07-17,2024-12-31,4647.0,neutral
2025-01-27,risk_on,neutral,1.4055010333235172e-288,1.0,6.407071896797669e-151,2025-01-02,2006-07-17,2024-12-31,4647.0,neutral
2025-01-28,risk_on,neutral,6.344143648338707e-285,1.0,2.350393030592585e-148,2025-01-02,2006-07-17,2024-12-31,4647.0,neutral
2025-01-29,risk_on,neutral,2.1090669375946817e-291,1.0,3.001616650060613e-150,2025-01-02,2006-07-17,2024-12-31,4647.0,neutral
2025-01-30,risk_on,neutral,2.062766994386015e-290,1.0,1.271008404589259e-148,2025-01-02,2006-07-17,2024-12-31,4647.0,neutral
2025-01-31,risk_on,neutral,1.5539001886618695e-294,1.0,2.6373650155178126e-150,2025-01-02,2006-07-17,2024-12-31,4647.0,neutral
2025-02-03,risk_on,neutral,0.0,1.0,0.0,2025-02-03,2006-07-17,2025-01-31,4667.0,neutral
2025-02-04,risk_on,neutral,0.0,1.0,0.0,2025-02-03,2006-07-17,2025-01-31,4667.0,neutral
2025-02-05,risk_on,neutral,0.0,1.0,0.0,2025-02-03,2006-07-17,2025-01-31,4667.0,neutral
2025-02-06,risk_on,neutral,0.0,1.0,0.0,2025-02-03,2006-07-17,2025-01-31,4667.0,neutral
2025-02-07,risk_on,neutral,0.0,1.0,0.0,2025-02-03,2006-07-17,2025-01-31,4667.0,neutral
2025-02-10,risk_on,neutral,0.0,1.0,0.0,2025-02-03,2006-07-17,2025-01-31,4667.0,neutral
2025-02-11,risk_on,neutral,0.0,1.0,0.0,2025-02-03,2006-07-17,2025-01-31,4667.0,neutral
2025-02-12,risk_on,neutral,0.0,1.0,0.0,2025-02-03,2006-07-17,2025-01-31,4667.0,neutral
2025-02-13,risk_on,neutral,0.0,1.0,0.0,2025-02-03,2006-07-17,2025-01-31,4667.0,neutral
2025-02-14,risk_on,neutral,0.0,1.0,0.0,2025-02-03,2006-07-17,2025-01-31,4667.0,neutral
2025-02-18,risk_on,neutral,0.0,1.0,0.0,2025-02-03,2006-07-17,2025-01-31,4667.0,neutral
2025-02-19,risk_on,neutral,0.0,1.0,0.0,2025-02-03,2006-07-17,2025-01-31,4667.0,neutral
2025-02-20,risk_on,neutral,0.0,1.0,0.0,2025-02-03,2006-07-17,2025-01-31,4667.0,neutral
2025-02-21,risk_on,neutral,0.0,1.0,0.0,2025-02-03,2006-07-17,2025-01-31,4667.0,neutral
2025-02-24,risk_on,neutral,0.0,1.0,0.0,2025-02-03,2006-07-17,2025-01-31,4667.0,neutral
2025-02-25,risk_on,neutral,0.0,1.0,0.0,2025-02-03,2006-07-17,2025-01-31,4667.0,neutral
2025-02-26,risk_on,neutral,0.0,1.0,0.0,2025-02-03,2006-07-17,2025-01-31,4667.0,neutral
2025-02-27,risk_on,neutral,0.0,1.0,0.0,2025-02-03,2006-07-17,2025-01-31,4667.0,neutral
2025-02-28,risk_on,neutral,0.0,1.0,0.0,2025-02-03,2006-07-17,2025-01-31,4667.0,neutral
2025-03-03,risk_on,risk_on,0.0,6.631050841628483e-151,1.0,2025-03-03,2006-07-17,2025-02-28,4686.0,neutral
2025-03-04,risk_on,risk_on,0.0,5.59797488948778e-151,1.0,2025-03-03,2006-07-17,2025-02-28,4686.0,risk_on
2025-03-05,risk_on,risk_on,0.0,1.1413492149462146e-148,1.0,2025-03-03,2006-07-17,2025-02-28,4686.0,risk_on
2025-03-06,risk_on,risk_on,0.0,9.797025607573813e-152,1.0,2025-03-03,2006-07-17,2025-02-28,4686.0,risk_on
2025-03-07,risk_on,risk_on,0.0,1.819355370652878e-157,1.0,2025-03-03,2006-07-17,2025-02-28,4686.0,risk_on
2025-03-10,risk_on,risk_on,0.0,2.7167060307162534e-149,1.0,2025-03-03,2006-07-17,2025-02-28,4686.0,risk_on
2025-03-11,risk_on,risk_on,0.0,2.4189706080214477e-146,1.0,2025-03-03,2006-07-17,2025-02-28,4686.0,risk_on
2025-03-12,risk_on,risk_on,0.0,1.0011465779372999e-147,1.0,2025-03-03,2006-07-17,2025-02-28,4686.0,risk_on
2025-03-13,risk_on,risk_on,0.0,4.102768985794374e-143,1.0,2025-03-03,2006-07-17,2025-02-28,4686.0,risk_on
2025-03-14,risk_on,risk_on,0.0,5.7277325138815064e-154,1.0,2025-03-03,2006-07-17,2025-02-28,4686.0,risk_on
2025-03-17,risk_on,risk_on,0.0,3.010350794998179e-161,1.0,2025-03-03,2006-07-17,2025-02-28,4686.0,risk_on
2025-03-18,risk_on,risk_on,0.0,1.2188978441308985e-161,1.0,2025-03-03,2006-07-17,2025-02-28,4686.0,risk_on
2025-03-19,risk_on,risk_on,0.0,1.2149932564083254e-162,1.0,2025-03-03,2006-07-17,2025-02-28,4686.0,risk_on
2025-03-20,risk_on,risk_on,0.0,2.508667531621678e-163,1.0,2025-03-03,2006-07-17,2025-02-28,4686.0,risk_on
2025-03-21,risk_on,risk_on,0.0,5.185077070479695e-162,1.0,2025-03-03,2006-07-17,2025-02-28,4686.0,risk_on
2025-03-24,risk_on,risk_on,0.0,2.4590181117604684e-180,1.0,2025-03-03,2006-07-17,2025-02-28,4686.0,risk_on
2025-03-25,risk_on,risk_on,0.0,2.0018302802474128e-187,1.0,2025-03-03,2006-07-17,2025-02-28,4686.0,risk_on
2025-03-26,risk_on,risk_on,0.0,6.244534545025791e-178,1.0,2025-03-03,2006-07-17,2025-02-28,4686.0,risk_on
2025-03-27,risk_on,risk_on,0.0,2.311445154998338e-176,1.0,2025-03-03,2006-07-17,2025-02-28,4686.0,risk_on
2025-03-28,risk_on,risk_on,0.0,2.409686935281047e-169,1.0,2025-03-03,2006-07-17,2025-02-28,4686.0,risk_on
2025-03-31,risk_on,risk_on,0.0,3.453212185842073e-167,1.0,2025-03-03,2006-07-17,2025-02-28,4686.0,risk_on
2025-04-01,risk_on,risk_off,1.0,1.2609586133515546e-145,0.0,2025-04-01,2006-07-17,2025-03-31,4707.0,risk_on
2025-04-02,risk_on,risk_off,1.0,2.6436836794728566e-143,0.0,2025-04-01,2006-07-17,2025-03-31,4707.0,risk_off
2025-04-03,risk_on,risk_off,1.0,1.504268505618893e-144,0.0,2025-04-01,2006-07-17,2025-03-31,4707.0,risk_off
2025-04-04,neutral,risk_off,1.0,2.029572476514262e-155,0.0,2025-04-01,2006-07-17,2025-03-31,4707.0,risk_off
2025-04-07,neutral,risk_off,1.0,1.223010912773655e-150,0.0,2025-04-01,2006-07-17,2025-03-31,4707.0,risk_off
2025-04-08,neutral,risk_off,1.0,7.471999460282357e-171,0.0,2025-04-01,2006-07-17,2025-03-31,4707.0,risk_off
2025-04-09,risk_on,risk_off,1.0,4.183316048322531e-136,0.0,2025-04-01,2006-07-17,2025-03-31,4707.0,risk_off
2025-04-10,risk_on,risk_off,1.0,6.27068119822443e-150,0.0,2025-04-01,2006-07-17,2025-03-31,4707.0,risk_off
2025-04-11,risk_on,risk_off,1.0,4.7388027255433696e-150,0.0,2025-04-01,2006-07-17,2025-03-31,4707.0,risk_off
2025-04-14,risk_on,risk_off,1.0,3.620532112598756e-154,0.0,2025-04-01,2006-07-17,2025-03-31,4707.0,risk_off
2025-04-15,risk_on,risk_off,1.0,1.0017096722469664e-166,0.0,2025-04-01,2006-07-17,2025-03-31,4707.0,risk_off
2025-04-16,risk_on,risk_off,1.0,1.7150842053484088e-168,0.0,2025-04-01,2006-07-17,2025-03-31,4707.0,risk_off
2025-04-17,risk_on,risk_off,1.0,1.6359317559767415e-167,0.0,2025-04-01,2006-07-17,2025-03-31,4707.0,risk_off
2025-04-21,risk_on,risk_off,1.0,5.761873785883746e-174,0.0,2025-04-01,2006-07-17,2025-03-31,4707.0,risk_off
2025-04-22,risk_on,risk_off,1.0,3.874754781169604e-166,0.0,2025-04-01,2006-07-17,2025-03-31,4707.0,risk_off
2025-04-23,risk_on,risk_off,1.0,9.085136892072557e-165,0.0,2025-04-01,2006-07-17,2025-03-31,4707.0,risk_off
2025-04-24,risk_on,risk_off,1.0,1.5896497658114375e-158,0.0,2025-04-01,2006-07-17,2025-03-31,4707.0,risk_off
2025-04-25,risk_on,risk_off,1.0,6.870018914730753e-158,0.0,2025-04-01,2006-07-17,2025-03-31,4707.0,risk_off
2025-04-28,risk_on,risk_off,1.0,2.1650923698825227e-156,0.0,2025-04-01,2006-07-17,2025-03-31,4707.0,risk_off
2025-04-29,risk_on,risk_off,1.0,6.872891578160678e-156,0.0,2025-04-01,2006-07-17,2025-03-31,4707.0,risk_off
2025-04-30,risk_on,risk_off,1.0,4.373470655383656e-156,0.0,2025-04-01,2006-07-17,2025-03-31,4707.0,risk_off
2025-05-01,risk_on,risk_off,0.972210823096114,0.0,0.02778917690388782,2025-05-01,2006-07-17,2025-04-30,4728.0,risk_off
2025-05-02,risk_on,risk_on,0.16285705798433928,0.0,0.8371429420156552,2025-05-01,2006-07-17,2025-04-30,4728.0,risk_off
2025-05-05,risk_on,risk_on,0.00041691193192956705,0.0,0.999583088068073,2025-05-01,2006-07-17,2025-04-30,4728.0,risk_on
2025-05-06,risk_on,risk_on,8.054035025787312e-07,0.0,0.9999991945964953,2025-05-01,2006-07-17,2025-04-30,4728.0,risk_on
2025-05-07,risk_on,risk_on,4.444255798366807e-08,0.0,0.9999999555574429,2025-05-01,2006-07-17,2025-04-30,4728.0,risk_on
2025-05-08,risk_on,risk_on,6.877786374904563e-10,0.0,0.999999999312223,2025-05-01,2006-07-17,2025-04-30,4728.0,risk_on
2025-05-09,risk_on,risk_on,3.3266577598211217e-19,0.0,1.0,2025-05-01,2006-07-17,2025-04-30,4728.0,risk_on
2025-05-12,risk_on,risk_on,7.003509625276092e-24,0.0,1.0,2025-05-01,2006-07-17,2025-04-30,4728.0,risk_on
2025-05-13,risk_on,risk_on,2.842897795480302e-24,0.0,1.0,2025-05-01,2006-07-17,2025-04-30,4728.0,risk_on
2025-05-14,risk_on,risk_on,3.183575595966644e-25,0.0,1.0,2025-05-01,2006-07-17,2025-04-30,4728.0,risk_on
2025-05-15,risk_on,risk_on,8.184352755161603e-28,0.0,1.0,2025-05-01,2006-07-17,2025-04-30,4728.0,risk_on
2025-05-16,risk_on,risk_on,2.7063130011648343e-27,0.0,1.0,2025-05-01,2006-07-17,2025-04-30,4728.0,risk_on
2025-05-19,risk_on,risk_on,1.900901761194558e-27,0.0,1.0,2025-05-01,2006-07-17,2025-04-30,4728.0,risk_on
2025-05-20,risk_on,risk_on,9.633848852708125e-30,0.0,1.0,2025-05-01,2006-07-17,2025-04-30,4728.0,risk_on
2025-05-21,risk_on,risk_on,4.8150848182996765e-27,0.0,1.0,2025-05-01,2006-07-17,2025-04-30,4728.0,risk_on
2025-05-22,risk_on,risk_on,6.306405296170618e-29,0.0,1.0,2025-05-01,2006-07-17,2025-04-30,4728.0,risk_on
2025-05-23,risk_on,risk_on,8.711668988618043e-31,0.0,1.0,2025-05-01,2006-07-17,2025-04-30,4728.0,risk_on
2025-05-27,risk_on,risk_on,2.3960853309559706e-33,0.0,1.0,2025-05-01,2006-07-17,2025-04-30,4728.0,risk_on
2025-05-28,risk_on,risk_on,8.431891872132e-33,0.0,1.0,2025-05-01,2006-07-17,2025-04-30,4728.0,risk_on
2025-05-29,risk_on,risk_on,2.5027505465448604e-32,0.0,1.0,2025-05-01,2006-07-17,2025-04-30,4728.0,risk_on
2025-05-30,risk_on,risk_on,1.678027669192505e-30,0.0,1.0,2025-05-01,2006-07-17,2025-04-30,4728.0,risk_on
2025-06-02,risk_on,neutral,0.0,1.0,0.0,2025-06-02,2006-07-17,2025-05-30,4749.0,risk_on
2025-06-03,risk_on,neutral,0.0,1.0,0.0,2025-06-02,2006-07-17,2025-05-30,4749.0,neutral
2025-06-04,risk_on,neutral,0.0,1.0,0.0,2025-06-02,2006-07-17,2025-05-30,4749.0,neutral
2025-06-05,risk_on,neutral,0.0,1.0,0.0,2025-06-02,2006-07-17,2025-05-30,4749.0,neutral
2025-06-06,risk_on,neutral,0.0,1.0,0.0,2025-06-02,2006-07-17,2025-05-30,4749.0,neutral
2025-06-09,risk_on,neutral,0.0,1.0,0.0,2025-06-02,2006-07-17,2025-05-30,4749.0,neutral
2025-06-10,risk_on,neutral,0.0,1.0,0.0,2025-06-02,2006-07-17,2025-05-30,4749.0,neutral
2025-06-11,risk_on,neutral,0.0,1.0,0.0,2025-06-02,2006-07-17,2025-05-30,4749.0,neutral
2025-06-12,risk_on,neutral,0.0,1.0,0.0,2025-06-02,2006-07-17,2025-05-30,4749.0,neutral
2025-06-13,risk_on,neutral,0.0,1.0,0.0,2025-06-02,2006-07-17,2025-05-30,4749.0,neutral
2025-06-16,risk_on,neutral,0.0,1.0,0.0,2025-06-02,2006-07-17,2025-05-30,4749.0,neutral
2025-06-17,risk_on,neutral,0.0,1.0,0.0,2025-06-02,2006-07-17,2025-05-30,4749.0,neutral
2025-06-18,risk_on,neutral,0.0,1.0,0.0,2025-06-02,2006-07-17,2025-05-30,4749.0,neutral
2025-06-20,risk_on,neutral,0.0,1.0,0.0,2025-06-02,2006-07-17,2025-05-30,4749.0,neutral
2025-06-23,risk_on,neutral,0.0,1.0,0.0,2025-06-02,2006-07-17,2025-05-30,4749.0,neutral
2025-06-24,risk_on,neutral,0.0,1.0,0.0,2025-06-02,2006-07-17,2025-05-30,4749.0,neutral
2025-06-25,risk_on,neutral,0.0,1.0,0.0,2025-06-02,2006-07-17,2025-05-30,4749.0,neutral
2025-06-26,risk_on,neutral,0.0,1.0,0.0,2025-06-02,2006-07-17,2025-05-30,4749.0,neutral
2025-06-27,risk_on,neutral,0.0,1.0,0.0,2025-06-02,2006-07-17,2025-05-30,4749.0,neutral
2025-06-30,risk_on,neutral,0.0,1.0,0.0,2025-06-02,2006-07-17,2025-05-30,4749.0,neutral
2025-07-01,risk_on,risk_on,1.9878686597210398e-100,0.0,1.0,2025-07-01,2006-07-17,2025-06-30,4769.0,neutral
2025-07-02,risk_on,risk_on,3.0916024046580435e-98,0.0,1.0,2025-07-01,2006-07-17,2025-06-30,4769.0,risk_on
2025-07-03,risk_on,risk_on,2.491137621777473e-96,0.0,1.0,2025-07-01,2006-07-17,2025-06-30,4769.0,risk_on
2025-07-07,risk_on,risk_on,1.2236089150629404e-98,0.0,1.0,2025-07-01,2006-07-17,2025-06-30,4769.0,risk_on
2025-07-08,risk_on,risk_on,2.6796184454304674e-94,0.0,1.0,2025-07-01,2006-07-17,2025-06-30,4769.0,risk_on
2025-07-09,risk_on,risk_on,2.0358627181038824e-95,0.0,1.0,2025-07-01,2006-07-17,2025-06-30,4769.0,risk_on
2025-07-10,risk_on,risk_on,1.3203932178991355e-92,0.0,1.0,2025-07-01,2006-07-17,2025-06-30,4769.0,risk_on
2025-07-11,risk_on,risk_on,1.1025975010834235e-99,0.0,1.0,2025-07-01,2006-07-17,2025-06-30,4769.0,risk_on
2025-07-14,risk_on,risk_on,3.475770105062974e-97,0.0,1.0,2025-07-01,2006-07-17,2025-06-30,4769.0,risk_on
2025-07-15,risk_on,risk_on,7.784715568819724e-101,0.0,1.0,2025-07-01,2006-07-17,2025-06-30,4769.0,risk_on
2025-07-16,risk_on,risk_on,9.116256962604183e-99,0.0,1.0,2025-07-01,2006-07-17,2025-06-30,4769.0,risk_on
2025-07-17,risk_on,risk_on,4.811156487271163e-99,0.0,1.0,2025-07-01,2006-07-17,2025-06-30,4769.0,risk_on
2025-07-18,risk_on,risk_on,4.394223351095847e-101,0.0,1.0,2025-07-01,2006-07-17,2025-06-30,4769.0,risk_on
2025-07-21,risk_on,risk_on,1.0979429868267967e-102,0.0,1.0,2025-07-01,2006-07-17,2025-06-30,4769.0,risk_on
2025-07-22,risk_on,risk_on,2.122305718619187e-103,0.0,1.0,2025-07-01,2006-07-17,2025-06-30,4769.0,risk_on
2025-07-23,risk_on,risk_on,3.2946890218473965e-103,0.0,1.0,2025-07-01,2006-07-17,2025-06-30,4769.0,risk_on
2025-07-24,risk_on,risk_on,1.7256932203666128e-105,0.0,1.0,2025-07-01,2006-07-17,2025-06-30,4769.0,risk_on
2025-07-25,risk_on,risk_on,1.333143251905025e-106,0.0,1.0,2025-07-01,2006-07-17,2025-06-30,4769.0,risk_on
2025-07-28,risk_on,risk_on,9.996165913612919e-110,0.0,1.0,2025-07-01,2006-07-17,2025-06-30,4769.0,risk_on
2025-07-29,risk_on,risk_on,9.244322671115133e-115,0.0,1.0,2025-07-01,2006-07-17,2025-06-30,4769.0,risk_on
2025-07-30,risk_on,risk_on,9.965611492973516e-119,0.0,1.0,2025-07-01,2006-07-17,2025-06-30,4769.0,risk_on
2025-07-31,risk_on,risk_on,1.5353403592830913e-122,0.0,1.0,2025-07-01,2006-07-17,2025-06-30,4769.0,risk_on
2025-08-01,risk_on,risk_off,0.9999999702211686,5.531144653189765e-252,2.9778831669777036e-08,2025-08-01,2006-07-17,2025-07-31,4791.0,risk_on
2025-08-04,risk_on,risk_off,0.9999944745425744,1.180697914205099e-250,5.525457423989287e-06,2025-08-01,2006-07-17,2025-07-31,4791.0,risk_off
2025-08-05,risk_on,risk_off,0.9999140573736677,6.1342959806695886e-251,8.594262633396055e-05,2025-08-01,2006-07-17,2025-07-31,4791.0,risk_off
2025-08-06,risk_on,risk_off,0.9971194523295809,1.525759439351285e-244,0.002880547670418294,2025-08-01,2006-07-17,2025-07-31,4791.0,risk_off
2025-08-07,risk_on,risk_off,0.9474553322402927,2.7717492701631494e-245,0.05254466775970848,2025-08-01,2006-07-17,2025-07-31,4791.0,risk_off
2025-08-08,risk_on,risk_off,0.5850129090492342,3.535511422351722e-241,0.4149870909507659,2025-08-01,2006-07-17,2025-07-31,4791.0,risk_off
2025-08-11,risk_on,risk_on,0.06155092901787168,4.02409913793007e-241,0.9384490709821292,2025-08-01,2006-07-17,2025-07-31,4791.0,risk_off
2025-08-12,risk_on,risk_on,0.10817457084593446,2.2427204689644954e-237,0.8918254291540653,2025-08-01,2006-07-17,2025-07-31,4791.0,risk_on
2025-08-13,risk_on,risk_on,0.0118497565360068,4.814971679438303e-235,0.9881502434639926,2025-08-01,2006-07-17,2025-07-31,4791.0,risk_on
2025-08-14,risk_on,risk_on,0.002253032696427339,1.4430541689125942e-230,0.9977469673035723,2025-08-01,2006-07-17,2025-07-31,4791.0,risk_on
2025-08-15,neutral,risk_off,0.7849375367457512,1.166789743639795e-242,0.21506246325425013,2025-08-01,2006-07-17,2025-07-31,4791.0,risk_on
2025-08-18,neutral,risk_on,0.11569073423519192,2.093761303160824e-239,0.8843092657648095,2025-08-01,2006-07-17,2025-07-31,4791.0,risk_off
2025-08-19,neutral,risk_off,0.5713865760210747,1.587725919085299e-247,0.4286134239789241,2025-08-01,2006-07-17,2025-07-31,4791.0,risk_on
2025-08-20,neutral,risk_off,0.9859868801679879,6.691762239914174e-248,0.014013119832015681,2025-08-01,2006-07-17,2025-07-31,4791.0,risk_off
2025-08-21,neutral,risk_on,0.15255823542880192,4.915622920099548e-245,0.8474417645711957,2025-08-01,2006-07-17,2025-07-31,4791.0,risk_off
2025-08-22,neutral,risk_on,0.023218381650958762,1.525830506154752e-243,0.9767816183490388,2025-08-01,2006-07-17,2025-07-31,4791.0,risk_on
2025-08-25,neutral,risk_on,0.0011524321682709138,2.0395833104328573e-238,0.998847567831732,2025-08-01,2006-07-17,2025-07-31,4791.0,risk_on
2025-08-26,neutral,risk_on,0.0016102287993016299,1.6643490941730035e-241,0.9983897712006982,2025-08-01,2006-07-17,2025-07-31,4791.0,risk_on
2025-08-27,neutral,risk_on,0.0002668394442856375,1.0602940377399927e-244,0.9997331605557174,2025-08-01,2006-07-17,2025-07-31,4791.0,risk_on
2025-08-28,neutral,risk_on,0.00012912940857470515,9.508846236788792e-241,0.9998708705914254,2025-08-01,2006-07-17,2025-07-31,4791.0,risk_on
2025-08-29,neutral,risk_on,0.0009232966561143194,4.715677190754181e-243,0.999076703343887,2025-08-01,2006-07-17,2025-07-31,4791.0,risk_on
2025-09-02,neutral,neutral,0.0,1.0,0.0,2025-09-02,2006-07-17,2025-08-29,4812.0,risk_on
2025-09-03,neutral,neutral,0.0,1.0,0.0,2025-09-02,2006-07-17,2025-08-29,4812.0,neutral
2025-09-04,neutral,neutral,0.0,1.0,0.0,2025-09-02,2006-07-17,2025-08-29,4812.0,neutral
2025-09-05,neutral,neutral,0.0,1.0,0.0,2025-09-02,2006-07-17,2025-08-29,4812.0,neutral
2025-09-08,neutral,neutral,0.0,1.0,0.0,2025-09-02,2006-07-17,2025-08-29,4812.0,neutral
2025-09-09,neutral,neutral,0.0,1.0,0.0,2025-09-02,2006-07-17,2025-08-29,4812.0,neutral
2025-09-10,neutral,neutral,0.0,1.0,0.0,2025-09-02,2006-07-17,2025-08-29,4812.0,neutral
2025-09-11,neutral,neutral,0.0,1.0,0.0,2025-09-02,2006-07-17,2025-08-29,4812.0,neutral
2025-09-12,neutral,neutral,0.0,1.0,0.0,2025-09-02,2006-07-17,2025-08-29,4812.0,neutral
2025-09-15,neutral,neutral,0.0,1.0,0.0,2025-09-02,2006-07-17,2025-08-29,4812.0,neutral
2025-09-16,neutral,neutral,0.0,1.0,0.0,2025-09-02,2006-07-17,2025-08-29,4812.0,neutral
2025-09-17,neutral,neutral,0.0,1.0,0.0,2025-09-02,2006-07-17,2025-08-29,4812.0,neutral
2025-09-18,neutral,neutral,0.0,1.0,0.0,2025-09-02,2006-07-17,2025-08-29,4812.0,neutral
2025-09-19,neutral,neutral,0.0,1.0,0.0,2025-09-02,2006-07-17,2025-08-29,4812.0,neutral
2025-09-22,neutral,neutral,0.0,1.0,0.0,2025-09-02,2006-07-17,2025-08-29,4812.0,neutral
2025-09-23,neutral,neutral,0.0,1.0,0.0,2025-09-02,2006-07-17,2025-08-29,4812.0,neutral
2025-09-24,neutral,neutral,0.0,1.0,0.0,2025-09-02,2006-07-17,2025-08-29,4812.0,neutral
2025-09-25,neutral,neutral,0.0,1.0,0.0,2025-09-02,2006-07-17,2025-08-29,4812.0,neutral
2025-09-26,neutral,neutral,0.0,1.0,0.0,2025-09-02,2006-07-17,2025-08-29,4812.0,neutral
2025-09-29,neutral,neutral,0.0,1.0,0.0,2025-09-02,2006-07-17,2025-08-29,4812.0,neutral
2025-09-30,neutral,neutral,0.0,1.0,0.0,2025-09-02,2006-07-17,2025-08-29,4812.0,neutral
2025-10-01,neutral,neutral,0.0,1.0,1.0258983086455284e-200,2025-10-01,2006-07-17,2025-09-30,4833.0,neutral
2025-10-02,neutral,neutral,0.0,1.0,1.5684059103185653e-198,2025-10-01,2006-07-17,2025-09-30,4833.0,neutral
2025-10-03,neutral,neutral,0.0,1.0,1.1352097041410362e-193,2025-10-01,2006-07-17,2025-09-30,4833.0,neutral
2025-10-06,neutral,neutral,0.0,1.0,7.038695296133362e-195,2025-10-01,2006-07-17,2025-09-30,4833.0,neutral
2025-10-07,neutral,neutral,0.0,1.0,1.7755630656574305e-197,2025-10-01,2006-07-17,2025-09-30,4833.0,neutral
2025-10-08,neutral,neutral,0.0,1.0,1.0489322889936603e-194,2025-10-01,2006-07-17,2025-09-30,4833.0,neutral
2025-10-09,neutral,neutral,0.0,1.0,1.817847133050838e-196,2025-10-01,2006-07-17,2025-09-30,4833.0,neutral
2025-10-10,neutral,neutral,0.0,1.0,1.6111978768054676e-210,2025-10-01,2006-07-17,2025-09-30,4833.0,neutral
2025-10-13,neutral,neutral,0.0,1.0,3.9605620069910603e-203,2025-10-01,2006-07-17,2025-09-30,4833.0,neutral
2025-10-14,neutral,neutral,0.0,1.0,8.273469999387902e-201,2025-10-01,2006-07-17,2025-09-30,4833.0,neutral
2025-10-15,neutral,neutral,0.0,1.0,1.4057369036821243e-201,2025-10-01,2006-07-17,2025-09-30,4833.0,neutral
2025-10-16,neutral,neutral,0.0,1.0,1.753851294402298e-196,2025-10-01,2006-07-17,2025-09-30,4833.0,neutral
2025-10-17,neutral,neutral,0.0,1.0,7.681008997001215e-207,2025-10-01,2006-07-17,2025-09-30,4833.0,neutral
2025-10-20,neutral,neutral,0.0,1.0,1.3497331816593395e-204,2025-10-01,2006-07-17,2025-09-30,4833.0,neutral
2025-10-21,neutral,neutral,0.0,1.0,1.647037460598689e-204,2025-10-01,2006-07-17,2025-09-30,4833.0,neutral
2025-10-22,neutral,neutral,0.0,1.0,1.0735949961763343e-208,2025-10-01,2006-07-17,2025-09-30,4833.0,neutral
2025-10-23,neutral,neutral,0.0,1.0,5.6037255322630426e-204,2025-10-01,2006-07-17,2025-09-30,4833.0,neutral
2025-10-24,neutral,neutral,0.0,1.0,7.697185953238254e-199,2025-10-01,2006-07-17,2025-09-30,4833.0,neutral
2025-10-27,neutral,neutral,0.0,1.0,4.339500130098175e-189,2025-10-01,2006-07-17,2025-09-30,4833.0,neutral
2025-10-28,neutral,neutral,0.0,1.0,2.4883776710605132e-185,2025-10-01,2006-07-17,2025-09-30,4833.0,neutral
2025-10-29,neutral,neutral,0.0,1.0,4.326707489331324e-180,2025-10-01,2006-07-17,2025-09-30,4833.0,neutral
2025-10-30,neutral,neutral,0.0,1.0,1.474830145580055e-193,2025-10-01,2006-07-17,2025-09-30,4833.0,neutral
2025-10-31,neutral,neutral,0.0,1.0,4.265337578375482e-187,2025-10-01,2006-07-17,2025-09-30,4833.0,neutral
2025-11-03,neutral,neutral,0.0,1.0,5.745677351568107e-274,2025-11-03,2006-07-17,2025-10-31,4856.0,neutral
2025-11-04,neutral,neutral,0.0,1.0,2.078285268394893e-283,2025-11-03,2006-07-17,2025-10-31,4856.0,neutral
2025-11-05,neutral,neutral,0.0,1.0,6.1825748421279815e-286,2025-11-03,2006-07-17,2025-10-31,4856.0,neutral
2025-11-06,neutral,neutral,0.0,1.0,8.152173779501658e-297,2025-11-03,2006-07-17,2025-10-31,4856.0,neutral
2025-11-07,neutral,neutral,0.0,1.0,8.714646003087922e-300,2025-11-03,2006-07-17,2025-10-31,4856.0,neutral
2025-11-10,neutral,neutral,0.0,1.0,3.3840602474662875e-294,2025-11-03,2006-07-17,2025-10-31,4856.0,neutral
2025-11-11,neutral,neutral,0.0,1.0,2.1621705501388783e-297,2025-11-03,2006-07-17,2025-10-31,4856.0,neutral
2025-11-12,neutral,neutral,0.0,1.0,5.096964188539531e-297,2025-11-03,2006-07-17,2025-10-31,4856.0,neutral
2025-11-13,neutral,neutral,0.0,1.0,6.5490213161371e-308,2025-11-03,2006-07-17,2025-10-31,4856.0,neutral
2025-11-14,neutral,neutral,0.0,1.0,3.198702429454e-312,2025-11-03,2006-07-17,2025-10-31,4856.0,neutral
2025-11-17,neutral,neutral,0.0,1.0,1.5e-322,2025-11-03,2006-07-17,2025-10-31,4856.0,neutral
2025-11-18,neutral,neutral,0.0,1.0,0.0,2025-11-03,2006-07-17,2025-10-31,4856.0,neutral
2025-11-19,neutral,neutral,0.0,1.0,2.17e-322,2025-11-03,2006-07-17,2025-10-31,4856.0,neutral
2025-11-20,neutral,neutral,0.0,1.0,0.0,2025-11-03,2006-07-17,2025-10-31,4856.0,neutral
2025-11-21,neutral,neutral,0.0,1.0,0.0,2025-11-03,2006-07-17,2025-10-31,4856.0,neutral
2025-11-24,neutral,neutral,0.0,1.0,0.0,2025-11-03,2006-07-17,2025-10-31,4856.0,neutral
2025-11-25,neutral,neutral,0.0,1.0,1e-323,2025-11-03,2006-07-17,2025-10-31,4856.0,neutral
2025-11-26,neutral,neutral,0.0,1.0,7.56e-322,2025-11-03,2006-07-17,2025-10-31,4856.0,neutral
2025-11-28,neutral,neutral,0.0,1.0,7.72e-321,2025-11-03,2006-07-17,2025-10-31,4856.0,neutral
2025-12-01,neutral,neutral,4.799470994169277e-100,1.0,0.0,2025-12-01,2006-07-17,2025-11-28,4875.0,neutral
2025-12-02,neutral,neutral,1.0196284593339553e-102,1.0,0.0,2025-12-01,2006-07-17,2025-11-28,4875.0,neutral
2025-12-03,neutral,neutral,4.649041588634797e-98,1.0,0.0,2025-12-01,2006-07-17,2025-11-28,4875.0,neutral
2025-12-04,neutral,neutral,1.5918889442383663e-99,1.0,0.0,2025-12-01,2006-07-17,2025-11-28,4875.0,neutral
2025-12-05,neutral,neutral,1.3161739846261008e-96,1.0,0.0,2025-12-01,2006-07-17,2025-11-28,4875.0,neutral
2025-12-08,neutral,neutral,1.0543768931630471e-98,1.0,0.0,2025-12-01,2006-07-17,2025-11-28,4875.0,neutral
2025-12-09,neutral,neutral,9.154732427553947e-101,1.0,0.0,2025-12-01,2006-07-17,2025-11-28,4875.0,neutral
2025-12-10,neutral,neutral,5.559852383733768e-100,1.0,0.0,2025-12-01,2006-07-17,2025-11-28,4875.0,neutral
2025-12-11,neutral,neutral,7.86528691063463e-99,1.0,0.0,2025-12-01,2006-07-17,2025-11-28,4875.0,neutral
2025-12-12,neutral,neutral,9.480522266160248e-107,1.0,0.0,2025-12-01,2006-07-17,2025-11-28,4875.0,neutral
2025-12-15,neutral,neutral,8.077286284659229e-107,1.0,0.0,2025-12-01,2006-07-17,2025-11-28,4875.0,neutral
2025-12-16,neutral,neutral,1.654446027621038e-111,1.0,0.0,2025-12-01,2006-07-17,2025-11-28,4875.0,neutral
2025-12-17,neutral,neutral,3.573619667373756e-117,1.0,0.0,2025-12-01,2006-07-17,2025-11-28,4875.0,neutral
2025-12-18,neutral,neutral,1.4799310472759503e-115,1.0,0.0,2025-12-01,2006-07-17,2025-11-28,4875.0,neutral
2025-12-19,neutral,neutral,6.853746051897502e-111,1.0,0.0,2025-12-01,2006-07-17,2025-11-28,4875.0,neutral
2025-12-22,neutral,neutral,7.759730070941521e-106,1.0,0.0,2025-12-01,2006-07-17,2025-11-28,4875.0,neutral
2025-12-23,neutral,neutral,5.660014658483814e-100,1.0,0.0,2025-12-01,2006-07-17,2025-11-28,4875.0,neutral
2025-12-24,neutral,neutral,9.397105611615027e-95,1.0,0.0,2025-12-01,2006-07-17,2025-11-28,4875.0,neutral
2025-12-26,neutral,neutral,1.3193611620318604e-94,1.0,0.0,2025-12-01,2006-07-17,2025-11-28,4875.0,neutral
2025-12-29,neutral,neutral,1.3377660228814418e-99,1.0,0.0,2025-12-01,2006-07-17,2025-11-28,4875.0,neutral
2025-12-30,neutral,neutral,6.021615657498904e-100,1.0,0.0,2025-12-01,2006-07-17,2025-11-28,4875.0,neutral
2025-12-31,neutral,neutral,6.360941935011281e-106,1.0,0.0,2025-12-01,2006-07-17,2025-11-28,4875.0,neutral
2026-01-02,neutral,neutral,0.0,1.0,0.0,2026-01-02,2006-07-17,2025-12-31,4897.0,neutral
2026-01-05,neutral,neutral,0.0,1.0,0.0,2026-01-02,2006-07-17,2025-12-31,4897.0,neutral
2026-01-06,neutral,neutral,0.0,1.0,0.0,2026-01-02,2006-07-17,2025-12-31,4897.0,neutral
2026-01-07,neutral,neutral,0.0,1.0,0.0,2026-01-02,2006-07-17,2025-12-31,4897.0,neutral
2026-01-08,neutral,neutral,0.0,1.0,0.0,2026-01-02,2006-07-17,2025-12-31,4897.0,neutral
2026-01-09,neutral,neutral,0.0,1.0,0.0,2026-01-02,2006-07-17,2025-12-31,4897.0,neutral
2026-01-12,neutral,neutral,0.0,1.0,0.0,2026-01-02,2006-07-17,2025-12-31,4897.0,neutral
2026-01-13,neutral,neutral,0.0,1.0,0.0,2026-01-02,2006-07-17,2025-12-31,4897.0,neutral
2026-01-14,neutral,neutral,0.0,1.0,0.0,2026-01-02,2006-07-17,2025-12-31,4897.0,neutral
2026-01-15,neutral,neutral,0.0,1.0,0.0,2026-01-02,2006-07-17,2025-12-31,4897.0,neutral
2026-01-16,neutral,neutral,0.0,1.0,0.0,2026-01-02,2006-07-17,2025-12-31,4897.0,neutral
2026-01-20,neutral,neutral,0.0,1.0,0.0,2026-01-02,2006-07-17,2025-12-31,4897.0,neutral
2026-01-21,neutral,neutral,0.0,1.0,0.0,2026-01-02,2006-07-17,2025-12-31,4897.0,neutral
2026-01-22,neutral,neutral,0.0,1.0,0.0,2026-01-02,2006-07-17,2025-12-31,4897.0,neutral
2026-01-23,neutral,neutral,0.0,1.0,0.0,2026-01-02,2006-07-17,2025-12-31,4897.0,neutral
2026-01-26,neutral,neutral,0.0,1.0,0.0,2026-01-02,2006-07-17,2025-12-31,4897.0,neutral
2026-01-27,neutral,neutral,0.0,1.0,0.0,2026-01-02,2006-07-17,2025-12-31,4897.0,neutral
2026-01-28,neutral,neutral,0.0,1.0,0.0,2026-01-02,2006-07-17,2025-12-31,4897.0,neutral
2026-01-29,neutral,neutral,0.0,1.0,0.0,2026-01-02,2006-07-17,2025-12-31,4897.0,neutral
2026-01-30,neutral,neutral,0.0,1.0,0.0,2026-01-02,2006-07-17,2025-12-31,4897.0,neutral
2026-02-02,neutral,neutral,0.0,1.0,0.0,2026-02-02,2006-07-17,2026-01-30,4917.0,neutral
2026-02-03,neutral,neutral,0.0,1.0,0.0,2026-02-02,2006-07-17,2026-01-30,4917.0,neutral
2026-02-04,neutral,neutral,0.0,1.0,0.0,2026-02-02,2006-07-17,2026-01-30,4917.0,neutral
2026-02-05,neutral,neutral,0.0,1.0,0.0,2026-02-02,2006-07-17,2026-01-30,4917.0,neutral
2026-02-06,neutral,neutral,0.0,1.0,0.0,2026-02-02,2006-07-17,2026-01-30,4917.0,neutral
2026-02-09,neutral,neutral,0.0,1.0,0.0,2026-02-02,2006-07-17,2026-01-30,4917.0,neutral
2026-02-10,neutral,neutral,0.0,1.0,0.0,2026-02-02,2006-07-17,2026-01-30,4917.0,neutral
2026-02-11,neutral,neutral,0.0,1.0,0.0,2026-02-02,2006-07-17,2026-01-30,4917.0,neutral
2026-02-12,neutral,neutral,0.0,1.0,0.0,2026-02-02,2006-07-17,2026-01-30,4917.0,neutral
2026-02-13,neutral,neutral,0.0,1.0,0.0,2026-02-02,2006-07-17,2026-01-30,4917.0,neutral
2026-02-17,neutral,neutral,0.0,1.0,0.0,2026-02-02,2006-07-17,2026-01-30,4917.0,neutral
2026-02-18,neutral,neutral,0.0,1.0,0.0,2026-02-02,2006-07-17,2026-01-30,4917.0,neutral
2026-02-19,neutral,neutral,0.0,1.0,0.0,2026-02-02,2006-07-17,2026-01-30,4917.0,neutral
2026-02-20,neutral,neutral,0.0,1.0,0.0,2026-02-02,2006-07-17,2026-01-30,4917.0,neutral
2026-02-23,neutral,neutral,0.0,1.0,0.0,2026-02-02,2006-07-17,2026-01-30,4917.0,neutral
2026-02-24,neutral,neutral,0.0,1.0,0.0,2026-02-02,2006-07-17,2026-01-30,4917.0,neutral
2026-02-25,neutral,neutral,0.0,1.0,0.0,2026-02-02,2006-07-17,2026-01-30,4917.0,neutral
2026-02-26,neutral,neutral,0.0,1.0,0.0,2026-02-02,2006-07-17,2026-01-30,4917.0,neutral
2026-02-27,neutral,neutral,0.0,1.0,0.0,2026-02-02,2006-07-17,2026-01-30,4917.0,neutral
2026-03-02,neutral,neutral,0.0,1.0,7.437211554849575e-252,2026-03-02,2006-07-17,2026-02-27,4936.0,neutral
2026-03-03,neutral,neutral,0.0,1.0,1.2499147522034969e-250,2026-03-02,2006-07-17,2026-02-27,4936.0,neutral
2026-03-04,neutral,neutral,0.0,1.0,2.8087277239716426e-252,2026-03-02,2006-07-17,2026-02-27,4936.0,neutral
2026-03-05,neutral,neutral,0.0,1.0,3.805507952384677e-245,2026-03-02,2006-07-17,2026-02-27,4936.0,neutral
2026-03-06,neutral,neutral,0.0,1.0,1.2883515463797601e-232,2026-03-02,2006-07-17,2026-02-27,4936.0,neutral
2026-03-09,neutral,neutral,0.0,1.0,9.496628030285536e-237,2026-03-02,2006-07-17,2026-02-27,4936.0,neutral
2026-03-10,neutral,neutral,0.0,1.0,7.77616979161324e-242,2026-03-02,2006-07-17,2026-02-27,4936.0,neutral
2026-03-11,neutral,neutral,0.0,1.0,6.976018551233895e-246,2026-03-02,2006-07-17,2026-02-27,4936.0,neutral
2026-03-12,neutral,neutral,0.0,1.0,1.6956671292360441e-246,2026-03-02,2006-07-17,2026-02-27,4936.0,neutral
2026-03-13,neutral,neutral,0.0,1.0,5.479047815985408e-249,2026-03-02,2006-07-17,2026-02-27,4936.0,neutral
2026-03-16,neutral,neutral,0.0,1.0,1.7631979520449426e-251,2026-03-02,2006-07-17,2026-02-27,4936.0,neutral
2026-03-17,neutral,neutral,0.0,1.0,2.2062326076766462e-250,2026-03-02,2006-07-17,2026-02-27,4936.0,neutral
2026-03-18,neutral,neutral,0.0,1.0,6.3047137873187065e-252,2026-03-02,2006-07-17,2026-02-27,4936.0,neutral
2026-03-19,neutral,neutral,0.0,1.0,1.2028702150888928e-253,2026-03-02,2006-07-17,2026-02-27,4936.0,neutral
2026-03-20,neutral,neutral,0.0,1.0,5.217708942830671e-257,2026-03-02,2006-07-17,2026-02-27,4936.0,neutral
2026-03-23,neutral,neutral,0.0,1.0,1.9467344113570376e-250,2026-03-02,2006-07-17,2026-02-27,4936.0,neutral
2026-03-24,neutral,neutral,0.0,1.0,1.0454927518908942e-249,2026-03-02,2006-07-17,2026-02-27,4936.0,neutral
2026-03-25,neutral,neutral,0.0,1.0,1.1425385086144392e-248,2026-03-02,2006-07-17,2026-02-27,4936.0,neutral
2026-03-26,neutral,neutral,0.0,1.0,7.796123972301788e-251,2026-03-02,2006-07-17,2026-02-27,4936.0,neutral
2026-03-27,neutral,neutral,0.0,1.0,2.3138322436122215e-257,2026-03-02,2006-07-17,2026-02-27,4936.0,neutral
2026-03-30,neutral,neutral,0.0,1.0,3.5097584979978544e-262,2026-03-02,2006-07-17,2026-02-27,4936.0,neutral
2026-03-31,neutral,neutral,0.0,1.0,5.060088122022574e-255,2026-03-02,2006-07-17,2026-02-27,4936.0,neutral
2026-04-01,neutral,neutral,0.0,1.0,0.0,2026-04-01,2006-07-17,2026-03-31,4958.0,neutral
2026-04-02,neutral,neutral,0.0,1.0,0.0,2026-04-01,2006-07-17,2026-03-31,4958.0,neutral
2026-04-06,neutral,neutral,0.0,1.0,0.0,2026-04-01,2006-07-17,2026-03-31,4958.0,neutral
2026-04-07,neutral,neutral,0.0,1.0,0.0,2026-04-01,2006-07-17,2026-03-31,4958.0,neutral
2026-04-08,neutral,neutral,0.0,1.0,0.0,2026-04-01,2006-07-17,2026-03-31,4958.0,neutral
2026-04-09,neutral,neutral,0.0,1.0,0.0,2026-04-01,2006-07-17,2026-03-31,4958.0,neutral
