date,plain_dca_1x,logistic_macro_aware_1x_dca,gmm_macro_aware_1x_dca,consensus_macro_aware_1x_dca,random_forest_macro_aware_1x_dca,ensemble_blend_macro_aware_1x_dca,ensemble_majority_macro_aware_1x_dca
2014-11-03,9997.000899730081,9997.000899730081,9997.000899730081,9997.000899730081,9997.000899730081,9997.000899730081,9997.000899730081
2014-11-04,9963.578436255848,9963.578436255848,9963.578436255848,9963.578436255848,9963.578436255848,9963.578436255848,9963.578436255848
2014-11-05,9964.562340669065,9964.562340669065,9964.562340669065,9964.562340669065,9964.562340669065,9964.562340669065,9964.562340669065
2014-11-06,9996.016995316864,9996.016995316864,9996.016995316864,9996.016995316864,9996.016995316864,9996.016995316864,9996.016995316864
2014-11-07,9987.168404046592,9987.168404046592,9987.168404046592,9987.168404046592,9987.168404046592,9987.168404046592,9987.168404046592
2014-11-10,10022.556220679004,10022.556220679004,10022.556220679004,10022.556220679004,10022.556220679004,10022.556220679004,10022.556220679004
2014-11-11,10054.01251243897,10054.01251243897,10054.01251243897,10054.01251243897,10054.01251243897,10054.01251243897,10054.01251243897
2014-11-12,10071.708876423429,10071.708876423429,10071.708876423429,10071.708876423429,10071.708876423429,10071.708876423429,10071.708876423429
2014-11-13,10114.959742800726,10114.959742800726,10114.959742800726,10114.959742800726,10114.959742800726,10114.959742800726,10114.959742800726
2014-11-14,10146.414397448523,10146.414397448523,10146.414397448523,10146.414397448523,10146.414397448523,10146.414397448523,10146.414397448523
2014-11-17,10115.94119154569,10115.94119154569,10115.94119154569,10115.94119154569,10115.94119154569,10115.94119154569,10115.94119154569
2014-11-18,10191.628979871832,10191.628979871832,10191.628979871832,10191.628979871832,10191.628979871832,10191.628979871832,10191.628979871832
2014-11-19,10145.430493035308,10145.430493035308,10145.430493035308,10145.430493035308,10145.430493035308,10145.430493035308,10145.430493035308
2014-11-20,10190.649168239037,10190.649168239037,10190.649168239037,10190.649168239037,10190.649168239037,10190.649168239037,10190.649168239037
2014-11-21,10210.308429713423,10210.308429713423,10210.308429713423,10210.308429713423,10210.308429713423,10210.308429713423,10210.308429713423
2014-11-24,10289.93019858026,10289.93019858026,10289.93019858026,10289.93019858026,10289.93019858026,10289.93019858026,10289.93019858026
2014-11-25,10305.659572294373,10305.659572294373,10305.659572294373,10305.659572294373,10305.659572294373,10305.659572294373,10305.659572294373
2014-11-26,10372.503680686748,10372.503680686748,10372.503680686748,10372.503680686748,10372.503680686748,10372.503680686748,10372.503680686748
2014-11-28,10420.66915779362,10420.66915779362,10420.66915779362,10420.66915779362,10420.66915779362,10420.66915779362,10420.66915779362
2014-12-01,10402.67868660811,10402.67868660811,10402.67868660811,10402.67868660811,10401.802433829824,10401.802433829824,10402.67868660811
2014-12-02,10444.365630988032,10444.365630988032,10444.365630988032,10444.365630988032,10430.983379024417,10430.983379024417,10444.365630988032
2014-12-03,10463.22302666138,10463.22302666138,10463.22302666138,10463.22302666138,10444.183594051972,10444.183594051972,10463.22302666138
2014-12-04,10458.264034110534,10458.264034110534,10458.264034110534,10458.264034110534,10440.71228925861,10440.71228925861,10458.264034110534
2014-12-05,10459.251700126912,10459.251700126912,10459.251700126912,10459.251700126912,10441.403657463288,10441.403657463288,10459.251700126912
2014-12-08,10384.813089444926,10384.813089444926,10384.813089444926,10384.813089444926,10389.296479760938,10389.296479760938,10384.813089444926
2014-12-09,10417.567235243261,10417.567235243261,10417.567235243261,10417.567235243261,10412.224447921091,10412.224447921091,10417.567235243261
2014-12-10,10253.798159249107,10253.798159249107,10253.798159249107,10253.798159249107,10297.585764221929,10297.585764221929,10253.798159249107
2014-12-11,10302.435131689042,10302.435131689042,10302.435131689042,10302.435131689042,10331.63174308442,10331.63174308442,10302.435131689042
2014-12-12,10190.279250164085,10190.279250164085,10190.279250164085,10190.279250164085,10253.122399674561,10253.122399674561,10190.279250164085
2014-12-15,10085.070917202867,10085.070917202867,10085.070917202867,10085.070917202867,10179.476354280205,10179.476354280205,10085.070917202867
2014-12-16,9923.290397221599,9923.290397221599,9923.290397221599,9923.290397221599,10066.229663803178,10066.229663803178,9923.290397221599
2014-12-17,10103.92996587373,10103.92996587373,10103.92996587373,10103.92996587373,10192.677726409358,10192.677726409358,10103.92996587373
2014-12-18,10347.09829809823,10347.09829809823,10347.09829809823,10347.09829809823,10362.896049705827,10362.896049705827,10347.09829809823
2014-12-19,10392.625155710028,10392.625155710028,10392.625155710028,10392.625155710028,10394.764941912083,10394.764941912083,10392.625155710028
2014-12-22,10418.529279798127,10418.529279798127,10418.529279798127,10418.529279798127,10412.897881051003,10412.897881051003,10418.529279798127
2014-12-23,10381.664129175142,10381.664129175142,10381.664129175142,10381.664129175142,10387.092201217156,10387.092201217156,10381.664129175142
2014-12-24,10390.636599697138,10390.636599697138,10390.636599697138,10390.636599697138,10393.372948689943,10393.372948689943,10390.636599697138
2014-12-26,10464.353676962972,10464.353676962972,10464.353676962972,10464.353676962972,10444.975051544858,10444.975051544858,10464.353676962972
2014-12-29,10462.360161957533,10462.360161957533,10462.360161957533,10462.360161957533,10443.579587017928,10443.579587017928,10462.360161957533
2014-12-30,10392.625155710028,10392.625155710028,10392.625155710028,10392.625155710028,10394.764941912083,10394.764941912083,10392.625155710028
2014-12-31,10286.02747833581,10286.02747833581,10286.02747833581,10286.02747833581,10320.146352624784,10320.146352624784,10286.02747833581
2015-01-02,10355.11536122272,10354.243389143721,10355.11536122272,10354.243389143721,10398.498697708455,10398.498697708455,10354.243389143721
2015-01-05,10203.223720477205,10247.918932680546,10203.223720477205,10247.918932680546,10291.728789099276,10291.728789099276,10247.918932680546
2015-01-06,10066.415004865858,10152.152554390035,10066.415004865858,10152.152554390035,10195.561192310748,10195.561192310748,10152.152554390035
2015-01-07,10196.177566717024,10242.986610763224,10196.177566717024,10242.986610763224,10286.77580294857,10286.77580294857,10242.986610763224
2015-01-08,10391.331740303245,10379.59492792427,10391.331740303245,10379.59492792427,10423.956448152154,10423.956448152154,10379.59492792427
2015-01-09,10322.930720720362,10331.714075541735,10322.930720720362,10331.714075541735,10375.874996310606,10375.874996310606,10331.714075541735
2015-01-12,10215.291395873657,10256.366329923767,10215.291395873657,10256.366329923767,10300.211577176884,10300.211577176884,10256.366329923767
2015-01-13,10212.271138801749,10254.252143850237,10212.271138801749,10254.252143850237,10298.088533604763,10298.088533604763,10254.252143850237
2015-01-14,10155.941132838114,10214.821025473648,10155.941132838114,10214.821025473648,10258.492216393544,10258.492216393544,10214.821025473648
2015-01-15,10024.161449864316,10122.574980225156,10024.161449864316,10122.574980225156,10165.859701275529,10165.859701275529,10122.574980225156
2015-01-16,10141.856336319033,10204.961639355126,10141.856336319033,10204.961639355126,10248.591523835745,10248.591523835745,10204.961639355126
2015-01-20,10222.33254229965,10261.295146697004,10222.33254229965,10261.295146697004,10305.161043498514,10305.161043498514,10261.295146697004
2015-01-21,10274.6416589092,10297.911634373886,10274.6416589092,10297.911634373886,10341.930937960225,10341.930937960225,10297.911634373886
2015-01-22,10464.764296190771,10430.997865920865,10464.764296190771,10430.997865920865,10475.574741578754,10475.574741578754,10430.997865920865
2015-01-23,10487.89984925719,10447.1927999718,10487.89984925719,10447.1927999718,10491.837525194758,10491.837525194758,10447.1927999718
2015-01-26,10475.829670193643,10438.743650156539,10475.829670193643,10438.743650156539,10483.35297720261,10483.35297720261,10438.743650156539
2015-01-27,10204.226021870783,10248.620545688093,10204.226021870783,10248.620545688093,10292.433341553025,10292.433341553025,10248.620545688093
2015-01-28,10151.916905261232,10212.004058011213,10151.916905261232,10212.004058011213,10255.663447091316,10255.663447091316,10212.004058011213
2015-01-29,10249.496495721438,10280.309969163776,10249.496495721438,10280.309969163776,10324.255529607646,10324.255529607646,10280.309969163776
2015-01-30,10170.022591134399,10224.678074829442,10170.022591134399,10224.678074829442,10268.390562398623,10268.390562398623,10224.678074829442
2015-02-02,10358.516426710377,10386.618038456694,10357.64414853548,10386.618038456694,10430.589930999846,10430.589930999846,10386.618038456694
2015-02-03,10458.058160968312,10456.486466039023,10427.323564258199,10456.486466039023,10500.754148183412,10500.754148183412,10456.486466039023
2015-02-04,10448.917519003126,10450.070641702008,10420.925096357143,10450.070641702008,10494.311162305941,10494.311162305941,10450.070641702008
2015-02-05,10539.317768607389,10513.52265346356,10484.205454295156,10513.52265346356,10558.031799624217,10558.031799624217,10513.52265346356
2015-02-06,10475.324005277773,10468.605376783107,10439.409690267668,10468.605376783107,10512.924364615923,10512.924364615923,10468.605376783107
2015-02-09,10441.806913591285,10445.079701741124,10415.947658157724,10445.079701741124,10489.299093085507,10489.299093085507,10445.079701741124
2015-02-10,10604.325286180956,10559.151485106442,10529.710848347997,10559.151485106442,10603.853801979301,10603.853801979301,10559.151485106442
2015-02-11,10642.924632102908,10586.244398700703,10556.730468723015,10586.244398700703,10631.061414048763,10631.061414048763,10586.244398700703
2015-02-12,10766.845344147592,10673.224451439277,10643.475218305559,10673.224451439277,10718.409698848734,10718.409698848734,10673.224451439277
2015-02-13,10859.279843747614,10738.104304995757,10708.179555363437,10738.104304995757,10783.56422276314,10783.56422276314,10738.104304995757
2015-02-17,10869.43423995675,10745.231684295197,10715.287653289843,10745.231684295197,10790.721775987397,10790.721775987397,10745.231684295197
2015-02-18,10884.670047712867,10755.925710663152,10725.952749597676,10755.925710663152,10801.461075762876,10801.461075762876,10755.925710663152
2015-02-19,10938.506044079417,10793.71324210913,10763.638056164178,10793.71324210913,10839.408581595639,10839.408581595639,10793.71324210913
2015-02-20,11011.638763997255,10845.04516015908,10814.83110832543,10845.04516015908,10890.957814505764,10890.957814505764,10845.04516015908
2015-02-23,11022.808599827305,10852.885277388463,10822.650016044476,10852.885277388463,10898.831123052445,10898.831123052445,10852.885277388463
2015-02-24,11030.935487548542,10858.58954676305,10828.33885392018,10858.58954676305,10904.559541583125,10904.559541583125,10858.58954676305
2015-02-25,11003.511876276016,10839.34089078449,10809.142270449725,10839.34089078449,10885.22939597508,10885.22939597508,10839.34089078449
2015-02-26,11059.377909195911,10878.553306606595,10848.248606717862,10878.553306606595,10924.607818464874,10924.607818464874,10878.553306606595
2015-02-27,11010.61911093393,10844.329464810338,10814.117349114564,10844.329464810338,10890.23908924424,10890.23908924424,10844.329464810338
2015-03-02,11210.134224943095,11014.17377028008,10982.837414388014,11014.17377028008,11060.378993269822,11060.378993269822,11014.17377028008
2015-03-03,11157.863812141943,10978.223999488982,10931.626837078365,10978.223999488982,11024.27841040295,11024.27841040295,10978.223999488982
2015-03-04,11114.82054077582,10948.620335450632,10889.456311577816,10948.620335450632,10994.550556698689,10994.550556698689,10948.620335450632
2015-03-05,11134.291747821711,10962.01195401291,10908.532720205565,10962.01195401291,11007.998354139132,11007.998354139132,10962.01195401291
2015-03-06,11008.229711671876,10875.310872804965,10785.026719351472,10875.310872804965,10920.933555173295,10920.933555173295,10875.310872804965
2015-03-09,11040.003490540785,10897.163772108623,10816.156252714369,10897.163772108623,10942.87812908386,10942.87812908386,10897.163772108623
2015-03-10,10835.028648507874,10756.18920936589,10615.33748293744,10756.18920936589,10801.312167120193,10801.312167120193,10756.18920936589
2015-03-11,10772.510769011653,10713.191587617912,10554.087216685362,10713.191587617912,10758.134167015234,10758.134167015234,10713.191587617912
2015-03-12,10843.2278122434,10761.828308832966,10623.370400334707,10761.828308832966,10806.974923046753,10806.974923046753,10761.828308832966
2015-03-13,10796.083683602938,10729.404217880823,10577.182166589108,10729.404217880823,10774.414810519116,10774.414810519116,10729.404217880823
2015-03-16,10935.462664938485,10825.26423052643,10713.735098095074,10825.26423052643,10870.676963350119,10870.676963350119,10825.26423052643
2015-03-17,10952.890670651135,10837.250606319925,10730.809733363327,10837.250606319925,10882.713622919411,10882.713622919411,10837.250606319925
2015-03-18,11060.500974744074,10911.261228382897,10836.238129692061,10911.261228382897,10957.034725280226,10957.034725280226,10911.261228382897
2015-03-19,11076.898451944078,10922.538842530212,10852.30313145565,10922.538842530212,10968.359649893282,10968.359649893282,10922.538842530212
2015-03-20,11148.60010905177,10971.85274690226,10922.550964938659,10971.85274690226,11017.88042991764,11017.88042991764,10971.85274690226
2015-03-23,11127.02788224123,10957.016120066295,10901.416136847189,10957.016120066295,11002.981562281766,11002.981562281766,10957.016120066295
2015-03-24,11086.96736171864,10929.46388825137,10862.167883899747,10929.46388825137,10975.313746718162,10975.313746718162,10929.46388825137
2015-03-25,10833.241378760693,10754.959987434977,10613.586451892223,10754.959987434977,10800.077788507975,10800.077788507975,10754.959987434977
2015-03-26,10796.258839439246,10729.5246839692,10577.353770963664,10729.5246839692,10774.535781972074,10774.535781972074,10729.5246839692
2015-03-27,10839.402442789275,10759.197352854291,10619.622594115655,10759.197352854291,10804.332930003759,10804.332930003759,10759.197352854291
2015-03-30,10963.701016781333,10844.685586162757,10741.40088879098,10844.685586162757,10890.179793079142,10890.179793079142,10844.685586162757
2015-03-31,10847.620312487901,10764.849317631775,10627.6738381937,10764.849317631775,10810.008605211702,10810.008605211702,10764.849317631775
2015-04-01,10891.094061565358,10824.972192474179,10671.39258801143,10825.946225569107,10870.942399777061,10869.964318263821,10825.946225569107
2015-04-02,10898.34970326604,10832.18378381702,10676.369515622931,10830.994815625008,10876.01197338463,10877.205883339531,10830.994815625008
2015-04-06,10987.512143046348,10920.804901748697,10737.529510390847,10893.035449025152,10938.310467459156,10966.19533962947,10893.035449025152
2015-04-07,10968.850855710685,10902.256910578812,10724.729005619736,10880.050630650743,10925.27168003512,10947.570256940364,10880.050630650743
2015-04-08,11055.937435375801,10988.81477133032,10784.465086976388,10940.646847806624,10986.119754410449,11034.487880478304,10940.646847806624
2015-04-09,11125.3976542447,11057.853284218798,10832.110560037325,10988.978364814877,11034.652152629718,11103.813340012091,10988.978364814877
2015-04-10,11171.015946044407,11103.194618836656,10863.401925489703,11020.72029252412,11066.526009921829,11149.343128049904,11020.72029252412
2015-04-13,11143.025731337,11075.37433795796,10844.202345607458,11001.244259188421,11046.969027975276,11121.407216982554,11001.244259188421
2015-04-14,11110.88722899138,11043.430954471185,10822.15729345153,10978.881781816031,11024.513605009328,11089.331066343826,10978.881781816031
2015-04-15,11180.34744786028,11112.469467359664,10869.802766512468,11027.213298824281,11073.046003228596,11158.656525877614,11027.213298824281
2015-04-16,11164.7978053273,11097.01422961487,10859.136660265227,11016.39361203387,11062.181346366482,11143.137051108615,11016.39361203387
2015-04-17,10990.6212134049,10923.89509635959,10739.662143003085,10895.198789270278,10940.48279923683,10969.298378100115,10895.198789270278
2015-04-20,11155.462870919258,11087.735969339601,10852.733464693623,11009.89821728188,11055.658954680719,11133.82022734829,11009.89821728188
2015-04-21,11203.154448390027,11135.138002323429,10885.446977645632,11043.082769896511,11088.981432887778,11181.419278688632,11043.082769896511
2015-04-22,11264.323240870755,11195.935427624148,10927.40503798246,11085.644981509126,11131.720546636752,11242.469397978599,11085.644981509126
2015-04-23,11306.83246231191,11238.186567631112,10956.5637708226,11115.223568973244,11161.42207215119,11284.896147545769,11115.223568973244
2015-04-24,11460.27019048737,11390.692746660205,11061.812692627951,11221.987962892252,11268.630212968113,11438.036192146852,11221.987962892252
2015-04-27,11431.23990035226,11361.83870484626,11041.899684447051,11201.788228652029,11248.346522185087,11409.062223495614,11201.788228652029
2015-04-28,11408.436332414685,11339.173581634755,11026.257827862728,11185.921146031631,11232.413490904904,11386.302896617215,11185.921146031631
2015-04-29,11336.898537134508,11268.070105689978,10977.187264116108,11136.144018553205,11182.42947379694,11314.903891365118,11136.144018553205
2015-04-30,11158.572799425852,11090.827016888557,10854.86668594307,11012.06215463996,11057.83188605314,11136.924122302087,11012.06215463996
2015-05-01,11405.763254029549,11337.12366863123,11055.846134503365,11214.495485444666,11260.6908752105,11383.828955442337,11214.495485444666
2015-05-04,11424.591282847992,11355.83839086394,11068.621422988293,11227.454097092843,11273.702866812317,11402.62077628445,11227.454097092843
2015-05-05,11238.415599135613,11170.783107554118,10942.29656491422,11099.316499321623,11145.037436336908,11216.803124993514,11099.316499321623
2015-05-06,11161.016194111931,11093.849490128563,10889.779132671354,11046.045451078942,11091.54695053696,11139.552565919239,11046.045451078942
2015-05-07,11227.953178302852,11160.3836492967,10935.197550690367,11092.115615480892,11137.806890148386,11206.360824327845,11092.115615480892
2015-05-08,11368.111525073195,11299.698526796448,11030.298494651519,11188.581241413453,11234.669883544386,11346.249634114201,11188.581241413453
2015-05-11,11324.182343617185,11256.033710007221,11000.491446265365,11158.346467077805,11204.31056416516,11302.404932386667,11158.346467077805
2015-05-12,11272.932497654612,11205.092284279248,10965.717143905116,11123.07315953924,11168.891956530235,11251.253644442428,11123.07315953924
2015-05-13,11295.94289759784,11227.96420823654,10981.330275808778,11138.910337164625,11184.794371684948,11274.219793337154,11138.910337164625
2015-05-14,11461.197202589123,11392.224017136043,11093.459455129552,11252.648550666494,11299.001103013332,11439.156299581628,11252.648550666494
2015-05-15,11461.197202589123,11392.224017136043,11093.459455129552,11252.648550666494,11299.001103013332,11439.156299581628,11252.648550666494
2015-05-18,11511.39950786426,11442.12420624908,11127.522974932011,11287.200876041443,11333.695758568148,11489.262061352472,11287.200876041443
2015-05-19,11498.852394489897,11429.652601075335,11119.009444675805,11278.565178109817,11325.02448790946,11476.739077194634,11278.565178109817
2015-05-20,11506.17132752425,11436.927488961821,11123.975523802692,11283.602519606675,11330.082579550151,11484.0439352689,11283.602519606675
2015-05-21,11565.789378680818,11496.18676024347,11164.427862694818,11324.635342511767,11371.284427520888,11543.54733560324,11324.635342511767
2015-05-22,11554.284611577257,11484.751228527888,11156.621590454786,11316.717051625588,11363.333519097283,11532.064693191485,11316.717051625588
2015-05-26,11421.452989466216,11352.718983649778,11066.492012432936,11225.294129867136,11271.534002109513,11399.488518120357,11225.294129867136
2015-05-27,11605.531860331514,11535.690072677477,11191.39413054423,11351.988571605069,11398.750331809697,11583.213388922071,11351.988571605069
2015-05-28,11579.387495687037,11509.703044136664,11173.65452520322,11333.99440601912,11380.6820434897,11557.119302219344,11333.99440601912
2015-05-29,11510.352832912931,11441.083830160274,11126.812779797827,11286.480489730855,11332.972404795542,11488.217399250298,11286.480489730855
2015-06-01,11649.02557449844,11579.5236597118,11253.06130337673,11413.105976418788,11459.70765543819,11626.815712033997,11413.105976418788
2015-06-02,11612.10278952923,11542.821168211618,11228.09386136712,11387.783440048639,11434.281722978103,11589.96332350874,11387.783440048639
2015-06-03,11646.911484618098,11577.422183186436,11251.631741209774,11411.656082594978,11458.251841458909,11624.705652846624,11411.656082594978
2015-06-04,11558.295228877958,11489.334641149924,11191.70881751522,11350.880917318647,11397.22852116513,11536.25835156877,11350.880917318647
2015-06-05,11530.869693614895,11462.07273564307,11173.163481299822,11332.071823834804,11378.342627052272,11508.88510543172,11332.071823834804
2015-06-08,11413.765181676383,11345.666907706738,11093.97660215931,11251.758725428377,11297.701597026973,11392.003863249764,11251.758725428377
2015-06-09,11394.776794874231,11326.791811860385,11081.13652396006,11238.736031831213,11284.62572962531,11373.051679429276,11238.736031831213
2015-06-10,11550.912069052149,11481.995531681958,11186.716273887967,11345.81736825615,11392.14429679718,11528.88926836793,11345.81736825615
2015-06-11,11567.793351814127,11498.776095163295,11198.131513793594,11357.39495908716,11403.7691608399,11545.738365522111,11357.39495908716
2015-06-12,11472.845305193208,11404.394539791212,11133.926989408179,11292.277298925888,11338.385614538787,11450.971345463735,11292.277298925888
2015-06-15,11415.874032176602,11347.763176111843,11095.402621421264,11253.205025958943,11299.153803041001,11394.108693046339,11253.205025958943
2015-06-16,11478.118741288781,11409.636512834033,11137.492923289312,11295.893948575613,11342.017031565167,11456.234727302868,11295.893948575613
2015-06-17,11509.76809016242,11441.097031291394,11158.894431417786,11317.599835296038,11363.811546998872,11487.823733988993,11317.599835296038
2015-06-18,11677.508591316684,11607.836737491356,11272.321715917686,11432.640316255638,11479.321757204456,11655.244423547296,11432.640316255638
2015-06-19,11619.776734951965,11550.44932835408,11233.283036221803,11393.04641688616,11439.566189417554,11597.622637898921,11393.04641688616
2015-06-22,11705.423135391391,11635.58473422258,11291.197723266294,11451.784783775554,11498.544394740857,11683.105746158913,11451.784783775554
2015-06-23,11714.94221584806,11645.047020716998,11297.63459116466,11458.313198717044,11505.099466276635,11692.60667767545,11458.313198717044
2015-06-24,11654.671879812893,11585.136277313206,11256.879373996933,11416.97834877102,11463.595839325022,11632.451252184988,11416.97834877102
2015-06-25,11631.40466590885,11562.0078832536,11241.145923382126,11401.021132358215,11447.573466967362,11609.228399212034,11401.021132358215
2015-06-26,11554.21549822081,11485.279251506596,11188.95007548961,11348.082939646265,11394.419118888718,11532.186399266662,11348.082939646265
2015-06-29,11281.407960964672,11214.099373670233,11004.47573608358,11160.984951507502,11206.557178824858,11259.898992886963,11160.984951507502
2015-06-30,11321.589640371485,11254.041315972834,11031.646865002342,11188.542516275196,11234.227265671836,11300.00406248916,11188.542516275196
2015-07-01,11511.437722488976,11443.353155969537,11190.947516078897,11348.686452143178,11396.08378386839,11489.68078438173,11350.147405824944
2015-07-02,11514.638840193165,11446.535340616316,11191.725617485612,11349.475521085637,11398.302118758307,11492.875851884246,11352.35679886383
2015-07-06,11487.972842630918,11420.027059486072,11185.243865756365,11342.902407429581,11379.822912982969,11466.260253800543,11333.952080626874
2015-07-07,11516.77145052939,11448.655337597564,11192.243994894983,11350.001205155448,11399.779991286785,11495.004431527503,11353.8287142593
2015-07-08,11316.239132048755,11249.309070443098,11143.500245517243,11300.570400325865,11260.813580254957,11294.851124717421,11215.422460736467
2015-07-09,11309.840420160139,11242.948203829394,11141.944899172066,11298.993130981336,11256.379352230642,11288.4645065726,11211.006106571785
2015-07-10,11482.637352830621,11414.723126518118,11183.946958706152,11341.587220147117,11376.125484686814,11460.934848224666,11330.269556235977
2015-07-13,11684.236416919339,11615.129829998186,11232.950003847109,11391.280975579155,11515.83113720232,11662.1528844639,11469.412071445679
2015-07-14,11761.038577181542,11691.477742761921,11251.618442330513,11410.212550415446,11569.054082271698,11738.80988650281,11522.420480987297
2015-07-15,11773.838643598592,11704.202102999221,11254.729777372058,11413.367740509795,11577.924369636965,11751.585760437609,11531.255013251473
2015-07-16,11940.23862614034,11869.617910414168,11295.176918795092,11454.384994601243,11693.237494946581,11917.67124237496,11646.103324707525
2015-07-17,12116.23579563507,12044.574142079708,11337.956865618831,11497.767935574386,11815.20135185379,12093.335772314487,11767.575559432327
2015-07-20,12157.83711259042,12085.92940743839,11348.068972150186,11508.022574799894,11844.030548839515,12134.858461621407,11796.28854926375
2015-07-21,12150.369893333842,12078.506353159155,11346.253901807664,11506.181920582718,11838.855858453762,12127.405355617326,11791.134717455654
2015-07-22,12012.767637810624,11941.717948185735,11312.806675406184,11472.263247082039,11743.49920100908,11990.06317219188,11696.162431653756
2015-07-23,11967.96872667085,11897.184000860127,11301.917323936368,11461.22040745446,11712.454110888959,11945.348932242658,11665.24248069654
2015-07-24,11850.635518581148,11780.544761743173,11273.396931153082,11432.298012535504,11631.143652073059,11828.2374871862,11584.25977492346
2015-07-27,11752.504612316878,11682.994252157077,11249.544076224773,11408.108945595815,11563.140150402263,11730.292051069573,11516.530387492328
2015-07-28,11853.835755405396,11783.726070719988,11274.174818442734,11433.086864342866,11633.361376524095,11831.431675473663,11586.468559984072
2015-07-29,11898.63554742511,11828.260893715558,11285.064384029614,11444.129921105541,11664.407077083097,11876.146794637934,11617.38911891956
2015-07-30,11955.169541133737,11884.46051629279,11298.806203011885,11458.065434495209,11703.58443396257,11932.57393752291,11656.408556410632
2015-07-31,11941.300967348721,11870.673968389956,11295.435143972994,11454.646859528211,11693.973684235862,11918.731575728849,11646.83654650304
2015-08-03,12003.938403582884,11932.518179075654,11383.813560328208,11543.900204778176,11768.099184861214,11980.421230308026,11721.066428869715
2015-08-04,11981.35305717138,11916.80112530556,11362.394975518802,11528.6943200395,11752.600048944754,11964.641080323574,11705.62923739983
2015-08-05,12073.857398788146,11981.174532941992,11450.120532172099,11590.974097857517,11816.08091558536,12029.272915422724,11768.856393951493
2015-08-06,11880.241305551956,11846.437854889597,11266.506668656933,11460.619489003606,11683.212369316243,11893.995336101894,11636.518875257698
2015-08-07,11865.184111851748,11835.959612993236,11252.227331320968,11450.48203316292,11672.879408845864,11883.47502923544,11626.22721189712
2015-08-10,12000.713067595307,11930.27368044279,11380.75484556997,11541.728704444417,11765.885806330862,11978.167721120833,11718.86189641368
2015-08-11,11846.899805608751,11823.235636166224,11234.887594448603,11438.17188089906,11660.33185068869,11870.699971920882,11613.729801796588
2015-08-12,11887.772123096074,11851.678521210013,11273.648443297621,11465.689712035717,11688.380373496993,11899.257041111263,11641.666224792887
2015-08-13,11868.410336116933,11838.204729774994,11255.286888468288,11452.654131541385,11675.093396954439,11885.72915905309,11628.432351495117
2015-08-14,11886.69908374796,11850.931797346477,11272.630837286068,11464.967274028782,11687.644003002733,11898.507319519931,11640.93279730545
2015-08-17,11985.652320784675,11919.792965950852,11366.472138677675,11531.5888564249,11755.550407547587,11967.644931732553,11708.567804485265
2015-08-18,11924.342512137282,11877.127711161827,11308.32960182052,11490.311212652852,11713.476708967795,11924.808397001296,11666.662259277873
2015-08-19,11845.823213150215,11822.486439707112,11233.866618880718,11437.447050713294,11659.593041881533,11869.947767807724,11612.99394574131
2015-08-20,11517.757421461818,11594.186745110954,10922.748743851678,11216.572394897772,11434.458735669243,11640.731562606028,11388.759420012113
2015-08-21,11014.36872555629,11243.880530778355,10445.36516607067,10877.659262939274,11089.009537127255,11289.019041702632,11044.690857109254
2015-08-24,10590.571479708338,10948.961693615112,10043.461334851932,10592.332132882562,10798.179766587567,10992.916250953682,10755.02342808844
2015-08-25,10550.775754679553,10921.268005030433,10005.721461570798,10565.53913193167,10770.870052586419,10965.111385876458,10727.822861147419
2015-08-26,11082.13453584448,11291.038491726471,10509.630186778793,10923.283495647085,11135.513650237091,11336.366318591012,11091.009110080475
2015-08-27,11362.867567016727,11486.399504375277,10775.860517162428,11112.29074116665,11328.165971219913,11532.511609292918,11282.891469339742
2015-08-28,11360.718823487685,11484.904202201524,10773.822777972075,11110.844071018655,11326.691401496719,11531.010304218884,11281.422792938985
2015-08-31,11219.809570284262,11386.846006903097,10640.192913050903,11015.975042942453,11229.992788710611,11432.55845365907,11185.110649571912
2015-09-01,10969.127552904056,11241.725264009074,10407.62561982068,10878.825598109952,11089.267651096068,11287.46934061452,11044.353755335245
2015-09-02,11278.499693056126,11558.785721839866,10701.16121746746,11185.650871259171,11308.201840728208,11510.316592983427,11355.847567528179
2015-09-03,11223.139570558333,11502.049825142472,10648.634940747128,11130.746493965822,11269.02499839511,11470.439533648429,11300.107785685415
2015-09-04,11089.620869804283,11365.213003413008,10521.950968481244,10998.326969023294,11174.537471056821,11374.263208306784,11165.673414586312
2015-09-08,11402.248907696005,11685.610272462405,10818.57579674981,11308.38133614595,11395.775770337634,11599.455752223012,11480.445453443534
2015-09-09,11274.158197254057,11554.336333973208,10697.041959785383,11181.345116272018,11305.129483066168,11507.189322343651,11351.476297777317
2015-09-10,11396.819124488664,11680.045551771023,10813.423960330163,11302.9962529419,11391.933261487959,11595.54456530062,11474.97843281975
2015-09-11,11459.783812109103,11744.574997358128,10873.165529827093,11365.442591737634,11436.491646263155,11640.89935266313,11538.374931841241
2015-09-14,11425.045570559234,11708.973463345972,10840.205514456844,11330.990328366333,11411.908344226884,11615.876667434555,11503.39845566621
2015-09-15,11559.647180032862,11846.920105546824,10967.916962105746,11464.48384711941,11507.162216404271,11712.833034678504,11638.92316206555
2015-09-16,11624.779477987677,11913.671029527806,11029.715183486884,11529.079951671678,11553.254559640502,11759.749197305717,11704.502136878402
2015-09-17,11629.120077342131,11918.11949866891,11033.83359060987,11533.38481759111,11556.326282911117,11762.875822215443,11708.87250403382
2015-09-18,11463.72549227464,11748.614633626907,10876.90543815418,11369.351822519897,11439.281065350493,11643.738627699902,11542.343644022645
2015-09-21,11499.633597962787,11785.415104489359,10910.975433139356,11404.964319270968,11464.692248193898,11669.60399064578,11578.49800725629
2015-09-22,11327.703909777993,11609.212730145693,10747.846704903706,11234.450020492062,11343.022317158924,11545.75942405426,11405.389226434916
2015-09-23,11336.406623229675,11618.13171784124,10756.103932567881,11243.081089956298,11349.180989094311,11552.02817139495,11414.151623036481
2015-09-24,11295.057976962804,11575.755501580737,10716.871894453958,11202.072841188496,11319.919684704157,11522.243872766065,11372.519408033688
2015-09-25,11199.302132013458,11477.619993888642,10626.017723934394,11107.105294117917,11252.15589606365,11453.268925847005,11276.10687014852
2015-09-28,10880.469780174571,11150.864225267671,10323.506176190787,10790.897689277715,11026.526973743614,11223.60728424383,10955.087968201127
2015-09-29,10823.88600668156,11092.874268186632,10269.818886310008,10734.779734541155,10986.484187117992,11182.84880338843,10898.11614357291
2015-09-30,11073.075136164223,11348.256085829918,10506.252199322033,10981.917446042105,11162.828508560797,11362.344968744868,11149.014210417065
2015-10-01,11223.100987118158,11499.525892411044,10653.71572689289,11131.531218610065,11298.240484532012,11497.355704134632,11299.38334399596
2015-10-02,11419.629013222107,11700.894402536791,10840.273232245647,11326.455764011456,11436.731278597359,11698.686212034549,11497.24715252234
2015-10-05,11583.223125665287,11868.517836919646,10995.56767097194,11488.715104984354,11552.013963646505,11866.278012555664,11661.953198688901
2015-10-06,11528.327842536954,11812.27048332013,10943.457408231912,11434.267714855827,11513.32995759607,11810.041273945713,11606.684797508497
2015-10-07,11597.495302305679,11883.141537179104,11009.115772597796,11502.870834315525,11562.071384540373,11880.898953033271,11676.322381965261
2015-10-08,11643.610560169529,11930.392613548214,11052.891449972323,11548.609835787123,11594.568218741084,11928.141112188494,11722.751080879132
2015-10-09,11696.308801846599,11984.38881257962,11102.916134485009,11600.878110221032,11631.703997695302,11982.127121067782,11775.807507525138
2015-10-12,11724.857677649921,12013.640847010778,11130.016630816644,11629.194054506455,11651.822026447007,12011.373635060727,11804.550427339558
2015-10-13,11649.0990935274,11936.01632944747,11058.10153176874,11554.053587962895,11598.435918214052,11933.763766781185,11728.276919279597
2015-10-14,11630.43373848899,11916.89124683424,11040.383132304189,11535.540524367105,11585.282680520544,11914.642293449804,11709.48469758678
2015-10-15,11821.473231235066,12112.636041060732,11221.730555860531,11725.021317592724,11719.905775112922,12110.35014675703,11901.822667712695
2015-10-16,11870.883599023562,12163.263385890787,11268.634171268077,11774.028544043946,11754.724631261563,12160.967937204472,11951.568873101995
2015-10-19,11938.954799327923,12233.011179421825,11333.25189306025,11841.544348467873,11802.69353813974,12230.702567945562,12020.102746922408
2015-10-20,11877.470200854814,12170.012215682875,11274.886612870174,11780.56140550472,11759.366125586244,12167.715493358724,11958.200243443489
2015-10-21,11805.00401314341,12095.761186233163,11206.096876007334,11708.686472566933,11708.300127122837,12093.478476548762,11885.241509901934
2015-10-22,12045.452969173472,12342.132398507258,11434.347056355235,11947.173595119157,11877.74144047106,12339.803193695881,12127.324774764807
2015-10-23,12382.518383293185,12687.499731613756,11754.312020363008,12281.488877882264,12115.267139877993,12685.10534914685,12466.681190653155
2015-10-26,12390.205767111343,12695.376455646025,11761.60939761874,12289.113540001894,12120.684341232769,12692.9805866853,12474.420824892703
2015-10-27,12415.460437494532,12721.25314839869,11785.582814533342,12314.162156432312,12138.48098542934,12718.852395993572,12499.847148884035
2015-10-28,12518.663497415437,12826.998099023182,11883.55003979531,12416.523178103973,12211.206865812732,12824.577390451672,12603.751670251006
2015-10-29,12498.903691921681,12806.751609646915,11864.79271498902,12396.924593721647,12197.282382838686,12804.334721988918,12583.857559226519
2015-10-30,12442.906722301937,12749.375435024775,11811.63665797938,12341.384505809652,12157.822032365368,12746.969375387227,12527.479983495727
2015-11-02,12683.410501296967,12990.477042501781,12042.36054801696,12577.970981050596,12356.789110538266,12988.044355611877,12766.125930234975
2015-11-03,12727.679452383154,13001.814743928826,12052.870759697322,12588.948658642721,12386.979530354933,12999.379933857363,12777.267824241586
2015-11-04,12728.78350946587,13002.097503498571,12053.132881870128,12589.222439303883,12387.73247222527,12999.662640475468,12777.545700420962
2015-11-05,12694.48115790754,12993.312343455887,12044.988912628338,12580.716248241757,12364.339047063047,12990.879125606625,12768.912264211998
2015-11-06,12703.332760067802,12995.579323358996,12047.090435481987,12582.91124117258,12370.375638821188,12993.145680978361,12771.140092309084
2015-11-09,12568.317792643806,12961.000699938366,12015.035556095294,12549.430647073881,12278.298495630512,12958.573533005698,12737.1586579305
2015-11-10,12536.226290322124,12952.781759513051,12007.416480552145,12541.472695568582,12256.412819465455,12950.356131719764,12729.081662460587
2015-11-11,12520.73393523825,12948.814019324205,12003.738328543488,12537.630949263765,12245.84738494634,12946.389134559198,12725.182447005465
2015-11-12,12399.003208732698,12917.63761695293,11974.83735681984,12507.444540147557,12162.829792534103,12915.218570510891,12694.54447572325
2015-11-13,12155.535373888746,12855.283177762001,11917.033898215479,12447.07013936797,11996.79025544448,12852.875808271976,12633.266926938131
2015-11-16,12330.388477021563,12900.06472844868,11958.547037375156,12490.42967116346,12116.036102935854,12897.648972835304,12677.275079244238
2015-11-17,12338.135110408703,12902.048715289417,11960.38622160499,12492.350657354951,12121.319131071494,12899.632588140037,12679.224801701848
2015-11-18,12574.959457257823,12962.701693716732,12016.612401701312,12551.077626526043,12282.827960143648,12960.274208243425,12738.830274748636
2015-11-19,12583.8128827989,12964.96914060509,12018.71435745698,12553.273071613201,12288.865795406116,12962.541230512963,12741.058561765918
2015-11-20,12669.026761747842,12986.793229345809,12038.945600436158,12574.40414579778,12346.979726650308,12984.361232313919,12762.505738259724
2015-11-23,12632.5053557392,12977.439748252125,12030.27478943664,12565.347680475315,12322.072956721444,12975.009502822066,12753.313796170823
2015-11-24,12621.441992651882,12974.606315239023,12027.648156433343,12562.604221909498,12314.527994213975,12972.17660041852,12750.52929787459
2015-11-25,12632.5053557392,12977.439748252125,12030.27478943664,12565.347680475315,12322.072956721444,12975.009502822066,12753.313796170823
2015-11-27,12650.21220682135,12981.974642028843,12034.478700947977,12569.738570649632,12334.14862724638,12979.54354736114,12757.770370205388
2015-11-30,12618.118881118857,12973.755234618277,12026.859192502809,12561.780166987997,12312.261707576996,12971.325679177406,12749.692915815276
2015-12-01,12844.250431999079,13106.062635771621,12155.166899111042,12693.061422275423,12498.283765284947,13103.627028803687,12879.70322821431
2015-12-02,12765.061873334518,13085.86195309349,12102.70168876884,12673.49730771828,12444.344789718449,13083.430100181718,12824.110711791409
2015-12-03,12548.684693480496,13030.665005166516,11959.344183016256,12620.039737513627,12296.960323905249,13028.243409949788,12672.208061617792
2015-12-04,12842.017645979156,13105.493061042174,12153.687599700119,12692.509796103512,12496.762911861108,13103.057559922916,12878.135751856933
2015-12-07,12784.02033998021,13090.698181650141,12115.262340927507,12678.181136033116,12457.258274777723,13088.265429982921,12837.420069685119
2015-12-08,12785.135814148187,13090.982734621972,12116.00138186778,12678.456722112416,12458.018075624035,13088.549930073972,12838.203162811806
2015-12-09,12591.063523443796,13041.47567416714,11987.421651094683,12630.509738460503,12325.826497409049,13039.052069916397,12701.959149911969
2015-12-10,12647.94719295873,13055.986469373129,12025.1090864574,12644.56326646491,12364.572585377335,13053.56016846401,12741.893029061093
2015-12-11,12356.845188796025,12981.72751944113,11832.243751654078,12572.644380033627,12166.289599114098,12979.315018672984,12537.531525075328
2015-12-14,12450.533992802308,13005.627156360162,11894.315885454624,12595.790886615026,12230.10535981705,13003.210214129283,12603.303607093183
2015-12-15,12526.377047804921,13024.974414515695,11944.5645817412,12614.528469940924,12281.765558710216,13022.553876827431,12656.547489188019
2015-12-16,12712.638262807523,13072.488900989036,12067.969199636827,12660.545670017766,12408.636653404199,13070.059533299645,12787.30791504504
2015-12-17,12527.491603130915,13025.258733094633,11945.30301391628,12614.80382901357,12282.524733690921,13022.838142569148,12657.329937262708
2015-12-18,12287.186859184394,12963.957959846874,11786.092653859236,12555.434778503259,12118.842101618398,12961.548761339634,12488.629487985221
2015-12-21,12423.67532278242,12998.77561771142,11876.521070195082,12589.155255079573,12211.810682272935,12996.359948757356,12584.448092112758
2015-12-22,12505.341998276503,13019.60845802137,11930.628120253852,12609.331606585543,12267.437617380212,13017.188917532178,12641.78031377675
2015-12-23,12598.198331445723,13043.295734979547,11992.148712792547,12632.272445137414,12330.686343843656,13040.871792492191,12706.967978683579
2015-12-24,12595.960951215886,13042.724988285638,11990.666369555674,12631.719683932228,12329.162361091787,13040.301151864753,12705.397277066211
2015-12-28,12589.2469728424,13041.01227941812,11986.218122314684,12630.060946303356,12324.589161104963,13038.588761283772,12700.683882110103
2015-12-29,12787.26109565604,13091.524885382963,12117.409455751513,12678.98178850568,12459.465702771911,13089.091980082705,12839.695168085309
2015-12-30,12672.032797872393,13062.130610271472,12041.066648374483,12650.513791915248,12380.978400520977,13059.703167546979,12758.801777108776
2015-12-31,12514.292438037839,13021.891679189903,11936.558101966526,12611.542878412947,12273.534174253298,13019.471714391264,12648.063765298224
2016-01-04,12350.23595960043,13054.497992225988,11860.08600350138,12646.272679029085,12193.636160322267,13052.090550347324,12561.0722061079
2016-01-05,12328.806928930417,13048.835223310945,11854.940691689004,12640.786989641258,12178.825971752578,13046.42882572977,12555.622781923767
2016-01-06,12210.381729478735,13017.540548878878,11826.505687464834,12610.470925891696,12096.979080855319,13015.139922493814,12525.507133864803
2016-01-07,11828.03012985046,12916.501505800645,11734.69947222613,12512.591458322739,11832.725443926163,12914.11951249431,12428.274735165025
2016-01-08,11731.033961068793,12890.869600283622,11711.409779814338,12487.761083961004,11765.688741598597,12888.492333875909,12403.608511290196
2016-01-11,11767.1278853772,12900.407668325197,11720.076270518413,12497.000888625653,11790.634238828932,12898.028642958103,12412.787232766466
2016-01-12,11903.598194302438,12936.470887194433,11752.844075248571,12531.936380433612,11884.952597903146,12934.085211241823,12447.491770425002
2016-01-13,11493.051574291889,12827.981115829027,11654.26797043077,12426.839175091893,11601.212612057048,12825.615446978518,12343.089349510532
2016-01-14,11737.799950781058,12892.657559655752,11713.03435758106,12489.493132345939,11770.36490194585,12890.279963522156,12405.329109320755
2016-01-15,11373.49438696666,12796.387305806496,11625.561165271369,12396.233329972343,11518.583373412755,12794.027463317081,12312.68583578983
2016-01-19,11398.30919151377,12802.944788783032,11631.519433236177,12402.58575496353,11535.733562813388,12800.583736997756,12318.996265697086
2016-01-20,11363.344476057946,12793.705121956493,11623.124076198263,12393.635020257978,11511.56849267277,12791.345774101046,12310.104703174711
2016-01-21,11374.622669478918,12796.685462229723,11625.832076514505,12396.522162794474,11519.363160283367,12794.325564755898,12312.972759174443
2016-01-22,11703.960738816524,12883.715314877014,11704.90924451721,12480.830519051628,11746.977698018527,12881.339367824268,12396.72376347515
2016-01-25,11530.274707452872,12837.817585085637,11663.205594801006,12436.368049715637,11626.9385363771,12835.450102246194,12352.555229940697
2016-01-26,11634.036865946804,12865.23744997479,11688.11986497952,12462.930472462307,11698.651399051923,12862.864910510842,12378.942051846085
2016-01-27,11344.17756845438,12788.640134638757,11618.521921410302,12388.728419336197,11498.321719158937,12786.281720841122,12305.230539175493
2016-01-28,11504.330694053182,12830.961700894066,11656.976193170036,12429.726554765353,11609.00791988675,12828.595482380035,12345.957641079545
2016-01-29,11744.565940493318,12894.445519027882,11714.658935347783,12491.225180730875,11775.041062293103,12892.067593168402,12407.049707351312
2016-02-01,11876.118596430635,12999.825081942048,11822.20382696897,12599.269564845881,11895.74161540389,12997.446158482033,12512.225944595051
2016-02-02,11619.054559632576,12718.43790261251,11758.22936246012,12531.090102503578,11638.252829355435,12716.110472042441,12241.39307234555
2016-02-03,11563.318068372857,12657.427680192257,11744.358452213957,12516.307466806002,11582.42424418333,12655.111414283903,12182.671229317632
2016-02-04,11562.183010264167,12656.185224018465,11744.075974993128,12516.006422550485,11581.287310607784,12653.869185475336,12181.47537535231
2016-02-05,11160.661108887763,12216.671721178338,11644.15087870551,12409.513317970448,11179.101970935031,12214.436112100704,11758.447202390573
2016-02-08,10990.04459237413,12029.911640200859,11601.690251321452,12364.261782565072,11008.203543196487,12027.710207578311,11578.692142926959
2016-02-09,10955.92091538972,11992.559214966293,11593.198032848024,12355.211376374777,10974.023483349658,11990.364617709616,11542.740737337457
2016-02-10,10998.005880606428,12038.62621757784,11603.671544223429,12366.373304495526,11016.177985937875,12036.423190217483,11587.079852797293
2016-02-11,10982.080501529219,12021.193995030857,11599.708260944853,12362.149517315469,11000.226293211703,12018.994157707515,11570.301480330783
2016-02-12,11149.286238491559,12204.220571900923,11641.320061717188,12406.496433315999,11167.708305736822,12201.98724134096,11746.463072446757
2016-02-16,11400.663774295721,12479.38319918943,11703.879350223413,12473.167701104128,11419.50119493397,12477.09951481122,12011.304863966296
2016-02-17,11658.863803406675,12762.013857290432,11768.13652444463,12541.648455474997,11678.12785030577,12759.678452469923,12283.334574423065
2016-02-18,11525.784546041357,12616.342773447952,11735.017639620342,12506.35268898391,11544.828704870875,12614.0340259368,12143.127340622434
2016-02-19,11559.906354617357,12653.69315348717,11743.509393110691,12515.402599628105,11579.006893222106,12651.37757098441,12179.076777728042
2016-02-22,11747.58984774632,12859.135071369135,11790.217408434934,12565.180700880403,11767.000497496956,12856.78189369913,12376.812953317112
2016-02-23,11554.21985362346,12647.468601446137,11742.09421710807,12513.894405073932,11573.3109963708,12645.15415801508,12173.08569699808
2016-02-24,11664.554041217394,12768.242499722162,11769.552630413411,12543.157641121372,11683.827490148271,12765.905955081424,12289.329592120816
2016-02-25,11779.433132267102,12893.99133568171,11798.142115059767,12573.62629305612,11798.896396966911,12891.631779434734,12410.361824314561
2016-02-26,11764.645613911196,12877.804637101539,11794.462006476639,12569.704293450726,11784.08444505968,12875.448042964957,12394.782258539211
2016-02-29,11658.863803406675,12762.013857290432,11768.13652444463,12541.648455474997,11678.12785030577,12759.678452469923,12283.334574423065
2016-03-01,12133.057332715376,13270.481585358499,11959.654506585972,12739.183232281342,12151.905936276422,13268.071436185859,12776.48222925916
2016-03-02,12137.642820793015,13273.99264453278,11962.818900783219,12742.553881150301,12155.121045816313,13271.581857689573,12779.862587457654
2016-03-03,12114.70690271527,13256.43085738517,11946.991079437947,12725.694405121063,12139.039553994853,13254.023260073724,12762.954546830055
2016-03-04,12119.29239079291,13259.941916559452,11950.155473635197,12729.065053990023,12142.254663534748,13257.533681577439,12766.33490502855
2016-03-07,12044.74429877307,13202.861239872567,11898.710666493786,12674.267083131666,12089.985357023505,13200.463371752963,12711.379085762504
2016-03-08,11944.96283480914,13126.459640186378,11829.852590709015,12600.920849762682,12020.023701630858,13124.075647951184,12637.8215747501
2016-03-09,12021.807438729818,13185.298731472049,11882.882195108621,12657.406914693045,12073.903204744045,13182.904053015192,12694.470350731002
2016-03-10,12003.452298902186,13171.24439723416,11870.215517761131,12643.914625485859,12061.033520172481,13168.85227129346,12680.939196282385
2016-03-11,12213.33822679777,13331.951807266145,12015.055456513834,12798.19520663528,12208.19479017053,13329.530494011897,12835.664190677224
2016-03-14,12233.98422673321,13347.760228585346,12029.303030880157,12813.371435458183,12222.670708596039,13345.336044241645,12850.884135417282
2016-03-15,12229.39685472456,13344.247726905243,12026.137336603126,12809.99940177046,12219.454278140147,13341.824180494094,12847.502388410983
2016-03-16,12338.353062705792,13427.674329951642,12101.326800941959,12890.089702514893,12295.848794444577,13425.235631790982,12927.823393435989
2016-03-17,12331.468236830799,13422.40269241984,12096.575659366841,12885.028882345781,12291.021506928744,13419.964951681974,12922.747995310929
2016-03-18,12350.794543093933,13437.200638409711,12109.912527843611,12899.235045625253,12304.572123697435,13434.760210102622,12936.99508018326
2016-03-21,12399.108895803525,13474.194421505035,12143.253723975708,12934.749415209872,12338.447674932171,13471.747274471372,12972.611750758244
2016-03-22,12437.06727975272,13503.258750088844,12169.448381528397,12962.65143605468,12365.06215092418,13500.806324458063,13000.594144826598
2016-03-23,12334.69070082291,13424.87009863085,12098.799445839475,12887.397614839765,12293.280933743858,13422.431909768293,12925.12355106217
2016-03-24,12338.140178501695,13427.511326793592,12101.17989192623,12889.933217994683,12295.699530936768,13425.072658237194,12927.666458153972
2016-03-28,12320.887138314745,13414.300858462422,12089.273761253102,12877.251047763808,12283.602582224217,13411.864589161176,12914.94775627155
2016-03-29,12518.739456885787,13565.794262547108,12225.809440377652,13022.68609906504,12422.32650128304,13563.330479359076,13060.801740808998
2016-03-30,12579.704406325596,13612.474472246908,12267.880672267558,13067.499526642701,12465.072003446447,13610.002211105577,13105.74425579766
2016-03-31,12561.299342326207,13598.381911604698,12255.17954280576,13053.970539738297,12452.167314600927,13595.912209922113,13092.176297942195
2016-04-01,12794.704416879442,13798.67068874102,12447.247370365556,13250.248936499209,12645.710485808811,13796.182774201838,13290.526276541477
2016-04-04,12746.010541924643,13785.540210740575,12414.08726241135,13237.640323926615,12612.02166131764,13783.054663643756,13255.119626657952
2016-04-05,12623.11855616427,13752.401946082951,12330.398882336784,13205.819125918286,12526.998923991936,13749.922373858604,13165.761498611095
2016-04-06,12830.642376375234,13808.361488394536,12471.720810149112,13259.554579320871,12670.57413880723,13805.871826591498,13316.657750994413
2016-04-07,12646.309144651716,13758.655371431301,12346.191472646737,13211.82401145759,12543.04331697002,13756.174671706181,13182.624010537493
2016-04-08,12637.036516913686,13756.154974109595,12339.876893305955,13209.422991395266,12536.628055733809,13753.674725209385,13175.881628993091
2016-04-11,12590.656289322207,13743.648379417535,12308.292359207946,13197.413466146503,12504.539926607913,13741.17038547271,13142.157295462968
2016-04-12,12696.162216746696,13772.09843109754,12380.140983833779,13224.732782266705,12577.534131219501,13769.615307571174,13218.873544404403
2016-04-13,12858.47450034043,13815.866520429261,12490.674245999875,13266.761326955464,12689.829774969896,13813.375505459127,13336.89525046771
2016-04-14,12859.630849330388,13816.178334081134,12491.461709667026,13267.060747702459,12690.6297942374,13813.687262890591,13337.736063483078
2016-04-15,12827.16668372151,13807.424255406437,12469.353893494397,13258.654596270993,12668.169483192838,13804.934762587733,13314.130479689607
2016-04-18,12895.569758209585,13825.86938973929,12515.935795972477,13276.366636353963,12715.494104066085,13823.376571238734,13363.868228258685
2016-04-19,12816.732010693077,13804.610508405016,12462.247971355097,13255.952680482624,12660.950261707509,13802.121522908577,13306.5431431938
2016-04-20,12827.16668372151,13807.424255406437,12469.353893494397,13258.654596270993,12668.169483192838,13804.934762587733,13314.130479689607
2016-04-21,12828.330627778723,13807.738117095432,12470.146529336704,13258.95598365672,12668.974757102491,13805.248567687055,13314.976815286353
2016-04-22,12634.71622386651,13755.529298768726,12338.296793796497,13208.82218326254,12535.02276255665,13753.049162678599,13174.194480380975
2016-04-25,12634.71622386651,13755.529298768726,12338.296793796497,13208.82218326254,12535.02276255665,13753.049162678599,13174.194480380975
2016-04-26,12573.265484069289,13738.958886416713,12296.449371149742,13192.910355109168,12492.508109742454,13736.48173799361,13129.511964744182
2016-04-27,12472.403940272776,13711.761209437005,12227.7635316304,13166.793638573781,12422.727118806255,13709.288964790645,13056.172774317665
2016-04-28,12321.684577464242,13671.119192767856,12125.12494831454,13127.766922080069,12318.452029469228,13668.654275930274,12946.580598410874
2016-04-29,12256.762891930335,13653.612827450945,12080.913841622543,13110.956340026027,12273.536005191985,13651.151067033932,12899.374263082638
2016-05-02,12472.667805080115,13784.842127171734,12258.714604951201,13240.944145982645,12453.698216537792,13782.374734718578,13083.625093317685
2016-05-03,12356.965680296382,13752.873438461173,12144.9972071117,13210.236820722119,12372.829601572337,13750.411768181595,12998.666028421514
2016-05-04,12277.492846740408,13730.91496292197,12066.887631787915,13189.144743511431,12317.283015984001,13728.457223057234,12940.30981727859
2016-05-05,12273.985242663017,13729.945806105883,12063.440196323114,13188.213825954897,12314.831418106123,13727.488239713493,12937.734214082036
2016-05-06,12339.431488126693,13748.028712123503,12127.763792336631,13205.583248947689,12360.574287869573,13745.567909016341,12985.790823465417
2016-05-09,12374.493173085846,13757.716313748988,12162.224037426131,13214.888614482117,12385.080232823495,13755.253776628319,13011.536314080924
2016-05-10,12543.959738321337,13804.540206404272,12328.783613193642,13259.865013568975,12503.526859790487,13802.069288131537,13135.9741404431
2016-05-11,12430.593783129128,13773.217005221151,12217.362310843799,13229.777707341329,12424.291082593085,13770.751693584205,13052.730504579074
2016-05-12,12375.665564626039,13758.04024747333,12163.376318038514,13215.199767007834,12385.899661854983,13755.57765237077,13012.397191002012
2016-05-13,12330.08298154334,13745.445704270966,12118.575647829075,13203.102156807921,12354.040261110737,13742.985363504296,12978.926296310176
2016-05-16,12484.355352417937,13788.071415858794,12270.20166686011,13244.046019161475,12461.86708782965,13785.603445385357,13092.207157775076
2016-05-17,12327.743940788869,13744.799423436445,12116.27673042772,13202.481375768857,12352.405416577712,13742.339198349562,12977.208759008026
2016-05-18,12372.156046440006,13757.070561785855,12159.92700129924,13214.268341447176,12383.446726133785,13754.608140250308,13009.820182292111
2016-05-19,12307.874536081976,13739.309474007026,12096.748160800229,13197.208038963608,12338.517934028556,13736.850231583021,12962.618827776456
2016-05-20,12443.450850844192,13776.769434325473,12229.998831453391,13233.189971039692,12433.27737615146,13774.303486828352,13062.171337687545
2016-05-23,12427.086179051736,13772.247848405063,12213.914875378998,13228.846789784793,12421.839484715207,13769.782710240466,13050.15490138252
2016-05-24,12676.024620788883,13841.029952163855,12458.583085833061,13294.915012080275,12595.832028348877,13838.552502479684,13232.94823613095
2016-05-25,12767.189786954277,13866.219038568584,12548.184426251935,13319.110232480103,12659.550829837366,13863.737080212632,13299.890025514622
2016-05-26,12804.585727396312,13876.551598850125,12584.93888555662,13329.035109043289,12685.688274716022,13874.067791037536,13327.349539648927
2016-05-27,12871.2053214545,13894.95870302778,12650.415702819757,13346.715938563859,12732.251242432618,13892.471600471195,13376.267728710067
2016-05-31,12895.746108290112,13901.739363076385,12674.53552278932,13353.229059432806,12749.403731596218,13899.251046828678,13394.287815249245
2016-06-01,12996.886594718968,14002.043890812949,12775.655931124535,13453.521867557534,12850.216125732335,13999.555521399237,13495.140239450804
2016-06-02,13023.97478037574,14009.339685714891,12802.283026562141,13460.531853729713,12868.963880000301,14006.850019730266,13514.828903866826
2016-06-03,12962.726893814903,13992.843489764848,12742.077690498983,13444.681887131475,12826.574170286105,13990.3567553988,13470.311744247261
2016-06-06,13009.843323555862,14005.533590617573,12788.392112855958,13456.874860302569,12859.183487793,14003.044601032472,13504.557654453467
2016-06-07,12976.862208526349,13996.650623927166,12755.9723964284,13448.339878918823,12836.357232543149,13994.163212976935,13480.585797714513
2016-06-08,12999.24569541385,14002.679279060836,12777.974875632131,13454.13236482226,12851.848861149962,14000.190796729214,13496.854918406923
2016-06-09,12978.043687819574,13996.968837583609,12757.133764793816,13448.64562673129,12837.174935276833,13994.481370082096,13481.44453921952
2016-06-10,12830.817865263116,13957.31577926322,12612.41399368168,13410.54595503731,12735.279829485666,13954.835358698027,13374.435533507016
2016-06-13,12723.639850619003,13928.448994948145,12507.060343906003,13382.8100110307,12661.101842560438,13925.973704438476,13296.53471025362
2016-06-14,12723.639850619003,13928.448994948145,12507.060343906003,13382.8100110307,12661.101842560438,13925.973704438476,13296.53471025362
2016-06-15,12687.128764803194,13918.615283782157,12471.170743219323,13373.361530060323,12635.832491796069,13916.141740868748,13269.997144201745
2016-06-16,12724.816507547766,13928.765909773338,12508.216971992377,13383.114510892912,12661.916207731945,13926.290562943206,13297.389946691259
2016-06-17,12575.666561570912,13888.594617783881,12361.605829542277,13344.516907047202,12558.689414631635,13886.126409987877,13188.982419099173
2016-06-20,12654.789024247146,13909.905061648107,12439.381483904419,13364.992526060487,12613.450132315931,13907.433066670299,13246.491461422653
2016-06-21,12694.935208394518,13920.717831810938,12478.844306933344,13375.381711933056,12641.235337450305,13918.243915243573,13275.671147256053
2016-06-22,12664.23603622849,13912.449472068405,12448.667690548702,13367.43726060996,12619.988416623226,13909.977024911144,13253.35788839534
2016-06-23,12844.915565531755,13961.11278254178,12626.271725434564,13414.19421281267,12745.036858757718,13958.631687192814,13384.682247448802
2016-06-24,12315.862640645628,13818.620343913783,12106.224244182658,13277.283836651106,12378.878919787978,13816.164571583617,13000.147615695285
2016-06-27,12071.41312816782,13752.7815487462,11865.935707294404,13214.02423986681,12209.695222920038,13750.337476945997,12822.472946789121
2016-06-28,12335.939108374438,13824.027638177075,12125.958973892451,13282.479303152568,12392.77385864869,13821.570904890554,13014.739912159142
2016-06-29,12554.41054349466,13882.869629396646,12340.711627578687,13339.016191913375,12543.97810806211,13880.402439015952,13173.532783157254
2016-06-30,12699.665947931884,13921.991985267963,12483.49452067405,13376.605951133177,12644.509485947221,13919.51784226464,13279.10961834345
2016-07-01,12863.404975630834,14037.25027678519,12646.148083617936,13491.26568479339,12788.608532879884,14034.77341842496,13425.422957371486
2016-07-05,12784.850600943157,13977.236104612628,12568.920455567793,13433.585787168176,12733.940056055751,13974.769835685714,13368.03224398425
2016-07-06,12889.588471157185,14057.25401069365,12671.889352154554,13510.4913656983,12806.83045653529,14054.773622697026,13444.552248301536
2016-07-07,12927.6744392202,14086.35102602577,12709.332066035155,13538.456641312372,12833.335687729044,14083.865503893452,13472.377317062765
2016-07-08,13127.621397428824,14239.107014766323,12905.902013662977,13685.271126511947,12972.485107406095,14236.594539011261,13618.45573238749
2016-07-11,13202.602600287611,14296.391345982302,12979.616819084744,13740.327361405365,13024.666900807528,14293.868762471298,13673.235937052195
2016-07-12,13269.25158635715,14347.310008895818,13045.140134960682,13789.265523138554,13071.050040699876,14344.778440843897,13721.928742160435
2016-07-13,13237.115396521735,14322.758520357836,13013.546710336966,13765.668974287633,13048.685448578579,14320.231284388508,13698.45049709089
2016-07-14,13327.571271718922,14391.865231342263,13102.474828121021,13832.08775289439,13111.636556476582,14389.325801571355,13764.536278160034
2016-07-15,13306.150709261552,14375.500295226855,13081.416048942143,13816.35933732838,13096.72930876547,14372.963753030555,13748.886718660999
2016-07-18,13394.223173869932,14442.786122091164,13168.00101082718,13881.028055810439,13158.021725762366,14440.23770738624,13813.23121371609
2016-07-19,13345.423522483183,14405.504039560059,13120.025562721885,13845.196074366697,13124.060503087383,14402.962203236748,13777.578879682893
2016-07-20,13501.33667845551,14524.618971397944,13273.305418432372,13959.677984644295,13232.565405427182,14522.05611737862,13891.486822853254
2016-07-21,13470.394137968806,14500.97941014361,13242.885482978307,13936.957893310959,13211.031511685394,14498.42072729833,13868.880641089276
2016-07-22,13526.329440714613,14543.713005858142,13297.876064629554,13978.029349214477,13249.958660096514,14541.146782717868,13909.74618092555
2016-07-25,13527.52211803617,14544.624190529992,13299.048598189132,13978.905093004443,13250.788682011544,14542.057806612207,13910.617534081844
2016-07-26,13542.993874293103,14556.444342463059,13314.259043721204,13990.265495534924,13261.555967114678,14553.875872892731,13921.92098003847
2016-07-27,13637.017089156237,14628.2764387333,13406.694250473196,14059.303654507752,13326.98969964851,14625.695294470217,13990.613008934517
2016-07-28,13684.62406322143,14664.647336592556,13453.49716501891,14094.259892161532,13360.120900408463,14662.05977472537,14025.393989811419
2016-07-29,13714.380730576671,14687.380911457598,13482.751256183905,14116.109235798238,13380.829507486567,14684.789338276649,14047.133789464
2016-08-01,13886.948531843951,14840.797668541678,13654.092914703953,14267.448619052335,13531.315755556494,14838.196671357167,14200.132973020422
2016-08-02,13781.455118865713,14812.608928839469,13550.368409684648,14240.348905076058,13459.361287227017,14810.012872018684,14124.621979637172
2016-08-03,13827.010516761402,14824.781719699662,13595.159937082311,14252.05142012601,13490.433506264979,14822.183529473303,14157.230018868799
2016-08-04,13866.571036165926,14835.352627896636,13634.057107793695,14262.21393862218,13517.416765790176,14832.752585010954,14185.546991793064
2016-08-05,13999.636190641733,14870.90877208667,13764.89103281011,14296.396429497203,13608.177242422604,14868.302497624589,14280.793526296944
2016-08-08,13984.051268900379,14866.744348073418,13749.5674382107,14292.392891175616,13597.547149735328,14864.13880346906,14269.638015357767
2016-08-09,14016.417542485362,14875.392892427613,13781.390995835234,14300.707313203195,13619.623390723895,14872.785832077774,14292.805428388761
2016-08-10,13980.454145990609,14865.783166152029,13746.030631667278,14291.46884294132,13595.093640467014,14863.177790004593,14267.063235411133
2016-08-11,14040.393140148528,14881.799376611336,13804.964571947205,14306.86629337778,13635.976557561813,14879.191193459894,14309.966890373846
2016-08-12,14049.989057850942,14884.363487665103,13814.399585810053,14309.331344206392,13642.521697556032,14881.754855127085,14316.835539872205
2016-08-15,14109.924135707382,14900.378651655252,13873.32967545684,14324.727788602315,13683.401943437695,14897.767212296634,14359.736391590557
2016-08-16,14032.006380528197,14879.558362910022,13796.718441067791,14304.71185756532,13630.256154624309,14876.950572519056,14303.963742572301
2016-08-17,14057.180366444372,14886.285066656013,13821.470310922043,14311.17868614458,13647.426712682809,14883.676097341708,14321.982997332203
2016-08-18,14060.777489354146,14887.246248577405,13825.00711746547,14312.102734378876,13649.880221951127,14884.637110806176,14324.55777727884
2016-08-19,14057.180366444372,14886.285066656013,13821.470310922043,14311.17868614458,13647.426712682809,14883.676097341708,14321.982997332203
2016-08-22,14067.964881646096,14889.166781099157,13832.073991944315,14313.949070276523,13654.782565864763,14886.557306735045,14329.702431494476
2016-08-23,14093.140825713015,14895.89400807973,13856.827787115142,14320.416401876051,13671.954459529836,14893.283354700574,14347.72308787656
2016-08-24,14002.030029921647,14871.548426359343,13767.244732319823,14297.011371776149,13609.810021453915,14868.942039791336,14282.50700941331
2016-08-25,13979.256736812966,14865.463208207048,13744.853300583278,14291.161246046779,13594.276917049716,14862.857888135499,14266.206143447404
2016-08-26,13999.636190641733,14870.90877208667,13764.89103281011,14296.396429497203,13608.177242422604,14868.302497624589,14280.793526296944
2016-08-29,14018.819214368232,14876.034639638601,13783.752396611233,14301.32426756322,13621.261512181482,14873.427466816025,14294.524517993848
2016-08-30,13973.262837397175,14863.861587161116,13738.959906555285,14289.621501003134,13590.188625340235,14861.256547789968,14261.915777951132
2016-08-31,13958.87532483346,14860.017121092846,13724.813643039872,14285.925559576086,13580.375256070256,14857.412755503532,14251.617358975682
2016-09-01,14094.80970940088,14967.605349451856,13860.144978863415,14393.219817703495,13704.891304962523,14964.999650266986,14377.346211563947
2016-09-02,14140.688553214659,15001.713821915868,13905.25998501334,14426.019369818627,13736.118094675097,14999.102184815612,14410.105196989323
2016-09-06,14228.829338847485,15067.241793194224,13991.933313182293,14489.032690371492,13796.109880632674,15064.618748384366,14473.040582275988
2016-09-07,14237.278966217405,15073.523640305451,14000.242262560045,14495.07347017837,13801.861000650017,15070.899501894095,14479.073890808882
2016-09-08,14153.971892029012,15011.58927557853,13918.322169290115,14435.515850712367,13745.159212396378,15008.975919268822,14419.589932576513
2016-09-09,13797.796777849217,14746.792082264807,13568.077020744222,14180.88030961042,13502.733630869323,14744.22482427656,14165.269326293204
2016-09-12,14045.308047176892,14930.80350479895,13811.467470669631,14357.830252166674,13671.198694857405,14928.204212416373,14342.000416061566
2016-09-13,13919.743961515689,14837.453306707046,13687.993903641483,14268.06238904985,13585.735266129577,14834.87026558222,14252.343578395343
2016-09-14,13986.147836687254,14886.821044852022,13753.292219547257,14315.535629072569,13630.932129731875,14884.229409339036,14299.758103219972
2016-09-15,14203.47552639149,15048.392586411177,13967.001616788222,14470.906826163951,13778.853164809821,15045.772823043932,14454.937136249866
2016-09-16,14196.699258532222,15043.354792812352,13960.338167129697,14466.06235903443,13774.24099340602,15040.73590647037,14450.098660787378
2016-09-19,14134.964421240988,14997.45823521022,13899.63115421186,14421.927092215767,13732.22204476254,14994.847338961488,14406.017980740815
2016-09-20,14161.5932212322,15017.255327197468,13925.816610851633,14440.96446631831,13750.346562917333,15014.640984489582,14425.031809300839
2016-09-21,14300.78971422088,15120.740492766643,14062.695619021972,14540.478365242125,13845.088697939922,15118.108134413013,14524.422628816437
2016-09-22,14414.564355975592,15205.325868351625,14174.576024799055,14621.817757899036,13922.527807502458,15202.678784600848,14605.661420407356
2016-09-23,14322.577900282935,15136.938846573352,14084.121053197583,14556.055103556133,13859.91852031164,15134.303668261884,14539.980101723762
2016-09-26,14202.74879335711,15047.852299175682,13966.286983144695,14470.38727257337,13778.358524192157,15045.232629866588,14454.418225246396
2016-09-27,14343.153221172275,15152.23549983778,14104.353815213708,14570.764744290209,13873.922823063647,15149.597658544764,14554.671549482824
2016-09-28,14367.359249025794,15170.23139001008,14128.156836490996,14588.070038105034,13890.398315441496,15167.590415827626,14571.955440002785
2016-09-29,14263.26977940638,15092.846423145658,14025.800354250881,14513.654736854722,13819.551282061755,15090.218920847232,14497.63217605921
2016-09-30,14369.783007232732,15172.033324914897,14130.540241505641,14589.802823350139,13892.048012372601,15169.392037035106,14573.686082128335
2016-10-03,14449.178681409943,15254.681298736225,14209.05952138126,14673.116972894968,13978.038967569108,15254.09522313199,14658.990689824834
2016-10-04,14427.237705525295,15248.889486709108,14193.954744195686,14667.54596626214,13963.181074327924,15237.880954169501,14643.408983126195
2016-10-05,14478.429675146004,15262.402753707796,14229.196717883486,14680.544057313507,13997.847026445517,15275.711557899871,14679.76371320516
2016-10-06,14471.114692598954,15260.471800220726,14224.160880732466,14678.686718947936,13992.893498839607,15270.305823209794,14674.568870771851
2016-10-07,14439.425040367498,15252.10660671729,14202.34484399094,14670.640437702215,13971.43403996318,15246.887332286242,14652.063998196976
2016-10-10,14530.834023440524,15276.236055212757,14265.273326722829,14693.849981966661,14033.33397180416,15314.438103269524,14716.979431829135
2016-10-11,14323.63642291443,15221.541607662843,14122.632743834183,14641.24068997776,13893.024814881002,15161.3201361848,14569.835008671635
2016-10-12,14311.450081011353,15218.324749763182,14114.243327605804,14638.146470653657,13884.772521639883,15152.314491844998,14561.180698751177
2016-10-13,14260.25612551239,15204.810958547447,14078.999986784256,14625.147875370347,13850.105224734016,15114.482420560755,14524.824558371562
2016-10-14,14277.320777345378,15209.31555561936,14090.747767058107,14629.480740464784,13861.660990369306,15127.093110988837,14536.943271831435
2016-10-17,14238.320114323376,15199.020457062945,14063.89862743305,14619.57812931738,13835.250693463517,15098.27182048295,14509.246377424544
2016-10-18,14365.07673737095,15232.480706859644,14151.161407265408,14651.76275006832,13921.087184180946,15191.944316623292,14599.264457423393
2016-10-19,14363.856415184126,15232.158575485188,14150.321303578887,14651.452899538755,13920.2608117868,15191.04250476852,14598.397827675799
2016-10-20,14346.794742168518,15227.654764738845,14138.575574005656,14647.120790792234,13908.70706333392,15178.43401567125,14586.281229666896
2016-10-21,14400.422391467242,15241.81098394383,14175.494337232136,14660.737322322868,13945.02239826912,15218.064574226482,14624.365693489439
2016-10-24,14573.496645962123,15287.49781000106,14294.643460974323,14704.682396818725,14062.22405828652,15345.965563116664,14747.276920629138
2016-10-25,14527.18100039307,15275.271757957576,14262.758484198243,14692.92244730575,14030.86023377482,15311.738537920697,14714.385183788938
2016-10-26,14428.455048894739,15249.210831757995,14194.792797181592,14667.855060443788,13964.005429539659,15238.780564693468,14644.273497422822
2016-10-27,14362.641057692937,15231.837754653348,14149.484617726728,14651.144309589054,13919.43780136334,15190.144361798433,14597.534723679819
2016-10-28,14272.443460354592,15208.028078555632,14087.390086579508,14628.24234681042,13858.358190369276,15123.488798677496,14533.479573442346
2016-10-31,14259.041760960326,15204.490399824128,14078.16398449897,14624.839537536616,13849.282886704692,15113.585011367602,14523.962159525909
2016-11-01,14251.754485481928,15274.090144082198,14104.285927088353,14695.597451730431,13876.6117482542,15134.281647898468,14547.75181465825
2016-11-02,14137.602808015865,15188.44027570626,14025.206354169375,14613.191495006762,13798.808690154368,15049.427126593306,14466.185829986924
2016-11-03,13998.901275232398,15084.3702498411,13929.119654269718,14513.063027674703,13704.273036774279,14946.323497896014,14367.077982007475
2016-11-04,13949.801564597585,15047.52993486265,13895.105400308355,14477.61800645791,13670.807846213755,14909.82528311176,14331.994255391224
2016-11-07,14281.211112012015,15296.191932168942,14124.692262740544,14716.862154492115,13896.688681648602,15156.178198163521,14568.799764205345
2016-11-08,14374.494762488586,15366.184178996155,14189.31532745375,14784.203507986316,13960.268590756383,15225.520495031134,14635.45470063516
2016-11-09,14440.777671924849,15415.917328738764,14235.233392666632,14832.053059458278,14005.445439387699,15274.791821355706,14682.816516905064
2016-11-10,14207.563545966545,15240.932960263966,14073.67226725139,14663.69606639717,13846.492258896511,15101.432362615578,14516.175603295127
2016-11-11,14213.70325969099,15245.539687769317,14077.925607631063,14668.128318245796,13850.676941191357,15105.9963119206,14520.562676763087
2016-11-14,14070.089955927964,15137.784279899875,13978.436235427664,14564.454049434833,13752.793541975387,14999.241523779288,14417.945170009269
2016-11-15,14265.251856141957,15284.217441780442,14113.636348659176,14705.341187146183,13885.811233859387,15144.314903227332,14557.396231216966
2016-11-16,14349.946907077932,15347.765522069636,14172.30958592596,14766.482441108164,13943.537358564816,15207.272874267444,14617.914266341197
2016-11-17,14454.279042398379,15426.04762756242,14244.586585143239,14841.79968233452,14014.647651170279,15284.828049941443,14692.4637914921
2016-11-18,14400.272560550884,15385.525681986452,14207.173122510365,14802.81246896444,13977.838122495614,15244.682392284267,14653.873978636879
2016-11-21,14550.018578364728,15497.882565391774,14310.910986008315,14910.91393656817,14079.901433195997,15355.995926531068,14760.8735573091
2016-11-22,14594.206518019984,15531.037498365946,14341.52256766594,14942.813156306063,14110.018877920644,15388.842981871301,14792.447625150982
2016-11-23,14535.290265099684,15486.831671348402,14300.707818182218,14900.281585187327,14069.862966498797,15345.047651398541,14750.349582535551
2016-11-25,14581.935090198094,15521.830045606068,14333.021428718162,14933.954427529792,14101.65496568573,15379.721029775006,14783.679194271699
2016-11-28,14548.791635573214,15496.961970172055,14310.061010658828,14910.028208063566,14079.065178281377,15355.083879984282,14759.996857122587
2016-11-29,14599.116289092792,15534.72137980752,14344.923854516786,14946.357514054718,14113.365260667828,15392.492654686885,14795.955854911192
2016-11-30,14422.367530331887,15402.103898754889,14222.479606065626,14818.762800698507,13992.897526402285,15261.106663268602,14669.661727064899
2016-12-01,14273.168157314327,15315.122174559281,14149.839447846134,14738.862045665683,13923.043813724113,15175.860635883857,14591.5940950455
2016-12-02,14301.593936824669,15336.472831372736,14169.565598580552,14759.40934516579,13942.453791384276,15197.01715045412,14611.936090636722
2016-12-05,14412.84398702959,15420.032954729795,14246.767888099306,14839.825366831294,14018.418673486593,15279.817458788551,14691.54861383836
2016-12-06,14447.453793462597,15446.028445874104,14270.785461947653,14864.842730318582,14042.051290824065,15305.576572054293,14716.31600956157
2016-12-07,14630.397671506496,15583.43793907082,14397.739887697697,14997.081941296474,14166.970876040854,15441.736596090503,14847.233916641522
2016-12-08,14656.350243050372,15602.930964697727,14415.749748712553,15015.841506363668,14184.69207287583,15461.052370977312,14865.806040432686
2016-12-09,14771.311112211495,15689.278291199098,14495.527171625681,15098.939857583438,14263.190813830272,15546.614538323767,14948.074091966253
2016-12-12,14704.562693298942,15639.143427368046,14449.206916018478,15050.691409231975,14217.612984751828,15496.935552502055,14900.307731056213
2016-12-13,14889.976758289804,15778.408282657838,14577.875535042982,15184.71617092808,14344.219287950775,15634.934067761193,15032.993348040702
2016-12-14,14859.072735780494,15755.196212835392,14556.429600513846,15162.377497470567,14323.117091393713,15611.933066073268,15010.87787749022
2016-12-15,14882.560155409912,15772.837658191667,14572.728762329401,15179.355151344043,14339.155008318243,15629.414097171355,15027.685894536051
2016-12-16,14827.390297245904,15731.399473262452,14534.443481964665,15139.476153525815,14301.483368949896,15588.352711056632,14988.205358527097
2016-12-19,14888.138971425475,15777.027917464253,14576.600197608865,15183.387744486688,14342.964391775708,15633.566254274914,15031.678194931947
2016-12-20,14945.169777603334,15819.863863970313,14616.176888153463,15224.611910558993,14381.906742448999,15676.012692073278,15072.490458581984
2016-12-21,14934.009124552706,15811.481076331675,14608.43192114944,15216.544540559004,14374.285912691043,15667.706129405635,15064.50369589467
2016-12-22,14891.85583242068,15779.819658795503,14579.17952389343,15186.074441470351,14345.502376313885,15636.332610207988,15034.338047054916
2016-12-23,14901.77786747507,15787.272118111887,14586.064948407606,15193.246488444085,14352.277440430562,15643.71730406022,15041.43843257852
2016-12-27,14978.64267369671,15845.005419605826,14639.405499830238,15248.807469414867,14404.763043193787,15700.925634694631,15096.444260957365
2016-12-28,14862.103825348517,15757.472869949197,14558.53303376135,15164.568491217742,14325.186810564646,15614.189021467078,15013.046979329869
2016-12-29,14841.026172276002,15741.641404816623,14543.906136318314,15149.33271376852,14310.794354761725,15598.501512381416,14997.963434278154
2016-12-30,14688.539205854966,15627.108155608952,14438.087371223026,15039.10898647281,14206.671665333926,15485.009717875371,14888.841037211538
2017-01-03,14919.92054221379,15825.795484946058,14629.267481361538,15234.08381546467,14396.390666415824,15682.799870819596,15082.867109169802
2017-01-04,15001.049839316875,15886.034134938276,14684.951710795853,15292.070195736538,14451.18848203421,15742.494227521267,15140.277903685683
2017-01-05,15085.923097609608,15949.052682892649,14743.205660433869,15352.732536050193,14508.51511156173,15804.94336409547,15200.338096066573
2017-01-06,15218.22290570277,16047.285529944631,14834.01148682498,15447.292544036427,14597.87543821444,15902.288616894119,15293.9594803031
2017-01-09,15268.147457228435,16084.35459984612,14868.277902051384,15482.975634276827,14631.596380796476,15939.022744926282,15329.288372223557
2017-01-10,15301.844121734679,16109.374434253383,14891.406079720084,15507.059999256224,14654.356390737415,15963.816509725406,15353.133670419355
2017-01-11,15343.029722419627,16139.954817332848,14919.674393631602,15536.497008922513,14682.17471325534,15994.12058021595,15382.27848175591
2017-01-12,15319.319995817317,16122.350302401665,14903.400890679022,15519.550711197826,14666.160261348221,15976.675132915952,15365.500396765683
2017-01-13,15371.742549068218,16161.274143107039,14939.381844378728,15557.01922400605,14701.568449387098,16015.247272755838,15402.59698875096
2017-01-17,15325.558917333996,16126.982712924026,14907.683061849762,15524.009919997487,14670.374266438073,15981.265686757153,15369.915342463286
2017-01-18,15356.759607713811,16150.14928202319,14929.098092716002,15546.310311615696,14691.448400439593,16004.222931641263,15391.994375415748
2017-01-19,15349.276754331519,16144.59324983834,14923.962131485703,15540.962014548695,14686.394196414858,15998.717101627954,15386.69916673944
2017-01-20,15382.976460235968,16169.615342489276,14947.09239666066,15565.048553338038,14709.156260631924,16023.51310426613,15410.54661716746
2017-01-23,15395.454303269333,16178.880163534006,14955.656739002148,15573.966970937367,14717.584270811632,16032.694211948536,15419.37650856267
2017-01-24,15499.048381309713,16255.798954047033,15026.75998549407,15648.00983606327,14787.555654643544,16108.917993831743,15492.68440767933
2017-01-25,15655.057916005186,16371.636316030195,15133.839314837769,15759.516141774195,14892.930433203375,16223.70869393038,15603.083876906085
2017-01-26,15671.287830623407,16383.687057020205,15144.978944066308,15771.116316241827,14903.892735361886,16235.650549056118,15614.568905452223
2017-01-27,15701.241547739406,16405.92774621321,15165.53809736673,15792.525445782754,14924.124616152396,16257.690279929066,15635.765523193757
2017-01-30,15578.925636151977,16315.107960393638,15081.58485818548,15705.101331241283,14841.507793257384,16167.691106790506,15549.209199930583
2017-01-31,15547.721904373957,16291.9391330508,15060.167739812983,15682.798765813131,14820.431604979742,16144.731624067343,15527.128014745897
2017-02-01,15755.027925002485,16471.60818700223,15232.493087395258,15859.489849803726,14992.906741976734,16323.681008853699,15703.05805441051
2017-02-02,15741.213424279227,16461.498195257438,15219.13676154331,15849.755566324333,14983.704353094312,16313.661812401468,15693.419786219223
2017-02-03,15786.43193772493,16494.590871337878,15262.855547492962,15881.618449914196,15013.82620503441,16346.457291482922,15724.968386384506
2017-02-06,15805.276385905032,16508.38197529108,15281.074996420986,15894.897047836235,15026.37924215836,16360.124541000849,15738.116009242196
2017-02-07,15863.052423346442,16550.66473840216,15336.934820670916,15935.608495758774,15064.866160742833,16402.02757325321,15778.425894850498
2017-02-08,15889.430569705313,16569.96929723302,15362.438103431345,15954.195657138112,15082.437694137672,16421.15876269752,15796.829719504676
2017-02-09,15947.210688239993,16612.255047047718,15418.301873420078,15994.909980772161,15120.927331300838,16463.064754830666,15837.14245245956
2017-02-10,15999.965960684418,16650.863418033532,15469.307452506237,16032.083584602962,15156.06971844584,16501.326393749096,15873.949389931277
2017-02-13,16090.407068669096,16717.051756898032,15556.748970144343,16095.812227494207,15216.316140904728,16566.920311792786,15937.049437608432
2017-02-14,16144.415236747802,16756.577045894377,15608.965891043368,16133.868674760215,15252.29313170908,16606.09063411176,15974.73051048184
2017-02-15,16239.87302863619,16826.436790180524,15701.257708106437,16201.132286031676,15315.881367028742,16675.3229856086,16041.330658948995
2017-02-16,16234.85532445916,16822.764638082972,15696.406422246773,16197.59659872358,15312.538874523296,16671.683812185256,16037.829846322347
2017-02-17,16305.196027809501,16874.242714956024,15764.414189839885,16247.161643473937,15359.395617264858,16722.699577399893,16086.906000230185
2017-02-21,16385.58744361367,16933.07629616275,15842.139325672846,16303.808846758679,15412.947539687419,16781.004789014158,16142.994456941004
2017-02-22,16391.86620561152,16937.671339678072,15848.209844822983,16308.233128925014,15417.130073009605,16785.558565599607,16147.37509966251
2017-02-23,16330.313116347548,16892.62438236912,15788.698239309842,16264.86020999504,15376.127109842953,16740.916163682097,16104.429994789505
2017-02-24,16361.719169616628,16915.608560056575,15819.062672276948,16286.990247961268,15397.047932189977,16763.69392625171,16126.341750436794
2017-02-27,16381.814472884376,16930.315088668496,15838.491490148437,16301.150251462757,15410.434213683933,16778.26837922979,16140.36208502288
2017-02-28,16331.57519444169,16893.54802046279,15789.918459035018,16265.749523781156,15376.96783030437,16741.831506814404,16105.310536721012
2017-03-01,16609.908364586652,17121.740675953733,16058.781954687302,16489.178553046233,15595.758368717376,16968.87296368488,16327.522182748547
2017-03-02,16526.503044507434,17100.243876596425,16038.617984679579,16468.475953192836,15540.939290269758,16947.568094031943,16307.022547006414
2017-03-03,16556.831598612738,17108.06072619043,16045.950179493724,16476.00400918708,15560.873071293827,16955.31515250929,16314.476799458822
2017-03-06,16520.183184365073,17098.615002499213,16037.09010288208,16466.907257868217,15536.785491584098,16945.953762998506,16305.4692308542
2017-03-07,16492.379700253307,17091.448961786016,16030.368365956818,16460.005966613062,15518.511341024008,16938.85170279016,16298.635598465858
2017-03-08,16521.44674581306,17098.940671496075,16037.395579980135,16467.220895020175,15537.615981462619,16946.276524327426,16305.779793170812
2017-03-09,16534.083386744132,17102.19762602113,16040.450599114292,16470.357521322174,15545.921554894348,16949.50439981105,16308.885668621504
2017-03-10,16603.586451541858,17120.111272743612,16057.253576582576,16487.609348156784,15591.603220738656,16967.258108262602,16325.968362027175
2017-03-13,16631.39198855606,17127.27784256972,16063.975809815067,16494.51114897677,15609.878720591807,16974.36069285978,16332.802498984676
2017-03-14,16590.950837062002,17116.854582775013,16054.198805602033,16484.4729766372,15583.298321953458,16964.030494973398,16322.862738861062
2017-03-15,16693.31060531222,17143.236681641676,16078.945180234183,16509.88038855239,15650.575423225404,16990.177046754558,16348.021061636944
2017-03-16,16681.936499377916,17140.305131557026,16076.195390044468,16507.057144619932,15643.099665025664,16987.27167040544,16345.225496218285
2017-03-17,16676.110362270876,17138.80350911497,16074.786870134998,16505.610999636574,15639.27037132097,16985.783454887198,16343.793528948516
2017-03-20,16691.309025439296,17142.720796553233,16078.461280688118,16509.383562844574,15649.259862491761,16989.665767638886,16347.529106708113
2017-03-21,16438.04347863628,17077.444401251676,16017.23210627964,16446.518804731608,15482.798252308061,16924.972179063327,16285.280661997836
2017-03-22,16549.48015499741,17106.165972855328,16044.172903314793,16474.179257536125,15556.041252845445,16953.437316085467,16312.669937304825
2017-03-23,16507.69024660436,17095.395085877943,16034.069825253795,16463.806301104214,15528.574368666577,16942.76259473344,16302.398675244553
2017-03-24,16541.882363090026,17104.20772597088,16042.336070268651,16472.293358105748,15551.047519229844,16951.49655300125,16310.802526851896
2017-03-27,16568.474634765866,17111.06159006645,16048.764985930142,16478.89400611207,15568.525586884445,16958.289223796004,16317.338463437149
2017-03-28,16669.77613181148,17137.170931227378,16073.255514186912,16504.038737358154,15635.10712758389,16984.165453131904,16342.236680812197
2017-03-29,16747.027876845466,17157.081714633285,16091.931803282501,16523.21391663804,15685.881700083717,17003.898467247163,16361.223870503894
2017-03-30,16774.8837099693,17164.26124772572,16098.666196042046,16530.128201796324,15704.190257616843,17011.01389937084,16368.070369405763
2017-03-31,16763.485995657007,17161.32361284259,16095.910698319223,16527.29909786834,15696.698982546912,17008.102492550097,16365.269001441788
2017-04-03,16853.32903694852,17258.712504430398,16191.276869249697,16624.784734033605,15790.030410586212,17105.51476385303,16460.558086811267
2017-04-04,16880.07998901999,17265.561107110185,16209.269360536451,16631.381781371383,15807.574664086582,17112.302574575395,16478.84981574677
2017-04-05,16811.289761398053,17247.949885798287,16163.001565364353,16614.417436073094,15762.45951496879,17094.84768013281,16431.812529234125
2017-04-06,16820.206057037733,17250.23257712264,16168.998599457884,16616.616282090064,15768.307148001395,17097.11010903572,16437.90930151027
2017-04-07,16811.289761398053,17247.949885798287,16163.001565364353,16614.417436073094,15762.45951496879,17094.84768013281,16431.812529234125
2017-04-10,16817.65972408493,17249.580681719526,16167.285954863251,16615.988331391993,15766.637169650681,17096.464000214113,16436.16817349255
2017-04-11,16745.041736424046,17230.989502476026,16118.443636774567,16598.080022899154,15719.011635396599,17078.03784648455,16386.513546525057
2017-04-12,16677.532935888248,17213.70634369262,16073.037719924421,16581.431690097335,15674.736893064382,17060.90810250734,16340.352472449547
2017-04-13,16611.29110637155,17196.747546490566,16028.483958353116,16565.095804783978,15631.293076699858,17044.099840900006,16295.05772606169
2017-04-17,16748.86639873434,17231.96866734753,16121.016076181915,16599.023222163414,15721.519988929058,17079.008319751065,16389.128768819304
2017-04-18,16723.390678291704,17225.44654107603,16103.881296198637,16592.74065946153,15704.812079006599,17072.544087453145,16371.709015999731
2017-04-19,16750.137500058303,17232.29408634235,16121.87100947307,16599.336688225587,15722.353623701856,17079.330850148224,16389.997920721093
2017-04-20,16890.271516288503,17268.170274842825,16216.124105933457,16633.895112024253,15814.258640697099,17114.88858190275,16485.81856413884
2017-04-21,16886.450984283085,17267.192167384794,16213.55444453843,16632.952931333715,15811.752995969753,17113.919156663516,16483.206166058735
2017-04-24,17090.267073586354,17319.371821090444,16350.639629435456,16683.21597938308,15945.423047362197,17165.63563511509,16622.57124915067
2017-04-25,17213.831339251425,17351.005931110103,16433.748034975302,16713.688140062535,16026.461015454808,17196.988943406388,16707.06185148964
2017-04-26,17189.6236224041,17344.808430773326,16417.46610477394,16707.71827949254,16010.584708701319,17190.846455485163,16690.50913241125
2017-04-27,17292.808963837004,17371.225262741173,16486.867797532086,16733.16479743998,16078.257432378006,17217.02879714904,16761.065062180212
2017-04-28,17323.38561079499,17379.053294645826,16507.433422729267,16740.705298685447,16098.310716612114,17224.787343144744,16781.972719463498
2017-05-01,17577.49343468669,17518.486187954164,16709.6190598964,16878.690061824942,16299.384091450636,17363.870275021683,16987.350981361735
2017-05-02,17606.961413240013,17525.82846368476,16737.632081088574,16885.764188722038,16318.511804892776,17371.14774873958,17007.286041852116
2017-05-03,17550.58427693811,17511.781470984497,16684.038519822683,16872.23020926794,16281.917312809786,17357.224733050367,16969.14696080116
2017-05-04,17556.98963680972,17513.377437882802,16690.127620284813,16873.767889515377,16286.075042458473,17358.806614143265,16973.4801808852
2017-05-05,17621.04946642067,17529.338659362846,16751.02454815557,16889.146187787657,16327.656383429432,17374.626963867042,17016.816596920224
2017-05-08,17659.485779580227,17538.91549575067,16787.563099761323,16898.373266470888,16352.60545764428,17384.119276287634,17042.81872755421
2017-05-09,17720.988865351374,17554.239675968776,16846.029520930108,16913.13778900238,16392.52721197531,17399.30820719645,17084.4255087243
2017-05-10,17731.23453339504,17556.792498507475,16855.769317486425,16915.597379359257,16399.177691987297,17401.83849884082,17091.35669376793
2017-05-11,17717.142326284502,17553.2812678314,16842.372901586445,16912.214383095034,16390.030417127913,17398.358257850134,17081.82332857007
2017-05-12,17756.851818951614,17563.17533110271,16880.12177050195,16921.747103150403,16415.805914259312,17408.164997349177,17108.68676397433
2017-05-15,17813.228955253515,17577.222323802976,16933.715331767842,16935.281082604502,16452.4004063423,17422.08801303839,17146.825845025287
2017-05-16,17887.530298978254,17595.73533282373,17004.34810736193,16953.117974035056,16500.62953100252,17440.437628543317,17197.090635974186
2017-05-17,17432.720670584575,17482.41443805808,16571.994332719947,16843.93569607676,16205.411851686684,17328.116889905243,16889.412339099144
2017-05-18,17585.178204960674,17520.400934232937,16716.924400917756,16880.534879242427,16304.37228849997,17365.76812198787,16992.54972141068
2017-05-19,17659.485779580227,17538.91549575067,16787.563099761323,16898.373266470888,16352.60545764428,17384.119276287634,17042.81872755421
2017-05-22,17808.100928819335,17575.94461878614,16928.84049744845,16934.05004092781,16449.071795932898,17420.82158488717,17143.356739841274
2017-05-23,17826.033444101926,17580.412705102604,16945.88760944262,16938.354947301472,16460.711821155583,17425.25023642934,17155.48806999873
2017-05-24,17908.03409685522,17600.844082895088,17023.839546973515,16958.04014634462,16513.938579994683,17445.501289421736,17210.961436450718
2017-05-25,18060.489554266383,17638.830061570952,17168.76764075483,16994.638830910983,16612.8976686466,17483.15200857275,17314.097413697375
2017-05-26,18092.518430589385,17646.810413561478,17199.215117481963,17002.32773074747,16633.6876650514,17491.061926968836,17335.764919182446
2017-05-30,18107.890048102294,17650.640423618013,17213.827773941175,17006.01786418174,16643.665407311426,17494.858133832815,17346.16380434521
2017-05-31,18101.486765195623,17649.0449742187,17207.74064789554,17004.480682533605,16639.509025824103,17493.27676567153,17341.831989326052
2017-06-01,18271.917809745606,17766.575299603475,17374.692736392743,17121.371053059152,16785.231669275603,17608.326062940687,17489.483618255592
2017-06-02,18480.610724674363,17817.305658292447,17573.13798504723,17170.259106381513,16919.4306777636,17749.124452605116,17629.313173559585
2017-06-05,18476.747201281807,17816.366489238364,17569.464176280984,17169.354043851275,16916.946257012045,17746.517857779945,17626.72451472528
2017-06-06,18403.319372912996,17798.51720062129,17499.641951296577,17152.15296354692,16869.72883343116,17696.978466399967,17577.526004122974
2017-06-07,18475.458664020614,17816.053263667352,17568.238911411376,17169.052193266867,16916.11766911815,17745.6485231815,17625.86116202216
2017-06-08,18494.77836937442,17820.74961659672,17586.609941085175,17173.57799514103,16928.541115806056,17758.68290627752,17638.805855468745
2017-06-09,18032.31253089435,17708.330573163938,17146.853045923148,17065.241521048934,16631.1546089149,17446.67209673455,17328.941993727043
2017-06-12,17935.69938538815,17684.845254904463,17054.983996656123,17042.60908711719,16569.027974964418,17381.490318463202,17264.2087315688
2017-06-13,18081.270681646623,17720.231621885498,17193.407153440483,17076.71037558747,16662.636920092566,17479.702584565064,17361.745198620385
2017-06-14,18002.68035066895,17701.12740034859,17118.675925607342,17058.29993605353,16612.09977321555,17426.680218910587,17309.087680105426
2017-06-15,17922.81401277622,17681.71299919436,17042.731347960053,17039.590581273114,16560.742096025453,17372.796972478718,17255.57520453762
2017-06-16,17845.052773034677,17662.810318259864,16968.788499629725,17021.374363265928,16510.738092412415,17320.333967984025,17203.473198215754
2017-06-19,18143.44625918349,17735.34564408992,17252.529658623524,17091.275522425392,16702.61863610082,17521.65044463801,17403.40441527715
2017-06-20,18001.35213397832,17700.804529257563,17117.412929728784,17057.988790232324,16611.24566964907,17425.784113878803,17308.197741176442
2017-06-21,18179.617191701913,17744.13829707194,17286.924452045874,17099.748864600348,16725.87818605591,17546.0538080823,17427.639859066454
2017-06-22,18174.437981964864,17742.87930288052,17281.99956245653,17098.535591586842,16722.54771931869,17542.559562046397,17424.169656953436
2017-06-23,18244.190242133187,17759.835111748842,17348.326704506566,17114.87563943,16767.40158586026,17589.619165917025,17470.905443475534
2017-06-26,18158.942120574175,17739.11247348522,17267.264610540027,17094.905557006117,16712.583177709756,17532.105003342203,17413.787036115293
2017-06-27,17829.55691164399,17659.043488864565,16954.053547713218,17017.7443286852,16500.773550803482,17309.87940927983,17193.09057737761
2017-06-28,18086.608609101422,17721.52919815698,17198.48296706563,17077.960829548167,16666.06944952012,17483.303912334326,17365.321745636866
2017-06-29,17772.7171731709,17645.226535272675,16900.004870312747,17004.429146584986,16464.223021292644,17271.53146800597,17155.006508462284
2017-06-30,17779.18283177812,17646.79824737616,16906.153038929122,17005.943780959908,16468.380732993624,17275.893639670147,17159.338664003375
2017-07-03,17691.849226704264,17697.24106200975,16826.5622657305,17059.719628824452,16447.875661232873,17249.464124433907,17133.7784790254
2017-07-05,17865.920776165054,17871.36566217847,16942.46303444673,17177.23217383209,16561.158471277617,17368.267770476094,17251.785358130997
2017-07-06,17704.83722711287,17710.23302069079,16835.20996971261,17068.48759226996,16456.3280314663,17258.32842080008,17142.583326220647
2017-07-07,17895.79695757068,17901.25094876285,16962.355270725107,17197.40104188066,16580.601383077505,17388.658232282178,17272.03906953985
2017-07-10,18012.720465130093,18018.210090375436,17040.205582560164,17276.333980589417,16656.693217370055,17468.458400943447,17351.304051461975
2017-07-11,18063.376607085967,18068.88167048993,17073.933585850024,17310.531023012158,16689.659374818315,17503.03116356566,17385.64494885882
2017-07-12,18277.718518745103,18283.288905805846,17216.647271149846,17455.22935894868,16829.149453112695,17649.319288670755,17530.951979989255
2017-07-13,18317.99728197864,18323.57994454857,17243.465781332397,17482.420821264004,16855.36218861345,17676.809501431184,17558.257827258076
2017-07-14,18462.18844951621,18467.81505633515,17339.47151697077,17579.76166252985,16949.199353232747,17775.21981881853,17656.00814733283
2017-07-17,18471.284670371588,18476.914049389416,17345.52798623767,17585.902356204253,16955.119019384263,17781.427979808486,17662.17467275369
2017-07-18,18594.697977617703,18600.36496854476,17427.699353264303,17669.21644094254,17035.434305167968,17865.65742980408,17745.839230651447
2017-07-19,18703.814823223885,18709.515069016106,17500.35181327182,17742.879243796353,17106.44569635611,17940.12956004474,17819.811907103856
2017-07-20,18728.501265138944,18734.20903446516,17516.788603796675,17759.54461286791,17122.511213775855,17956.97803020774,17836.547381543198
2017-07-21,18720.705104479704,18726.410497818328,17511.597743967828,17754.281566246027,17117.43760473535,17951.65715890903,17831.26219512846
2017-07-24,18806.437668625764,18812.16919014693,17568.68042128828,17812.15806492741,17173.230902427542,18010.16954210231,17889.38215995864
2017-07-25,18758.36904550938,18764.085917454016,17536.6752464761,17779.707809530035,17141.948658324625,17977.362758316307,17856.79539770807
2017-07-26,18819.43196981076,18825.167451524616,17577.332320469606,17820.930281912755,17181.68737309931,18019.03813874162,17898.191278586874
2017-07-27,18701.218903349203,18706.918357999002,17498.62339119519,17741.12678538454,17104.756315759652,17938.357847511008,17818.052076713604
2017-07-28,18685.622381513127,18691.31708290757,17488.23887473802,17730.597856447548,17094.606364053077,17927.71323806482,17807.478856262132
2017-07-31,18606.38801808897,18612.058571717247,17435.4828462081,17677.10817518214,17043.041985103162,17873.63586990339,17753.76416265156
2017-08-01,18749.2222089005,18753.277872759143,17562.479170699484,17806.007344580874,17170.902178917662,18002.85280671272,17882.785294252873
2017-08-02,18800.15411802118,18788.941073779766,17610.187314700855,17839.866194787137,17203.55334837226,18037.085966116014,17916.7901401104
2017-08-03,18727.023827382913,18737.734270407258,17541.685848785535,17791.250158219675,17156.67135331026,17987.93247982715,17867.96447652143
2017-08-04,18760.974914267845,18761.50727356677,17573.487981673807,17813.82038550986,17178.436543545344,18010.752220718718,17890.632024158058
2017-08-07,18879.82588929689,18844.728309006747,17684.816214392395,17892.830919963657,17254.628922596414,18090.636215716157,17969.9832433771
2017-08-08,18847.177608594437,18821.867548085524,17654.234425803646,17871.126780753453,17233.69892872771,18068.692137498267,17948.185518297334
2017-08-09,18822.358834090704,18804.489111669274,17630.986570217556,17854.627592273522,17217.78823490203,18052.01055068071,17931.61518712494
2017-08-10,18418.80353360344,18521.914316168997,17252.974539634844,17586.34944002977,16959.079053801255,17780.766586569895,17662.1802488912
2017-08-11,18558.550083967602,18619.766711722572,17383.875749967858,17679.251072764782,17048.667062093344,17874.69524577922,17755.48246328482
2017-08-14,18797.546394138917,18787.115110790648,17607.74464823422,17838.132614918777,17201.881601998706,18035.333221542278,17915.04908523564
2017-08-15,18810.60612872336,18796.259710861646,17619.977759243237,17846.814551344534,17210.253870274348,18044.11113667471,17923.768457219754
2017-08-16,18843.25652094313,18819.12195029541,17650.561525699566,17868.520094263135,17231.185217783837,18066.056634118973,17945.567592060554
2017-08-17,18457.976402804834,18549.343680844366,17289.667939059138,17612.391038181864,16984.191797705804,17807.09607428806,17688.334135560443
2017-08-18,18444.912445185764,18540.196123748286,17277.430872314955,17603.706294339318,16975.81682214859,17798.315320702877,17679.611944054264
2017-08-21,18421.411257485703,18523.740279158115,17255.41720610148,17588.083019898135,16960.750800174806,17782.51933114363,17663.921303765957
2017-08-22,18702.217721983066,18720.36470506626,17518.44986040495,17774.759391990116,17140.76878132931,17971.259408367845,17851.402603915227
2017-08-23,18635.60146225717,18673.719112885192,17456.05011598726,17730.473795822567,17098.06276809922,17926.48423544738,17806.926053110572
2017-08-24,18580.7505770025,18635.311792587,17404.67104974939,17694.009662834378,17062.899241341536,17889.61699189117,17770.3046907773
2017-08-25,18541.56292717991,18607.87207832384,17367.963805252006,17667.958238723517,17037.777021951468,17863.277569588372,17744.14093578083
2017-08-28,18599.03209390341,18648.112754173853,17421.79542729443,17706.162970122044,17074.619063286642,17901.904653850197,17782.510401794025
2017-08-29,18672.166607576302,18699.322514571442,17490.300848944917,17754.781814106296,17121.503765630216,17951.06097859181,17831.338884905057
2017-08-30,18891.57014859498,18852.95179576421,17695.81711389638,17900.63834605906,17262.15787266094,18098.529952816654,17977.824334238157
2017-08-31,19094.00975951642,18994.702707196197,17885.44319067542,18035.217484762903,17391.93682959846,18234.596862340783,18112.98376343862
2017-09-01,19167.864522379456,19076.41589472079,17960.950933389857,18117.85449365394,17475.192394051213,18317.0421556669,18195.545995481156
2017-09-05,18995.883978936334,18956.60386627983,17799.799225609728,18004.062831960604,17365.437054816866,18201.999470092145,18081.266382258764
2017-09-06,19053.64171204789,18996.84138980258,17853.920215938582,18042.278482957066,17402.297152268307,18240.63526340246,18119.645906293554
2017-09-07,19098.281853353583,19027.940407009108,17895.749569788353,18071.81482326454,17430.78580426571,18270.496325807704,18149.308901772423
2017-09-08,18932.864350988733,18912.70058917167,17740.747658123648,17962.365625754104,17325.218896964034,18159.843845404226,18039.390373711016
2017-09-11,19150.796794918133,19064.525485450777,17944.95788340146,18106.561558823814,17464.300032741186,18305.625066474728,18184.20463526787
2017-09-12,19196.74869540441,19096.538353288925,17988.01640089914,18136.965830200184,17493.625829283992,18336.36360197048,18214.739283602332
2017-09-13,19223.009350068194,19114.83311059382,18012.623541112604,18154.341304608635,17510.384975425968,18353.930102093043,18232.189266012327
2017-09-14,19110.091931154202,19036.168020139114,17906.81602049541,18079.62901172304,17438.322814379997,18278.396423341,18157.156598355774
2017-09-15,19175.741445225987,19081.903434678636,17968.331882091134,18123.066293324955,17480.219325132108,18322.311253788044,18200.780143939246
2017-09-18,19150.6100072031,19064.395357852743,17944.7828568626,18106.437969933744,17464.18082769265,18305.50011885019,18184.080516414644
2017-09-19,19183.505870925965,19087.31260233312,17975.607417081505,18128.203658778082,17485.17446226332,18327.5050993626,18205.939538997096
2017-09-20,19124.296287847545,19046.063632480233,17920.125993200592,18089.027385045163,17447.38781648007,18287.89812224338,18166.595272966806
2017-09-21,19007.199493809647,18964.486937019596,17810.402253776392,18011.549790744262,17372.658442473094,18209.568740392293,18088.785445969377
2017-09-22,18988.77331023898,18951.650145218453,17793.13628350537,17999.35802762272,17360.899135355532,18197.24294120348,18076.541403187195
2017-09-25,18788.78097730362,18812.32341324107,17605.736561709953,17867.032245676528,17233.26710264918,18063.46237152612,17943.648193305842
2017-09-26,18837.466770709958,18846.24087592312,17651.356831276415,17899.245408989373,17264.33762762966,18096.02968589011,17975.999490310212
2017-09-27,19007.199493809647,18964.486937019596,17810.402253776392,18011.549790744262,17372.658442473094,18209.568740392293,18088.785445969377
2017-09-28,19000.615226854665,18959.899939189032,17804.23256828155,18007.193282369302,17368.45646451218,18205.164336627324,18084.410256393254
2017-09-29,19137.45420881916,19055.230234527844,17932.455419500566,18097.733379699057,17455.78499938777,18296.699830476467,18175.338599911483
2017-10-02,19254.525906680512,19167.122469037477,18048.450301493333,18209.026993127103,17566.67727048793,18408.117836552035,18286.680731663982
2017-10-03,19295.530694484376,19195.695557886414,18086.88660880041,18236.171817653936,17592.86452323391,18435.559452323214,18313.941317163502
2017-10-04,19314.038110938258,19208.591955673677,18104.234747502753,18248.423571631756,17604.68407939577,18447.94516234503,18326.245319589503
2017-10-05,19503.17904233909,19340.389751183244,18281.528165004227,18373.633276856304,17725.47683654637,18574.523863128252,18451.98899022071
2017-10-06,19529.63222993365,19358.822946913766,18306.32436325551,18391.145064476434,17742.370871281757,18592.22711801071,18469.57545806456
2017-10-09,19507.145526912267,19343.15368979133,18285.246194730724,18376.259056271196,17728.009987907324,18577.178351822113,18454.62596745266
2017-10-10,19521.68645879297,19353.28614897051,18298.87630370657,18385.885030834124,17737.29639270823,18586.909573150064,18464.29299264671
2017-10-11,19579.882191301574,19393.838287504943,18353.426739849798,18424.410116117157,17774.46245154092,18625.855877144182,18502.98237080778
2017-10-12,19544.17742914579,19368.95837966864,18319.958472263334,18400.773863976872,17751.66000136654,18601.96119516297,18479.24532024326
2017-10-13,19619.561972693416,19421.488081100724,18390.621037226723,18450.677797547352,17799.803503644,18652.410759467868,18529.362072573553
2017-10-16,19687.02421542328,19468.49733925587,18453.857542817066,18495.33723463182,17842.887516409246,18697.558485945814,18574.21196290157
2017-10-17,19712.1502629401,19486.005752945384,18477.409731122203,18511.97046668656,17858.933987859793,18714.37357946863,18590.916128519344
2017-10-18,19688.3385535067,19469.413200569794,18455.089552667265,18496.207315384683,17843.72690384246,18698.438079832536,18575.085754173695
2017-10-19,19615.597621785953,19418.725629280485,18386.905007516212,18448.053430601212,17797.271714924987,18649.75769868616,18526.726513833928
2017-10-20,19668.501863309357,19455.590533953677,18436.49540400279,18483.07559337272,17831.058421753823,18685.16278053892,18561.898031029297
2017-10-23,19540.21094457261,19366.194441060554,18316.240442536833,18398.14808456198,17749.12685000559,18599.30670646911,18476.608343011307
2017-10-24,19573.274228567232,19389.233705541934,18347.232690326953,18420.03570038401,17770.242349461918,18621.433633203953,18498.58930007763
2017-10-25,19499.21469143163,19337.627299363005,18277.812135293716,18371.008909910168,17722.945047827357,18571.870802346544,18449.353431481086
2017-10-26,19437.050340684124,19294.309735432642,18219.541669407998,18329.85663274349,17683.244474991778,18530.268581746415,18408.025657595743
2017-10-27,20003.118257154518,19688.759011678318,18750.1519117584,18704.588830757944,18044.757468813557,18909.09795987844,18784.35592686307
2017-10-30,20048.093796863002,19720.09901271103,18792.310248823956,18734.36225963717,18073.480598204365,18939.196920167786,18814.25632657919
2017-10-31,20123.480474076347,19772.630200930962,18862.974813803336,18784.267605676407,18121.625463123764,18989.64791238484,18864.37449740181
2017-11-01,20216.838253007867,19867.989559791175,18955.100654339727,18879.85998272594,18217.374065907603,19085.191868594273,18959.947988302727
2017-11-02,20178.292875437557,19841.47333121969,18929.8005912871,18854.662533676365,18193.060785170495,19059.72037908223,18934.643652034963
2017-11-03,20372.355642807706,19974.973455519037,19057.177738953535,18981.52305500111,18315.46982202799,19187.96060022756,19062.042313875285
2017-11-06,20441.467573407877,20022.51710055061,19102.540797044832,19026.70212600227,18359.06357767094,19233.63102626576,19107.413033848938
2017-11-07,20453.43044954633,20030.746630991216,19110.392880476666,19034.52236233113,18366.609405064813,19241.536313314475,19115.266443508364
2017-11-08,20535.838991534656,20087.437312814716,19164.48344696746,19088.39354401077,18418.590268732398,19295.99338301446,19169.366145969576
2017-11-09,20428.179539095283,20013.375964121064,19093.818918387897,19018.015622232786,18350.681879811134,19224.850050492165,19098.689682054803
2017-11-10,20426.847948114468,20012.459932860336,19092.94490085587,19017.145149610413,18349.841951721584,19223.970110851144,19097.815516900024
2017-11-13,20452.105291372183,20029.835025002274,19109.52308525156,19033.656094890506,18365.773534598888,19240.660624589596,19114.396501373656
2017-11-14,20377.669141117633,19978.62873001838,19060.665364467797,18984.996535127102,18318.821419138945,19191.47185695936,19065.530528454252
2017-11-15,20281.97042054782,19912.795436674733,18997.851511884426,18922.43744795073,18258.45750507035,19128.23239451374,19002.70606652555
2017-11-16,20541.15034557569,20091.09111222346,19167.969665046083,19091.865622409514,18421.940513302146,19299.50322277421,19172.85295287519
2017-11-17,20462.738720798705,20037.149999272748,19116.502558587003,19040.607260324243,18372.48078644442,19247.687388969338,19121.377153551664
2017-11-20,20446.781071717804,20026.17237504995,19106.0284225591,19030.175606128265,18362.415174781894,19237.14228299756,19110.901248427905
2017-11-21,20668.757931500633,20178.875228740908,19251.727567378348,19175.283812796097,18502.431593072168,19383.82864624724,19256.625002031342
2017-11-22,20694.01313048946,20196.24884579225,19268.304344338398,19191.79335634894,18518.361823408264,19400.517743013643,19273.204578831617
2017-11-24,20769.778727455934,20248.36969694628,19318.034675218543,19241.321987007464,18566.152514416546,19450.58503331285,19322.943309232443
2017-11-27,20760.468311934666,20241.96485357415,19311.923589672566,19235.235687287102,18560.279780495734,19444.432540685943,19316.831191515786
2017-11-28,20813.64189187395,20278.5441501983,19346.825178656713,19269.995719637533,18593.820097347023,19479.570613500786,19351.73867542589
2017-11-29,20450.769411853584,20028.91604356035,19108.646252848255,19032.782818813634,18364.930901426924,19239.77785100448,19113.519520872167
2017-11-30,20622.242306465436,20146.876088420413,19221.196066054326,19144.876143557536,18473.09091666863,19353.0902716375,19226.088343895124
2017-12-01,20634.483842357808,20186.52438202699,19261.87856519251,19187.524973006875,18517.75143849605,19395.115594112132,19268.49397960056
2017-12-04,20396.737668175138,20023.714955561452,19039.94725974133,19032.7727211058,18368.40107396096,19238.689073080284,19113.08869285828
2017-12-05,20410.08823910479,20032.85747406261,19052.4097510732,19041.46279118845,18376.787802546394,19247.47316128483,19121.81543393257
2017-12-06,20502.253720212742,20095.972723637882,19138.444387004325,19101.4545693865,18434.68546692878,19308.11399228246,19182.06036981245
2017-12-07,20571.706424017688,20143.534182457726,19203.277098931383,19146.66228871735,18478.31513485877,19353.810815248435,19227.45885997508
2017-12-08,20662.533831441444,20205.73311441047,19288.06266980165,19205.783096366446,18535.372231382615,19413.57125264131,19286.829149920948
2017-12-11,20822.811787962117,20315.49202963132,19437.678941222068,19310.110220817325,18636.057642265016,19519.0270952971,19391.596521581883
2017-12-12,20794.759644170455,20296.281821696117,19411.492825236015,19291.85069492869,18618.43549580702,19500.570019064853,19373.259942813937
2017-12-13,20834.828594623617,20323.721181613397,19448.896390246893,19317.93212540914,18643.606510134763,19526.933625303034,19399.451433617283
2017-12-14,20820.137795301736,20313.66086993798,19435.182822477254,19308.369682248478,18634.377860119355,19517.26772579067,19389.84863816142
2017-12-15,21056.545895800205,20475.55397878098,19655.865062867575,19462.250963600593,18782.887656795894,19672.813853217773,19544.37927896969
2017-12-18,21233.081124377724,20596.44593178286,19820.657173070904,19577.160169841914,18893.785764123924,19788.9662655158,19659.77338746173
2017-12-19,21107.274186858434,20510.29289309226,19703.21890945023,19495.270705362334,18814.754788991962,19706.19083652953,19577.53835984639
2017-12-20,21084.522624810954,20494.712542405738,19681.98078066179,19480.461400971973,18800.462428253813,19691.221309842666,19562.66656207308
2017-12-21,21087.20308159541,20496.548128754257,19684.48293353733,19482.206147128014,18802.146271113765,19692.984932458297,19564.418670836218
2017-12-22,21063.10698173965,20480.04703379002,19661.9897055573,19466.521664601507,18787.009281802777,19677.130759057483,19548.668001786216
2017-12-26,20949.34270737817,20402.140853702225,19555.793027484364,19392.47093506252,18715.543417397734,19602.278872513954,19474.30478757698
2017-12-27,20952.012390622498,20403.96906229211,19558.285123475358,19394.208668573236,18717.220492400535,19604.035406614254,19476.049854102326
2017-12-28,20977.442254746406,20421.38352377543,19582.02339376243,19410.76131659057,18733.195342427207,19620.767138213683,19492.67235219122
2017-12-29,20847.61463205043,20332.47710556205,19460.831900828445,19326.254732876932,18651.638603005318,19535.346275303968,19407.80916143117
2018-01-02,21312.980028112,20682.68651125596,19901.891206155302,19664.08271976637,18981.16553730148,19875.74710297447,19746.64066360977
2018-01-03,21520.077265949814,20823.367504435097,20095.276959396142,19797.835292905358,19110.27299019618,20010.939391699296,19880.954785917707
2018-01-04,21557.728553913556,20848.943995172078,20130.435432581853,19822.1521630854,19133.745354859057,20035.51800919511,19905.373748475642
2018-01-05,21774.232119154913,20996.014699267278,20332.604739525083,19961.97975927707,19268.716850098528,20176.85071265196,20045.788399320503
2018-01-08,21858.95834138564,21053.569156372447,20411.721411849667,20016.699708002707,19321.536418624917,20232.159668087435,20100.73808524678
2018-01-09,21860.291896663108,21054.47503943903,20412.966675159372,20017.56097709372,19322.367776526957,20233.030207897544,20101.60297030518
2018-01-10,21809.192483076626,21019.76324738776,20365.250449246563,19984.558711469886,19290.511653280493,20199.672705173805,20068.462147385595
2018-01-11,21958.461914791656,21121.1618566797,20504.637057148357,20080.96352493493,19383.568404422967,20297.115222132983,20165.271708524742
2018-01-12,22119.830762814723,21230.77959009359,20655.32200374811,20185.182677603985,19484.168108998103,20402.456192012127,20269.928416727846
2018-01-16,22056.62976805774,21187.847203330977,20596.305417605996,20144.36467461203,19444.767682711998,20361.198823154446,20228.939042710117
2018-01-17,22294.65423104792,21349.537036589947,20818.570767669,20298.091420209163,19593.15562097778,20516.580286761127,20383.31119739516
2018-01-18,22298.687369817268,21352.2767446306,20822.33688056832,20300.69619994383,19595.669938788666,20519.21310440112,20385.926913083145
2018-01-19,22368.608097660694,21399.773840871567,20887.62830001129,20345.854104329468,19639.2595451526,20564.857089444806,20431.274409213325
2018-01-22,22607.974775378192,21562.375439554697,21111.146999509387,20500.44771167405,19788.484239748363,20721.11474571751,20586.51706509351
2018-01-23,22794.897659919425,21689.352010173006,21285.694102128236,20621.17079348324,19905.0147051607,20843.13729338648,20707.746992824777
2018-01-24,22646.976937519103,21588.869578073405,21147.566908255576,20525.637036257973,19812.798759169153,20746.575208735256,20611.81214498333
2018-01-25,22638.90849511795,21583.38869140271,21140.03266092559,20520.42607862452,19807.768773940395,20741.3081602413,20606.579309573175
2018-01-26,22985.853683230005,21819.068288831968,21464.007317646407,20744.498655027102,20024.05948838392,20967.792658695438,20831.592636244033
2018-01-29,22874.242034066105,21743.250582045188,21359.785247524367,20672.41490623443,19954.47915072527,20894.93299887401,20759.206249765375
2018-01-30,22685.970440210163,21615.35783423454,21183.97873087638,20550.820768185462,19837.107880162006,20772.03001889709,20637.101608736404
2018-01-31,22780.1051547069,21679.303472845168,21271.8809784347,20611.61713812789,19895.792840640144,20833.480802278562,20698.153227233797
2018-02-01,22686.432546076525,21644.782884963344,21191.029051512298,20583.721944977657,19875.0227410019,20807.01781643112,20672.511841446518
2018-02-02,22233.950243177616,21536.84139537823,20768.372663975326,20481.07192041061,19597.53604449497,20516.51898323245,20383.890926037864
2018-02-05,21357.338217488978,21327.72203925129,19949.543574582614,20282.203930665582,19059.949991806992,19953.723998767913,19824.734106662734
2018-02-06,21923.285201933788,21462.730989072745,20478.18548267582,20410.59452513682,19407.019386798856,20317.068460153954,20185.729742683707
2018-02-07,21639.64198084616,21395.06674762338,20213.238945747875,20346.24729337464,19233.0739752282,20134.96625584062,20004.80473059973
2018-02-08,20726.560174224083,21177.24737725593,19360.34402490753,20139.10577804687,18673.122674289152,19548.757253324322,19422.385252132022
2018-02-09,21084.4911126865,21262.633255153705,19694.68151494644,20220.305903203327,18892.625344460434,19778.553025054796,19650.69551852311
2018-02-12,21458.643406131243,21351.88880311076,20044.171109838633,20305.18600098364,19122.075829558562,20018.76309291371,19889.352758252535
2018-02-13,21569.394381106373,21378.308897632094,20147.621801057478,20330.310940078904,19189.994335948497,20089.866490327855,19959.996510670993
2018-02-14,21973.26045683441,21474.652788934993,20524.866558526108,20421.931899240575,19437.666924394518,20349.15314754267,20217.607019927014
2018-02-15,22381.17099908619,21571.961504140072,20905.889186641805,20514.47038508862,19687.819799135978,20611.036398698358,20477.7973375489
2018-02-16,22281.22048928494,21548.11790441558,20812.52703494123,20491.795636881114,19626.524723944654,20546.867023920928,20414.042783062283
2018-02-20,22325.79442437644,21558.75119751814,20854.16282547576,20501.90766889403,19653.859879197378,20575.484001982157,20442.474767842796
2018-02-21,22262.311521064265,21543.607093311628,20794.864474109567,20487.505952975345,19614.92871876988,20534.72724923824,20401.981485455017
2018-02-22,22259.61303560407,21542.963358654313,20792.34386256494,20486.89377522384,19613.273861085665,20532.994790592744,20400.260226217368
2018-02-23,22714.791649518804,21651.548064174214,21217.518830533292,20590.155484248473,19892.414081789553,20825.22468641866,20690.601013869928
2018-02-26,23016.002206652294,21723.403064927723,21498.874731416963,20658.488037569383,20077.132736898275,21018.605322155807,20882.73154842045
2018-02-27,22730.993434501815,21655.41306573074,21232.65265536732,20593.83101722707,19902.349895331092,20835.62641838286,20700.935504264562
2018-02-28,22585.136055211733,21620.618195993986,21096.409640709284,20560.741847835274,19812.902237199356,20741.984306358314,20607.898737831692
2018-03-01,22316.35509057342,21629.698240699516,20851.935340130152,20574.27790496222,19686.71720176494,20605.19379930133,20472.63881751103
2018-03-02,22521.23140257627,21768.71791656575,21043.367480068286,20706.51412313777,19813.231864680794,20737.610951329276,20604.20411948763
2018-03-05,22770.882224907127,21938.119523129673,21276.63598577746,20867.64978731837,19967.39556142586,20898.96709138917,20764.522242688756
2018-03-06,22867.211092387777,22003.48387786061,21366.643664358577,20929.82469183636,20026.880301653957,20961.22706749459,20826.38169542519
2018-03-07,22920.12840843815,22039.391143337605,21416.088497449702,20963.97986420399,20059.557658724072,20995.428973102185,20860.363577458786
2018-03-08,23046.3047652418,22125.008636415972,21533.985045646958,21045.419656260827,20137.473739372486,21076.980196168755,20941.390175033168
2018-03-09,23494.041131605863,22428.822014922072,21952.340539765795,21334.408477119843,20413.958682467965,21366.364429580983,21228.912776698187
2018-03-12,23618.86763488579,22513.523559262885,22068.975813069323,21414.977014109063,20491.04120524007,21447.04320547434,21309.072539621284
2018-03-13,23297.314178012388,22295.332120188243,21768.522989841404,21207.432214700413,20292.476389190473,21239.214430309137,21102.580743465853
2018-03-14,23293.234038235194,22292.563524327797,21764.710592589814,21204.79871232774,20289.95683237341,21236.577324614045,21099.960602481053
2018-03-15,23272.885760845285,22278.756115850327,21745.697587881146,21191.665035612634,20277.391419467756,21223.425677582207,21086.893561038654
2018-03-16,23203.691570266186,22231.804109285513,21681.043983741398,21147.004049711195,20234.66281111245,21178.703583730596,21042.459167967198
2018-03-19,22708.605487579836,21895.86138331541,21218.44590524359,20827.45363118901,19928.938599986843,20858.715936368586,20724.530026543882
2018-03-20,22783.358540971014,21946.585379422428,21288.293594503943,20875.702552603543,19975.099902185528,20907.030874970733,20772.534151310374
2018-03-21,22684.1508596647,21879.267593565113,21195.596012508697,20811.669534527104,19913.8374446743,20842.910242919846,20708.826012375885
2018-03-22,22124.24996554983,21499.344507015314,20672.436330133147,20450.284774780783,19568.088967494354,20481.031013975316,20349.274781240067
2018-03-23,21541.246481272545,21103.74506157047,20127.69007081432,20073.988583238024,19208.074241677325,20104.21995048208,19974.887773232604
2018-03-26,22341.689962776676,21646.889323882235,20875.607714713216,20590.630150155273,19702.36192313598,20621.568418657524,20488.908097640953
2018-03-27,21618.703610169163,21156.303919387996,20200.0643916579,20123.98283438348,19255.905357226933,20154.28260688429,20024.6283725918
2018-03-28,21370.013848599527,20987.55444461133,19967.69388101869,19963.467481254265,19102.335132109012,19993.5476266241,19864.92741322007
2018-03-29,21761.405843607852,21253.13511497179,20333.40237326282,20216.08915692835,19344.026452263945,20246.514955052076,20116.26738274167
2018-04-02,21233.51922575576,20925.124922500443,19846.71628484635,19908.962235735296,19054.512881532213,19938.83018919836,19811.205092457785
2018-04-03,21472.463056396813,21160.598347911713,20070.05422352375,20133.000637006266,19268.936041937483,20163.204698824138,20034.143418605126
2018-04-04,21811.09483254549,21494.311857354096,20386.56929174213,20450.50840251064,19572.817064773037,20481.188797903917,20350.092154976966
2018-04-05,21935.346502303342,21616.758903642996,20502.70584034644,20567.00919423694,19684.317895924996,20597.864367209502,20466.020903597557
2018-04-06,21386.456005821376,21075.84045835171,19989.664462734752,20052.358746996983,19191.755126439293,20082.441827711504,19953.89749703973
2018-04-09,21536.636416936908,21223.839658582878,20130.03629555539,20193.170832909695,19326.523863911865,20223.46516365218,20094.018166338417
2018-04-10,22011.809405932985,21692.11126484964,20574.17480121527,20638.70230570905,19752.934094995904,20669.665034589936,20537.361986988682
2018-04-11,21884.82111827644,21566.967347129,20455.480368614535,20519.63560760522,19638.977480586913,20550.419709465983,20418.879931124284
2018-04-12,22148.35281334165,21826.671524361616,20701.800289886924,20766.72807066752,19875.46527259744,20797.88286719837,20664.75911882705
2018-04-13,22033.65187421339,21713.636494488863,20594.59069489323,20659.182230468872,19772.535065931923,20690.175683876354,20557.741351060547
2018-04-16,22201.60603702218,21879.15130155697,20751.575440694654,20816.659333022784,19923.253593780344,20847.88903775843,20714.445208304376
2018-04-17,22679.498087426815,22350.102477754703,21198.255420509766,21264.740250891704,20352.103853296987,21296.6421785109,21160.32595571894
2018-04-18,22725.919641886314,22395.849808464885,21241.64509186211,21308.266006788883,20393.761578426052,21340.2332329021,21203.637991106472
2018-04-19,22517.006187609077,22189.970600112098,21046.376186550442,21112.384672775373,20206.28704519736,21144.058032513272,21008.718475163027
2018-04-20,22160.6423564312,21838.782574897097,20713.287178724117,20778.250986236195,19886.493649693966,20809.423069750763,20676.225454484887
2018-04-23,22104.65909853578,21783.61241433279,20660.960297610407,20725.759990493887,19836.255453313195,20756.853325623706,20623.99220044357
2018-04-24,21636.319973322,21322.075417238797,20223.209322636063,20286.636081816116,19415.977787636046,20317.070631605264,20187.024481443033
2018-04-25,21662.261882047274,21347.640547306637,20247.456914233288,20310.959721983494,19439.257510074975,20341.43076274309,20211.22868748076
2018-04-26,22118.311464171507,21797.066493865153,20673.72100037044,20738.56071509259,19848.5067986556,20769.67325420914,20636.73007082346
2018-04-27,22131.961635245967,21810.51841070992,20686.479651900318,20751.359382027797,19860.756174644954,20782.491122044117,20649.465893643413
2018-04-30,21974.94077666434,21655.7781132432,20539.714134703696,20604.13355900302,19719.848963706332,20635.04442693276,20502.962980015178
2018-05-01,22326.144159392243,22003.33259818725,20874.50897121559,20939.66488483996,20045.270510205424,20970.929148108233,20837.33765081765
2018-05-02,22194.4756360129,21873.567857265378,20751.4014720932,20816.17312845957,19927.05344818274,20847.253010611705,20714.44936970415
2018-05-03,22191.735526944263,21870.867367169012,20748.83952360236,20813.603183321015,19924.593272922913,20844.67922838016,20711.89198328509
2018-05-04,22612.804097499407,22285.84774794697,21142.530417596372,21208.522910525866,20302.64482270531,21240.18859607778,21104.88183035251
2018-05-07,22800.70327423575,22471.030108642066,21318.21247995629,21384.753331905686,20471.34792698677,21416.68214078456,21280.251054971566
2018-05-08,22777.386996183493,22448.0509584013,21296.412215123168,21362.885021583475,20450.413676203836,21394.781179671856,21258.489609955952
2018-05-09,23025.645727552426,22692.720140760615,21528.529282815005,21595.726599712136,20673.30990903664,21627.97040521696,21490.193345870506
2018-05-10,23264.293135076423,22927.916968477803,21751.659950329813,21819.553728279974,20887.576725833365,21852.131722049635,21712.926683726244
2018-05-11,23242.341400478297,22906.28263188921,21731.135506989714,21798.965221691284,20867.867614620693,21831.512475499545,21692.438788343294
2018-05-14,23282.120377263112,22945.486448292217,21768.328073777433,21836.27387818786,20903.5827092012,21868.876836214185,21729.565126180743
2018-05-15,23024.272366369994,22691.366636874824,21527.24521691815,21594.438525841404,20672.076852570935,21626.68040816929,21488.911566514853
2018-05-16,23176.503832140515,22841.397002590667,21669.57866577708,21737.216242199633,20808.756114773558,21769.671300819387,21630.99156164042
2018-05-17,23087.35439461462,22753.53656816817,21586.22568193324,21653.603087454376,20728.71432259121,21685.93330626905,21547.787004783433
2018-05-18,22968.03950858092,22635.946844543192,21474.668592579666,21541.69779330767,20621.588831088295,21573.86093033777,21436.428565578553
2018-05-21,23096.95469629918,22762.99806001827,21595.201776605478,21662.60719934369,20737.333842507982,21694.95086187516,21556.747115688508
2018-05-22,23066.78263449515,22733.26225314058,21566.99148779287,21634.30885733933,20710.244205515828,21666.610268630422,21528.587061048376
2018-05-23,23261.555230439862,22925.218650939838,21749.100062939935,21816.985850675723,20885.1185297974,21849.560010439352,21710.37135473793
2018-05-24,23254.69062895979,22918.453304069295,21742.681794556618,21810.54754885636,20878.955226692735,21843.11209582226,21703.96451539042
2018-05-25,23278.009111444124,22941.434626868464,21764.4841204907,21832.41792671288,20899.89145669953,21865.01512755623,21725.72801783678
2018-05-29,23175.145901982607,22840.05870661371,21668.309027586933,21735.94264106902,20807.536912874883,21768.395798120564,21629.7241843
2018-05-30,23341.09334412082,23003.606730720214,21823.46664660675,21891.584555860154,20956.53090594367,21924.270096277254,21784.605513536106
2018-05-31,23326.01061986692,22988.742086118975,21809.364593851882,21877.438486159426,20942.989056283383,21910.102905586784,21770.52857236216
2018-06-01,23792.191907244793,23449.628360006795,22249.792331656085,22318.928740549578,21369.89415938688,22354.05487211912,22210.350146546705
2018-06-04,24007.05026273279,23661.39315266978,22390.45546836257,22460.028958065766,21504.99457434161,22555.925951800913,22350.76392951209
2018-06-05,24081.425075155697,23734.697105389303,22439.14705582074,22508.871844286146,21551.76058443088,22625.805122433318,22399.369201324404
2018-06-06,24221.915259422003,23873.164490912975,22531.12295292042,22601.133536943344,21640.099165205807,22757.803271251494,22491.182052621396
2018-06-07,24024.95715494605,23679.04221876343,22402.178724931582,22471.78864216365,21516.25421822684,22572.750448370414,22362.466404247625
2018-06-08,24026.33852479907,23680.40369944614,22403.0830780159,22472.695805333027,21517.12280739539,22574.048320277863,22363.369154183954
2018-06-11,24091.072526789445,23744.205651567583,22445.46303457309,22515.20744860047,21557.8267889125,22634.869426556186,22405.6739837323
2018-06-12,24217.786645999116,23869.09532188533,22528.42003865398,22598.42222394513,21637.503141488913,22753.92421498964,22488.483929814898
2018-06-13,24216.407489879835,23867.736023062687,22527.517134853453,22597.516514562885,21636.635944290185,22752.62842300512,22487.58262659321
2018-06-14,24461.5785014534,24109.377025642883,22688.025314482366,22758.523439255776,21790.79660200922,22982.979887348327,22647.8062731454
2018-06-15,24376.177081277463,24025.205227922444,22632.11484447131,22702.439239338823,21737.097190239605,22902.740620608532,22591.9949157035
2018-06-18,24362.10216216609,24011.332961607273,22622.900298141012,22693.19606076368,21728.2470461152,22889.51647062845,22582.796704012493
2018-06-19,24293.077944189892,23943.302564673184,22577.71162960079,22647.8669780375,21684.845427084234,22824.66447371449,22537.688141488816
2018-06-20,24465.622992994213,24113.363283987932,22690.67315596482,22761.179508343033,21793.339730872904,22986.77990653889,22650.44942079552
2018-06-21,24253.05363819215,23903.854534635713,22551.508578696135,22621.58250671969,21659.67861271349,22787.059467165276,22511.531540769505
2018-06-22,24199.226702332904,23850.80260707149,22516.269243367224,22586.233672643775,21625.83286650637,22736.4861411562,22476.3546742601
2018-06-25,23654.001792333118,23313.42792709423,22159.322240413145,22228.177532720874,21283.00183525638,22224.217763223765,22120.04043176229
2018-06-26,23750.631270032314,23408.666119081823,22222.583477801876,22291.635340963265,21343.76131796009,22315.006399057456,22183.189525866153
2018-06-27,23427.640876338246,23090.32618951561,22011.12862513915,22079.52343727508,21140.668745109702,22011.539404004932,21972.109519519385
2018-06-28,23629.16812725111,23288.951820846425,22143.064174868432,22211.86894869194,21267.386717800015,22200.885187810654,22103.811186913328
2018-06-29,23692.655797146534,23351.525385749337,22184.62818465243,22253.562109804963,21307.307020307686,22260.53529748017,22145.301516118478
2018-07-02,23951.363797619175,23607.947852814497,22386.519070410417,22455.76969305965,21507.102356237527,22509.648259996153,22347.011726578337
2018-07-03,23674.151938887888,23334.710672651898,22127.41864446103,22195.86776394806,21332.856745128738,22249.12274310841,22088.368556604422
2018-07-05,23967.991929737684,23624.337569878644,22402.060815754092,22471.359515352615,21517.554214451124,22525.275487254316,22362.526044117127
2018-07-06,24340.846670322804,23991.84629910112,22750.555366257784,22820.93210146052,21751.917572589562,22875.68680969757,22710.405577431815
2018-07-09,24559.84895157774,24207.708513845977,22955.24929463711,23026.259231542535,21889.57469341452,23081.506585174207,22914.73826548684
2018-07-10,24577.866466393312,24225.467692563212,22972.089648381825,23043.151679361312,21900.899868657994,23098.43956337306,22931.548899664904
2018-07-11,24453.122130319778,24102.511947502433,22855.495391702647,22926.196749151473,21822.489972447303,22981.204020914258,22815.160406524625
2018-07-12,24874.48299962493,24517.83132195749,23249.32695870353,23321.246597616657,22087.342574732887,23377.20172019884,23208.29694634953
2018-07-13,24895.277056822324,24538.32723284225,23268.762451476887,23340.742212286226,22100.412986728876,23396.74411107756,23227.698139699507
2018-07-16,24835.669204599642,24479.574041216845,23213.04903441201,23284.85645092747,22062.94559018618,23340.724261919753,23172.083044714862
2018-07-17,24986.756236609584,24628.494779220156,23354.26490637495,23426.509161106773,22157.913577283383,23482.71684221402,23313.049701335716
2018-07-18,24939.637267574308,24582.051404502017,23310.22442050536,23382.33244007447,22128.296252858865,23438.434127111876,23269.086937358144
2018-07-19,24814.884039451506,24459.08689488666,23193.62185273242,23265.369173061266,22049.880767419185,23321.190227847048,23152.69014779137
2018-07-20,24809.337623724812,24453.620003967535,23188.43780799546,23260.16909196221,22046.394485835903,23315.97767009182,23147.515251767403
2018-07-23,24888.354596472454,24531.50402710191,23262.292264979533,23334.252010866403,22096.061771959205,23390.238337590676,23221.239371676005
2018-07-24,24990.917715663843,24632.59659076348,23358.15449825775,23430.410785081698,22160.529336451276,23486.62782743157,23316.93242893366
2018-07-25,25340.20630269438,24976.877059210954,23684.622572506327,23757.888758070923,22380.079840455714,23814.891524719234,23642.82435793969
2018-07-26,24956.265399692813,24598.441121566164,23325.766165849036,23397.922262367432,22138.748111072462,23454.06135437004,23284.601254896934
2018-07-27,24619.450134763476,24266.45513205545,23010.956478381657,23082.138740298768,21927.037898035473,23137.520166727503,22970.34713815162
2018-07-30,24271.54648440538,23923.539742983776,22685.78285698724,22755.95922443367,21708.357916446424,22810.558041977514,22645.747377571613
2018-07-31,24457.276940337088,24106.607185629826,22859.378750265125,22930.092120523874,21825.101539693453,22985.10873852729,22819.036911802697
2018-08-01,24650.113288806402,24298.11201151947,23046.14774478809,23117.1296196667,21983.46117289522,23172.355140400236,23005.65272496885
2018-08-02,24985.52117012978,24628.730300143838,23359.73087104719,23431.678578414536,22192.84768800724,23487.655538895517,23318.68484569534
2018-08-03,25062.063128938986,24704.179247048745,23431.2922984015,23503.460414157216,22240.630864573253,23559.608857401123,23390.120530498178
2018-08-06,25209.58697367177,24849.59646528583,23569.216870258733,23641.809792138694,22332.726207183114,23698.288744254936,23527.802751298186
2018-08-07,25301.445359675326,24940.143122259018,23655.098095656467,23727.955530741117,22390.07103537621,23784.64028017526,23613.53307243361
2018-08-08,25332.058125482752,24970.318740677332,23683.71891031191,23756.664497182584,22409.181797845675,23813.417830720704,23642.103596668734
2018-08-09,25316.748394482158,24955.227631181802,23669.40537274562,23742.306874082184,22399.62432648016,23799.025908067317,23627.81520981283
2018-08-10,25123.302052941355,24764.543685030872,23488.546448666657,23560.89090655883,22278.860750035317,23617.17654801467,23447.274077921793
2018-08-13,25095.4592792861,24737.0985035398,23462.5153847212,23534.779667230294,22261.47922243458,23591.00293040593,23421.288753874476
2018-08-14,25252.728318004683,24892.12175531785,23609.551037641915,23682.268188302074,22359.658239046752,23738.843793248183,23568.066046406937
2018-08-15,24943.77263409901,24587.577929243645,23320.698882908997,23392.526372193523,22166.785150549797,23448.409800258843,23279.721441736627
2018-08-16,25025.87689785842,24668.509751912203,23397.4606799404,23469.524594693194,22218.040731058492,23525.591967175624,23356.348358504023
2018-08-17,25031.448131066973,24674.001428439515,23402.669396920344,23474.749354462634,22221.518708683267,23530.829208601903,23361.547923104157
2018-08-20,25009.176590620275,24652.04792347576,23381.847049954835,23453.86287490354,22207.615158707304,23509.892832419442,23340.76216365698
2018-08-21,25101.03274455924,24742.592380258033,23467.72618852686,23540.00652025285,22264.958593479878,23596.242270085986,23426.490401633506
2018-08-22,25198.455667577593,24838.624113185786,23558.8098704274,23631.370738865375,22325.77721903618,23687.82475267126,23517.414037892384
2018-08-23,25162.271668561614,24802.956818240156,23524.980338792015,23597.437012654464,22303.188478941942,23653.809960699535,23483.64394905712
2018-08-24,25396.078201960227,25033.424616541284,23743.573245415613,23816.703182962694,22449.14788527908,23873.599945539838,23701.85276007463
2018-08-27,25654.939660345226,25288.589557878906,23985.59077066898,24059.46611946163,22610.748436984042,24116.942829021962,23943.44502968049
2018-08-28,25692.509771469588,25325.623171383613,24020.716221072216,24094.699755855563,22634.202491222906,24152.26063658893,23978.508760189103
2018-08-29,25988.94580510812,25617.82612660778,24297.863370380244,24372.70051525466,22819.25988400778,24430.925524145572,24255.16892662137
2018-08-30,25943.023308300104,25572.559398693935,24254.929018158517,24329.633925712787,22790.5916501728,24387.75605094674,24212.31001553034
2018-08-31,25976.42615484098,25605.485255757736,24286.158364955354,24360.959458545203,22811.444188295696,24419.15641871288,24243.48448838332
2018-09-04,25965.05408605689,25595.703141272665,24282.031246905095,24356.511722518822,22841.88892690361,24414.45923457431,24239.54028225698
2018-09-05,25629.74802593676,25265.166784681238,23968.459312792093,24041.977966614453,22635.406486183343,24099.17715933671,23926.517065581636
2018-09-06,25400.61937997859,25039.29747650767,23754.1825035747,23827.043904364924,22494.3084039136,23883.731739208626,23712.615217924616
2018-09-07,25302.83559670868,24942.904660212662,23662.73694475048,23735.31785382052,22434.09286762058,23791.787459696123,23621.329679074333
2018-09-10,25388.055821940223,25026.91263413906,23742.433299900833,23815.25866226129,22486.571728569994,23871.918458383087,23700.88657410396
2018-09-11,25583.65027677975,25219.724772544734,23925.349562982497,23998.735985912117,22607.01935904869,24055.832299978076,23883.482753235927
2018-09-12,25508.20618918356,25145.353871429863,23854.795668261795,23927.96568064562,22560.56067190419,23984.893622361535,23813.052320305378
2018-09-13,25780.642923204072,25413.91521336489,24109.5733885918,24183.52488278796,22728.327999945504,24241.060835212294,24067.38420680058
2018-09-14,25705.19883560788,25339.544312250022,24039.0194938711,24112.75457752146,22681.869312801005,24170.12215759575,23996.953773870035
2018-09-17,25334.9648741676,24974.57690111216,23692.78364200026,23765.456713553704,22453.878169520343,23821.998023947493,23651.323797808847
2018-09-18,25544.525560013575,25181.15660193687,23888.760862188967,23962.035056293513,22582.92624540954,24019.044053768914,23846.958078766063
2018-09-19,25524.968803359592,25161.87803867787,23870.471750424123,23943.689846184632,22570.883138150937,24000.655197866414,23828.700970996008
2018-09-20,25807.177193632175,25440.072035788482,24134.387740278245,24208.41534774091,22744.667880348392,24266.01051802593,24092.155136018388
2018-09-21,25666.07635953335,25300.978350460133,24002.432888530337,24076.055749783023,22657.777578986246,24133.33601826742,23960.431191186122
2018-09-24,25737.453591798767,25371.340246955948,24069.183536475928,24143.011142544066,22701.731884866498,24200.450707173717,24027.06503261774
2018-09-25,25772.444232484904,25405.8331484056,24101.906126911283,24175.834103252168,22723.279222509755,24233.351758247667,24059.730362010177
2018-09-26,25790.643130003653,25423.773167973613,24118.925394298323,24192.90557397906,22734.48615618922,24250.46384436592,24076.71984749464
2018-09-27,26008.98060501251,25639.004808794372,24323.11050298186,24397.716981338082,22868.939004206277,24455.76252640665,24280.547654017315
2018-09-28,26003.38559798169,25633.489390318464,24317.878157418523,24392.468586557847,22865.4935827094,24450.501644968914,24275.324464500605
2018-10-01,26156.54066380059,25785.887902697486,24467.58583333268,24542.328823229804,22998.22917636417,24600.480577396756,24424.94510480291
2018-10-02,26097.530582687818,25727.71402732684,24412.386094069876,24486.960461137507,22961.90977816315,24544.981022889744,24369.841564532227
2018-10-03,26125.626444063066,25755.411754685512,24438.667776674476,24513.32242839098,22979.202158682645,24571.405453434705,24396.077444902767
2018-10-04,25624.04637782547,25260.93935757186,23969.475253064444,24042.69662679877,22670.49073494198,24099.66452881909,23927.702603558722
2018-10-05,25310.73624904934,24952.06900796244,23676.39588271438,23748.72196467099,22477.65528864449,23804.993309229038,23635.133995404565
2018-10-08,25156.189892534087,24799.712659464574,23531.828743968123,23603.713205723034,22382.53542849607,23659.640959672255,23490.818800113604
2018-10-09,25237.674863316344,24880.042942790373,23608.052146074988,23680.169453236573,22432.687623602924,23736.278366233164,23566.909364374555
2018-10-10,24127.747758469126,23785.84412370245,22569.79418009801,22638.73984191664,21749.552068882876,22692.381142357965,22530.460815819166
2018-10-11,23828.486685024818,23490.823746479728,22289.85670307501,22357.94721865406,21565.363505038735,22410.92319577919,22251.011198041633
2018-10-12,24491.63763544358,24144.5774782846,22910.187312094833,22980.172798626827,21973.518230154496,23034.623106457228,22870.26072986495
2018-10-15,24195.18367391956,23852.324434641545,22632.875688877815,22702.014050564976,21791.057381536382,22755.8052759076,22593.432389703496
2018-10-16,24899.07598508525,24546.242199401953,23291.31694692631,23362.46669905605,22224.28751201197,23417.8228321273,23250.726153465937
2018-10-17,24908.90762467145,24555.934519174967,23300.513747395824,23371.691593689382,22230.338668464676,23427.069584662087,23259.906926270327
2018-10-18,24331.468057934162,23986.677592968488,22760.36004953851,22829.887847369715,21874.937402005213,22883.982062931795,22720.694577811013
2018-10-19,24308.99316826468,23964.521185013335,22739.33638669445,22808.799961948473,21861.104605099375,22862.844210877898,22699.707553820743
2018-10-22,24434.02886100255,24087.785052289062,22856.298395685495,22926.119263657973,21938.06130517929,22980.441494487204,22816.4657280196
2018-10-23,24344.109058729046,23999.139463735897,22772.184807863534,22841.7487276807,21882.717658071146,22895.87104697332,22732.498728614184
2018-10-24,23229.955540982613,22900.77412237538,21729.973332830912,21796.353530221204,21196.98083980165,21847.998840711287,21692.103560955744
2018-10-25,24033.610540449998,23693.040882535603,22481.7354994185,22550.4121617075,21691.612695774085,22603.844174367594,22442.555598841518
2018-10-26,23415.41836652379,23083.60883629995,21903.460632284896,21970.370794484905,21311.1291020188,22022.428429707703,21865.288516529556
2018-10-29,22933.508327323787,22608.52773097651,21452.668021762467,21518.201113590127,21014.524144345138,21569.187356594422,21415.281521942405
2018-10-30,23311.456256783655,22981.11992760427,21806.211463284446,21872.824551073205,21247.142725618905,21924.651055615308,21768.20882789563
2018-10-31,23859.396406185548,23521.295459662248,22318.770551634167,22386.949392539034,21584.38775394586,22439.99408878606,22279.874657176366
2018-11-01,24274.07785063073,23931.517267644074,22713.130753834997,22782.20889078756,21875.98646594833,22835.953259910402,22673.72181275316
2018-11-02,23895.989860785736,23558.76493021886,22359.355751437502,22427.35794169073,21535.2506489306,22480.265199693964,22320.560635828548
2018-11-05,23836.731231218455,23500.34257014105,22303.907754197935,22371.741308766876,21481.846314216775,22424.517364354066,22265.20884491474
2018-11-06,24017.310030287073,23678.37300551632,22472.874414841215,22541.221852865976,21644.585322832078,22594.397721525063,22433.882336058567
2018-11-07,24770.67858243,24421.109871791963,23177.79752400909,23248.28886617476,22323.526881475944,23303.132741247973,23137.58235213648
2018-11-08,24612.67213324496,24265.3332408386,23029.95169594622,23099.993390088046,22181.130248937552,23154.48742872335,22989.993047385633
2018-11-09,24197.900122306404,23856.414574473954,22641.851642240836,22710.71299585842,21807.334508741795,22764.28870259272,22602.566375624643
2018-11-12,23465.7013355686,23134.548721691066,21956.736974515446,22023.514668008924,21147.47130620849,22075.469239550865,21918.64043189628
2018-11-13,23485.45044777412,23154.01913052288,21975.216118009852,22042.050012685762,21165.269358681624,22094.048310031943,21937.087512726797
2018-11-14,23306.27423318396,22977.371486076765,21807.5618485045,21873.885851139763,21003.794370032676,21925.487440826266,21769.724135626402
2018-11-15,23713.99718428795,23379.340570332068,22189.066132899952,22256.550416145186,21371.237443054528,22309.054730660988,22150.56648221904
2018-11-16,23630.754585998064,23297.2727080373,22111.17645853698,22178.42385354117,21296.2185704619,22230.743863592066,22072.81195213103
2018-11-19,22863.285655595864,22540.6344508265,21393.05969739797,21458.123062005317,20604.569642011338,21508.743846498,21355.941176031967
2018-11-20,22454.16237860356,22137.284802358514,21010.24513521586,21074.14423422546,20235.864584482013,21123.859193477296,20973.79082508035
2018-11-21,22624.864362979275,22305.577806601406,21169.970110760667,21234.354986207472,20389.702531401865,21284.44789062842,21133.238666124464
2018-11-23,22461.211438438124,22144.234384467854,21016.840904525794,21080.76006344966,20242.217251655922,21130.49062977321,20980.3751502487
2018-11-26,22980.38226153083,22656.078566321183,21502.626393929022,21568.02298707058,20710.098007801564,21618.903030977817,21465.317766340548
2018-11-27,23057.97838446461,22732.579637435763,21575.232690119992,21640.8501030035,20780.028233186636,21691.901949716146,21537.798085303642
2018-11-28,23800.056244485462,23464.185148067507,22269.591156295126,22337.32034274875,21448.79453287428,22390.015197557204,22230.951788816164
2018-11-29,23722.460121551685,23387.684076952926,22196.984860104156,22264.49322681583,21378.864307489206,22317.01627881888,22158.47146985307
2018-11-30,23894.575983356568,23557.37100570734,22358.032793543232,22426.030960244287,21533.97645166983,22478.935087831982,22319.239973362866
2018-12-03,24412.13672379019,24069.03862322643,22846.743920304212,22915.924222136688,22010.282453548898,22971.755547566547,22809.269540314715
2018-12-04,23475.768734521887,23145.83073060111,22233.262185873995,22300.584852875276,21166.041568064575,22090.63576704869,21934.38218007273
2018-12-06,23641.516548056654,23309.24905693695,22341.85544973042,22409.506939283463,21315.481833504473,22246.60401751952,22089.24722107293
2018-12-07,22860.97667694922,22539.67921070777,21830.467876247578,21896.570874108977,20611.737494214867,21512.118080582444,21359.956519956137
2018-12-10,23100.378342029013,22775.716227396068,21987.31705349615,22053.89499376993,20827.584977287544,21737.394408915232,21583.639402326844
2018-12-11,23176.876111726506,22851.13886631834,22037.43622135742,22104.16592346322,20896.55630647347,21809.37860617365,21655.11443411145
2018-12-12,23380.8626046621,23052.25845009892,22171.082382824618,22238.216768151877,21080.47303514908,22001.32935197442,21845.70745563165
2018-12-13,23387.94291763816,23059.23925347609,22175.721202962264,22242.86963472869,21086.856732333228,22007.991907601016,21852.322885035803
2018-12-14,22818.4721203197,22497.772030408305,21802.62009693312,21868.638771167713,20573.414863649436,21472.12140615781,21320.24275381499
2018-12-17,22301.416503495395,21987.983323565106,21463.859929732047,21528.852831477103,20107.23116579204,20985.573449763273,20837.136294723845
2018-12-18,22441.664304505222,22126.260024925643,21555.74630901843,21621.017444538178,20233.680306587943,21117.54625645913,20968.1756188053
2018-12-19,21890.604135226375,21582.944679441414,21194.707324026247,21258.88522635534,19736.83768637978,20599.000106898282,20453.297299212587
2018-12-20,21573.289545004805,21270.089757556867,20986.811809228417,21050.360199824947,19450.742952582772,20300.40792380836,20156.817146765094
2018-12-21,20904.655812107118,20610.853275146743,20548.741961841646,20610.963868271938,18847.89456263799,19671.225364462207,19532.084981368545
2018-12-24,20386.259879789908,20099.743090149826,20209.103657964937,20270.297132890457,18380.502419862,19183.416174763595,19047.726210048742
2018-12-26,21659.162719520693,21354.756035544233,21043.07347627259,21106.792228310216,19528.167261960643,20381.214351995786,20237.052007235405
2018-12-27,21742.978929312278,21437.39425822632,21097.9874784017,21161.872511124388,19603.736986666503,20460.08518186376,20315.36496044448
2018-12-28,21731.612328211693,21426.187407961625,21090.540403920637,21154.402886754437,19593.48871943814,20449.38924054393,20304.744674674585
2018-12-31,21914.87495824682,21606.874390441568,21210.60887851474,21274.834931065478,19758.720558661887,20621.8388866279,20475.97453351216
2019-01-02,22102.929322141707,21793.690780979323,21366.234092332084,21430.628669971546,19938.10850444082,20804.69603865437,20658.2454003113
2019-01-03,21380.816451431267,21081.680875692084,20668.18939373961,20730.480170899064,19286.721325898146,20124.99704664424,19983.331018039094
2019-01-04,22295.586007888574,21983.652037917767,21552.46949068704,21617.42535347234,20111.8958721034,20986.036879425323,20838.309727268297
2019-01-07,22561.0283102299,22245.38057955604,21809.064545902227,21874.79374713049,20351.340035753157,21235.88821521545,21086.40228285085
2019-01-08,22765.10779736663,22446.60482330111,22006.34202130176,22072.665786815483,20535.43142467085,21427.980929973888,21277.142798055633
2019-01-09,22950.62466269949,22629.526151908485,22185.675570941574,22252.539820479567,20702.778265286455,21602.601313410025,21450.53397503884
2019-01-10,23016.270458879942,22694.253508277252,22249.133379086667,22316.188880800208,20761.99453422666,21664.39135109438,21511.889053690615
2019-01-11,22932.06659725837,22611.227729386188,22167.73604968008,22234.546232231365,20686.037827084583,21585.133270828843,21433.188895368625
2019-01-14,22729.426920747566,22411.42315210737,21971.850395718957,22038.07020872276,20503.24522983686,21394.39579826428,21243.794082392124
2019-01-15,23173.253102551862,22849.03983294505,22400.883758606153,22468.396612867342,20903.601872205578,21812.153493267404,21658.61105281113
2019-01-16,23168.976956120117,22844.823513392592,22396.75013702405,22464.25053317892,20899.744543147768,21808.12850972642,21654.614402364165
2019-01-17,23351.641538377575,23024.932464759855,22573.32647077639,22641.35904112649,21064.518461024756,21980.064141221526,21825.33972619894
2019-01-18,23582.82682745617,23252.883277516747,22796.806306103397,22865.512410663814,21273.06083615972,22197.670576901997,22041.414363416523
2019-01-22,23110.45731126545,22787.122607508692,22340.180964099425,22407.510869376863,20846.956470953875,21753.046063153524,21599.91969803211
2019-01-23,23140.42906537095,22816.675031606817,22369.15375340905,22436.570978263844,20873.99271021042,21781.25740223995,21627.932448847405
2019-01-24,23290.274166810235,22964.42367425125,22514.00448646251,22581.85826938062,21009.161576192473,21922.301231448717,21767.983427269814
2019-01-25,23568.556299353644,23238.81240608541,22783.011417669568,22851.675946535808,21260.18800226621,22184.238239714603,22028.076580571662
2019-01-28,23277.42750206404,22951.75674513227,22501.586003723303,22569.402359224518,20997.57314861816,21910.209125861278,21755.97644172349
2019-01-29,23057.660458012564,22735.06442656661,22289.14384094265,22356.319928098677,20799.330684638095,21703.35027542717,21550.573734202342
2019-01-30,23644.196477204878,23313.39431433305,22856.130492666387,22925.015391296034,21328.419776042112,22255.435631045366,22098.772791621326
2019-01-31,23998.12334396226,23662.369447030254,23198.26090336849,23268.176930984162,21647.68208599197,22588.574319383133,22429.566414524194
2019-02-01,23996.76212379731,23662.425935849646,23198.249037506506,23267.86358128935,21654.35644732147,22591.19147371054,22432.86922440501
2019-02-04,24294.84183745175,23956.352637749682,23399.97952913272,23470.19943732388,21842.661330251918,22787.6430247167,22627.944013465083
2019-02-05,24509.80897668283,24168.324735670867,23545.46217922289,23616.1186600793,21978.461789432884,22929.318643629365,22768.62674838265
2019-02-06,24436.71658051365,24096.25070326998,23495.995662925707,23566.503701828064,21932.28737878614,22881.146581135912,22720.792282931143
2019-02-07,24108.546591841583,23772.65296073868,23273.90106836188,23343.742633089983,21724.973668837327,22664.863820803417,22506.025264635275
2019-02-08,24155.83588515029,23819.283393407186,23305.904898045104,23375.842501697538,21754.847573140265,22696.030165210374,22536.97319062426
2019-02-11,24132.903860762188,23796.67087069086,23290.385262384294,23360.276293825536,21740.360803427495,22680.91665176955,22521.965594953337
2019-02-12,24489.74116763131,24148.536522455826,23531.88094977191,23602.49667529746,21965.78442072574,22916.092811635855,22755.493605004223
2019-02-13,24506.928747362737,24165.484635301767,23543.51293527866,23614.16356673225,21976.64227196796,22927.42040805255,22766.741815925576
2019-02-14,24537.028173228086,24195.16469928607,23563.88323120736,23634.59499101117,21995.656879820206,22947.257648310027,22786.440033826842
2019-02-15,24640.21313212682,24296.912028156483,23633.71539868993,23704.636714859804,22060.84156269378,23015.262427862595,22853.96822568051
2019-02-19,24688.932245391887,24344.95235973737,23666.686883230297,23737.707142118594,22091.618722291056,23047.37110526042,22885.851880649378
2019-02-20,24684.633634675083,24340.71363964719,23663.77772566778,23734.789254589516,22088.903175574145,23044.53807535666,22883.038705044266
2019-02-21,24594.35594648641,24251.693750238617,23602.68077211162,23673.50895779733,22031.872358893655,22985.039924179302,22823.957525837774
2019-02-22,24776.345718243978,24431.14793964466,23725.845430576628,23797.04321582062,22146.840137965923,23104.981574990463,22943.05860756337
2019-02-25,24866.634844992303,24520.17910824453,23786.950125371644,23858.331277082016,22203.87818068877,23164.487264831747,23002.147272601695
2019-02-26,24892.431084716987,24545.615940462132,23804.408167242287,23875.841708044176,22220.174351407164,23181.48845971989,23019.029320565114
2019-02-27,24876.664174094203,24530.068703175533,23793.737643601595,23865.139163685253,22210.2139746254,23171.09716536293,23008.710849958174
2019-02-28,24819.34326397167,24473.546419737766,23754.94474744065,23826.229855580623,22174.002831177364,23133.31941269201,22971.197849446344
2019-03-01,25091.2782910485,24743.085534886628,23969.20820897624,24040.83629547887,22382.60175841299,23344.592010566666,23181.690422014668
2019-03-04,25095.605581345717,24747.35277518887,23973.341984900748,24044.982424521466,22385.303865451766,23348.618063975664,23185.688381101194
2019-03-05,25114.304344779706,24765.792055072383,23991.20454848961,24062.89836748101,22396.98000844681,23366.015145081106,23202.964063119987
2019-03-06,24971.859778769907,24625.32419847786,23855.130036010738,23926.417218418,22308.032783274986,23233.486613092868,23071.360332403907
2019-03-07,24665.39850743425,24323.11570348486,23562.37356759069,23632.785894831213,22116.6679564408,22948.35911726007,22788.22249319008
2019-03-08,24627.991793113408,24286.228083759648,23526.639663818645,23596.945206090382,22093.309933493085,22913.556407165088,22753.66264091664
2019-03-11,25140.208368119413,24791.336607157667,24015.95015617358,24087.717923395237,22413.155360454937,23390.115904288476,23226.896644106106
2019-03-12,25278.321050105566,24927.53269347086,24147.886504430786,24220.04854200478,22499.397610109176,23518.614108925667,23354.498171617735
2019-03-13,25468.25326308721,25114.829208902345,24329.32503879883,24402.029275969962,22617.99773497669,23695.324516832716,23529.97547139641
2019-03-14,25425.08831268615,25072.263260388536,24288.090404537008,24360.671418699516,22591.044073840967,23655.164420380857,23490.095617302417
2019-03-15,25661.04736763484,25304.947901306543,24513.497482297415,24586.752088909176,22738.38492214267,23874.697590635522,23708.09685664314
2019-03-18,25722.16460092498,25365.217008101834,24571.881581859634,24645.310659872262,22776.548598466856,23931.560252610063,23764.562723592917
2019-03-19,25808.6483915625,25450.500659428948,24654.497858338134,24728.173821677407,22830.552014778426,24012.023622572382,23844.464609731436
2019-03-20,25910.992022700168,25551.42406356231,24752.264730760755,24826.232854522426,22894.458854180626,24107.242777454623,23939.019313010333
2019-03-21,26316.027772637543,25950.8391148458,25139.187473783826,25214.311853332736,23147.376933553624,24484.082658719468,24313.229556744565
2019-03-22,25738.0198476987,25380.852230928995,24587.0277895066,24660.502129501267,22786.449153078676,23946.31176358794,23779.211296615365
2019-03-25,25689.01397414169,25332.52641400298,24540.213435406124,24613.54787830549,22755.848221136366,23900.71734982234,23733.935046578143
2019-03-26,25808.6483915625,25450.500659428948,24654.497858338134,24728.173821677407,22830.552014778426,24012.023622572382,23844.464609731436
2019-03-27,25642.89066391961,25287.043158955577,24496.152737773406,24569.355512432674,22727.047259647174,23857.804834691717,23691.321980539644
2019-03-28,25701.986657580477,25345.319074951523,24552.605986585324,24625.977462611532,22763.948805295073,23912.78696216524,23745.92043560187
2019-03-29,25896.579206025523,25537.21125416923,24738.49644842196,24812.423427907623,22885.459001915067,24093.83328427975,23925.703393016727
2019-04-01,26339.60181423797,25975.47330659637,25160.575501091174,25235.464939112535,23199.62915277465,24512.974874491352,24340.48691527427
2019-04-02,26439.43720615436,26073.928536712112,25184.42246588446,25259.38288351919,23261.183002473663,24605.886774636652,24405.073329948646
2019-04-03,26591.372557682185,26223.76347710996,25220.71417475834,25295.78261332935,23354.859259083576,24747.285550548877,24503.36472169969
2019-04-04,26581.243995369798,26213.7749358315,25218.294837645182,25293.35607514828,23348.61445961641,24737.85939463242,24496.812260563354
2019-04-05,26718.693174120766,26349.323965723423,25251.12633821449,25326.285297471157,23433.359217238787,24865.77660040509,24585.73212640509
2019-04-08,26786.699564734514,26416.390210555965,25267.370537506486,25342.577847024717,23475.28878816607,24929.066810947243,24629.727435687455
2019-04-09,26692.646652736054,26323.637521192868,25244.904792262438,25320.045233316472,23417.300146084548,24841.536381104346,24568.881875219755
2019-04-10,26835.89675631697,26464.907281760086,25279.12191818497,25354.364205255457,23505.621483597526,24974.852222953905,24661.55452781747
2019-04-11,26772.227225641673,26402.117942492026,25263.913633554905,25339.110653725704,23466.36581838337,24915.598115138553,24620.364859190122
2019-04-12,26887.989799086397,26516.280170821195,25291.56501008907,25366.844333564826,23537.73962590601,25023.332661555392,24695.25503018815
2019-04-15,26892.324353410844,26520.554802645347,25292.600374025504,25367.88277922392,23540.412110084995,25027.366618560383,24698.059179274496
2019-04-16,26984.92933981582,26611.87958307995,25314.72026365674,25390.06850789285,23597.508028728,25113.54953510587,24757.968034621867
2019-04-17,27078.979946200277,26704.629998702716,25337.18545817529,25412.600569236383,23655.495249275387,25201.077819226957,24818.812103520904
2019-04-18,27113.70479868989,26738.8748018429,25345.479934902192,25420.91973416811,23676.904974924146,25233.394535424926,24841.276619153585
2019-04-22,27190.384909180535,26814.49485780441,25363.795963518045,25439.290279769288,23724.182357277663,25304.756951420688,24890.88320974596
2019-04-23,27536.20625900921,27155.535443940764,25446.39983170376,25522.140015329638,23937.39968413397,25626.5959115993,25114.605085070427
2019-04-24,27449.390669364173,27069.9200254798,25425.66281379825,25501.341274453254,23883.873237710868,25545.800902521652,25058.441558635728
2019-04-25,27560.804854800437,27179.793979542825,25452.275522043,25528.033194445008,23952.566031849703,25649.48861760263,25130.518631135434
2019-04-26,27585.396533749656,27204.045693923887,25458.149560205748,25533.924716466237,23967.728114963014,25672.374886440524,25146.427702494453
2019-04-29,27638.93750211257,27256.846491913493,25470.938507722658,25546.751729814925,24000.73898071001,25722.202838339428,25181.06490998547
2019-04-30,27424.792073572942,27045.66148987774,25419.78712345901,25495.448095337884,23868.70688999514,25522.90819651832,25042.528012570714
2019-05-01,27436.50087294572,27058.590445225913,25493.01580030831,25568.59717762265,23914.254813124437,25540.73782886237,25083.209748395264
2019-05-02,27317.41776926775,26941.147592498808,25382.368037400407,25457.621367598516,23841.59790069596,25429.882937235674,24974.34067354944
2019-05-03,27753.07388937883,27370.80298418419,25787.164130201156,25863.617594838634,24107.40747056945,25835.43679407856,25372.62957669793
2019-05-06,27583.1697149293,27203.239070234165,25629.29524510396,25705.280662027344,24003.742783112233,25677.272383983403,25217.298469987898
2019-05-07,27045.852940909812,26673.323298727024,25130.03970689659,25204.544937187482,23675.906368117037,25177.082256975842,24726.068578593407
2019-05-08,26977.602478231707,26606.012918082783,25066.623816820498,25140.941032466395,23634.264290132436,25113.547654584945,24663.672113435274
2019-05-09,26832.37760073959,26462.788368395686,24931.686052210905,25005.603206044547,23545.6573351532,24978.357291228065,24530.90350421325
2019-05-10,26865.778535787253,26495.72923888524,24962.72100702742,25036.73017291049,23566.036454758196,25009.45034238797,24561.439565042318
2019-05-13,25933.458795800878,25576.25127319587,24096.442833565132,24167.88366865515,22997.194430899657,24141.550526666735,23709.087011087184
2019-05-14,26218.100296180044,25856.97212087762,24360.921540241052,24433.14649852299,23170.86451446153,24406.52432817533,23969.314162143055
2019-05-15,26588.407766869896,26222.178975593,24704.998004108842,24778.243076026774,23396.802507665696,24751.24489107644,24307.859518262805
2019-05-16,26855.610619159885,26485.701375165474,24953.273342383956,25027.254497947975,23559.8326407396,24999.98499204873,24552.14377376596
2019-05-17,26581.150919682044,26215.022084235425,24698.25520112252,24771.48028206172,23392.374842494486,24744.489465800187,24301.22510737463
2019-05-20,26132.41349945842,25772.465574296093,24281.30443189266,24353.293342358444,23118.58389787199,24326.758179401597,23890.9769169969
2019-05-21,26405.433862536116,26041.72535424897,24534.98519322505,24607.72621326821,23285.163504874607,24580.913822192924,24140.57970214702
2019-05-22,26287.799351440928,25925.711141186992,24425.683410760204,24498.100374233276,23213.390431220738,24471.40743063731,24033.03497080119
2019-05-23,25885.54879446883,25529.001184335142,24051.926573032975,24123.235426865453,22967.962804718292,24096.95093326126,23665.286359611153
2019-05-24,25872.469808401947,25516.102348253185,24039.77404673237,24111.046870905477,22959.98284185232,24084.77565785903,23653.32918794662
2019-05-28,25775.178072698473,25420.150709146707,23949.374043939966,24020.378851305104,22900.621631884715,23994.20642944231,23564.38238584759
2019-05-29,25563.153639156684,25211.04670065248,23752.368519825846,23822.789247654546,22771.257849578516,23796.832117919093,23370.543770532127
2019-05-30,25670.61560553319,25317.028485650717,23852.21833739022,23922.935098720613,22836.82428544774,23896.868850828523,23468.78847947221
2019-05-31,25261.09431709928,24913.147944409357,23471.705795905647,23541.29441836867,22586.96052247592,23515.64400325541,23094.392764005817
2019-06-03,24804.87650972475,24464.591069329035,23049.758603662984,23117.799741322942,22344.764264828213,23097.85676371203,22680.836112661924
2019-06-04,25503.29575753387,25153.429059951555,23212.0452114657,23280.565407496004,22502.072053692566,23748.212258954667,22840.525241742173
2019-06-05,25692.846482561436,25340.379435329403,23256.089736681413,23324.739948975897,22544.765329293514,23924.71849934768,22883.864812195206
2019-06-06,25896.96730916222,25541.700032493587,23303.51981057305,23372.31003302741,22590.7402877364,24114.792157382908,22930.535743916047
2019-06-07,26397.10213527439,26034.973764195784,23419.73250750022,23488.86578146054,22703.38767521399,24580.508750309862,23044.88839822087
2019-06-10,26704.756416859094,26338.407493718576,23491.21989833457,23560.564197920583,22772.681892007928,24866.99090739701,23115.231597435646
2019-06-11,26741.2014197737,26374.352526239774,23499.688358951775,23569.057656823217,22780.89054725567,24900.927841400477,23123.564516084465
2019-06-12,26586.64821348276,26221.919556501784,23463.77595296831,23533.03924000547,22746.07990419308,24757.010663668065,23088.22690620819
2019-06-13,26744.11729881602,26377.228403825782,23500.36590058601,23569.737198511528,22781.547302472798,24903.643055742843,23124.23121332431
2019-06-14,26630.395692755945,26265.066886435587,23473.94123697707,23543.234531200018,22755.933325693764,24797.74753287317,23098.229489737358
2019-06-17,26790.77833372193,26423.249319809667,23511.208186355194,23580.6114899269,22792.056955879685,24947.09297577291,23134.89996286047
2019-06-18,27180.08187531079,26807.212204812502,23601.667822695723,23671.338156594546,22879.741365375143,25309.60546148111,23223.911747256723
2019-06-19,27282.153905659157,26907.88396107422,23625.3855590106,23695.125905957706,22902.731461151234,25404.653108085742,23247.249869281448
2019-06-20,27535.85861643695,27158.10822641607,23684.33707992709,23754.251447515344,22959.874398150925,25640.89839104561,23305.257841476872
2019-06-21,27495.040956663663,27117.85052328382,23674.852576795434,23744.738946813988,22950.68087173295,25602.889717287297,23295.925142584714
2019-06-24,27495.909911852374,27118.707557719816,23675.054489601178,23744.94145565178,22950.876590020765,25603.6988727965,23296.12382367452
2019-06-25,27023.90460571261,26653.177451462863,23565.37804491757,23634.941254007772,22844.564927972497,25164.17598508311,23188.202805611007
2019-06-26,27149.580154141404,26777.128921187723,23594.580359289965,23664.229771507606,22872.871339486304,25281.20280499778,23216.937722264905
2019-06-27,27253.332009627302,26879.457457923294,23618.68842437102,23688.409001859327,22896.239789064774,25377.814674685706,23240.659925647724
2019-06-28,27288.39923065179,26914.043609640903,23626.83673981763,23696.581370545893,22904.138120931035,25410.468642868436,23248.677823210302
2019-07-01,27756.627337122143,27374.815809755535,23809.333506841613,23879.32172408973,23084.10285892255,25851.087183369797,23429.85385179914
2019-07-02,27866.614055982856,27450.75420404762,23875.383818932867,23945.56619289736,23148.14128425943,25922.798713348537,23494.851436350622
2019-07-03,28076.334534010624,27595.55201706144,24001.32723436653,24071.879822478637,23270.248474226653,26059.536825940937,23618.78753194458
2019-07-05,28019.13528422998,27556.05980174629,23966.977375233255,24037.42899098586,23236.944908811245,26022.242816646954,23584.9851500533
2019-07-08,27822.619834800167,27420.379168321942,23848.96397416044,23919.068686261642,23122.52618565803,25894.114405425607,23468.85267813037
2019-07-09,27961.943029873284,27516.572416298488,23932.631717061144,24002.982372803097,23203.645416396103,25984.953368381422,23551.18690216715
2019-07-10,28240.589420019507,27708.95891225158,24099.967202862535,24170.809745885996,23365.883877872242,26166.631294293053,23715.85535024069
2019-07-11,28220.062514360357,27694.786471508847,24087.64018248136,24158.446489887996,23353.93233745839,26153.24771647752,23703.724801207307
2019-07-12,28382.855356764994,27807.18392442412,24185.402150093694,24256.49583150384,23448.71648405077,26259.388929883564,23799.928612432657
2019-07-15,28473.78187718677,27869.962540159904,24240.006243328222,24311.260434978325,23501.657341360515,26318.673177678487,23853.662411024932
2019-07-16,28327.122814204573,27768.704371295407,24151.933092484876,24222.928390675923,23416.266891022082,26223.05121622129,23766.992993615557
2019-07-17,28187.799619131456,27672.511123318858,24068.265349584173,24139.014704134468,23335.147660284012,26132.212253265476,23684.65876957878
2019-07-18,28220.062514360357,27694.786471508847,24087.64018248136,24158.446489887996,23353.93233745839,26153.24771647752,23703.724801207307
2019-07-19,28013.273118965062,27552.01237291212,23963.45696977622,24033.89823719977,23233.531734597866,26018.42067480574,23581.52085376
2019-07-22,28236.189298358844,27705.920925692277,24097.324798289177,24168.159573891422,23363.321960712077,26163.76240739791,23713.255061018153
2019-07-23,28420.980417258812,27833.506701448277,24208.297388447914,24279.458371043456,23470.914335438523,26284.24653493683,23822.45894035448
2019-07-24,28620.438608360993,27971.21909906862,24328.077993851184,24399.591074844066,23587.0464340322,26414.29361879287,23940.330450432604
2019-07-25,28349.123422507888,27783.89430409192,24165.14511535167,24236.179250648784,23429.076476822913,26237.395650696984,23779.99443972824
2019-07-26,28640.965514020143,27985.391539811357,24340.40501423236,24411.954330842065,23598.99797444605,26427.677196608398,23952.460999465988
2019-07-29,28542.719448345142,27917.559272878087,24281.405315297903,24352.7812006633,23541.7954012032,26363.620592711806,23894.401653513058
2019-07-30,28419.513710038595,27832.49403926185,24207.416586923464,24278.574980378602,23470.06036305181,26283.29023930511,23821.592177280305
2019-07-31,28026.475815755028,27561.1279425458,23971.385583816686,24041.850157620156,23241.21884374511,26027.028855833967,23589.32309942932
2019-08-01,27987.120297871235,27564.92070629823,23987.703140325022,24057.921789000007,23260.084720625397,26036.175513971317,23606.974074427137
2019-08-02,27574.998157394126,27280.787027205057,23740.442677025923,23809.937526499285,23020.32439640942,25767.79982195918,23363.638087020576
2019-08-05,26600.639180087757,26609.02452335361,23155.857602636323,23223.641211240527,22453.471511409676,25133.293108730653,22788.331447205474
2019-08-06,26973.015923229916,26865.75611733016,23379.272064000972,23447.70966801799,22670.109153257537,25375.786428828203,23008.199912352324
2019-08-07,27118.72642517649,26966.214833167804,23466.69383216209,23535.387343675015,22754.879161362263,25470.673727889778,23094.234137122745
2019-08-08,27708.93761903248,27373.130311569752,23820.802187195382,23890.53227099828,23098.2463656357,25855.021769470448,23442.722144753414
2019-08-09,27448.423201491354,27193.52113108,23664.5016411904,23733.774190420634,22946.686876159387,25685.373671928788,23288.902374350815
2019-08-12,27133.45543664765,26976.36960964708,23475.530780829984,23544.2501605157,22763.448059314745,25480.26532285153,23102.9308272489
2019-08-13,27728.075505243338,27386.3247446882,23832.284323548418,23902.048018714057,23109.380214929533,25867.48444242838,23454.022038597024
2019-08-14,26899.427029883544,26815.0209566744,23335.12101731994,23403.42937911233,22627.297338034514,25327.86502826143,22964.749623552343
2019-08-15,26868.518103364466,26793.711092083002,23316.576622975248,23384.83070023852,22609.31544986223,25307.737003753195,22946.499562671146
2019-08-16,27299.766429217136,27091.031137265323,23575.31220249022,23644.32366976799,22860.202816176334,25588.567749089514,23201.12853520657
2019-08-19,27733.961025397453,27390.382460424684,23835.81545254425,23905.58948429308,23112.804234368763,25871.317118203537,23457.49712211582
2019-08-20,27519.0705048442,27242.228240570446,23706.88782538724,23776.28445060549,22987.78736238236,25731.37949657136,23330.615812262873
2019-08-21,27763.402667170358,27410.680719542223,23853.479521687994,23923.305261012603,23129.932500199735,25890.489640639793,23474.88083016748
2019-08-22,27673.610457105468,27348.774336715738,23799.606989055814,23869.27502869974,23077.6940803655,25832.01657125904,23421.86335318296
2019-08-23,26797.868459844558,26745.002369186695,23274.18903475098,23342.319031916253,22568.213602200114,25261.72965518387,22904.78474301614
2019-08-26,27202.628434753147,27024.060273446084,23517.032427743572,23585.873294134042,22803.69083887899,25525.31107364188,23143.773767102575
2019-08-27,27145.228817122927,26984.486654525892,23482.59444284907,23551.334499811142,22770.297459632337,25487.932198328584,23109.882376029436
2019-08-28,27242.36681158692,27051.45751834513,23540.874217595716,23609.784875445082,22826.80943692968,25551.188873776216,23167.237144133433
2019-08-29,27658.8931464696,27338.627627265756,23790.77706052509,23860.41925254609,23069.131989608723,25822.43259593103,23413.173571771553
2019-08-30,27592.659398190575,27292.963401226203,23751.038872068275,23820.564739511145,23030.599177605385,25779.300897138135,23374.066101062854
2019-09-03,27424.76452491352,27208.224418454014,23690.271514949207,23759.326833697833,22974.707731711806,25704.806330533243,23315.850082771845
2019-09-04,27820.654499879052,27483.159924269283,23929.658599628976,23999.411712697165,23206.864144630497,25964.550007236892,23551.45369134535
2019-09-05,28330.30515199717,27837.099323319177,24237.834586723173,24308.486008292457,23505.73169551434,26298.932140118886,23854.759004295804
2019-09-06,28302.228448483558,27817.600767734853,24220.85714191132,24291.459075578758,23489.267053349886,26280.510996211466,23838.049885391665
2019-09-09,28243.148525430046,27776.57126571309,24185.132644103272,24255.630443699847,23454.621611739978,26241.748619279282,23802.890007784597
2019-09-10,28161.891905490527,27720.140612459352,24135.998322477808,24206.352899433226,23406.971389193426,26188.4360967244,23754.53224656596
2019-09-11,28426.321183420696,27903.780011982988,24295.893641759867,24366.714300858646,23562.037080463564,26361.928322395568,23911.900444884843
2019-09-12,28544.495121900214,27985.848802820336,24367.35115876368,24438.38011084335,23631.33622768311,26439.462322274936,23982.22858680746
2019-09-13,28442.567340205343,27915.062554142663,24305.717381576127,24376.56667609544,23571.564094839632,26372.58743670104,23921.56892200212
2019-09-16,28315.526950683157,27826.83623885066,24228.898491461652,24299.523865023708,23497.06551444534,26289.23615237708,23845.964142647408
2019-09-17,28451.438488705506,27921.223340861918,24311.081595149353,24381.946525924755,23576.766282680954,26378.40780315062,23926.848355003705
2019-09-18,28439.61029070529,27913.00895856958,24303.92931038505,24374.773392819003,23569.83003222586,26370.647314551177,23919.809111001592
2019-09-19,28486.880805588597,27945.837127357438,24332.51288527909,24403.440286561345,23597.550242046997,26401.661530903926,23947.94092688454
2019-09-20,28185.529511660934,27736.55632798559,24150.291530156115,24220.687770675548,23420.832871437287,26203.944745903274,23768.599552292184
2019-09-23,28197.963681679426,27745.191542412842,24157.810234592616,24228.228391537712,23428.12447388154,26212.1028131482,23775.99942475985
2019-09-24,27823.470625653925,27485.115651904016,23931.361456942795,24001.11953370467,23208.51556724679,25966.39766923664,23553.129635260862
2019-09-25,28135.795180315705,27702.017101408874,24120.218132641392,24190.52671159803,23391.667838993555,26171.31401792606,23739.00146020625
2019-09-26,28032.185708833673,27630.062962000204,24057.56746985193,24127.693427107526,23330.909535513492,26103.33577456082,23677.340981519756
2019-09-27,27684.327236867426,27388.484111839894,23847.224115003377,23916.73693810277,23126.919588402325,25875.105599020524,23470.32207108827
2019-09-30,27947.80762838138,27571.46453391196,24006.545660845248,24076.522893584042,23281.42883702277,26047.975259680938,23627.125564368067
2019-10-01,27819.83351189794,27510.685159864955,23965.481366652926,24035.047386332004,23247.75322737384,25996.078249680497,23591.46537200215
2019-10-02,27341.479986142167,27037.647345438414,23862.447698328913,23931.71463582441,22967.936559348367,25549.083637680415,23307.511689143823
2019-10-03,27641.560885960396,27334.393591380456,23927.082814905913,23996.537372740626,23143.471248661168,25829.492452836443,23485.641612037565
2019-10-04,28048.599704062835,27736.909184001477,24014.755843996903,24084.464895740344,23381.571815932,26209.847459688768,23727.262432713815
2019-10-07,27963.92674797056,27653.177157509894,23996.517940847258,24066.174052304414,23332.041702386425,26130.725318599565,23677.000029645045
2019-10-08,27544.998216593733,27238.903976246478,23906.283959013115,23975.678142726072,23086.986153552618,25739.260039771132,23428.321399857727
2019-10-09,27813.87686926424,27504.794710519327,23964.1983516684,24033.760647060753,23244.268842280726,25990.512100337983,23587.929471204432
2019-10-10,28029.2848129902,27717.808929969797,24010.595565095755,24080.292540541046,23370.273418047964,26191.798774404815,23715.796991029412
2019-10-11,28390.282814344933,28074.79533516748,24088.351756561988,24158.274439699817,23581.442046403612,26529.131213406734,23930.087691254135
2019-10-14,28387.298600029826,28071.84428298245,24087.70897976325,24157.62979707322,23579.69640670124,26526.342632058244,23928.316242734185
2019-10-15,28748.29188698596,28428.826026170365,24165.464155784306,24235.610677839213,23790.862277332246,26863.670665718386,24142.60414446204
2019-10-16,28676.984250930524,28358.310797379498,24150.105039719056,24220.206977920498,23749.150313164573,26797.0376685833,24100.27548002527
2019-10-17,28752.7446364656,28433.229294399047,24166.423243756515,24236.57254981523,23793.46694826255,26867.831511032196,24145.247324757598
2019-10-18,28476.43844879755,28159.993563732027,24106.90901722064,24176.88556766349,23631.839464351066,26609.63883448661,23981.23022158913
2019-10-21,28728.976995913326,28409.725772138685,24161.303876883157,24231.438322639915,23779.56387944821,26845.621980434433,24131.138702777636
2019-10-22,28500.208446549128,28183.499416997278,24112.02889181659,24182.02030403519,23645.74391202773,26631.850567755268,23995.340242817532
2019-10-23,28555.175977049832,28237.85611992195,24123.86847488907,24193.894254595656,23677.89760256444,26683.21465027132,24027.969317096104
2019-10-24,28832.97191467613,28512.565045676598,24183.70358210172,24253.903048864304,23840.396527464785,26942.799414820256,24192.870745276112
2019-10-25,29063.227856799273,28740.262264900743,24233.298940122477,24303.642370389553,23975.0865570118,27157.960712831875,24329.552130999313
2019-10-28,29349.94343658067,29023.791713142076,24295.05526961508,24365.57796378856,24142.803096946704,27425.88038403379,24499.748315261062
2019-10-29,29122.645779580318,28799.019905049216,24246.097103444572,24316.477683729645,24009.84353961649,27213.48343799085,24364.822986325013
2019-10-30,29263.776016131545,28938.581829553095,24276.495470343478,24346.964289842945,24092.398784687626,27345.361749599455,24448.59878868389
2019-10-31,29277.14133616838,28951.798627253807,24279.37425742787,24349.851433360156,24100.216934065524,27357.85089355357,24456.53252731588
2019-11-01,29643.031712713397,29312.15562163984,24433.42876587023,24504.062910128785,24355.69942800686,27703.875031677548,24714.31347806185
2019-11-04,29826.365947140206,29439.0684118306,24539.222679978888,24610.162661795603,24461.143177285296,27823.824445014776,24821.30978563453
2019-11-05,29842.766075910688,29450.42137113063,24548.68645427036,24619.653794727168,24470.57562764905,27834.554496774203,24830.881119802663
2019-11-06,29775.684960798408,29403.984591253567,24509.976969635973,24580.832405600373,24431.994266642847,27790.665583015776,24791.731685179544
2019-11-07,29875.56160310013,29473.12401515346,24567.611273180886,24638.63332302673,24489.437807739036,27856.01150538341,24850.02102744261
2019-11-08,29994.80430458452,29555.66955828447,24636.420855626657,24707.641825749255,24558.01963893883,27934.027987861533,24919.61266047127
2019-11-11,29954.560838903846,29527.811092393204,24613.198167485694,24684.35200359312,24534.873815036408,27907.6980440071,24896.126036463364
2019-11-12,30041.008013198814,29587.6539915014,24663.082931020945,24734.380978016092,24584.59346614623,27964.257517876016,24946.577761852088
2019-11-13,30048.460682041583,29592.813087947085,24667.383529923805,24738.694009436247,24588.87983059622,27969.1335480309,24950.927238916378
2019-11-14,30024.61024960409,29576.30266948998,24653.62052156568,24724.89121386631,24575.162376101238,27953.529013571417,24937.007808032115
2019-11-15,30245.222019299377,29729.02076564092,24780.925619205907,24852.564335324656,24702.046109542236,28097.867862412008,25065.759783015234
2019-11-18,30269.074816912635,29745.532821386638,24794.689992400243,24866.36849967638,24715.764924355986,28113.473944326317,25079.680594247657
2019-11-19,30313.790829969283,29776.487400060767,24820.493585817407,24892.24668819733,24741.48311105591,28142.730125255614,25105.77745663341
2019-11-20,30131.93956074858,29650.601189835557,24715.55542401345,24787.00516271282,24636.892281647408,28023.750966093925,24999.646627359467
2019-11-21,30064.858445636302,29604.164409958496,24676.84593937907,24748.183773586028,24598.310920641205,27979.8620523355,24960.49719273635
2019-11-22,30084.236330697822,29617.578715632735,24688.028042460992,24759.398202791155,24609.456012338684,27992.540349720126,24971.806385242773
2019-11-25,30440.488565472224,29864.193676926094,24893.605132002256,24965.569591121806,24814.35266702447,28225.624185343448,25179.71994707453
2019-11-26,30498.61985548102,29904.43495666019,24927.150076411814,24999.211509955396,24847.78658179813,28263.657530042503,25213.64614424564
2019-11-27,30711.771860806228,30051.98904449957,25050.150480640543,25122.567493648214,24970.379869832825,28403.11570636373,25338.04450111997
2019-11-29,30571.65648317537,29954.99442928566,24969.296218627092,25041.479491629303,24889.79322547176,28311.442935051316,25256.271295545328
2019-12-02,30358.612035600356,29834.264667618245,24886.44203634625,24956.949415714986,24809.75367775005,28206.632354163565,25173.580528517472
2019-12-03,30120.824204386485,29775.836541935703,24691.51569809623,24908.07314527553,24673.725651494402,28051.979751064868,25035.557694445153
2019-12-04,30273.35762556481,29813.31634844178,24816.554818471977,24939.42573681274,24760.983355620767,28151.184535953802,25124.09500509855
2019-12-05,30333.183075265766,29828.01638114025,24865.596671391184,24951.722601811336,24795.206880858095,28190.093850532987,25158.820407467647
2019-12-06,30657.710808225645,29907.757834149234,25131.627957868383,25018.427887612877,24980.855014130517,28401.16040689862,25347.191011671952
2019-12-09,30518.62512111003,29873.5823426367,25017.612604122,24989.839420225722,24901.29017095849,28310.701767966613,25266.459375336337
2019-12-10,30493.20565273525,29867.33638847915,24996.775020191555,24984.614557353765,24886.748804001916,28294.16943772298,25251.704763850168
2019-12-11,30654.716094905172,29907.02198704815,25129.173044601,25017.81233711396,24979.141869517072,28399.212703316894,25345.452744336675
2019-12-12,30883.519786157605,29963.242571427432,25316.734643048865,25064.84195605666,25110.030461932394,28548.022195670408,25478.26077640315
2019-12-13,30985.216643576336,29988.231052698524,25400.100540819883,25085.745309607875,25168.20678962946,28614.16386341882,25537.29024147513
2019-12-16,31296.282404533777,30064.664692233295,25655.09638913078,25149.683544711825,25346.153917044467,28816.475013747102,25717.84690701616
2019-12-17,31314.229327547077,30069.074527118803,25669.808361429692,25153.372457884027,25356.420567370507,28828.147345116835,25728.264114509613
2019-12-18,31338.163304211383,30074.955473126367,25689.428215007225,25158.291984296142,25370.112149439592,28843.713540303288,25742.156479282712
2019-12-19,31534.065489767745,30123.09165175561,25850.018836868487,25198.558839635436,25482.179228332418,28971.124530152323,25855.866986306646
2019-12-20,31661.186561541163,30154.327253344476,25954.226209082262,25224.688031574457,25554.89963795375,29053.801614837845,25929.653817646627
2019-12-23,31744.81310046905,30174.875579564246,26022.778981234318,25241.87710854147,25602.73872616479,29108.19069718622,25978.194450897558
2019-12-24,31761.300634661355,30178.926820180997,26036.294620998015,25245.266050590984,25612.170523925648,29118.913870312874,25987.764562978016
2019-12-26,32041.564986030986,30247.79207986467,26266.041044419333,25302.873187853445,25772.497511021727,29301.19237999867,26150.44269443667
2019-12-27,32014.5912092371,30241.164208233895,26243.92931770748,25297.328843541873,25757.06699214613,29283.649157642492,26134.785891900894
2019-12-30,31804.761945647548,30189.605932428527,26071.921987473568,25254.199336952064,25637.032840562097,29147.18026579571,26012.99147759426
2019-12-31,31864.713163815984,30204.336868372913,26121.066938968965,25266.52205312058,25671.32831244325,29186.17137775193,26047.789881681863
2020-01-02,32496.74074209843,30431.068342907583,26651.252727830506,25475.797194152132,26075.611258431592,29632.11301755823,26456.53473244106
2020-01-03,32199.07313907459,30235.92033048073,26590.208213989965,25417.45791755116,25908.415328743515,29442.11290121531,26286.896332429453
2020-01-06,32406.538798805224,30371.932818007015,26632.754464264468,25458.11869616891,26024.946027767,29574.53745493076,26405.129362213484
2020-01-07,32402.028106562433,30368.975651634497,26631.82942904986,25457.23465464158,26022.412431986308,29571.658296963244,26402.558754571808
2020-01-08,32645.567402672765,30528.63766759113,26681.77352031508,25504.965432914578,26159.205212306057,29727.108517695968,26541.34986288332
2020-01-09,32922.19304293867,30709.99077197943,26738.502830304882,25559.18073743027,26314.582151650422,29903.677628005724,26698.996615637723
2020-01-10,32838.00138878164,30654.79553472562,26721.237133449602,25542.68018396236,26267.292820376995,29849.93841042732,26651.01646139707
2020-01-13,33216.85669155069,30903.16942083788,26798.931304862657,25616.93127502993,26480.09080013785,30091.760331496393,26866.92308591646
2020-01-14,33086.05851807235,30817.41939858465,26772.10772436513,25591.296403300727,26406.62320744701,30008.272347161284,26792.382246913807
2020-01-15,33099.58583417567,30826.287776682286,26774.881853718496,25593.94759485736,26414.221320809378,30016.90678237468,26800.091356796464
2020-01-16,33416.80294400165,31034.25225740333,26839.93550434932,25656.11834009367,26592.397948200272,30219.385275702938,26980.870865283578
2020-01-17,33582.163255403655,31142.660884262874,26873.846953615255,25688.52697592675,26685.27863362761,30324.934143250903,27075.108391862548
2020-01-21,33567.13158178189,31132.806263871073,26870.764316475274,25685.58094835678,26676.83554267506,30315.339482266798,27066.541960592265
2020-01-22,33655.82916755666,31190.955546477486,26888.9540722547,25702.964610326664,26726.65579574947,30371.954819123574,27117.09000943223
2020-01-23,33764.0714995085,31261.918176358166,26911.151988533944,25724.17880790653,26787.454072546978,30441.04549427653,27178.77645370533
2020-01-24,33479.9407338381,31075.644784068787,26852.883556627698,25668.492588912908,26627.861604180696,30259.685890525303,27016.85258966111
2020-01-27,32788.39091504851,30622.2713861578,26711.06321052459,25532.957126699755,26239.427277758936,29818.272230818366,26622.743846902198
2020-01-28,33292.01505965948,30952.442522796857,26814.344490562555,25631.66141287978,26522.3062549006,30139.733636416895,26909.75524226785
2020-01-29,33346.136225635404,30987.923837737195,26825.443448702175,25642.268511669714,26552.705393299348,30174.278973993365,26940.598464404397
2020-01-30,33464.90906021634,31065.790163676993,26849.80091948772,25665.54656134294,26619.41851322815,30250.091229541205,27008.28615839083
2020-01-31,32934.21600152355,30717.872907782905,26740.96845187163,25561.53709297357,26321.335287422604,29911.351837448427,26705.84840413276
2020-02-03,33531.79748568312,31141.335070934412,26936.99240006354,25753.30264837889,26700.81074023719,30328.94264039668,27087.022879918455
2020-02-04,34299.30618896999,31854.12852345123,27553.552729591007,26342.769524690873,27128.619221695644,30814.88219679475,27707.017254372866
2020-02-05,34412.39159967672,31959.152140749295,27644.397273491937,26429.62209524842,27191.652901473306,30886.480960533307,27798.36777348852
2020-02-06,34709.44522650076,32235.0289866271,27883.02842028885,26657.767095756204,27357.230256438907,31074.5571439396,28038.328019872002
2020-02-07,34560.16398511603,32096.389918448556,27763.106794662624,26543.11517497122,27274.02106165905,30980.04139459841,27917.73846893435
2020-02-10,34977.837752652726,32484.28796509378,28098.63533609097,26863.89961691036,27506.83194636913,31244.48687182452,28255.13579761733
2020-02-11,34983.863626713224,32489.88425808384,28103.476082365924,26868.52764672198,27510.190761741833,31248.30208662968,28260.00350530935
2020-02-12,35324.65020165147,32806.37635554325,28377.23907950542,27130.260701940282,27700.144812427385,31464.067297294678,28535.29127526748
2020-02-13,35279.41555988272,32764.366465177674,28340.90087836769,27095.51930699541,27674.931074366137,31435.427489484297,28498.750681907455
2020-02-14,35380.444447607864,32858.19306203207,28422.060093945114,27173.112150711157,27731.244461896513,31499.39280046292,28580.36192850144
2020-02-18,35394.00982653487,32870.79137295503,28432.95752672416,27183.53071861514,27738.805788737915,31507.981568498944,28591.32005651493
2020-02-19,35733.27799580653,33185.873311008065,28705.500747860937,27444.09759833416,27927.913481825595,31722.78541758863,28865.38125670598
2020-02-20,35401.54933140138,32877.79339088791,28439.01421322825,27189.3212567075,27743.008300206613,31512.75512172981,28597.410476836405
2020-02-21,34721.49697462176,32246.221572607228,27892.709912838767,26667.023155379455,27363.947887184313,31082.187573549927,28048.06343525604
2020-02-24,33382.52340658927,31002.70265445118,26817.076528097707,25638.656228421736,26617.605537710155,30234.431425779898,26966.439114687255
2020-02-25,32474.79614731137,30159.686745558625,26087.874871224427,24941.49781213497,26111.639392040302,29659.714057996418,26233.176036521396
2020-02-26,32642.162173168475,30315.121344402673,26222.32448933591,25070.039323182653,26204.929025191086,29765.67998647751,26368.37449624155
2020-02-27,31007.634284536194,28797.11800192102,24909.26439070629,23814.67890234223,25293.845032341684,28730.796924278067,25048.00107050584
2020-02-28,31031.766429941716,28819.529780662517,24928.650390447678,23833.213024900037,25307.296262843774,28746.075922396354,25067.495044099713
2020-03-02,32733.083821353855,30406.688044987797,26315.025707373592,25163.059953025415,26297.45314138345,29857.192347639055,26461.03522942556
2020-03-03,31683.421993680608,29431.62746343725,25471.17371560828,24356.14840004447,25454.164654475633,28899.752612970075,25612.50110558216
2020-03-04,33005.33509086918,30659.589955091484,26533.89598538532,25372.34897249239,26516.177262881916,30105.52393060788,26681.11991418115
2020-03-05,32002.55516792824,29728.07930180098,25727.733645318407,24601.477170178667,25710.553259394157,29190.847109902505,25870.484563930684
2020-03-06,31462.60503738184,29226.504342686854,25293.652895592073,24186.39872597417,25276.76237876027,28698.336383023186,25433.995307235582
2020-03-09,29277.06820063535,27196.297315189273,23536.639766084343,22506.30054907338,23520.922542013384,26704.818324238233,23667.23335018988
2020-03-10,30871.220593618877,28677.150594219434,24818.222687870217,23731.780936372994,24801.649652343272,28158.910303121927,24955.927164131466
2020-03-11,29526.62208581943,27428.114982556646,23737.262993026066,22698.141299815623,23721.41179740084,26932.446689219258,23868.96973969523
2020-03-12,26819.29206809391,24913.19950031577,21560.765984567774,20616.922557320897,21546.368203342892,24462.97960420739,21680.39638780158
2020-03-13,29091.03729675224,27023.487943118726,23387.08440965146,22363.292123314473,23371.467055191093,26535.131883750164,23516.84818244099
2020-03-16,25606.287141892506,23786.404891248778,20585.597986637276,19684.443483613548,20571.85140006391,23356.547909659796,20699.81764792914
2020-03-17,27548.3072432649,25590.402330714092,22146.841319858213,21177.341876796254,22132.05217106945,25127.94433616547,22269.723575495424
2020-03-18,26710.395870827113,24812.04274045629,21473.22133872412,20533.210263195608,21458.882017790453,24363.650902840116,21592.365998488018
2020-03-19,26870.716802334166,24960.96939148685,21602.107741760978,20656.454539025348,21587.68235346611,24509.886219850978,21721.9675306802
2020-03-20,25818.02083391945,23983.090310722662,20755.816520864453,19847.210536532457,20741.956266287918,23549.678920591312,20870.980643586954
2020-03-23,25836.673495510087,24000.41729602263,20770.81190815969,19861.549486215605,20756.94164001008,23566.692780573052,20886.059233131593
2020-03-24,27837.39595836294,25858.945020589774,22379.247683127713,21399.574426269934,22364.303338740796,25391.634045919713,22503.419450787453
2020-03-25,27631.25878323641,25667.45836406955,22213.52834264928,21241.109610532883,22198.694661807927,25203.60784828609,22336.780612757808
2020-03-26,29086.338808879493,27019.12338474685,23383.30716611914,22359.68023227861,23367.692334014704,26530.84619967208,23513.04998078653
2020-03-27,28085.972787964918,26089.855073372175,22579.08542823397,21590.664080405335,22564.007636819402,25618.371198309578,22704.366000193408
2020-03-30,29107.55624137315,27038.83285833239,23400.36444323248,22375.990810554733,23384.738220672607,26550.199492705622,23530.201900592092
2020-03-31,28858.98180651524,26807.925030095535,23200.528623326794,22184.902997342386,23185.035846508967,26323.464524660336,23329.25728706873
2020-04-01,27732.742270488336,25766.57507907312,22312.766742357777,21340.382269327623,22299.88058506796,25302.740905112692,22436.014670190685
2020-04-02,28295.586727953534,26132.665947562014,22629.78592934253,21643.585825417966,22752.463458662747,25662.241621330144,22754.78496275833
2020-04-03,27893.996512967264,25871.45966111643,22403.592348207636,21427.24971397558,22429.545019837624,25405.737416662887,22527.34196562907
2020-04-06,29888.267390739547,27168.593083969594,23526.854954622904,22501.560767283503,24033.13697604764,26679.520607350303,23656.809090577917
2020-04-07,29876.096533674634,27160.676794532876,23519.99978325104,22495.004342868546,24023.3503975507,26671.746822295154,23649.91605358355
2020-04-08,30510.43516276502,27573.269610469262,23877.287687218177,22836.72171354652,24533.421689500232,27076.912385281077,24009.177493756135
2020-04-09,30554.549712809745,27601.963033180753,23902.13497602752,22860.48616262562,24568.89417139425,27105.089285890725,24034.16203049223
2020-04-13,30884.643352763032,27816.66580893054,24088.058486473208,23038.307164767815,24834.322259285935,27315.92710868188,24221.112518832313
2020-04-14,32227.85269001964,28690.32933411337,24844.614096819165,23761.892237390013,25914.396041006592,28173.863457470714,24981.847083662527
2020-04-15,31858.198957789802,28449.89549119763,24636.408572001274,23562.760266474077,25617.157707842474,27937.757763035057,24772.49150272227
2020-04-16,32439.299700852363,28827.8607938416,24963.71051604382,23875.798459186855,26084.420449182664,28308.91915683523,25101.601350781464
2020-04-17,32749.62771511413,29029.707415498255,25138.501141544366,24042.971745217554,26333.955009910285,28507.132254449934,25277.357459926905
2020-04-20,32361.722504102512,28777.402264924054,24920.015567082337,23834.00772710431,26022.040674158146,28259.368952646822,25057.66504586359
2020-04-21,31167.58213181316,28000.697652857958,24247.422268973416,23190.725906439733,25061.833153238065,27496.64611970724,24381.35657237195
2020-04-22,32092.468729027038,28602.27155686802,24768.359791254996,23688.961078761535,25805.533883279004,28087.390844485613,24905.171575389893
2020-04-23,32024.017271668068,28557.748681779703,24729.80486711558,23652.08637027764,25750.49210954849,28043.669443980933,24866.403687033544
2020-04-24,32529.054964890514,28886.240301940794,25014.264697497645,23924.14949982205,26156.592600440203,28366.24775140169,25152.434776246435
2020-04-27,32790.69474407704,29056.418639353953,25161.631930097094,24065.09449876779,26366.976982022687,28533.362638580533,25300.616015045933
2020-04-28,32173.0958502665,28654.713847889678,24813.772594179925,23732.394801085513,25870.366100663836,28138.889100260712,24950.835223109087
2020-04-29,33313.981512673476,29396.780003925196,25456.37045641647,24346.988380796956,26787.751542923732,28867.59701826112,25596.98257619765
2020-04-30,33300.296508698826,29387.87886805381,25448.662449743606,24339.616287467812,26776.74743985075,28858.85611539697,25589.231993131707
2020-05-01,32461.69251309981,28877.151809745796,25017.978444660934,23933.80390374415,26119.719690497473,28359.123384158265,25157.4496795515
2020-05-04,32840.108799592665,29112.794961345797,25309.62098593528,24129.108348357717,26332.878752874727,28590.53932026225,25362.73931827725
2020-05-05,33212.428091287045,29344.641460632243,25596.564619893445,24321.266072744304,26542.60342370767,28818.226712407988,25564.721356605856
2020-05-06,33416.893186523215,29471.96367469491,25754.144306881106,24426.79256114695,26657.777081779706,28943.264886248748,25675.643024174864
2020-05-07,33847.19540502574,29739.916652744985,26085.77493959817,24648.8758561856,26900.163101379803,29206.41104104372,25909.080616932762
2020-05-08,34311.06364115538,30028.77148534687,26443.27464568931,24888.28290991157,27161.45660752453,29490.084090868644,26160.727668104817
2020-05-11,34617.76972192255,30219.760060803514,26679.650679205835,25046.57699740711,27334.221847645793,29677.646511734114,26327.114746999407
2020-05-12,33892.96987724336,29768.420819402694,26121.05297566465,24672.500520855287,26925.94751903569,29234.40386988331,25933.91312335448
2020-05-13,33468.77429686836,29504.270498652048,25794.128682303803,24453.56892306256,26687.001322995002,28974.992156308683,25703.78836246925
2020-05-14,33848.716640185026,29740.863939265284,26086.9473439147,24649.660980923927,26901.020001761164,29207.34133413888,25909.905882195948
2020-05-15,34068.44712532386,29877.692045953263,26256.291950287883,24763.06609031401,27024.792539729817,29341.71487387274,26029.10897551217
2020-05-18,34703.216849894816,30272.96873931247,26745.504128002616,25090.67711801004,27382.35357540572,29729.900676824,26373.469543707954
2020-05-19,34616.241254266475,30218.808270543806,26678.472700859274,25045.78813990458,27333.36087325311,29676.711795692383,26326.28555812958
2020-05-20,35307.458205492694,30649.235148667525,27211.1883249563,25402.53214798593,27722.718209292158,30099.417222304575,26701.268568278185
2020-05-21,34922.94010253686,30409.792342261047,26914.843160345772,25204.078494635916,27506.122039363054,29864.26979361129,26492.668713417537
2020-05-22,35043.48894828911,30484.85916932093,27007.749234893225,25266.2949641929,27574.026302071616,29937.98999271942,26558.066081016706
2020-05-26,34948.8830685417,30425.947255486084,26934.83720606713,25217.467919848455,27520.735517974474,29880.134902956786,26506.742690433606
2020-05-27,35139.616063195805,30544.718369676084,27081.833668035848,25315.90713327567,27628.17398655012,29996.77537557722,26610.21473686299
2020-05-28,35093.83918014591,30516.212701771896,27046.553773959346,25292.28122435124,27602.38821089045,29968.781072422105,26585.38092257238
2020-05-29,35608.06246979688,30836.42406931769,27442.86173513664,25557.677026745027,27892.04634186157,30283.24815058076,26864.34543103788
2020-06-01,35814.844402299845,30998.59002430061,27618.995202949685,25709.20235152565,28048.281238574484,30444.299041640243,27018.5046716275
2020-06-02,36055.08179016358,31050.580090680876,27665.32097513928,25752.321181905303,28095.323117543172,30495.35946428396,27063.819432915665
2020-06-03,36217.27968078726,31085.681534195766,27696.598132277395,25781.433150678895,28127.083758996796,30529.833252568158,27094.41399923365
2020-06-04,35963.27900736628,31030.712938386365,27647.61834009127,25735.844027141775,28077.346834019023,30475.847560116243,27046.503139123757
2020-06-05,36676.32744090015,31185.024620349865,27785.11783417823,25863.824999343567,28216.97180416788,30627.39996711431,27181.001852416524
2020-06-08,36960.93226536084,31246.616297846158,27839.99912630043,25914.907086358726,28272.70145484897,30687.890312737138,27234.685418478322
2020-06-09,37228.715564982725,31304.567608617006,27891.636668003543,25962.969974394488,28325.137213007456,30744.805385687305,27285.19602553756
2020-06-10,37675.5182800671,31401.260729628197,27977.795117263864,26043.164030183238,28412.627505142176,30839.769519594334,27369.47415791734
2020-06-11,35808.727923736726,30997.266349708,27617.81574210457,25708.10453988181,28047.083545547433,30442.99903591132,27017.350951265835
2020-06-12,36093.337583358334,31058.85907358737,27672.697966606887,25759.187494732258,28102.814143021435,30503.490409206664,27071.035429359537
2020-06-15,36532.49349144857,31153.89733976203,27757.38185671579,25838.00906900738,28188.807082174117,30596.829279034413,27153.871183279258
2020-06-16,37159.85562074827,31289.665544023625,27878.358176599853,25950.61069808949,28311.653461825874,30730.169787593688,27272.20732314178
2020-06-17,37277.678822033624,31315.163806847875,27901.07841523519,25971.75810847464,28334.724911377736,30755.212111390007,27294.431716638275
2020-06-18,37378.6611578365,31337.017517414373,27920.551173930977,25989.882848539222,28354.49868123536,30776.67505182361,27313.479503004586
2020-06-19,37372.551932014765,31335.695412396384,27919.373111656038,25988.78633864832,28353.30240839767,30775.37658760346,27312.32715069078
2020-06-22,37820.7375031221,31432.687798967636,28005.798221629168,26069.22859533046,28441.063483303726,30870.6346358492,27396.866124195803
2020-06-23,38142.63834133503,31502.35075232961,28067.87142776621,26127.0047298672,28504.09622107109,30939.051933400908,27457.584648368043
2020-06-24,37356.300956164465,31332.178518874047,27916.239382090487,25985.869544233326,28350.12023743806,30771.92258028733,27309.261811453183
2020-06-25,37711.91737146878,31409.13790143306,27984.814074767426,26049.69709425823,28419.754962144245,30847.505838272053,27376.33993410913
2020-06-26,36821.346004777006,31216.408264791608,27813.082244768768,25889.853549326188,28245.368490423796,30658.22243495989,27208.355969370874
2020-06-29,37222.94238284489,31303.31822722288,27890.523406146578,25961.933779056344,28324.00674227679,30743.578344706806,27284.107059441252
2020-06-30,37952.5633304302,31461.216387183347,28031.218633076714,26092.889256720016,28466.876845113555,30898.653099243114,27421.731762093394
2020-07-01,38495.52353012688,31656.965947888028,28212.937588391906,26272.30203502637,28649.85884847535,31092.690678953153,27601.666353873734
2020-07-02,38756.77363431048,31710.676196823573,28346.982276505696,26316.87648390288,28785.979427564285,31145.443559681753,27732.806785215216
2020-07-06,39709.60135326798,31906.567464074236,28835.868184562903,26479.447789202517,29282.4364960956,31337.843127024113,28211.10032867115
2020-07-07,39436.04281141349,31850.32673097534,28695.50816618764,26432.773276758853,29139.9027840103,31282.604867212365,28073.781397113013
2020-07-08,39955.479241675916,31957.117348582055,28962.0255500067,26521.399433206465,29410.547605026426,31387.491975821773,28334.524326697534
2020-07-09,40292.05368793528,32026.31348287806,29134.718367936468,26578.825708670778,29585.914840475132,31455.4547109001,28503.475524626832
2020-07-10,40567.136847216905,32082.86766114016,29275.860651521354,26625.76035108367,29729.242932366396,31511.00082881411,28641.55977257652
2020-07-13,39732.64513368098,31911.305020777865,28847.69170657862,26483.37951514441,29294.443123782956,31342.49623827726,28222.667678328453
2020-07-14,40013.892207298384,31969.12643441362,28991.996629953763,26531.365843585518,29440.98283387228,31399.287003495025,28363.846043263366
2020-07-15,40095.341681708596,31985.87158197983,29033.787500921906,26545.262739222984,29483.42090163059,31415.733674099793,28404.73145932883
2020-07-16,39821.78798760427,31929.63184552692,28893.4299698764,26498.58905390164,29340.889715395228,31360.49639316913,28267.41496120914
2020-07-17,39867.89251555584,31939.110447195126,28917.08571956199,26506.455400713538,29364.911811244725,31369.806041759235,28290.558177558305
2020-07-20,40998.98897523434,32171.651875682946,29497.439448560588,26699.442888599515,29954.253222525796,31598.20249280153,28858.33776974104
2020-07-21,40571.74463374947,32083.81497315169,29278.224858458547,26626.546530847583,29731.64375273388,31511.931255288524,28643.872755820288
2020-07-22,40714.668428011835,32113.198588490843,29351.557558117398,26650.932164608355,29806.11212357483,31540.791116973793,28715.616604830797
2020-07-23,39651.19808314585,31894.56037153465,28805.902079275365,26469.483033068103,29252.00631894962,31326.050057113036,28181.783478982215
2020-07-24,39274.68544714577,31817.153369267082,28612.71739511514,26405.242510381264,29055.82986877444,31250.022810188897,27992.784398408192
2020-07-27,39975.46651560939,31961.22651999029,28972.28081060853,26524.80965852642,29420.961684326932,31391.527902548758,28344.557393414074
2020-07-28,39466.78481908973,31856.6469615078,28711.281567862752,26438.018472942826,29155.92046140156,31288.8124416337,28089.21304702398
2020-07-29,39921.67345589491,31950.167237785226,28944.680155923066,26515.631495717083,29392.93359047341,31380.665748552638,28317.55474368813
2020-07-30,40130.6769326669,31993.136134585853,29051.917647544928,26551.291633803914,29501.831821839514,31422.86873835228,28422.468792168227
2020-07-31,40846.842336281596,32140.372141351756,29419.374604032717,26673.483654627435,29874.97942217497,31567.4803098458,28781.96430408532
2020-08-03,41498.52509614504,32353.671631751553,29802.33879513679,26867.512838378476,30262.32542969694,31778.760406344205,29158.798153880365
2020-08-04,41652.574729948305,32383.69734223417,29879.781061635484,26892.447137358402,30340.962986049526,31808.252572367703,29234.568159619383
2020-08-05,41755.794447673776,32403.815827971568,29931.670629242137,26909.15416378131,30393.653448006102,31828.01356093289,29285.337242358175
2020-08-06,42308.844344317906,32511.610411243895,30209.69425335336,26998.670192695423,30675.96825356213,31933.89267903541,29557.357323212134
2020-08-07,41820.493252899374,32416.42622856983,29964.195355155003,26919.626239003504,30426.680179821447,31840.399879927143,29317.159640907405
2020-08-10,41641.801314657234,32381.597503107958,29874.365159776622,26890.703364580302,30335.463491950482,31806.190046514443,29229.269206819044
2020-08-11,40853.0434754363,32227.86124332829,29477.8488339677,26763.035915457956,29932.827098088655,31655.185616498435,28841.315113524746
2020-08-12,41880.56585543796,32428.134939114803,29994.394443463156,26929.349522306547,30457.34537876251,31851.900531527484,29346.706620843237
2020-08-13,41976.08819390271,32446.753133839156,30042.414462786357,26944.8106596539,30506.1065675333,31870.187888630535,29393.689712947955
2020-08-14,41926.77928774196,32437.14236811356,30017.626390543774,26936.829576036685,30480.935901487763,31860.747902237665,29369.43690552126
2020-08-17,42413.58993141703,32532.026303154333,30262.350890506103,27015.62419460427,30729.43762447093,31953.945788988924,29608.876911670057
2020-08-18,42821.8328807187,32611.596661743795,30467.578637534745,27081.701935284484,30937.83297821942,32032.102215209983,29809.673043720606
2020-08-19,42533.74971486403,32555.446565704526,30322.756395812343,27035.07312084876,30790.775464158338,31976.949883158286,29667.978041978524
2020-08-20,43123.76063843816,32670.445197869027,30619.36069179477,27130.571619654715,31091.957726691046,32089.90503718316,29958.177570283704
2020-08-21,43422.626938497095,32728.697027341343,30769.60372116931,27178.945779960806,31244.51969605469,32147.121755733904,30105.176305117333
2020-08-24,43693.77003863024,32781.545346567815,30905.910025192134,27222.832694574947,31382.929832384943,32199.030982181423,30238.539259289748
2020-08-25,44037.294744879895,32848.50151594535,31078.603274721347,27278.435213848436,31558.28853191105,32264.797368116662,30407.503432208665
2020-08-26,44977.02132241716,33031.662990941055,31551.013070556917,27430.538291702032,32037.989780610445,32444.70413944215,30869.7121789301
2020-08-27,44836.8308588485,33004.33856200465,31480.537945285774,27407.847222295015,31966.426900473678,32417.865254308817,30800.758868448895
2020-08-28,45064.82198433817,33048.77615888528,31595.151327113446,27444.74960724316,32082.809293186663,32461.513213468603,30912.89732967275
2020-08-31,45426.84664187923,33119.338141322565,31777.144684164836,27503.346507647104,32267.611643608147,32530.821338656588,31090.960786899675
2020-09-01,46303.241189236534,33370.47169146821,32262.91294616756,27728.853856291535,32763.757099447048,32779.26944139495,31568.39906824203
2020-09-02,46741.69441914748,33449.4698236751,32339.299458785536,27794.496547071598,32980.930287111536,32856.868016373235,31643.141230617508
2020-09-03,44371.87399656402,33022.48839377922,31926.433717897322,27439.700690657173,31807.118760008896,32437.451131739344,31239.16313046431
2020-09-04,43780.58159649663,32915.95252630952,31823.41984709556,27351.175800132114,31514.241785672315,32332.802689190434,31138.366809300933
2020-09-08,41676.31095310928,32536.816419776187,31456.817698708157,27036.136526297832,30471.961487210265,31960.383484230617,30779.6563987471
2020-09-09,42900.59731499685,32757.401716627886,31670.11060944652,27219.429624847835,31078.370914001996,32177.06081847473,30988.35781502557
2020-09-10,42045.284306630274,32603.296043539463,31521.099555475765,27091.377090396723,30654.720134839994,32025.685332831446,30842.554478678438
2020-09-11,41753.50486357798,32550.7248011696,31470.266279340685,27047.69355370536,30510.196916809404,31974.045460105648,30792.815475695446
2020-09-14,42480.65971486333,32681.73963047851,31596.949855680657,27156.558987452634,30870.368826163132,32102.739187050596,30916.77197152951
2020-09-15,43082.7585806004,32790.222548500984,31701.846408989746,27246.701759740186,31168.59842293871,32209.30018555602,31019.41044724139
2020-09-16,42395.756640286876,32666.442253580353,31582.158198703342,27143.847788422736,30828.314919177366,32087.712823577927,30902.29873025025
2020-09-17,41733.42597310656,32547.107095252934,31466.768172095217,27044.687457938453,30500.25150792433,31970.491846672252,30789.39267118734
2020-09-18,41200.79724381742,32451.140930783993,31373.974577761775,26964.945354124084,30236.431626828,31876.225850744413,30698.596617573
2020-09-21,41299.608955596486,32468.944290727988,31391.18937184631,26979.738874160597,30285.374713482885,31893.713800432408,30715.44083379166
2020-09-22,42066.91184788266,32607.19277698014,31524.867465802497,27094.615041233697,30665.432616251244,32029.51303044428,30846.241278295343
2020-09-23,40782.42290437789,32375.760504493763,31301.086172389267,26902.30875911093,30029.203848048586,31802.180889199524,30627.277259705632
2020-09-24,40972.31768394424,32409.97471909683,31334.169290464095,26930.738711145616,30123.261895260704,31835.78895337813,30659.64820711885
2020-09-25,41924.86453348286,32581.59945993497,31500.120244813945,27073.348535939214,30595.074215484878,32004.37313313036,30822.02678353606
2020-09-28,42795.600740035945,32738.484001477933,31651.81829991165,27203.71014273905,31026.364361597894,32158.47825586886,30970.45927871831
2020-09-29,42602.63300876272,32703.71611905206,31618.199817861103,27174.820126084203,30930.784230222187,32124.326332831053,30937.564491953985
2020-09-30,42894.402711872994,32756.28560653184,31669.03139712146,27218.502204567576,31075.302623897267,32175.96448175698,30987.301834590377
2020-10-01,43675.21414785702,32971.41985307784,31883.22740800093,27416.632718550878,31509.556918986214,32389.058440260156,31196.232965415813
2020-10-02,42446.5863579696,32043.900583993156,31255.305268562315,26876.67761139545,30623.161327503913,31477.921584622232,30318.65149251552
2020-10-05,43351.818855709345,32727.281337355576,31717.947845385508,27274.507543569154,31276.24283995818,32149.23204854022,30965.238909162224
2020-10-06,42578.118536215494,32143.197239035388,31322.52820414051,26934.483133933452,30718.05543936989,31575.46440132277,30412.60199865652
2020-10-07,43314.683114732805,32699.246715632886,31698.968660545677,27258.1871956466,31249.451196989525,32121.692591477924,30938.713676270967
2020-10-08,43545.239054439146,32873.298677048435,31816.800261061526,27359.511500821936,31415.786168595925,32292.67034054213,31103.394650296417
2020-10-09,44210.61703379743,33375.60775890307,32156.858957253222,27651.930605371235,31895.824234173644,32786.107331722975,31578.65932521816
2020-10-12,45575.42385069648,34405.931695632506,32854.37892501024,28251.733423711124,32880.46641440234,33798.23305599668,32553.51044486309
2020-10-13,45573.86188472481,34404.7525317325,32853.58064173622,28251.046973745928,32879.339531417325,33797.07471921172,32552.39476734926
2020-10-14,45193.220539715294,34117.397659074944,32659.04399712796,28083.763407539736,32604.72519098861,33514.7952843232,32280.51113021388
2020-10-15,44889.92091602192,33888.429823903716,32504.03484775985,27950.469840391495,32385.90916586461,33289.87161930219,32063.870962474124
2020-10-16,44643.88198862137,33702.689400329335,32378.290264290277,27842.34109993614,32208.40396666928,33107.41185685712,31888.130835092852
2020-10-19,43915.063785094826,33152.48783969844,32005.808793997207,27522.04140101914,31682.59684435344,32566.92829319485,31367.552220648548
2020-10-20,44009.460222364185,33223.74987301799,32054.052544735572,27563.526575634587,31750.699313250763,32636.93165283309,31434.97749389829
2020-10-21,43975.414245325366,33198.047784885,32036.65246399716,27548.564111549436,31726.136785686835,32611.683530723534,31410.65921058907
2020-10-22,43973.876685072,33196.88704542093,32035.8666538993,27547.888387364947,31725.027510248463,32610.543292950842,31409.560965536395
2020-10-23,44060.521866206924,33262.297477886685,32080.148923890338,27585.9670540281,31787.537822332666,32674.798406293747,31471.449689123765
2020-10-26,43399.78097332705,32763.489038860196,31742.460131168395,27295.585847812978,31310.8451906167,32184.800227443233,30999.4971818212
2020-10-27,43738.67389659993,33019.327071402855,31915.660160643238,27444.521893543144,31555.340061761653,32436.1194919514,31241.560850907306
2020-10-28,42033.43171503095,31732.000677779488,31044.151858678266,26695.10516013245,30325.090213440293,31171.530645594376,30023.544330631357
2020-10-29,42768.44897100758,32286.882045138544,31419.80151571511,27018.12920734883,30855.36965260291,31716.61135837194,30548.550790208672
2020-10-30,41683.7270585479,31468.000620116465,30865.426212166065,26541.417593549442,30072.79519913347,30912.19351865286,29773.75808125423
2020-11-02,41876.531538842886,31638.0534985333,31008.792345994723,26678.7095182332,30239.740794043082,31081.008550503448,29940.03768598744
2020-11-03,42600.894573486265,32185.315547233535,31142.904323618906,26794.094021635392,30762.81540417607,31618.63506459372,30457.92815491137
2020-11-04,44502.539582770514,33622.023515350425,31494.98382069019,27097.00893384035,32136.024933472974,33030.04719978363,31817.5279391134
2020-11-05,45662.77006547149,34498.586896638924,31709.794346756717,27281.823193646476,32973.84668634861,33891.17710305499,32647.04612268784
2020-11-06,45696.89262064761,34524.36675916568,31716.111957039677,27287.258609170887,32998.48715168417,33916.50306464305,32671.44237878578
2020-11-09,44763.11671512128,33818.89161666777,31543.228296004156,27138.516522682265,32324.192020134233,33223.44908339349,32003.83012021577
2020-11-10,43961.20241871401,33213.03897131583,31394.758113191427,27010.778802179142,31745.116352420435,32628.263565693996,31430.493614705618
2020-11-11,44944.60623894514,33956.008399103215,31576.83011966716,27167.42616822958,32455.24862763233,33358.151677770584,32133.587838518157
2020-11-12,44733.65212847509,33796.63088650774,31537.773083912958,27133.823079566693,32302.915151443278,33201.58029350486,31982.76412448566
2020-11-13,45126.076191472646,34093.11039526821,31610.428319808358,27196.33269624576,32586.291102371408,33492.83974621615,32263.331564129916
2020-11-16,45478.188276825254,34359.13388347264,31675.62000664707,27252.420978180693,32840.55710292679,33754.17941149929,32515.077559267316
2020-11-17,45333.92825147215,34250.14428399763,31648.911027355018,27229.44165622461,32736.384536257232,33647.10877033751,32411.937436698972
2020-11-18,44998.89701500395,33997.025513327026,31586.8817691796,27176.074199583014,32494.452901128647,33398.44661177992,32172.40356230117
2020-11-19,45350.99931470838,34263.04160839623,31652.071644257405,27232.16092275238,32748.71183530451,33659.77901409729,32424.142561093253
2020-11-20,45040.77469635646,34028.66443551895,31594.63519998141,27182.74493681752,32524.69347222228,33429.52847372889,32202.34442205773
2020-11-23,45042.33061441582,34029.83994401959,31594.923269965635,27182.99278054232,32525.817026563647,33430.68328528396,32203.45684096211
2020-11-24,45675.168481705536,34507.95399896797,31712.089847825973,27283.79814961706,32982.79978918203,33900.379280666704,32655.91049219632
2020-11-25,45955.91383493901,34720.05935198238,31764.068362369413,27328.518354288004,33185.53068400406,34108.750136697854,32856.63214098377
2020-11-27,46379.377973938485,35039.98988567399,31842.470503862045,27395.972375338573,33491.32119072352,34423.04771678434,33159.391987953146
2020-11-30,46473.980727642265,35111.46302045385,31859.98570243116,27411.041741436147,33559.6354145926,34493.26243822184,33227.02915624303
2020-12-01,47169.57867675488,35661.43468770955,32063.25848848582,27599.889267010418,34086.71019179723,35035.311015318104,33752.849213431124
2020-12-02,47230.21184379977,35707.27494719751,32104.4735462089,27635.366978350925,34117.38416899851,35080.346436978725,33796.23612088314
2020-12-03,47297.03777244725,35757.797096361464,32149.898099153088,27674.468201693937,34151.19102936372,35129.9815462956,33844.05434518069
2020-12-04,47489.78809023003,35903.5213758966,32280.91905452687,27787.250371393653,34248.70232790486,35273.14727983117,33981.97952056856
2020-12-07,47758.68534996713,36106.81473434553,32463.700469745334,27944.587680760036,34384.73593486713,35472.8713263531,34174.39270119092
2020-12-08,47920.35908577267,36229.044305435345,32573.597291539223,28039.186304084513,34466.52576587617,35592.95485849088,34290.08059536974
2020-12-09,46835.38038849571,35408.77204445868,31836.089062693518,27404.34298468327,33917.64116284186,34787.08448248886,33513.70897204166
2020-12-10,47023.467748017145,35550.97100563921,31963.940398150207,27514.39676173501,34012.7934971004,34926.786793252366,33648.29750267884
2020-12-11,46919.32834684729,35472.238895719674,31893.152220002015,27453.462659263634,33960.10996145605,34849.43701800977,33573.77910324706
2020-12-14,47259.73410635656,35729.59454952463,32124.54113981643,27652.641060510166,34132.319315103065,35102.27416411916,33817.36118717528
2020-12-15,47764.9271437281,36111.53369361515,32467.943294303113,27948.23988248545,34387.89362312341,35477.50743275566,34178.859103680516
2020-12-16,48027.60712578341,36310.12662759128,32646.498549632135,28101.939334987866,34520.78194437558,35672.613582248174,34366.82342463531
2020-12-17,48341.59435836095,36547.509184346156,32859.929622850075,28285.65971353485,34679.62631426386,35905.828307857206,34591.50136354077
2020-12-18,48195.48342962322,36437.04550227581,32760.611532514467,28200.167208259438,34605.70961956703,35797.30408579147,34486.94965278849
2020-12-21,48105.31329037402,36368.87451958265,32699.318882382857,28147.40680784282,34560.09305473349,35730.330011366525,34422.42715335111
2020-12-22,48236.131088915,36467.7761953985,32788.24155261186,28223.950988545123,34626.27304112603,35827.49522646482,34516.035651719205
2020-12-23,47993.196357036766,36284.11118677885,32623.108021158856,28081.804887455306,34503.37373056363,35647.054906102756,34342.20031962979
2020-12-24,48204.9809587002,36444.22588256274,32767.06742502697,28205.724407585538,34610.51436595542,35804.358396947595,34493.74574204407
2020-12-28,48690.81609994581,36811.52995108652,33097.31115739731,28489.996526959145,34856.29562351559,36165.213544549304,34841.391846272054
2020-12-29,48734.425301603354,36844.49964766471,33126.954269429414,28515.5131665081,34878.35727265259,36197.60437749848,34872.59701810435
2020-12-30,48735.98452423964,36845.67846074228,33128.01414233545,28516.425499696386,34879.14607458936,36198.762493630464,34873.71274158565
2020-12-31,48855.897570758316,36936.335858933904,33209.524368089595,28586.589086025306,34939.809408443034,36287.82817955414,34959.51819271347
2021-01-04,48266.02433716464,36506.61050300187,32833.24812801206,28276.613973355477,34690.796595114676,35867.40357901927,34558.143923689
2021-01-05,48663.93052353274,36581.86770283383,32900.932803589465,28334.905286902987,34890.990932662724,35941.3430733157,34629.38441922533
2021-01-06,47989.81305872854,36454.36982897054,32786.26401112157,28236.150369651205,34551.829331462584,35816.07760584719,34508.69149238072
2021-01-07,49150.78876954235,36673.94867459305,32983.74841079106,28406.227642884365,35135.93878061986,36031.81176603085,34716.55075111438
2021-01-08,49782.759152618484,36793.4751434855,33091.24789639459,28498.80821844383,35453.89536567499,36149.24540274174,34829.697730973036
2021-01-11,49063.404082140434,36657.421344515365,32968.88409246714,28393.42621283099,35091.97384565379,36015.57381895412,34700.90553461343
2021-01-12,48985.37940764269,36642.66430197201,32955.611931939515,28381.99597896832,35052.718115135875,36001.0751628069,34686.93612004862
2021-01-13,49316.18830465681,36705.23118864451,33011.88321808586,28430.457867224355,35219.15450205718,36062.54654322759,34746.163622808046
2021-01-14,49052.48161038927,36655.355544416256,32967.02615714895,28391.82612404782,35086.47853778595,36013.54418969623,34698.94999251157
2021-01-15,48663.93052353274,36581.86770283383,32900.932803589465,28334.905286902987,34890.990932662724,35941.3430733157,34629.38441922533
2021-01-19,49373.92558110661,36716.15121426963,33021.70444972062,28438.916096325123,35248.20324823577,36073.27536617382,34756.50081364879
2021-01-20,50522.40653453708,36933.36688865866,33217.06346499327,28607.162948606598,35826.026342058845,36286.68773274398,34962.12303074276
2021-01-21,50926.577296470954,37009.808926604135,33285.81375799339,28666.371991888045,36029.37250935565,36361.79131939479,35034.48512600013
2021-01-22,50779.89287377223,36982.06605833654,33260.8624305128,28644.883440141435,35955.5727247913,36334.53421104344,35008.222978492704
2021-01-25,51199.653830427866,37061.456716936314,33332.26464828334,28706.376370831334,36166.76262212169,36412.53478988288,35083.37631760487
2021-01-26,51274.54867383902,37075.621805065304,33345.004417988785,28717.34809972105,36204.4436737769,36426.451856359716,35096.78537215218
2021-01-27,49845.18380560928,36805.28170680498,33101.86646059506,28507.953125321994,35485.302422112654,36160.84524067314,34840.874142310946
2021-01-28,50140.10528306852,36861.061097335376,33152.03322152139,28551.157681831624,35633.68315061438,36215.647969677,34893.6764181194
2021-01-29,49085.24411225016,36661.552015428795,32972.59912732516,28396.6256706093,35102.961989366144,36019.63216445629,34704.815739131096
2021-02-01,50411.72957596086,36993.44642087379,33276.810356666334,28676.243791004585,35819.97412007747,36347.46637823007,35019.75632565029
2021-02-02,51234.137789890825,37144.32291522604,33656.87132944274,28793.198854412396,36229.027530298095,36495.70826472398,35419.72382129633
2021-02-03,51030.89515871272,37107.03664403409,33562.946450280775,28764.29562312897,36127.93771872103,36459.073087020864,35320.87942161267
2021-02-04,51634.419876235486,37217.75744192062,33841.85440298739,28850.123160367148,36428.121787500466,36567.860476489834,35614.39578701295
2021-02-05,51809.53651967237,37249.8838054673,33922.781369336524,28875.026581551447,36515.22215805969,36599.42584894096,35699.561479834396
2021-02-08,52156.62883329586,37313.56029921957,34083.18375847194,28924.38674461963,36687.86062657715,36661.99042269832,35868.365294152565
2021-02-09,52145.69450478663,37311.554320770396,34078.13065776175,28922.831768559743,36682.42205691137,36660.01947267825,35863.04752626512
2021-02-10,52026.859375765554,37289.753191636584,34023.21316791819,28905.932168319465,36623.31526060666,36638.59903522463,35805.25361304263
2021-02-11,52313.003023497884,37342.24822964783,34155.4492415236,28946.62479261167,36765.638784296374,36690.17740400744,35944.415839586574
2021-02-12,52605.3843093307,37395.88760565778,34290.56792593487,28988.20447438604,36911.06481485981,36742.88012833974,36086.61165996815
2021-02-16,52463.09034404376,37369.782790206846,34224.809362302905,28967.968781878597,36840.2899481105,36717.23115561118,36017.40884805872
2021-02-17,52211.36447686436,37323.60193289716,34108.47883892934,28932.170726534925,36715.08530804686,36671.856709201325,35894.98525965127
2021-02-18,51983.08267648412,37281.72205234344,34002.98256390423,28899.70666308554,36601.54139231842,36630.708135819645,35783.963386993484
2021-02-19,51756.37628588458,37240.13119164731,33898.2143358072,28867.46663941065,36488.7810615936,36589.84353542599,35673.70769431047
2021-02-22,50414.85085658889,36994.01904146667,33278.25279964259,28676.687669807812,35821.52659786591,36348.02899971261,35021.27431972532
2021-02-23,50264.74384342075,36966.48086815944,33208.883578276684,28655.340880043706,35746.86563923924,36320.97169844652,34948.27173400348
2021-02-24,50679.091385213804,37042.49580027018,33400.366745801075,28714.26544111017,35952.95584130209,36395.65925654616,35149.78425030742
2021-02-25,48912.28900877138,36718.363642716664,32583.871216548534,28463.007634505273,35074.17505454888,36077.18710012865,34290.52298584331
2021-02-26,49117.11689604133,36755.94074014033,32678.52869293189,28492.13630581179,35176.053348535854,36114.108025650974,34390.13835412659
2021-03-01,50694.62927627625,37118.65512814907,33458.32490328033,28795.77810318485,36007.70777572919,36472.23436689495,35205.54194525789
2021-03-02,49881.542133489995,36523.31195919647,32921.6894808224,28333.924899473135,35430.18300334958,35887.259089320774,34640.883047083305
2021-03-03,48433.98754967258,35463.411134533875,31966.307179540618,27511.67881181191,34402.00461073419,34845.81641987869,33635.610016267725
2021-03-04,47641.27814750909,34882.98856638783,31443.121013469114,27061.40065866462,33838.953871204794,34275.501901096366,33085.10270402021
2021-03-05,48358.78081194935,35408.3446905986,31916.670926123195,27468.959562016433,34348.58628470313,34791.708957148025,33583.38172310768
2021-03-08,46989.54561517323,34405.78939462289,31012.979218801025,26691.200784403925,33376.037090723126,33806.6131449652,32632.49860508903
2021-03-09,48842.86437483345,35762.79112960845,32236.164832253668,27743.93075835839,34692.424275437224,35139.982717321924,33919.55982365652
2021-03-10,48703.441363223246,35660.7054696723,32144.146003276233,27664.7351085998,34593.394000811626,35039.67487745445,33822.7357073063
2021-03-11,49825.15434528889,36482.02476776108,32884.473685675184,28301.895269116845,35390.131521986536,35846.690913637045,34601.72381717957
2021-03-12,49420.96869207966,36186.079653191715,32617.712194381522,28072.308021937773,35103.04393311031,35555.8996783122,34321.03185491705
2021-03-15,49948.930251293816,36572.653602289734,32966.165465207516,28372.202983656272,35478.047869669295,35935.74144852081,34687.68159836622
2021-03-16,50223.075236796125,36773.38281793337,33147.10045036252,28527.923979811574,35672.76933557354,36132.97496821494,34878.065134531076
2021-03-17,50429.86663467723,36924.79567351586,33283.582240964104,28645.386505764363,35819.650461478566,36281.75097143758,35021.6740993456
2021-03-18,48885.16384852994,35793.76284394303,32264.08237607201,27767.95788462077,34722.469018039636,35170.415059766856,33948.93524106748
2021-03-19,49057.51878858304,35919.961292788525,32377.83619309973,27865.85966789861,34844.89039489423,35294.41576472615,34068.62936169005
2021-03-22,49977.48671231177,36593.56266984459,32985.01265601386,28388.423745630957,35498.331136715984,35956.2863850122,34707.51300261019
2021-03-23,49759.45820643293,36433.92199324121,32841.11440304281,28264.578269984206,35343.46844537093,35799.425848134815,34556.10028259309
2021-03-24,48920.24158117784,35819.44679270491,32287.23358937722,27787.882886935844,34747.3842558992,35195.651722988536,33973.295426864475
2021-03-25,48835.53904323703,35757.42751493943,32231.33013224548,27739.76979246922,34687.2211917329,35134.71250991309,33914.47265224483
2021-03-26,49568.0820686453,36293.796205564904,32714.806644444998,28155.87198538068,35207.536569685435,35661.74034871864,34423.19664482338
2021-03-29,49553.969089724524,36283.46266915544,32705.492114664907,28147.8554713006,35197.51231212445,35651.58677067375,34413.39570380732
2021-03-30,49304.55264785376,36100.83971636419,32540.87790468907,28006.180887268136,35020.35519545237,35472.144193565786,34240.18522507467
2021-03-31,50059.061802284814,36653.292027273266,33038.85200553267,28434.76037385264,35556.272816997734,36014.975556675396,34764.16388047898
2021-04-01,51012.34661680829,37369.7098583999,33699.03439852526,29012.964485619763,36262.340761747546,36720.65861214499,35453.59829176369
2021-04-05,52030.79761716694,37556.27132637778,34170.032368939676,29157.80639137044,36986.31093119628,36903.97980742712,35949.11912412692
2021-04-06,51994.65260794317,37549.650226316524,34153.31656623634,29152.665926078047,36960.617099639094,36897.47370522676,35931.53300064132
2021-04-07,52120.39651327094,37572.68419413526,34211.46872493667,29170.54895322201,37050.00268266197,36920.10761006461,35992.7128950208
2021-04-08,52664.1977569242,37672.298567598904,34462.95778231824,29247.88719379773,37436.56607979688,37017.99184204761,36257.29591845573
2021-04-09,52983.25048978526,37730.743152742376,34610.50851335961,29293.262185669,37663.36605445561,37075.42133872985,36412.52898877468
2021-04-12,52914.0940602681,37718.074968405286,34578.52608324542,29283.426907346675,37614.2059161884,37062.97318038343,36378.88136949251
2021-04-13,53531.77682968055,37831.223076822534,34864.18276250713,29371.272419246165,38053.28830609191,37174.15608810702,36679.41097762083
2021-04-14,52888.9512102857,37713.46926130675,34566.89839442389,29279.85114542374,37596.33301571919,37058.44746701092,36366.64827634725
2021-04-15,53690.50744245526,37860.299601978724,34937.59011979108,29393.84674481231,38166.12262859416,37202.72760077819,36756.64034391921
2021-04-16,53753.38680897308,37871.8179439696,34966.66962778941,29402.789312766614,38210.8206902748,37214.04588769094,36787.23389827225
2021-04-19,53261.4479448884,37781.7038033711,34739.16510722803,29332.826828011082,37861.12388339417,37125.49688480521,36547.88418452341
2021-04-20,52873.22889737159,37710.589223115196,34559.62737454158,29277.61515197439,37585.156743575964,37055.61745045146,36358.998685371225
2021-04-21,53325.88422073282,37793.50734247934,34768.9646313417,29341.990816253518,37906.92868060611,37137.09541542,36579.2352431699
2021-04-22,52683.05860133797,37675.75352696356,34471.68026325847,29250.569542431094,37449.97339023339,37021.3867943239,36266.47254189633
2021-04-23,53346.316802181085,37797.25021512439,34778.41398569362,29344.89669393966,37921.453266912344,37140.77328038599,36589.17658523054
2021-04-26,53693.650916524224,37860.875428539504,34939.04386661445,29394.29380291787,38168.35718033358,37203.29342615758,36758.16978115931
2021-04-27,53461.04372055962,37818.26607381739,34831.47117321582,29361.21290894951,38003.00737850886,37161.42412740836,36644.99623494308
2021-04-28,53280.2939615943,37785.15604657274,34747.880730871926,29335.507067879793,37874.52065349228,37128.88916809386,36557.0535936374
2021-04-29,53472.04093723169,37820.28056139243,34836.55700133217,29362.77690939742,38010.82479615069,37163.40362657365,36650.34686050789
2021-04-30,53121.56334881959,37756.07952141654,34674.47337358797,29312.93274231365,37761.68633099004,37100.31765542268,36479.82422733902
2021-05-03,52938.630576748896,37804.18854012299,34638.908194278265,29372.647490955438,37657.224248801496,37149.32806733213,36437.20035486553
2021-05-04,51985.95533923644,37634.10868034685,34483.04782207867,29240.50087791572,37182.81050609318,36982.19440490561,36273.248426902384
2021-05-05,51811.17235104485,37602.90490286597,34454.452829240574,29216.256540499344,37095.77197677627,36951.53115283811,36243.16891317009
2021-05-06,52201.68080664291,37672.62186490535,34518.341120696045,29270.424390925895,37290.23759389808,37020.040447320294,36310.37399173221
2021-05-07,52625.28789928404,37748.247883174394,34587.64444309354,29329.18338911115,37501.18568863644,37094.35643878851,36383.275224810044
2021-05-10,51296.24689130145,37510.97593637263,34370.20956285715,29144.830672802098,36839.34911098359,36861.19461990976,36154.55212272776
2021-05-11,51225.39481188607,37498.326807627265,34358.6179616126,29135.00270420074,36804.06615321313,36848.76460487741,36142.35873870459
2021-05-12,49899.53788882549,37261.623311327545,34141.70400670472,28951.091655756565,36143.81518793422,36616.161389553716,35914.18360600495
2021-05-13,50285.32221220645,37330.49688024259,34204.819416724116,29004.604216691525,36335.928279076645,36683.8419005343,35980.5756786712
2021-05-14,51395.453667860565,37528.6871919838,34386.44007301463,29158.591752125525,36888.75215655065,36878.599073443314,36171.62524654102
2021-05-17,51083.67084537306,37473.02501389702,34335.43151853049,29115.344019452983,36733.49037383161,36823.901099829476,36117.968561828515
2021-05-18,50738.81909736585,37411.45908393985,34279.01279399386,29067.509260339302,36561.7609092569,36763.401641704455,36058.62083584492
2021-05-19,50797.083394710084,37421.8609324734,34288.54499837206,29075.591164068934,36590.775396335965,36773.623304890825,36068.64790856064
2021-05-20,51779.673184343614,37597.281397977145,34449.29947618518,29211.887257002472,37080.0860042869,36946.00506074831,36237.74802165685
2021-05-21,51493.09068560121,37546.118200613404,34402.41376617501,29172.13508850468,36937.373492751394,36895.72813455548,36188.42822059643
2021-05-24,52359.151880546255,37700.73496905007,34544.10383523173,29292.267373978957,37368.6551265442,37047.66656404022,36337.47418826119
2021-05-25,52431.573718780106,37713.664344777004,34555.95225347337,29302.313085524587,37404.719793680975,37060.371971493965,36349.93772204221
2021-05-26,52614.24511642856,37746.27642964475,34585.83781248302,29327.651632752397,37495.68659751063,37092.41913563489,36381.37480222326
2021-05-27,52417.416177890496,37711.13681758361,34553.636039609926,29300.34927770859,37397.669613623264,37057.88822722659,36347.50126097692
2021-05-28,52582.74594972732,37740.65292475593,34580.684459427626,29323.282349255525,37480.00062502126,37086.89304354509,36375.95391071003
2021-06-01,52507.9230666919,37809.4185675242,34652.06116665498,29399.012579481805,37492.91308523144,37156.19961151422,36445.84501728862
2021-06-02,52610.47947413415,37827.880548422094,34668.981439979136,29413.367839620514,37544.173922388414,37174.34263184699,36463.64117809229
2021-06-03,52063.03733037792,37729.33120711034,34578.6616741787,29336.74001518215,37270.54555255929,37077.4958897185,36368.64595873968
2021-06-04,52946.522751618475,37888.37432667069,34724.42355467082,29460.405258212515,37712.138656669114,37233.79128228378,36521.953285080555
2021-06-07,53104.28924575306,37916.775107018635,34750.45266653938,29482.488510941017,37790.99518807807,37261.70139323931,36549.32980858673
2021-06-08,53129.53267863324,37921.319374775805,34754.61745540655,29486.021942491774,37803.61262987841,37266.167151424845,36553.71019009556
2021-06-09,53142.14943370681,37923.59061552001,34756.69903128887,29487.787963803406,37809.91887093545,37268.39915281356,36555.89951992594
2021-06-10,53695.922281149185,38023.2795963086,34848.06326851118,29565.301923984458,38086.71152058714,37366.365845304616,36651.99327835192
2021-06-11,53836.328953812124,38048.555299439104,34871.22826948228,29584.955248058068,38156.89108091525,37391.20486980354,36676.35742864673
2021-06-14,54352.23665193424,38141.42787859194,34956.34532340384,29657.169060912976,38414.75756786644,37482.4729250163,36765.88061480946
2021-06-15,53997.25087705674,38077.524113256695,34897.77797995923,29607.480179730414,38237.324792549254,37419.67320053226,36704.2814998415
2021-06-16,53800.04151904687,38042.02291453817,34865.24138548572,29579.87594020385,38138.753508327274,37384.785342411844,36670.060630227774
2021-06-17,54483.162153167534,38164.99680191034,34977.94607289594,29675.495264763806,38480.198147990064,37505.634657083516,36788.59953926633
2021-06-18,54055.62135422562,38088.03183931077,34907.40823566329,29615.650545727796,38266.5001468694,37429.99938863226,36714.41027115663
2021-06-21,54391.575327112485,38148.50954114041,34962.8356164321,29662.67546397233,38434.42024397392,37489.43224039623,36772.7068815122
2021-06-22,54898.62202462061,38239.786982279424,35046.49073778353,29733.64896457298,38687.857731110766,37579.13271618301,36860.69245734184
2021-06-23,54925.45309478885,38244.617053040194,35050.91746305745,29737.404624523162,38701.26872270986,37583.87933966323,36865.34833454305
2021-06-24,55265.03878797215,38305.74852924056,35106.94402335667,29784.937890231362,38871.004064979046,37643.9546707888,36924.27514129493
2021-06-25,55197.132564341846,38293.524198896135,35095.74051210962,29775.43276490997,38837.06245218007,37631.94153551259,36912.49167397744
2021-06-28,55868.41041656688,38414.36617448836,35206.49131763581,29869.394404503008,39172.58770631272,37750.695770626706,37028.97555733565
2021-06-29,56070.59106383499,38450.762293861895,35239.84810048293,29897.694496705255,39273.643793342075,37786.46308820111,37064.059072836135
2021-06-30,55982.129898690815,38434.837707755294,35225.253331319866,29885.312208075135,39229.428190492246,37770.81362506274,37048.70879722637
2021-07-01,56104.222641023945,38538.686076456695,35328.78095996749,29988.30620596934,39340.349520167576,37874.595636538645,37152.41864734517
2021-07-02,56748.21937667673,38649.278796721424,35430.16235916133,30074.362283745835,39656.45052422842,37983.282646185726,37259.033258003416
2021-07-06,56993.48496013489,38691.397935779576,35468.77337478997,30107.136664355978,39776.8373102175,38024.675997051694,37299.63733755943
2021-07-07,57113.73950026439,38712.04909126039,35487.70448555931,30123.206053353533,39835.863356117065,38044.971296141855,37319.54565427286
2021-07-08,56768.80106920313,38652.813263960365,35433.40243891731,30077.112576774925,39666.55289480375,37986.75620822467,37262.44058759673
2021-07-09,57123.227655548835,38713.67847980402,35489.19816154438,30124.473937775783,39840.52054651269,38046.57260740298,37321.11643239255
2021-07-12,57346.34592630533,38751.99428971058,35524.322629142924,30154.288814464737,39950.03648891721,38084.228167289584,37358.05399162308
2021-07-13,57346.34592630533,38751.99428971058,35524.322629142924,30154.288814464737,39950.03648891721,38084.228167289584,37358.05399162308
2021-07-14,57449.199716486764,38769.657237076564,35540.51442109419,30168.03297383301,40000.521506228455,38101.586750441966,37375.08158848474
2021-07-15,57045.69715042464,38700.36426718383,35476.992896122145,30114.11368156694,39802.46527517617,38033.48782250911,37308.281142770196
2021-07-16,56583.6652409211,38621.02012940757,35404.257369892824,30052.373222744343,39575.680351562885,37955.510926314804,37231.79107781129
2021-07-19,56120.04286012839,38541.40286206924,35331.27146319456,29990.42023222184,39348.11475695609,37877.265607069916,37155.03770798162
2021-07-20,56771.957160667574,38653.35525543506,35433.89928766037,30077.534319366925,39668.10203880649,37987.288860215675,37262.96308319966
2021-07-21,57210.26122662582,38728.62464155746,35502.89945026858,30136.104070891557,39883.24032703542,38061.2612200241,37335.524968617756
2021-07-22,57588.44050763071,38793.56887670439,35562.434448711596,30186.639459998194,40068.86681211299,38125.08634969845,37398.133107092995
2021-07-23,58260.92656025073,38909.05403024938,35668.300788055465,30276.50251184925,40398.95158534501,38238.5814872391,37509.464166248916
2021-07-26,58306.796746274915,38916.93125752495,35675.52191726771,30282.632058906842,40421.46662471707,38246.322975782314,37517.058043287485
2021-07-27,57664.38054146575,38806.609959762514,35574.38933366488,30196.787184507128,40106.14141245601,38137.902711541756,37410.705091844575
2021-07-28,57885.918281378625,38844.6543471668,35609.26498567241,30226.3908578193,40214.881563060735,38175.291526021836,37447.380991859776
2021-07-29,57988.75716089172,38862.31473394314,35625.45443030678,30240.13302470289,40265.35926158141,38192.64759270812,37464.40612023827
2021-07-30,57686.52785416742,38810.4132889141,35577.875881694985,30199.746688428313,40117.01225604057,38141.64050252111,37414.371612170056
2021-08-02,57791.24939614111,38911.175431204836,35670.6473197739,30300.341402215876,40219.29537246346,38242.38964098395,37510.14531519279
2021-08-03,58141.550297301495,38970.14040781756,35886.864481224045,30346.25774379141,40389.94769338329,38300.34115691851,37669.32366333483
2021-08-04,58225.57810236821,38984.28452661419,35938.72918792114,30357.271844487426,40430.88261507186,38314.2421736391,37707.506286229065
2021-08-05,58594.87823941972,39046.44758092603,36166.67329851841,30405.678546213225,40610.790589316544,38375.336800304576,37875.31797495085
2021-08-06,58338.109740107015,39003.22660003016,36008.18739143881,30372.02213801894,40485.70344223338,38332.858680122416,37758.641182398744
2021-08-09,58445.87663236683,39021.36663980933,36074.70463837005,30386.14788368258,40538.20307960667,38350.686937923994,37807.610956206045
2021-08-10,58146.31006394508,38970.94160338369,35889.802364710595,30346.88163904918,40392.26645768585,38301.12858193391,37671.48652329139
2021-08-11,58046.45454113783,38954.133257908485,35828.16827349077,30333.79289083805,40343.620917045584,38284.60912993721,37626.111712319835
2021-08-12,58255.675162368694,38989.350663849815,35957.30607670374,30361.21687255565,40445.5446759599,38319.22123662873,37721.182529364436
2021-08-13,58460.15095346219,39023.76938843704,36083.51521572981,30388.018916845787,40545.15694702866,38353.048389303854,37814.09727366992
2021-08-16,58485.508162160695,39028.03768238924,36099.166513425385,30391.342660096652,40557.509945556834,38357.243321943424,37825.61970647199
2021-08-17,57970.37295737149,38941.32669991054,35781.20823420427,30323.820355865257,40306.55707048974,38272.02268468584,37591.53988910203
2021-08-18,57412.42972580243,38847.409985760736,35436.82744220354,30250.686909974538,40034.74986961366,38179.720164287675,37338.00790655789
2021-08-19,57689.82056134707,38894.10225539605,35608.04212899158,30287.046429212427,40169.8833783508,38225.60991042568,37464.05558398455
2021-08-20,58287.37540736839,38994.686659843064,35976.87250364813,30365.372041076807,40460.98774323436,38324.46552017794,37735.58726717137
2021-08-23,59159.164507289956,39141.431997116895,36514.969219767954,30479.64341737423,40885.68785893892,38468.68867161239,38131.73226249986
2021-08-24,59339.861380507136,39171.84809615618,36626.50123376082,30503.32859581593,40973.716010437594,38498.58199387586,38213.841756645794
2021-08-25,59408.016658314686,39183.320445638135,36668.568898036254,30512.262175505904,41006.9184838034,38509.85716232334,38244.81182981041
2021-08-26,59030.785236469004,39119.82234473964,36435.729339328034,30462.81586588719,40823.14671088301,38447.45043518764,38073.396128629625
2021-08-27,59604.5462281078,39216.401609426684,36789.87336965172,30538.022654072818,41102.65967973945,38542.36974352924,38334.11577443945
2021-08-30,60273.44778542887,39328.99556665889,37202.74126560763,30625.70016870273,41428.52125430466,38653.02849184914,38638.06773291658
2021-08-31,60224.316637689444,39320.72548522942,37172.41591597873,30619.26021221353,41404.586561692064,38644.90055246425,38615.74231236077
2021-09-01,60424.1521271648,39437.44707179155,37330.726088344505,30732.283060633745,41553.14688824239,38761.33486563303,38761.038007560725
2021-09-02,60395.576122143335,39432.78433688752,37318.36678007145,30728.64954752435,41539.390834971906,38756.75206827151,38748.20627426364
2021-09-03,60581.32514186923,39463.092927504505,37398.70444079366,30752.268016856375,41628.80758193741,38786.54105091147,38831.6147800897
2021-09-07,60667.063131106406,39477.08275969822,37435.78667950752,30763.16982442648,41670.08054316361,38800.29104257625,38870.11445877094
2021-09-08,60455.89991913105,39442.62734585769,37344.45721512745,30736.319874674653,41568.42979140467,38766.426329507965,38775.293996071945
2021-09-09,60247.923455359676,39408.69191240175,37254.5060400993,30709.875128217223,41468.31309165967,38733.07268232345,38681.90450677204
2021-09-10,59790.66249123875,39334.080830269966,37056.7376952043,30651.733211378254,41248.19463296558,38659.740726428165,38476.576619463725
2021-09-13,59749.37939009256,39327.34468375417,37038.88248510232,30646.48395805896,41228.321577298375,38653.12006385249,38458.038907730166
2021-09-14,59579.504266349795,39299.62623017026,36965.41038777157,30624.88389574739,41146.546281914016,38625.87681315,38381.75839615972
2021-09-15,60022.4622667008,39371.903503627575,37156.992607688015,30681.207153668773,41359.779511850735,38696.91497099418,38580.66369863452
2021-09-16,60063.75534201977,39378.64127762501,37174.85213168469,30686.45767522999,41379.65736893268,38703.537233150084,38599.20588915805
2021-09-17,59352.45718421853,39262.57905181502,36867.211046105345,30596.014270733183,41037.249277159186,38589.46476856401,38279.80546041513
2021-09-20,58126.04287307229,39062.465536609445,36336.77886950958,30440.072512123046,40446.872120410466,38392.78198295335,37729.09792307601
2021-09-21,58197.57265318099,39074.13702120428,36367.71596524439,30449.167709073838,40481.30546631945,38404.25337257922,37761.21756542857
2021-09-22,58741.16506981962,39162.83477068748,36602.82322558702,30518.286893877328,40742.982570417604,38491.43049516301,38005.31161942202
2021-09-23,59283.17159298587,39251.27375058961,36837.244576674704,30587.204428215064,41003.896249569865,38578.3532844901,38248.69354580842
2021-09-24,59338.78758042031,39260.348588224806,36861.29885343929,30594.27614517771,41030.6689382387,38587.27254385757,38273.667278745444
2021-09-27,58865.13905041797,39183.06355375539,36656.44277957654,30534.050506859254,40802.661755103625,38511.312477642925,38060.98073949748
2021-09-28,57199.40232489989,38911.26598215097,35936.00079767708,30322.24776450867,40000.80148409605,38244.17458118224,37313.000418631826
2021-09-29,57105.635126572924,38895.96602723553,35895.44587374165,30310.325022190547,39955.66338399281,38229.136927431595,37270.895314015455
2021-09-30,56895.80845375041,38861.72869593502,35804.69447124939,30283.6450168564,39854.65602181092,38195.48655811425,37176.67500917398
2021-10-01,57348.639760355654,39019.18085237132,36052.585451920735,30428.413902094297,40120.749438557745,38351.95363093118,37430.218974836374
2021-10-04,56144.912934906504,38814.4306427406,35863.378041702315,30268.743086005816,39278.62968544546,38150.70464519252,37233.781611888524
2021-10-05,56902.82000598435,38943.34829116626,35982.509418583744,30369.277225479756,39808.85672872829,38277.41780478474,37357.465211235496
2021-10-06,57267.43311183533,39005.36785264711,36039.82101124017,30417.642079478966,40063.93777551493,38338.376833185685,37416.966782103016
2021-10-07,57792.86585610634,39094.742337174524,36122.4109865449,30487.339184589222,40431.52723479072,38426.22301607604,37502.71266772165
2021-10-08,57504.67342711883,39045.721696443055,36077.11155316811,30449.111308169016,40229.909615230536,38378.04062717757,37455.68226217202
2021-10-11,57063.63464860935,38970.70236444354,36007.78701596962,30390.608813913313,39921.361646190504,38304.3041240359,37383.708710717925
2021-10-12,56864.597178065,38936.846706368364,35976.50137578787,30364.20707999653,39782.1162775477,38271.027396937876,37351.22759040481
2021-10-13,57319.973888364904,39014.30487621522,36048.07961613944,30424.61145865125,40100.694973929036,38347.1610338556,37425.54096303052
2021-10-14,58375.62534856383,39193.86792424486,36214.0118481498,30564.640513908085,40839.22212829699,38523.65355787931,37597.813761683276
2021-10-15,58743.43076745107,39256.4304882987,36271.82522349432,30613.42881882401,41096.536497303525,38585.14630352168,37657.83628925067
2021-10-18,59334.13856983139,39356.90805830113,36364.675437613696,30691.784468030968,41509.79197868436,38683.9057093799,37754.23447571546
2021-10-19,59783.15563303401,39433.28447184845,36435.2540389012,30751.345258239715,41823.921505760656,38758.97608800601,37827.51001128491
2021-10-20,59705.131305959854,39420.012775158655,36422.98981038388,30740.995561186115,41769.336174883836,38745.931337025446,37814.77714471403
2021-10-21,60069.74940760588,39482.03318640879,36480.30218830273,30789.361077862817,42024.42071669742,38806.89120066464,37874.27953085025
2021-10-22,59565.01424222257,39396.179296028255,36400.96555521515,30722.409445597554,41671.31115406798,38722.505409841935,37791.9113034595
2021-10-25,60174.83595646008,39499.90808331428,36496.82018336368,30803.30049888487,42097.938608552584,38824.460437242706,37891.42870797397
2021-10-26,60364.31147528078,39532.13728297837,36526.60283126843,30828.433868083983,42230.49449561656,38856.1385183312,37922.34940399355
2021-10-27,60504.42354322302,39555.96991233949,36548.626301174736,30847.019320995056,42328.51602140547,38879.56361027646,37945.21442997938
2021-10-28,61176.33799412367,39670.26048206613,36654.24095597468,30936.146792817344,42798.58316582912,38991.899813880176,38054.86480917752
2021-10-29,61477.26470469092,39721.44718470453,36701.54202326687,30976.063834161974,43009.10960908025,39042.21122507659,38103.97333464578
2021-11-01,61787.41780298672,39857.040114737625,36829.753218636615,31103.82199991292,43252.28932913,39177.19564506247,38233.26333259207
2021-11-02,62045.7787124035,39898.70532127734,36937.56854855929,31136.336885404315,43378.90069250169,39218.150164963416,38345.18729372256
2021-11-03,62704.425896781446,40004.92367697153,37212.4253898928,31219.228054302974,43701.674823399655,39322.55674597908,38630.518391331076
2021-11-04,63508.21094484149,40134.54804668192,37547.84900463055,31320.384916060284,44095.574663055675,39449.97010282615,38978.724343537324
2021-11-05,63568.818074816234,40144.32200433626,37573.14067018725,31328.012362083522,44125.275562365365,39459.57734533158,39004.97982496768
2021-11-08,63482.691099822405,40130.432526203294,37537.19944268049,31317.173227262523,44083.068504990995,39445.92478109748,38967.6689476246
2021-11-09,63045.721298619086,40059.963518101984,37354.849708003785,31262.180298644194,43868.92874829369,39376.65776829787,38778.37022145321
2021-11-10,62119.130753214245,39910.53461827659,36968.178730642816,31145.56828659773,43414.84731428014,39229.77768873215,38376.96396993521
2021-11-11,62291.37469541955,39938.31196061293,37040.05700935753,31167.245296753925,43499.25652465317,39257.081230799675,38451.581389172
2021-11-12,62946.8394050069,40044.0170866945,37313.5857876714,31249.735949167218,43820.47106407484,39360.98333639977,38735.533813878465
2021-11-15,62932.48324121086,40041.70190468407,37307.594887037136,31247.929216782748,43813.435737116495,39358.707644627306,38729.314611746384
2021-11-16,63380.62172752841,40113.97205821838,37494.605371179045,31304.32773155727,44033.048777107986,39429.74508058347,38923.45169942311
2021-11-17,63414.11277119758,40119.37307362298,37508.581355126444,31308.542600797162,44049.46127042698,39435.05397045209,38937.96028076504
2021-11-18,64071.173722071406,40225.33562147566,37782.77625309954,31391.234141196037,44371.45805777467,39539.20910696031,39222.60420964721
2021-11-19,64428.40651731802,40282.94564549325,37931.8513270558,31436.192116678605,44546.522200989486,39595.83647235867,39377.36024290307
2021-11-22,63680.43987537326,40162.32296812386,37619.721018897064,31342.060036987776,44179.976516865136,39477.27126529265,39053.33525960004
2021-11-23,63390.20417913853,40115.51739580986,37498.60417728382,31305.533689213687,44037.744716851885,39431.26405923256,38927.6028922021
2021-11-24,63594.33291594415,40148.43671785009,37583.78814398791,31331.223421138384,44137.779268242186,39463.621873859905,39016.03305315571
2021-11-26,62388.65534385408,39954.00016328451,37080.65272188129,31179.488128502417,43546.929508758156,39272.501838589305,38493.72412484635
2021-11-29,63742.63824274332,40172.35354058452,37645.67671596359,31349.887741253697,44210.45721191297,39487.13074550586,39080.28007748144
2021-11-30,62806.485261293084,40021.382531026844,37255.01528509545,31232.07229052242,43751.68964690695,39338.734860092416,38674.731304083194
2021-12-01,61837.95437101469,39949.058827672154,36909.10254763671,31197.59187916213,43322.237245663506,39269.35036748732,38306.69815610883
2021-12-02,62283.625871175376,40021.03792730226,37095.30762998287,31253.80283276623,43400.30452469959,39340.10478760731,38375.72735959434
2021-12-03,61200.60418019438,39846.12226370568,36642.812590297624,31117.20517731369,43210.594039462245,39168.16520498849,38207.98020802869
2021-12-06,61690.987676991776,39925.32266705258,36847.69869894364,31179.055495264816,43296.49341886023,39246.018062844116,38283.93476687788
2021-12-07,63548.738308687985,40225.362534440435,37623.88162567084,31413.366943335,43621.91143839207,39540.95293892622,38571.67819748643
2021-12-08,63833.0837526058,40271.28633488482,37742.68340406676,31449.230418001516,43671.719593288595,39586.09537453386,38615.71991768012
2021-12-09,62893.82107961953,40119.58876954051,37350.25202062622,31330.76457373223,43507.191053425144,39436.97884869917,38470.23932456044
2021-12-10,63577.50214107204,40230.008096824764,37635.89938264145,31416.994822719327,43626.94993452221,39545.51945996251,38576.133372291064
2021-12-13,62659.00415837451,40081.66417583632,37252.14365125341,31301.147954628697,43466.058698974346,39399.699518315545,38433.868982206
2021-12-14,62010.46719740588,39976.920869363865,36981.179772750635,31219.350305439984,43352.455931288074,39296.73835390819,38333.41833676325
2021-12-15,63424.1501669555,40205.24066830527,37571.82771335585,31397.653086263097,43600.08761249854,39521.173433799835,38552.38097927877
2021-12-16,61793.21230241521,39941.832667120674,36890.40895703265,31191.948721945904,43314.39987766321,39262.24715555301,38299.76814295654
2021-12-17,61484.919552149426,39892.04120731537,36761.60180438936,31153.06485911101,43260.396926720365,39213.302866397455,38252.017270433775
2021-12-20,60888.50231464511,39795.7156048392,36512.41395912189,31077.84088438085,43155.923854322,39118.61618400028,38159.63934894876
2021-12-21,62251.19827132787,40015.800640557776,37081.75912195012,31249.712855485064,43394.624254624316,39334.95661003198,38370.70471087749
2021-12-22,63009.33751258478,40138.24549054314,37398.51570117316,31345.334248597195,43527.42580840117,39455.318137224094,38488.131443204344
2021-12-23,63484.36426039721,40214.96567030655,37596.9856384726,31405.247674679777,43610.63518045593,39530.73297095441,38561.70742467047
2021-12-27,64533.59007722493,40384.42306118009,38035.36049428384,31537.58277730281,43794.42571807077,39697.30714995801,38724.21999813756
2021-12-28,64234.489323577436,40336.116173846094,37910.39383062541,31499.858268151635,43742.03290859904,39649.82217419862,38677.89285633298
2021-12-29,64224.90137944942,40334.567653051316,37906.3879116352,31498.648975023523,43740.353409888994,39648.300000519856,38676.40779806477
2021-12-30,64032.96206511251,40303.56809614761,37826.194146005844,31474.440355246166,43706.73182985767,39617.82788175246,38646.67868596885
2021-12-31,63633.11021221701,40238.989193645495,37659.132875164374,31424.008470004417,43636.69067586458,39554.34774901944,38584.74639972746
2022-01-03,64345.66113870445,40432.54622051037,38011.72322454178,31597.06576882056,43838.1639971013,39746.31260411835,38774.469428281016
2022-01-04,63511.065376944796,40065.39598292025,37518.69195345114,31310.146642827516,43440.088846557504,39385.39375215117,38422.37546032005
2022-01-05,61559.932174047965,39207.065457129924,36366.074450262306,30639.38187391607,42509.46149489617,38541.63107339057,37599.243756439944
2022-01-06,61516.68163974755,39188.03894792406,36340.52451713477,30624.51311221275,42488.83239067398,38522.92748789217,37580.99749527256
2022-01-07,60850.27905373881,38894.87921839474,35946.85212015871,30395.415797922527,42170.97993814187,38234.743354554215,37299.859797817015
2022-01-10,60890.33198005995,38912.49905555277,35970.51309003157,30409.18527907745,42190.0838869103,38252.06414247108,37316.75707240552
2022-01-11,61805.01853508364,39314.88234262983,36510.857404651666,30723.638190234895,42626.35975215524,38647.61805788149,37702.639236388495
2022-01-12,62050.114935704805,39422.70364468248,36655.64628985187,30807.897957984016,42743.26279797146,38753.609383966075,37806.03895177372
2022-01-13,60497.859484205976,38739.84496754667,35738.6628670074,30274.26024033856,42002.88721634254,38082.34039221664,37151.18326444678
2022-01-14,60874.30880161439,38905.45023737901,35961.047515920254,30403.67679632942,42182.44134969149,38245.134958985596,37309.99731548278
2022-01-18,59358.89862887195,38238.80030880066,35065.830168883134,29882.70582786019,41459.63977282011,37589.79961597784,36670.68568072881
2022-01-19,58706.91790742274,37951.984957282984,34680.67738168833,29658.56649318622,41148.666082640644,37307.85218193618,36395.632188047384
2022-01-20,57944.421428875365,37616.552193198426,34230.23822869318,29396.433813844153,40784.9799553029,36978.11248485683,36073.95500852042
2022-01-21,56337.69620628858,36909.7315091693,33281.0771916,28844.070361142658,40018.62405683148,36283.28817669106,35396.11995954917
2022-01-24,56595.593078412305,37023.183915966016,33433.42786062973,28932.730702515677,40141.63251301987,36394.815034695435,35504.91985668658
2022-01-25,55283.63008587662,36446.03322039655,32658.395429995326,28481.701243224015,39515.86865260868,35827.459916463034,34951.43722829904
2022-01-26,55197.123997483046,36407.977993708446,32607.292598334832,28451.961994102225,39474.60804988573,35790.05057466941,34914.94258824592
2022-01-27,54641.2723071217,36163.4511346806,32278.927324997076,28260.870104486123,39209.48479446194,35549.67389994697,34680.44340166426
2022-01-28,56355.31065903465,36917.48035095242,33291.482799230515,28850.125895592166,40027.025580359295,36290.90550277206,35403.551033183845
2022-01-31,58157.48151219091,37710.280275456294,34356.1018964816,29469.680067527508,40886.60271523867,37070.24978556411,36163.83944549682
2022-02-01,58653.10656564321,37979.45573498247,34689.80219554147,29701.888280144325,41170.02712224611,37336.55407496283,36426.07758577804
2022-02-02,59129.67974751225,38056.614116572266,34971.66671012152,29762.230095015428,41253.6674149645,37412.40634836103,36500.08015046518
2022-02-03,56732.35729388019,37668.481658204175,33553.79395648736,29458.690590093895,40832.92877630303,37030.84405091201,36127.82250630843
2022-02-04,57448.024118982205,37784.34989436009,33977.06805149058,29549.305498176498,40958.53085593667,37144.75091295314,36238.95167289593
2022-02-07,56985.87731122061,37709.52717856243,33703.73587378899,29490.790293842394,40877.42244331376,37071.19476807113,36167.18924408655
2022-02-08,57626.14885804895,37813.188731941336,34082.41817403596,29571.858949435707,40989.79238277605,37173.1015774905,36266.61098740765
2022-02-09,58847.27178341431,38010.89156589829,34804.63930123161,29726.472713492425,41204.10381029308,37367.45777190405,36456.22767528107
2022-02-10,57515.41927135663,37795.261336887794,34016.92825057809,29557.838806307347,40970.35894548692,37155.477650667526,36249.41683189549
2022-02-11,55690.92795690939,37499.871662430465,32937.85083232021,29326.82891880477,40650.15421427641,36865.088222010745,35966.108744795405
2022-02-14,55759.937213880716,37511.04443250061,32978.66567767401,29335.56659848751,40662.265584938774,36876.07186361279,35976.82454290852
2022-02-15,57146.34243862288,37735.50688116215,33798.64139294742,29511.10775478932,40905.58464533776,37096.73469599335,36192.1063636862
2022-02-16,57131.906007788966,37733.16958716103,33790.103108117146,29509.27987090932,40903.05100025093,37094.436966829875,36189.864666194015
2022-02-17,55432.58071086797,37458.04460175835,32785.05389814743,29294.1180104151,40604.81335141638,36823.96919415955,35925.992432098275
2022-02-18,54800.339460118266,37355.683173255726,32411.12103742465,29214.066119209234,40493.85275754923,36723.34050158939,35827.817637887245
2022-02-22,54249.954934393056,37266.57455180439,32085.601530499192,29144.378603371726,40397.25831079756,36635.74027751526,35742.35360420401
2022-02-23,52860.331557183556,37041.59107626695,31263.722470645014,28968.429977309133,40153.3744531657,36414.56523800666,35526.57206681365
2022-02-24,54636.68132206482,37329.18651430257,32314.32704356499,29193.344371859035,40465.13017077074,36697.292368157316,35802.40470571096
2022-02-25,55483.93035617482,37466.35823684698,32815.42414011427,29300.61969978556,40613.82539726337,36832.14209914644,35933.966035299316
2022-02-28,55649.22271227808,37493.11947976056,32913.18467614385,29321.548365373652,40642.834795136674,36858.450337760725,35959.63272981798
2022-03-01,54897.101373374695,37455.016174798395,32506.32781066803,29313.542857230765,40593.13035616112,36822.684666849105,35927.17761318841
2022-03-02,55818.260315780586,37612.13812744749,32888.17517460446,29436.511735809938,40763.41654111749,36977.154020394155,36077.89035935532
2022-03-03,55020.88876525445,37476.13057300929,32557.64131054504,29330.067689223317,40616.01379325162,36843.442602879935,35947.43072794656
2022-03-04,54223.537364875534,37340.1264555789,32227.11579931187,29223.626332553595,40468.614770358225,36709.73456434851,35816.974393345634
2022-03-07,52223.70577928257,36999.0154602527,31398.127028621508,28956.66149499224,40098.924290693074,36374.38234878112,35489.77775413284
2022-03-08,51980.972068391515,36957.61240495657,31297.506795374706,28924.258083542227,40054.052341146584,36333.678277334984,35450.06358269992
2022-03-09,53852.195339383485,37276.78669795402,32073.183652507098,29174.054526492837,40399.96818405917,36647.46413523879,35756.218345879046
2022-03-10,53254.16415772049,37174.7806024994,31825.282210359248,29094.22115531326,40289.415657538215,36547.18014973028,35658.3732102215
2022-03-11,52149.769851613215,36986.40421935655,31367.47842089372,28946.79151740893,40085.25643547893,36361.98401617523,35477.680941968865
2022-03-14,51148.252122113125,36815.575479572784,30952.319985861453,28813.095250234746,39900.11506033545,36194.039279259654,35313.82052613924
2022-03-15,52752.60684338704,37089.23004117316,31617.372012102845,29027.266433769026,40196.69736793259,36463.073889079395,35576.312366296064
2022-03-16,54709.02997434166,37422.936862430935,32428.366706838286,29288.43651784974,40558.363325666796,36791.14693096926,35896.40685722127
2022-03-17,55371.340125621144,37535.90701279017,32702.91366473231,29376.850723938565,40680.798514348455,36902.20987158108,36004.76880988586
2022-03-18,56504.68011820304,37729.22065764791,33172.71628910986,29528.144427468957,40890.30865935252,37092.259913915404,36190.1969425995
2022-03-21,56347.59964558698,37702.42746328775,33107.6018320568,29507.17518027929,40861.270636508096,37065.919053568134,36164.496677089046
2022-03-22,57454.9761734821,37891.31252358605,33566.64183980772,29655.00292588474,41065.98115449208,37251.61527657625,36345.67687290188
2022-03-23,56629.25840336099,37750.46995841523,33224.357637417284,29544.774838699814,40913.338301612246,37113.15047502079,36210.57945706533
2022-03-24,57887.947424231825,37965.16436958891,33746.121105706436,29712.801842782465,41146.020569072796,37324.220324552254,36416.516207144654
2022-03-25,57839.66767150421,37956.92929888313,33726.10773400492,29706.35680189138,41137.09553504865,37316.124281785014,36408.61705556194
2022-03-28,58734.5760096255,38109.573689611534,34097.07345354063,29825.821391229794,41302.52901212732,37466.191665499086,36555.03488531633
2022-03-29,59745.377919455,38281.98603074242,34516.08045326884,29960.757037615404,41489.38666833366,37635.693268735624,36720.41430535785
2022-03-30,59085.45556062052,38169.423165808315,34242.523305285766,29872.661586679158,41367.39288888901,37525.03073758454,36612.44302442221
2022-03-31,58353.11357269462,38044.50769481555,33938.94609975043,29774.89857440629,41232.011558408136,37402.22414228259,36492.6230161125
2022-04-01,58342.02604531537,38125.44374181521,33988.21605460018,29859.980119331005,41311.34973174046,37483.4821615902,36574.33701218107
2022-04-04,59543.19938596857,38321.6805496991,34163.18159585663,30013.673460931415,41523.9848313906,37676.41470584279,36762.59006260522
2022-04-05,58221.10434959678,38105.68865171404,33970.60233539331,29844.507864946077,41289.94383140221,37464.05971054109,36555.38564412198
2022-04-06,56957.03033135178,37899.1757015228,33786.47454358753,29682.76621341335,41066.173876028,37261.02405514519,36357.2745290625
2022-04-07,57092.46989706089,37921.302589571686,33806.20296755417,29700.096068093128,41090.14977074396,37282.778367466606,36378.50120012648
2022-04-08,56294.36046516382,37790.91470802551,33689.9485985904,29597.97583165468,40948.866183405225,37154.58597584713,36253.418058466676
2022-04-11,54962.57675643133,37573.339962609236,33495.9580648776,29427.570544127422,40713.11006725236,36940.6747853272,36044.695189594364
2022-04-12,54730.41699117132,37535.411805438416,33462.14116467517,29397.86508122681,40672.01248945067,36903.385267928876,36008.310113005675
2022-04-13,55842.91879498992,37717.162261727855,33624.19061554631,29540.212662527927,40868.95070303713,37082.07538386135,36182.66617893145
2022-04-14,54565.951777848255,37508.54297029351,33438.18480126531,29376.821317302696,40642.898392558614,36876.968854099534,35982.53441765109
2022-04-18,54607.890609092974,37515.39455623145,33444.293703336356,29382.187502930254,40650.322522997674,36883.70507204675,35989.10725160089
2022-04-19,55828.40597118294,37714.79128817985,33622.076645824694,29538.355707905757,40866.381601949084,37079.74433310739,36180.39166678615
2022-04-20,55014.17398293563,37581.76944958017,33503.47382996922,29434.17254726083,40722.24395411789,36948.96233538259,36052.78172877577
2022-04-21,53875.87608895664,37395.80466200511,33337.666864071354,29288.524287229353,40520.739243743505,36766.12884968159,35874.38278868908
2022-04-22,52465.0943771997,37165.323939226495,33132.16930810827,29108.010993926688,40270.99867782244,36539.52899450475,35653.27901312875
2022-04-25,53139.04750974106,37275.42829046139,33230.33879841052,29194.245099793556,40390.3037661451,36647.77939281737,35758.903845740184
2022-04-26,51133.3106684672,36947.74919381022,32938.17877439548,28937.60570639943,40035.242561669584,36325.61780398483,35444.55614425643
2022-04-27,51072.04495433627,36937.74015700688,32929.25467620699,28929.76659441481,40024.39713179825,36315.7773007846,35434.95431812425
2022-04-28,52885.91580576694,37234.07392812174,33193.4670796535,29161.856221242826,40345.49367647905,36607.12136118626,35719.231956746815
2022-04-29,50506.13061098386,36845.28620342947,32846.8223527127,28857.356340585724,39924.217375288885,36224.88010019185,35346.26178907017
2022-05-02,51449.333024924825,37082.78133667118,33064.94870466556,29065.04137484908,40173.202750002,36460.05994428332,35578.162723698435
2022-05-03,51504.26149293489,37092.679010649,33089.66283703471,29072.799053962524,40183.92528060834,36469.79140925611,35587.658803695915
2022-05-04,53245.73257241912,37406.478277422306,33873.20820676045,29318.751186061105,40523.87608619811,36778.32112845425,35888.72579651739
2022-05-05,50564.05640694293,36923.261516395694,32666.633508325,28940.011637488093,40000.38879805175,36303.218897896535,35425.11535338557
2022-05-06,49958.2506163963,36814.10012111323,32394.06146981808,28854.45223453393,39882.13006326514,36195.890620873804,35320.38313604221
2022-05-09,48003.54241077762,36461.87721663607,31514.573672563914,28578.384112320324,39500.55345425834,35849.58250189405,34982.451528539794
2022-05-10,48586.727622727325,36566.96256319093,31776.96796546888,28660.74875677361,39614.39644880813,35952.90317819069,35083.27308112719
2022-05-11,47145.73002680076,36307.3062333495,31128.615542407926,28457.23321451606,39333.100767611264,35697.607187993664,34834.15219822567
2022-05-12,47034.26022431383,36287.22025965758,31078.46159576372,28441.49006729458,39311.34086036917,35677.858512712446,34814.88120451207
2022-05-13,48777.34922627258,36601.31106321963,31862.73492226027,28687.670702459833,39651.60749896649,35986.67487299962,35116.227905139065
2022-05-16,48211.9409375117,36499.428977131094,31608.339054374628,28607.816735451586,39541.23471958716,35886.50366566877,35018.47964206485
2022-05-17,49460.69900741848,36724.44527015506,32170.196563873375,28784.18182895624,39785.00351761812,36107.74131996783,35234.365993148975
2022-05-18,47032.657469862505,36286.931456026236,31077.74046358763,28441.263706444162,39311.02798829607,35677.57455888362,34814.604118967225
2022-05-19,46780.64076441682,36241.520045917205,30964.349822208744,28405.670783449896,39261.832062479305,35632.925730499155,34771.03525782267
2022-05-20,46635.23503802676,36215.31908808139,30898.926982296703,28385.13478440501,39233.44755790384,35607.164758375395,34745.89739288825
2022-05-23,47410.69011204264,36355.04993776848,31247.82983795333,28494.65416204369,39384.823357488436,35744.54914509042,34879.9587218144
2022-05-24,46402.623290259886,36173.404297332345,30794.26727243777,28352.282470066617,39188.039654221386,35565.95383155257,34705.683277236174
2022-05-25,47052.03714750266,36290.4235201239,31086.460020783044,28444.00074473962,39314.811075539634,35681.00798167824,34817.954494025245
2022-05-26,48355.71357340404,36525.335665020764,31673.027112921125,28628.12208921355,39569.30043022064,35911.97530944328,35043.33517693307
2022-05-27,49934.02222734031,36809.734357701804,32383.160317175134,28851.030401110547,39877.40046397707,36191.598170565485,35316.19451165452
2022-05-31,49801.54976873097,36785.863872071015,32323.5565816998,28832.320998454856,39851.54064950571,36168.12853564721,35293.292560990485
2022-06-01,49533.20478241075,36819.40721390265,32257.737845013085,28880.231438923332,39879.54622265363,36202.787740516345,35329.53204963236
2022-06-02,50889.69869830303,37071.48772795987,32876.11685455757,29077.95716385037,40152.57767862776,36450.64662976019,35571.41227934276
2022-06-03,49565.58307507137,36825.42414959441,32272.49799713146,28884.950974568288,39886.06323853075,36208.70390981165,35335.305513688945
2022-06-06,49730.681463621586,36856.104778654495,32347.760684853813,28909.01610171551,39919.29379922604,36238.87072642807,35364.74466979536
2022-06-07,50159.64951183946,36935.820938706536,32543.312492108853,28971.543487434465,40005.63533706793,36317.25186968771,35441.2351640215
2022-06-08,49798.685504050874,36868.74213240046,32378.76139239331,28918.928529655153,39932.981470031635,36251.29644078434,35376.870660725035
2022-06-09,48464.842714192964,36620.87093135808,31770.708253623554,28724.504485821624,39664.50917193368,36007.576370648516,35139.029416744095
2022-06-10,46755.45023283971,36303.210431464395,30991.454902644313,28475.33944084752,39320.447239515706,35695.23577203161,34834.22285535013
2022-06-13,44581.49435289562,35899.21900228533,30000.423046118107,28158.458548655246,38882.87923263362,35298.010039313434,34446.578693101714
2022-06-14,44662.442617663495,35914.261812249795,30037.324581174806,28170.257757000596,38899.172282185275,35312.80092540332,34461.012804930244
2022-06-15,45777.74333108558,36121.52081568063,30545.751889568994,28332.826596778963,39123.65701747752,35516.58893562806,34659.88519912101
2022-06-16,43930.77223676222,35778.29375255031,29703.78117183548,28063.607771492785,38751.903630958615,35179.109940299626,34330.546609887795
2022-06-17,44464.940605289565,35877.55954014723,29947.290193726418,28141.469401878858,38859.41960702432,35276.71331097548,34425.79566789661
2022-06-21,45586.7868912539,36086.03492300441,30458.701403941435,28304.992339615805,39085.22181759637,35481.69732976376,34625.83522146167
2022-06-22,45520.282455679495,36073.676244421134,30428.38431477575,28295.298497586176,39071.83598323259,35469.54562356137,34613.97662927409
2022-06-23,46198.21024097071,36199.657188830664,30737.428319691404,28394.114836697227,39208.287469004,35593.41674888026,34734.85983155918
2022-06-24,47781.13942371741,36493.81671098414,31459.031394160105,28624.846295570653,39526.8952079742,35882.64994365591,35017.11636795227
2022-06-27,47430.81957065891,36428.71593345109,31299.33259918572,28573.7828546729,39456.383767844156,35818.63941722312,34954.649853700226
2022-06-28,45985.767908606766,36160.17852127276,30640.583153241743,28363.14874560037,39165.52764631971,35554.59923564913,34696.97864421998
2022-06-29,46027.92403021982,36168.01249434288,30659.8006819191,28369.2935204559,39174.01271737487,35562.30201216396,34704.49562034497
2022-06-30,45457.035607678365,36061.922931140594,30399.55224795588,28286.0794891381,39059.105827355575,35457.989144531064,34602.69890665127
2022-07-01,45857.04311100209,36217.51423547444,30632.36904273834,28429.68231722223,39219.318065255706,35612.64932854193,34756.04043927982
2022-07-05,46642.11067268873,36372.52491376014,30763.49169319788,28551.361142173846,39387.176438001465,35765.071190251154,34904.79602234291
2022-07-06,46941.18402952175,36431.576600726126,30813.443179087233,28597.714980250654,39451.122484761756,35823.13666137848,34961.46481589076
2022-07-07,47945.6773222666,36629.9126347705,30981.214501380266,28753.402935654623,39665.89713319065,36018.160306764694,35151.79746079612
2022-07-08,48005.80780177518,36641.78532811456,30991.257545102042,28762.722650858068,39678.75386671948,36029.83471554102,35163.19105922725
2022-07-11,46980.1878582463,36439.27786140915,30819.95763166434,28603.760243460387,39459.46204627222,35830.709304139586,34968.85531011924
2022-07-12,46525.06872270717,36349.41511666759,30743.943247375508,28533.22063091236,39362.15123988388,35742.34734738094,34882.61876733706
2022-07-13,46429.188964618836,36330.483769786806,30727.929328804024,28518.360080215592,39341.65081296854,35723.73217087733,34864.45135090765
2022-07-14,46594.97808455413,36363.21863897226,30755.619568325026,28544.05599008117,39377.09883457766,35755.920338552205,34895.86528061901
2022-07-15,47440.16597114673,36530.10000558753,30896.78356647599,28675.052956358802,39557.81176965685,35920.01463750879,35056.01253800643
2022-07-18,47038.70375593577,36450.83175744818,30829.731006560352,28612.829712152416,39471.97355973332,35842.07023981021,34979.94297556877
2022-07-19,48485.29290633919,36736.459105141694,31071.341554217423,28837.038782300064,39781.274456457046,36122.92735605527,35254.04449628208
2022-07-20,49254.092794603115,36888.25775020319,31199.747164055116,28956.196255608364,39945.654574180735,36272.19082835984,35399.71766024754
2022-07-21,49961.15269884066,37027.86590712285,31317.840909360442,29065.78455414052,40096.83382390556,36409.46740454686,35533.69225485366
2022-07-22,49085.05927912566,36854.88227888593,31171.51504283706,28929.99749190381,39909.51285564306,36239.37275718011,35367.68897841277
2022-07-25,48805.487836654924,36799.68122226146,31124.820783236268,28886.666285431867,39849.736589638,36185.09360743334,35314.715431979166
2022-07-26,47846.51762752688,36610.33366820719,30964.652765005503,28738.034022547872,39644.695410162865,35998.908326404846,35133.0085578695
2022-07-27,49868.50210439056,37009.57215485212,31302.36632844049,29051.42449646658,40077.023837125686,36391.47917425466,35516.13670438746
2022-07-28,50356.11089106331,37105.84994347687,31383.80716183645,29126.99972985281,40181.28138317889,36486.14903794226,35608.529426884306
2022-07-29,51274.46268964769,37287.1774395431,31537.191058664335,29269.336483015657,40377.63778107582,36664.448203103944,35782.539873783884
2022-08-01,51343.54239742653,37380.84637115079,31627.95663115885,29364.368393075427,40470.781355436426,36758.222994448115,35876.46458354825
2022-08-02,51190.4530916668,37352.98189666799,31561.935318909942,29342.479572340377,40440.61357748049,36730.82263671641,35849.721507351795
2022-08-03,52584.5155555373,37606.72148846496,32163.13886323935,29541.803641475683,40715.32752080944,36980.33588665137,36093.24941747522
2022-08-04,52830.42603143266,37651.48076244975,32269.19024438446,29576.964100901852,40763.78663816603,37024.34964042776,36136.20736650857
2022-08-05,52398.852866439935,37572.92818567945,32083.069949809775,29515.257454603438,40678.74083206855,36947.10545247145,36060.816117077586
2022-08-08,52229.49467423421,37542.10253785414,32010.032515653053,29491.04249660355,40645.36710741727,36916.793243344866,36031.23103916391
2022-08-09,51638.32057913813,37434.50027650772,31755.082704938897,29406.515992766144,40528.8703426978,36810.98322868079,35927.95920190481
2022-08-10,53079.59231949985,37696.83264148119,32376.64572747486,29612.59007872999,40812.88734585565,37068.94612869219,36179.73407135776
2022-08-11,52778.31268785766,37641.995377921725,32246.715837622833,29569.512896980345,40753.51718289801,37015.02224652873,36127.103718731465
2022-08-12,53805.93349179114,37829.03727171765,32689.887708011018,29716.44286997411,40956.02013424471,37198.948729835894,36306.61816178337
2022-08-15,54240.74720733613,37908.179675698455,32877.405522803114,29778.612852556987,41041.704523220535,37276.77292071232,36382.575500987296
2022-08-16,54113.73492218998,37885.06159726121,32822.63018957218,29760.4525432727,41016.675482838196,37254.03990202068,36360.38780340324
2022-08-17,53496.49906809988,37772.71571770539,32556.440981567917,29672.19971010204,40895.04298799982,37143.56527988445,36252.563253574626
2022-08-18,53625.16469536453,37796.13472839289,32611.92933531794,29690.596415449825,40920.39783597315,37166.59421843329,36275.039772471406
2022-08-19,52579.61657566003,37605.82980305882,32161.026128593563,29541.10318175522,40714.36212785522,36979.45905335141,36092.39361770859
2022-08-22,51195.34698433756,37353.87265612874,31564.045859646438,29343.179304688336,40441.57796794982,36731.69855949373,35850.576418437464
2022-08-23,51153.01125169101,37346.166938631446,31545.788146539227,29337.12611071774,40433.23528865068,36724.121190104066,35843.180815469765
2022-08-24,51301.216839193024,37373.142505544274,31609.703305870215,29358.31665384984,40462.440681107066,36750.64744610372,35869.07075794248
2022-08-25,52208.30645908486,37538.24597532395,32000.894883462286,29488.012990128238,40641.19175782811,36913.00091655948,36027.529682956214
2022-08-26,50068.39338592481,37148.75075273751,31078.035716471495,29182.046656199513,40219.50049653641,36529.99321116582,35653.709590917
2022-08-29,49574.93435363513,37058.93405035383,30865.226515390044,29111.491523401186,40122.25946168693,36441.67251532375,35567.507537580466
2022-08-30,49022.85544063335,36958.44767929421,30627.136897565695,29032.554877249917,40013.466793388274,36342.85986712921,35471.06521351612
2022-08-31,48737.854869850205,36906.573440968015,30504.227517440064,28991.805287510113,39957.30458209577,36291.84965740591,35421.27863996897
2022-09-01,48858.99274517078,37010.31297258665,30610.4815761079,29094.74125230759,40061.35384689646,36395.52677764028,35524.86737328265
2022-09-02,48168.70645943162,36879.59092804256,30178.01266005668,28991.977347920005,39919.85539460805,36266.976184409126,35399.391986557835
2022-09-06,47822.734950589555,36814.073035069494,29961.259225279515,28940.472075701822,39848.936365723355,36202.54662290465,35336.50371865426
2022-09-07,48788.8288728918,36997.02578286997,30566.523446825417,29084.29585651848,40046.971293542665,36382.4603042202,35512.11347799283
2022-09-08,49041.778706250945,37044.92782013613,30724.998187680263,29121.952859166795,40098.822258376196,36429.56663069346,35558.09291988299
2022-09-09,50113.93915648902,37247.966775175424,31396.713789346817,29281.56691535282,40318.59925155677,36629.23286304444,35752.98270677862
2022-09-12,50709.572522984054,37360.76404940134,31769.88202648804,29370.23970458404,40440.69525901278,36740.15643807856,35861.25275147049
2022-09-13,47928.8218690724,36834.16310374094,30027.723380212512,28956.265386641022,39870.682610844386,36222.302971229656,35355.787452661556
2022-09-14,48309.04439926309,36906.16723819225,30265.935306027823,29012.86965728314,39948.622591195526,36293.11102989408,35424.9016303626
2022-09-15,47504.51497623505,36753.810551920425,29761.892310105217,28893.09821402388,39783.705989879796,36143.28517250878,35278.659929532856
2022-09-16,47214.051634004856,36698.804443953515,29579.91510823687,28849.85652177864,39724.1653120173,36089.19278254393,35225.86154580618
2022-09-19,47581.71358723424,36768.42993589815,29810.25774964706,28904.59088140475,39799.53056035276,36157.6617108315,35292.69255015688
2022-09-20,47202.439217479754,36696.60535806463,29572.63985260584,28848.12776475978,39721.78493883073,36087.03022613221,35223.750722392186
2022-09-21,46357.23065315657,36536.5451136746,29043.111106053024,28722.30035968731,39548.52971678242,35929.62877604913,35070.11465332554
2022-09-22,45786.67765949012,36428.49740159675,28685.655888097343,28637.361321348446,39431.57481383823,35823.37586718959,34966.40354243386
2022-09-23,45041.19416298107,36287.32245889426,28218.60555502558,28526.380129427842,39278.76175186405,35684.5460110848,34830.89479489836
2022-09-26,44854.819465626235,36252.02799920002,28101.840576480325,28498.63426227835,39240.557702665545,35649.837835066806,34797.016913055064
2022-09-27,44872.80392809356,36255.43378278913,28113.10796096947,28501.311634869453,39244.2442507789,35653.18704447003,34800.28600217033
2022-09-28,45765.42051422687,36424.47185806881,28672.338146226666,28634.196739799434,39427.21741428248,35819.417192809924,34962.539568054424
2022-09-29,44446.121536528946,36174.63137406597,27845.788625223868,28437.79081836698,39156.7806878016,35573.72686151393,34722.726677588194
2022-09-30,43692.461430666845,36031.90799687455,27373.615592401373,28325.592362944073,39002.29154216137,35433.37429229044,34585.73164350483
2022-10-03,44817.46423811355,36325.83825880225,28109.509352816272,28578.044241226547,39312.209561938274,35724.0830133674,34871.87802264687
2022-10-04,46226.561079851774,36611.36804081498,28330.505192709774,28802.674519858083,39621.21293254413,36004.88285605536,35145.97933145588
2022-10-05,46201.98663120595,36606.38844199885,28326.65105667204,28798.756999725316,39615.823957679226,35999.9857467088,35141.1990435881
2022-10-06,45838.24391898393,36532.682097443176,28269.603433108077,28740.77118613437,39536.058166726725,35927.50038349924,35070.44283256232
2022-10-07,44091.62392228987,36178.758923291476,27995.67211645845,28462.334867991172,39153.03873884959,35579.4401183848,34730.68561155029
2022-10-10,43650.87275592264,36089.44811034589,27926.54686451678,28392.072800562142,39056.38562603874,35491.60878237259,34644.94950883408
2022-10-11,43051.179573469846,35967.930370338014,27832.49392606077,28296.473092523884,38924.877833800216,35372.10404266566,34528.295577517776
2022-10-12,43036.42979524937,35964.94157578871,27830.180643162443,28294.121765990974,38921.643328512284,35369.16475894768,34525.426410974265
2022-10-13,44045.73969707403,36169.46125656224,27988.475859544746,28455.020263352424,39142.97670490745,35570.29647201442,34721.76008861048
2022-10-14,42721.84108935198,35901.19546412491,27780.842092949642,28243.971807118814,38852.65660765858,35306.4746325413,34464.23176950688
2022-10-17,44132.57793067759,36187.05756447859,28002.09514233755,28468.863525243618,39162.01961671176,35587.60128855571,34738.652095448015
2022-10-18,44481.5810827451,36257.777185004226,28056.831085554553,28524.499641208153,39238.55314311432,35657.14940426737,34806.54112757597
2022-10-19,44319.36417651776,36224.906656519655,28031.389781327078,28498.639936065643,39202.98030716099,35624.82339202979,34774.98625853446
2022-10-20,44093.248594778306,36179.08813585354,27995.926922125807,28462.59386412469,39153.39501618993,35579.763877381105,34731.001647213896
2022-10-21,45127.143163314766,36388.58948596245,28158.07787709721,28627.411510525406,39380.11960818799,35785.79473601452,34932.117600363556
2022-10-24,45623.59811629019,36489.18773464446,28235.939437816312,28706.55356173979,39488.98810414894,35884.72652591563,35028.689353521
2022-10-25,46567.35912494939,36680.425034376225,28383.95428717904,28857.00262390303,39695.94714634106,36072.7958870247,35212.272284100334
2022-10-26,45538.40499130701,36471.924780328685,28222.5781657936,28692.972553795116,39470.30595116096,35867.74954081085,35012.11735763843
2022-10-27,44709.321336972986,36303.92491823241,28092.548750423186,28560.804709282624,39288.49471142572,35702.53267791237,34850.84177456015
2022-10-28,46077.459061290516,36581.15502379839,28307.120763161896,28778.905516208466,39588.51608380041,35975.170332319365,35116.97560564858
2022-10-31,45541.67988144879,36472.58838175096,28223.091783506738,28693.494618328405,39471.02410768661,35868.402149353715,35012.75439807986
2022-11-01,45176.30383930111,36478.28951265068,28250.10708325692,28719.30997679268,39468.97225085237,35875.66551098871,35022.230188836766
2022-11-02,43627.78806880999,36165.69635830769,28008.02364635669,28473.205805918806,39130.75105428776,35568.23641940673,34722.11443617574
2022-11-03,42775.54192308045,35993.65657928382,27874.789823379382,28337.75911879291,38944.60654309249,35399.0387506592,34556.941760280446
2022-11-04,43463.59336400137,36132.55098021039,27982.354667571744,28447.110494228185,39094.88824256299,35535.638605484644,34690.29208192167
2022-11-07,43941.44619187925,36229.01336414252,28057.05862416657,28523.055199632978,39199.25912357468,35630.507423474,34782.9040939093
2022-11-08,44261.66350092973,36293.65444860469,28107.119016322147,28573.947038673363,39269.199826466844,35694.08063228866,34844.96497863009
2022-11-09,43240.25845772271,36087.46718826012,27947.44014960427,28411.616085334,39046.10824259421,35491.29960121734,34647.00784499585
2022-11-10,46430.89536866803,36731.54926695879,28446.240590659778,28918.701041452172,39742.99558102985,36124.741394831595,35265.380880804645
2022-11-11,47286.44158884325,36904.25521981194,28579.99032272827,29054.672206339772,39929.86088251285,36294.594232165924,35431.19313967673
2022-11-14,46872.6291505572,36820.7204325949,28515.297964276808,28988.905380478267,39839.47747105683,36212.43944600753,35350.992709210776
2022-11-15,47521.26147104375,36951.65744139618,28616.700316400194,29091.99191177314,39981.149389254904,36341.21336543273,35476.70326429369
2022-11-16,46872.6291505572,36820.7204325949,28515.297964276808,28988.905380478267,39839.47747105683,36212.43944600753,35350.992709210776
2022-11-17,46769.17732107663,36799.83699419787,28499.12507478384,28972.463877456554,39816.88189778564,36191.90100360625,35330.94284968698
2022-11-18,46770.815837481,36800.16775544747,28499.381228250368,28972.724285344444,39817.23977659414,36192.22630065477,35331.26040834109
2022-11-21,46289.675736066856,36703.04178175832,28424.163363763317,28896.25713661457,39712.150901222914,36096.7048554618,35238.01129430365
2022-11-22,46956.38294063905,36837.627500594324,28528.39140881435,29002.21629242274,39857.770670027174,36229.06720795356,35367.2249182897
2022-11-23,47427.661221444425,36932.7627050124,28602.067549624728,29077.116111177373,39960.70556231978,36322.63077153572,35458.562726177726
2022-11-25,47115.662096234584,36869.78059494279,28553.29192719971,29027.53038044969,39892.559845326454,36260.689130730076,35398.09459658145
2022-11-28,46424.32082159551,36730.22208744474,28445.21277487533,28917.656154802007,39741.559592310776,36123.43614042438,35264.106676705036
2022-11-29,46072.91025649695,36659.28413569319,28390.27586110071,28861.8068005959,39664.80577160193,36053.67008904843,35196.000269106655
2022-11-30,48173.175944702794,37083.25700632557,28718.61577593622,29195.60007261845,40123.53818344124,36470.63889550827,35603.04992905562
2022-12-01,48332.26567371507,37195.05998244029,28827.758119060643,29304.894135252667,40236.30821510793,36582.2470094669,35714.38207948391
2022-12-02,48139.75143063264,37158.02155688309,28799.05176106671,29275.71265043907,40196.24134786606,36545.81881635713,35678.81809676723
2022-12-05,47331.80219590518,37002.57764216125,28678.576103776868,29153.24296743873,40028.08758320078,36392.93594247577,35529.562165571035
2022-12-06,46351.057061276675,36813.88897644023,28532.334347921947,29004.580724095442,39823.9708151212,36207.35604675652,35348.38490585806
2022-12-07,46161.82664323616,36777.4823363936,28504.11765061874,28975.897004481227,39784.5873912438,36171.54923007506,35313.427558241034
2022-12-08,46708.13711774883,36882.588740560735,28585.579592374823,29058.70724522104,39898.287805845175,36274.92393703071,35414.34983787303
2022-12-09,46410.29931742352,36825.28678191686,28541.168132820614,29013.56071939549,39836.300560568285,36218.566065883526,35359.32898220259
2022-12-12,46992.813963023335,36937.35862133803,28628.028583691972,29101.85882145846,39957.53593826291,36328.7914479613,35466.93941380817
2022-12-13,47497.9791359561,37034.5489504907,28703.355230012196,29178.43221980168,40062.673021083574,36424.38050245034,35560.26074521509
2022-12-14,47145.84534095333,36966.80081329548,28650.847536974732,29125.055457507646,39989.38546692733,36357.74856042129,35495.209557318965
2022-12-15,45562.862086566995,36662.24564643041,28414.804305724767,28885.105409872616,39659.9283894453,36058.21114045171,35202.77826393316
2022-12-16,45128.442819381045,36578.6663463711,28350.026786910417,28819.25574054352,39569.51523960787,35976.00886439011,35122.52612745422
2022-12-19,44494.22845327754,36456.64783381788,28255.45724053941,28723.120947622825,39437.51990044392,35856.00068716911,35005.36498449861
2022-12-20,44459.58409908531,36449.98249668136,28250.29132025223,28717.869524769376,39430.3095729488,35849.44516585042,34998.96498419735
2022-12-21,45104.522206341324,36574.064183792536,28346.459914816394,28815.629832169292,39564.536781849834,35971.482525470135,35118.10716990025
2022-12-22,44001.044110771145,36361.76253461394,28181.917090645515,28648.363614499212,39334.87631802331,35762.678685742736,34914.25692333805
2022-12-23,44099.98986406543,36380.79902177931,28196.671179333014,28663.361902163,39355.469320898905,35781.4015342483,34932.53559718422
2022-12-27,43476.49923911444,36260.84368378405,28103.700681155166,28568.85262372153,39225.70585147204,35663.422539426,34817.355496975884
2022-12-28,42902.49175276384,36150.40856370119,28018.108757510723,28481.8440446282,39106.24101924348,35554.80691065781,34711.31662942532
2022-12-29,43948.25662322232,36351.606582531516,28174.04579504206,28640.362038919193,39323.8899659395,35752.69005965763,34904.505264111256
2022-12-30,43921.85774847128,36346.52761932545,28170.109382145503,28636.36047337106,39318.39572201735,35747.69477571441,34899.62848663052
2023-01-03,43724.934056842816,36389.196037009824,28221.862787445658,28691.189016830744,39356.37704417808,35791.30764538781,34944.578887974225
2023-01-04,43933.23023882901,36432.53386454818,28315.986064998302,28725.358880430755,39403.24864460089,35833.93341600037,34986.19624450075
2023-01-05,43245.487189840154,36289.442957342995,28005.21402267074,28612.538347899994,39248.490083601886,35693.19354661321,34848.785911793326
2023-01-06,44439.12104746002,36537.78883566015,28544.584114842866,28808.347535155917,39517.08612166659,35937.459008059166,35087.27269220869
2023-01-09,44726.80048167788,36597.64303743947,28674.57848619851,28855.539792517622,39581.82084393535,35996.32978262638,35144.75073844569
2023-01-10,45105.39317923799,36676.41253228902,28845.654044147137,28917.645879687516,39667.01321507639,36073.80506483226,35220.3931584001
2023-01-11,45885.71059486472,36838.7643395144,29198.257879656077,29045.652737050114,39842.60321273962,36233.48937035493,35376.29975150389
2023-01-12,46133.693260232074,36890.359284182676,29310.31438025082,29086.332953893125,39898.405216847656,36284.23659053461,35425.846425372714
2023-01-13,46451.11827173083,36956.402311344864,29453.74995441526,29138.404812545166,39969.83340223879,36349.194505738895,35489.267606442925
2023-01-17,46545.35888439895,36976.00988830559,29496.334678044426,29153.864476038492,39991.03978393269,36368.47992278146,35508.09678103119
2023-01-18,45940.264724151675,36850.114799345196,29222.90938024316,29054.60204730044,39854.879190748296,36244.65333783038,35387.199608749856
2023-01-19,45488.93318754228,36756.211358054585,29018.965154845086,28980.563546463443,39753.31884892902,36152.292765657236,35297.02404580083
2023-01-20,46733.82468153122,37015.221832255374,29581.49715372455,29184.781272111617,40033.44907560725,36407.047599635975,35545.75204766892
2023-01-23,47772.05538315626,37231.23473591499,30050.64486234272,29355.097410994204,40267.07570346588,36619.511329447974,35753.189442124756
2023-01-24,47674.52342030491,37210.94236499766,30006.572868693213,29339.097819280647,40245.1286896146,36599.55236987295,35733.70265925619
2023-01-25,47568.71165464888,37188.92730928323,29958.75946139879,29321.73997063807,40221.318522992384,36577.89902986472,35712.56158055749
2023-01-26,48496.18327987374,37381.895826312386,30377.858209973223,29473.886681272048,40430.02172151724,36767.69700104938,35897.869428868304
2023-01-27,48978.926639794285,37482.33476992638,30595.99656862788,29553.07812206087,40538.65047148857,36866.48569476664,35994.32104084244
2023-01-30,47988.63651068179,37276.296318241,30148.51187739968,29390.626375161082,40315.81161389736,36663.83253290394,35796.462121994344
2023-01-31,48707.79652571646,37425.92379776014,30473.480376843247,29508.600691281514,40477.63974028616,36811.00157624543,35940.14953123982
2023-02-01,49849.31430019533,37742.35230755263,31043.902136060275,29779.246102779744,40806.80069990094,37123.874206843364,36243.619498997585
2023-02-02,51638.387662776404,38080.99451994186,31823.815661259167,30046.439549335344,41832.11027902468,37456.967140363966,37154.27484474426
2023-02-03,50720.657018581325,37907.28317739565,31423.747918444737,29909.378868112966,41306.16313776765,37286.10237939314,36687.1412243062
2023-02-06,50291.607352863626,37826.07112032613,31236.711632357205,29845.301418118823,41060.276780404674,37206.22113205638,36468.75086656651
2023-02-07,51333.59394629606,38023.3020738801,31690.946463801713,30000.919401700157,41657.4344251999,37400.220091716044,36999.13194615323
2023-02-08,50420.81540126811,37850.52808239674,31293.037497256242,29864.59830358925,41134.32530882157,37230.27732157755,36534.518991258316
2023-02-09,49975.20377225888,37766.181117610264,31098.78132882902,29798.04736751782,40878.94736773314,37147.312537783866,36307.69843679056
2023-02-10,49647.21609287399,37704.09843519691,30955.80115115658,29749.06326193805,40690.9791622132,37086.247194925425,36140.749590634805
2023-02-13,50442.35007600218,37854.60424274184,31302.42514140608,29867.81445116765,41146.66673022438,37234.28668649774,36545.48034537362
2023-02-14,50815.08700530112,37925.15722341718,31464.912928984533,29923.48174066005,41360.28052164097,37303.68352611785,36735.20698505349
2023-02-15,51204.37043868502,37998.84218563551,31634.61385974679,29981.6202074375,41583.37703718401,37376.161023971676,36933.35595257835
2023-02-16,50243.57044502178,37816.978522399106,31215.770828632678,29838.12723105831,41032.74705312134,37197.277533160464,36444.29962390968
2023-02-17,49889.054767184854,37749.8745254472,31061.22625945907,29785.18123800938,40829.57577572255,37131.27315928762,36263.8477744073
2023-02-21,48707.93531473827,37526.30800613163,30546.339025036417,29608.784124345035,40152.68173995436,36911.3701908112,35662.64674719838
2023-02-22,48744.37266459342,37533.2049981872,30562.223215460806,29614.225947634553,40173.56381479028,36918.15416289799,35681.193704592326
2023-02-23,49170.11921317674,37613.791829417714,30747.81956857393,29677.810085688576,40417.55717116756,36997.42042987728,35897.90274431625
2023-02-24,48346.81855570145,37457.95453289304,30388.916836299293,29554.852277013277,39945.727413783854,36844.136815631166,35478.834884625474
2023-02-27,48693.022333479494,37523.48522363852,30539.83798599128,29606.5569094391,40144.13518012193,36908.59366482914,35655.05589799769
2023-02-28,48630.077597447715,37511.5708186097,30512.398389606908,29597.156277070062,40108.06184620582,36896.87449935889,35623.016429101204
2023-03-01,48339.09973182179,37532.42717768715,30437.946336698136,29638.70763914826,39983.908490676215,36919.02742919339,35523.926453569286
2023-03-02,48739.15594365426,37749.89082352801,30500.931063436663,29700.03053204161,40215.54492100931,37132.93702511824,35729.72514516737
2023-03-03,49746.778744073956,38297.61717130289,30659.570886698602,29854.484689331166,40798.968304294256,37671.71177653419,36248.07093712728
2023-03-06,49803.20301836847,38328.28843208848,30668.45430705991,29863.133723208928,40831.638506868665,37701.88177104423,36277.09696267253
2023-03-07,49192.33679481517,37996.23210558761,30572.279717024016,29769.496671986704,40477.94103323913,37375.25230453529,35962.85244945051
2023-03-08,49438.0124329693,38129.77713847827,30610.958813805373,29807.155231957622,40620.189612710405,37506.61478543619,36089.23400132807
2023-03-09,48581.4550800179,37664.16735831413,30476.10268805144,29675.857246178442,40124.234590028944,37048.614554876025,35648.599967154034
2023-03-10,47899.205204240985,37293.30811160643,30368.689477801883,29571.27810249478,39729.20528878079,36683.81633169949,35297.63395881556
2023-03-13,48254.44008351406,37486.40765534983,30424.61754775116,29625.73052645256,39934.889732443626,36873.76001270285,35480.37546163972
2023-03-14,49363.30849078766,38089.169366007765,30599.197448163657,29795.70418655545,40576.935304973245,37466.67067355034,36050.8044679188
2023-03-15,49622.28078001788,38229.94222872572,30639.9699655939,29835.40093287534,40726.88277449935,37605.1428584746,36184.026142042094
2023-03-16,50930.335602285224,38940.97823365871,30845.909713816138,30035.90702025019,41484.25921498038,38304.55826611721,36856.92150774117
2023-03-17,50689.63265344615,38810.13626877725,30808.01351570852,29999.010702397354,41344.8898708966,38175.854676468545,36733.0980287656
2023-03-20,50869.54279719057,38907.932314995865,30836.338513311548,30026.588353109815,41449.05959066369,38272.05242321736,36825.64820319791
2023-03-21,51596.0924669798,39302.87216445635,30950.726269482187,30137.958021332444,41869.73890270034,38660.537695254665,37199.403108136794
2023-03-22,50894.478536237715,38921.48695198074,30840.264388384738,30030.410645101732,41463.49762564418,38285.38553418002,36838.47575672203
2023-03-23,51498.001910148225,39249.55183226241,30935.28292243511,30122.922142542116,41812.94351804732,38608.088787438,37148.942928649514
2023-03-24,51687.526952651344,39352.574371350325,30965.12168673648,30151.97361965527,41922.68035753562,38709.42760948448,37246.43924196398
2023-03-27,51333.39711544828,39160.07550938675,30909.367594270258,30097.690582834843,41717.63574395888,38520.07479320385,37064.2661997847
2023-03-28,51060.7305665467,39011.858683677725,30866.439056816387,30055.894702457677,41559.75916514136,38374.28030339803,36923.99986383786
2023-03-29,51991.78014801212,39517.96115241997,31013.02321607743,30198.61128096318,42098.84591129115,38872.1114427897,37402.95452073687
2023-03-30,52483.885331527024,39785.46102913518,31090.500104558487,30274.043964092183,42383.77958982516,39135.239517907,37656.10545278243
2023-03-31,53356.74463688511,40259.93226901379,31227.922804676895,30407.84080591164,42889.17360120685,39601.95638365233,38105.125609647635
2023-04-03,53327.02711509567,40283.77808271238,31300.628666626628,30487.800476380966,42908.05612330476,39627.046922333815,38133.057165788305
2023-04-04,53147.141208917994,40249.80140070677,31195.043520477855,30462.089524120973,42871.866037465705,39593.624149589545,38100.894475378445
2023-04-05,52622.445097490505,40150.697289070915,30887.06988993647,30387.09511817462,42766.305809232865,39496.13569557625,38007.08146384419
2023-04-06,52977.24522781666,40217.71160642234,31095.322022691606,30437.806424060058,42837.685760253225,39562.05750333486,38070.51793305699
2023-04-10,52947.259932248344,40212.04801179163,31077.721967844802,30433.520649152837,42831.653211936435,39556.486240189544,38065.156713833625
2023-04-11,52607.4472762599,40147.86451459983,30878.266825926654,30384.951491284348,42763.28849426213,39493.34910277807,38004.39992924644
2023-04-12,52142.737276308355,40060.0905236926,30605.502414838116,30318.530853462424,42669.7964850999,39407.00605873198,37921.3121311171
2023-04-13,53163.799706455946,40252.94784216828,31204.82132872608,30464.47051018054,42875.217453197256,39596.71929578139,38103.87293050254
2023-04-14,53063.84872122824,40234.06919339924,31146.154479236728,30450.184593823145,42855.10895880794,39578.148418630335,38086.002199758004
2023-04-17,53108.82666458071,40242.56458534531,31172.55456150694,30456.613256183973,42864.15778128313,39586.50531334831,38094.04402859304
2023-04-18,53112.15319064186,40243.19289648188,31174.50708657017,30457.088713959223,42864.8270236171,39587.123381361154,38094.6387946318
2023-04-19,53087.165444334925,40238.47323428962,31159.840374197825,30453.51723486987,42859.799900019774,39582.48066207339,38090.17111194566
2023-04-20,52682.405341734244,40162.022524020875,30922.263926457257,30395.66518911573,42778.36882424178,39507.27629941583,38017.80205231879
2023-04-21,52737.37838360948,40172.405780843845,30954.5306936764,30403.5224431123,42789.428496155895,39517.490281848906,38027.63095422828
2023-04-24,52627.442646751886,40151.64122150937,30890.003232410938,30387.80941399249,42767.311233952336,39497.06423943381,38007.97500038142
2023-04-25,51634.68414207949,39964.12992205105,30307.297482785718,30245.915215265642,42567.5845501616,39312.60986723395,37830.47479974874
2023-04-26,51947.83802856077,40023.278135748704,30491.10509492029,30290.674056002164,42630.58596185308,39370.79380951295,37886.465131151315
2023-04-27,53360.333763278686,40290.069011323925,31320.178209950252,30492.56096962677,42914.7568731432,39633.23529226644,38139.012226064355
2023-04-28,53728.45551818876,40359.59950468881,31536.24955271756,30545.176324923195,42988.816915936455,39701.63225575301,38204.83053439036
2023-05-01,53766.80978008139,40447.95421424594,31593.003789687846,30636.36619410743,43076.412506882196,39790.176936462776,38293.807378548285
2023-05-02,53297.87548527003,40359.76116160989,31524.102719132654,30569.56641349566,42982.48834105999,39703.418107090205,38210.31124629725
2023-05-03,52949.08506553578,40294.16371611073,31472.854530239256,30519.881151028116,42912.628129122415,39638.8874279581,38148.20734104599
2023-05-04,52762.18825831378,40259.0138024891,31445.3935613073,30493.257664843357,42875.19404313768,39604.30913332819,38114.929415533246
2023-05-05,53883.62093248059,40469.923032108076,31610.16699046489,30653.00596526431,43099.808940389456,39811.78849047354,38314.606197353045
2023-05-08,54017.126796770346,40495.03164507754,31629.78316500521,30672.023901345376,43126.549204589646,39836.48877925241,38338.37759437896
2023-05-09,53675.02255472589,40430.69167728359,31579.51738410766,30623.291086177487,43058.02818594419,39773.195128326086,38277.4641970151
2023-05-10,54259.1094152227,40540.54161532778,31665.337957332402,30706.494371949324,43175.01658228646,39881.258651999466,38381.46382828488
2023-05-11,54435.99250516045,40573.808236758356,31691.327598940345,30731.691402178316,43210.44499273603,39913.98428113046,38412.958760589536
2023-05-12,54240.73538428446,40537.085988610765,31662.63823923529,30703.876987703366,43171.33639606899,39877.85922177503,38378.19223878038
2023-05-15,54534.45035895531,40592.32532705915,31705.79412784662,30745.7167424142,43230.165392563154,39932.200240663165,38430.48968138712
2023-05-16,54596.191249374584,40603.937012659444,31714.865789898187,30754.51174414561,43242.53164876133,39943.62309336655,38441.4829604217
2023-05-17,55257.02921005009,40728.22162501266,31811.963493047344,30848.648238920025,43374.89273833586,40065.88655011848,38559.14851478954
2023-05-18,56283.341936183446,40921.241528394516,31962.760835739995,30994.846684423683,43580.45579427223,40255.767502897426,38741.88870688112
2023-05-19,56156.511883416526,40897.388443552416,31944.125546082352,30976.7797189798,43555.05264709548,40232.302324451164,38719.305971993934
2023-05-22,56345.088009686195,40932.85418878373,31971.833259348146,31003.64242448633,43592.82308860475,40267.191314537406,38752.88290879002
2023-05-23,55630.83837374453,40798.52437662268,31866.88771558101,30901.89742628326,43449.76402470834,40135.04601618806,38625.707134438024
2023-05-24,55345.4733465607,40744.85542312241,31824.958694629608,30861.24712320014,43392.60746262781,40082.24984415228,38574.89644237903
2023-05-25,56692.188744205814,40998.133853095365,32022.833180794532,31053.086990969623,43662.34486874912,40331.40938033999,38814.685957009264
2023-05-26,58140.7050844907,41270.558112221726,32235.665399863654,31259.428422624816,43952.472271343606,40599.403390163294,39072.60164638078
2023-05-30,58404.37372422531,41320.14659930806,32274.406544946367,31296.98807113711,44005.28320309794,40648.18545361812,39119.54918648891
2023-05-31,58072.28319946511,41257.689923705155,32225.61209137283,31249.68171192499,43938.767859987645,40586.744468190715,39060.418782333145
2023-06-01,58843.1204356726,41483.6576730926,32419.963688171076,31445.094879237084,44172.92097569794,40810.66381224765,39279.67823392719
2023-06-02,59284.421903145194,41561.43604587015,32590.182189995376,31504.051786558623,44255.7414921958,40887.180377835844,39353.324329631636
2023-06-05,59326.21673141355,41568.80228861538,32606.3032627228,31509.63548386842,44263.585266847054,40894.42711720601,39360.29921222205
2023-06-06,59316.180780725015,41567.03347529531,32602.43220265049,31508.294702887073,44261.70178654881,40892.686999541096,39358.62437395531
2023-06-07,58309.86515410549,41389.67265121435,32214.276823728716,31373.85314420699,44072.84318058538,40718.203519829025,39190.686530078776
2023-06-08,59033.67370115154,41517.242249643605,32493.46376410175,31470.5523772078,44208.68274181602,40843.70354247916,39311.47849986926
2023-06-09,59259.33462237591,41557.01447010059,32580.50554112346,31500.70018091875,44251.03327864115,40882.83053378161,39349.13766718729
2023-06-12,60260.66082912389,41733.49592035818,32966.73640440659,31634.475164056632,44438.95550355614,41056.44890584962,39516.242857378194
2023-06-13,60723.69041539189,41815.10382430203,33145.33586143142,31696.334900352274,44525.853808490705,41136.73287569423,39593.51502558462
2023-06-14,61165.007458576874,41892.884942263205,33315.560371108906,31755.293888554796,44608.67724813439,41213.252141930636,39667.16372062419
2023-06-15,61893.83657691926,42021.339404883096,33596.68384282697,31852.663858859778,44745.45903670511,41339.62267352126,39788.793542770574
2023-06-16,61504.33992888292,41952.691512864796,33446.44746071375,31800.62796169441,44672.36090324705,41272.088463887776,39723.792835698085
2023-06-20,61416.29561860032,41937.17390485565,33412.48706924646,31788.865435113097,44655.83733423636,41256.822599758685,39709.09966067095
2023-06-21,60579.32432907759,41789.659632280425,33089.65107282785,31677.04790812913,44498.76014414873,41111.701467628794,39569.42265473874
2023-06-22,61294.10415483685,41915.63793926447,33365.35546096822,31772.540923785626,44632.9052551783,41235.63601453176,39688.70787660069
2023-06-23,60686.474846568584,41808.54466554454,33130.98109754195,31691.36298205207,44518.869438714275,41130.280126898535,39587.304347521494
2023-06-26,59872.93981230093,41665.160979273904,32817.18491755708,31582.67648732356,44366.190608723016,40989.22257011236,39451.53847451017
2023-06-27,60902.39575563997,41846.600231170465,33214.26596370197,31720.209541520388,44559.39203501199,41167.718312852114,39623.33806394019
2023-06-28,61021.2488250461,41867.54781240324,33260.109888779756,31736.08805069007,44581.69758647989,41188.32605914549,39643.172723848256
2023-06-29,60899.057361282634,41846.011846812056,33212.97828050151,31719.763539362597,44558.76550742183,41167.13947391856,39622.780939778
2023-06-30,61838.1222536711,42011.51988303228,33575.19375196511,31845.220547576366,44735.00294406131,41329.962454865214,39779.495721021776
2023-07-03,62083.730365495205,42137.07120543632,33731.28026927727,31964.59056092859,44862.210197492175,41455.09937700805,39903.68992903235
2023-07-05,62082.055876026374,42136.7870799594,33730.643420049746,31964.37502734396,44861.90769670969,41454.81984999043,39903.420862994055
2023-07-06,61609.23621302973,42056.559574951985,33550.81855835764,31903.515572120486,44776.49162172502,41375.89079565457,39827.445638355566
2023-07-07,61404.688483939855,42021.85214790505,33473.024062968216,31877.187006847395,44739.539554090705,41341.7450946884,39794.5778012432
2023-07-10,61424.813559232934,42025.266947891614,33480.678120454286,31879.777426016735,44743.175200141064,41345.10462747782,39797.811607355594
2023-07-11,61728.286173930086,42076.75983750819,33596.09616508338,31918.839206757108,44797.99830002757,41395.764124891844,39846.57523094756
2023-07-12,62507.91703000584,42209.04671833149,33892.608814274354,32019.1901711723,44938.84059757686,41525.90999448431,39971.85054003696
2023-07-13,63569.21573573898,42389.126680930625,34296.24662358819,32155.79629421493,45130.566908736386,41703.07543358743,40142.38576495883
2023-07-14,63555.81981998835,42386.85367711527,34291.151829768,32154.07202553787,45128.14690247651,41700.83921744646,40140.23323665249
2023-07-17,64149.33273168705,42487.56027589226,34516.879280657566,32230.466632828844,45235.36651988567,41799.91591945924,40235.60210626837
2023-07-18,64674.118771273796,42576.60537683399,34716.46822412185,32298.014992124467,45330.17045300503,41887.519860400964,40319.92756979088
2023-07-19,64659.022364665056,42574.04383565543,34710.72669211097,32296.071843067984,45327.44324874554,41884.999776760735,40317.501797402176
2023-07-20,63168.50832573693,42321.13510135312,34143.84781232485,32104.218839668785,45058.17809571046,41636.184271032165,40077.997927752
2023-07-21,62979.05180297794,42288.988333107474,34071.792871153666,32079.832754093222,45023.952292892194,41604.55778560989,40047.55502741953
2023-07-24,63079.64077749834,42306.05615639951,34110.04931403559,32092.78016442722,45042.123947040025,41621.3493728827,40063.71820871979
2023-07-25,63507.18682150234,42378.601685003036,34272.65551307298,32147.81218055811,45119.36122757652,41692.72078058685,40132.41862301862
2023-07-26,63295.93073398144,42342.7559912939,34192.30966518821,32120.62014222857,45081.19727792542,41657.45523535754,40098.47285053546
2023-07-27,63145.02387095049,42317.150285658194,34134.91610079847,32101.196014612262,45053.935569208275,41632.26394801485,40074.2243183454
2023-07-28,64295.20052547794,42512.31095796545,34572.35636398684,32249.24215161438,45261.717907925085,41824.26602146009,40259.04093351711
2023-07-31,64328.72671679951,42517.99964414462,34585.10719308572,32253.557508819737,45267.774499678744,41829.862638486804,40264.428103544655
2023-08-01,64279.46955251255,42592.60642584191,34623.6268729662,32334.29638184799,45340.738535444834,41904.880520847066,40340.38119382117
2023-08-02,62868.91054489671,42358.94127830518,34433.65434046341,32156.90884124275,45091.996996378046,41674.98827235433,40119.0718676415
2023-08-03,62768.1753034445,42342.254053645316,34420.08742916964,32144.240688661397,45074.233089400885,41658.57048973419,40103.2670354523
2023-08-04,62474.297775721,42293.57198114606,34380.50832763197,32107.283559182546,45022.4099837042,41610.67446747275,40057.15918935108
2023-08-07,63003.255450435136,42381.196087926015,34451.74776427353,32173.803641288432,45115.68771643228,41696.88374233539,40140.14988023073
2023-08-08,62467.58938468691,42292.4607074083,34379.60484892113,32106.43993266247,45021.227009081034,41609.58113703406,40056.10667790598
2023-08-09,61780.770977168075,42178.68629339418,34287.10490277112,32020.067772763894,44900.11171590773,41497.64379364168,39948.34846420834
2023-08-10,61894.95945933543,42197.60210506074,34302.48368169696,32034.427763312142,44920.24800134113,41516.254179152456,39966.26403945865
2023-08-11,61500.33627340344,42132.231082321276,34249.33626594827,31984.801171272866,44850.659151750166,41451.9386765528,39904.34972683369
2023-08-14,62190.50887643931,42246.56113320427,34342.287951453705,32071.595144431478,44972.36593223504,41564.42268516453,40012.63419625387
2023-08-15,61530.57090846006,42137.239579252695,34253.40823327469,31988.603385519014,44855.990803681416,41456.86630325824,39909.093382842075
2023-08-16,60879.03405440783,42029.309705843814,34165.65996786011,31906.66812472525,44741.09714878242,41350.679130977434,39806.87066023848
2023-08-17,60214.04395964048,41919.15124542824,34076.09983481347,31823.04102596459,44623.831115427194,41242.29935580598,39702.53719457377
2023-08-18,60138.480809700515,41906.633885655465,34065.923073061225,31813.538437802123,44610.50611866256,41229.98410890805,39690.68173180551
2023-08-21,61107.4110187425,42067.14132917693,34196.4175257118,31935.388105821745,44781.36971964922,41387.89990199898,39842.70181073908
2023-08-22,61020.082142602216,42052.67492641223,34184.656168922455,31924.40589630147,44765.96992500126,41373.66708253815,39829.00036710554
2023-08-23,61982.27791871945,42212.06678224509,34314.24363556905,32045.408662853348,44935.64595907197,41530.485300895205,39979.963848757645
2023-08-24,60657.37068948538,41992.590219038626,34135.8065901779,31878.792425138363,44702.008470997345,41314.552539253615,39772.09283835025
2023-08-25,61127.55181697919,42070.477738760696,34199.1300662202,31937.920950350574,44784.92139889438,41391.18243989216,39845.861796576195
2023-08-28,61587.66514954374,42146.69748508597,34261.097622737616,31995.78338079314,44866.05894639812,41466.17149601363,39918.05117046723
2023-08-29,62932.72880214888,42369.51304624672,34442.249313013046,32164.934428005552,45103.25086909358,41685.38934212551,40129.084618213565
2023-08-30,63283.695362577906,42427.65216178909,34489.51710255501,32209.070897768994,45165.141199048405,41742.5897082833,40184.14943477266
2023-08-31,63473.44699468521,42459.085333228424,34515.072643233085,32232.933476479713,45198.60248124644,41773.51534069201,40213.92047279123
2023-09-01,63506.24975929143,42538.34834333576,34601.321213555886,32320.090722556495,45286.71589989352,41853.11269851204,40297.903007421744
2023-09-05,63586.981705548824,42592.424968319116,34632.11610894056,32348.85534202063,45301.10853105222,41906.31822171468,40333.76781369504
2023-09-06,63026.90774083065,42217.2710031658,34418.4780145958,32149.302188483038,45201.260349886375,41537.20748294959,40084.95745825907
2023-09-07,62576.16306854349,41915.349004050295,34246.543165112234,31988.702827574634,45120.90304257838,41240.14904163094,39884.716152311084
2023-09-08,62663.61919926235,41973.92968496564,34279.90297521329,32019.863259554237,45136.49443966907,41297.78606647536,39923.56814747598
2023-09-11,63401.96490935402,42468.495292803185,34561.54215219411,32282.934253978856,45268.124332983876,41784.384886781365,40251.57492896415
2023-09-12,62698.94594648741,41997.59257617701,34293.37822925471,32032.450103894575,45142.79237829706,41321.06778029859,39939.26189702902
2023-09-13,62937.7718681439,42157.56518182369,34384.477473277766,32117.543268039524,45185.36949381189,41478.46344217914,40045.359245232976
2023-09-14,63452.424984059864,42502.29493053024,34580.78995673377,32300.91307047385,45277.12019245649,41817.640057751836,40273.991591608356
2023-09-15,62365.93449306062,41774.53173945808,34166.3522705657,31913.79883659474,45083.42416976269,41101.60015399418,39791.3230473218
2023-09-18,62430.948853761445,41818.080264733835,34191.15175242013,31936.96331400374,45095.014720430234,41144.447171031825,39820.20538646526
2023-09-19,62297.88407700172,41728.949575274324,34140.39469688433,31889.552619167138,45071.29236093191,41056.752257239306,39761.09195415591
2023-09-20,61400.1350274304,41127.610936316574,33797.95171929164,31569.686556445427,44911.24455405311,40465.100375903115,39362.27095159683
2023-09-21,60275.01568775992,40373.9730096537,33368.7792049817,31168.808946556244,44710.661904729044,39723.60254378441,38862.44171394934
2023-09-22,60283.43526395916,40379.61268868725,33371.99082046057,31171.808823515094,44712.16291963536,39729.151375165195,38866.18207304246
2023-09-25,60569.758237222886,40571.40021230196,33481.20763507534,31273.82508537398,44763.20765641537,39917.84945942621,38993.37977412302
2023-09-26,59660.230127516574,39962.17161345713,33134.271579569846,30949.762168765614,44601.059916662685,39318.43471485718,38589.32597674841
2023-09-27,59800.03995509763,40055.82033574835,33187.60150921604,30999.576110756985,44625.98476208038,39410.574882042114,38651.43586773645
2023-09-28,60300.284849537566,40390.899035204195,33378.41803111529,31177.81229475244,44715.166809441675,39740.25591380209,38873.66742612224
2023-09-29,60344.0676890916,40420.226065023606,33395.11882957506,31193.412026670412,44722.972272953884,39769.11052456972,38893.11775689582
2023-10-02,60947.65772623448,40848.40257576397,33687.11150273308,31468.707257154518,44912.64189046266,40192.000673416784,39211.68057300875
2023-10-03,59878.05167908677,40669.14425480933,33273.27377735485,31330.623396537158,44715.59184279023,40015.62289568741,39039.62072654348
2023-10-04,60692.899796772115,40805.70696946379,33588.54395785811,31435.81855152607,44865.708664646154,40149.99115264291,39170.699493716995
2023-10-05,60514.07390092505,40775.7370287382,33519.35502406943,31412.732509573736,44832.764150733114,40120.502805794014,39141.93305558259
2023-10-06,61528.0163123651,40945.66652259636,33911.656116919294,31543.630313478898,45019.55946761091,40287.70166349705,39305.03869256194
2023-10-09,61841.813331272766,40998.25665788959,34033.06627992418,31584.14083970165,45077.369273099685,40339.44671579984,39355.51696635115
2023-10-10,62184.28080630808,41055.65175650568,34165.56923394411,31628.35266069393,45140.46094359081,40395.91951936373,39410.607250602116
2023-10-11,62627.99099283046,41130.01440922121,34337.24366941242,31685.63469992103,45222.20422995325,40469.08722149424,39481.98372306289
2023-10-12,62410.35782932162,41093.54064808394,34253.03994450497,31657.538722438658,45182.11037917624,40433.199565621064,39446.97463836396
2023-10-13,61625.86266947217,40962.064872001094,33949.513526167975,31556.26206960324,45037.585384147125,40303.83650405024,39320.77853362391
2023-10-16,62322.622157945734,41078.83677727037,34219.09442711233,31646.21223428936,45165.94712142981,40418.731974692484,39432.86123073437
2023-10-17,62118.49603454808,41044.62669941898,34140.11666626063,31619.85998689251,45128.34162877767,40385.07162645736,39400.02492661567
2023-10-18,61303.62701622039,40908.06048196639,33824.83839915921,31514.66213367522,44978.2209564643,40250.699922991,39268.94279730586
2023-10-19,60730.019337565056,40811.92793892717,33602.9057561761,31440.610605115053,44872.5470770713,40156.11215591589,39176.67064777575
2023-10-20,59824.0548696056,40660.09477586302,33252.382051029104,31323.652523537643,44705.644185976955,40006.71883490151,39030.93464742704
2023-10-23,60004.573717482075,40690.34844323644,33322.22599926811,31346.95712198812,44738.90058694317,40036.486349129416,39059.973418601294
2023-10-24,60588.30775735034,40788.17809196543,33548.076599055865,31422.31594219461,44846.44001296905,40132.74395071226,39153.87452316602
2023-10-25,59105.34448151616,40539.64405686688,32974.3082003756,31230.868544503646,44573.23850576099,39888.20366623706,38915.32086667344
2023-10-26,57978.38707179196,40350.77405786747,32538.280849668226,31085.380745233037,44365.62280285511,39702.368662730056,38734.0353182165
2023-10-27,58256.757501936096,40397.42695034515,32645.984228805435,31121.31777436495,44416.90608297191,39748.27187913886,38778.81477098679
2023-10-30,58913.021995879084,40507.41218425447,32899.89734583025,31206.04012157998,44537.80755895182,39856.48973500554,38884.38332902697
2023-10-31,59194.77310492144,40554.63165432827,33008.90873221855,31242.413589151092,44589.7136505606,39902.950424544644,38929.706607342865
2023-11-01,60322.171664827634,40826.787160115,33503.36680412923,31475.024163339127,44878.9559127727,40172.33940332276,39194.94829312112
2023-11-02,61417.23114557193,41012.074743978155,34111.57069406159,31617.86987667127,45082.63378914395,40354.65685336037,39372.82997030068
2023-11-03,62138.80943370519,41134.168109614744,34512.34045081954,31711.996604128417,45216.84525066445,40474.793079572984,39490.043289181085
2023-11-06,62392.2892700166,41177.05771264913,34653.124969993994,31745.061938632993,45263.99176249388,40516.99516832239,39531.21860358832
2023-11-07,62982.05867132804,41276.848590977635,34980.687125610326,31821.99477407545,45373.68715468045,40615.18641295161,39627.02086099918
2023-11-08,63022.62088832571,41283.71184846801,35003.21567186381,31827.285937636196,45381.23160899025,40621.939653392816,39633.60979549684
2023-11-09,62537.61715122613,41201.647657260146,34733.8411175837,31764.019324257664,45291.02232543844,40541.19093959089,39554.82569316206
2023-11-10,63943.60826905388,41439.54587350891,35514.73866891302,31947.42470788875,45552.53258137573,40775.27568100025,39783.215166552836
2023-11-13,63744.19917645896,41405.8052141046,35403.985428621745,31921.412665093343,45515.443070510766,40742.07587960543,39750.82311437725
2023-11-14,65116.38495756569,41637.98345872364,36166.10725346704,32100.40829060328,45770.66563220456,40970.5323397232,39973.721242229905
2023-11-15,65165.394583367764,41646.276044935235,36193.32755115963,32106.801381646226,45779.78127996676,40978.691996947906,39981.682375473276
2023-11-16,65221.155855612014,41655.711031425875,36224.29776171246,32114.075195397993,45790.152714317286,40987.97574193636,39990.740247491085
2023-11-17,65236.375846196424,41658.28630275259,36232.75105364861,32116.06057651214,45792.983588269926,40990.50973202707,39993.21258575162
2023-11-20,66030.61022418278,41792.673312322266,36673.87452383762,32219.664972685452,45940.70887104575,41122.74253679514,40122.22817414126
2023-11-21,65647.01202957732,41727.76726484035,36460.821335191205,32169.626268208784,45869.360723268444,41058.87692409622,40059.91640805063
2023-11-22,65915.71185647315,41773.23213920146,36610.0591463018,32204.676983827507,45919.338109050506,41103.613002936334,40103.5640607184
2023-11-24,65822.76419045233,41757.50509535996,36558.435345925616,32192.552367869408,45902.05011368434,41088.138061388556,40088.465623590164
2023-11-27,65765.30715584585,41747.78318042713,36526.523296793916,32185.057349344264,45891.36327246975,41078.571987380354,40079.13229160109
2023-11-28,65937.67825966529,41776.9489252256,36622.259444189,32207.542404919695,45923.42379611351,41107.270209404945,40107.132287568296
2023-11-29,65873.44864327883,41766.081067687286,36586.585854560275,32199.163932762604,45911.477274398676,41096.57656208953,40096.698816064396
2023-11-30,65707.85012123937,41738.06126549431,36494.61124766223,32177.56233081912,45880.676431255175,41069.00591337216,40069.79895961202
2023-12-01,65995.40075697163,41869.5958298898,36695.521981636484,32301.87532329881,46015.340141835375,41200.03510336487,40200.073393674276
2023-12-04,65382.72116228136,41772.41946565733,36457.03230269776,32226.904964455323,45908.54179706214,41104.412742417844,40106.77187342264
2023-12-05,65546.8987878357,41798.45947886808,36520.93955462308,32246.9945114364,45937.160179018974,41130.036334759156,40131.77355813399
2023-12-06,65167.7821904779,41738.328257148445,36373.3658531847,32200.6040202339,45871.075025498656,41070.86670608582,40074.040029561045
2023-12-07,66078.32563281435,41882.748443439625,36727.80105080601,32312.02240140106,46029.7950699206,41212.977385885846,40212.70155535921
2023-12-08,66372.8085357754,41929.456017980025,36842.430513887164,32348.05671542032,46081.12742515621,41258.93803266388,40257.54669590656
2023-12-11,66939.77985503277,42019.38264832157,37063.12793725331,32417.43399455131,46179.95819894948,41347.4265943958,40343.88756066562
2023-12-12,67472.91027679075,42103.94181513102,37270.65256222764,32482.670342188736,46272.89004633832,41430.63352680057,40425.074985991196
2023-12-13,68330.96782899994,42240.037278320146,37604.65727188469,32587.666302809892,46422.46108981731,41564.55260894683,40555.743731577524
2023-12-14,68271.73577482656,42230.64255435599,37581.60079390646,32580.418389879706,46412.136141185016,41555.30812143185,40546.72361608829
2023-12-15,68601.76315206634,42282.987794666384,37710.06618417083,32620.8020930653,46469.66437931228,41606.81627881511,40596.98162416949
2023-12-18,69033.85836637371,42351.52189028918,37878.26217082389,32673.675297186863,46544.98442272877,41674.2544061888,40662.782967543295
2023-12-19,69386.59311163818,42407.468718583004,38015.56655777868,32716.83758079843,46606.4708624025,41729.30655648488,40716.49895264214
2023-12-20,68355.5307852704,42243.933178895015,37614.21856885867,32590.671941747132,46426.74274550678,41568.38620792871,40559.48428566447
2023-12-21,69150.8809866764,42370.082705554654,37923.814017803,32687.99473578565,46565.38304911957,41692.51840475269,40680.60368243684
2023-12-22,69254.31692694216,42386.48855404888,37964.0771576211,32700.651644268066,46583.41333331082,41708.66189786182,40696.35535845003
2023-12-26,69678.28214868114,42453.73316145324,38129.10848964192,32752.530024234344,46657.316208999095,41774.83115796685,40760.91863110491
2023-12-27,69820.13505576432,42476.232278260155,38184.32569380537,32769.8878135898,46682.04309040505,41796.97047842088,40782.52061034117
2023-12-28,69786.1945645455,42470.84901828953,38171.11412788421,32765.734695339976,46676.126803467516,41791.67330526517,40777.3520043418
2023-12-29,69484.17398955778,42422.945902770334,38053.550574950605,32728.778036294738,46623.48052999001,41744.53623609364,40731.358994230424
2024-01-02,68408.31958014253,42336.37476649252,37690.70330468574,32684.84243437463,46518.43518933601,41660.94878640457,40652.22755909568
2024-01-03,67684.45245968031,42224.37828633931,37590.98301954939,32598.37808472956,46395.37550089269,41550.73907582109,40544.68631618506
2024-01-04,67336.12021429333,42170.48443717223,37542.99660070226,32556.77055731685,46336.15792299702,41497.70503840483,40492.936372644544
2024-01-05,67415.98528725309,42182.841134701135,37553.99885183765,32566.31026619106,46349.735236730594,41509.86459963894,40504.8015188412
2024-01-08,68809.33001713928,42398.418967947146,37745.94669672492,32732.74225694658,46586.60822558032,41722.003147008974,40711.803632653515
2024-01-09,68945.27492278136,42419.4523185391,37764.674532774174,32748.98057959121,46609.719287349624,41742.700935708854,40732.00027331704
2024-01-10,69412.54386844762,42491.74801442056,37829.04572906148,32804.79483659265,46689.156478579156,41813.84324043689,40801.42003527334
2024-01-11,69556.98237787891,42514.0954925662,37848.9436480828,32822.04770169544,46713.71147972147,41835.83419136082,40822.87852729391
2024-01-12,69592.66811246419,42519.61677755381,37853.85973216446,32826.31028490346,46719.77816690175,41841.26739086585,40828.18017471372
2024-01-16,69585.86483031907,42518.56417600278,37852.92250872083,32825.497647681106,46718.621587527574,41840.23158231061,40827.16944581462
2024-01-17,69193.34799711152,42457.83410210184,37798.84919965372,32778.612367567315,46651.89249065626,41780.47038393027,40768.855223613835
2024-01-18,70175.49311512159,42609.79126814434,37934.149986835066,32895.92746102203,46818.860251467486,41930.00325556802,40914.76751016989
2024-01-19,71567.14227391759,42825.106763195145,38125.86424902767,33062.15691950686,47055.44498789602,42141.883650034244,41121.517721640834
2024-01-22,71660.5981628293,42839.566227248455,38138.738777551625,33073.320021721105,47071.332783110876,42156.11243067385,41135.40198598546
2024-01-23,71957.96353603496,42885.574498900874,38179.7039754001,33108.83966734995,47121.885832346146,42201.38669551077,41179.58004150026
2024-01-24,72357.27840194153,42947.356362160295,38234.713784744614,33156.5369576512,47189.77061616927,42262.18290321136,41238.904212716734
2024-01-25,72445.63182924438,42961.02637505033,38246.88539568584,33167.09058194868,47204.79097685349,42275.63482743454,41252.030430387036
2024-01-26,72014.027620379,42894.24871538626,38187.427390815246,33115.536400015684,47131.41690311481,42209.92252527155,41187.9091963169
2024-01-29,72751.48555679315,43008.347962063875,38289.019953340154,33203.624143000794,47256.787073039406,42322.201455260525,41297.46955737547
2024-01-30,72267.2136552102,42933.42157449739,38222.306421609996,33145.77891997835,47174.45932579679,42248.47042837938,41225.52375305483
2024-01-31,70851.76875724457,42714.42441059562,38027.31404686339,32976.70711231995,46933.82923882571,42032.96710167482,41015.238330087275
2024-02-01,71786.05948208639,42933.95742144534,38237.1822533236,33171.966690673326,47175.54850281293,42250.592628135666,41233.723881024045
2024-02-02,72999.2739318582,43659.55927096019,38689.59928025179,33564.45280715986,47374.87062938642,42964.64532663583,41721.59556992326
2024-02-05,72903.99503492498,43602.574667910434,38654.069044614036,33533.62920112099,47359.21701401951,42908.56772759464,41683.28092870545
2024-02-06,72757.65190600228,43515.0494616041,38599.4965629633,33486.285842858015,47335.173924463685,42822.435629403866,41624.43175370614
2024-02-07,73506.35216391183,43962.83368637458,38878.69266453257,33728.49731395833,47458.17981810492,43263.09262918542,41925.507675917834
2024-02-08,73642.47088154983,44044.243855277775,38929.45238434522,33772.532980428434,47480.543112797925,43343.20702088597,41980.245293556116
2024-02-09,74367.34747265102,44477.779571302235,39199.764456788405,34007.037274559465,47599.63495486163,43769.84230045485,42271.74097002993
2024-02-12,74076.37492075874,44303.75409554995,39091.25854765621,33912.90495778904,47551.83032491464,43598.58672737193,42154.731755095425
2024-02-13,72921.01118882142,43612.75172501786,38660.41449966283,33539.13408458293,47362.01264176807,42918.58280004133,41690.123659388046
2024-02-14,73715.65033116128,44088.011174398096,38956.74156560388,33796.20721047904,47492.56595304746,43386.27771088611,42009.67305192263
2024-02-15,73935.14662586176,44219.28797993423,39038.593427068954,33867.21629572888,47528.6275646141,43515.465029394516,42097.93941573225
2024-02-16,73264.72488128919,43818.3207330404,38788.58798695523,33650.32864904374,47418.48224953444,43120.87983801696,41828.34174578949
2024-02-20,72711.713021572,43487.574236994355,38582.36559859153,33471.42418806223,47327.62650682554,42795.397718340646,41605.958283383254
2024-02-21,72420.74572644643,43313.551905220156,38473.86164974819,33377.29357190455,47279.82274052629,42624.145239194215,41488.95118235999
2024-02-22,74540.91013968793,44581.584296206725,39264.487314170576,34063.18640562626,47628.150012437865,43871.99480183653,42341.5359774279
2024-02-23,74321.39807468725,44450.29805873628,39182.629571838916,33992.17221853818,47592.085809927994,43742.798201518635,42253.26327188456
2024-02-26,74282.26144640213,44426.89114178701,39168.035221255566,33979.51115663697,47585.655952471076,43719.76384428488,42237.525202705714
2024-02-27,74460.93369069803,44533.75181340403,39234.66347941235,34037.31328329382,47615.01047565485,43824.92365194343,42309.374931828585
2024-02-28,74064.46308735457,44296.62984117694,39086.816533093166,33909.051369304405,47549.87329912587,43591.575867265594,42149.94163222649
2024-02-29,74699.14933171461,44676.22432495176,39323.49592951776,34114.37825053563,47654.14753683923,43965.12847832414,42405.168933562425
2024-03-01,75923.86240646243,45438.717017625255,39842.80571404566,34573.4775031809,47938.7927011905,44717.07662574834,42951.5379544658
2024-03-04,75652.95568664797,45398.17503399865,39743.2902212665,34542.63252866982,47896.02953333541,44677.1785148846,42913.218428961976
2024-03-05,74295.01647528584,45194.955456017386,39244.46173197912,34388.01989893977,47681.676111344794,44477.186394946635,42721.13908047602
2024-03-06,74761.8538075637,45264.819029333186,39415.95082313625,34441.1731969635,47755.36731846912,44545.94042087596,42787.17282475748
2024-03-07,75896.60171705137,45434.63737565657,39832.791710177095,34570.37364783684,47934.489546813486,44713.06177514187,42947.68195309435
2024-03-08,74801.0472992329,45270.684450089866,39430.34824982197,34445.63570070783,47761.554089562225,44551.71268919335,42792.716710876775
2024-03-11,74523.3293548388,45229.123146766884,39328.33070625966,34414.015211847414,47717.715756276775,44510.81144709101,42753.433743439244
2024-03-12,75591.6178195487,45388.99564263717,39720.75822916757,34535.64870431679,47886.34722826584,44668.14490721571,42904.542239739836
2024-03-13,75010.62667934311,45302.048617810484,39507.33561765951,34469.498049497015,47794.63661411812,44582.57874282287,42822.36153624953
2024-03-14,74821.49676406433,45273.74477236218,39437.86020290737,34447.96404170256,47764.78207850887,44554.72440856121,42795.60927031451
2024-03-15,73932.10558667123,45140.64477921243,39111.1492178409,34346.69948755693,47624.38990132795,44423.73826018823,42669.80564341176
2024-03-18,74637.21997789096,45246.16721189073,39370.1675476777,34426.98260286489,47735.69361904089,44527.584824687496,42769.5434753709
2024-03-19,74823.18641096546,45273.99763296692,39438.48088165652,34448.15642200096,47765.0487926535,44554.97325332751,42795.84826943408
2024-03-20,75710.32998952121,45406.761266371424,39764.36622863613,34549.16506839762,47905.0861818601,44685.6283838961,42921.33397538962
2024-03-21,76068.60882432587,45460.37874276463,39895.977193555525,34589.95808207767,47961.641212913484,44738.39432739487,42972.012212375324
2024-03-22,76155.62827158281,45473.401457772605,39927.943115925686,34599.86596710335,47975.37740680433,44751.210220468085,42984.32103930577
2024-03-25,75879.23677896157,45432.03866184026,39826.41283418513,34568.39650576693,47931.74845658569,44710.50433313554,42945.22569734529
2024-03-26,75633.56948871382,45395.27383272993,39736.16885106995,34540.42524942051,47892.96938319628,44674.32338941953,42910.47626772409
2024-03-27,75891.18010861473,45433.82601608374,39830.80012415961,34569.75635279834,47933.63373507216,44712.26330128115,42946.915071184216
2024-03-28,75751.2868198567,45412.89057592121,39779.4114041722,34553.82834285835,47911.551299490435,44691.66035002257,42927.12728426609
2024-04-01,76011.625900931,45536.88313067852,39938.30036585308,34672.08023507938,48030.372978648826,44815.271744766666,43043.99218474736
2024-04-02,75355.62228207864,45438.63380217473,39697.024399188536,34597.272550305956,47740.17197009574,44718.57934808495,42783.91904208282
2024-04-03,75524.75677983681,45463.96498992128,39759.231509439414,34616.559883224545,47814.99320647308,44743.509119018854,42850.97254468684
2024-04-04,74369.93552301837,45291.0079973626,39334.492061277415,34484.86929179022,47304.12667495373,44573.29293140681,42393.14276319569
2024-04-05,75246.29361623265,45422.25970347025,39656.813676597885,34584.80520388245,47691.80746694289,44702.4647255084,42740.57560785051
2024-04-08,75268.51458982406,45425.587727388585,39664.98647737126,34587.339183177704,47701.63751781752,44705.740011088245,42749.38513003744
2024-04-09,75546.96721216939,45467.29143508064,39767.400433172574,34619.09266044234,47824.818594135715,44746.78285085791,42859.77788778354
2024-04-10,74887.55349608893,45368.53137804859,39524.87024399846,34543.89610360913,47533.10903650391,44649.587819031476,42598.35280943234
2024-04-11,76083.36970845622,45547.628164259266,39964.68750155688,34680.26157430306,48062.110799451824,44825.846504565736,43072.435072794906
2024-04-12,74870.47665680142,45365.97378850982,39518.58943885004,34541.94873811657,47525.55463308033,44647.07075895589,42591.582683273504
2024-04-15,73638.7727287833,45181.50211737031,39065.572797879395,34401.490794694604,46980.676964912935,44465.52236291092,42103.27270725183
2024-04-16,73645.6034644983,45182.525153185816,39068.08511993876,34402.26974089163,46983.69872628237,44466.52918694115,42105.98075771537
2024-04-17,72747.02439769261,45047.94542315983,38737.590703844915,34299.79984950414,46586.18788341858,44334.08210725972,41749.738390873616
2024-04-18,72331.90962538245,44985.773894742306,38584.91286017527,34252.46203895045,46402.55059525782,44272.89579505176,41585.16581795085
2024-04-19,70835.43035833724,44761.646955680204,38034.51272308237,34081.8103137741,45740.54236832907,44052.32053790878,40991.885453745475
2024-04-22,71547.78754683842,44868.336329661906,38296.515346736705,34163.04430467296,46055.67290817996,44157.319232839945,41274.300012734166
2024-04-23,72615.49584077287,45028.246458054964,38689.21493456132,34284.80092794031,46528.002655815086,44314.69530658489,41697.59379263483
2024-04-24,72861.49192721308,45065.089166864396,38779.69148354042,34312.85320869161,46636.82570241649,44350.95417847013,41795.119131588915
2024-04-25,72509.57727215497,45012.38308787875,38650.258434480245,34272.722453576585,46481.146701740945,44299.083319153055,41655.60229408917
2024-04-26,73628.52135458137,45179.96677426757,39061.802376270236,34400.32177436034,46976.14199125279,44464.01134999516,42099.20854201142
2024-04-29,73927.48199595997,45224.7419575446,39171.75911380998,34434.41389333223,47108.39534649727,44508.076992466726,42217.73171978346
2024-04-30,72533.4901177869,45015.9645026125,38659.053500208145,34275.4493663049,46491.725198139946,44302.60798012928,41665.08256025664
2024-05-01,72109.00614736923,45027.144580378,38566.00756885948,34310.90019762714,46355.36867857474,44315.19508911855,41553.260807210165
2024-05-02,73029.35336623537,45601.838498684716,38910.56898604182,34617.48623735909,46947.015088950306,44880.802198866084,42083.61658469206
2024-05-03,74497.13448591363,46518.36746252917,39460.07979277072,35106.43344277344,47890.580096670485,45782.839408111955,42929.4345335519
2024-05-06,75313.13142226267,47027.90176334929,39765.57434421975,35378.25831932042,48415.14479178974,46284.31717570909,43399.65781529703
2024-05-07,75325.09652723794,47035.37315340756,39770.05386395155,35382.24413475415,48422.836575133326,46291.67043141973,43406.55278104663
2024-05-08,75280.61927111677,47007.60014766382,39753.402380590334,35367.427872442706,48394.24431300875,46264.336560280106,43380.92248710228
2024-05-09,75444.84258002981,47110.146376893266,39814.88462869574,35422.13393650117,48499.81548139681,46365.26137344129,43475.55718463147
2024-05-10,75622.75688246111,47221.241695585064,39881.49253810873,35481.40074393639,48614.18792282997,46474.60010160617,43578.081401858246
2024-05-13,75797.25635343276,47330.204685486526,39946.82199614702,35539.530002811574,48726.36513540417,46581.84021642974,43678.63780133471
2024-05-14,76284.79611606248,47634.63993641409,40129.34809944898,35701.93923486276,49039.780707877566,46881.461870491694,43959.5856051227
2024-05-15,77477.14231371164,48379.178621660845,40575.74103378101,36099.13356677703,49806.282016626225,47614.228236104944,44646.68247651965
2024-05-16,77319.76450155771,48280.906937162574,40516.821616329384,36046.707874406944,49705.11148476072,47517.5103804456,44555.99253883926
2024-05-17,77282.13802014229,48257.41177186684,40502.73493959008,36034.173741973296,49680.92325209356,47494.386710414234,44534.31004619309
2024-05-20,77821.00053565232,48593.89457326933,40704.47535690706,36213.67960802431,50027.3317232141,47825.549193117666,44844.83290377424
2024-05-21,77973.25346164346,48688.96611672367,40761.47610931255,36264.39809845962,50125.207715323704,47919.11750696181,44932.56959410444
2024-05-22,77957.85241342208,48679.34921500773,40755.71023433355,36259.26770170813,50115.30713138167,47909.65266348425,44923.694644806994
2024-05-23,77607.16980650873,48460.371901535385,40624.420984426186,36142.44832153019,49889.870360010704,47694.13772339527,44721.611623501136
2024-05-24,78341.05244942794,48918.631439882374,40899.17342383845,36386.91928695322,50361.64777446849,48145.151462608614,45144.516035756984
2024-05-28,78636.99219405474,49103.42557837262,41009.967932387975,36485.50272638186,50551.89302539848,48327.02371710839,45315.053144069985
2024-05-29,78082.73390826996,48757.329170971025,40802.46361606012,36300.86822176879,50195.58736327079,47986.39963453381,44995.65837864078
2024-05-30,77246.21103753676,48234.977827391034,40489.28452458595,36022.20574653553,49657.8275444536,47472.307481643926,44513.60690024801
2024-05-31,77102.50310711465,48145.242049487795,40435.482864569436,35974.33376478448,49565.44471389374,47383.99056656269,44430.79431646769
2024-06-03,77616.46997061395,48503.72479107478,40690.314593688396,36212.102268376206,49931.55314092706,47738.38581803307,44769.332573560496
2024-06-04,77828.85892406802,48636.449911798525,40768.25610927084,36281.4658516865,50068.18535725888,47869.016672635415,44891.83893974457
2024-06-05,79397.88106258097,49616.9559567958,41344.04859503477,36793.88891348189,51077.55504797159,48834.05133903708,45796.8539959686
2024-06-06,79370.4690468163,49599.82576691314,41333.989060303225,36784.9364910123,51059.92058814146,48817.19144596131,45781.04269134802
2024-06-07,79300.24524394741,49555.941833394594,41308.21865399653,36762.00227281758,51014.744821374006,48773.99995585317,45740.53746370229
2024-06-10,79620.54886135262,49756.10448591009,41425.76219371976,36866.60943947647,51220.79976177202,48971.0042472412,45925.289220353385
2024-06-11,80166.96065197764,50097.56561039963,41626.28186482707,37045.06071551681,51572.31264777098,49307.07746580236,46240.4606161392
2024-06-12,81216.97244612349,50753.73411574282,42011.61033546655,37387.981471872365,52247.79711283159,49952.89230589232,46846.10948468571
2024-06-13,81657.1871176448,51028.83102860871,42173.15827909546,37531.750093290284,52530.99219079384,50223.64847194574,47100.02617325143
2024-06-14,82080.27918822577,51293.22776502966,42328.422649844055,37669.926686791965,52803.1721058778,50483.87329935146,47344.066511909536
2024-06-17,83085.73522665311,51921.5526939509,42697.40025537428,37998.296089023526,53449.99334926349,51102.28390606531,47924.01553290328
2024-06-18,83111.43498232374,51937.61286618906,42706.831432817795,38006.689308701505,53466.52629280579,51118.09066527632,47938.839202533105
2024-06-20,82470.81189325322,51537.2776535873,42471.73853524831,37797.46979758011,53054.40621278489,50724.07233126079,47569.32654446249
2024-06-21,82249.85106982224,51399.19583959391,42390.65135447701,37725.30674844261,52912.25961553067,50588.16930650828,47441.875906812325
2024-06-24,81313.46675802769,50814.034894047705,42047.0213716461,37419.495310675586,52309.8729952373,50012.24159983306,46901.767593624856
2024-06-25,82243.32439940207,51395.11722295518,42388.25622715998,37723.17521928318,52908.060934618734,50584.15504625214,47438.111310474094
2024-06-26,82413.17637292751,51501.260331269914,42450.587718633265,37778.64675546455,53017.32863057795,50688.62332530659,47536.082262952536
2024-06-27,82625.91412010443,51634.20341855087,42528.65723292254,37848.124250454624,53154.18522985729,50819.46870717768,47658.78981404214
2024-06-28,82197.00353605577,51366.17060365279,42371.25761101924,37708.047403022145,52878.26219923969,50555.665174879636,47411.39334536913
2024-07-01,82779.06460233094,51755.81904021787,42644.482169806026,37960.23915333663,53283.63087415621,50947.621918850244,47785.19336382503
2024-07-02,83648.22484627286,51891.70544500599,43092.23896318784,38059.896285043855,53675.29160803015,51322.11183531017,48136.43787140933
2024-07-03,84345.61341264515,52000.73669175846,43451.50581920946,38139.85823072014,53989.54863900282,51622.591508398305,48418.26611343685
2024-07-05,85225.06493039415,52138.23205669872,43904.564267598835,38240.69535062446,54385.84682365741,52001.5155649321,48773.66952431428
2024-07-08,85427.75275853177,52169.92071302177,44008.98097627481,38263.93535466854,54477.181953248306,52088.84646663378,48855.57960577941
2024-07-09,85501.61182849217,52181.46800081808,44047.03023193064,38272.403969189414,54510.46430566326,52120.66968580662,48885.427488076944
2024-07-10,86393.09540620893,52320.84448420872,44506.28711913092,38374.62067426605,54912.18437364699,52504.77792461702,49245.69328768885
2024-07-11,84498.47983504116,52024.6361610416,43530.25652091822,38157.385757199314,54058.43326136976,51688.45615666267,48480.04239880529
2024-07-12,84994.88961257643,52102.245946396026,43785.98709734738,38214.303655740354,54282.12528953927,51902.341291670644,48680.65121528732
2024-07-15,85223.3505999502,52137.96403454484,43903.68111272868,38240.4987870379,54385.07431257621,52000.77692154705,48772.97673014103
2024-07-16,85255.98637210549,52143.066382214995,43920.493764701256,38244.24077531534,54399.7806346405,52014.83850302552,48786.16547847624
2024-07-17,82753.30731652485,51751.79209007872,42631.213040460614,37957.28584611637,53272.02413359056,50936.52402996613,47774.7843451973
2024-07-18,82361.66217723128,51690.56143635027,42429.453039429805,37912.38016675389,53095.541115938715,50767.778212933816,47616.51295041391
2024-07-19,81631.64842099039,51576.42949638539,42053.378983008886,37828.67744615563,52766.58253148869,50453.24151789428,47321.50023655843
2024-07-22,82847.78068095948,51766.56226155255,42679.881960851395,37968.11807709783,53314.595693327574,50977.22920786792,47812.962863602814
2024-07-23,82555.76247971908,51720.90750021731,42529.4457963951,37934.63553283196,53183.00653724326,50851.40905841962,47694.95264625193
2024-07-24,79594.46828352037,51257.93231854502,41003.90478966827,37595.096204162284,51848.58901621209,49575.49380127651,46498.236242106796
2024-07-25,78716.72051392864,51120.7033213009,40551.72404457576,37494.45443448905,51453.05857405177,49197.3038286007,46143.52134889537
2024-07-26,79524.04316559123,51246.92190228533,40967.62456953937,37587.021323492256,51816.854070252986,49545.150148637316,46469.77608640937
2024-07-29,79683.78807433644,51271.89676909947,41049.9187938753,37605.3375310286,51888.83827411858,49613.978489496054,46534.332101485306
2024-07-30,78589.61666848206,51100.83162938578,40486.24519799905,37479.880821907886,51395.78307654394,49142.53934898398,46092.15622040827
2024-07-31,80915.3704728745,51464.44504256702,41684.38106869575,37746.54966096078,52443.813572862084,50144.62308898933,47032.03842910343
2024-08-01,79055.45336639346,51257.89089330645,40765.58085337543,37621.72501944054,51655.82673745201,49400.00984483573,46333.91331177152
2024-08-02,77179.0793105524,50953.73970149158,40523.63474726069,37398.48732937915,50429.780348546235,48579.25370352185,46058.94432199752
2024-08-05,74877.89773285757,50580.729257620034,40226.91250232604,37124.70905035357,48926.159386208514,47572.67993093532,45721.72287527396
2024-08-06,75593.36080215122,50696.70237318715,40319.16676428711,37209.82977690388,49393.651947071994,47885.63496576863,45826.56879166886
2024-08-07,74774.70635154349,50564.00243200976,40213.60665170643,37112.43207097034,48858.73284082836,47527.54236378525,45706.600927821644
2024-08-08,77062.13472942876,50934.7835484717,40508.555511888604,37384.57409173127,50353.36728957091,48528.10026593736,46041.80694300264
2024-08-09,77464.58535482781,51000.01885535559,40560.448875802715,37432.45481556572,50616.33358589513,48704.13863171184,46100.78315915496
2024-08-12,77631.40912555369,51027.0601846318,40581.95970495154,37452.302325772034,50725.33833419967,48777.11002774781,46125.22997111337
2024-08-13,79557.65707315419,51339.295693948225,40830.33672172104,37681.47365809206,51983.9729507576,49619.68181015168,46407.50761749051
2024-08-14,79583.45226956133,51343.476970973396,40833.662842814934,37684.542587787975,52000.82785626411,49630.96504325845,46411.2877161734
2024-08-15,81593.98359765908,51669.37441008928,41092.90764773041,37923.74135952724,53314.53429284735,50510.40372964581,46705.91647981201
2024-08-16,81698.89148002797,51686.379472248365,41106.434829883074,37936.22255604366,53383.082421588384,50556.29212191945,46721.28996802696
2024-08-19,82772.09138181123,51860.34000435382,41244.81690594669,38063.90427616892,54084.32472456065,51025.7269915309,46878.55961897969
2024-08-20,82598.38041549503,51832.182293863254,41222.41801817759,38043.23737623069,53970.81979610445,50949.74302555473,46853.10353852924
2024-08-21,82983.62894544657,51894.62922397558,41272.09328490709,38089.071516634736,54222.54602708063,51118.25691856321,46909.55891253259
2024-08-22,81667.93618477085,51681.36176806719,41102.443347946,37932.539714348604,53362.85584264515,50542.751778719015,46716.75369433541
2024-08-23,82553.66662258556,51824.9344035177,41216.65246836603,38037.91764597119,53941.603241889,50930.1844945584,46846.55105693475
2024-08-26,81752.20896958259,51695.021980357094,41113.30976984795,37942.565893168256,53417.92073931638,50579.614047979536,46729.10325887612
2024-08-27,81996.43422305815,51734.60971697317,41144.80101164452,37971.62208336168,53577.50058917158,50686.442095420294,46764.892695964336
2024-08-28,81065.97409880569,51583.78661491277,41024.82429204688,37860.92253058022,52969.52625068116,50279.4438965001,46628.54052268937
2024-08-29,80947.31301662722,51564.55222534409,41009.52372514175,37846.805075799144,52891.99160834495,50227.539633792054,46611.15160293185
2024-08-30,81912.16143824643,51720.949504683274,41133.93458974257,37961.59590454204,53522.43569250036,50649.57982615979,46752.54313142363
2024-09-03,79525.19690663514,51406.26985370351,40904.061910471944,37757.225721648436,51997.4114187924,49657.28010177143,46477.64939933037
2024-09-04,79318.54907207146,51272.68962050098,40797.771877281804,37659.11280601904,51862.29509226225,49528.24465385671,46356.87628618412
2024-09-05,79392.59474095443,51320.553841957306,40835.85752487533,37694.26844401146,51910.70972383126,49574.48039627634,46400.15148413079
2024-09-06,77265.8942820696,49945.8230404004,39741.981739350595,36684.546841401396,50520.17033472422,48246.52190654892,45157.224183724466
2024-09-09,78259.4981487849,50588.103355154184,40253.045347609535,37156.29324295407,51169.83649154688,48866.94999021166,45737.92531940641
2024-09-10,78982.75230848033,51055.625599076026,40625.05364279075,37499.68215142545,51642.734963539195,49318.56577728015,46160.62346500668
2024-09-11,80697.8969778419,52164.32061827674,41507.2442750673,38314.00398834458,52764.17931683323,50389.53979022776,47163.021393116265
2024-09-12,81490.04082173988,52676.3741784858,41914.68621917016,38690.100560015875,53282.12118879596,50884.17180960543,47625.98137665145
2024-09-13,81855.10787696339,52912.35895168353,42102.459730072216,38863.428256692874,53520.81964669717,51112.12769933992,47839.34090620841
2024-09-16,81493.48344937115,52678.59954417999,41916.45694667845,38691.73506170347,53284.37214487363,50886.32146193227,47627.993383490575
2024-09-17,81536.53486055063,52706.42861655906,41938.60058990999,38712.1751475224,53312.52123505303,50913.20370890395,47653.154319555855
2024-09-18,81183.51434978114,52478.23090883361,41757.02326109011,38544.566947505686,53081.699389251065,50692.7699461868,47446.835263853536
2024-09-19,83236.17974880496,53805.10434676376,42812.8188558087,39519.137949108495,54423.83108347962,51974.499318000984,48646.49356664243
2024-09-20,83077.74991912316,53702.69294893899,42731.329921309385,39443.91813107572,54320.24201541802,51875.572251674814,48553.90094990246
2024-09-23,83297.96138828344,53845.04091724171,42844.59645717855,39548.47083224466,54464.22690079349,52013.07713102208,48682.60118398499
2024-09-24,83699.7568775886,54104.76749639714,43051.26136602728,39739.2365715794,54726.94018131694,52263.967061913776,48917.426253378806
2024-09-25,83777.3618733446,54154.932519672875,43091.177765790395,39776.082118096274,54777.68207255949,52312.425326230645,48962.78166178626
2024-09-26,84406.78984268241,54561.804118912485,43414.9262332881,40074.92392972621,55189.23245348564,52705.4539786965,49330.64409556761
2024-09-27,83937.72784953706,54258.59547139345,43173.66256398851,39852.221185922535,54882.5370866432,52412.56136497484,49056.505838612946
2024-09-30,84165.36563408068,54405.743920392415,43290.74885103118,39960.299776710315,55031.37765539117,52554.703398802194,49189.54630316509
2024-10-01,83092.70453051408,53742.93043531552,42787.57196455116,39500.028930535234,54359.79202690266,51917.8437458282,48599.87023220422
2024-10-02,83210.10729935019,53796.08905236647,42848.02708451381,39539.09949240765,54413.560799134204,51969.197118211945,48647.94170350025
2024-10-03,83147.95382953706,53767.94667946557,42816.02191537769,39518.415389196176,54385.095407773224,51942.0104486649,48622.49248480047
2024-10-04,84137.25246205697,54215.8896681746,43325.44914695653,39847.64487684252,54838.179890944164,52374.741478590164,49027.5684577766
2024-10-07,83236.00856161445,53807.816844611,42861.364622741334,39547.71919430993,54425.423203104765,51980.52663947837,48658.54717556714
2024-10-08,84479.10451238012,54370.67632620121,43501.481679380115,39961.410095634,54994.74319190322,52524.27164567591,49167.54242250938
2024-10-09,85143.81683245287,54671.65038347518,43843.767159092626,40182.620243284095,55299.1718326569,52815.024748342614,49439.7140206009
2024-10-10,85047.1371977884,54627.874962105605,43793.98316362532,40150.446149901036,55254.8939565281,52772.73592219252,49400.1277967941
2024-10-11,85180.06904000173,54688.06496413155,43862.43479000119,40194.68464459329,55315.77482004732,52830.881896623236,49454.55776723378
2024-10-14,85894.85784190547,55011.71307370686,44230.50654159138,40432.55978491031,55643.13776611954,53143.5390501452,49747.233567933195
2024-10-15,84746.72079400736,54491.84988601293,43639.287410625824,40050.47033325055,55117.30758314305,52641.330201471486,49277.11997786118
2024-10-16,84757.08236109318,54496.54148385362,43644.6229728735,40053.918567495246,55122.05303119443,52645.86247458832,49281.3626016058
2024-10-17,84815.77843461062,54523.11838766468,43674.8477980715,40073.45208101257,55148.93498499444,52671.536837728876,49305.3961626645
2024-10-18,85371.72351023556,54774.84389354067,43961.12491549165,40258.465489897295,55403.54979894536,52914.71384945108,49533.03217167872
2024-10-21,85535.74536460698,54849.11109380313,44045.58596339387,40313.05045474249,55478.66943893447,52986.45896628361,49600.192187941575
2024-10-22,85628.97822477699,54891.3258555117,44093.595084489694,40344.077493269164,55521.368742133825,53027.24013212984,49638.367103285906
2024-10-23,84316.81401160682,54297.19306284089,43417.9121708386,39907.40130934531,54920.41648685246,52453.28384357228,49101.091322361724
2024-10-24,85000.51811225309,54606.766378894106,43769.97723568576,40134.93174692827,55233.543088770544,52752.34417774375,49381.03925182728
2024-10-25,85518.4743158304,54841.29096249716,44036.6924480533,40307.30280852839,55470.759548076916,52978.90440340511,49593.1204235041
2024-10-28,85532.29327921191,54847.5480294277,44043.80835423908,40311.90163246723,55477.08843368926,52984.94898292843,49598.7787048898
2024-10-29,86354.11797196533,55219.66075349885,44466.99692876091,40585.3973329931,55853.47227162589,53344.424912666,49935.28117855132
2024-10-30,85701.49326167593,54924.15982625329,44130.935815873476,40368.20983072533,55554.57958154618,53058.95907479371,49668.05894573031
2024-10-31,83538.14569719242,53944.62104817696,43016.946445534915,39648.26765467918,54563.797646796666,52112.685028825676,48782.25956143664
2024-11-01,84256.2195625284,54317.134175325584,43431.352296042474,39948.56155392064,54941.96040029911,52483.02918945538,49135.32785851446
2024-11-04,84010.75058701662,54277.567430871524,43342.77247039572,39919.46144896136,54781.894510776714,52375.99765415733,49035.123477873356
2024-11-05,85082.48201201782,54450.31807411676,43729.51699714834,40046.51415242694,55480.751233970586,52843.3033884396,49472.62146894105
2024-11-06,87393.59647683421,54822.842851404086,44563.50473802807,40320.494492952086,56987.78727315898,53851.01578428558,50416.055534507905
2024-11-07,88769.5307732316,55044.627460141826,45060.02377804998,40483.61014680921,57885.00919954719,54450.96272220561,50977.73402640649
2024-11-08,88873.26421292097,55061.34808437131,45097.456981094336,40495.90764377987,57952.65190373201,54496.19348625044,51020.07968354777
2024-11-11,88821.40015168102,55052.98820079274,45078.741338955086,40489.759210469514,57918.832285267774,54473.57926345618,50998.90794026231
2024-11-12,88660.63964034941,55027.0754757451,45020.729372127316,40470.70121039718,57814.00325670024,54403.483055545395,50933.2829160166
2024-11-13,88546.55359380807,55008.68613167478,44979.56033196536,40457.17642209421,57739.60980439671,54353.73825707566,50886.711158385595
2024-11-14,87931.18230660066,54909.495435927834,44757.49772215813,40384.22476289032,57338.33729218602,54085.418672041225,50635.50670955301
2024-11-15,85836.14328330648,54571.79950721367,44001.48286928463,40135.85995285863,55972.2001494023,53171.921385041926,49780.27811168056
2024-11-18,86432.4949122142,54667.92445520989,44216.68205363234,40206.556850328765,56361.07028563938,53431.947851875106,50023.71843033762
2024-11-19,87027.13439967028,54763.773425913474,44431.26339537509,40277.05077511836,56748.82396533089,53691.22777577822,50266.45982533895
2024-11-20,86977.00374871989,54755.692947916876,44413.173270904226,40271.10783588829,56716.134672437634,53669.36936973923,50245.995687990646
2024-11-21,87289.87898877327,54806.12479839161,44526.077291281275,40308.198887031234,56920.15497074321,53805.79197560966,50373.7163890777
2024-11-22,87429.8917487251,54828.69322717888,44576.602233747006,40324.79726163945,57011.454765022514,53866.841567020216,50430.87184778108
2024-11-25,87568.17641559688,54850.983107456515,44626.50357731021,40341.1907725173,57101.62770098719,53927.13766013181,50487.32187111767
2024-11-26,88038.35598082173,54926.770585959595,44796.17236670998,40396.93009627187,57408.22331123104,54132.149477315084,50679.25672571682
2024-11-27,87345.18328454492,54815.039207772454,44546.03437492802,40314.75515675249,56956.21790406765,53829.90623963295,50396.292491385684
2024-11-29,88112.67993489308,54938.750743091165,44822.992875816235,40405.74112772689,57456.688620529094,54164.55685953963,50709.59695820033
2024-12-02,89172.00746380189,55186.10462107775,45269.04998533418,40614.10974710533,58177.061943813686,54682.69634853166,51201.066180797534
2024-12-03,89445.443109482,55304.57551888242,45366.21889133963,40701.29818562501,58301.94838066465,54800.07142306761,51310.96801814344
2024-12-04,90551.2267191367,55783.67610098695,45759.17345058021,41053.891374514635,58806.99363398004,55274.74045636432,51755.415010801466
2024-12-05,90300.30279003689,55674.95880815855,45670.004375273405,40973.88108357024,58692.38898780096,55167.02876863727,51654.561295209525
2024-12-06,91108.45691342087,56025.1060770843,45957.192433208154,41231.57131969812,59061.49773602141,55513.93727148732,51979.38223359761
2024-12-09,90398.96255714487,55717.70492180957,45705.0644041617,41005.3400069943,58737.44992615819,55209.37949247649,51694.215560659504
2024-12-10,90090.91028982327,55584.23575179855,45595.594032317225,40907.113617734,58596.75301762614,55077.14487563309,51570.4002837851
2024-12-11,91703.76911773476,56283.03576706206,46168.74435242113,41421.39419885031,59333.39505879267,55769.481182668686,52218.65573755427
2024-12-12,91111.93827134084,56026.61443784441,45958.42957893455,41232.681395014806,59063.08777884464,55515.43168032464,51980.781493854665
2024-12-13,91809.3277225557,56328.77092588906,46206.25597284062,41455.05290455329,59381.60690769867,55814.7933038369,52261.08284901823
2024-12-16,93131.43460920046,56901.5974477017,46676.08381652936,41876.6235257353,59985.45362928648,56382.32133763962,52792.47653636473
2024-12-17,92721.30509497787,56723.90147962378,46530.33896999179,41745.84850608869,59798.13491467166,56206.269008465315,52627.63340828342
2024-12-18,89376.20986619905,55274.57897446971,45341.61595966157,40679.22228414377,58270.3274373025,54770.352338452685,51283.14113908644
2024-12-19,88978.19590339214,55102.13228634592,45200.17653158466,40552.31046238824,58088.54226621315,54599.50073483455,51123.167607863026
2024-12-20,89755.18814716837,55438.77811201532,45476.29081110611,40800.06433627783,58443.418429285055,54933.03267907044,51435.463669271274
2024-12-23,90629.64776634911,55817.6534262436,45787.04138764626,41078.896924308705,58842.81092889094,55308.40350069363,51786.93473879375
2024-12-24,91858.56711209647,56350.104774560255,46223.753829062516,41470.75351109654,59404.096045488914,55835.92982026686,52280.873609534705
2024-12-26,91796.1688283995,56323.06959897931,46201.57978899407,41450.85702353978,59375.59683757786,55809.144712635294,52255.79390199156
2024-12-27,90575.91561521131,55794.37300802879,45767.946970272875,41061.763743503565,58818.26980923097,55285.33841995374,51765.33820510151
2024-12-30,89371.26995771323,55272.43867051654,45339.86049905899,40677.64713140084,58268.07122974905,54768.231831723286,51281.15564440976
2024-12-31,88612.0837418304,54943.50762579903,45070.0738226794,40435.57093630986,57921.32762515373,54442.34330883422,50976.0163499126
2025-01-02,88538.72045328966,54961.03519388482,45108.43316254819,40474.87748253626,57936.8977343647,54460.63432224148,51006.30110197468
2025-01-03,89987.66981608084,55185.92674173801,45625.178036017285,40640.49402473478,58885.043705127784,54683.478304921475,51590.60965240837
2025-01-06,91021.89593386478,55346.44906117269,45994.01842347099,40758.707233475776,59561.8080915283,54842.5391202937,52007.67540999902
2025-01-07,89397.67469323803,55094.35355097698,45414.76560689451,40573.056918464215,58498.96982783529,54592.73885859411,51352.6860894157
2025-01-08,89413.28923311635,55096.77708497508,45420.334285580524,40574.84167793827,58509.187481709974,54595.14032709505,51358.98286513215
2025-01-10,88011.19947754363,54879.15862055031,44920.3011498883,40414.58124156071,57591.70493433261,54379.50320875934,50793.57108905845
2025-01-13,87728.34715038254,54835.25708796218,44819.42634103525,40382.25090236446,57406.61544728377,54336.00138549793,50679.5070385716
2025-01-14,87645.04651118864,54822.327989011894,44789.71848556043,40372.72954559348,57352.10618185193,54323.19000183301,50645.91492211294
2025-01-15,89661.43784570828,55135.29225121658,45508.832563510914,40603.20534351846,58671.56797147827,54633.304825142084,51459.05217040892
2025-01-16,89033.28036106727,55037.795877192606,45284.810131633654,40531.406236362665,58260.52186913571,54536.69612422931,51205.73911563962
2025-01-17,90536.01195472946,55271.03496945155,45820.735587116185,40703.17014805339,59243.86120607742,54767.81164960947,51811.7360826366
2025-01-21,91066.99157770451,55353.44835970236,46010.101071607896,40763.86171629812,59591.317233879025,54849.47469246264,52025.86084211937
2025-01-22,92231.37794190082,55534.17286151575,46425.361052313296,40896.95238763104,60353.2543090971,55028.55375584408,52495.41549052868
2025-01-23,92427.44966586102,55564.60516965846,46495.28693156797,40919.363606255436,60481.557353929056,55058.708987614256,52574.484081709474
2025-01-24,91905.13531313927,55483.5367167049,46309.011778661064,40859.66248814887,60139.77160093982,54978.37863683704,52363.8537103888
2025-01-27,89229.36274341647,55068.22983962474,45354.7398120342,40553.818673252914,58388.831888475426,54566.852995227135,51284.81200496084
2025-01-28,90548.15185979528,55272.91920509923,45825.0650922516,40704.5577528595,59251.80517042095,54769.67872989792,51816.63166457588
2025-01-29,90378.10792176196,55246.526671716485,45764.42161118891,40685.12153944715,59140.5338735494,54743.52649203852,51748.05913230264
2025-01-30,90763.32341683531,55306.315999879895,45901.802624888776,40729.15210389175,59392.60653316652,54802.77145760918,51903.40252339072
2025-01-31,90631.43651140567,55285.84582261538,45854.767246007636,40714.0772822317,59306.30397409115,54782.487654721364,51850.21733382391
2025-02-03,90006.081832485,55273.227313749085,45696.0687692964,40731.14378140272,58926.40092098595,54770.894569547854,51657.69164420902
2025-02-04,91110.92121084356,55442.849415792756,46088.717669667516,40856.13923080807,59432.77808479933,54938.97511608887,52101.5665211194
2025-02-05,91524.39302873156,55506.328289065874,46235.66143163712,40902.91715772279,59622.28317536728,55001.87708219472,52267.68094088565
2025-02-06,92002.12103467945,55579.67218878676,46405.44120224107,40956.96467627313,59841.23857962298,55074.55441965256,52459.610613189514
2025-02-07,90841.6683630349,55401.5119735173,45993.02789187291,40825.67744480121,59309.372369821474,54898.01335576074,51993.39281096761
2025-02-10,91941.32200452912,55570.337927627785,46383.83383306164,40950.08620846513,59813.37277301507,55065.304989901044,52435.18429154233
2025-02-11,91722.43269169933,55536.73262165811,46306.042753499205,40925.32227574955,59713.05000068189,55032.00509486374,52347.24438942401
2025-02-12,91776.29606554961,55545.00207591057,46325.18525957463,40931.41608155769,59737.737012222206,55040.19939486122,52368.88427564286
2025-02-13,93096.55692858795,55747.69708047065,46794.392807956174,41080.78313267869,60342.847550834966,55241.05227156252,52899.30583695738
2025-02-14,93487.43984741867,55807.70795955747,46933.308700400885,41125.00547581848,60521.999550390465,55300.51776122331,53056.34505087473
2025-02-18,93699.37216346749,55840.24518229168,47008.62733266515,41148.98233218958,60619.133746748164,55332.75927995349,53141.48994391724
2025-02-19,93725.43956091523,55844.24721809571,47017.89142583913,41151.93145413674,60631.08112574836,55336.72494455211,53151.96265430405
2025-02-20,93327.61031554398,55783.169893937906,46876.50687819334,41106.923241824785,60448.74544067131,55276.20270186074,52992.13271813463
2025-02-21,91390.63089430462,55485.792259250346,46188.123702603545,40887.784045676264,59560.97644464832,54981.527687430775,52213.941318532365
2025-02-24,90311.82690267242,55320.16727851729,45804.72751911516,40765.734096701155,59066.53198847329,54817.407935658746,51780.5262915376
2025-02-25,89173.9577949649,55145.474238351904,45400.34018222335,40637.00184541801,58545.01642445725,54644.30253657371,51323.38155175274
2025-02-26,89389.37394452441,55178.54632178608,45476.89693418524,40661.3728435475,58643.74735402968,54677.07405509573,51409.92609274502
2025-02-27,86906.91582552606,54797.42326206544,44594.65606756245,40380.52118828231,57505.97101639456,54299.41470878756,50412.58583352778
2025-02-28,88279.30614833966,55008.12151915135,45082.38990624342,40535.78587971149,58134.97386778073,54508.19810304783,50963.95067220406
2025-03-03,86447.50381344286,54799.080574461,44495.719259804304,40411.678829624194,57344.26074391198,54301.96550424391,50283.17345968572
2025-03-04,86186.62418354112,54633.708953204325,44401.724134600896,40326.29957477664,57171.20832643391,54138.09406737448,50131.42985687728
2025-03-05,87310.14999147168,55345.912065617376,44806.5313210626,40694.00094080218,57916.490191616766,54843.836361530644,50784.941417008886
2025-03-06,84908.30758746604,53823.383946028174,43941.145711736186,39907.9391283391,56323.24722906328,53335.12000055386,49387.8824749245
2025-03-07,85532.68384595252,54219.17611339275,44166.108943294654,40112.28156670486,56737.42222995427,53727.32170163674,49751.058024531325
2025-03-10,82217.74671339961,52117.83716185913,42971.734622336364,39027.38711806411,54538.48517690741,51645.045246216025,47822.88715213894
2025-03-11,82021.21368890768,51993.25485965735,42900.9236270483,38963.0668674168,54408.11656585328,51521.59310421506,47708.57148395711
2025-03-12,82946.48123340323,52579.7820407448,43234.29821334416,39265.88335605338,55021.88539651766,52102.79954820703,48246.76387106051
2025-03-13,81454.23500838535,51633.84702221424,42696.64078563431,38777.509193651014,54032.01578956857,51165.445669145025,47378.78188815603
2025-03-14,83423.02641378497,52881.86407417708,43405.99779721713,39421.84444974824,55337.99783325196,52402.14121574838,48523.95179331936
2025-03-17,83963.9128582795,53224.73204081558,43600.879586532144,39598.86279957294,55696.79053330351,52741.898823024574,48838.56454337868
2025-03-18,82532.54673689415,52317.38892554622,43085.15730556215,39130.4131436763,54747.305256529566,51842.78675710366,48005.994164929594
2025-03-19,83636.94536013372,53017.467313834146,43483.07295311568,39491.85466957226,55479.89925661704,52536.51431772253,48648.380180618784
2025-03-20,83353.45067857551,52837.760009263904,43380.92960793537,39399.07408461896,55291.845325367976,52358.43724505387,48483.482275892085
2025-03-21,83628.24438725975,53011.951766333485,43479.93798610048,39489.00706287829,55474.12753580151,52531.04880503548,48643.319160820756
2025-03-24,85463.4125646742,54175.26504185437,44141.15044899133,40089.610841588816,56691.47167915223,53683.80897355927,49710.76559619459
2025-03-25,85951.1157145671,54484.42011318037,44316.870257600174,40249.22365436514,57014.98566578439,53990.15951525852,49994.44367828037
2025-03-26,84369.5576617865,53481.87031886191,43747.03371174351,39731.62000667745,55965.871771692044,52996.704446730604,49074.512455325115
2025-03-27,83888.81422193334,53177.12700836669,43573.821491852155,39574.28492964221,55646.974453090945,52694.72564415425,48794.88256771251
2025-03-28,81680.21460344459,51777.09550819203,42778.061402257415,38851.46655645537,54181.91754786393,51307.39466286093,47510.225488901684
2025-03-31,81676.73207777619,51774.8879348523,42776.806645662014,38850.326814549626,54179.60744229504,51305.20711573266,47508.19983825202
2025-04-01,82435.0970660913,52292.214581460765,43109.993471967646,39162.13792864242,54704.06731135291,51818.74767191704,47991.1327726042
2025-04-02,83036.74932003088,52673.86911801337,43424.631601391266,39447.962648845874,54803.90407860332,52196.94661196486,48341.395879331685
2025-04-03,78591.50149685233,49854.05254339275,41099.95908375155,37336.17513874269,54066.27005598128,49402.66136834163,45753.511761014284
2025-04-04,73710.26502155227,46757.669154839205,38547.28334156607,35017.26410556029,53256.28909656865,46334.31341652518,42911.808698630644
2025-04-07,73888.14295827098,46870.504968312496,38640.30581577512,35101.76792177652,53285.80574518235,46446.127586063165,43015.36366468522
2025-04-08,72557.53449141195,46026.44138436213,37944.45508760714,34469.640658477794,53065.00768959895,45609.70636684625,42240.72507173025
2025-04-09,81266.6707947367,51551.030310696755,42498.957023618605,38607.057963593645,54510.18138981158,51084.27427061782,47310.9115765447
2025-04-10,77810.2225813637,49358.4529001492,40691.3839726008,36965.01584205895,53936.62646081056,48911.549009358954,45298.67563538213
2025-04-11,79243.72238074838,50267.78499023948,41441.0424214044,37646.0233117193,54174.498063364306,49812.647777187216,46133.214340984865
2025-04-14,79780.8536405652,50608.51101709467,41721.93885906769,37901.196280896096,54263.62836781861,50150.288784594915,46445.91534484877
2025-04-15,79869.7872611422,50664.92553149732,41768.44729951314,37943.445648452944,54278.38580472696,50206.192507744956,46497.689714564585
2025-04-16,77461.4348683359,49137.20148440325,40508.98307095964,36799.31854792634,53878.74944381719,48692.30085977574,45095.62234811603
2025-04-17,77447.48785195197,49128.35427733397,40501.68938408762,36792.6927902241,53876.43510855219,48683.53375755233,45087.50283180702
2025-04-21,75530.91752458528,47912.58926478395,39499.405924227045,35882.19478413694,53558.4039128915,47478.776588288936,43971.7355879722
2025-04-22,77513.76291868744,49170.39547258304,40536.34838002511,36824.17784206608,53887.432638053404,48725.194301208285,45126.08610083216
2025-04-23,79271.62710908096,50285.48618904604,41455.635388466595,37659.279908226315,54179.12850869129,49830.188704871936,46149.459600225826
2025-04-24,81502.10156516854,51700.37442266681,42622.077142811046,38718.90319253669,54549.24822098737,51232.26618330317,47447.97200061981
2025-04-25,82410.68443963706,52276.72857675553,43097.22672328253,39150.54031211223,54700.01633724067,51803.40188140712,47976.920505751965
2025-04-28,82384.5230883525,52260.13327883264,43083.54546707934,39138.111935318004,54695.675183821804,51786.95684150033,47961.69018604964
2025-04-29,82928.62785636126,52605.282909222464,43368.08874817864,39396.59778334591,54785.96265590861,52128.98140001973,48278.45094806804
2025-04-30,82918.16224629096,52598.6441115865,43362.61568636555,39391.62592451797,54784.226017061366,52122.40271173322,48272.358197524816
2025-05-01,84101.11166016186,53373.643903939505,44019.09059838605,39997.141586019134,55056.55134543162,52903.13417443555,48991.83926509258
2025-05-02,85349.49522877044,53571.75584494232,44182.48035033282,40145.60268563802,55628.703550687576,53688.41991118218,49173.686843265124
2025-05-05,84843.15356896604,53491.40207262678,44116.20982236683,40085.38718658175,55396.63986084508,53369.90972459891,49099.92986113349
2025-05-06,84053.96304372707,53366.16166518503,44012.91973797293,39991.53454695083,55034.942454105054,52873.47571294616,48984.971294439616
2025-05-07,84383.96052559641,53418.53053906571,44056.110154813956,40030.77872659378,55186.18506232915,53081.057999505036,49033.04084965482
2025-05-08,85255.21405834117,53556.79391645861,44170.14073177564,40134.39051768961,55585.49312968265,53629.11309215347,49159.953241717536
2025-05-09,85199.33818267532,53547.92670732374,44162.82763851294,40127.7456097045,55559.88440950504,53593.964817783344,49151.814002365456
2025-05-12,88670.38334473786,54098.763414611654,44617.12167304397,40540.53154709151,57150.71449887463,55777.39811978455,49657.428760778304
2025-05-13,90021.7860513003,54313.223953828754,44793.9946779102,40701.243957034414,57770.081861752034,56627.48722440734,49854.28276903645
2025-05-14,90561.29129618271,54398.84061358981,44864.605690704586,40765.40335797452,58017.3449012285,56966.85869993739,49932.870572224696
2025-05-15,90660.81417629738,54414.63437397684,44877.63134972787,40777.238884002414,58062.95767342679,57029.46277467789,49947.367714911205
2025-05-16,91055.41479306362,54477.2554273728,44929.277092681165,40824.16584054727,58243.80883067954,57277.68314848763,50004.84777817759
2025-05-19,91142.71951025481,54491.11022922727,44940.70362571504,40834.548350091645,58283.821842486366,57332.60148519512,50017.565144685344
2025-05-20,90838.91451437217,54442.89796583795,44900.94130893545,40798.41905065789,58144.58362858087,57141.495373245154,49973.310955406356
2025-05-21,89576.54056026007,54242.56582385108,44735.72048064761,40648.294177125135,57566.019427749576,56347.40909597255,49789.42544771801
2025-05-22,89744.16818725759,54269.1674512557,44757.659760435694,40668.228901080445,57642.8455882824,56452.85391908293,49813.84316577423
2025-05-23,88913.06540112248,54137.27578728771,44648.88415533842,40569.391943731294,57261.939187526434,55930.055333669225,49692.77938964686
2025-05-27,91004.77527293641,54469.21920046617,44922.64933912822,40818.14365391225,58220.60000781256,57245.82876184594,49997.47130004497
2025-05-28,90601.43668864558,54405.211477339646,44869.859961812646,40770.177554991795,58035.74411394331,56992.11183918875,49938.71840824059
2025-05-29,90779.54773501391,54433.476768550914,44893.17132253292,40791.358995106064,58117.37497686284,57104.151173722734,49964.66320857464
2025-05-30,90636.36714215689,54410.75475756157,44874.43169623635,40774.33157757658,58051.753244878404,57014.08456264512,49943.8066027148
2025-06-02,91452.19728226519,54624.105705800204,45058.19364619522,40959.276376088936,58479.56262738977,57551.46868626459,50141.54438100192
2025-06-03,92167.08272274774,54730.85589716023,45410.41532669448,41039.321812468086,58799.56009417479,57663.9644654972,50415.951065867084
2025-06-04,92424.04141047348,54769.22622551358,45537.0180180971,41068.093373792,58914.58010225488,57704.39999008529,50514.583906394
2025-06-05,91728.36623150134,54665.34460438339,45194.26116959591,40990.198902698314,58603.181544709725,57594.92717539426,50247.55102420819
2025-06-06,92625.04163554056,54799.24056246082,45636.050160933955,41090.59928846966,59004.5519483751,57736.029780908255,50591.73725474108
2025-06-09,92761.37874820206,54819.59908711655,45703.2230032059,41105.86490035608,59065.579251786134,57757.4840571582,50644.06985656925
2025-06-10,93374.89575517878,54911.212448067345,46005.500793429674,41174.560153844985,59340.2021171358,57854.028300282975,50879.56656479601
2025-06-11,93060.26340287378,54864.23000596593,45850.48247917573,41139.33089540289,59199.36618734228,57804.517134381415,50758.79585685005
2025-06-12,93278.74796751869,54896.855190036425,45958.12909801081,41163.79452457865,59297.16438445035,57838.898295275445,50842.660517792014
2025-06-13,92107.67241622391,54721.984459540945,45381.14406612905,41032.66966424709,58772.96681571088,57654.61554279102,50393.146593518315
2025-06-16,93388.87465083145,54913.29984515424,46012.38814885683,41176.1253651911,59346.45935912731,57856.228046802076,50884.93232299572
2025-06-17,92478.22035113956,54777.31648998992,45563.71180209163,41074.159768073645,58938.83171347043,57712.92569476898,50535.38033426312
2025-06-18,92462.47265350631,54774.96496673789,45555.95296380751,41072.39650467837,58931.782719233066,57710.44760609064,50529.33562659796
2025-06-20,92084.94599077632,54718.59083851011,45369.94683184563,41030.1249954942,58762.79399897622,57651.0392677753,50384.423121598535
2025-06-23,93031.80177100429,54859.97997585421,45836.45952775003,41136.144057884536,59186.62617393166,57800.038356000885,50747.870942724105
2025-06-24,94454.44384398701,55072.41585009053,46537.39054874925,41295.43672086892,59823.43010602596,58023.90811121825,51293.947940366386
2025-06-25,94695.9121143676,55108.47307354315,46656.36116301058,41322.47382636835,59931.51628383172,58061.906033260246,51386.63482951402
2025-06-26,95581.34222581505,55240.689829516166,47092.609636064044,41421.61508123319,60327.85306261282,58201.239057410334,51726.50458738471
2025-06-27,95908.59203224826,55289.55637159554,47253.844528031004,41458.25711095931,60474.33682509346,58252.73573071448,51852.11846818426
2025-06-30,96529.78456781954,55382.31588002657,47559.90402568257,41527.81179031004,60752.3954153403,58350.48781011814,52090.56140560657
2025-07-01,95816.07350570933,55360.677263696445,47254.782755790184,41536.60431143799,60488.0241529122,58322.300917200424,51878.104631856055
2025-07-02,96483.44735887168,55457.0764318164,47485.19918462938,41608.93171264163,60782.940834991445,58423.85714273504,52131.0426010948
2025-07-03,97432.88029478879,55594.21777287197,47812.9988811259,41711.82758808929,61202.50119084095,58568.335121476804,52490.882348488725
2025-07-07,96698.93002443688,55488.20193906594,47559.596385000674,41632.2848918693,60878.16397337626,58456.647768377996,52212.71159003697
2025-07-08,96753.22993916596,55496.04531888082,47578.343886687864,41638.169706953566,60902.15944549913,58464.910744760135,52233.29152450149
2025-07-09,97438.13858692658,55594.97730965246,47814.814350656874,41712.39746148678,61204.824863042566,58569.135291126455,52492.87526704358
2025-07-10,97298.01046705854,55574.73642948989,47766.43394017638,41697.210916947195,61142.90136996344,58547.81158646283,52439.76602114682
2025-07-11,97079.04015874887,55543.10714784512,47690.83260185087,41673.479760466085,61046.13702042449,58514.49023605225,52356.77519846927
2025-07-14,97431.14183902078,55593.966660711885,47812.398664668726,41711.63918096604,61201.732956357955,58568.07057559263,52490.2234652114
2025-07-15,97520.4576869042,55606.867935454815,47843.23571141625,41721.3188876748,61241.20218846836,58581.66202864175,52524.074610379015
2025-07-16,97620.31158148011,55621.29138390884,47877.71110730544,41732.140667192405,61285.32824935834,58596.85708698875,52561.9197270178
2025-07-17,98410.33241595444,55735.40635991501,48150.47243669461,41817.76007464071,61634.44339999337,58717.07686135172,52861.34150475355
2025-07-18,98315.73681351633,55721.74244824147,48117.8125103364,41807.508168520595,61592.64101130501,58702.681972654376,52825.48930666964
2025-07-21,98825.47994583768,55795.37256377237,48293.80560868485,41862.75216087586,61817.89969140546,58780.25107169152,53018.68445825043
2025-07-22,98313.97689533143,55721.48823593127,48117.2048837995,41807.31743538348,61591.86329244569,58702.41416077164,52824.82228903087
2025-07-23,98762.4233650179,55786.26432270672,48272.034794472616,41855.91833213374,61790.034593738674,58770.65556789282,52994.785704314956
2025-07-24,98972.62627602842,55816.62719302563,48344.60911523322,41878.699311950055,61882.924575545534,58802.642757887545,53074.45364034081
2025-07-25,99210.85910349592,55851.0388594071,48426.86100010588,41904.51806587707,61988.20115284348,58838.895342014715,53164.74505241832
2025-07-28,99520.89444666545,55895.82207802993,48533.90330667595,41938.118499197124,62125.20771116398,58886.07432435787,53282.24997072153
2025-07-29,99366.7513685689,55873.556799836086,48480.68411413943,41921.41306760219,62057.090920339295,58862.61792262802,53223.82898679895
2025-07-30,99499.8934717396,55892.78858113315,48526.65254367164,41935.84249462797,62115.92724892199,58882.87854475711,53274.29049804424
2025-07-31,98972.62627602842,55816.62719302563,48344.60911523322,41878.699311950055,61882.924575545534,58802.642757887545,53074.45364034081
2025-08-01,97122.96106604065,55634.979370497276,47767.20041934162,41767.38343751713,61113.09015420051,58605.927246416926,52428.43332138127
2025-08-04,98915.01804143962,55891.61567110581,48648.573307556544,41960.05046837541,61395.034232337304,58876.268111754034,52670.31088671146
2025-08-05,98243.4438224709,55795.44109322899,48318.27839107301,41887.84840530157,61289.375552581645,58774.95774161155,52579.66715202411
2025-08-06,99479.6637485537,55972.477266142974,48926.2784388828,42020.756469004846,61483.869863989436,58961.44777465852,52746.52226323898
2025-08-07,99816.33709495066,56020.69147100305,49091.86176785749,42056.95278134865,61536.83863539917,59012.23665305377,52791.96374777656
2025-08-08,100747.43370872502,56154.031645868294,49549.7954847845,42157.05652943298,61683.327937932896,59152.69729004003,52917.63574655706
2025-08-11,100449.33583812372,56111.34174494404,49403.18442007542,42125.007530755836,61636.42824083899,59107.72771742052,52877.40087224169
2025-08-12,101711.86357267869,56292.145397763015,50024.12322455089,42260.7439907748,61835.06155614527,59298.18641653398,53047.806801733976
2025-08-13,101762.71745806343,56299.42806410447,50049.13427969802,42266.21137671129,61843.06239095761,59305.8579825441,53054.670653806366
2025-08-14,101683.81551717815,56288.12870113911,50010.328576264204,42257.728497601966,61830.64875942051,59293.9552253949,53044.02109878488
2025-08-15,101236.6794535418,56224.09538812754,49790.41726248219,42209.65615450512,61760.30090385883,59226.50248699077,52983.67023721721
2025-08-18,101196.33150392096,56218.31725234839,49770.57325675075,42205.31827922471,61753.9529664792,59220.41579456703,52978.22439260717
2025-08-19,99823.3517943922,56021.696029752726,49095.311750749555,42057.70694337157,61537.94225710015,59013.29485596983,52792.91053599018
2025-08-20,99230.65803177757,55936.81773809165,48803.811971136616,41993.98544956931,61444.69382872325,58923.88400192626,52712.91345651356
2025-08-21,98771.25430081773,55871.02760104925,48577.867149754675,41944.5941891215,61372.41590274423,58854.580623812886,52650.9068030011
2025-08-22,100295.03393494112,56089.24452920076,49327.29536301303,42108.41827608922,61612.151943575685,59084.45049431758,52856.57443135283
2025-08-25,100005.70175307534,56047.8099421199,49184.99545609863,42077.31169121101,61566.63135108822,59040.80327021185,52817.52267982814
2025-08-26,100407.2583837401,56105.31593082078,49382.48980600459,42120.483713537156,61629.80820071226,59101.38012044932,52871.72159286535
2025-08-27,100561.57102918832,56127.41468493887,49458.38414634859,42137.07412312264,61654.086188054745,59124.658964077404,52892.5494836596
2025-08-28,101191.07853603901,56217.564987067235,49767.9897320429,42204.75352389667,61753.126517762845,59219.62335777384,52977.51538887599
2025-08-29,100019.75263648963,56049.82213636887,49191.905988446,42078.8223250946,61568.84197464854,59042.92291709424,52819.41915606614
2025-09-02,99281.5251446841,56029.72699301109,48879.63209988941,42088.664016115974,61536.90248331247,59016.4142053759,52806.23038975484
2025-09-03,100062.64059288072,56139.93312452628,49264.20149162417,42171.449153254194,61657.940805000166,59132.494920012316,52910.096153422215
2025-09-04,100968.34137969886,56267.716770664556,49710.10843340146,42267.43824682037,61798.284339929334,59267.09012591094,53030.52816394536
2025-09-05,101114.03504040859,56288.27241934642,49781.83831994783,42282.87933137435,61820.86040882357,59288.74150189156,53049.901207156894
2025-09-08,101607.25792249836,56357.86032205066,50024.66852410375,42335.15268485594,61897.28812511563,59362.0388163413,53115.4855857846
2025-09-09,101895.13973551194,56398.4770337276,50166.402417573314,42365.66332886503,61941.897064257755,59404.82061852253,53153.76554097385
2025-09-10,101928.48507774096,56403.18166628812,50182.819450430376,42369.197375894466,61947.064116412235,59409.77603345469,53158.19950709674
2025-09-11,102521.7654927043,56486.88650094193,50474.91134137601,42432.07514975946,62038.99632167476,59497.94278871185,53237.08864379392
2025-09-12,102974.61050956674,56550.77756544406,50697.86216521002,42480.06912671878,62109.16725601259,59565.23959265843,53297.30393413028
2025-09-15,103855.77273754367,56675.09911177482,51131.68794962524,42573.457544592864,62245.708400417236,59696.188150096816,53414.47302601672
2025-09-16,103767.99523718396,56662.714746863014,51088.47213562583,42564.15460170305,62232.10677296254,59683.143631524974,53402.801157116
2025-09-17,103560.8799077183,56633.4932287243,50986.502296909355,42542.20385038603,62200.01306398239,59652.36444835552,53375.26080835983
2025-09-18,104494.68928034317,56765.24266316093,51446.24804032752,42641.171982628424,62344.71218560354,59791.13684052718,53499.43044785596
2025-09-19,105202.04926180364,56865.042772511464,51794.50513655549,42716.14027727231,62454.321674421975,59896.256835711894,53593.48886755787
2025-09-22,105824.84691779202,56952.91214001876,52101.12935745683,42782.14638364159,62550.82774558713,59988.81011595738,53676.30294363181
2025-09-23,105121.9279638519,56853.73860701375,51755.0587283588,42707.648763432786,62441.90641947098,59884.35009702774,53582.835052149414
2025-09-24,104752.89255593267,56801.67208497427,51573.37019220229,42668.53719942008,62384.722265040284,59829.508147638175,53533.7640159123
2025-09-25,104301.27339170297,56737.953973749114,51351.02289682546,42620.67314228062,62314.74128360333,59762.393516314056,53473.71172852273
2025-09-26,104730.04223273479,56798.4481752061,51562.120209996145,42666.11544839217,62381.181476317855,59826.11238603519,53530.72558379004
2025-09-29,105215.06050465985,56866.878504661814,51800.911008776406,42717.519250798796,62456.337841176864,59898.19042231877,53595.21898655455
2025-09-30,105503.26491047152,56907.54073035901,51942.80372552418,42748.06408423416,62500.99676792448,59941.0201646638,53633.54183725612
2025-10-01,106109.3292542023,57078.73856408783,52287.29470109239,42901.54865919629,62671.184339275555,60116.012828351806,53793.76842455088
2025-10-02,106545.55235523863,57137.40247802175,52437.777944459434,42945.64165611137,62851.56006590116,60177.79836734436,53948.593809949685
2025-10-03,106097.02687801525,57077.08412273407,52283.050768422734,42900.30514725487,62666.09737795075,60114.27035084018,53789.40203466929
2025-10-06,106893.82907322657,57184.23923508642,52557.922453055035,42980.845120153856,62995.57047232992,60227.127402620856,54072.20504685991
2025-10-07,106330.96576377668,57108.54456265003,52363.75232273157,42923.951457007126,62762.829752749225,60147.404864151715,53872.43220446482
2025-10-08,107549.9342767345,57272.47321237637,52784.25810281615,43047.16358115584,63266.866175249896,60320.056487619455,54305.07153365062
2025-10-09,107419.76372764783,57254.96768855103,52739.353359415596,43034.00607160241,63213.04140686651,60301.6194596006,54258.871079382974
2025-10-10,103690.76604905364,56753.48668408989,51452.96649945812,42657.08269742079,61671.122456990444,59773.45364048975,52935.36597071722
2025-10-13,105891.22308530101,57049.40733084849,52212.05493589735,42879.502704707236,62580.99870123017,60085.120821094155,53716.35764190829
2025-10-14,105185.87608734364,56954.55124577775,51968.73241652671,42808.20693212869,62289.34180140645,59985.21725261729,53466.01413525034
2025-10-15,105928.15174032965,57054.37354982027,52224.79415986025,42883.23541640541,62596.268486274275,60090.35130258355,53729.46445178031
2025-10-16,105535.90721243438,57001.6239380486,52089.48214036741,42843.58772989511,62434.07764501451,60034.79477768765,53590.24805068261
2025-10-17,106228.94107097095,57094.82413431033,52328.55701409143,42913.638902595274,62720.64313297859,60132.95434417564,53836.221347345345
2025-10-20,107567.4998742299,57274.83545934866,52790.317681221124,43048.93909426905,63274.12944811261,60322.54443451269,54311.30595909834
2025-10-21,107539.37554441649,57271.05325877353,52780.615672414635,43046.09631500139,63262.50020056955,60318.560975424436,54301.32400217744
2025-10-22,106503.3389524341,57131.72555852093,52423.215648807294,42941.37476736748,62834.10506824946,60171.81936751883,53933.611324284255
2025-10-23,107398.65702624556,57252.12922880062,52732.072211589526,43031.87262723047,63204.31390804067,60298.62995968784,54251.37983655026
2025-10-24,108545.49034654762,57406.35703342382,53127.69362006253,43147.793397895875,63678.5228460279,60461.06453653888,54658.416764173155
2025-10-27,110478.59941944428,57666.3243391623,53794.5554216972,43343.1901391167,64477.852255318496,60734.86522640736,55344.52063285439
2025-10-28,111328.17374977813,57780.5763246183,54087.63183238316,43429.06426691402,64829.146322029716,60855.196790208574,55646.053662183615
2025-10-29,111829.48212535778,57847.99300046489,54260.56744745048,43479.736018605814,65036.43443284701,60926.20084321056,55823.97927471624
2025-10-30,110119.76396913831,57618.06762849479,53670.768482700085,43306.919408919755,64329.47587420939,60684.04067893585,55217.161864470996
2025-10-31,110650.9726081017,57689.505335033195,53854.01874777293,43360.61344947705,64549.12757081873,60759.27972977448,55405.69975267383
2025-11-03,111280.38608572584,57860.55970085795,54136.52265972094,43514.02122631115,64867.8799325837,60934.11464244617,55693.468671838724
2025-11-04,109021.61891079595,57566.94582320672,53367.31722700705,43293.208983824894,63946.19662381599,60624.903983319455,54902.1411649127
2025-11-05,109731.12287720466,57659.173217467775,53608.93323398243,43362.56857237145,64235.707632565136,60722.03050062555,55150.70596217197
2025-11-06,107687.12447048498,57393.47682132259,52912.865619596225,43162.751664796575,63401.66008860797,60442.220300791494,54434.619691173066
2025-11-07,107347.33606167087,57349.3082175815,52797.15334392039,43129.534677515265,63263.01042679569,60395.70545897018,54315.579571671784
2025-11-10,109722.31063541112,57658.02772690437,53605.932294205544,43361.707106482725,64232.1118231944,60720.82416155546,55147.61871643619
2025-11-11,109430.06308605286,57620.03889071376,53506.409685076665,43333.137611826016,64112.8610693932,60680.81735679567,55045.23387252411
2025-11-12,109343.7936089347,57608.82484617622,53477.031291759646,43324.704092465545,64077.65906274177,60669.00762174272,55015.01056708147
2025-11-13,107111.43084065024,57318.64323914955,52716.817672484816,43106.473088235085,63166.74999452134,60363.41155559987,54232.93347494565
2025-11-14,107192.41081810991,57329.16970927801,52744.39476820959,43114.389517434975,63199.793636379334,60374.49719226234,54261.30367811902
2025-11-17,106276.92877946107,57210.167523363874,52432.634545422334,43024.89395359218,62826.233880480424,60249.1736052494,53940.577342390316
2025-11-18,104982.92971433581,57041.96245672158,51991.97332018918,42898.3953757322,62298.22136412888,60072.033478423735,53487.24285730689
2025-11-19,105609.68694576145,57123.43372259942,52205.4105760322,42959.66582064641,62553.9678108039,60157.83250135649,53706.81849259001
2025-11-20,103109.71427724074,56798.46589175193,51354.064505659946,42715.273845582604,61533.86130911342,59815.60236572684,52830.988012529546
2025-11-21,103884.3512679572,56899.159833624624,51617.86105284447,42791.00069912085,61849.949657050194,59921.64517400823,53102.37125443244
2025-11-24,106541.00516465052,57244.49443067516,52522.56368570456,43050.70949556062,62933.989473518195,60285.32395931445,54033.09281270942
2025-11-25,107197.68954485666,57329.855883331875,52746.1923971713,43114.90555445878,63201.94760531779,60375.21981591068,54263.15300624925
2025-11-26,108144.8654898094,57452.977914279654,53068.74573098986,43207.49944671797,63588.439966557424,60504.88209429795,54594.98285903742
2025-11-28,109021.61891079595,57566.94582320672,53367.31722700705,43293.208983824894,63946.19662381599,60624.903983319455,54902.1411649127
2025-12-01,108755.38533142197,57619.25928579843,53342.5080459337,43357.34447564688,63888.25962633822,60674.68473347849,54866.542623201145
2025-12-02,109606.51672184956,57731.99308707295,53634.73356156932,43442.17441830955,64013.27537866871,60793.39656511051,54973.904786074134
2025-12-03,109874.37284050074,57767.471085875244,53726.69867209083,43468.87090658689,64052.61858063037,60830.7558856767,55007.69229827329
2025-12-04,109772.16245651078,57753.93314655529,53691.6059913359,43458.68387658081,64037.60573044742,60816.50005863081,54994.799426483274
2025-12-05,110219.74667731879,57813.2164383827,53845.27853964865,43503.293374262226,64103.347728363224,60878.927015572226,55051.257936361086
2025-12-08,110008.29550841458,57785.20937117473,53772.67937627654,43482.21861337826,64072.28938971067,60849.434793990855,55024.58537429734
2025-12-09,110143.97577655948,57803.18045361623,53819.263530927805,43495.74149538759,64092.21835836264,60868.35884417741,55041.70015494232
2025-12-10,110595.08598065314,57862.930767930986,53974.14668232178,43540.7024181995,64158.47825922283,60931.277588801495,55098.60343421304
2025-12-11,110237.37659374706,57815.551550819466,53851.33155505474,43505.050499914716,64105.93724308515,60881.38595398556,55053.4817833256
2025-12-12,108129.83060868821,57536.40349808792,53127.73151029525,43294.99714377934,63796.376992039935,60587.43528203425,54787.63482026561
2025-12-15,107587.07718763806,57464.51488371195,52941.383785239894,43240.90239165827,63716.6563660289,60511.734569474414,54719.17161723254
2025-12-16,107800.29673959684,57492.756176265255,53014.590101227666,43262.15340245477,63747.97444805418,60541.47343686605,54746.067244068254
2025-12-17,105802.00232227576,57228.078679625054,52328.50024123545,43062.98885189188,63454.46126927962,60262.76066338808,54494.001331433035
2025-12-18,107335.09338518408,57431.13920020441,52854.868239658914,43215.78785381546,63679.6445192175,60476.58904544916,54687.38624737698
2025-12-19,108734.24021453154,57616.458579077625,53335.24812959648,43355.23699955849,63885.153792472964,60671.73551132035,54863.87536699477
2025-12-22,109255.46033704515,57685.4950714131,53514.20266091119,43407.185586585976,63961.71156778083,60744.43285995882,54929.62234838371
2025-12-23,109767.13766075813,57753.26760380573,53689.880789391405,43458.183068902494,64036.86767915665,60815.79922358456,54994.16559609461
2025-12-24,110088.27171034025,57795.80235523804,53800.13822353462,43490.18962314248,64084.03644212199,60860.58950115398,55034.67361462507
2025-12-26,110081.20896094544,57794.86688206001,53797.713315222085,43489.4856981869,64082.99905243217,60859.60442185079,55033.78271568821
2025-12-29,109548.35417187153,57724.2893583366,53614.76416395437,43436.37751569822,64004.73235578794,60785.284324253305,54966.56813131779
2025-12-30,109294.26771883435,57690.635175180636,53527.526699104776,43411.05341241063,63967.41166777117,60749.8455323439,54934.51753200775
2025-12-31,108390.88276570867,57570.980300592,53217.360564106515,43321.01549977122,63834.720815537046,60623.845617806044,54820.564077153074
2026-01-02,108280.88963544523,57643.14571174654,53245.23356752911,43400.068669161206,63895.228170460075,60694.535418422296,54886.645258790755
2026-01-05,109140.95611143147,57757.609488626724,53541.27963533831,43486.2495311988,64250.53657407527,60815.058433412865,55191.85876595622
2026-01-06,110099.92769585097,57885.23626229857,53871.37012791634,43582.34093822644,64646.704396314475,60949.4412397093,55532.17092638202
2026-01-07,110205.90208036714,57899.34008873868,53907.847889462086,43592.9598427722,64690.484255706586,60964.291664287244,55569.77826775734
2026-01-08,109578.9382377224,57815.89927177841,53692.03877998519,43530.1364611684,64431.47459973888,60876.43383618278,55347.28635739646
2026-01-09,110670.36970819619,57961.15475121454,54067.72368823191,43639.50068777952,64882.36390220208,61029.37853888875,55734.60482199778
2026-01-12,110762.20554054654,57973.37691835773,54099.33477622383,43648.702873213864,64920.302880058014,61042.24769692254,55767.19478714316
2026-01-13,110597.96089408894,57951.51807012821,54042.79963260401,43632.24513929214,64852.45056309814,61019.23173183166,55708.90896159581
2026-01-14,109416.46360848252,57794.27599005629,53636.11289931408,43513.856087501845,64364.35350764307,60853.66590751423,55289.62866139239
2026-01-15,109810.30323220993,57846.69097433436,53771.67762042271,43553.31982574193,64527.05549858689,60908.855523898186,55429.39131483232
2026-01-16,109718.46739985958,57834.468807191166,53740.066532430785,43544.11764030757,64489.11652073095,60895.986365864395,55396.801349686924
2026-01-20,107387.25758905006,57524.214789512574,52937.633793802066,43310.52445106523,63526.05324655672,60569.308785910864,54569.52027065195
2026-01-21,108838.96311284232,57717.41810787299,53437.32971723958,43455.98905985804,64125.77801967558,60772.73948747991,55084.68990771986
2026-01-22,109630.16080915673,57822.71633668164,53709.67025531833,43535.26909391859,64452.63553391497,60883.61176825804,55365.46381356992
2026-01-23,109976.30710309732,57868.78395269014,53828.81831197328,43569.95383845385,64595.63458172265,60932.118012994164,55488.30143986478
2026-01-26,110460.21254195737,57933.185537604,53995.384858125115,43618.44240187311,64795.54432565833,60999.92875098959,55660.02592890682
2026-01-27,111461.5674045106,58066.4529800232,54340.06422631066,43718.78072184007,65209.22141644147,61140.25081966688,56015.37872784784
2026-01-28,111830.66995834178,58115.5757787222,54467.1141262091,43755.765742367665,65361.70409404108,61191.97397580715,56146.362887914496
2026-01-29,111161.33363035123,58026.49572939572,54236.71985614267,43688.69652928951,65085.18962821765,61098.17839773904,55908.83416909659
2026-01-30,109826.19021601764,57848.8053273764,53777.14612688929,43554.91174217856,64533.61868761074,60911.08180203025,55435.02916048915
2026-02-02,110680.27390206084,58049.10679368399,54136.67162110881,43730.43151945349,64945.08983858923,61116.69241541345,55802.58898546919
2026-02-03,108979.7804592064,57826.139713997865,53554.44141774653,43562.462592300624,64246.61696895908,60881.9427134734,55202.4421155455
2026-02-04,107076.0155247997,57576.51987005363,52902.613297167,43374.41520233436,63464.65090938745,60619.13179068283,54530.55562797586
2026-02-05,105534.62196649551,57374.41381561028,52374.85713986814,43222.161617707716,62831.527867118646,60406.34550802782,53986.559105540575
2026-02-06,107765.40154682187,57666.911508288176,53138.65146919508,43442.51039611462,63747.81426712228,60714.3001454162,54773.85727963719
2026-02-09,108590.89963737561,57775.15003123613,53421.292912570185,43524.05027456561,64086.88527183925,60828.258497636765,55065.196300822834
2026-02-10,108087.11214308685,57709.09389508579,53248.80162982889,43474.28786866849,63879.955984167915,60758.711646619864,54887.39703374857
2026-02-11,108377.00924396886,57747.104926686494,53348.05920045342,43502.922912940194,63999.03039801018,60798.73135872831,54989.709005856064
2026-02-12,106172.73910937078,57458.08312726945,52593.341413022164,43285.19264692868,63093.632677823545,60494.436297041015,54211.766681347755
2026-02-13,106398.99841694171,57487.75003205692,52670.81010495578,43307.541767597584,63186.56804814424,60525.67093968937,54291.619276957805
2026-02-17,106289.39579413843,57473.37904060437,52633.283375504434,43296.715595322254,63141.5490809791,60510.54051790325,54252.937757021806
2026-02-18,107083.0803893092,57577.44620835542,52905.03222887025,43375.113045491074,63467.55278249271,60620.1070810286,54533.04899620355
2026-02-19,106672.98336885967,57523.67467784947,52764.6195312395,43334.60506420897,63299.10659182741,60563.49401161539,54388.315451818526
2026-02-20,107616.92056412612,57647.442823336925,53087.81321803119,43427.84395240041,63686.82612364852,60693.8026441891,54721.454609469605
2026-02-23,106308.84037535723,57475.928595563426,52639.94098569687,43298.63626456093,63149.535887690836,60513.22480325857,54259.80023838242
2026-02-24,107450.75581506638,57625.65545979236,53030.92024026452,43411.43076671747,63618.57442318191,60670.8639345583,54662.8108937535
2026-02-25,109008.06152233464,57829.84790004387,53564.12454190419,43565.25609900443,64258.23333560982,60885.846857395736,55212.42321343555
2026-02-26,107692.92727160137,57657.408750388,53113.83707653895,43435.351635046696,63718.04566366172,60704.29521738909,54748.27928661032
2026-02-27,107348.22885931772,57612.21222306101,52995.81614118874,43401.30350463733,63576.46176623688,60656.71029438759,54626.62655453483
2026-03-02,107589.61498650127,57730.65294506185,53144.11615194578,43515.19369765235,63728.67475442979,60776.12590666429,54776.41352303332
2026-03-03,106437.803628522,57576.14235678052,52745.85751131707,43398.72942583901,63046.421068325144,60613.46440140762,54365.922554079545
2026-03-04,108060.25467651548,57793.7872550935,53306.847941203196,43562.78196668985,64007.449278673645,60842.59074908913,54944.14354326943
2026-03-05,107734.6875327581,57750.11380930002,53194.27748666829,43529.86256538218,63814.60573501149,60796.61339238152,54828.11553974726
2026-03-06,106114.00974984518,57532.70678694552,52633.90019376468,43365.98932648466,62854.62788471482,60567.73746935959,54250.52651975624
2026-03-09,107531.22698994564,57722.82044398962,53123.92749520422,43509.28985284792,63694.089728332954,60767.88021665362,54755.60478111968
2026-03-10,107533.00025502623,57723.05831994811,53124.540632186734,43509.46915480124,63695.14008838479,60768.130641313204,54756.23675031854
2026-03-11,107518.84657215746,57721.15966366968,53119.646752246976,43508.03801908846,63686.756421873535,60766.13182497543,54751.192557139846
2026-03-12,105673.46150324102,57473.60911589239,52481.57304000945,43321.44372413063,62593.67745817976,60505.522211249496,54093.520708547105
2026-03-13,105047.12048907847,57389.58813633479,52265.00483277453,43258.111868947984,62222.67619767768,60417.06886212954,53870.30070987463
2026-03-16,106225.47676030666,57547.65961167767,52672.44183494038,43377.26020353816,62920.65326138746,60583.4791023818,54290.251949457655
2026-03-17,106743.88648157693,57617.20206795693,52851.69093632451,43429.67869226935,63227.723460686095,60656.690140819075,54475.00660335571
2026-03-18,105255.91163972461,57417.596579983816,52337.1979738263,43279.223580646794,62346.34968914618,60446.55483881583,53944.71122956951
2026-03-19,104923.27306082881,57372.9745312827,52222.18244864159,43245.58915813503,62149.317514545626,60399.578837429144,53826.16305619337
2026-03-20,102984.11038188887,57112.84411650551,51551.68351049303,43049.51263243853,61000.691156159664,60125.72572935831,53135.070056004886
2026-03-23,104166.26187289316,57271.42470441808,51960.43277534708,43169.04471694099,61700.916246565735,60292.67193946126,53556.3738638123
2026-03-24,103454.10131638579,57175.89139874747,51714.1909813422,43097.03530320042,61279.081402335774,60192.09895300526,53302.568867997514
2026-03-25,104134.37553921861,57267.14728855475,51949.4075255821,43165.820561695014,61682.02897953618,60288.168876527656,53545.00997864503
2026-03-26,101648.90665176514,56933.73222254157,51090.01379449511,42914.5048214163,60209.80846493865,59937.16512256999,52659.22037008866
2026-03-27,99663.02276298872,56667.33435644344,50403.360192313165,42713.70412657166,59033.50768104076,59656.71393551099,51951.47652289855
2026-03-30,98901.26484718494,56565.14777625092,50139.96925599837,42636.67972466111,58582.29477853188,59549.13669348482,51679.99565686933
2026-03-31,102249.45963411563,57014.29384745893,51297.66534500251,42975.22914514366,60565.53467224796,60021.976625268566,52873.24984108261
2026-04-01,103612.53501008241,57283.60350393298,51834.25795968865,43202.84655146585,61399.923175840144,60300.21829148891,53416.34416970182
2026-04-02,103731.33945981761,57300.02420655909,51875.86210190162,43215.23091770385,61417.5277595226,60317.50372546981,53431.65828730349
2026-04-06,104355.52550565236,57386.29684588248,52094.44587613015,43280.297071450565,61510.0203850245,60408.31957210789,53512.11704564582
2026-04-07,104371.48948154371,57388.50332637565,52100.03630245466,43281.96118188156,61512.385945827235,60410.64224816891,53514.17483224165
2026-04-08,107474.66993413321,57817.41321586802,53186.739377548365,43605.44168545795,61972.21889047813,60862.138980518575,53914.1806442806
2026-04-09,107852.49124558496,57869.634251485666,53319.04866064144,43644.82638446517,62028.20489865621,60917.11003042648,53962.88252378837
