date,gmm_regime,wf_gmm_regime,wf_gmm_prob_risk_off,wf_gmm_prob_neutral,wf_gmm_prob_risk_on,wf_refit_date,wf_train_start,wf_train_end,wf_train_n,wf_gmm_regime_signal_lag1
1999-03-10,unknown,,,,,,,,,
1999-03-11,unknown,,,,,,,,,
1999-03-12,unknown,,,,,,,,,
1999-03-15,unknown,,,,,,,,,
1999-03-16,unknown,,,,,,,,,
1999-03-17,unknown,,,,,,,,,
1999-03-18,unknown,,,,,,,,,
1999-03-19,unknown,,,,,,,,,
1999-03-22,unknown,,,,,,,,,
1999-03-23,unknown,,,,,,,,,
1999-03-24,unknown,,,,,,,,,
1999-03-25,unknown,,,,,,,,,
1999-03-26,unknown,,,,,,,,,
1999-03-29,unknown,,,,,,,,,
1999-03-30,unknown,,,,,,,,,
1999-03-31,unknown,,,,,,,,,
1999-04-01,unknown,,,,,,,,,
1999-04-05,unknown,,,,,,,,,
1999-04-06,unknown,,,,,,,,,
1999-04-07,unknown,,,,,,,,,
1999-04-08,unknown,,,,,,,,,
1999-04-09,unknown,,,,,,,,,
1999-04-12,unknown,,,,,,,,,
1999-04-13,unknown,,,,,,,,,
1999-04-14,unknown,,,,,,,,,
1999-04-15,unknown,,,,,,,,,
1999-04-16,unknown,,,,,,,,,
1999-04-19,unknown,,,,,,,,,
1999-04-20,unknown,,,,,,,,,
1999-04-21,unknown,,,,,,,,,
1999-04-22,unknown,,,,,,,,,
1999-04-23,unknown,,,,,,,,,
1999-04-26,unknown,,,,,,,,,
1999-04-27,unknown,,,,,,,,,
1999-04-28,unknown,,,,,,,,,
1999-04-29,unknown,,,,,,,,,
1999-04-30,unknown,,,,,,,,,
1999-05-03,unknown,,,,,,,,,
1999-05-04,unknown,,,,,,,,,
1999-05-05,unknown,,,,,,,,,
1999-05-06,unknown,,,,,,,,,
1999-05-07,unknown,,,,,,,,,
1999-05-10,unknown,,,,,,,,,
1999-05-11,unknown,,,,,,,,,
1999-05-12,unknown,,,,,,,,,
1999-05-13,unknown,,,,,,,,,
1999-05-14,unknown,,,,,,,,,
1999-05-17,unknown,,,,,,,,,
1999-05-18,unknown,,,,,,,,,
1999-05-19,unknown,,,,,,,,,
1999-05-20,unknown,,,,,,,,,
1999-05-21,unknown,,,,,,,,,
1999-05-24,unknown,,,,,,,,,
1999-05-25,unknown,,,,,,,,,
1999-05-26,unknown,,,,,,,,,
1999-05-27,unknown,,,,,,,,,
1999-05-28,unknown,,,,,,,,,
1999-06-01,unknown,,,,,,,,,
1999-06-02,unknown,,,,,,,,,
1999-06-03,unknown,,,,,,,,,
1999-06-04,unknown,,,,,,,,,
1999-06-07,unknown,,,,,,,,,
1999-06-08,unknown,,,,,,,,,
1999-06-09,unknown,,,,,,,,,
1999-06-10,unknown,,,,,,,,,
1999-06-11,unknown,,,,,,,,,
1999-06-14,unknown,,,,,,,,,
1999-06-15,unknown,,,,,,,,,
1999-06-16,unknown,,,,,,,,,
1999-06-17,unknown,,,,,,,,,
1999-06-18,unknown,,,,,,,,,
1999-06-21,unknown,,,,,,,,,
1999-06-22,unknown,,,,,,,,,
1999-06-23,unknown,,,,,,,,,
1999-06-24,unknown,,,,,,,,,
1999-06-25,unknown,,,,,,,,,
1999-06-28,unknown,,,,,,,,,
1999-06-29,unknown,,,,,,,,,
1999-06-30,unknown,,,,,,,,,
1999-07-01,unknown,,,,,,,,,
1999-07-02,unknown,,,,,,,,,
1999-07-06,unknown,,,,,,,,,
1999-07-07,unknown,,,,,,,,,
1999-07-08,unknown,,,,,,,,,
1999-07-09,unknown,,,,,,,,,
1999-07-12,unknown,,,,,,,,,
1999-07-13,unknown,,,,,,,,,
1999-07-14,unknown,,,,,,,,,
1999-07-15,unknown,,,,,,,,,
1999-07-16,unknown,,,,,,,,,
1999-07-19,unknown,,,,,,,,,
1999-07-20,unknown,,,,,,,,,
1999-07-21,unknown,,,,,,,,,
1999-07-22,unknown,,,,,,,,,
1999-07-23,unknown,,,,,,,,,
1999-07-26,unknown,,,,,,,,,
1999-07-27,unknown,,,,,,,,,
1999-07-28,unknown,,,,,,,,,
1999-07-29,unknown,,,,,,,,,
1999-07-30,unknown,,,,,,,,,
1999-08-02,unknown,,,,,,,,,
1999-08-03,unknown,,,,,,,,,
1999-08-04,unknown,,,,,,,,,
1999-08-05,unknown,,,,,,,,,
1999-08-06,unknown,,,,,,,,,
1999-08-09,unknown,,,,,,,,,
1999-08-10,unknown,,,,,,,,,
1999-08-11,unknown,,,,,,,,,
1999-08-12,unknown,,,,,,,,,
1999-08-13,unknown,,,,,,,,,
1999-08-16,unknown,,,,,,,,,
1999-08-17,unknown,,,,,,,,,
1999-08-18,unknown,,,,,,,,,
1999-08-19,unknown,,,,,,,,,
1999-08-20,unknown,,,,,,,,,
1999-08-23,unknown,,,,,,,,,
1999-08-24,unknown,,,,,,,,,
1999-08-25,unknown,,,,,,,,,
1999-08-26,unknown,,,,,,,,,
1999-08-27,unknown,,,,,,,,,
1999-08-30,unknown,,,,,,,,,
1999-08-31,unknown,,,,,,,,,
1999-09-01,unknown,,,,,,,,,
1999-09-02,unknown,,,,,,,,,
1999-09-03,unknown,,,,,,,,,
1999-09-07,unknown,,,,,,,,,
1999-09-08,unknown,,,,,,,,,
1999-09-09,unknown,,,,,,,,,
1999-09-10,unknown,,,,,,,,,
1999-09-13,unknown,,,,,,,,,
1999-09-14,unknown,,,,,,,,,
1999-09-15,unknown,,,,,,,,,
1999-09-16,unknown,,,,,,,,,
1999-09-17,unknown,,,,,,,,,
1999-09-20,unknown,,,,,,,,,
1999-09-21,unknown,,,,,,,,,
1999-09-22,unknown,,,,,,,,,
1999-09-23,unknown,,,,,,,,,
1999-09-24,unknown,,,,,,,,,
1999-09-27,unknown,,,,,,,,,
1999-09-28,unknown,,,,,,,,,
1999-09-29,unknown,,,,,,,,,
1999-09-30,unknown,,,,,,,,,
1999-10-01,unknown,,,,,,,,,
1999-10-04,unknown,,,,,,,,,
1999-10-05,unknown,,,,,,,,,
1999-10-06,unknown,,,,,,,,,
1999-10-07,unknown,,,,,,,,,
1999-10-08,unknown,,,,,,,,,
1999-10-11,unknown,,,,,,,,,
1999-10-12,unknown,,,,,,,,,
1999-10-13,unknown,,,,,,,,,
1999-10-14,unknown,,,,,,,,,
1999-10-15,unknown,,,,,,,,,
1999-10-18,unknown,,,,,,,,,
1999-10-19,unknown,,,,,,,,,
1999-10-20,unknown,,,,,,,,,
1999-10-21,unknown,,,,,,,,,
1999-10-22,unknown,,,,,,,,,
1999-10-25,unknown,,,,,,,,,
1999-10-26,unknown,,,,,,,,,
1999-10-27,unknown,,,,,,,,,
1999-10-28,unknown,,,,,,,,,
1999-10-29,unknown,,,,,,,,,
1999-11-01,unknown,,,,,,,,,
1999-11-02,unknown,,,,,,,,,
1999-11-03,unknown,,,,,,,,,
1999-11-04,unknown,,,,,,,,,
1999-11-05,unknown,,,,,,,,,
1999-11-08,unknown,,,,,,,,,
1999-11-09,unknown,,,,,,,,,
1999-11-10,unknown,,,,,,,,,
1999-11-11,unknown,,,,,,,,,
1999-11-12,unknown,,,,,,,,,
1999-11-15,unknown,,,,,,,,,
1999-11-16,unknown,,,,,,,,,
1999-11-17,unknown,,,,,,,,,
1999-11-18,unknown,,,,,,,,,
1999-11-19,unknown,,,,,,,,,
1999-11-22,unknown,,,,,,,,,
1999-11-23,unknown,,,,,,,,,
1999-11-24,unknown,,,,,,,,,
1999-11-26,unknown,,,,,,,,,
1999-11-29,unknown,,,,,,,,,
1999-11-30,unknown,,,,,,,,,
1999-12-01,unknown,,,,,,,,,
1999-12-02,unknown,,,,,,,,,
1999-12-03,unknown,,,,,,,,,
1999-12-06,unknown,,,,,,,,,
1999-12-07,unknown,,,,,,,,,
1999-12-08,unknown,,,,,,,,,
1999-12-09,unknown,,,,,,,,,
1999-12-10,unknown,,,,,,,,,
1999-12-13,unknown,,,,,,,,,
1999-12-14,unknown,,,,,,,,,
1999-12-15,unknown,,,,,,,,,
1999-12-16,unknown,,,,,,,,,
1999-12-17,unknown,,,,,,,,,
1999-12-20,unknown,,,,,,,,,
1999-12-21,unknown,,,,,,,,,
1999-12-22,unknown,,,,,,,,,
1999-12-23,unknown,,,,,,,,,
1999-12-27,unknown,,,,,,,,,
1999-12-28,unknown,,,,,,,,,
1999-12-29,unknown,,,,,,,,,
1999-12-30,unknown,,,,,,,,,
1999-12-31,unknown,,,,,,,,,
2000-01-03,unknown,,,,,,,,,
2000-01-04,unknown,,,,,,,,,
2000-01-05,unknown,,,,,,,,,
2000-01-06,unknown,,,,,,,,,
2000-01-07,unknown,,,,,,,,,
2000-01-10,unknown,,,,,,,,,
2000-01-11,unknown,,,,,,,,,
2000-01-12,unknown,,,,,,,,,
2000-01-13,unknown,,,,,,,,,
2000-01-14,unknown,,,,,,,,,
2000-01-18,unknown,,,,,,,,,
2000-01-19,unknown,,,,,,,,,
2000-01-20,unknown,,,,,,,,,
2000-01-21,unknown,,,,,,,,,
2000-01-24,unknown,,,,,,,,,
2000-01-25,unknown,,,,,,,,,
2000-01-26,unknown,,,,,,,,,
2000-01-27,unknown,,,,,,,,,
2000-01-28,unknown,,,,,,,,,
2000-01-31,unknown,,,,,,,,,
2000-02-01,unknown,,,,,,,,,
2000-02-02,unknown,,,,,,,,,
2000-02-03,unknown,,,,,,,,,
2000-02-04,unknown,,,,,,,,,
2000-02-07,unknown,,,,,,,,,
2000-02-08,unknown,,,,,,,,,
2000-02-09,unknown,,,,,,,,,
2000-02-10,unknown,,,,,,,,,
2000-02-11,unknown,,,,,,,,,
2000-02-14,unknown,,,,,,,,,
2000-02-15,unknown,,,,,,,,,
2000-02-16,unknown,,,,,,,,,
2000-02-17,unknown,,,,,,,,,
2000-02-18,unknown,,,,,,,,,
2000-02-22,unknown,,,,,,,,,
2000-02-23,unknown,,,,,,,,,
2000-02-24,unknown,,,,,,,,,
2000-02-25,unknown,,,,,,,,,
2000-02-28,unknown,,,,,,,,,
2000-02-29,unknown,,,,,,,,,
2000-03-01,unknown,,,,,,,,,
2000-03-02,unknown,,,,,,,,,
2000-03-03,unknown,,,,,,,,,
2000-03-06,unknown,,,,,,,,,
2000-03-07,unknown,,,,,,,,,
2000-03-08,unknown,,,,,,,,,
2000-03-09,unknown,,,,,,,,,
2000-03-10,unknown,,,,,,,,,
2000-03-13,unknown,,,,,,,,,
2000-03-14,unknown,,,,,,,,,
2000-03-15,unknown,,,,,,,,,
2000-03-16,unknown,,,,,,,,,
2000-03-17,unknown,,,,,,,,,
2000-03-20,unknown,,,,,,,,,
2000-03-21,unknown,,,,,,,,,
2000-03-22,unknown,,,,,,,,,
2000-03-23,unknown,,,,,,,,,
2000-03-24,unknown,,,,,,,,,
2000-03-27,unknown,,,,,,,,,
2000-03-28,unknown,,,,,,,,,
2000-03-29,unknown,,,,,,,,,
2000-03-30,unknown,,,,,,,,,
2000-03-31,unknown,,,,,,,,,
2000-04-03,unknown,,,,,,,,,
2000-04-04,unknown,,,,,,,,,
2000-04-05,unknown,,,,,,,,,
2000-04-06,unknown,,,,,,,,,
2000-04-07,unknown,,,,,,,,,
2000-04-10,unknown,,,,,,,,,
2000-04-11,unknown,,,,,,,,,
2000-04-12,unknown,,,,,,,,,
2000-04-13,unknown,,,,,,,,,
2000-04-14,unknown,,,,,,,,,
2000-04-17,unknown,,,,,,,,,
2000-04-18,unknown,,,,,,,,,
2000-04-19,unknown,,,,,,,,,
2000-04-20,unknown,,,,,,,,,
2000-04-24,unknown,,,,,,,,,
2000-04-25,unknown,,,,,,,,,
2000-04-26,unknown,,,,,,,,,
2000-04-27,unknown,,,,,,,,,
2000-04-28,unknown,,,,,,,,,
2000-05-01,unknown,,,,,,,,,
2000-05-02,unknown,,,,,,,,,
2000-05-03,unknown,,,,,,,,,
2000-05-04,unknown,,,,,,,,,
2000-05-05,unknown,,,,,,,,,
2000-05-08,unknown,,,,,,,,,
2000-05-09,unknown,,,,,,,,,
2000-05-10,unknown,,,,,,,,,
2000-05-11,unknown,,,,,,,,,
2000-05-12,unknown,,,,,,,,,
2000-05-15,unknown,,,,,,,,,
2000-05-16,unknown,,,,,,,,,
2000-05-17,unknown,,,,,,,,,
2000-05-18,unknown,,,,,,,,,
2000-05-19,unknown,,,,,,,,,
2000-05-22,unknown,,,,,,,,,
2000-05-23,unknown,,,,,,,,,
2000-05-24,unknown,,,,,,,,,
2000-05-25,unknown,,,,,,,,,
2000-05-26,unknown,,,,,,,,,
2000-05-30,unknown,,,,,,,,,
2000-05-31,unknown,,,,,,,,,
2000-06-01,unknown,,,,,,,,,
2000-06-02,unknown,,,,,,,,,
2000-06-05,unknown,,,,,,,,,
2000-06-06,unknown,,,,,,,,,
2000-06-07,unknown,,,,,,,,,
2000-06-08,unknown,,,,,,,,,
2000-06-09,unknown,,,,,,,,,
2000-06-12,unknown,,,,,,,,,
2000-06-13,unknown,,,,,,,,,
2000-06-14,unknown,,,,,,,,,
2000-06-15,unknown,,,,,,,,,
2000-06-16,unknown,,,,,,,,,
2000-06-19,unknown,,,,,,,,,
2000-06-20,unknown,,,,,,,,,
2000-06-21,unknown,,,,,,,,,
2000-06-22,unknown,,,,,,,,,
2000-06-23,unknown,,,,,,,,,
2000-06-26,unknown,,,,,,,,,
2000-06-27,unknown,,,,,,,,,
2000-06-28,unknown,,,,,,,,,
2000-06-29,unknown,,,,,,,,,
2000-06-30,unknown,,,,,,,,,
2000-07-03,unknown,,,,,,,,,
2000-07-05,unknown,,,,,,,,,
2000-07-06,unknown,,,,,,,,,
2000-07-07,unknown,,,,,,,,,
2000-07-10,unknown,,,,,,,,,
2000-07-11,unknown,,,,,,,,,
2000-07-12,unknown,,,,,,,,,
2000-07-13,unknown,,,,,,,,,
2000-07-14,unknown,,,,,,,,,
2000-07-17,unknown,,,,,,,,,
2000-07-18,unknown,,,,,,,,,
2000-07-19,unknown,,,,,,,,,
2000-07-20,unknown,,,,,,,,,
2000-07-21,unknown,,,,,,,,,
2000-07-24,unknown,,,,,,,,,
2000-07-25,unknown,,,,,,,,,
2000-07-26,unknown,,,,,,,,,
2000-07-27,unknown,,,,,,,,,
2000-07-28,unknown,,,,,,,,,
2000-07-31,unknown,,,,,,,,,
2000-08-01,unknown,,,,,,,,,
2000-08-02,unknown,,,,,,,,,
2000-08-03,unknown,,,,,,,,,
2000-08-04,unknown,,,,,,,,,
2000-08-07,unknown,,,,,,,,,
2000-08-08,unknown,,,,,,,,,
2000-08-09,unknown,,,,,,,,,
2000-08-10,unknown,,,,,,,,,
2000-08-11,unknown,,,,,,,,,
2000-08-14,unknown,,,,,,,,,
2000-08-15,unknown,,,,,,,,,
2000-08-16,unknown,,,,,,,,,
2000-08-17,unknown,,,,,,,,,
2000-08-18,unknown,,,,,,,,,
2000-08-21,unknown,,,,,,,,,
2000-08-22,unknown,,,,,,,,,
2000-08-23,unknown,,,,,,,,,
2000-08-24,unknown,,,,,,,,,
2000-08-25,unknown,,,,,,,,,
2000-08-28,unknown,,,,,,,,,
2000-08-29,unknown,,,,,,,,,
2000-08-30,unknown,,,,,,,,,
2000-08-31,unknown,,,,,,,,,
2000-09-01,neutral,,,,,,,,,
2000-09-05,neutral,,,,,,,,,
2000-09-06,neutral,,,,,,,,,
2000-09-07,neutral,,,,,,,,,
2000-09-08,neutral,,,,,,,,,
2000-09-11,neutral,,,,,,,,,
2000-09-12,neutral,,,,,,,,,
2000-09-13,neutral,,,,,,,,,
2000-09-14,neutral,,,,,,,,,
2000-09-15,neutral,,,,,,,,,
2000-09-18,neutral,,,,,,,,,
2000-09-19,neutral,,,,,,,,,
2000-09-20,neutral,,,,,,,,,
2000-09-21,neutral,,,,,,,,,
2000-09-22,neutral,,,,,,,,,
2000-09-25,neutral,,,,,,,,,
2000-09-26,neutral,,,,,,,,,
2000-09-27,neutral,,,,,,,,,
2000-09-28,neutral,,,,,,,,,
2000-09-29,neutral,,,,,,,,,
2000-10-02,neutral,,,,,,,,,
2000-10-03,neutral,,,,,,,,,
2000-10-04,neutral,,,,,,,,,
2000-10-05,neutral,,,,,,,,,
2000-10-06,neutral,,,,,,,,,
2000-10-09,neutral,,,,,,,,,
2000-10-10,neutral,,,,,,,,,
2000-10-11,neutral,,,,,,,,,
2000-10-12,neutral,,,,,,,,,
2000-10-13,neutral,,,,,,,,,
2000-10-16,neutral,,,,,,,,,
2000-10-17,neutral,,,,,,,,,
2000-10-18,neutral,,,,,,,,,
2000-10-19,neutral,,,,,,,,,
2000-10-20,neutral,,,,,,,,,
2000-10-23,neutral,,,,,,,,,
2000-10-24,neutral,,,,,,,,,
2000-10-25,neutral,,,,,,,,,
2000-10-26,neutral,,,,,,,,,
2000-10-27,neutral,,,,,,,,,
2000-10-30,neutral,,,,,,,,,
2000-10-31,neutral,,,,,,,,,
2000-11-01,neutral,,,,,,,,,
2000-11-02,neutral,,,,,,,,,
2000-11-03,neutral,,,,,,,,,
2000-11-06,neutral,,,,,,,,,
2000-11-07,neutral,,,,,,,,,
2000-11-08,neutral,,,,,,,,,
2000-11-09,neutral,,,,,,,,,
2000-11-10,neutral,,,,,,,,,
2000-11-13,neutral,,,,,,,,,
2000-11-14,neutral,,,,,,,,,
2000-11-15,neutral,,,,,,,,,
2000-11-16,neutral,,,,,,,,,
2000-11-17,neutral,,,,,,,,,
2000-11-20,neutral,,,,,,,,,
2000-11-21,neutral,,,,,,,,,
2000-11-22,neutral,,,,,,,,,
2000-11-24,neutral,,,,,,,,,
2000-11-27,neutral,,,,,,,,,
2000-11-28,neutral,,,,,,,,,
2000-11-29,neutral,,,,,,,,,
2000-11-30,neutral,,,,,,,,,
2000-12-01,neutral,,,,,,,,,
2000-12-04,neutral,,,,,,,,,
2000-12-05,neutral,,,,,,,,,
2000-12-06,neutral,,,,,,,,,
2000-12-07,neutral,,,,,,,,,
2000-12-08,neutral,,,,,,,,,
2000-12-11,neutral,,,,,,,,,
2000-12-12,neutral,,,,,,,,,
2000-12-13,neutral,,,,,,,,,
2000-12-14,neutral,,,,,,,,,
2000-12-15,neutral,,,,,,,,,
2000-12-18,neutral,,,,,,,,,
2000-12-19,neutral,,,,,,,,,
2000-12-20,neutral,,,,,,,,,
2000-12-21,neutral,,,,,,,,,
2000-12-22,neutral,,,,,,,,,
2000-12-26,neutral,,,,,,,,,
2000-12-27,neutral,,,,,,,,,
2000-12-28,neutral,,,,,,,,,
2000-12-29,neutral,,,,,,,,,
2001-01-02,neutral,,,,,,,,,
2001-01-03,neutral,,,,,,,,,
2001-01-04,neutral,,,,,,,,,
2001-01-05,neutral,,,,,,,,,
2001-01-08,neutral,,,,,,,,,
2001-01-09,neutral,,,,,,,,,
2001-01-10,neutral,,,,,,,,,
2001-01-11,neutral,,,,,,,,,
2001-01-12,neutral,,,,,,,,,
2001-01-16,neutral,,,,,,,,,
2001-01-17,neutral,,,,,,,,,
2001-01-18,neutral,,,,,,,,,
2001-01-19,neutral,,,,,,,,,
2001-01-22,neutral,,,,,,,,,
2001-01-23,neutral,,,,,,,,,
2001-01-24,neutral,,,,,,,,,
2001-01-25,neutral,,,,,,,,,
2001-01-26,neutral,,,,,,,,,
2001-01-29,neutral,,,,,,,,,
2001-01-30,neutral,,,,,,,,,
2001-01-31,neutral,,,,,,,,,
2001-02-01,neutral,,,,,,,,,
2001-02-02,neutral,,,,,,,,,
2001-02-05,neutral,,,,,,,,,
2001-02-06,neutral,,,,,,,,,
2001-02-07,neutral,,,,,,,,,
2001-02-08,neutral,,,,,,,,,
2001-02-09,neutral,,,,,,,,,
2001-02-12,neutral,,,,,,,,,
2001-02-13,neutral,,,,,,,,,
2001-02-14,neutral,,,,,,,,,
2001-02-15,neutral,,,,,,,,,
2001-02-16,neutral,,,,,,,,,
2001-02-20,neutral,,,,,,,,,
2001-02-21,neutral,,,,,,,,,
2001-02-22,neutral,,,,,,,,,
2001-02-23,neutral,,,,,,,,,
2001-02-26,neutral,,,,,,,,,
2001-02-27,neutral,,,,,,,,,
2001-02-28,neutral,,,,,,,,,
2001-03-01,neutral,,,,,,,,,
2001-03-02,neutral,,,,,,,,,
2001-03-05,neutral,,,,,,,,,
2001-03-06,neutral,,,,,,,,,
2001-03-07,neutral,,,,,,,,,
2001-03-08,neutral,,,,,,,,,
2001-03-09,neutral,,,,,,,,,
2001-03-12,neutral,,,,,,,,,
2001-03-13,neutral,,,,,,,,,
2001-03-14,neutral,,,,,,,,,
2001-03-15,neutral,,,,,,,,,
2001-03-16,neutral,,,,,,,,,
2001-03-19,neutral,,,,,,,,,
2001-03-20,neutral,,,,,,,,,
2001-03-21,neutral,,,,,,,,,
2001-03-22,neutral,,,,,,,,,
2001-03-23,neutral,,,,,,,,,
2001-03-26,neutral,,,,,,,,,
2001-03-27,neutral,,,,,,,,,
2001-03-28,neutral,,,,,,,,,
2001-03-29,neutral,,,,,,,,,
2001-03-30,neutral,,,,,,,,,
2001-04-02,neutral,,,,,,,,,
2001-04-03,neutral,,,,,,,,,
2001-04-04,neutral,,,,,,,,,
2001-04-05,neutral,,,,,,,,,
2001-04-06,neutral,,,,,,,,,
2001-04-09,neutral,,,,,,,,,
2001-04-10,neutral,,,,,,,,,
2001-04-11,neutral,,,,,,,,,
2001-04-12,neutral,,,,,,,,,
2001-04-16,neutral,,,,,,,,,
2001-04-17,neutral,,,,,,,,,
2001-04-18,neutral,,,,,,,,,
2001-04-19,neutral,,,,,,,,,
2001-04-20,neutral,,,,,,,,,
2001-04-23,neutral,,,,,,,,,
2001-04-24,neutral,,,,,,,,,
2001-04-25,neutral,,,,,,,,,
2001-04-26,neutral,,,,,,,,,
2001-04-27,neutral,,,,,,,,,
2001-04-30,neutral,,,,,,,,,
2001-05-01,neutral,,,,,,,,,
2001-05-02,neutral,,,,,,,,,
2001-05-03,neutral,,,,,,,,,
2001-05-04,neutral,,,,,,,,,
2001-05-07,neutral,,,,,,,,,
2001-05-08,neutral,,,,,,,,,
2001-05-09,neutral,,,,,,,,,
2001-05-10,neutral,,,,,,,,,
2001-05-11,neutral,,,,,,,,,
2001-05-14,neutral,,,,,,,,,
2001-05-15,neutral,,,,,,,,,
2001-05-16,neutral,,,,,,,,,
2001-05-17,neutral,,,,,,,,,
2001-05-18,neutral,,,,,,,,,
2001-05-21,neutral,,,,,,,,,
2001-05-22,neutral,,,,,,,,,
2001-05-23,neutral,,,,,,,,,
2001-05-24,neutral,,,,,,,,,
2001-05-25,neutral,,,,,,,,,
2001-05-29,neutral,,,,,,,,,
2001-05-30,neutral,,,,,,,,,
2001-05-31,neutral,,,,,,,,,
2001-06-01,neutral,,,,,,,,,
2001-06-04,neutral,,,,,,,,,
2001-06-05,neutral,,,,,,,,,
2001-06-06,neutral,,,,,,,,,
2001-06-07,neutral,,,,,,,,,
2001-06-08,neutral,,,,,,,,,
2001-06-11,neutral,,,,,,,,,
2001-06-12,neutral,,,,,,,,,
2001-06-13,neutral,,,,,,,,,
2001-06-14,neutral,,,,,,,,,
2001-06-15,neutral,,,,,,,,,
2001-06-18,neutral,,,,,,,,,
2001-06-19,neutral,,,,,,,,,
2001-06-20,neutral,,,,,,,,,
2001-06-21,neutral,,,,,,,,,
2001-06-22,neutral,,,,,,,,,
2001-06-25,neutral,,,,,,,,,
2001-06-26,neutral,,,,,,,,,
2001-06-27,neutral,,,,,,,,,
2001-06-28,neutral,,,,,,,,,
2001-06-29,neutral,,,,,,,,,
2001-07-02,neutral,,,,,,,,,
2001-07-03,neutral,,,,,,,,,
2001-07-05,neutral,,,,,,,,,
2001-07-06,neutral,,,,,,,,,
2001-07-09,neutral,,,,,,,,,
2001-07-10,neutral,,,,,,,,,
2001-07-11,neutral,,,,,,,,,
2001-07-12,neutral,,,,,,,,,
2001-07-13,neutral,,,,,,,,,
2001-07-16,neutral,,,,,,,,,
2001-07-17,neutral,,,,,,,,,
2001-07-18,neutral,,,,,,,,,
2001-07-19,neutral,,,,,,,,,
2001-07-20,neutral,,,,,,,,,
2001-07-23,neutral,,,,,,,,,
2001-07-24,neutral,,,,,,,,,
2001-07-25,neutral,,,,,,,,,
2001-07-26,neutral,,,,,,,,,
2001-07-27,neutral,,,,,,,,,
2001-07-30,neutral,,,,,,,,,
2001-07-31,neutral,,,,,,,,,
2001-08-01,neutral,,,,,,,,,
2001-08-02,neutral,,,,,,,,,
2001-08-03,neutral,,,,,,,,,
2001-08-06,neutral,,,,,,,,,
2001-08-07,neutral,,,,,,,,,
2001-08-08,neutral,,,,,,,,,
2001-08-09,neutral,,,,,,,,,
2001-08-10,neutral,,,,,,,,,
2001-08-13,neutral,,,,,,,,,
2001-08-14,neutral,,,,,,,,,
2001-08-15,neutral,,,,,,,,,
2001-08-16,neutral,,,,,,,,,
2001-08-17,neutral,,,,,,,,,
2001-08-20,neutral,,,,,,,,,
2001-08-21,neutral,,,,,,,,,
2001-08-22,neutral,,,,,,,,,
2001-08-23,neutral,,,,,,,,,
2001-08-24,neutral,,,,,,,,,
2001-08-27,neutral,,,,,,,,,
2001-08-28,neutral,,,,,,,,,
2001-08-29,neutral,,,,,,,,,
2001-08-30,neutral,,,,,,,,,
2001-08-31,neutral,,,,,,,,,
2001-09-04,neutral,,,,,,,,,
2001-09-05,neutral,,,,,,,,,
2001-09-06,neutral,,,,,,,,,
2001-09-07,neutral,,,,,,,,,
2001-09-10,neutral,,,,,,,,,
2001-09-17,neutral,,,,,,,,,
2001-09-18,neutral,,,,,,,,,
2001-09-19,neutral,,,,,,,,,
2001-09-20,neutral,,,,,,,,,
2001-09-21,neutral,,,,,,,,,
2001-09-24,neutral,,,,,,,,,
2001-09-25,neutral,,,,,,,,,
2001-09-26,neutral,,,,,,,,,
2001-09-27,neutral,,,,,,,,,
2001-09-28,neutral,,,,,,,,,
2001-10-01,neutral,,,,,,,,,
2001-10-02,neutral,,,,,,,,,
2001-10-03,neutral,,,,,,,,,
2001-10-04,neutral,,,,,,,,,
2001-10-05,neutral,,,,,,,,,
2001-10-08,neutral,,,,,,,,,
2001-10-09,neutral,,,,,,,,,
2001-10-10,neutral,,,,,,,,,
2001-10-11,neutral,,,,,,,,,
2001-10-12,neutral,,,,,,,,,
2001-10-15,neutral,,,,,,,,,
2001-10-16,neutral,,,,,,,,,
2001-10-17,neutral,,,,,,,,,
2001-10-18,neutral,,,,,,,,,
2001-10-19,neutral,,,,,,,,,
2001-10-22,neutral,,,,,,,,,
2001-10-23,neutral,,,,,,,,,
2001-10-24,neutral,,,,,,,,,
2001-10-25,neutral,,,,,,,,,
2001-10-26,neutral,,,,,,,,,
2001-10-29,neutral,,,,,,,,,
2001-10-30,neutral,,,,,,,,,
2001-10-31,neutral,,,,,,,,,
2001-11-01,neutral,,,,,,,,,
2001-11-02,neutral,,,,,,,,,
2001-11-05,neutral,,,,,,,,,
2001-11-06,neutral,,,,,,,,,
2001-11-07,neutral,,,,,,,,,
2001-11-08,neutral,,,,,,,,,
2001-11-09,neutral,,,,,,,,,
2001-11-12,neutral,,,,,,,,,
2001-11-13,neutral,,,,,,,,,
2001-11-14,neutral,,,,,,,,,
2001-11-15,neutral,,,,,,,,,
2001-11-16,neutral,,,,,,,,,
2001-11-19,neutral,,,,,,,,,
2001-11-20,neutral,,,,,,,,,
2001-11-21,neutral,,,,,,,,,
2001-11-23,neutral,,,,,,,,,
2001-11-26,neutral,,,,,,,,,
2001-11-27,neutral,,,,,,,,,
2001-11-28,neutral,,,,,,,,,
2001-11-29,neutral,,,,,,,,,
2001-11-30,neutral,,,,,,,,,
2001-12-03,neutral,,,,,,,,,
2001-12-04,neutral,,,,,,,,,
2001-12-05,neutral,,,,,,,,,
2001-12-06,neutral,,,,,,,,,
2001-12-07,neutral,,,,,,,,,
2001-12-10,neutral,,,,,,,,,
2001-12-11,neutral,,,,,,,,,
2001-12-12,neutral,,,,,,,,,
2001-12-13,neutral,,,,,,,,,
2001-12-14,neutral,,,,,,,,,
2001-12-17,neutral,,,,,,,,,
2001-12-18,neutral,,,,,,,,,
2001-12-19,neutral,,,,,,,,,
2001-12-20,neutral,,,,,,,,,
2001-12-21,neutral,,,,,,,,,
2001-12-24,neutral,,,,,,,,,
2001-12-26,neutral,,,,,,,,,
2001-12-27,neutral,,,,,,,,,
2001-12-28,neutral,,,,,,,,,
2001-12-31,neutral,,,,,,,,,
2002-01-02,neutral,,,,,,,,,
2002-01-03,neutral,,,,,,,,,
2002-01-04,neutral,,,,,,,,,
2002-01-07,neutral,,,,,,,,,
2002-01-08,neutral,,,,,,,,,
2002-01-09,neutral,,,,,,,,,
2002-01-10,neutral,,,,,,,,,
2002-01-11,neutral,,,,,,,,,
2002-01-14,neutral,,,,,,,,,
2002-01-15,neutral,,,,,,,,,
2002-01-16,neutral,,,,,,,,,
2002-01-17,neutral,,,,,,,,,
2002-01-18,neutral,,,,,,,,,
2002-01-22,neutral,,,,,,,,,
2002-01-23,neutral,,,,,,,,,
2002-01-24,neutral,,,,,,,,,
2002-01-25,neutral,,,,,,,,,
2002-01-28,neutral,,,,,,,,,
2002-01-29,neutral,,,,,,,,,
2002-01-30,neutral,,,,,,,,,
2002-01-31,neutral,,,,,,,,,
2002-02-01,neutral,,,,,,,,,
2002-02-04,neutral,,,,,,,,,
2002-02-05,neutral,,,,,,,,,
2002-02-06,neutral,,,,,,,,,
2002-02-07,neutral,,,,,,,,,
2002-02-08,neutral,,,,,,,,,
2002-02-11,neutral,,,,,,,,,
2002-02-12,neutral,,,,,,,,,
2002-02-13,neutral,,,,,,,,,
2002-02-14,neutral,,,,,,,,,
2002-02-15,neutral,,,,,,,,,
2002-02-19,neutral,,,,,,,,,
2002-02-20,neutral,,,,,,,,,
2002-02-21,neutral,,,,,,,,,
2002-02-22,neutral,,,,,,,,,
2002-02-25,neutral,,,,,,,,,
2002-02-26,neutral,,,,,,,,,
2002-02-27,neutral,,,,,,,,,
2002-02-28,neutral,,,,,,,,,
2002-03-01,neutral,,,,,,,,,
2002-03-04,neutral,,,,,,,,,
2002-03-05,neutral,,,,,,,,,
2002-03-06,neutral,,,,,,,,,
2002-03-07,neutral,,,,,,,,,
2002-03-08,neutral,,,,,,,,,
2002-03-11,neutral,,,,,,,,,
2002-03-12,neutral,,,,,,,,,
2002-03-13,neutral,,,,,,,,,
2002-03-14,neutral,,,,,,,,,
2002-03-15,neutral,,,,,,,,,
2002-03-18,neutral,,,,,,,,,
2002-03-19,neutral,,,,,,,,,
2002-03-20,neutral,,,,,,,,,
2002-03-21,neutral,,,,,,,,,
2002-03-22,neutral,,,,,,,,,
2002-03-25,neutral,,,,,,,,,
2002-03-26,neutral,,,,,,,,,
2002-03-27,neutral,,,,,,,,,
2002-03-28,neutral,,,,,,,,,
2002-04-01,neutral,,,,,,,,,
2002-04-02,neutral,,,,,,,,,
2002-04-03,neutral,,,,,,,,,
2002-04-04,neutral,,,,,,,,,
2002-04-05,neutral,,,,,,,,,
2002-04-08,neutral,,,,,,,,,
2002-04-09,neutral,,,,,,,,,
2002-04-10,neutral,,,,,,,,,
2002-04-11,neutral,,,,,,,,,
2002-04-12,neutral,,,,,,,,,
2002-04-15,neutral,,,,,,,,,
2002-04-16,neutral,,,,,,,,,
2002-04-17,neutral,,,,,,,,,
2002-04-18,neutral,,,,,,,,,
2002-04-19,neutral,,,,,,,,,
2002-04-22,neutral,,,,,,,,,
2002-04-23,neutral,,,,,,,,,
2002-04-24,neutral,,,,,,,,,
2002-04-25,neutral,,,,,,,,,
2002-04-26,neutral,,,,,,,,,
2002-04-29,neutral,,,,,,,,,
2002-04-30,neutral,,,,,,,,,
2002-05-01,neutral,,,,,,,,,
2002-05-02,neutral,,,,,,,,,
2002-05-03,neutral,,,,,,,,,
2002-05-06,neutral,,,,,,,,,
2002-05-07,neutral,,,,,,,,,
2002-05-08,neutral,,,,,,,,,
2002-05-09,neutral,,,,,,,,,
2002-05-10,neutral,,,,,,,,,
2002-05-13,neutral,,,,,,,,,
2002-05-14,neutral,,,,,,,,,
2002-05-15,neutral,,,,,,,,,
2002-05-16,neutral,,,,,,,,,
2002-05-17,neutral,,,,,,,,,
2002-05-20,neutral,,,,,,,,,
2002-05-21,neutral,,,,,,,,,
2002-05-22,neutral,,,,,,,,,
2002-05-23,neutral,,,,,,,,,
2002-05-24,neutral,,,,,,,,,
2002-05-28,neutral,,,,,,,,,
2002-05-29,neutral,,,,,,,,,
2002-05-30,neutral,,,,,,,,,
2002-05-31,neutral,,,,,,,,,
2002-06-03,neutral,,,,,,,,,
2002-06-04,neutral,,,,,,,,,
2002-06-05,neutral,,,,,,,,,
2002-06-06,neutral,,,,,,,,,
2002-06-07,neutral,,,,,,,,,
2002-06-10,neutral,,,,,,,,,
2002-06-11,neutral,,,,,,,,,
2002-06-12,neutral,,,,,,,,,
2002-06-13,neutral,,,,,,,,,
2002-06-14,neutral,,,,,,,,,
2002-06-17,neutral,,,,,,,,,
2002-06-18,neutral,,,,,,,,,
2002-06-19,neutral,,,,,,,,,
2002-06-20,neutral,,,,,,,,,
2002-06-21,neutral,,,,,,,,,
2002-06-24,neutral,,,,,,,,,
2002-06-25,neutral,,,,,,,,,
2002-06-26,neutral,,,,,,,,,
2002-06-27,neutral,,,,,,,,,
2002-06-28,neutral,,,,,,,,,
2002-07-01,neutral,,,,,,,,,
2002-07-02,neutral,,,,,,,,,
2002-07-03,neutral,,,,,,,,,
2002-07-05,neutral,,,,,,,,,
2002-07-08,neutral,,,,,,,,,
2002-07-09,neutral,,,,,,,,,
2002-07-10,neutral,,,,,,,,,
2002-07-11,neutral,,,,,,,,,
2002-07-12,neutral,,,,,,,,,
2002-07-15,neutral,,,,,,,,,
2002-07-16,neutral,,,,,,,,,
2002-07-17,neutral,,,,,,,,,
2002-07-18,neutral,,,,,,,,,
2002-07-19,neutral,,,,,,,,,
2002-07-22,neutral,,,,,,,,,
2002-07-23,neutral,,,,,,,,,
2002-07-24,neutral,,,,,,,,,
2002-07-25,neutral,,,,,,,,,
2002-07-26,neutral,,,,,,,,,
2002-07-29,neutral,,,,,,,,,
2002-07-30,neutral,,,,,,,,,
2002-07-31,neutral,,,,,,,,,
2002-08-01,neutral,,,,,,,,,
2002-08-02,neutral,,,,,,,,,
2002-08-05,neutral,,,,,,,,,
2002-08-06,neutral,,,,,,,,,
2002-08-07,neutral,,,,,,,,,
2002-08-08,neutral,,,,,,,,,
2002-08-09,neutral,,,,,,,,,
2002-08-12,neutral,,,,,,,,,
2002-08-13,neutral,,,,,,,,,
2002-08-14,neutral,,,,,,,,,
2002-08-15,neutral,,,,,,,,,
2002-08-16,neutral,,,,,,,,,
2002-08-19,neutral,,,,,,,,,
2002-08-20,neutral,,,,,,,,,
2002-08-21,neutral,,,,,,,,,
2002-08-22,neutral,,,,,,,,,
2002-08-23,neutral,,,,,,,,,
2002-08-26,neutral,,,,,,,,,
2002-08-27,neutral,,,,,,,,,
2002-08-28,neutral,,,,,,,,,
2002-08-29,neutral,,,,,,,,,
2002-08-30,neutral,,,,,,,,,
2002-09-03,neutral,,,,,,,,,
2002-09-04,neutral,,,,,,,,,
2002-09-05,neutral,,,,,,,,,
2002-09-06,neutral,,,,,,,,,
2002-09-09,neutral,,,,,,,,,
2002-09-10,neutral,,,,,,,,,
2002-09-11,neutral,,,,,,,,,
2002-09-12,neutral,,,,,,,,,
2002-09-13,neutral,,,,,,,,,
2002-09-16,neutral,,,,,,,,,
2002-09-17,neutral,,,,,,,,,
2002-09-18,neutral,,,,,,,,,
2002-09-19,neutral,,,,,,,,,
2002-09-20,neutral,,,,,,,,,
2002-09-23,neutral,,,,,,,,,
2002-09-24,neutral,,,,,,,,,
2002-09-25,neutral,,,,,,,,,
2002-09-26,neutral,,,,,,,,,
2002-09-27,neutral,,,,,,,,,
2002-09-30,neutral,,,,,,,,,
2002-10-01,neutral,,,,,,,,,
2002-10-02,neutral,,,,,,,,,
2002-10-03,neutral,,,,,,,,,
2002-10-04,neutral,,,,,,,,,
2002-10-07,neutral,,,,,,,,,
2002-10-08,neutral,,,,,,,,,
2002-10-09,neutral,,,,,,,,,
2002-10-10,neutral,,,,,,,,,
2002-10-11,neutral,,,,,,,,,
2002-10-14,neutral,,,,,,,,,
2002-10-15,neutral,,,,,,,,,
2002-10-16,neutral,,,,,,,,,
2002-10-17,neutral,,,,,,,,,
2002-10-18,neutral,,,,,,,,,
2002-10-21,neutral,,,,,,,,,
2002-10-22,neutral,,,,,,,,,
2002-10-23,neutral,,,,,,,,,
2002-10-24,neutral,,,,,,,,,
2002-10-25,neutral,,,,,,,,,
2002-10-28,neutral,,,,,,,,,
2002-10-29,neutral,,,,,,,,,
2002-10-30,neutral,,,,,,,,,
2002-10-31,neutral,,,,,,,,,
2002-11-01,neutral,,,,,,,,,
2002-11-04,neutral,,,,,,,,,
2002-11-05,neutral,,,,,,,,,
2002-11-06,neutral,,,,,,,,,
2002-11-07,neutral,,,,,,,,,
2002-11-08,neutral,,,,,,,,,
2002-11-11,neutral,,,,,,,,,
2002-11-12,neutral,,,,,,,,,
2002-11-13,neutral,,,,,,,,,
2002-11-14,neutral,,,,,,,,,
2002-11-15,neutral,,,,,,,,,
2002-11-18,neutral,,,,,,,,,
2002-11-19,neutral,,,,,,,,,
2002-11-20,neutral,,,,,,,,,
2002-11-21,neutral,,,,,,,,,
2002-11-22,neutral,,,,,,,,,
2002-11-25,neutral,,,,,,,,,
2002-11-26,neutral,,,,,,,,,
2002-11-27,neutral,,,,,,,,,
2002-11-29,neutral,,,,,,,,,
2002-12-02,neutral,,,,,,,,,
2002-12-03,neutral,,,,,,,,,
2002-12-04,neutral,,,,,,,,,
2002-12-05,neutral,,,,,,,,,
2002-12-06,neutral,,,,,,,,,
2002-12-09,neutral,,,,,,,,,
2002-12-10,neutral,,,,,,,,,
2002-12-11,neutral,,,,,,,,,
2002-12-12,neutral,,,,,,,,,
2002-12-13,neutral,,,,,,,,,
2002-12-16,neutral,,,,,,,,,
2002-12-17,neutral,,,,,,,,,
2002-12-18,neutral,,,,,,,,,
2002-12-19,neutral,,,,,,,,,
2002-12-20,neutral,,,,,,,,,
2002-12-23,neutral,,,,,,,,,
2002-12-24,neutral,,,,,,,,,
2002-12-26,neutral,,,,,,,,,
2002-12-27,neutral,,,,,,,,,
2002-12-30,neutral,,,,,,,,,
2002-12-31,neutral,,,,,,,,,
2003-01-02,neutral,,,,,,,,,
2003-01-03,neutral,,,,,,,,,
2003-01-06,neutral,,,,,,,,,
2003-01-07,neutral,,,,,,,,,
2003-01-08,neutral,,,,,,,,,
2003-01-09,neutral,,,,,,,,,
2003-01-10,neutral,,,,,,,,,
2003-01-13,neutral,,,,,,,,,
2003-01-14,neutral,,,,,,,,,
2003-01-15,neutral,,,,,,,,,
2003-01-16,neutral,,,,,,,,,
2003-01-17,neutral,,,,,,,,,
2003-01-21,neutral,,,,,,,,,
2003-01-22,neutral,,,,,,,,,
2003-01-23,neutral,,,,,,,,,
2003-01-24,neutral,,,,,,,,,
2003-01-27,neutral,,,,,,,,,
2003-01-28,neutral,,,,,,,,,
2003-01-29,neutral,,,,,,,,,
2003-01-30,neutral,,,,,,,,,
2003-01-31,neutral,,,,,,,,,
2003-02-03,neutral,,,,,,,,,
2003-02-04,neutral,,,,,,,,,
2003-02-05,neutral,,,,,,,,,
2003-02-06,neutral,,,,,,,,,
2003-02-07,neutral,,,,,,,,,
2003-02-10,neutral,,,,,,,,,
2003-02-11,neutral,,,,,,,,,
2003-02-12,neutral,,,,,,,,,
2003-02-13,neutral,,,,,,,,,
2003-02-14,neutral,,,,,,,,,
2003-02-18,neutral,,,,,,,,,
2003-02-19,neutral,,,,,,,,,
2003-02-20,neutral,,,,,,,,,
2003-02-21,neutral,,,,,,,,,
2003-02-24,neutral,,,,,,,,,
2003-02-25,neutral,,,,,,,,,
2003-02-26,neutral,,,,,,,,,
2003-02-27,neutral,,,,,,,,,
2003-02-28,neutral,,,,,,,,,
2003-03-03,neutral,,,,,,,,,
2003-03-04,neutral,,,,,,,,,
2003-03-05,neutral,,,,,,,,,
2003-03-06,neutral,,,,,,,,,
2003-03-07,neutral,,,,,,,,,
2003-03-10,neutral,,,,,,,,,
2003-03-11,neutral,,,,,,,,,
2003-03-12,neutral,,,,,,,,,
2003-03-13,neutral,,,,,,,,,
2003-03-14,neutral,,,,,,,,,
2003-03-17,neutral,,,,,,,,,
2003-03-18,neutral,,,,,,,,,
2003-03-19,neutral,,,,,,,,,
2003-03-20,neutral,,,,,,,,,
2003-03-21,neutral,,,,,,,,,
2003-03-24,neutral,,,,,,,,,
2003-03-25,neutral,,,,,,,,,
2003-03-26,neutral,,,,,,,,,
2003-03-27,neutral,,,,,,,,,
2003-03-28,neutral,,,,,,,,,
2003-03-31,neutral,,,,,,,,,
2003-04-01,neutral,,,,,,,,,
2003-04-02,neutral,,,,,,,,,
2003-04-03,neutral,,,,,,,,,
2003-04-04,neutral,,,,,,,,,
2003-04-07,neutral,,,,,,,,,
2003-04-08,neutral,,,,,,,,,
2003-04-09,neutral,,,,,,,,,
2003-04-10,neutral,,,,,,,,,
2003-04-11,neutral,,,,,,,,,
2003-04-14,neutral,,,,,,,,,
2003-04-15,neutral,,,,,,,,,
2003-04-16,neutral,,,,,,,,,
2003-04-17,neutral,,,,,,,,,
2003-04-21,neutral,,,,,,,,,
2003-04-22,neutral,,,,,,,,,
2003-04-23,neutral,,,,,,,,,
2003-04-24,neutral,,,,,,,,,
2003-04-25,neutral,,,,,,,,,
2003-04-28,neutral,,,,,,,,,
2003-04-29,neutral,,,,,,,,,
2003-04-30,neutral,,,,,,,,,
2003-05-01,neutral,,,,,,,,,
2003-05-02,neutral,,,,,,,,,
2003-05-05,neutral,,,,,,,,,
2003-05-06,neutral,,,,,,,,,
2003-05-07,neutral,,,,,,,,,
2003-05-08,neutral,,,,,,,,,
2003-05-09,neutral,,,,,,,,,
2003-05-12,neutral,,,,,,,,,
2003-05-13,neutral,,,,,,,,,
2003-05-14,neutral,,,,,,,,,
2003-05-15,neutral,,,,,,,,,
2003-05-16,neutral,,,,,,,,,
2003-05-19,neutral,,,,,,,,,
2003-05-20,neutral,,,,,,,,,
2003-05-21,neutral,,,,,,,,,
2003-05-22,neutral,,,,,,,,,
2003-05-23,neutral,,,,,,,,,
2003-05-27,neutral,,,,,,,,,
2003-05-28,neutral,,,,,,,,,
2003-05-29,neutral,,,,,,,,,
2003-05-30,neutral,,,,,,,,,
2003-06-02,neutral,,,,,,,,,
2003-06-03,neutral,,,,,,,,,
2003-06-04,neutral,,,,,,,,,
2003-06-05,neutral,,,,,,,,,
2003-06-06,neutral,,,,,,,,,
2003-06-09,neutral,,,,,,,,,
2003-06-10,neutral,,,,,,,,,
2003-06-11,neutral,,,,,,,,,
2003-06-12,neutral,,,,,,,,,
2003-06-13,neutral,,,,,,,,,
2003-06-16,neutral,,,,,,,,,
2003-06-17,neutral,,,,,,,,,
2003-06-18,neutral,,,,,,,,,
2003-06-19,neutral,,,,,,,,,
2003-06-20,neutral,,,,,,,,,
2003-06-23,neutral,,,,,,,,,
2003-06-24,neutral,,,,,,,,,
2003-06-25,neutral,,,,,,,,,
2003-06-26,neutral,,,,,,,,,
2003-06-27,neutral,,,,,,,,,
2003-06-30,neutral,,,,,,,,,
2003-07-01,neutral,,,,,,,,,
2003-07-02,neutral,,,,,,,,,
2003-07-03,neutral,,,,,,,,,
2003-07-07,neutral,,,,,,,,,
2003-07-08,neutral,,,,,,,,,
2003-07-09,neutral,,,,,,,,,
2003-07-10,neutral,,,,,,,,,
2003-07-11,neutral,,,,,,,,,
2003-07-14,neutral,,,,,,,,,
2003-07-15,neutral,,,,,,,,,
2003-07-16,neutral,,,,,,,,,
2003-07-17,neutral,,,,,,,,,
2003-07-18,neutral,,,,,,,,,
2003-07-21,neutral,,,,,,,,,
2003-07-22,neutral,,,,,,,,,
2003-07-23,neutral,,,,,,,,,
2003-07-24,neutral,,,,,,,,,
2003-07-25,neutral,,,,,,,,,
2003-07-28,neutral,,,,,,,,,
2003-07-29,neutral,,,,,,,,,
2003-07-30,neutral,,,,,,,,,
2003-07-31,neutral,,,,,,,,,
2003-08-01,neutral,,,,,,,,,
2003-08-04,neutral,,,,,,,,,
2003-08-05,neutral,,,,,,,,,
2003-08-06,neutral,,,,,,,,,
2003-08-07,neutral,,,,,,,,,
2003-08-08,neutral,,,,,,,,,
2003-08-11,neutral,,,,,,,,,
2003-08-12,neutral,,,,,,,,,
2003-08-13,neutral,,,,,,,,,
2003-08-14,neutral,,,,,,,,,
2003-08-15,neutral,,,,,,,,,
2003-08-18,neutral,,,,,,,,,
2003-08-19,neutral,,,,,,,,,
2003-08-20,neutral,,,,,,,,,
2003-08-21,neutral,,,,,,,,,
2003-08-22,neutral,,,,,,,,,
2003-08-25,neutral,,,,,,,,,
2003-08-26,risk_off,,,,,,,,,
2003-08-27,risk_off,,,,,,,,,
2003-08-28,risk_off,,,,,,,,,
2003-08-29,risk_off,,,,,,,,,
2003-09-02,risk_off,,,,,,,,,
2003-09-03,risk_off,,,,,,,,,
2003-09-04,risk_off,,,,,,,,,
2003-09-05,risk_off,,,,,,,,,
2003-09-08,risk_off,,,,,,,,,
2003-09-09,risk_off,,,,,,,,,
2003-09-10,risk_off,,,,,,,,,
2003-09-11,risk_off,,,,,,,,,
2003-09-12,risk_off,,,,,,,,,
2003-09-15,risk_off,,,,,,,,,
2003-09-16,risk_off,,,,,,,,,
2003-09-17,risk_off,,,,,,,,,
2003-09-18,risk_off,,,,,,,,,
2003-09-19,risk_off,,,,,,,,,
2003-09-22,risk_off,,,,,,,,,
2003-09-23,risk_off,,,,,,,,,
2003-09-24,risk_off,,,,,,,,,
2003-09-25,risk_off,,,,,,,,,
2003-09-26,risk_off,,,,,,,,,
2003-09-29,risk_off,,,,,,,,,
2003-09-30,risk_off,,,,,,,,,
2003-10-01,risk_off,risk_on,2.6794795979742107e-88,4.817341984495675e-33,1.0,2003-10-01,2000-09-01,2003-09-30,771.0,
2003-10-02,risk_off,risk_on,1.3802261957330244e-84,1.584127992263684e-32,1.0,2003-10-01,2000-09-01,2003-09-30,771.0,risk_on
2003-10-03,risk_off,risk_on,1.5234800915779731e-93,1.9161498145038844e-37,1.0,2003-10-01,2000-09-01,2003-09-30,771.0,risk_on
2003-10-06,risk_off,risk_on,1.1221144105086985e-91,1.032241486513559e-26,1.0,2003-10-01,2000-09-01,2003-09-30,771.0,risk_on
2003-10-07,risk_off,risk_on,1.7735067335350167e-94,1.8613875888555834e-28,1.0,2003-10-01,2000-09-01,2003-09-30,771.0,risk_on
2003-10-08,risk_off,risk_on,9.924629874467327e-93,4.7191669875877674e-27,1.0,2003-10-01,2000-09-01,2003-09-30,771.0,risk_on
2003-10-09,risk_off,risk_on,1.2404697424621007e-94,1.1353718626053357e-31,1.0,2003-10-01,2000-09-01,2003-09-30,771.0,risk_on
2003-10-10,risk_off,risk_on,4.8153368383756304e-91,2.0647771670493924e-27,1.0,2003-10-01,2000-09-01,2003-09-30,771.0,risk_on
2003-10-13,risk_off,risk_on,2.869251681527595e-89,1.0879732695886154e-33,1.0,2003-10-01,2000-09-01,2003-09-30,771.0,risk_on
2003-10-14,risk_off,risk_on,2.476239815007599e-87,2.5945292604405527e-31,1.0,2003-10-01,2000-09-01,2003-09-30,771.0,risk_on
2003-10-15,risk_off,risk_on,2.689208135708056e-88,2.5498373155599534e-40,1.0,2003-10-01,2000-09-01,2003-09-30,771.0,risk_on
2003-10-16,risk_off,risk_on,1.6932853383441754e-103,6.664890665251164e-38,1.0,2003-10-01,2000-09-01,2003-09-30,771.0,risk_on
2003-10-17,risk_on,risk_on,7.362625601081376e-97,5.453625063658945e-48,1.0,2003-10-01,2000-09-01,2003-09-30,771.0,risk_on
2003-10-20,risk_on,risk_on,5.305717393023462e-97,3.0958908921416816e-44,1.0,2003-10-01,2000-09-01,2003-09-30,771.0,risk_on
2003-10-21,risk_off,risk_on,8.711681680711646e-98,1.8662358979430494e-44,1.0,2003-10-01,2000-09-01,2003-09-30,771.0,risk_on
2003-10-22,risk_on,risk_on,2.466646409778513e-91,3.640388580009006e-45,1.0,2003-10-01,2000-09-01,2003-09-30,771.0,risk_on
2003-10-23,risk_on,risk_on,6.452279914570119e-89,4.3326815495691246e-43,1.0,2003-10-01,2000-09-01,2003-09-30,771.0,risk_on
2003-10-24,risk_on,risk_on,6.3393412369510426e-83,4.553184062837732e-44,1.0,2003-10-01,2000-09-01,2003-09-30,771.0,risk_on
2003-10-27,risk_on,risk_on,1.7701537154053482e-80,6.577136426706828e-42,1.0,2003-10-01,2000-09-01,2003-09-30,771.0,risk_on
2003-10-28,risk_on,risk_on,1.2499371814965006e-84,5.790396963970258e-46,1.0,2003-10-01,2000-09-01,2003-09-30,771.0,risk_on
2003-10-29,risk_on,risk_on,3.9596002352854975e-81,3.0966127328877257e-41,1.0,2003-10-01,2000-09-01,2003-09-30,771.0,risk_on
2003-10-30,risk_on,risk_on,3.082108566094216e-85,9.82179456560373e-45,1.0,2003-10-01,2000-09-01,2003-09-30,771.0,risk_on
2003-10-31,risk_on,risk_on,2.530494892597968e-85,1.3396086022471634e-41,1.0,2003-10-01,2000-09-01,2003-09-30,771.0,risk_on
2003-11-03,risk_on,neutral,2.098942368495774e-33,1.0,9.359405436109561e-39,2003-11-03,2000-09-01,2003-10-31,794.0,risk_on
2003-11-04,risk_on,neutral,2.044826751622682e-33,1.0,5.6330806047163974e-40,2003-11-03,2000-09-01,2003-10-31,794.0,neutral
2003-11-05,risk_on,neutral,4.131324226519164e-31,1.0,6.522937487576896e-34,2003-11-03,2000-09-01,2003-10-31,794.0,neutral
2003-11-06,risk_on,neutral,5.7473677418093395e-34,1.0,4.238821156669369e-36,2003-11-03,2000-09-01,2003-10-31,794.0,neutral
2003-11-07,risk_on,neutral,3.270332725875834e-31,1.0,4.2107259398646376e-41,2003-11-03,2000-09-01,2003-10-31,794.0,neutral
2003-11-10,risk_on,neutral,4.598982261172618e-34,1.0,2.102279032859712e-45,2003-11-03,2000-09-01,2003-10-31,794.0,neutral
2003-11-11,risk_on,neutral,2.7448654747630747e-31,1.0,1.8778368533399028e-43,2003-11-03,2000-09-01,2003-10-31,794.0,neutral
2003-11-12,risk_on,neutral,9.341520950365181e-30,1.0,3.935429526556565e-45,2003-11-03,2000-09-01,2003-10-31,794.0,neutral
2003-11-13,risk_on,neutral,1.724677681937339e-25,1.0,1.1882628558337667e-43,2003-11-03,2000-09-01,2003-10-31,794.0,neutral
2003-11-14,risk_on,neutral,2.0862356820779338e-30,1.0,1.1599352508593545e-48,2003-11-03,2000-09-01,2003-10-31,794.0,neutral
2003-11-17,risk_on,neutral,6.465001978001389e-41,1.0,1.807612974579505e-39,2003-11-03,2000-09-01,2003-10-31,794.0,neutral
2003-11-18,risk_on,neutral,2.954563056430774e-48,1.0,1.3501506988731958e-49,2003-11-03,2000-09-01,2003-10-31,794.0,neutral
2003-11-19,risk_on,neutral,2.2207839960087026e-47,1.0,6.0386786997157964e-55,2003-11-03,2000-09-01,2003-10-31,794.0,neutral
2003-11-20,risk_on,neutral,2.1289992331977094e-50,1.0,4.868220141631159e-53,2003-11-03,2000-09-01,2003-10-31,794.0,neutral
2003-11-21,risk_on,neutral,1.553644426148066e-43,1.0,2.057204437504219e-52,2003-11-03,2000-09-01,2003-10-31,794.0,neutral
2003-11-24,risk_on,neutral,1.4212540589544658e-45,1.0,4.534390356674448e-48,2003-11-03,2000-09-01,2003-10-31,794.0,neutral
2003-11-25,risk_on,neutral,4.342193023257399e-44,1.0,3.0144126710574316e-52,2003-11-03,2000-09-01,2003-10-31,794.0,neutral
2003-11-26,risk_on,neutral,1.781844921497524e-47,1.0,3.68912826618748e-57,2003-11-03,2000-09-01,2003-10-31,794.0,neutral
2003-11-28,risk_on,neutral,1.1504182239062986e-47,1.0,1.5739700635912485e-67,2003-11-03,2000-09-01,2003-10-31,794.0,neutral
2003-12-01,risk_on,risk_on,1.3218541253497779e-23,9.702010329638068e-255,1.0,2003-12-01,2000-09-01,2003-11-28,813.0,neutral
2003-12-02,risk_on,risk_on,3.289620764109761e-24,2.1903668127400707e-261,1.0,2003-12-01,2000-09-01,2003-11-28,813.0,risk_on
2003-12-03,risk_on,risk_on,5.339797275699141e-23,5.797914586600981e-266,1.0,2003-12-01,2000-09-01,2003-11-28,813.0,risk_on
2003-12-04,risk_on,risk_on,6.965818033022722e-22,1.0521229252985963e-255,1.0,2003-12-01,2000-09-01,2003-11-28,813.0,risk_on
2003-12-05,risk_on,risk_on,1.1456008654434422e-23,2.2925288021506574e-257,1.0,2003-12-01,2000-09-01,2003-11-28,813.0,risk_on
2003-12-08,risk_on,risk_on,2.4680831670113675e-24,3.962123645986776e-263,1.0,2003-12-01,2000-09-01,2003-11-28,813.0,risk_on
2003-12-09,risk_on,risk_on,8.744940536525245e-20,1.988439862079202e-273,1.0,2003-12-01,2000-09-01,2003-11-28,813.0,risk_on
2003-12-10,risk_on,risk_on,1.3381914353131198e-22,1.0590355049182167e-272,1.0,2003-12-01,2000-09-01,2003-11-28,813.0,risk_on
2003-12-11,risk_on,risk_on,1.167307772562331e-23,1.3318690325241065e-263,1.0,2003-12-01,2000-09-01,2003-11-28,813.0,risk_on
2003-12-12,risk_on,risk_on,1.7235950306028078e-22,3.7256020448869335e-260,1.0,2003-12-01,2000-09-01,2003-11-28,813.0,risk_on
2003-12-15,risk_on,risk_on,5.73711694956664e-21,9.635476532482525e-269,1.0,2003-12-01,2000-09-01,2003-11-28,813.0,risk_on
2003-12-16,risk_on,risk_on,1.2241530358079269e-21,9.114760877681415e-195,1.0,2003-12-01,2000-09-01,2003-11-28,813.0,risk_on
2003-12-17,risk_on,risk_on,6.601371193647541e-24,3.712901958830878e-194,1.0,2003-12-01,2000-09-01,2003-11-28,813.0,risk_on
2003-12-18,risk_on,risk_on,6.726772824279556e-21,6.76248597159037e-182,1.0,2003-12-01,2000-09-01,2003-11-28,813.0,risk_on
2003-12-19,risk_on,risk_on,1.2339609460703074e-23,7.10265364642419e-188,1.0,2003-12-01,2000-09-01,2003-11-28,813.0,risk_on
2003-12-22,risk_on,risk_on,7.250248629129098e-27,6.660113639397528e-189,1.0,2003-12-01,2000-09-01,2003-11-28,813.0,risk_on
2003-12-23,risk_on,risk_on,2.668308303009893e-18,9.882772034647497e-185,1.0,2003-12-01,2000-09-01,2003-11-28,813.0,risk_on
2003-12-24,risk_on,risk_on,1.611141288416963e-24,7.718983914423664e-187,1.0,2003-12-01,2000-09-01,2003-11-28,813.0,risk_on
2003-12-26,risk_on,risk_on,4.650224678186992e-22,6.941987253180403e-179,1.0,2003-12-01,2000-09-01,2003-11-28,813.0,risk_on
2003-12-29,risk_on,risk_on,1.3863004707611798e-23,2.952072503832455e-184,1.0,2003-12-01,2000-09-01,2003-11-28,813.0,risk_on
2003-12-30,risk_on,risk_on,6.706443609970595e-20,6.001755802250468e-180,1.0,2003-12-01,2000-09-01,2003-11-28,813.0,risk_on
2003-12-31,risk_on,risk_on,4.38089084180055e-22,6.8022398707436e-180,1.0,2003-12-01,2000-09-01,2003-11-28,813.0,risk_on
2004-01-02,risk_on,risk_on,3.326521110485887e-117,3.912704856573213e-40,1.0,2004-01-02,2000-09-01,2003-12-31,835.0,risk_on
2004-01-05,risk_on,risk_on,2.4880677180843787e-124,4.337396022007512e-48,1.0,2004-01-02,2000-09-01,2003-12-31,835.0,risk_on
2004-01-06,risk_on,risk_on,6.109583577511046e-122,2.6308939302948554e-48,1.0,2004-01-02,2000-09-01,2003-12-31,835.0,risk_on
2004-01-07,risk_on,risk_on,3.358923540836318e-125,4.7060175688162155e-49,1.0,2004-01-02,2000-09-01,2003-12-31,835.0,risk_on
2004-01-08,risk_on,risk_on,2.519917931812603e-129,4.577307472238523e-48,1.0,2004-01-02,2000-09-01,2003-12-31,835.0,risk_on
2004-01-09,risk_on,risk_on,1.2686620421460357e-137,1.5210108592032533e-49,1.0,2004-01-02,2000-09-01,2003-12-31,835.0,risk_on
2004-01-12,risk_on,risk_on,1.7451381535358878e-133,2.2697337007214735e-46,1.0,2004-01-02,2000-09-01,2003-12-31,835.0,risk_on
2004-01-13,risk_on,risk_on,8.612851408381235e-132,9.130569077132008e-46,1.0,2004-01-02,2000-09-01,2003-12-31,835.0,risk_on
2004-01-14,risk_on,risk_on,4.504723092171154e-125,2.301375880791163e-44,1.0,2004-01-02,2000-09-01,2003-12-31,835.0,risk_on
2004-01-15,risk_on,risk_on,1.4015643303211174e-128,3.659122229185927e-50,1.0,2004-01-02,2000-09-01,2003-12-31,835.0,risk_on
2004-01-16,risk_on,risk_on,3.156652721997097e-143,7.726326327171256e-47,1.0,2004-01-02,2000-09-01,2003-12-31,835.0,risk_on
2004-01-20,risk_on,risk_on,2.9616253170367343e-153,3.837423289484189e-48,1.0,2004-01-02,2000-09-01,2003-12-31,835.0,risk_on
2004-01-21,risk_on,risk_on,3.981745111925099e-156,1.268297357065801e-48,1.0,2004-01-02,2000-09-01,2003-12-31,835.0,risk_on
2004-01-22,risk_on,risk_on,1.5576649358052118e-156,2.89539325121401e-52,1.0,2004-01-02,2000-09-01,2003-12-31,835.0,risk_on
2004-01-23,risk_on,risk_on,2.1146427341337292e-170,1.7695124225106417e-47,1.0,2004-01-02,2000-09-01,2003-12-31,835.0,risk_on
2004-01-26,risk_on,risk_on,7.38655480537107e-165,4.517268439885529e-47,1.0,2004-01-02,2000-09-01,2003-12-31,835.0,risk_on
2004-01-27,risk_on,risk_on,2.2548929468452886e-161,1.514624035813557e-45,1.0,2004-01-02,2000-09-01,2003-12-31,835.0,risk_on
2004-01-28,risk_on,risk_on,8.196613957541203e-165,2.1429424640965586e-42,1.0,2004-01-02,2000-09-01,2003-12-31,835.0,risk_on
2004-01-29,risk_on,risk_on,1.6764357660126594e-162,3.1481130582536384e-34,1.0,2004-01-02,2000-09-01,2003-12-31,835.0,risk_on
2004-01-30,risk_on,risk_on,3.1695450779808696e-164,5.773025289610087e-35,1.0,2004-01-02,2000-09-01,2003-12-31,835.0,risk_on
2004-02-02,risk_on,neutral,1.2410600243000457e-142,1.0,9.5369100613612e-55,2004-02-02,2000-09-01,2004-01-30,855.0,risk_on
2004-02-03,risk_on,neutral,5.788697229948814e-128,1.0,4.0928677713826693e-53,2004-02-02,2000-09-01,2004-01-30,855.0,neutral
2004-02-04,risk_on,neutral,1.6999818572655534e-122,1.0,3.184506594849011e-49,2004-02-02,2000-09-01,2004-01-30,855.0,neutral
2004-02-05,risk_on,neutral,5.8979329714375985e-115,1.0,4.813264468972296e-46,2004-02-02,2000-09-01,2004-01-30,855.0,neutral
2004-02-06,risk_on,neutral,1.6145895644035661e-105,1.0,3.056424924177293e-48,2004-02-02,2000-09-01,2004-01-30,855.0,neutral
2004-02-09,risk_on,neutral,2.7075392834573277e-108,1.0,7.768075752927138e-47,2004-02-02,2000-09-01,2004-01-30,855.0,neutral
2004-02-10,risk_on,neutral,8.791612061031317e-114,1.0,4.465665705554984e-46,2004-02-02,2000-09-01,2004-01-30,855.0,neutral
2004-02-11,risk_on,neutral,8.029888639341548e-120,1.0,1.1422256334405776e-50,2004-02-02,2000-09-01,2004-01-30,855.0,neutral
2004-02-12,risk_on,neutral,2.28232825848427e-118,1.0,6.74735052716542e-52,2004-02-02,2000-09-01,2004-01-30,855.0,neutral
2004-02-13,risk_on,neutral,3.395739135082697e-118,1.0,4.0424814184885925e-51,2004-02-02,2000-09-01,2004-01-30,855.0,neutral
2004-02-17,risk_on,neutral,3.811349879164842e-111,1.0,1.0180713838013444e-52,2004-02-02,2000-09-01,2004-01-30,855.0,neutral
2004-02-18,risk_on,neutral,3.205117735792356e-112,1.0,1.5945534602539337e-51,2004-02-02,2000-09-01,2004-01-30,855.0,neutral
2004-02-19,risk_on,neutral,5.280377856901114e-116,1.0,2.1773245049926962e-54,2004-02-02,2000-09-01,2004-01-30,855.0,neutral
2004-02-20,risk_on,neutral,1.74563150247886e-132,1.0,2.5273594139050577e-55,2004-02-02,2000-09-01,2004-01-30,855.0,neutral
2004-02-23,risk_on,neutral,1.0666635542698882e-131,1.0,1.8354608202965985e-52,2004-02-02,2000-09-01,2004-01-30,855.0,neutral
2004-02-24,risk_on,neutral,2.2541198711664392e-119,1.0,2.3212589305178105e-54,2004-02-02,2000-09-01,2004-01-30,855.0,neutral
2004-02-25,risk_on,neutral,6.600907011894873e-129,1.0,3.664569332555205e-54,2004-02-02,2000-09-01,2004-01-30,855.0,neutral
2004-02-26,risk_on,neutral,9.993008585404226e-127,1.0,2.931449678463272e-51,2004-02-02,2000-09-01,2004-01-30,855.0,neutral
2004-02-27,risk_on,neutral,2.448490113722573e-127,1.0,1.4262877444621212e-53,2004-02-02,2000-09-01,2004-01-30,855.0,neutral
2004-03-01,risk_on,risk_on,1.802564657512377e-54,4.691307133057638e-98,1.0,2004-03-01,2000-09-01,2004-02-27,874.0,neutral
2004-03-02,risk_on,risk_on,4.185038722121304e-54,6.097647871939231e-100,1.0,2004-03-01,2000-09-01,2004-02-27,874.0,risk_on
2004-03-03,risk_on,risk_on,1.2141068973880492e-51,3.781267543976258e-97,1.0,2004-03-01,2000-09-01,2004-02-27,874.0,risk_on
2004-03-04,risk_on,risk_on,7.266671508647303e-52,3.15055854190195e-95,1.0,2004-03-01,2000-09-01,2004-02-27,874.0,risk_on
2004-03-05,risk_on,risk_on,6.925177506019091e-58,6.370365712626903e-108,1.0,2004-03-01,2000-09-01,2004-02-27,874.0,risk_on
2004-03-08,risk_on,risk_on,2.4763073148055257e-56,8.702178497354658e-105,1.0,2004-03-01,2000-09-01,2004-02-27,874.0,risk_on
2004-03-09,risk_on,risk_on,1.4789391688698324e-55,7.452560669706477e-103,1.0,2004-03-01,2000-09-01,2004-02-27,874.0,risk_on
2004-03-10,risk_on,risk_on,5.372897126917591e-54,4.996018981542652e-104,1.0,2004-03-01,2000-09-01,2004-02-27,874.0,risk_on
2004-03-11,risk_on,risk_on,6.354577804125229e-54,1.420079827056053e-106,1.0,2004-03-01,2000-09-01,2004-02-27,874.0,risk_on
2004-03-12,risk_on,risk_on,2.9809922521260498e-53,1.7721999308179847e-101,1.0,2004-03-01,2000-09-01,2004-02-27,874.0,risk_on
2004-03-15,risk_on,risk_on,7.277009853021889e-53,8.852628756757613e-99,1.0,2004-03-01,2000-09-01,2004-02-27,874.0,risk_on
2004-03-16,risk_on,risk_on,9.631073680028693e-52,2.2651688494780767e-97,1.0,2004-03-01,2000-09-01,2004-02-27,874.0,risk_on
2004-03-17,risk_on,risk_on,1.4560700147269305e-58,8.385310798419182e-99,1.0,2004-03-01,2000-09-01,2004-02-27,874.0,risk_on
2004-03-18,risk_on,risk_on,4.392657431547957e-58,4.244507329880543e-101,1.0,2004-03-01,2000-09-01,2004-02-27,874.0,risk_on
2004-03-19,risk_on,risk_on,1.336337223030351e-56,2.827305345362485e-101,1.0,2004-03-01,2000-09-01,2004-02-27,874.0,risk_on
2004-03-22,risk_on,risk_on,4.2305344141471424e-51,8.198317133285588e-99,1.0,2004-03-01,2000-09-01,2004-02-27,874.0,risk_on
2004-03-23,risk_on,risk_on,7.792854762558392e-55,3.205492217551521e-100,1.0,2004-03-01,2000-09-01,2004-02-27,874.0,risk_on
2004-03-24,risk_on,risk_on,1.5091536616450495e-53,1.4559415960856861e-98,1.0,2004-03-01,2000-09-01,2004-02-27,874.0,risk_on
2004-03-25,risk_on,risk_on,1.9841974847714436e-54,2.9676329476333344e-105,1.0,2004-03-01,2000-09-01,2004-02-27,874.0,risk_on
2004-03-26,risk_on,risk_on,5.529364665985574e-49,2.550483618182566e-92,1.0,2004-03-01,2000-09-01,2004-02-27,874.0,risk_on
2004-03-29,risk_on,risk_on,3.05511068544476e-51,3.755465307939478e-99,1.0,2004-03-01,2000-09-01,2004-02-27,874.0,risk_on
2004-03-30,risk_on,risk_on,2.922747936186483e-52,1.9176732813519032e-99,1.0,2004-03-01,2000-09-01,2004-02-27,874.0,risk_on
2004-03-31,risk_on,risk_on,1.2012756735593403e-51,6.70037948805591e-97,1.0,2004-03-01,2000-09-01,2004-02-27,874.0,risk_on
2004-04-01,risk_on,risk_on,8.329118411942791e-77,3.046716141113753e-09,0.9999999969532842,2004-04-01,2000-09-01,2004-03-31,897.0,risk_on
2004-04-02,risk_on,risk_on,2.2387260196372102e-89,4.693198671073291e-09,0.9999999953068013,2004-04-01,2000-09-01,2004-03-31,897.0,risk_on
2004-04-05,risk_on,risk_on,6.788784017270666e-90,6.056123749739062e-11,0.9999999999394387,2004-04-01,2000-09-01,2004-03-31,897.0,risk_on
2004-04-06,risk_on,risk_on,4.259425891007643e-85,2.3298161744178207e-10,0.9999999997670184,2004-04-01,2000-09-01,2004-03-31,897.0,risk_on
2004-04-07,risk_on,risk_on,4.462916108113358e-81,1.9809715614645108e-07,0.9999998019028437,2004-04-01,2000-09-01,2004-03-31,897.0,risk_on
2004-04-08,risk_on,risk_on,6.385621949241366e-84,3.83205144915625e-09,0.9999999961679489,2004-04-01,2000-09-01,2004-03-31,897.0,risk_on
2004-04-12,risk_on,risk_on,1.5547136577287678e-87,3.740729242163985e-09,0.9999999962592714,2004-04-01,2000-09-01,2004-03-31,897.0,risk_on
2004-04-13,risk_on,risk_on,6.304860777369639e-90,3.761866908472213e-09,0.9999999962381327,2004-04-01,2000-09-01,2004-03-31,897.0,risk_on
2004-04-14,risk_on,risk_on,3.2723515056835115e-93,1.293221457102378e-12,0.9999999999987068,2004-04-01,2000-09-01,2004-03-31,897.0,risk_on
2004-04-15,risk_on,risk_on,4.672003385271936e-93,1.7059994922986833e-12,0.9999999999982947,2004-04-01,2000-09-01,2004-03-31,897.0,risk_on
2004-04-16,risk_on,risk_on,1.6753923918469376e-92,6.936949610451161e-12,0.9999999999930633,2004-04-01,2000-09-01,2004-03-31,897.0,risk_on
2004-04-19,risk_on,risk_on,3.111461556199334e-92,1.7567478146256222e-07,0.9999998243252181,2004-04-01,2000-09-01,2004-03-31,897.0,risk_on
2004-04-20,risk_on,risk_on,3.748539746498681e-92,1.923810096906358e-09,0.9999999980761913,2004-04-01,2000-09-01,2004-03-31,897.0,risk_on
2004-04-21,risk_on,risk_on,3.994287681358702e-94,1.3406438852986725e-12,0.9999999999986606,2004-04-01,2000-09-01,2004-03-31,897.0,risk_on
2004-04-22,risk_on,risk_on,9.336166454173133e-95,3.126256758125888e-12,0.9999999999968736,2004-04-01,2000-09-01,2004-03-31,897.0,risk_on
2004-04-23,risk_on,risk_on,3.4943577987793007e-96,2.615847093152991e-10,0.9999999997384137,2004-04-01,2000-09-01,2004-03-31,897.0,risk_on
2004-04-26,risk_on,risk_on,3.0093229013943205e-98,2.2650004466292808e-08,0.9999999773499939,2004-04-01,2000-09-01,2004-03-31,897.0,risk_on
2004-04-27,risk_on,risk_on,1.7001965246587312e-97,3.98796193418935e-09,0.9999999960120398,2004-04-01,2000-09-01,2004-03-31,897.0,risk_on
2004-04-28,risk_on,risk_on,2.5735371133467753e-98,7.10638065567539e-08,0.9999999289361935,2004-04-01,2000-09-01,2004-03-31,897.0,risk_on
2004-04-29,risk_on,risk_on,2.681828394676588e-103,2.3877986902309405e-06,0.9999976122013103,2004-04-01,2000-09-01,2004-03-31,897.0,risk_on
2004-04-30,risk_on,risk_on,7.776715289896143e-105,1.2505189653798606e-06,0.9999987494810337,2004-04-01,2000-09-01,2004-03-31,897.0,risk_on
2004-05-03,risk_on,risk_on,1.2248462722522031e-53,5.800139086076831e-12,0.9999999999942002,2004-05-03,2000-09-01,2004-04-30,918.0,risk_on
2004-05-04,risk_on,risk_on,1.1391879951289184e-54,1.5832509650459477e-12,0.9999999999984173,2004-05-03,2000-09-01,2004-04-30,918.0,risk_on
2004-05-05,risk_on,risk_on,2.2276348591515804e-54,4.800947358639816e-12,0.9999999999951994,2004-05-03,2000-09-01,2004-04-30,918.0,risk_on
2004-05-06,risk_on,risk_on,4.426069518795404e-52,2.7290935798758147e-11,0.9999999999727089,2004-05-03,2000-09-01,2004-04-30,918.0,risk_on
2004-05-07,risk_on,risk_on,1.7333118394710713e-48,1.1119511336586457e-14,0.9999999999999893,2004-05-03,2000-09-01,2004-04-30,918.0,risk_on
2004-05-10,risk_on,risk_on,7.96081480494734e-46,2.9257811264340186e-13,0.9999999999997069,2004-05-03,2000-09-01,2004-04-30,918.0,risk_on
2004-05-11,risk_on,risk_on,1.828485035849798e-46,3.002341637837523e-14,0.9999999999999698,2004-05-03,2000-09-01,2004-04-30,918.0,risk_on
2004-05-12,risk_on,risk_on,2.918848065253886e-51,4.858034033098195e-19,1.0,2004-05-03,2000-09-01,2004-04-30,918.0,risk_on
2004-05-13,risk_on,risk_on,9.994323832068882e-51,1.49262780522512e-19,1.0,2004-05-03,2000-09-01,2004-04-30,918.0,risk_on
2004-05-14,risk_on,risk_on,3.9198108346663236e-48,1.1634108672975319e-18,1.0,2004-05-03,2000-09-01,2004-04-30,918.0,risk_on
2004-05-17,risk_on,risk_on,3.3172461475741435e-68,1.2465156000628949e-21,1.0,2004-05-03,2000-09-01,2004-04-30,918.0,risk_on
2004-05-18,risk_on,risk_on,2.1338933123373007e-63,6.539250811543312e-24,1.0,2004-05-03,2000-09-01,2004-04-30,918.0,risk_on
2004-05-19,risk_on,risk_on,1.724251426678648e-67,5.889119786167696e-27,1.0,2004-05-03,2000-09-01,2004-04-30,918.0,risk_on
2004-05-20,risk_on,risk_on,6.134853559363013e-66,1.3843719383518e-25,1.0,2004-05-03,2000-09-01,2004-04-30,918.0,risk_on
2004-05-21,risk_on,risk_on,1.6570756517816507e-56,4.990232894444731e-25,1.0,2004-05-03,2000-09-01,2004-04-30,918.0,risk_on
2004-05-24,risk_on,risk_on,3.2542910649088383e-62,6.206330741184987e-25,1.0,2004-05-03,2000-09-01,2004-04-30,918.0,risk_on
2004-05-25,risk_on,risk_on,8.502438301222346e-58,4.111099358428076e-26,1.0,2004-05-03,2000-09-01,2004-04-30,918.0,risk_on
2004-05-26,risk_on,risk_on,1.3745467944310687e-55,2.3519497142077845e-25,1.0,2004-05-03,2000-09-01,2004-04-30,918.0,risk_on
2004-05-27,risk_on,risk_on,1.5978072882330979e-50,3.3657697988268716e-26,1.0,2004-05-03,2000-09-01,2004-04-30,918.0,risk_on
2004-05-28,risk_on,risk_on,5.586454865076866e-51,9.254055878594766e-32,1.0,2004-05-03,2000-09-01,2004-04-30,918.0,risk_on
2004-06-01,risk_on,risk_on,2.574202694491474e-57,3.6530736831268504e-70,1.0,2004-06-01,2000-09-01,2004-05-28,938.0,risk_on
2004-06-02,risk_on,risk_on,2.3871737495419375e-48,1.1974036043276169e-57,1.0,2004-06-01,2000-09-01,2004-05-28,938.0,risk_on
2004-06-03,risk_on,risk_on,6.325712948069352e-48,1.0621312996013012e-50,1.0,2004-06-01,2000-09-01,2004-05-28,938.0,risk_on
2004-06-04,risk_on,risk_on,6.322309054320978e-50,7.478329062963729e-53,1.0,2004-06-01,2000-09-01,2004-05-28,938.0,risk_on
2004-06-07,risk_on,risk_on,9.817094505904741e-47,1.541962571712353e-53,1.0,2004-06-01,2000-09-01,2004-05-28,938.0,risk_on
2004-06-08,risk_on,risk_on,1.9899502255784032e-55,2.3080001418825596e-58,1.0,2004-06-01,2000-09-01,2004-05-28,938.0,risk_on
2004-06-09,risk_on,risk_on,5.8626873898606324e-52,1.136352398861078e-58,1.0,2004-06-01,2000-09-01,2004-05-28,938.0,risk_on
2004-06-10,risk_on,risk_on,6.995259472477681e-55,4.617121409723984e-58,1.0,2004-06-01,2000-09-01,2004-05-28,938.0,risk_on
2004-06-14,risk_on,risk_on,3.601522744345279e-58,2.3975033970491837e-62,1.0,2004-06-01,2000-09-01,2004-05-28,938.0,risk_on
2004-06-15,risk_on,risk_on,1.518374593133818e-63,4.910003328802282e-58,1.0,2004-06-01,2000-09-01,2004-05-28,938.0,risk_on
2004-06-16,risk_on,risk_on,1.7742073322793363e-67,1.2784350352933985e-61,1.0,2004-06-01,2000-09-01,2004-05-28,938.0,risk_on
2004-06-17,risk_on,risk_on,7.132746521854462e-69,7.631381070282807e-64,1.0,2004-06-01,2000-09-01,2004-05-28,938.0,risk_on
2004-06-18,risk_on,risk_on,1.5826521693382832e-67,1.3017880271057467e-65,1.0,2004-06-01,2000-09-01,2004-05-28,938.0,risk_on
2004-06-21,risk_on,risk_on,9.580712225275986e-76,3.893924399201489e-72,1.0,2004-06-01,2000-09-01,2004-05-28,938.0,risk_on
2004-06-22,risk_on,risk_on,1.7144024016660262e-67,6.683570764358238e-72,1.0,2004-06-01,2000-09-01,2004-05-28,938.0,risk_on
2004-06-23,risk_on,risk_on,2.5543933173212066e-66,2.0043690563287192e-67,1.0,2004-06-01,2000-09-01,2004-05-28,938.0,risk_on
2004-06-24,risk_on,risk_on,5.4356508767535426e-70,8.290741664579323e-68,1.0,2004-06-01,2000-09-01,2004-05-28,938.0,risk_on
2004-06-25,risk_on,risk_on,8.3569227098319e-70,1.71239320811128e-64,1.0,2004-06-01,2000-09-01,2004-05-28,938.0,risk_on
2004-06-28,risk_on,risk_on,3.625000853033323e-71,5.516048632766808e-66,1.0,2004-06-01,2000-09-01,2004-05-28,938.0,risk_on
2004-06-29,risk_on,risk_on,8.87455457955743e-72,4.044064311587808e-65,1.0,2004-06-01,2000-09-01,2004-05-28,938.0,risk_on
2004-06-30,risk_on,risk_on,1.40756036487692e-66,4.851832939155591e-63,1.0,2004-06-01,2000-09-01,2004-05-28,938.0,risk_on
2004-07-01,risk_on,risk_on,1.6740505655425997e-80,8.781405839900845e-55,1.0,2004-07-01,2000-09-01,2004-06-30,959.0,risk_on
2004-07-02,risk_on,risk_on,2.3143667372887078e-76,3.1097349446900924e-49,1.0,2004-07-01,2000-09-01,2004-06-30,959.0,risk_on
2004-07-06,risk_on,risk_on,8.112012253200282e-82,4.8819734172247154e-46,1.0,2004-07-01,2000-09-01,2004-06-30,959.0,risk_on
2004-07-07,risk_on,risk_on,2.0270009584800244e-85,4.7111571706601775e-43,1.0,2004-07-01,2000-09-01,2004-06-30,959.0,risk_on
2004-07-08,risk_on,risk_on,3.2377776332303684e-88,9.065285002777316e-45,1.0,2004-07-01,2000-09-01,2004-06-30,959.0,risk_on
2004-07-09,risk_on,risk_on,4.722558695865721e-92,1.0031582419715843e-43,1.0,2004-07-01,2000-09-01,2004-06-30,959.0,risk_on
2004-07-12,risk_on,risk_on,2.24261406676604e-91,4.395128409845144e-42,1.0,2004-07-01,2000-09-01,2004-06-30,959.0,risk_on
2004-07-13,risk_on,risk_on,5.557455069665454e-91,1.1281350832440965e-41,1.0,2004-07-01,2000-09-01,2004-06-30,959.0,risk_on
2004-07-14,risk_on,risk_on,6.637868458696931e-101,1.7275092601654014e-48,1.0,2004-07-01,2000-09-01,2004-06-30,959.0,risk_on
2004-07-15,risk_on,risk_on,3.5168929115507006e-101,1.4851194588014652e-46,1.0,2004-07-01,2000-09-01,2004-06-30,959.0,risk_on
2004-07-16,risk_on,risk_on,1.6626192416183432e-108,7.844717811439921e-53,1.0,2004-07-01,2000-09-01,2004-06-30,959.0,risk_on
2004-07-19,risk_on,risk_on,1.8413319986841867e-107,1.7817667458110124e-54,1.0,2004-07-01,2000-09-01,2004-06-30,959.0,risk_on
2004-07-20,risk_on,risk_on,9.758938135483992e-103,5.415136209134178e-57,1.0,2004-07-01,2000-09-01,2004-06-30,959.0,risk_on
2004-07-21,risk_on,risk_on,1.6848961460866993e-108,1.5037123480535841e-55,1.0,2004-07-01,2000-09-01,2004-06-30,959.0,risk_on
2004-07-22,risk_on,risk_on,2.175228653620981e-105,8.043283689847883e-59,1.0,2004-07-01,2000-09-01,2004-06-30,959.0,risk_on
2004-07-23,risk_on,risk_on,1.074569521743522e-102,1.6723335072446588e-58,1.0,2004-07-01,2000-09-01,2004-06-30,959.0,risk_on
2004-07-26,risk_on,risk_on,2.0055468681360802e-101,1.142720545923406e-58,1.0,2004-07-01,2000-09-01,2004-06-30,959.0,risk_on
2004-07-27,risk_on,risk_on,2.017180174348106e-101,2.940439732605861e-60,1.0,2004-07-01,2000-09-01,2004-06-30,959.0,risk_on
2004-07-28,risk_on,risk_on,4.2353665192256326e-110,2.7399161092455275e-66,1.0,2004-07-01,2000-09-01,2004-06-30,959.0,risk_on
2004-07-29,risk_on,risk_on,9.574751146246316e-111,5.0129299991510275e-59,1.0,2004-07-01,2000-09-01,2004-06-30,959.0,risk_on
2004-07-30,risk_on,risk_on,2.7375076878944506e-106,2.9924596535731124e-56,1.0,2004-07-01,2000-09-01,2004-06-30,959.0,risk_on
2004-08-02,risk_on,risk_on,9.211885907492037e-111,2.4144571247506444e-89,1.0,2004-08-02,2000-09-01,2004-07-30,980.0,risk_on
2004-08-03,risk_on,risk_on,2.661819585672943e-113,2.4120784802456516e-93,1.0,2004-08-02,2000-09-01,2004-07-30,980.0,risk_on
2004-08-04,risk_on,risk_on,9.956872641361012e-106,7.657540255928593e-89,1.0,2004-08-02,2000-09-01,2004-07-30,980.0,risk_on
2004-08-05,risk_on,risk_on,1.3075014959169349e-116,6.331688756237568e-94,1.0,2004-08-02,2000-09-01,2004-07-30,980.0,risk_on
2004-08-06,risk_on,risk_on,2.434983845395125e-118,2.1285917215185326e-98,1.0,2004-08-02,2000-09-01,2004-07-30,980.0,risk_on
2004-08-09,risk_on,risk_on,3.5725941848226714e-118,6.235778042355363e-85,1.0,2004-08-02,2000-09-01,2004-07-30,980.0,risk_on
2004-08-10,risk_on,risk_on,1.640422787396803e-123,6.612512305608603e-98,1.0,2004-08-02,2000-09-01,2004-07-30,980.0,risk_on
2004-08-11,risk_on,risk_on,7.70649338630858e-124,1.2557172448689774e-100,1.0,2004-08-02,2000-09-01,2004-07-30,980.0,risk_on
2004-08-12,risk_on,risk_on,5.170737636539719e-121,4.49217664599722e-96,1.0,2004-08-02,2000-09-01,2004-07-30,980.0,risk_on
2004-08-13,risk_on,risk_on,1.6640040996132965e-123,5.436002367613758e-96,1.0,2004-08-02,2000-09-01,2004-07-30,980.0,risk_on
2004-08-16,risk_on,risk_on,2.0233559992596553e-119,7.255243278609486e-90,1.0,2004-08-02,2000-09-01,2004-07-30,980.0,risk_on
2004-08-17,risk_on,risk_on,1.5113255090704536e-115,2.4284183286358132e-88,1.0,2004-08-02,2000-09-01,2004-07-30,980.0,risk_on
2004-08-18,risk_on,risk_on,8.823049537894535e-124,1.3637881994286176e-89,1.0,2004-08-02,2000-09-01,2004-07-30,980.0,risk_on
2004-08-19,risk_on,risk_on,1.1193593643342819e-128,1.0883382912731625e-88,1.0,2004-08-02,2000-09-01,2004-07-30,980.0,risk_on
2004-08-20,risk_on,risk_on,4.2285744388162756e-119,2.2271413778979354e-84,1.0,2004-08-02,2000-09-01,2004-07-30,980.0,risk_on
2004-08-23,risk_on,risk_on,3.453404330872986e-113,2.478666498448775e-77,1.0,2004-08-02,2000-09-01,2004-07-30,980.0,risk_on
2004-08-24,risk_on,risk_on,1.3538340875907627e-115,8.33607489283912e-83,1.0,2004-08-02,2000-09-01,2004-07-30,980.0,risk_on
2004-08-25,risk_on,risk_on,5.144563773130832e-108,5.468084521811028e-79,1.0,2004-08-02,2000-09-01,2004-07-30,980.0,risk_on
2004-08-26,risk_on,risk_on,5.030298711387749e-100,2.4565075845668147e-73,1.0,2004-08-02,2000-09-01,2004-07-30,980.0,risk_on
2004-08-27,risk_on,risk_on,2.687386765629495e-99,1.0178718094784367e-71,1.0,2004-08-02,2000-09-01,2004-07-30,980.0,risk_on
2004-08-30,risk_on,risk_on,4.3456964488109364e-104,1.3890523600735777e-76,1.0,2004-08-02,2000-09-01,2004-07-30,980.0,risk_on
2004-08-31,risk_on,risk_on,3.36248950761757e-107,1.2348276915801737e-81,1.0,2004-08-02,2000-09-01,2004-07-30,980.0,risk_on
2004-09-01,risk_on,risk_on,1.5224573409572747e-122,1.361486791578434e-116,1.0,2004-09-01,2000-09-01,2004-08-31,1002.0,risk_on
2004-09-02,risk_on,risk_on,1.5764600873172872e-130,8.537975739319684e-115,1.0,2004-09-01,2000-09-01,2004-08-31,1002.0,risk_on
2004-09-03,risk_on,risk_on,5.579569131631991e-135,1.917194875289525e-117,1.0,2004-09-01,2000-09-01,2004-08-31,1002.0,risk_on
2004-09-07,risk_on,risk_on,2.882067455594429e-132,2.9217188086065855e-116,1.0,2004-09-01,2000-09-01,2004-08-31,1002.0,risk_on
2004-09-08,risk_on,risk_on,1.1751106237748315e-136,9.927365577609091e-122,1.0,2004-09-01,2000-09-01,2004-08-31,1002.0,risk_on
2004-09-09,risk_on,risk_on,4.944828119049473e-131,3.6872441999264107e-115,1.0,2004-09-01,2000-09-01,2004-08-31,1002.0,risk_on
2004-09-10,risk_on,risk_on,5.8880776423397466e-133,2.2339816333110545e-121,1.0,2004-09-01,2000-09-01,2004-08-31,1002.0,risk_on
2004-09-13,risk_on,risk_on,8.194125858713999e-133,1.8274031233139904e-119,1.0,2004-09-01,2000-09-01,2004-08-31,1002.0,risk_on
2004-09-14,risk_on,risk_on,9.707934000171706e-130,8.476322204563394e-104,1.0,2004-09-01,2000-09-01,2004-08-31,1002.0,risk_on
2004-09-15,risk_on,risk_on,5.337140377148533e-119,1.5631879641130983e-100,1.0,2004-09-01,2000-09-01,2004-08-31,1002.0,risk_on
2004-09-16,risk_on,risk_on,2.484345337231049e-115,4.871578941660773e-103,1.0,2004-09-01,2000-09-01,2004-08-31,1002.0,risk_on
2004-09-17,risk_on,risk_on,1.0108928961154662e-116,1.1389095772579514e-99,1.0,2004-09-01,2000-09-01,2004-08-31,1002.0,risk_on
2004-09-20,risk_on,risk_on,5.101446388438513e-122,6.482068591527814e-100,1.0,2004-09-01,2000-09-01,2004-08-31,1002.0,risk_on
2004-09-21,risk_on,risk_on,4.349505587258032e-115,9.593665170865471e-96,1.0,2004-09-01,2000-09-01,2004-08-31,1002.0,risk_on
2004-09-22,risk_on,risk_on,1.3038085084405358e-127,2.1551902732973176e-103,1.0,2004-09-01,2000-09-01,2004-08-31,1002.0,risk_on
2004-09-23,risk_on,risk_on,5.1294263343724004e-130,3.4464303767518135e-104,1.0,2004-09-01,2000-09-01,2004-08-31,1002.0,risk_on
2004-09-24,risk_on,risk_on,1.2848785852281133e-147,7.401453154668084e-108,1.0,2004-09-01,2000-09-01,2004-08-31,1002.0,risk_on
2004-09-27,risk_on,risk_on,3.4475959053463894e-158,1.0601352339713484e-112,1.0,2004-09-01,2000-09-01,2004-08-31,1002.0,risk_on
2004-09-28,risk_on,risk_on,1.5124573503630127e-165,1.733108649004087e-109,1.0,2004-09-01,2000-09-01,2004-08-31,1002.0,risk_on
2004-09-29,risk_on,risk_on,2.230690506265437e-166,2.5138319114267445e-106,1.0,2004-09-01,2000-09-01,2004-08-31,1002.0,risk_on
2004-09-30,risk_on,risk_on,6.18530023223828e-162,8.463509747640949e-104,1.0,2004-09-01,2000-09-01,2004-08-31,1002.0,risk_on
2004-10-01,risk_on,risk_on,8.292827774626647e-195,1.1172684477035901e-113,1.0,2004-10-01,2000-09-01,2004-09-30,1023.0,risk_on
2004-10-04,risk_on,risk_on,1.489625737033471e-186,5.603208917670486e-110,1.0,2004-10-01,2000-09-01,2004-09-30,1023.0,risk_on
2004-10-05,risk_on,risk_on,9.034668474567337e-186,1.179550177238392e-114,1.0,2004-10-01,2000-09-01,2004-09-30,1023.0,risk_on
2004-10-06,risk_on,risk_on,4.71185255030365e-194,3.6475129041534865e-121,1.0,2004-10-01,2000-09-01,2004-09-30,1023.0,risk_on
2004-10-07,risk_on,risk_on,1.555041566564849e-200,3.8964533104757275e-126,1.0,2004-10-01,2000-09-01,2004-09-30,1023.0,risk_on
2004-10-08,risk_on,risk_on,2.4434142596178315e-209,8.41063694663593e-126,1.0,2004-10-01,2000-09-01,2004-09-30,1023.0,risk_on
2004-10-11,risk_on,risk_on,1.1658567442303465e-200,9.002028590888539e-129,1.0,2004-10-01,2000-09-01,2004-09-30,1023.0,risk_on
2004-10-12,risk_on,risk_on,6.113705934697955e-199,1.662753893100158e-128,1.0,2004-10-01,2000-09-01,2004-09-30,1023.0,risk_on
2004-10-13,risk_on,risk_on,1.6204238421756274e-206,6.815108490229385e-128,1.0,2004-10-01,2000-09-01,2004-09-30,1023.0,risk_on
2004-10-14,risk_on,risk_on,4.2058205807261236e-195,2.955526333045259e-122,1.0,2004-10-01,2000-09-01,2004-09-30,1023.0,risk_on
2004-10-15,risk_on,risk_on,9.834902561941829e-210,2.0529459801188606e-123,1.0,2004-10-01,2000-09-01,2004-09-30,1023.0,risk_on
2004-10-18,risk_on,risk_on,4.397793324737525e-189,8.929711960557158e-110,1.0,2004-10-01,2000-09-01,2004-09-30,1023.0,risk_on
2004-10-19,risk_on,risk_on,9.138973345564706e-194,1.4296265586471958e-104,1.0,2004-10-01,2000-09-01,2004-09-30,1023.0,risk_on
2004-10-20,risk_on,risk_on,5.102465515912889e-191,1.962536171297521e-104,1.0,2004-10-01,2000-09-01,2004-09-30,1023.0,risk_on
2004-10-21,risk_on,risk_on,1.2989701794067211e-189,1.0419595717348612e-92,1.0,2004-10-01,2000-09-01,2004-09-30,1023.0,risk_on
2004-10-22,risk_on,risk_on,7.580047496571684e-201,7.091391026299144e-102,1.0,2004-10-01,2000-09-01,2004-09-30,1023.0,risk_on
2004-10-25,risk_on,risk_on,5.856566417843776e-191,2.4983279519686745e-97,1.0,2004-10-01,2000-09-01,2004-09-30,1023.0,risk_on
2004-10-26,risk_on,risk_on,5.73344026668056e-187,8.268426652025545e-98,1.0,2004-10-01,2000-09-01,2004-09-30,1023.0,risk_on
2004-10-27,risk_on,risk_on,2.580401235593631e-184,1.4347257593404385e-85,1.0,2004-10-01,2000-09-01,2004-09-30,1023.0,risk_on
2004-10-28,risk_on,risk_on,5.875228075408452e-165,4.0519566600115526e-78,1.0,2004-10-01,2000-09-01,2004-09-30,1023.0,risk_on
2004-10-29,risk_on,risk_on,2.221134865118696e-165,1.341925123811519e-78,1.0,2004-10-01,2000-09-01,2004-09-30,1023.0,risk_on
2004-11-01,risk_on,risk_on,6.308527476392044e-64,5.9625413010947705e-80,1.0,2004-11-01,2000-09-01,2004-10-29,1044.0,risk_on
2004-11-02,risk_on,risk_on,9.865733187093242e-69,3.1721990008698323e-80,1.0,2004-11-01,2000-09-01,2004-10-29,1044.0,risk_on
2004-11-03,risk_on,risk_on,2.420184214918785e-72,4.254751273485912e-79,1.0,2004-11-01,2000-09-01,2004-10-29,1044.0,risk_on
2004-11-04,risk_on,risk_on,2.5112871661585565e-74,2.4677879193518205e-83,1.0,2004-11-01,2000-09-01,2004-10-29,1044.0,risk_on
2004-11-05,risk_on,risk_on,7.288922087721035e-75,1.4694470850173422e-82,1.0,2004-11-01,2000-09-01,2004-10-29,1044.0,risk_on
2004-11-08,risk_on,risk_on,2.008155752104798e-71,1.0624776483849911e-86,1.0,2004-11-01,2000-09-01,2004-10-29,1044.0,risk_on
2004-11-09,risk_on,risk_on,9.178157922696673e-76,5.779398547144994e-90,1.0,2004-11-01,2000-09-01,2004-10-29,1044.0,risk_on
2004-11-10,risk_on,risk_on,1.0813737751256298e-74,3.861357408865776e-87,1.0,2004-11-01,2000-09-01,2004-10-29,1044.0,risk_on
2004-11-11,risk_on,risk_on,1.4312651623604735e-77,1.4789801990483434e-89,1.0,2004-11-01,2000-09-01,2004-10-29,1044.0,risk_on
2004-11-12,risk_on,risk_on,2.1573109996746263e-78,2.281393181331511e-88,1.0,2004-11-01,2000-09-01,2004-10-29,1044.0,risk_on
2004-11-15,risk_on,risk_on,7.036310674705347e-71,4.858404933971575e-88,1.0,2004-11-01,2000-09-01,2004-10-29,1044.0,risk_on
2004-11-16,risk_on,risk_on,8.609024954620074e-72,1.3969136139683223e-91,1.0,2004-11-01,2000-09-01,2004-10-29,1044.0,risk_on
2004-11-17,risk_on,risk_on,5.22311356768747e-73,1.4952904770796554e-85,1.0,2004-11-01,2000-09-01,2004-10-29,1044.0,risk_on
2004-11-18,risk_on,risk_on,5.731763515933115e-71,1.9959890421142156e-88,1.0,2004-11-01,2000-09-01,2004-10-29,1044.0,risk_on
2004-11-19,risk_on,risk_on,5.774689344537348e-70,1.4975137271150063e-82,1.0,2004-11-01,2000-09-01,2004-10-29,1044.0,risk_on
2004-11-22,risk_on,risk_on,3.2544087786805896e-64,5.713383434335085e-80,1.0,2004-11-01,2000-09-01,2004-10-29,1044.0,risk_on
2004-11-23,risk_on,risk_on,4.270764113931586e-62,2.542316379564589e-78,1.0,2004-11-01,2000-09-01,2004-10-29,1044.0,risk_on
2004-11-24,risk_on,risk_on,7.4763261115332755e-59,1.0910534379802219e-73,1.0,2004-11-01,2000-09-01,2004-10-29,1044.0,risk_on
2004-11-26,risk_on,risk_on,6.97113397260166e-52,4.780834365245273e-67,1.0,2004-11-01,2000-09-01,2004-10-29,1044.0,risk_on
2004-11-29,risk_on,risk_on,1.1739641383477801e-51,4.932847971785154e-63,1.0,2004-11-01,2000-09-01,2004-10-29,1044.0,risk_on
2004-11-30,risk_on,risk_on,1.726475297533773e-52,5.110861298594989e-67,1.0,2004-11-01,2000-09-01,2004-10-29,1044.0,risk_on
2004-12-01,risk_on,risk_on,1.5824095639252594e-109,4.668430828999794e-217,1.0,2004-12-01,2000-09-01,2004-11-30,1065.0,risk_on
2004-12-02,risk_on,risk_on,4.221507917272231e-116,1.0314093257900855e-226,1.0,2004-12-01,2000-09-01,2004-11-30,1065.0,risk_on
2004-12-03,risk_on,risk_on,1.6279750631432733e-128,1.6141626657664505e-229,1.0,2004-12-01,2000-09-01,2004-11-30,1065.0,risk_on
2004-12-06,risk_on,risk_on,2.5813346983433846e-123,3.1228258091063034e-212,1.0,2004-12-01,2000-09-01,2004-11-30,1065.0,risk_on
2004-12-07,risk_on,risk_on,2.660023769530989e-136,6.75995692321285e-242,1.0,2004-12-01,2000-09-01,2004-11-30,1065.0,risk_on
2004-12-08,risk_on,risk_on,7.158519737230591e-136,1.2586130595380064e-219,1.0,2004-12-01,2000-09-01,2004-11-30,1065.0,risk_on
2004-12-09,risk_on,risk_on,2.6121483928374136e-129,4.5544912902212955e-228,1.0,2004-12-01,2000-09-01,2004-11-30,1065.0,risk_on
2004-12-10,risk_on,risk_on,8.944586229286162e-140,1.0844966650717979e-238,1.0,2004-12-01,2000-09-01,2004-11-30,1065.0,risk_on
2004-12-13,risk_on,risk_on,6.950240201313943e-138,1.355524189440794e-230,1.0,2004-12-01,2000-09-01,2004-11-30,1065.0,risk_on
2004-12-14,risk_on,risk_on,3.424561123692785e-144,2.7489936571951485e-237,1.0,2004-12-01,2000-09-01,2004-11-30,1065.0,risk_on
2004-12-15,risk_on,risk_on,1.908715803326427e-136,6.743792623641245e-235,1.0,2004-12-01,2000-09-01,2004-11-30,1065.0,risk_on
2004-12-16,risk_on,risk_on,2.768248565019704e-141,9.586993504032426e-234,1.0,2004-12-01,2000-09-01,2004-11-30,1065.0,risk_on
2004-12-17,risk_on,risk_on,2.045988611221835e-133,2.866440436236088e-234,1.0,2004-12-01,2000-09-01,2004-11-30,1065.0,risk_on
2004-12-20,risk_on,risk_on,2.603007078144156e-139,7.46872909448169e-242,1.0,2004-12-01,2000-09-01,2004-11-30,1065.0,risk_on
2004-12-21,risk_on,risk_on,3.531915317062965e-148,5.228451817616238e-244,1.0,2004-12-01,2000-09-01,2004-11-30,1065.0,risk_on
2004-12-22,risk_on,risk_on,1.1973739270552222e-151,1.221351151700503e-245,1.0,2004-12-01,2000-09-01,2004-11-30,1065.0,risk_on
2004-12-23,risk_on,risk_on,1.2749842199523016e-156,9.729257346571978e-252,1.0,2004-12-01,2000-09-01,2004-11-30,1065.0,risk_on
2004-12-27,risk_on,risk_on,2.0012519178522183e-163,6.503511943881509e-261,1.0,2004-12-01,2000-09-01,2004-11-30,1065.0,risk_on
2004-12-28,risk_on,risk_on,2.3352976211502776e-160,6.551812669415397e-255,1.0,2004-12-01,2000-09-01,2004-11-30,1065.0,risk_on
2004-12-29,risk_on,risk_on,2.7478503378207166e-159,1.2049834743427818e-248,1.0,2004-12-01,2000-09-01,2004-11-30,1065.0,risk_on
2004-12-30,risk_on,risk_on,6.911608155585854e-164,1.7203014006035965e-243,1.0,2004-12-01,2000-09-01,2004-11-30,1065.0,risk_on
2004-12-31,risk_on,risk_on,7.093987656759197e-154,3.771222183678421e-216,1.0,2004-12-01,2000-09-01,2004-11-30,1065.0,risk_on
2005-01-03,risk_on,risk_on,2.86574569368992e-136,2.2035044054664953e-86,1.0,2005-01-03,2000-09-01,2004-12-31,1087.0,risk_on
2005-01-04,risk_on,risk_on,5.667553058634448e-153,1.1949778034890291e-89,1.0,2005-01-03,2000-09-01,2004-12-31,1087.0,risk_on
2005-01-05,risk_on,risk_on,9.407934143939662e-148,1.5165638658639643e-86,1.0,2005-01-03,2000-09-01,2004-12-31,1087.0,risk_on
2005-01-06,risk_on,risk_on,2.235792968947155e-150,7.4179524604334e-93,1.0,2005-01-03,2000-09-01,2004-12-31,1087.0,risk_on
2005-01-07,risk_on,risk_on,3.1112472545908877e-153,3.7527577758847003e-94,1.0,2005-01-03,2000-09-01,2004-12-31,1087.0,risk_on
2005-01-10,risk_on,risk_on,3.1669364426338442e-146,1.0479631487415457e-91,1.0,2005-01-03,2000-09-01,2004-12-31,1087.0,risk_on
2005-01-11,risk_on,risk_on,5.161431722448507e-155,8.909146994414706e-94,1.0,2005-01-03,2000-09-01,2004-12-31,1087.0,risk_on
2005-01-12,risk_on,risk_on,3.308217263721601e-158,6.047642934531554e-94,1.0,2005-01-03,2000-09-01,2004-12-31,1087.0,risk_on
2005-01-13,risk_on,risk_on,6.8816842089384645e-158,2.2011282367422146e-93,1.0,2005-01-03,2000-09-01,2004-12-31,1087.0,risk_on
2005-01-14,risk_on,risk_on,4.5499606091098275e-149,1.2637568348749472e-87,1.0,2005-01-03,2000-09-01,2004-12-31,1087.0,risk_on
2005-01-18,risk_on,risk_on,1.4456362482368724e-144,8.75421955732436e-83,1.0,2005-01-03,2000-09-01,2004-12-31,1087.0,risk_on
2005-01-19,risk_on,risk_on,2.549240736971725e-140,1.662537099899449e-80,1.0,2005-01-03,2000-09-01,2004-12-31,1087.0,risk_on
2005-01-20,risk_on,risk_on,1.5891801736313732e-145,2.709778485020016e-81,1.0,2005-01-03,2000-09-01,2004-12-31,1087.0,risk_on
2005-01-21,risk_on,risk_on,1.1080526688911567e-150,1.999533683229157e-80,1.0,2005-01-03,2000-09-01,2004-12-31,1087.0,risk_on
2005-01-24,risk_on,risk_on,1.3938788669856355e-159,1.6287302895305868e-87,1.0,2005-01-03,2000-09-01,2004-12-31,1087.0,risk_on
2005-01-25,risk_on,risk_on,1.0094319741919748e-168,9.396159887729738e-91,1.0,2005-01-03,2000-09-01,2004-12-31,1087.0,risk_on
2005-01-26,risk_on,risk_on,1.2283905446189745e-169,1.0739726744965728e-91,1.0,2005-01-03,2000-09-01,2004-12-31,1087.0,risk_on
2005-01-27,risk_on,risk_on,4.054607144792101e-167,5.273418863505519e-86,1.0,2005-01-03,2000-09-01,2004-12-31,1087.0,risk_on
2005-01-28,risk_on,risk_on,1.8672023459256883e-155,4.941352957940647e-81,1.0,2005-01-03,2000-09-01,2004-12-31,1087.0,risk_on
2005-01-31,risk_on,risk_on,2.543798829103056e-157,3.9302847676684455e-80,1.0,2005-01-03,2000-09-01,2004-12-31,1087.0,risk_on
2005-02-01,risk_on,risk_off,1.0,7.69747842440509e-110,6.59082049934187e-40,2005-02-01,2000-09-01,2005-01-31,1107.0,risk_on
2005-02-02,risk_on,risk_off,1.0,2.1727167251730124e-117,2.6550767522450326e-40,2005-02-01,2000-09-01,2005-01-31,1107.0,risk_off
2005-02-03,risk_on,risk_off,1.0,3.424003125934472e-120,1.3616393280915108e-37,2005-02-01,2000-09-01,2005-01-31,1107.0,risk_off
2005-02-04,risk_on,risk_off,1.0,2.01063138696603e-120,4.246549047109205e-40,2005-02-01,2000-09-01,2005-01-31,1107.0,risk_off
2005-02-07,risk_on,risk_off,1.0,1.3238929536906838e-112,8.858890132448298e-41,2005-02-01,2000-09-01,2005-01-31,1107.0,risk_off
2005-02-08,risk_on,risk_off,1.0,5.821959770401512e-115,1.3029978842381512e-41,2005-02-01,2000-09-01,2005-01-31,1107.0,risk_off
2005-02-09,risk_on,risk_off,1.0,1.580165496726392e-116,2.5317276750703416e-41,2005-02-01,2000-09-01,2005-01-31,1107.0,risk_off
2005-02-10,risk_on,risk_off,1.0,4.1368897324649684e-123,1.706985569537311e-39,2005-02-01,2000-09-01,2005-01-31,1107.0,risk_off
2005-02-11,risk_on,risk_off,1.0,2.4136641937048856e-116,8.583817006967264e-41,2005-02-01,2000-09-01,2005-01-31,1107.0,risk_off
2005-02-14,risk_on,risk_off,1.0,3.758782890116184e-115,8.180397318415467e-44,2005-02-01,2000-09-01,2005-01-31,1107.0,risk_off
2005-02-15,risk_on,risk_off,1.0,4.405229160205414e-101,1.7332085587557437e-23,2005-02-01,2000-09-01,2005-01-31,1107.0,risk_off
2005-02-16,risk_on,risk_off,1.0,2.7394999785077386e-95,1.1482530791546566e-22,2005-02-01,2000-09-01,2005-01-31,1107.0,risk_off
2005-02-17,risk_on,risk_off,1.0,8.271098905748043e-105,5.89459321853577e-21,2005-02-01,2000-09-01,2005-01-31,1107.0,risk_off
2005-02-18,risk_on,risk_off,1.0,1.0021244746773528e-102,1.0401871558206925e-19,2005-02-01,2000-09-01,2005-01-31,1107.0,risk_off
2005-02-22,risk_on,risk_off,1.0,1.4478529818663965e-113,1.488405885101348e-16,2005-02-01,2000-09-01,2005-01-31,1107.0,risk_off
2005-02-23,risk_on,risk_off,1.0,5.816508063993294e-111,8.112584533951417e-17,2005-02-01,2000-09-01,2005-01-31,1107.0,risk_off
2005-02-24,risk_on,risk_off,1.0,3.749447403099679e-111,4.083904637659495e-18,2005-02-01,2000-09-01,2005-01-31,1107.0,risk_off
2005-02-25,risk_on,risk_off,1.0,1.9323820212350428e-113,5.261291115796427e-19,2005-02-01,2000-09-01,2005-01-31,1107.0,risk_off
2005-02-28,risk_on,risk_off,1.0,8.27989274164404e-118,2.7731597951342757e-18,2005-02-01,2000-09-01,2005-01-31,1107.0,risk_off
2005-03-01,risk_on,risk_on,1.1458903728929193e-245,0.0,1.0,2005-03-01,2000-09-01,2005-02-28,1126.0,risk_off
2005-03-02,risk_on,risk_on,2.0307965826356255e-243,0.0,1.0,2005-03-01,2000-09-01,2005-02-28,1126.0,risk_on
2005-03-03,risk_on,risk_on,2.112992266288298e-262,0.0,1.0,2005-03-01,2000-09-01,2005-02-28,1126.0,risk_on
2005-03-04,risk_on,risk_on,1.2297738946962924e-262,0.0,1.0,2005-03-01,2000-09-01,2005-02-28,1126.0,risk_on
2005-03-07,risk_on,risk_on,6.178134286335311e-274,0.0,1.0,2005-03-01,2000-09-01,2005-02-28,1126.0,risk_on
2005-03-08,risk_on,risk_on,1.1840917748750255e-282,0.0,1.0,2005-03-01,2000-09-01,2005-02-28,1126.0,risk_on
2005-03-09,risk_on,risk_on,6.660687304501124e-297,6.41620722e-316,1.0,2005-03-01,2000-09-01,2005-02-28,1126.0,risk_on
2005-03-10,risk_on,risk_on,5.8800924783005686e-288,0.0,1.0,2005-03-01,2000-09-01,2005-02-28,1126.0,risk_on
2005-03-11,risk_on,risk_on,1.3524194340004754e-299,9e-323,1.0,2005-03-01,2000-09-01,2005-02-28,1126.0,risk_on
2005-03-14,risk_on,risk_on,1.3253495467008904e-289,1.57398e-318,1.0,2005-03-01,2000-09-01,2005-02-28,1126.0,risk_on
2005-03-15,risk_on,risk_on,9.626638960758282e-291,4e-323,1.0,2005-03-01,2000-09-01,2005-02-28,1126.0,risk_on
2005-03-16,risk_on,risk_on,2.3473724271374997e-300,0.0,1.0,2005-03-01,2000-09-01,2005-02-28,1126.0,risk_on
2005-03-17,risk_on,risk_on,5.902561684205147e-296,0.0,1.0,2005-03-01,2000-09-01,2005-02-28,1126.0,risk_on
2005-03-18,risk_on,risk_on,5.156362645578222e-286,2.7190549003197115e-307,1.0,2005-03-01,2000-09-01,2005-02-28,1126.0,risk_on
2005-03-21,risk_on,risk_on,1.4303096676800833e-284,1.828042868457e-312,1.0,2005-03-01,2000-09-01,2005-02-28,1126.0,risk_on
2005-03-22,risk_on,risk_on,4.215742238075135e-287,1.44864489e-315,1.0,2005-03-01,2000-09-01,2005-02-28,1126.0,risk_on
2005-03-23,risk_on,risk_on,9.80767796608627e-252,4.1900000217049095e-307,1.0,2005-03-01,2000-09-01,2005-02-28,1126.0,risk_on
2005-03-24,risk_on,risk_on,3.246794711879078e-256,1.852394834936781e-306,1.0,2005-03-01,2000-09-01,2005-02-28,1126.0,risk_on
2005-03-28,risk_on,risk_on,7.50301285284939e-259,3.4129692457591065e-279,1.0,2005-03-01,2000-09-01,2005-02-28,1126.0,risk_on
2005-03-29,risk_on,risk_on,3.675161092767862e-254,1.491143321399351e-275,1.0,2005-03-01,2000-09-01,2005-02-28,1126.0,risk_on
2005-03-30,risk_on,risk_on,2.276809264041129e-249,3.8795371041038156e-283,1.0,2005-03-01,2000-09-01,2005-02-28,1126.0,risk_on
2005-03-31,risk_on,risk_on,4.244680931111966e-243,1.1194971152654848e-285,1.0,2005-03-01,2000-09-01,2005-02-28,1126.0,risk_on
2005-04-01,risk_on,risk_on,1.0312556065737626e-288,3.854940479339956e-93,1.0,2005-04-01,2000-09-01,2005-03-31,1148.0,risk_on
2005-04-04,risk_on,risk_on,3.137462277182036e-267,9.929786915065557e-87,1.0,2005-04-01,2000-09-01,2005-03-31,1148.0,risk_on
2005-04-05,risk_on,risk_on,2.855309526116515e-256,4.171754349885318e-82,1.0,2005-04-01,2000-09-01,2005-03-31,1148.0,risk_on
2005-04-06,risk_on,risk_on,1.8406443669817267e-247,1.4526964265161199e-89,1.0,2005-04-01,2000-09-01,2005-03-31,1148.0,risk_on
2005-04-07,risk_on,risk_on,4.493868484349683e-241,3.999768253502169e-87,1.0,2005-04-01,2000-09-01,2005-03-31,1148.0,risk_on
2005-04-08,risk_on,risk_on,6.271760116764703e-249,1.1957765819595157e-101,1.0,2005-04-01,2000-09-01,2005-03-31,1148.0,risk_on
2005-04-11,risk_on,risk_on,1.8493697110523037e-239,1.8340077938165096e-98,1.0,2005-04-01,2000-09-01,2005-03-31,1148.0,risk_on
2005-04-12,risk_on,risk_on,6.325005796978828e-268,1.4457664011346245e-104,1.0,2005-04-01,2000-09-01,2005-03-31,1148.0,risk_on
2005-04-13,risk_on,risk_on,3.209900613662914e-266,6.866156149677924e-110,1.0,2005-04-01,2000-09-01,2005-03-31,1148.0,risk_on
2005-04-14,risk_on,risk_on,1.9864179474906793e-274,1.8298738133378196e-104,1.0,2005-04-01,2000-09-01,2005-03-31,1148.0,risk_on
2005-04-15,risk_on,risk_on,4.210042565643572e-293,1.4290461512090395e-116,1.0,2005-04-01,2000-09-01,2005-03-31,1148.0,risk_on
2005-04-18,risk_on,risk_on,5.884793028170947e-272,2.2646872430835846e-114,1.0,2005-04-01,2000-09-01,2005-03-31,1148.0,risk_on
2005-04-19,risk_on,risk_on,5.71071672410062e-265,1.4028114169929693e-117,1.0,2005-04-01,2000-09-01,2005-03-31,1148.0,risk_on
2005-04-20,risk_on,risk_on,2.0491861167046295e-273,1.413919318843426e-122,1.0,2005-04-01,2000-09-01,2005-03-31,1148.0,risk_on
2005-04-21,risk_on,risk_on,2.033689941803124e-275,5.9225241580308565e-127,1.0,2005-04-01,2000-09-01,2005-03-31,1148.0,risk_on
2005-04-22,risk_on,risk_on,3.5861049229264855e-288,7.752281011028959e-134,1.0,2005-04-01,2000-09-01,2005-03-31,1148.0,risk_on
2005-04-25,risk_on,risk_on,3.631198367836122e-273,1.1337989121020783e-129,1.0,2005-04-01,2000-09-01,2005-03-31,1148.0,risk_on
2005-04-26,risk_on,risk_on,9.483260011667033e-262,2.0806666611732247e-123,1.0,2005-04-01,2000-09-01,2005-03-31,1148.0,risk_on
2005-04-27,risk_on,risk_on,8.839314884379405e-274,4.305182398021462e-126,1.0,2005-04-01,2000-09-01,2005-03-31,1148.0,risk_on
2005-04-28,risk_on,risk_on,6.633909202102652e-263,8.155142373715074e-115,1.0,2005-04-01,2000-09-01,2005-03-31,1148.0,risk_on
2005-04-29,risk_on,risk_on,1.6406803403718301e-304,2.1508080266571006e-127,1.0,2005-04-01,2000-09-01,2005-03-31,1148.0,risk_on
2005-05-02,risk_on,risk_on,1.2303281144050733e-220,6.439663062755952e-132,1.0,2005-05-02,2000-09-01,2005-04-29,1169.0,risk_on
2005-05-03,risk_on,risk_on,2.7764805808459543e-230,6.7664182343166834e-133,1.0,2005-05-02,2000-09-01,2005-04-29,1169.0,risk_on
2005-05-04,risk_on,risk_on,1.3186192475960923e-219,5.350710708784799e-131,1.0,2005-05-02,2000-09-01,2005-04-29,1169.0,risk_on
2005-05-05,risk_on,risk_on,2.9016435460144667e-210,1.8942518860280586e-127,1.0,2005-05-02,2000-09-01,2005-04-29,1169.0,risk_on
2005-05-06,risk_on,risk_on,2.4826815644315605e-214,2.5857764205424636e-134,1.0,2005-05-02,2000-09-01,2005-04-29,1169.0,risk_on
2005-05-09,risk_on,risk_on,2.271211150877138e-208,4.801126736557611e-137,1.0,2005-05-02,2000-09-01,2005-04-29,1169.0,risk_on
2005-05-10,risk_on,risk_on,5.002724474346323e-206,5.390626499745027e-134,1.0,2005-05-02,2000-09-01,2005-04-29,1169.0,risk_on
2005-05-11,risk_on,risk_on,2.133267531438981e-203,4.567836967018688e-123,1.0,2005-05-02,2000-09-01,2005-04-29,1169.0,risk_on
2005-05-12,risk_on,risk_on,2.982250039831985e-197,1.4176886135725367e-121,1.0,2005-05-02,2000-09-01,2005-04-29,1169.0,risk_on
2005-05-13,risk_on,risk_on,1.628753550821394e-195,2.564005401987368e-121,1.0,2005-05-02,2000-09-01,2005-04-29,1169.0,risk_on
2005-05-16,risk_on,risk_on,7.876594115603896e-179,8.124095122586794e-125,1.0,2005-05-02,2000-09-01,2005-04-29,1169.0,risk_on
2005-05-17,risk_on,risk_on,4.598777075486849e-180,2.4388312981711753e-122,1.0,2005-05-02,2000-09-01,2005-04-29,1169.0,risk_on
2005-05-18,risk_on,risk_on,6.826252849292559e-188,2.177632043727514e-120,1.0,2005-05-02,2000-09-01,2005-04-29,1169.0,risk_on
2005-05-19,risk_on,risk_on,1.558367005346577e-190,1.848985799805218e-128,1.0,2005-05-02,2000-09-01,2005-04-29,1169.0,risk_on
2005-05-20,risk_on,risk_on,3.9989863144568987e-185,8.032337553256334e-130,1.0,2005-05-02,2000-09-01,2005-04-29,1169.0,risk_on
2005-05-23,risk_on,risk_on,7.849103770799717e-184,2.395487052282543e-124,1.0,2005-05-02,2000-09-01,2005-04-29,1169.0,risk_on
2005-05-24,risk_on,risk_on,7.198193615383086e-179,4.310230531686174e-121,1.0,2005-05-02,2000-09-01,2005-04-29,1169.0,risk_on
2005-05-25,risk_on,risk_on,2.483943871209393e-180,5.61288905110785e-122,1.0,2005-05-02,2000-09-01,2005-04-29,1169.0,risk_on
2005-05-26,risk_on,risk_on,4.738561391792873e-173,1.8708127274924517e-116,1.0,2005-05-02,2000-09-01,2005-04-29,1169.0,risk_on
2005-05-27,risk_on,risk_on,1.6303720059013344e-166,1.0126099666550998e-118,1.0,2005-05-02,2000-09-01,2005-04-29,1169.0,risk_on
2005-05-31,risk_on,risk_on,1.2663695904948948e-176,1.1172542290097981e-123,1.0,2005-05-02,2000-09-01,2005-04-29,1169.0,risk_on
2005-06-01,risk_on,risk_on,3.5741176012765864e-244,9.648733586728086e-253,1.0,2005-06-01,2000-09-01,2005-05-31,1190.0,risk_on
2005-06-02,risk_on,risk_on,1.5528977226524386e-248,4.844135184399566e-254,1.0,2005-06-01,2000-09-01,2005-05-31,1190.0,risk_on
2005-06-03,risk_on,risk_on,5.992729729478959e-268,3.118215676688353e-273,1.0,2005-06-01,2000-09-01,2005-05-31,1190.0,risk_on
2005-06-06,risk_on,risk_on,6.029983507265847e-249,8.179934691595819e-257,1.0,2005-06-01,2000-09-01,2005-05-31,1190.0,risk_on
2005-06-07,risk_on,risk_on,9.768790538079505e-254,2.2041119917012713e-274,1.0,2005-06-01,2000-09-01,2005-05-31,1190.0,risk_on
2005-06-08,risk_on,risk_on,2.3841535736863855e-243,3.7910315897137506e-264,1.0,2005-06-01,2000-09-01,2005-05-31,1190.0,risk_on
2005-06-09,risk_on,risk_on,8.936517269225288e-257,9.884452129114106e-275,1.0,2005-06-01,2000-09-01,2005-05-31,1190.0,risk_on
2005-06-10,risk_on,risk_on,4.78165938742495e-270,7.412146999172515e-288,1.0,2005-06-01,2000-09-01,2005-05-31,1190.0,risk_on
2005-06-13,risk_on,risk_on,3.0345618682123503e-293,2.8457502933184526e-292,1.0,2005-06-01,2000-09-01,2005-05-31,1190.0,risk_on
2005-06-14,risk_on,risk_on,1.7887014119440997e-289,8.937690701006321e-288,1.0,2005-06-01,2000-09-01,2005-05-31,1190.0,risk_on
2005-06-15,risk_on,risk_on,6.984120219e-314,9.2306277636985e-311,1.0,2005-06-01,2000-09-01,2005-05-31,1190.0,risk_on
2005-06-16,risk_on,risk_on,1.2141336622e-313,2.103556580645018e-306,1.0,2005-06-01,2000-09-01,2005-05-31,1190.0,risk_on
2005-06-17,risk_on,risk_on,0.0,5.691035026e-314,1.0,2005-06-01,2000-09-01,2005-05-31,1190.0,risk_on
2005-06-20,risk_on,risk_on,0.0,2.7215524875411e-310,1.0,2005-06-01,2000-09-01,2005-05-31,1190.0,risk_on
2005-06-21,risk_on,risk_on,0.0,1.547478e-317,1.0,2005-06-01,2000-09-01,2005-05-31,1190.0,risk_on
2005-06-22,risk_on,risk_on,0.0,1.423847773358687e-308,1.0,2005-06-01,2000-09-01,2005-05-31,1190.0,risk_on
2005-06-23,risk_on,risk_on,0.0,0.0,1.0,2005-06-01,2000-09-01,2005-05-31,1190.0,risk_on
2005-06-24,risk_on,risk_on,0.0,0.0,1.0,2005-06-01,2000-09-01,2005-05-31,1190.0,risk_on
2005-06-27,risk_on,risk_on,6.675609e-317,1.367071291054e-310,1.0,2005-06-01,2000-09-01,2005-05-31,1190.0,risk_on
2005-06-28,risk_on,risk_on,3.759610465260763e-301,1.457983349952366e-309,1.0,2005-06-01,2000-09-01,2005-05-31,1190.0,risk_on
2005-06-29,risk_on,risk_on,1.0043509956215858e-286,6.922878845695918e-308,1.0,2005-06-01,2000-09-01,2005-05-31,1190.0,risk_on
2005-06-30,risk_on,risk_on,5.993917470303276e-267,3.9337359922255155e-305,1.0,2005-06-01,2000-09-01,2005-05-31,1190.0,risk_on
2005-07-01,risk_on,neutral,9.926114005679168e-184,1.0,1.379289146288828e-118,2005-07-01,2000-09-01,2005-06-30,1212.0,risk_on
2005-07-05,risk_on,neutral,4.520521504183364e-178,1.0,6.091785449226674e-114,2005-07-01,2000-09-01,2005-06-30,1212.0,neutral
2005-07-06,risk_on,neutral,2.2150131247462634e-186,1.0,3.9413640803314767e-119,2005-07-01,2000-09-01,2005-06-30,1212.0,neutral
2005-07-07,risk_on,neutral,3.739346127207015e-189,1.0,1.4110790884925012e-113,2005-07-01,2000-09-01,2005-06-30,1212.0,neutral
2005-07-08,risk_on,neutral,9.881620964038013e-189,1.0,2.3847880813825544e-119,2005-07-01,2000-09-01,2005-06-30,1212.0,neutral
2005-07-11,risk_on,neutral,1.6788825193756535e-174,1.0,1.4948828156818176e-118,2005-07-01,2000-09-01,2005-06-30,1212.0,neutral
2005-07-12,risk_on,neutral,2.914280076390632e-171,1.0,1.3366066456717757e-122,2005-07-01,2000-09-01,2005-06-30,1212.0,neutral
2005-07-13,risk_on,neutral,9.777315090045609e-158,1.0,2.384207824387545e-118,2005-07-01,2000-09-01,2005-06-30,1212.0,neutral
2005-07-14,risk_on,neutral,2.232259142638901e-154,1.0,2.923798351601104e-112,2005-07-01,2000-09-01,2005-06-30,1212.0,neutral
2005-07-15,risk_on,neutral,1.7923761074558637e-144,1.0,1.0814853109722594e-113,2005-07-01,2000-09-01,2005-06-30,1212.0,neutral
2005-07-18,risk_on,neutral,1.5988014334459838e-134,1.0,1.9870297932688546e-101,2005-07-01,2000-09-01,2005-06-30,1212.0,neutral
2005-07-19,risk_on,neutral,4.326672666329366e-139,1.0,1.2026236686561977e-102,2005-07-01,2000-09-01,2005-06-30,1212.0,neutral
2005-07-20,risk_on,neutral,4.829607902703126e-146,1.0,3.969284437418911e-107,2005-07-01,2000-09-01,2005-06-30,1212.0,neutral
2005-07-21,risk_on,neutral,1.2181001403011341e-147,1.0,3.3946090175452456e-102,2005-07-01,2000-09-01,2005-06-30,1212.0,neutral
2005-07-22,risk_on,neutral,8.98998829783823e-139,1.0,8.291976363117079e-102,2005-07-01,2000-09-01,2005-06-30,1212.0,neutral
2005-07-25,risk_on,neutral,1.908625159334216e-136,1.0,2.1384181136620927e-105,2005-07-01,2000-09-01,2005-06-30,1212.0,neutral
2005-07-26,risk_on,neutral,1.697886759460164e-135,1.0,7.907455549311547e-102,2005-07-01,2000-09-01,2005-06-30,1212.0,neutral
2005-07-27,risk_on,neutral,7.265205622706865e-130,1.0,1.0070754097293386e-103,2005-07-01,2000-09-01,2005-06-30,1212.0,neutral
2005-07-28,risk_on,neutral,6.788974919381333e-128,1.0,2.4716395664395557e-108,2005-07-01,2000-09-01,2005-06-30,1212.0,neutral
2005-07-29,risk_on,neutral,5.76394390563193e-134,1.0,1.0390505018386627e-111,2005-07-01,2000-09-01,2005-06-30,1212.0,neutral
2005-08-01,risk_on,risk_on,2.7503050243372588e-195,2.2885382715629402e-247,1.0,2005-08-01,2000-09-01,2005-07-29,1232.0,neutral
2005-08-02,risk_on,risk_on,1.851825704242185e-185,1.6059372573204564e-234,1.0,2005-08-01,2000-09-01,2005-07-29,1232.0,risk_on
2005-08-03,risk_on,risk_on,7.685946003419642e-174,2.0906755329176107e-233,1.0,2005-08-01,2000-09-01,2005-07-29,1232.0,risk_on
2005-08-04,risk_on,risk_on,1.5909026404349156e-175,3.0373742084538144e-235,1.0,2005-08-01,2000-09-01,2005-07-29,1232.0,risk_on
2005-08-05,risk_on,risk_on,1.1896346222947452e-182,2.939444794078012e-237,1.0,2005-08-01,2000-09-01,2005-07-29,1232.0,risk_on
2005-08-08,risk_on,risk_on,2.749700044533012e-194,6.44814319117177e-246,1.0,2005-08-01,2000-09-01,2005-07-29,1232.0,risk_on
2005-08-09,risk_on,risk_on,8.145404850668783e-189,1.9024557008285357e-242,1.0,2005-08-01,2000-09-01,2005-07-29,1232.0,risk_on
2005-08-10,risk_on,risk_on,4.762792700943816e-200,1.9737297768808993e-238,1.0,2005-08-01,2000-09-01,2005-07-29,1232.0,risk_on
2005-08-11,risk_on,risk_on,8.48394162465014e-202,1.2298099356940766e-235,1.0,2005-08-01,2000-09-01,2005-07-29,1232.0,risk_on
2005-08-12,risk_on,risk_on,3.582043596164682e-221,5.876959471899414e-246,1.0,2005-08-01,2000-09-01,2005-07-29,1232.0,risk_on
2005-08-15,risk_on,risk_on,9.528321225374807e-220,4.20673027187892e-254,1.0,2005-08-01,2000-09-01,2005-07-29,1232.0,risk_on
2005-08-16,risk_on,risk_on,7.972889239854265e-244,2.916227631432736e-269,1.0,2005-08-01,2000-09-01,2005-07-29,1232.0,risk_on
2005-08-17,risk_on,risk_on,1.570292787889874e-224,2.903217707042336e-259,1.0,2005-08-01,2000-09-01,2005-07-29,1232.0,risk_on
2005-08-18,risk_on,risk_on,3.039314934684914e-232,1.9224146245245434e-263,1.0,2005-08-01,2000-09-01,2005-07-29,1232.0,risk_on
2005-08-19,risk_on,risk_on,1.813404380512515e-240,1.3364090418087912e-265,1.0,2005-08-01,2000-09-01,2005-07-29,1232.0,risk_on
2005-08-22,risk_on,risk_on,1.78276995431873e-241,2.744363649222923e-268,1.0,2005-08-01,2000-09-01,2005-07-29,1232.0,risk_on
2005-08-23,risk_on,risk_on,3.934362043243381e-237,2.97113759562527e-269,1.0,2005-08-01,2000-09-01,2005-07-29,1232.0,risk_on
2005-08-24,risk_on,risk_on,4.456856275482872e-244,1.6616661851285778e-270,1.0,2005-08-01,2000-09-01,2005-07-29,1232.0,risk_on
2005-08-25,risk_on,risk_on,2.3883989032912133e-238,1.5548326440765362e-271,1.0,2005-08-01,2000-09-01,2005-07-29,1232.0,risk_on
2005-08-26,risk_on,risk_on,2.547308396910485e-236,1.0666767207476305e-274,1.0,2005-08-01,2000-09-01,2005-07-29,1232.0,risk_on
2005-08-29,risk_on,risk_on,3.8238425217103724e-235,8.442749999342842e-272,1.0,2005-08-01,2000-09-01,2005-07-29,1232.0,risk_on
2005-08-30,risk_on,risk_on,1.759123017499343e-240,2.3543667485463025e-274,1.0,2005-08-01,2000-09-01,2005-07-29,1232.0,risk_on
2005-08-31,risk_on,risk_on,1.0399898609073447e-223,1.5132022480720842e-260,1.0,2005-08-01,2000-09-01,2005-07-29,1232.0,risk_on
2005-09-01,risk_on,risk_off,0.9986371200125156,7.692322469192424e-196,0.0013628799874847634,2005-09-01,2000-09-01,2005-08-31,1255.0,risk_on
2005-09-02,risk_on,risk_off,0.9999873202466121,1.568433031805723e-193,1.2679753387708484e-05,2005-09-01,2000-09-01,2005-08-31,1255.0,risk_off
2005-09-06,risk_on,risk_off,0.9999998809990513,2.167630643583775e-190,1.1900094858945382e-07,2005-09-01,2000-09-01,2005-08-31,1255.0,risk_off
2005-09-07,risk_on,risk_off,0.9999999996856221,7.942886102582382e-184,3.143772918050405e-10,2005-09-01,2000-09-01,2005-08-31,1255.0,risk_off
2005-09-08,risk_on,risk_off,0.9999999450950392,5.145551657577942e-188,5.490496005664328e-08,2005-09-01,2000-09-01,2005-08-31,1255.0,risk_off
2005-09-09,risk_on,risk_off,0.9999999991881143,5.324590821256022e-181,8.118861152335818e-10,2005-09-01,2000-09-01,2005-08-31,1255.0,risk_off
2005-09-12,risk_on,risk_off,0.9999998903940639,3.764776368303777e-186,1.0960593636232508e-07,2005-09-01,2000-09-01,2005-08-31,1255.0,risk_off
2005-09-13,risk_on,risk_off,0.9999997920743627,9.928030697457354e-186,2.0792563808358173e-07,2005-09-01,2000-09-01,2005-08-31,1255.0,risk_off
2005-09-14,risk_on,risk_off,0.9999964636897811,2.368397390155799e-191,3.5363102179878666e-06,2005-09-01,2000-09-01,2005-08-31,1255.0,risk_off
2005-09-15,risk_on,risk_off,0.9997665959287765,3.4891011503971038e-208,0.0002334040712244022,2005-09-01,2000-09-01,2005-08-31,1255.0,risk_off
2005-09-16,risk_on,risk_off,0.9999557966392996,3.691008201237419e-209,4.4203360700195424e-05,2005-09-01,2000-09-01,2005-08-31,1255.0,risk_off
2005-09-19,risk_on,risk_off,0.9994690922589083,2.1198818184016533e-212,0.0005309077410921567,2005-09-01,2000-09-01,2005-08-31,1255.0,risk_off
2005-09-20,risk_on,risk_off,0.9998432615341659,2.0458340634990136e-214,0.0001567384658324135,2005-09-01,2000-09-01,2005-08-31,1255.0,risk_off
2005-09-21,risk_on,risk_off,0.9986005192452488,8.150868148160111e-221,0.0013994807547494654,2005-09-01,2000-09-01,2005-08-31,1255.0,risk_off
2005-09-22,risk_on,risk_off,0.999876202053518,1.9819202756792436e-217,0.00012379794648085531,2005-09-01,2000-09-01,2005-08-31,1255.0,risk_off
2005-09-23,risk_on,risk_off,0.9996452469408272,1.7771574266322458e-223,0.00035475305917097793,2005-09-01,2000-09-01,2005-08-31,1255.0,risk_off
2005-09-26,risk_on,risk_off,0.9999965828766738,6.940656214519408e-222,3.417123327795827e-06,2005-09-01,2000-09-01,2005-08-31,1255.0,risk_off
2005-09-27,risk_on,risk_off,0.9999972025498756,1.672177587357785e-220,2.7974501228631164e-06,2005-09-01,2000-09-01,2005-08-31,1255.0,risk_off
2005-09-28,risk_on,risk_off,0.9999999307362504,1.275776953864957e-220,6.92637478377926e-08,2005-09-01,2000-09-01,2005-08-31,1255.0,risk_off
2005-09-29,risk_on,risk_off,0.9999999432726641,5.522416213391194e-226,5.672733693609785e-08,2005-09-01,2000-09-01,2005-08-31,1255.0,risk_off
2005-09-30,risk_on,risk_off,0.9999999871224007,1.0603006420183981e-218,1.2877600931384865e-08,2005-09-01,2000-09-01,2005-08-31,1255.0,risk_off
2005-10-03,risk_on,risk_on,1.0691746503988532e-286,8.701476576764387e-150,1.0,2005-10-03,2000-09-01,2005-09-30,1276.0,risk_off
2005-10-04,risk_on,risk_on,1.77453365064543e-287,1.5300750358231937e-153,1.0,2005-10-03,2000-09-01,2005-09-30,1276.0,risk_on
2005-10-05,risk_on,risk_on,4.7539886266974273e-296,2.497710150756837e-157,1.0,2005-10-03,2000-09-01,2005-09-30,1276.0,risk_on
2005-10-06,risk_on,risk_on,2.6426540598995563e-307,6.255000859079358e-163,1.0,2005-10-03,2000-09-01,2005-09-30,1276.0,risk_on
2005-10-07,risk_on,risk_on,6.800615703982481e-295,4.6147603302819394e-154,1.0,2005-10-03,2000-09-01,2005-09-30,1276.0,risk_on
2005-10-10,risk_on,risk_on,1.757844511163543e-291,2.473615912841065e-148,1.0,2005-10-03,2000-09-01,2005-09-30,1276.0,risk_on
2005-10-11,risk_on,risk_on,8.878242212190044e-290,9.70782288181013e-139,1.0,2005-10-03,2000-09-01,2005-09-30,1276.0,risk_on
2005-10-12,risk_on,risk_on,1.0853451645555784e-299,2.490856044572328e-137,1.0,2005-10-03,2000-09-01,2005-09-30,1276.0,risk_on
2005-10-13,risk_on,risk_on,7.180084264845496e-308,1.2802809814381582e-145,1.0,2005-10-03,2000-09-01,2005-09-30,1276.0,risk_on
2005-10-14,risk_on,risk_on,3.3203836e-316,7.71742215793181e-155,1.0,2005-10-03,2000-09-01,2005-09-30,1276.0,risk_on
2005-10-17,risk_on,risk_on,1.0935424123293562e-281,8.653863140000032e-147,1.0,2005-10-03,2000-09-01,2005-09-30,1276.0,risk_on
2005-10-18,risk_on,risk_on,1.324724320263715e-300,6.595722965398556e-155,1.0,2005-10-03,2000-09-01,2005-09-30,1276.0,risk_on
2005-10-19,risk_on,risk_on,1.539069238677202e-299,1.70792716276181e-160,1.0,2005-10-03,2000-09-01,2005-09-30,1276.0,risk_on
2005-10-20,risk_on,risk_on,8.026594862326024e-309,3.514334542993881e-163,1.0,2005-10-03,2000-09-01,2005-09-30,1276.0,risk_on
2005-10-21,risk_on,risk_on,9.615695799176022e-299,1.754695938035104e-157,1.0,2005-10-03,2000-09-01,2005-09-30,1276.0,risk_on
2005-10-24,risk_on,risk_on,4.22154721277252e-289,7.885073702109086e-155,1.0,2005-10-03,2000-09-01,2005-09-30,1276.0,risk_on
2005-10-25,risk_on,risk_on,2.987406978595919e-287,1.943382391506765e-152,1.0,2005-10-03,2000-09-01,2005-09-30,1276.0,risk_on
2005-10-26,risk_on,risk_on,1.3085787474678158e-296,2.6034248004494955e-155,1.0,2005-10-03,2000-09-01,2005-09-30,1276.0,risk_on
2005-10-27,risk_on,risk_on,2.7889086309723e-311,7.152060891526885e-166,1.0,2005-10-03,2000-09-01,2005-09-30,1276.0,risk_on
2005-10-28,risk_on,risk_on,5.051589351436742e-306,2.8076302435482758e-160,1.0,2005-10-03,2000-09-01,2005-09-30,1276.0,risk_on
2005-10-31,risk_on,risk_on,6.018017423596085e-306,1.8237578670085475e-153,1.0,2005-10-03,2000-09-01,2005-09-30,1276.0,risk_on
2005-11-01,risk_on,risk_on,0.0,0.0,1.0,2005-11-01,2000-09-01,2005-10-31,1297.0,risk_on
2005-11-02,risk_on,risk_on,0.0,0.0,1.0,2005-11-01,2000-09-01,2005-10-31,1297.0,risk_on
2005-11-03,risk_on,risk_on,0.0,0.0,1.0,2005-11-01,2000-09-01,2005-10-31,1297.0,risk_on
2005-11-04,risk_on,risk_on,0.0,0.0,1.0,2005-11-01,2000-09-01,2005-10-31,1297.0,risk_on
2005-11-07,risk_on,risk_on,0.0,0.0,1.0,2005-11-01,2000-09-01,2005-10-31,1297.0,risk_on
2005-11-08,risk_on,risk_on,0.0,0.0,1.0,2005-11-01,2000-09-01,2005-10-31,1297.0,risk_on
2005-11-09,risk_on,risk_on,0.0,0.0,1.0,2005-11-01,2000-09-01,2005-10-31,1297.0,risk_on
2005-11-10,risk_on,risk_on,0.0,0.0,1.0,2005-11-01,2000-09-01,2005-10-31,1297.0,risk_on
2005-11-11,risk_on,risk_on,0.0,0.0,1.0,2005-11-01,2000-09-01,2005-10-31,1297.0,risk_on
2005-11-14,risk_on,risk_on,0.0,0.0,1.0,2005-11-01,2000-09-01,2005-10-31,1297.0,risk_on
2005-11-15,risk_on,risk_on,0.0,0.0,1.0,2005-11-01,2000-09-01,2005-10-31,1297.0,risk_on
2005-11-16,risk_on,risk_on,0.0,0.0,1.0,2005-11-01,2000-09-01,2005-10-31,1297.0,risk_on
2005-11-17,risk_on,risk_on,0.0,0.0,1.0,2005-11-01,2000-09-01,2005-10-31,1297.0,risk_on
2005-11-18,risk_on,risk_on,0.0,0.0,1.0,2005-11-01,2000-09-01,2005-10-31,1297.0,risk_on
2005-11-21,risk_on,risk_on,0.0,0.0,1.0,2005-11-01,2000-09-01,2005-10-31,1297.0,risk_on
2005-11-22,risk_on,risk_on,0.0,0.0,1.0,2005-11-01,2000-09-01,2005-10-31,1297.0,risk_on
2005-11-23,risk_on,risk_on,0.0,0.0,1.0,2005-11-01,2000-09-01,2005-10-31,1297.0,risk_on
2005-11-25,risk_on,risk_on,0.0,0.0,1.0,2005-11-01,2000-09-01,2005-10-31,1297.0,risk_on
2005-11-28,risk_on,risk_on,0.0,0.0,1.0,2005-11-01,2000-09-01,2005-10-31,1297.0,risk_on
2005-11-29,risk_on,risk_on,0.0,0.0,1.0,2005-11-01,2000-09-01,2005-10-31,1297.0,risk_on
2005-11-30,risk_on,risk_on,0.0,0.0,1.0,2005-11-01,2000-09-01,2005-10-31,1297.0,risk_on
2005-12-01,risk_on,neutral,1.0840541117977908e-239,1.0,1.190701608914064e-20,2005-12-01,2000-09-01,2005-11-30,1318.0,risk_on
2005-12-02,risk_on,neutral,2.973074354448758e-234,1.0,1.1117952033676242e-20,2005-12-01,2000-09-01,2005-11-30,1318.0,neutral
2005-12-05,risk_on,neutral,9.341102326883207e-240,1.0,6.665266377340893e-19,2005-12-01,2000-09-01,2005-11-30,1318.0,neutral
2005-12-06,risk_on,neutral,6.617127776687154e-234,1.0,3.6093587992488294e-20,2005-12-01,2000-09-01,2005-11-30,1318.0,neutral
2005-12-07,risk_on,neutral,5.454107464706889e-231,1.0,6.845863054706956e-20,2005-12-01,2000-09-01,2005-11-30,1318.0,neutral
2005-12-08,risk_on,neutral,7.960172447687803e-236,1.0,1.395190126125995e-19,2005-12-01,2000-09-01,2005-11-30,1318.0,neutral
2005-12-09,risk_on,neutral,2.5600079328821045e-236,1.0,8.668141565992182e-19,2005-12-01,2000-09-01,2005-11-30,1318.0,neutral
2005-12-12,risk_on,neutral,1.1446686376399158e-247,1.0,9.363390783073944e-18,2005-12-01,2000-09-01,2005-11-30,1318.0,neutral
2005-12-13,risk_on,neutral,1.736358491749092e-245,1.0,8.351873744889675e-18,2005-12-01,2000-09-01,2005-11-30,1318.0,neutral
2005-12-14,risk_on,neutral,2.9430311296873958e-235,1.0,6.995218610691538e-19,2005-12-01,2000-09-01,2005-11-30,1318.0,neutral
2005-12-15,risk_on,neutral,3.101161651521938e-232,1.0,1.3853058935747805e-18,2005-12-01,2000-09-01,2005-11-30,1318.0,neutral
2005-12-16,risk_on,neutral,2.6066855693735955e-165,0.999999999990802,9.198177690292856e-12,2005-12-01,2000-09-01,2005-11-30,1318.0,neutral
2005-12-19,risk_on,neutral,1.9175216580988223e-174,0.9999999999965663,3.433157172876522e-12,2005-12-01,2000-09-01,2005-11-30,1318.0,neutral
2005-12-20,risk_on,neutral,1.3010368177563849e-176,0.9999999999999645,3.49164800252911e-14,2005-12-01,2000-09-01,2005-11-30,1318.0,neutral
2005-12-21,risk_on,neutral,1.2352991646579094e-174,0.9999999999999787,2.212250384721566e-14,2005-12-01,2000-09-01,2005-11-30,1318.0,neutral
2005-12-22,risk_on,neutral,8.106322436605793e-170,0.999999999999968,3.2126129991804266e-14,2005-12-01,2000-09-01,2005-11-30,1318.0,neutral
2005-12-23,risk_on,neutral,6.83117502344065e-166,0.999999999999936,6.317793983040202e-14,2005-12-01,2000-09-01,2005-11-30,1318.0,neutral
2005-12-27,risk_on,neutral,8.016623314826007e-171,0.9999999999998153,1.838797901971551e-13,2005-12-01,2000-09-01,2005-11-30,1318.0,neutral
2005-12-28,risk_on,neutral,1.99551737500816e-178,0.9999999999997371,2.618144299623809e-13,2005-12-01,2000-09-01,2005-11-30,1318.0,neutral
2005-12-29,risk_on,neutral,3.9024300912856097e-187,0.9999999999906422,9.357267449249274e-12,2005-12-01,2000-09-01,2005-11-30,1318.0,neutral
2005-12-30,risk_on,neutral,1.436705292778611e-193,0.9999999999913722,8.627946137956503e-12,2005-12-01,2000-09-01,2005-11-30,1318.0,neutral
2006-01-03,risk_on,risk_on,4.975673815898323e-165,1.269755404e-315,1.0,2006-01-03,2000-09-01,2005-12-30,1339.0,neutral
2006-01-04,risk_on,risk_on,6.638126374262936e-157,2.8307399774204932e-306,1.0,2006-01-03,2000-09-01,2005-12-30,1339.0,risk_on
2006-01-05,risk_on,risk_on,4.598048350430176e-151,1.4260860666574592e-300,1.0,2006-01-03,2000-09-01,2005-12-30,1339.0,risk_on
2006-01-06,risk_on,risk_on,3.9081354439605464e-151,3.951961052e-314,1.0,2006-01-03,2000-09-01,2005-12-30,1339.0,risk_on
2006-01-09,risk_on,risk_on,1.5970821418573568e-152,3.14335333934725e-309,1.0,2006-01-03,2000-09-01,2005-12-30,1339.0,risk_on
2006-01-10,risk_on,risk_on,8.074797308367192e-146,1.52017290204851e-305,1.0,2006-01-03,2000-09-01,2005-12-30,1339.0,risk_on
2006-01-11,risk_on,risk_on,1.3465628202749874e-153,1.8317372862344e-310,1.0,2006-01-03,2000-09-01,2005-12-30,1339.0,risk_on
2006-01-12,risk_on,risk_on,4.021747644263063e-143,7.087786480222349e-294,1.0,2006-01-03,2000-09-01,2005-12-30,1339.0,risk_on
2006-01-13,risk_on,risk_on,7.867331193703908e-135,1.2942844636542897e-286,1.0,2006-01-03,2000-09-01,2005-12-30,1339.0,risk_on
2006-01-17,risk_on,risk_on,3.9545581379065286e-153,4.53531e-318,1.0,2006-01-03,2000-09-01,2005-12-30,1339.0,risk_on
2006-01-18,risk_on,risk_on,8.529692535762688e-147,1.98026e-319,1.0,2006-01-03,2000-09-01,2005-12-30,1339.0,risk_on
2006-01-19,risk_on,risk_on,3.3136309104640325e-153,0.0,1.0,2006-01-03,2000-09-01,2005-12-30,1339.0,risk_on
2006-01-20,risk_on,risk_on,1.884725792808269e-184,0.0,1.0,2006-01-03,2000-09-01,2005-12-30,1339.0,risk_on
2006-01-23,risk_on,risk_on,6.157787707023814e-173,0.0,1.0,2006-01-03,2000-09-01,2005-12-30,1339.0,risk_on
2006-01-24,risk_on,risk_on,1.0262687475926734e-165,0.0,1.0,2006-01-03,2000-09-01,2005-12-30,1339.0,risk_on
2006-01-25,risk_on,risk_on,6.897312381631994e-172,0.0,1.0,2006-01-03,2000-09-01,2005-12-30,1339.0,risk_on
2006-01-26,risk_on,risk_on,5.878942868530794e-171,0.0,1.0,2006-01-03,2000-09-01,2005-12-30,1339.0,risk_on
2006-01-27,risk_on,risk_on,4.793175455366968e-164,0.0,1.0,2006-01-03,2000-09-01,2005-12-30,1339.0,risk_on
2006-01-30,risk_on,risk_on,2.209004777402176e-155,0.0,1.0,2006-01-03,2000-09-01,2005-12-30,1339.0,risk_on
2006-01-31,risk_on,risk_on,4.662021003000932e-156,0.0,1.0,2006-01-03,2000-09-01,2005-12-30,1339.0,risk_on
2006-02-01,risk_on,risk_on,3.6184779461241364e-243,8.200334323799867e-260,1.0,2006-02-01,2000-09-01,2006-01-31,1359.0,risk_on
2006-02-02,risk_on,risk_on,3.003714954262662e-241,7.304085736515815e-253,1.0,2006-02-01,2000-09-01,2006-01-31,1359.0,risk_on
2006-02-03,risk_on,risk_on,2.7480321689099098e-248,4.319620389620804e-264,1.0,2006-02-01,2000-09-01,2006-01-31,1359.0,risk_on
2006-02-06,risk_on,risk_on,2.928255815374044e-259,2.399760385784378e-253,1.0,2006-02-01,2000-09-01,2006-01-31,1359.0,risk_on
2006-02-07,risk_on,risk_on,4.656644903614218e-252,1.0581451851032688e-237,1.0,2006-02-01,2000-09-01,2006-01-31,1359.0,risk_on
2006-02-08,risk_on,risk_on,2.3920745077670883e-251,1.0574545690497313e-243,1.0,2006-02-01,2000-09-01,2006-01-31,1359.0,risk_on
2006-02-09,risk_on,risk_on,1.1497551171395233e-261,1.9573339648446056e-249,1.0,2006-02-01,2000-09-01,2006-01-31,1359.0,risk_on
2006-02-10,risk_on,risk_on,2.2808969746399725e-259,2.3878268531287576e-248,1.0,2006-02-01,2000-09-01,2006-01-31,1359.0,risk_on
2006-02-13,risk_on,risk_on,2.5060609136738814e-269,3.586380567327441e-247,1.0,2006-02-01,2000-09-01,2006-01-31,1359.0,risk_on
2006-02-14,risk_on,risk_on,3.967819420312013e-267,1.6203696625368403e-249,1.0,2006-02-01,2000-09-01,2006-01-31,1359.0,risk_on
2006-02-15,risk_on,risk_on,1.5990638086797639e-301,9.979646586998486e-267,1.0,2006-02-01,2000-09-01,2006-01-31,1359.0,risk_on
2006-02-16,risk_on,risk_on,3.8186498631368074e-292,1.6967290745557417e-279,1.0,2006-02-01,2000-09-01,2006-01-31,1359.0,risk_on
2006-02-17,risk_on,risk_on,2.1992755882180252e-300,3.4411788877821727e-276,1.0,2006-02-01,2000-09-01,2006-01-31,1359.0,risk_on
2006-02-21,risk_on,risk_on,1.1281866429104727e-298,4.681280098620902e-295,1.0,2006-02-01,2000-09-01,2006-01-31,1359.0,risk_on
2006-02-22,risk_on,risk_on,1.2760879674742546e-303,5.071710459113605e-290,1.0,2006-02-01,2000-09-01,2006-01-31,1359.0,risk_on
2006-02-23,risk_on,risk_on,6.64893867642e-312,9.347640699609749e-293,1.0,2006-02-01,2000-09-01,2006-01-31,1359.0,risk_on
2006-02-24,risk_on,risk_on,3.384205143694362e-290,7.263127262987281e-282,1.0,2006-02-01,2000-09-01,2006-01-31,1359.0,risk_on
2006-02-27,risk_on,risk_on,3.0507094865697024e-286,4.479924311422546e-281,1.0,2006-02-01,2000-09-01,2006-01-31,1359.0,risk_on
2006-02-28,risk_on,risk_on,1.8386155683960596e-294,4.811472748824509e-294,1.0,2006-02-01,2000-09-01,2006-01-31,1359.0,risk_on
2006-03-01,risk_on,risk_on,2.6863908217222255e-285,3.90991178928465e-173,1.0,2006-03-01,2000-09-01,2006-02-28,1378.0,risk_on
2006-03-02,risk_on,risk_on,2.5656369286087796e-269,6.0530896905770325e-161,1.0,2006-03-01,2000-09-01,2006-02-28,1378.0,risk_on
2006-03-03,risk_on,risk_on,2.2658728165610923e-271,8.722071109493883e-163,1.0,2006-03-01,2000-09-01,2006-02-28,1378.0,risk_on
2006-03-06,risk_on,risk_on,1.1782178966784572e-277,2.8443078953003875e-163,1.0,2006-03-01,2000-09-01,2006-02-28,1378.0,risk_on
2006-03-07,risk_on,risk_on,1.6520917547403197e-289,5.842763608138308e-170,1.0,2006-03-01,2000-09-01,2006-02-28,1378.0,risk_on
2006-03-08,risk_on,risk_on,9.213123515048958e-291,8.491608510168474e-165,1.0,2006-03-01,2000-09-01,2006-02-28,1378.0,risk_on
2006-03-09,risk_on,risk_on,6.947111160309044e-291,2.869426524324523e-167,1.0,2006-03-01,2000-09-01,2006-02-28,1378.0,risk_on
2006-03-10,risk_on,risk_on,1.9925330931178817e-286,1.570820386740343e-164,1.0,2006-03-01,2000-09-01,2006-02-28,1378.0,risk_on
2006-03-13,risk_on,risk_on,2.9011969306007456e-276,1.466614491145859e-155,1.0,2006-03-01,2000-09-01,2006-02-28,1378.0,risk_on
2006-03-14,risk_on,risk_on,1.4378135012625785e-255,9.523119330740123e-145,1.0,2006-03-01,2000-09-01,2006-02-28,1378.0,risk_on
2006-03-15,risk_on,risk_on,7.485104010916267e-257,1.670854334398515e-144,1.0,2006-03-01,2000-09-01,2006-02-28,1378.0,risk_on
2006-03-16,risk_on,risk_on,1.0783400232402291e-268,1.029585098942624e-151,1.0,2006-03-01,2000-09-01,2006-02-28,1378.0,risk_on
2006-03-17,risk_on,risk_on,1.7566634573579284e-282,5.682065318549172e-165,1.0,2006-03-01,2000-09-01,2006-02-28,1378.0,risk_on
2006-03-20,risk_on,risk_on,3.1688615933838664e-246,1.2611695450144586e-141,1.0,2006-03-01,2000-09-01,2006-02-28,1378.0,risk_on
2006-03-21,risk_on,risk_on,1.0864347854081823e-271,5.27630310027729e-165,1.0,2006-03-01,2000-09-01,2006-02-28,1378.0,risk_on
2006-03-22,risk_on,risk_on,2.431307089283285e-266,1.428064539454158e-159,1.0,2006-03-01,2000-09-01,2006-02-28,1378.0,risk_on
2006-03-23,risk_on,risk_on,2.7519689116735243e-272,1.8511656163071264e-163,1.0,2006-03-01,2000-09-01,2006-02-28,1378.0,risk_on
2006-03-24,risk_on,risk_on,1.0886375820109094e-276,8.283993094853112e-169,1.0,2006-03-01,2000-09-01,2006-02-28,1378.0,risk_on
2006-03-27,risk_on,risk_on,1.671338827611573e-262,1.1590431837866211e-157,1.0,2006-03-01,2000-09-01,2006-02-28,1378.0,risk_on
2006-03-28,risk_on,risk_on,4.291728587998901e-278,1.4697710473656103e-179,1.0,2006-03-01,2000-09-01,2006-02-28,1378.0,risk_on
2006-03-29,risk_on,risk_on,2.0228383123302858e-260,2.4458593417010286e-173,1.0,2006-03-01,2000-09-01,2006-02-28,1378.0,risk_on
2006-03-30,risk_on,risk_on,1.1043558335976743e-254,3.636108856238797e-167,1.0,2006-03-01,2000-09-01,2006-02-28,1378.0,risk_on
2006-03-31,risk_on,risk_on,2.5825044503017536e-249,4.395557386290677e-157,1.0,2006-03-01,2000-09-01,2006-02-28,1378.0,risk_on
2006-04-03,risk_on,risk_on,1.1739137737034605e-221,7.633876047464215e-157,1.0,2006-04-03,2000-09-01,2006-03-31,1401.0,risk_on
2006-04-04,risk_on,risk_on,1.5687249950125545e-222,8.765713627871392e-162,1.0,2006-04-03,2000-09-01,2006-03-31,1401.0,risk_on
2006-04-05,risk_on,risk_on,7.007079413635496e-223,3.1947401437260763e-167,1.0,2006-04-03,2000-09-01,2006-03-31,1401.0,risk_on
2006-04-06,risk_on,risk_on,7.092125622882733e-229,1.164184994805248e-179,1.0,2006-04-03,2000-09-01,2006-03-31,1401.0,risk_on
2006-04-07,risk_on,risk_on,5.195543503440436e-245,1.9066402412947565e-199,1.0,2006-04-03,2000-09-01,2006-03-31,1401.0,risk_on
2006-04-10,risk_on,risk_on,4.8639119016311125e-251,1.4780590391895045e-205,1.0,2006-04-03,2000-09-01,2006-03-31,1401.0,risk_on
2006-04-11,risk_on,risk_on,1.7403917407803547e-255,1.1899049179148759e-206,1.0,2006-04-03,2000-09-01,2006-03-31,1401.0,risk_on
2006-04-12,risk_on,risk_on,2.319220953878366e-240,2.1162354165207578e-190,1.0,2006-04-03,2000-09-01,2006-03-31,1401.0,risk_on
2006-04-13,risk_on,risk_on,6.860935961323311e-244,8.565749013540787e-200,1.0,2006-04-03,2000-09-01,2006-03-31,1401.0,risk_on
2006-04-17,risk_on,risk_on,2.084213297664487e-265,2.0508212420254497e-210,1.0,2006-04-03,2000-09-01,2006-03-31,1401.0,risk_on
2006-04-18,risk_on,risk_on,1.007570157760475e-252,1.1153344835305613e-197,1.0,2006-04-03,2000-09-01,2006-03-31,1401.0,risk_on
2006-04-19,risk_on,risk_on,3.8703792341784447e-252,2.1478300974814228e-197,1.0,2006-04-03,2000-09-01,2006-03-31,1401.0,risk_on
2006-04-20,risk_on,risk_on,2.2580962836918075e-256,4.297068105057049e-200,1.0,2006-04-03,2000-09-01,2006-03-31,1401.0,risk_on
2006-04-21,risk_on,risk_on,7.68363879874475e-281,7.414207708269787e-226,1.0,2006-04-03,2000-09-01,2006-03-31,1401.0,risk_on
2006-04-24,risk_on,risk_on,4.8701774798880636e-256,1.5314815555626012e-187,1.0,2006-04-03,2000-09-01,2006-03-31,1401.0,risk_on
2006-04-25,risk_on,risk_on,2.685945627724266e-240,3.961930320270854e-167,1.0,2006-04-03,2000-09-01,2006-03-31,1401.0,risk_on
2006-04-26,risk_on,risk_on,2.5549266629463074e-253,1.2208603166187056e-182,1.0,2006-04-03,2000-09-01,2006-03-31,1401.0,risk_on
2006-04-27,risk_on,risk_on,4.9310469235761307e-234,1.5697957112246888e-164,1.0,2006-04-03,2000-09-01,2006-03-31,1401.0,risk_on
2006-04-28,risk_on,risk_on,3.1840545473111336e-237,1.2984797418946401e-158,1.0,2006-04-03,2000-09-01,2006-03-31,1401.0,risk_on
2006-05-01,risk_on,risk_on,1.2333511215609008e-296,5.284711378695352e-248,1.0,2006-05-01,2000-09-01,2006-04-28,1420.0,risk_on
2006-05-02,risk_on,risk_on,1.0846121709844782e-294,4.77976058111137e-250,1.0,2006-05-01,2000-09-01,2006-04-28,1420.0,risk_on
2006-05-03,risk_on,risk_on,1.8053858203625864e-285,2.8750316990890305e-241,1.0,2006-05-01,2000-09-01,2006-04-28,1420.0,risk_on
2006-05-04,risk_on,risk_on,2.1370623052352873e-272,4.196894558533062e-226,1.0,2006-05-01,2000-09-01,2006-04-28,1420.0,risk_on
2006-05-05,risk_on,risk_on,1.4913569276323425e-260,5.191413957741355e-207,1.0,2006-05-01,2000-09-01,2006-04-28,1420.0,risk_on
2006-05-08,risk_on,risk_on,2.0738288851940094e-259,1.3770802578017494e-204,1.0,2006-05-01,2000-09-01,2006-04-28,1420.0,risk_on
2006-05-09,risk_on,risk_on,1.1144297479822698e-259,1.773924450738954e-213,1.0,2006-05-01,2000-09-01,2006-04-28,1420.0,risk_on
2006-05-10,risk_on,risk_on,1.579266049489098e-272,1.7598295351414344e-231,1.0,2006-05-01,2000-09-01,2006-04-28,1420.0,risk_on
2006-05-11,risk_on,risk_on,1.4369682036704735e-299,2.5997992308859195e-263,1.0,2006-05-01,2000-09-01,2006-04-28,1420.0,risk_on
2006-05-12,risk_on,risk_on,2.945391196e-315,6.377379713519477e-274,1.0,2006-05-01,2000-09-01,2006-04-28,1420.0,risk_on
2006-05-15,risk_on,risk_on,7.047795729809212e-296,4.588183362558234e-255,1.0,2006-05-01,2000-09-01,2006-04-28,1420.0,risk_on
2006-05-16,risk_on,risk_on,3.953482665670364e-299,7.324422225300316e-264,1.0,2006-05-01,2000-09-01,2006-04-28,1420.0,risk_on
2006-05-17,risk_on,risk_on,6.595300541478069e-308,1.8754269541304777e-269,1.0,2006-05-01,2000-09-01,2006-04-28,1420.0,risk_on
2006-05-18,risk_on,risk_on,1.0829714075899948e-305,2.5500391873468127e-267,1.0,2006-05-01,2000-09-01,2006-04-28,1420.0,risk_on
2006-05-19,risk_on,risk_on,0.0,8.114605555961191e-278,1.0,2006-05-01,2000-09-01,2006-04-28,1420.0,risk_on
2006-05-22,risk_on,risk_on,0.0,2.672835086332587e-279,1.0,2006-05-01,2000-09-01,2006-04-28,1420.0,risk_on
2006-05-23,risk_on,risk_on,6.937e-321,1.8511472916064755e-278,1.0,2006-05-01,2000-09-01,2006-04-28,1420.0,risk_on
2006-05-24,risk_on,risk_on,0.0,1.747529487395246e-291,1.0,2006-05-01,2000-09-01,2006-04-28,1420.0,risk_on
2006-05-25,risk_on,risk_on,3.0980892087972755e-302,3.357846504705948e-262,1.0,2006-05-01,2000-09-01,2006-04-28,1420.0,risk_on
2006-05-26,risk_on,risk_on,2.441571368121385e-287,2.4154279002749374e-252,1.0,2006-05-01,2000-09-01,2006-04-28,1420.0,risk_on
2006-05-30,risk_on,risk_on,0.0,2.4950599415004472e-278,1.0,2006-05-01,2000-09-01,2006-04-28,1420.0,risk_on
2006-05-31,risk_on,risk_on,0.0,1.76005720055835e-290,1.0,2006-05-01,2000-09-01,2006-04-28,1420.0,risk_on
2006-06-01,risk_on,risk_on,0.0,1.9037093842742957e-249,1.0,2006-06-01,2000-09-01,2006-05-31,1442.0,risk_on
2006-06-02,risk_on,risk_on,0.0,2.1936680008527922e-226,1.0,2006-06-01,2000-09-01,2006-05-31,1442.0,risk_on
2006-06-05,risk_on,risk_on,0.0,7.73100864330394e-261,1.0,2006-06-01,2000-09-01,2006-05-31,1442.0,risk_on
2006-06-06,risk_on,risk_on,0.0,3.2325076133687266e-262,1.0,2006-06-01,2000-09-01,2006-05-31,1442.0,risk_on
2006-06-07,risk_on,risk_on,0.0,5.109911499202991e-268,1.0,2006-06-01,2000-09-01,2006-05-31,1442.0,risk_on
2006-06-08,risk_on,risk_on,0.0,4.240016039938302e-308,1.0,2006-06-01,2000-09-01,2006-05-31,1442.0,risk_on
2006-06-09,risk_on,risk_on,0.0,5.138644202481382e-278,1.0,2006-06-01,2000-09-01,2006-05-31,1442.0,risk_on
2006-06-12,risk_on,risk_on,0.0,1e-323,1.0,2006-06-01,2000-09-01,2006-05-31,1442.0,risk_on
2006-06-13,risk_on,risk_on,0.0,0.0,1.0,2006-06-01,2000-09-01,2006-05-31,1442.0,risk_on
2006-06-14,risk_on,risk_on,0.0,0.0,1.0,2006-06-01,2000-09-01,2006-05-31,1442.0,risk_on
2006-06-15,risk_on,risk_on,0.0,3.4731930740546e-311,1.0,2006-06-01,2000-09-01,2006-05-31,1442.0,risk_on
2006-06-16,risk_on,risk_on,0.0,9.96943783e-316,1.0,2006-06-01,2000-09-01,2006-05-31,1442.0,risk_on
2006-06-19,risk_on,risk_on,0.0,0.0,1.0,2006-06-01,2000-09-01,2006-05-31,1442.0,risk_on
2006-06-20,risk_on,risk_on,0.0,8.0298573975e-314,1.0,2006-06-01,2000-09-01,2006-05-31,1442.0,risk_on
2006-06-21,risk_on,risk_on,0.0,2.1184552847364425e-298,1.0,2006-06-01,2000-09-01,2006-05-31,1442.0,risk_on
2006-06-22,risk_on,risk_on,0.0,4.260161048504e-311,1.0,2006-06-01,2000-09-01,2006-05-31,1442.0,risk_on
2006-06-23,risk_on,risk_on,0.0,3.325939509777e-311,1.0,2006-06-01,2000-09-01,2006-05-31,1442.0,risk_on
2006-06-26,risk_on,risk_on,0.0,7.372082569844875e-289,1.0,2006-06-01,2000-09-01,2006-05-31,1442.0,risk_on
2006-06-27,risk_on,risk_on,0.0,3.553577e-318,1.0,2006-06-01,2000-09-01,2006-05-31,1442.0,risk_on
2006-06-28,risk_on,risk_on,0.0,4.707722371744706e-303,1.0,2006-06-01,2000-09-01,2006-05-31,1442.0,risk_on
2006-06-29,risk_on,risk_on,0.0,3.82914670785142e-296,1.0,2006-06-01,2000-09-01,2006-05-31,1442.0,risk_on
2006-06-30,risk_on,risk_on,0.0,4.933638368484869e-276,1.0,2006-06-01,2000-09-01,2006-05-31,1442.0,risk_on
2006-07-03,risk_on,neutral,2.414818325204709e-229,1.0,7.820725079961052e-17,2006-07-03,2000-09-01,2006-06-30,1464.0,risk_on
2006-07-05,risk_on,neutral,1.8286143354923026e-276,0.9999999999999929,7.670563648624929e-15,2006-07-03,2000-09-01,2006-06-30,1464.0,neutral
2006-07-06,risk_on,neutral,3.334567859376467e-273,0.9999999999999947,5.756025025031364e-15,2006-07-03,2000-09-01,2006-06-30,1464.0,neutral
2006-07-07,risk_on,neutral,7.909534308014315e-290,0.9999999999999876,1.1901295755156118e-14,2006-07-03,2000-09-01,2006-06-30,1464.0,neutral
2006-07-10,risk_on,neutral,2.3835106712508583e-292,0.9999999999999929,6.275497354724205e-15,2006-07-03,2000-09-01,2006-06-30,1464.0,neutral
2006-07-11,risk_on,neutral,5.507413881933388e-285,0.9999999999999858,1.2937273040486913e-14,2006-07-03,2000-09-01,2006-06-30,1464.0,neutral
2006-07-12,risk_on,neutral,3.5e-323,0.999999999999968,3.258100580453438e-14,2006-07-03,2000-09-01,2006-06-30,1464.0,neutral
2006-07-13,risk_on,neutral,0.0,1.0,2.1804788346251106e-16,2006-07-03,2000-09-01,2006-06-30,1464.0,neutral
2006-07-14,risk_on,neutral,0.0,1.0,1.3388599617503597e-15,2006-07-03,2000-09-01,2006-06-30,1464.0,neutral
2006-07-17,risk_on,neutral,0.0,1.0,1.178670735363915e-15,2006-07-03,2000-09-01,2006-06-30,1464.0,neutral
2006-07-18,risk_on,neutral,0.0,0.999999999998014,1.9877118406748404e-12,2006-07-03,2000-09-01,2006-06-30,1464.0,neutral
2006-07-19,risk_on,neutral,0.0,0.9999999928431542,7.1568475921132955e-09,2006-07-03,2000-09-01,2006-06-30,1464.0,neutral
2006-07-20,risk_on,neutral,0.0,0.9999999998703153,1.2968381664417144e-10,2006-07-03,2000-09-01,2006-06-30,1464.0,neutral
2006-07-21,risk_on,neutral,2.6553301279e-313,0.9999999999998508,1.5076554399135993e-13,2006-07-03,2000-09-01,2006-06-30,1464.0,neutral
2006-07-24,risk_on,neutral,5.441684646870681e-301,0.999999485965543,5.14034457675411e-07,2006-07-03,2000-09-01,2006-06-30,1464.0,neutral
2006-07-25,risk_on,neutral,7.465650378083878e-283,0.9999377240089399,6.227599105857461e-05,2006-07-03,2000-09-01,2006-06-30,1464.0,neutral
2006-07-26,risk_on,neutral,2.1803915106735306e-273,0.9999845450458739,1.5454954127730418e-05,2006-07-03,2000-09-01,2006-06-30,1464.0,neutral
2006-07-27,risk_on,neutral,2.575565263318905e-278,0.999422147699708,0.0005778523002906017,2006-07-03,2000-09-01,2006-06-30,1464.0,neutral
2006-07-28,risk_on,neutral,1.3373185954995615e-250,0.7929043526650338,0.20709564733496494,2006-07-03,2000-09-01,2006-06-30,1464.0,neutral
2006-07-31,risk_on,neutral,1.482034938606121e-227,0.9996153555410628,0.00038464445893742096,2006-07-03,2000-09-01,2006-06-30,1464.0,neutral
2006-08-01,risk_on,neutral,5.97566288e-315,0.9999738178993367,2.6182100663752878e-05,2006-08-01,2000-09-01,2006-07-31,1484.0,neutral
2006-08-02,risk_on,neutral,1.081961514727856e-309,0.9988396331910293,0.0011603668089708785,2006-08-01,2000-09-01,2006-07-31,1484.0,neutral
2006-08-03,risk_on,neutral,8.039051279524557e-293,0.812405384826501,0.18759461517349946,2006-08-01,2000-09-01,2006-07-31,1484.0,neutral
2006-08-04,risk_on,neutral,1.2747932473414486e-292,0.8680800902181043,0.13191990978189505,2006-08-01,2000-09-01,2006-07-31,1484.0,neutral
2006-08-07,risk_on,risk_on,5.57395206815e-312,0.29214866534722206,0.7078513346527772,2006-08-01,2000-09-01,2006-07-31,1484.0,neutral
2006-08-08,risk_on,neutral,6.02650634644e-313,0.7604600869978008,0.23953991300219915,2006-08-01,2000-09-01,2006-07-31,1484.0,risk_on
2006-08-09,risk_on,neutral,5.854360084553149e-307,0.9679424547642858,0.032057545235713546,2006-08-01,2000-09-01,2006-07-31,1484.0,neutral
2006-08-10,risk_on,risk_on,1.1353974366237803e-271,0.16591789283641092,0.8340821071635897,2006-08-01,2000-09-01,2006-07-31,1484.0,neutral
2006-08-11,risk_on,risk_on,2.3191986437042753e-269,0.0026887008189259115,0.9973112991810739,2006-08-01,2000-09-01,2006-07-31,1484.0,risk_on
2006-08-14,risk_on,risk_on,7.611202714564392e-275,0.012408000816722086,0.9875919991832777,2006-08-01,2000-09-01,2006-07-31,1484.0,risk_on
2006-08-15,risk_on,risk_on,1.6205459660108945e-259,0.0012391543260191872,0.9987608456739808,2006-08-01,2000-09-01,2006-07-31,1484.0,risk_on
2006-08-16,risk_on,risk_on,4.673007718177608e-253,0.0001527798818944123,0.9998472201181051,2006-08-01,2000-09-01,2006-07-31,1484.0,risk_on
2006-08-17,risk_on,risk_on,8.39075667509214e-250,0.00040561345322279646,0.9995943865467773,2006-08-01,2000-09-01,2006-07-31,1484.0,risk_on
2006-08-18,risk_on,risk_on,3.098305062566715e-242,7.552124788266868e-05,0.9999244787521177,2006-08-01,2000-09-01,2006-07-31,1484.0,risk_on
2006-08-21,risk_on,risk_on,1.1673055548686833e-237,6.281929231412253e-06,0.9999937180707686,2006-08-01,2000-09-01,2006-07-31,1484.0,risk_on
2006-08-22,risk_on,risk_on,1.7650121479731652e-235,6.728359432938139e-06,0.9999932716405672,2006-08-01,2000-09-01,2006-07-31,1484.0,risk_on
2006-08-23,risk_on,risk_on,8.468340195193733e-245,2.1373140214419106e-05,0.9999786268597854,2006-08-01,2000-09-01,2006-07-31,1484.0,risk_on
2006-08-24,risk_on,risk_on,1.2742354080557434e-241,1.732084684368679e-05,0.9999826791531565,2006-08-01,2000-09-01,2006-07-31,1484.0,risk_on
2006-08-25,risk_on,risk_on,4.107252515836811e-239,1.2215612734607923e-05,0.9999877843872651,2006-08-01,2000-09-01,2006-07-31,1484.0,risk_on
2006-08-28,risk_on,risk_on,3.701046971897731e-226,1.671363440479882e-06,0.99999832863656,2006-08-01,2000-09-01,2006-07-31,1484.0,risk_on
2006-08-29,risk_on,risk_on,1.9752818098773687e-232,1.6609929679597907e-06,0.999998339007032,2006-08-01,2000-09-01,2006-07-31,1484.0,risk_on
2006-08-30,risk_on,risk_on,2.2635597567875575e-225,7.651785093557267e-07,0.9999992348214907,2006-08-01,2000-09-01,2006-07-31,1484.0,risk_on
2006-08-31,risk_on,risk_on,7.659628328787303e-227,4.171441733709508e-07,0.9999995828558266,2006-08-01,2000-09-01,2006-07-31,1484.0,risk_on
2006-09-01,risk_on,risk_on,4.933699275669989e-238,3.2968168510845995e-241,1.0,2006-09-01,2000-09-01,2006-08-31,1507.0,risk_on
2006-09-05,risk_on,risk_on,4.712266884543455e-237,2.340061382039129e-235,1.0,2006-09-01,2000-09-01,2006-08-31,1507.0,risk_on
2006-09-06,risk_on,risk_on,1.930568716997141e-244,2.9117036291849323e-276,1.0,2006-09-01,2000-09-01,2006-08-31,1507.0,risk_on
2006-09-07,risk_on,risk_on,7.036001867828056e-247,1.1471704198261952e-279,1.0,2006-09-01,2000-09-01,2006-08-31,1507.0,risk_on
2006-09-08,risk_on,risk_on,4.654518641943054e-248,1.287287429475594e-273,1.0,2006-09-01,2000-09-01,2006-08-31,1507.0,risk_on
2006-09-11,risk_on,risk_on,5.650045561923504e-249,1.7504918301227464e-265,1.0,2006-09-01,2000-09-01,2006-08-31,1507.0,risk_on
2006-09-12,risk_on,risk_on,3.416601528640721e-248,1.7342654957578842e-255,1.0,2006-09-01,2000-09-01,2006-08-31,1507.0,risk_on
2006-09-13,risk_on,risk_on,8.246686037275396e-244,6.289698245002564e-242,1.0,2006-09-01,2000-09-01,2006-08-31,1507.0,risk_on
2006-09-14,risk_on,risk_on,9.586502070013122e-245,2.8558335026097034e-230,1.0,2006-09-01,2000-09-01,2006-08-31,1507.0,risk_on
2006-09-15,risk_on,risk_on,1.4733534521223101e-238,8.203029069360276e-220,1.0,2006-09-01,2000-09-01,2006-08-31,1507.0,risk_on
2006-09-18,risk_on,risk_on,3.2467148732308463e-239,4.444090749000198e-199,1.0,2006-09-01,2000-09-01,2006-08-31,1507.0,risk_on
2006-09-19,risk_on,risk_on,1.7657779777768867e-237,1.0553428787265947e-220,1.0,2006-09-01,2000-09-01,2006-08-31,1507.0,risk_on
2006-09-20,risk_on,risk_on,1.0210375951917361e-240,1.5453490560544813e-221,1.0,2006-09-01,2000-09-01,2006-08-31,1507.0,risk_on
2006-09-21,risk_on,risk_on,2.3876623535512694e-233,1.1099330540389053e-218,1.0,2006-09-01,2000-09-01,2006-08-31,1507.0,risk_on
2006-09-22,risk_on,risk_on,1.8550202446355248e-234,1.6684022455677905e-226,1.0,2006-09-01,2000-09-01,2006-08-31,1507.0,risk_on
2006-09-25,risk_on,risk_on,7.598463983402694e-233,3.1737598439893344e-219,1.0,2006-09-01,2000-09-01,2006-08-31,1507.0,risk_on
2006-09-26,risk_on,risk_on,1.1616732755262923e-239,4.4443158505508517e-212,1.0,2006-09-01,2000-09-01,2006-08-31,1507.0,risk_on
2006-09-27,risk_on,risk_on,5.1647532826955686e-235,1.4570986546678681e-196,1.0,2006-09-01,2000-09-01,2006-08-31,1507.0,risk_on
2006-09-28,risk_on,risk_on,4.556372846531782e-235,5.876579944778976e-195,1.0,2006-09-01,2000-09-01,2006-08-31,1507.0,risk_on
2006-09-29,risk_on,risk_on,5.4201593035831945e-239,2.2576602448755782e-200,1.0,2006-09-01,2000-09-01,2006-08-31,1507.0,risk_on
2006-10-02,risk_on,risk_on,2.295700238035767e-174,1.2453715597509295e-119,1.0,2006-10-02,2000-09-01,2006-09-29,1527.0,risk_on
2006-10-03,risk_on,risk_on,6.636437090776787e-175,2.6219939064460896e-125,1.0,2006-10-02,2000-09-01,2006-09-29,1527.0,risk_on
2006-10-04,risk_on,risk_on,3.021230969976348e-167,4.03492631947254e-124,1.0,2006-10-02,2000-09-01,2006-09-29,1527.0,risk_on
2006-10-05,risk_on,risk_on,4.476694158186455e-146,4.800482378211206e-123,1.0,2006-10-02,2000-09-01,2006-09-29,1527.0,risk_on
2006-10-06,risk_on,risk_on,1.4102013705084373e-145,1.3956997256021754e-124,1.0,2006-10-02,2000-09-01,2006-09-29,1527.0,risk_on
2006-10-09,risk_on,risk_on,3.3824284698007306e-139,1.7415108809887973e-123,1.0,2006-10-02,2000-09-01,2006-09-29,1527.0,risk_on
2006-10-10,risk_on,risk_on,2.742263953236335e-145,6.503365873066215e-132,1.0,2006-10-02,2000-09-01,2006-09-29,1527.0,risk_on
2006-10-11,risk_on,risk_on,2.194423144095827e-147,2.1941710692391954e-136,1.0,2006-10-02,2000-09-01,2006-09-29,1527.0,risk_on
2006-10-12,risk_on,risk_on,3.030903673637027e-132,3.3058204530184876e-136,1.0,2006-10-02,2000-09-01,2006-09-29,1527.0,risk_on
2006-10-13,risk_on,risk_on,1.5663748587650457e-126,1.6156720927193025e-136,1.0,2006-10-02,2000-09-01,2006-09-29,1527.0,risk_on
2006-10-16,risk_on,risk_on,1.0265643681295645e-135,5.321321536683735e-200,1.0,2006-10-02,2000-09-01,2006-09-29,1527.0,risk_on
2006-10-17,risk_on,risk_on,2.1480258466958388e-160,4.831375714801382e-199,1.0,2006-10-02,2000-09-01,2006-09-29,1527.0,risk_on
2006-10-18,risk_on,risk_on,4.504010012080546e-156,8.546221588769751e-207,1.0,2006-10-02,2000-09-01,2006-09-29,1527.0,risk_on
2006-10-19,risk_on,risk_on,5.447422228125015e-143,3.163643291120065e-206,1.0,2006-10-02,2000-09-01,2006-09-29,1527.0,risk_on
2006-10-20,risk_on,risk_on,3.9717108686945675e-150,1.6420537681362985e-209,1.0,2006-10-02,2000-09-01,2006-09-29,1527.0,risk_on
2006-10-23,risk_on,risk_on,1.8591880593191806e-148,8.58980904475776e-210,1.0,2006-10-02,2000-09-01,2006-09-29,1527.0,risk_on
2006-10-24,risk_on,risk_on,3.225569361411775e-147,1.17134912709179e-209,1.0,2006-10-02,2000-09-01,2006-09-29,1527.0,risk_on
2006-10-25,risk_on,risk_on,1.9799857362904093e-143,1.1792408243089437e-215,1.0,2006-10-02,2000-09-01,2006-09-29,1527.0,risk_on
2006-10-26,risk_on,risk_on,5.109446231103432e-143,1.516433697579068e-207,1.0,2006-10-02,2000-09-01,2006-09-29,1527.0,risk_on
2006-10-27,risk_on,risk_on,1.858591518882635e-147,4.239931937997186e-206,1.0,2006-10-02,2000-09-01,2006-09-29,1527.0,risk_on
2006-10-30,risk_on,risk_on,2.939752367416519e-148,7.373343837773946e-211,1.0,2006-10-02,2000-09-01,2006-09-29,1527.0,risk_on
2006-10-31,risk_on,risk_on,4.3350855511926554e-144,5.149078375910917e-213,1.0,2006-10-02,2000-09-01,2006-09-29,1527.0,risk_on
2006-11-01,risk_on,risk_on,3.3919849073640865e-219,4.2429180876109315e-200,1.0,2006-11-01,2000-09-01,2006-10-31,1549.0,risk_on
2006-11-02,risk_on,risk_on,8.558937192333969e-212,1.1521162540025822e-196,1.0,2006-11-01,2000-09-01,2006-10-31,1549.0,risk_on
2006-11-03,risk_on,risk_on,1.8735696308663893e-218,2.8815290435248665e-202,1.0,2006-11-01,2000-09-01,2006-10-31,1549.0,risk_on
2006-11-06,risk_on,risk_on,6.413361405272938e-214,1.7044742696612455e-195,1.0,2006-11-01,2000-09-01,2006-10-31,1549.0,risk_on
2006-11-07,risk_on,risk_on,3.3425443553672772e-217,1.9735083574566543e-197,1.0,2006-11-01,2000-09-01,2006-10-31,1549.0,risk_on
2006-11-08,risk_on,risk_on,2.1628255575741814e-219,6.418771701860914e-196,1.0,2006-11-01,2000-09-01,2006-10-31,1549.0,risk_on
2006-11-09,risk_on,risk_on,6.858664058864325e-220,2.993461006318379e-197,1.0,2006-11-01,2000-09-01,2006-10-31,1549.0,risk_on
2006-11-10,risk_on,risk_on,3.225990802381467e-211,1.9896347628296364e-183,1.0,2006-11-01,2000-09-01,2006-10-31,1549.0,risk_on
2006-11-13,risk_on,risk_on,1.4538054539208607e-209,2.3793864840878817e-185,1.0,2006-11-01,2000-09-01,2006-10-31,1549.0,risk_on
2006-11-14,risk_on,risk_on,5.728893592771031e-212,5.267365617235306e-191,1.0,2006-11-01,2000-09-01,2006-10-31,1549.0,risk_on
2006-11-15,risk_on,risk_on,4.820280413635984e-229,5.665988148137103e-203,1.0,2006-11-01,2000-09-01,2006-10-31,1549.0,risk_on
2006-11-16,risk_on,risk_on,5.037211174153599e-233,1.8497841012191053e-213,1.0,2006-11-01,2000-09-01,2006-10-31,1549.0,risk_on
2006-11-17,risk_on,risk_on,3.0640789333448476e-229,1.2358936960360512e-213,1.0,2006-11-01,2000-09-01,2006-10-31,1549.0,risk_on
2006-11-20,risk_on,risk_on,2.6912297411402277e-229,8.418739366975618e-210,1.0,2006-11-01,2000-09-01,2006-10-31,1549.0,risk_on
2006-11-21,risk_on,risk_on,3.720004703881134e-227,3.8677929997588426e-203,1.0,2006-11-01,2000-09-01,2006-10-31,1549.0,risk_on
2006-11-22,risk_on,risk_on,9.374916664717225e-228,3.6546913556067354e-201,1.0,2006-11-01,2000-09-01,2006-10-31,1549.0,risk_on
2006-11-24,risk_on,risk_on,6.801145046505378e-233,5.144279271379716e-207,1.0,2006-11-01,2000-09-01,2006-10-31,1549.0,risk_on
2006-11-27,risk_on,risk_on,2.855952475016781e-246,1.7955149000907738e-218,1.0,2006-11-01,2000-09-01,2006-10-31,1549.0,risk_on
2006-11-28,risk_on,risk_on,1.882748755386297e-235,9.904967920686627e-207,1.0,2006-11-01,2000-09-01,2006-10-31,1549.0,risk_on
2006-11-29,risk_on,risk_on,3.2395411326187344e-240,3.369702295767333e-216,1.0,2006-11-01,2000-09-01,2006-10-31,1549.0,risk_on
2006-11-30,risk_on,risk_on,2.593448010057314e-238,5.746732845758873e-212,1.0,2006-11-01,2000-09-01,2006-10-31,1549.0,risk_on
2006-12-01,risk_on,neutral,1.4892099879295854e-163,0.9999999997567475,2.4325299141212877e-10,2006-12-01,2000-09-01,2006-11-30,1570.0,risk_on
2006-12-04,risk_on,neutral,2.1418403581933895e-156,0.9999999997421192,2.578814264714812e-10,2006-12-01,2000-09-01,2006-11-30,1570.0,neutral
2006-12-05,risk_on,neutral,3.869278721208394e-155,0.9999999999433307,5.666993976493019e-11,2006-12-01,2000-09-01,2006-11-30,1570.0,neutral
2006-12-06,risk_on,neutral,8.230390014240263e-158,0.9999999999924665,7.533782651404701e-12,2006-12-01,2000-09-01,2006-11-30,1570.0,neutral
2006-12-07,risk_on,neutral,2.6148004346067356e-166,0.9999999995402611,4.597397791851169e-10,2006-12-01,2000-09-01,2006-11-30,1570.0,neutral
2006-12-08,risk_on,neutral,3.436011330813989e-169,0.9999999999875442,1.245565752830808e-11,2006-12-01,2000-09-01,2006-11-30,1570.0,neutral
2006-12-11,risk_on,neutral,9.069725542282419e-159,0.9999999999624798,3.7520557233611e-11,2006-12-01,2000-09-01,2006-11-30,1570.0,neutral
2006-12-12,risk_on,neutral,9.973258646932228e-161,0.9999999998967102,1.03290465696995e-10,2006-12-01,2000-09-01,2006-11-30,1570.0,neutral
2006-12-13,risk_on,neutral,5.866424127238547e-159,0.9999999365167069,6.348329355138301e-08,2006-12-01,2000-09-01,2006-11-30,1570.0,neutral
2006-12-14,risk_on,neutral,1.8007498671651252e-163,0.9999999384688413,6.153115966704887e-08,2006-12-01,2000-09-01,2006-11-30,1570.0,neutral
2006-12-15,risk_on,neutral,4.083780007925244e-163,0.9999998768427543,1.2315724624270148e-07,2006-12-01,2000-09-01,2006-11-30,1570.0,neutral
2006-12-18,risk_on,risk_on,1.8955041734893774e-154,0.20981385550309725,0.7901861444969015,2006-12-01,2000-09-01,2006-11-30,1570.0,neutral
2006-12-19,risk_on,risk_on,4.108353688738192e-158,0.0013510118271118012,0.9986489881728879,2006-12-01,2000-09-01,2006-11-30,1570.0,risk_on
2006-12-20,risk_on,risk_on,1.7698671302988673e-151,0.00020771882323856704,0.9997922811767624,2006-12-01,2000-09-01,2006-11-30,1570.0,risk_on
2006-12-21,risk_on,risk_on,8.28477290324397e-152,0.006017284987263254,0.9939827150127375,2006-12-01,2000-09-01,2006-11-30,1570.0,risk_on
2006-12-22,risk_on,risk_on,4.59790676176427e-155,1.133527116678117e-06,0.9999988664728819,2006-12-01,2000-09-01,2006-11-30,1570.0,risk_on
2006-12-26,risk_on,risk_on,1.1684848327331417e-150,2.24545253101669e-05,0.9999775454746914,2006-12-01,2000-09-01,2006-11-30,1570.0,risk_on
2006-12-27,risk_on,neutral,4.153941036388535e-144,0.9982396223257313,0.0017603776742704234,2006-12-01,2000-09-01,2006-11-30,1570.0,risk_on
2006-12-28,risk_on,neutral,5.467971932816513e-148,0.9938315966844676,0.006168403315532789,2006-12-01,2000-09-01,2006-11-30,1570.0,neutral
2006-12-29,risk_on,neutral,1.6282631808020853e-148,0.9954512771274041,0.004548722872596024,2006-12-01,2000-09-01,2006-11-30,1570.0,neutral
2007-01-03,risk_on,risk_on,9.205144704706824e-62,0.0,1.0,2007-01-03,2000-09-01,2006-12-29,1590.0,neutral
2007-01-04,risk_on,risk_on,8.703745757359593e-61,0.0,1.0,2007-01-03,2000-09-01,2006-12-29,1590.0,risk_on
2007-01-05,risk_on,risk_on,8.961406147413027e-62,0.0,1.0,2007-01-03,2000-09-01,2006-12-29,1590.0,risk_on
2007-01-08,risk_on,risk_on,8.033231163701403e-63,0.0,1.0,2007-01-03,2000-09-01,2006-12-29,1590.0,risk_on
2007-01-09,risk_on,risk_on,2.247531152970289e-65,0.0,1.0,2007-01-03,2000-09-01,2006-12-29,1590.0,risk_on
2007-01-10,risk_on,risk_on,7.784550241574314e-67,0.0,1.0,2007-01-03,2000-09-01,2006-12-29,1590.0,risk_on
2007-01-11,risk_on,risk_on,3.0425193587470955e-67,0.0,1.0,2007-01-03,2000-09-01,2006-12-29,1590.0,risk_on
2007-01-12,risk_on,risk_on,2.569339999141568e-73,0.0,1.0,2007-01-03,2000-09-01,2006-12-29,1590.0,risk_on
2007-01-16,risk_on,risk_on,1.0863052544324211e-78,0.0,1.0,2007-01-03,2000-09-01,2006-12-29,1590.0,risk_on
2007-01-17,risk_on,risk_on,6.189769450605358e-76,0.0,1.0,2007-01-03,2000-09-01,2006-12-29,1590.0,risk_on
2007-01-18,risk_on,risk_on,4.032877094397905e-51,0.0,1.0,2007-01-03,2000-09-01,2006-12-29,1590.0,risk_on
2007-01-19,risk_on,risk_on,3.865872634481835e-54,0.0,1.0,2007-01-03,2000-09-01,2006-12-29,1590.0,risk_on
2007-01-22,risk_on,risk_on,3.017290032339278e-51,0.0,1.0,2007-01-03,2000-09-01,2006-12-29,1590.0,risk_on
2007-01-23,risk_on,risk_on,3.2708866421586395e-52,0.0,1.0,2007-01-03,2000-09-01,2006-12-29,1590.0,risk_on
2007-01-24,risk_on,risk_on,8.29264179720504e-56,0.0,1.0,2007-01-03,2000-09-01,2006-12-29,1590.0,risk_on
2007-01-25,risk_on,risk_on,1.7156039557899677e-51,0.0,1.0,2007-01-03,2000-09-01,2006-12-29,1590.0,risk_on
2007-01-26,risk_on,risk_on,1.0882858750840186e-52,0.0,1.0,2007-01-03,2000-09-01,2006-12-29,1590.0,risk_on
2007-01-29,risk_on,risk_on,8.084491867939209e-53,0.0,1.0,2007-01-03,2000-09-01,2006-12-29,1590.0,risk_on
2007-01-30,risk_on,risk_on,1.8077841585494415e-57,0.0,1.0,2007-01-03,2000-09-01,2006-12-29,1590.0,risk_on
2007-01-31,risk_on,risk_on,1.1932988914739732e-58,0.0,1.0,2007-01-03,2000-09-01,2006-12-29,1590.0,risk_on
2007-02-01,risk_on,risk_on,9.472967389140177e-201,1.1171100957372966e-243,1.0,2007-02-01,2000-09-01,2007-01-31,1610.0,risk_on
2007-02-02,risk_on,risk_on,6.222371506471248e-186,2.0342499908231108e-246,1.0,2007-02-01,2000-09-01,2007-01-31,1610.0,risk_on
2007-02-05,risk_on,risk_on,1.836546941403956e-191,3.128547257443631e-244,1.0,2007-02-01,2000-09-01,2007-01-31,1610.0,risk_on
2007-02-06,risk_on,risk_on,2.529732701553727e-192,2.015889766831908e-243,1.0,2007-02-01,2000-09-01,2007-01-31,1610.0,risk_on
2007-02-07,risk_on,risk_on,2.1098505834025657e-185,2.749393739766999e-246,1.0,2007-02-01,2000-09-01,2007-01-31,1610.0,risk_on
2007-02-08,risk_on,risk_on,7.699754709744137e-189,4.7573070128547305e-247,1.0,2007-02-01,2000-09-01,2007-01-31,1610.0,risk_on
2007-02-09,risk_on,risk_on,2.534523133719323e-206,2.0542513105551535e-243,1.0,2007-02-01,2000-09-01,2007-01-31,1610.0,risk_on
2007-02-12,risk_on,risk_on,1.6497472447504297e-213,1.5422730575334133e-245,1.0,2007-02-01,2000-09-01,2007-01-31,1610.0,risk_on
2007-02-13,risk_on,risk_on,2.713180574687166e-204,5.829065995819934e-250,1.0,2007-02-01,2000-09-01,2007-01-31,1610.0,risk_on
2007-02-14,risk_on,risk_on,1.3016321832681872e-204,3.769692184839798e-245,1.0,2007-02-01,2000-09-01,2007-01-31,1610.0,risk_on
2007-02-15,risk_on,risk_on,8.285661676287795e-202,4.0754881744756696e-232,1.0,2007-02-01,2000-09-01,2007-01-31,1610.0,risk_on
2007-02-16,risk_on,risk_on,8.82143175752012e-205,8.782691036710306e-242,1.0,2007-02-01,2000-09-01,2007-01-31,1610.0,risk_on
2007-02-20,risk_on,risk_on,2.106393316113775e-201,7.077684339399996e-236,1.0,2007-02-01,2000-09-01,2007-01-31,1610.0,risk_on
2007-02-21,risk_on,risk_on,2.636695152664964e-196,3.8046645009094743e-236,1.0,2007-02-01,2000-09-01,2007-01-31,1610.0,risk_on
2007-02-22,risk_on,risk_on,5.318116631753342e-194,6.176960019618345e-236,1.0,2007-02-01,2000-09-01,2007-01-31,1610.0,risk_on
2007-02-23,risk_on,risk_on,8.502761125082827e-192,1.5667942483431088e-240,1.0,2007-02-01,2000-09-01,2007-01-31,1610.0,risk_on
2007-02-26,risk_on,risk_on,1.7651228925241345e-197,2.064115244673491e-238,1.0,2007-02-01,2000-09-01,2007-01-31,1610.0,risk_on
2007-02-27,risk_off,risk_on,8.300317818652527e-278,3.3703281867866954e-206,1.0,2007-02-01,2000-09-01,2007-01-31,1610.0,risk_on
2007-02-28,risk_on,risk_on,1.18113430697118e-259,4.706809739699966e-214,1.0,2007-02-01,2000-09-01,2007-01-31,1610.0,risk_on
2007-03-01,risk_on,risk_on,1.929055675433761e-179,0.0,1.0,2007-03-01,2000-09-01,2007-02-28,1629.0,risk_on
2007-03-02,risk_on,risk_on,1.4826237319056894e-183,0.0,1.0,2007-03-01,2000-09-01,2007-02-28,1629.0,risk_on
2007-03-05,risk_on,risk_on,1.702131223783048e-182,0.0,1.0,2007-03-01,2000-09-01,2007-02-28,1629.0,risk_on
2007-03-06,risk_on,risk_on,2.4735713796571627e-175,0.0,1.0,2007-03-01,2000-09-01,2007-02-28,1629.0,risk_on
2007-03-07,risk_on,risk_on,1.13445179485591e-171,0.0,1.0,2007-03-01,2000-09-01,2007-02-28,1629.0,risk_on
2007-03-08,risk_on,risk_on,4.87520942351732e-168,3e-323,1.0,2007-03-01,2000-09-01,2007-02-28,1629.0,risk_on
2007-03-09,risk_on,risk_on,1.6198538460686997e-175,0.0,1.0,2007-03-01,2000-09-01,2007-02-28,1629.0,risk_on
2007-03-12,risk_on,risk_on,1.471805598447979e-165,6.357724e-317,1.0,2007-03-01,2000-09-01,2007-02-28,1629.0,risk_on
2007-03-13,risk_on,risk_on,7.610824483639451e-177,0.0,1.0,2007-03-01,2000-09-01,2007-02-28,1629.0,risk_on
2007-03-14,risk_on,risk_on,4.368974507623232e-168,7.6723e-320,1.0,2007-03-01,2000-09-01,2007-02-28,1629.0,risk_on
2007-03-15,risk_on,risk_on,1.636854298895227e-169,7.154e-321,1.0,2007-03-01,2000-09-01,2007-02-28,1629.0,risk_on
2007-03-16,risk_on,risk_on,6.965805829469233e-175,7.098347e-317,1.0,2007-03-01,2000-09-01,2007-02-28,1629.0,risk_on
2007-03-19,risk_on,risk_on,2.74881175790405e-166,1.383e-321,1.0,2007-03-01,2000-09-01,2007-02-28,1629.0,risk_on
2007-03-20,risk_on,risk_on,2.482589996863728e-164,5.8e-322,1.0,2007-03-01,2000-09-01,2007-02-28,1629.0,risk_on
2007-03-21,risk_on,risk_on,1.0366845567986371e-154,2.3211357863155747e-307,1.0,2007-03-01,2000-09-01,2007-02-28,1629.0,risk_on
2007-03-22,risk_on,risk_on,3.3402110018757287e-152,5.043926563176121e-299,1.0,2007-03-01,2000-09-01,2007-02-28,1629.0,risk_on
2007-03-23,risk_on,risk_on,9.465502931560156e-152,5.6335256671782575e-301,1.0,2007-03-01,2000-09-01,2007-02-28,1629.0,risk_on
2007-03-26,risk_on,risk_on,7.031969527090659e-150,8.932946709111312e-296,1.0,2007-03-01,2000-09-01,2007-02-28,1629.0,risk_on
2007-03-27,risk_on,risk_on,2.7023592636852345e-151,3.929711798395885e-298,1.0,2007-03-01,2000-09-01,2007-02-28,1629.0,risk_on
2007-03-28,risk_on,risk_on,1.8774528220785337e-138,7.962055969916906e-283,1.0,2007-03-01,2000-09-01,2007-02-28,1629.0,risk_on
2007-03-29,risk_on,risk_on,1.3222579858293471e-142,3.0872302795267076e-285,1.0,2007-03-01,2000-09-01,2007-02-28,1629.0,risk_on
2007-03-30,risk_on,risk_on,1.3823422240553329e-141,2.430171195363788e-280,1.0,2007-03-01,2000-09-01,2007-02-28,1629.0,risk_on
2007-04-02,risk_on,risk_on,3.3237413928797584e-193,0.0,1.0,2007-04-02,2000-09-01,2007-03-30,1651.0,risk_on
2007-04-03,risk_on,risk_on,8.414703362824522e-188,0.0,1.0,2007-04-02,2000-09-01,2007-03-30,1651.0,risk_on
2007-04-04,risk_on,risk_on,2.7357685099786e-176,0.0,1.0,2007-04-02,2000-09-01,2007-03-30,1651.0,risk_on
2007-04-05,risk_on,risk_on,2.1084331497730515e-169,0.0,1.0,2007-04-02,2000-09-01,2007-03-30,1651.0,risk_on
2007-04-09,risk_on,risk_on,7.308428445701676e-172,0.0,1.0,2007-04-02,2000-09-01,2007-03-30,1651.0,risk_on
2007-04-10,risk_on,risk_on,1.1518204973289187e-171,0.0,1.0,2007-04-02,2000-09-01,2007-03-30,1651.0,risk_on
2007-04-11,risk_on,risk_on,8.338130606141728e-187,0.0,1.0,2007-04-02,2000-09-01,2007-03-30,1651.0,risk_on
2007-04-12,risk_on,risk_on,2.2786982656413362e-180,0.0,1.0,2007-04-02,2000-09-01,2007-03-30,1651.0,risk_on
2007-04-13,risk_on,risk_on,3.359123987944582e-172,0.0,1.0,2007-04-02,2000-09-01,2007-03-30,1651.0,risk_on
2007-04-16,risk_on,risk_on,2.519641921396498e-164,0.0,1.0,2007-04-02,2000-09-01,2007-03-30,1651.0,risk_on
2007-04-17,risk_on,risk_on,9.364155440500297e-156,0.0,1.0,2007-04-02,2000-09-01,2007-03-30,1651.0,risk_on
2007-04-18,risk_on,risk_on,4.406576847565299e-157,0.0,1.0,2007-04-02,2000-09-01,2007-03-30,1651.0,risk_on
2007-04-19,risk_on,risk_on,7.47097182037911e-167,0.0,1.0,2007-04-02,2000-09-01,2007-03-30,1651.0,risk_on
2007-04-20,risk_on,risk_on,2.7673500563145743e-162,0.0,1.0,2007-04-02,2000-09-01,2007-03-30,1651.0,risk_on
2007-04-23,risk_on,risk_on,2.993961164524204e-153,0.0,1.0,2007-04-02,2000-09-01,2007-03-30,1651.0,risk_on
2007-04-24,risk_on,risk_on,6.588663956236937e-148,0.0,1.0,2007-04-02,2000-09-01,2007-03-30,1651.0,risk_on
2007-04-25,risk_on,risk_on,3.739357340915766e-152,0.0,1.0,2007-04-02,2000-09-01,2007-03-30,1651.0,risk_on
2007-04-26,risk_on,risk_on,1.279960522793163e-143,0.0,1.0,2007-04-02,2000-09-01,2007-03-30,1651.0,risk_on
2007-04-27,risk_on,risk_on,1.6542630732371344e-140,0.0,1.0,2007-04-02,2000-09-01,2007-03-30,1651.0,risk_on
2007-04-30,risk_on,risk_on,1.2565534326022593e-146,0.0,1.0,2007-04-02,2000-09-01,2007-03-30,1651.0,risk_on
2007-05-01,risk_on,neutral,1.0015623068762209e-249,1.0,1.1335345229262388e-61,2007-05-01,2000-09-01,2007-04-30,1671.0,risk_on
2007-05-02,risk_on,neutral,2.8218135266159368e-252,1.0,3.4854750540472983e-62,2007-05-01,2000-09-01,2007-04-30,1671.0,neutral
2007-05-03,risk_on,neutral,4.510945465456608e-252,1.0,1.7698935601520657e-67,2007-05-01,2000-09-01,2007-04-30,1671.0,neutral
2007-05-04,risk_on,neutral,3.39806880805013e-257,1.0,1.7580450661969432e-63,2007-05-01,2000-09-01,2007-04-30,1671.0,neutral
2007-05-07,risk_on,neutral,9.97675028373893e-261,1.0,9.959051983193707e-63,2007-05-01,2000-09-01,2007-04-30,1671.0,neutral
2007-05-08,risk_on,neutral,5.496202685801324e-257,1.0,6.261700978689284e-68,2007-05-01,2000-09-01,2007-04-30,1671.0,neutral
2007-05-09,risk_on,neutral,1.917564338131368e-257,1.0,5.06024647855896e-71,2007-05-01,2000-09-01,2007-04-30,1671.0,neutral
2007-05-10,risk_on,neutral,8.918190527579387e-268,1.0,2.540705911784523e-66,2007-05-01,2000-09-01,2007-04-30,1671.0,neutral
2007-05-11,risk_on,neutral,1.548693602332765e-262,1.0,8.89602705486142e-66,2007-05-01,2000-09-01,2007-04-30,1671.0,neutral
2007-05-14,risk_on,neutral,9.145691191826244e-264,1.0,1.7298718675162542e-67,2007-05-01,2000-09-01,2007-04-30,1671.0,neutral
2007-05-15,risk_on,neutral,7.0692069704785715e-270,1.0,3.695869840142776e-67,2007-05-01,2000-09-01,2007-04-30,1671.0,neutral
2007-05-16,risk_on,neutral,1.3833464636045963e-254,1.0,9.504088892334702e-69,2007-05-01,2000-09-01,2007-04-30,1671.0,neutral
2007-05-17,risk_on,neutral,8.502036517041505e-261,1.0,1.0090125003961431e-68,2007-05-01,2000-09-01,2007-04-30,1671.0,neutral
2007-05-18,risk_on,neutral,9.641530931096616e-263,1.0,1.9311130634849962e-67,2007-05-01,2000-09-01,2007-04-30,1671.0,neutral
2007-05-21,risk_on,neutral,3.738779582952405e-263,1.0,3.465929763425054e-70,2007-05-01,2000-09-01,2007-04-30,1671.0,neutral
2007-05-22,risk_on,neutral,9.514976353214669e-261,1.0,1.3145058570922972e-67,2007-05-01,2000-09-01,2007-04-30,1671.0,neutral
2007-05-23,risk_on,neutral,1.092316725162054e-264,1.0,1.633957788955959e-66,2007-05-01,2000-09-01,2007-04-30,1671.0,neutral
2007-05-24,risk_on,neutral,2.4854980747995282e-284,1.0,6.032989056367775e-68,2007-05-01,2000-09-01,2007-04-30,1671.0,neutral
2007-05-25,risk_on,neutral,2.931025148531785e-276,1.0,3.248395473126403e-62,2007-05-01,2000-09-01,2007-04-30,1671.0,neutral
2007-05-29,risk_on,neutral,7.661882102428373e-285,1.0,3.7820251407142237e-69,2007-05-01,2000-09-01,2007-04-30,1671.0,neutral
2007-05-30,risk_on,neutral,1.0431371836405027e-274,1.0,1.5018043211270293e-73,2007-05-01,2000-09-01,2007-04-30,1671.0,neutral
2007-05-31,risk_on,neutral,4.534870587802626e-270,1.0,2.58144848281991e-75,2007-05-01,2000-09-01,2007-04-30,1671.0,neutral
2007-06-01,risk_on,risk_on,0.0,4.698634603852399e-16,1.0,2007-06-01,2000-09-01,2007-05-31,1693.0,neutral
2007-06-04,risk_on,risk_on,0.0,1.9780159197770455e-15,0.9999999999999982,2007-06-01,2000-09-01,2007-05-31,1693.0,risk_on
2007-06-05,risk_on,risk_on,0.0,8.065012297457366e-15,0.9999999999999929,2007-06-01,2000-09-01,2007-05-31,1693.0,risk_on
2007-06-06,risk_on,risk_on,0.0,2.236165883826834e-14,0.9999999999999769,2007-06-01,2000-09-01,2007-05-31,1693.0,risk_on
2007-06-07,risk_on,risk_on,0.0,8.657420808169263e-13,0.9999999999991331,2007-06-01,2000-09-01,2007-05-31,1693.0,risk_on
2007-06-08,risk_on,risk_on,0.0,8.981333724440523e-15,0.9999999999999929,2007-06-01,2000-09-01,2007-05-31,1693.0,risk_on
2007-06-11,risk_on,risk_on,0.0,8.15533333092498e-16,1.0,2007-06-01,2000-09-01,2007-05-31,1693.0,risk_on
2007-06-12,risk_on,risk_on,0.0,9.62536168193489e-13,0.9999999999990372,2007-06-01,2000-09-01,2007-05-31,1693.0,risk_on
2007-06-13,risk_on,risk_on,0.0,1.1830829546302398e-13,0.9999999999998828,2007-06-01,2000-09-01,2007-05-31,1693.0,risk_on
2007-06-14,risk_on,risk_on,0.0,1.590999485774967e-12,0.9999999999984084,2007-06-01,2000-09-01,2007-05-31,1693.0,risk_on
2007-06-15,risk_on,risk_on,0.0,3.6016547564713104e-17,1.0,2007-06-01,2000-09-01,2007-05-31,1693.0,risk_on
2007-06-18,risk_on,risk_on,0.0,7.558281599388933e-20,1.0,2007-06-01,2000-09-01,2007-05-31,1693.0,risk_on
2007-06-19,risk_on,risk_on,0.0,4.032819546741814e-20,1.0,2007-06-01,2000-09-01,2007-05-31,1693.0,risk_on
2007-06-20,risk_on,risk_on,0.0,5.898996850974589e-22,1.0,2007-06-01,2000-09-01,2007-05-31,1693.0,risk_on
2007-06-21,risk_on,risk_on,0.0,2.595743420344006e-24,1.0,2007-06-01,2000-09-01,2007-05-31,1693.0,risk_on
2007-06-22,risk_on,risk_on,0.0,1.0921382314113162e-25,1.0,2007-06-01,2000-09-01,2007-05-31,1693.0,risk_on
2007-06-25,risk_on,risk_on,0.0,1.3518551165792315e-26,1.0,2007-06-01,2000-09-01,2007-05-31,1693.0,risk_on
2007-06-26,risk_on,risk_on,0.0,5.449231678734278e-25,1.0,2007-06-01,2000-09-01,2007-05-31,1693.0,risk_on
2007-06-27,risk_on,risk_on,0.0,6.930795574511837e-25,1.0,2007-06-01,2000-09-01,2007-05-31,1693.0,risk_on
2007-06-28,risk_on,risk_on,0.0,7.481633077905832e-25,1.0,2007-06-01,2000-09-01,2007-05-31,1693.0,risk_on
2007-06-29,risk_on,risk_on,0.0,7.182097840263023e-23,1.0,2007-06-01,2000-09-01,2007-05-31,1693.0,risk_on
2007-07-02,risk_on,risk_on,2.3941266921905947e-193,0.0,1.0,2007-07-02,2000-09-01,2007-06-29,1714.0,risk_on
2007-07-03,risk_on,risk_on,8.261801906502352e-182,0.0,1.0,2007-07-02,2000-09-01,2007-06-29,1714.0,risk_on
2007-07-05,risk_on,risk_on,9.583440406438501e-192,0.0,1.0,2007-07-02,2000-09-01,2007-06-29,1714.0,risk_on
2007-07-06,risk_on,risk_on,1.3813732783976173e-191,0.0,1.0,2007-07-02,2000-09-01,2007-06-29,1714.0,risk_on
2007-07-09,risk_on,risk_on,2.981792865835208e-180,0.0,1.0,2007-07-02,2000-09-01,2007-06-29,1714.0,risk_on
2007-07-10,risk_on,risk_on,3.3113768406095087e-206,0.0,1.0,2007-07-02,2000-09-01,2007-06-29,1714.0,risk_on
2007-07-11,risk_on,risk_on,2.3606414709080577e-191,0.0,1.0,2007-07-02,2000-09-01,2007-06-29,1714.0,risk_on
2007-07-12,risk_on,risk_on,2.5268022249303705e-189,0.0,1.0,2007-07-02,2000-09-01,2007-06-29,1714.0,risk_on
2007-07-13,risk_on,risk_on,1.2624450033676258e-191,0.0,1.0,2007-07-02,2000-09-01,2007-06-29,1714.0,risk_on
2007-07-16,risk_on,risk_on,4.7220480802462046e-183,0.0,1.0,2007-07-02,2000-09-01,2007-06-29,1714.0,risk_on
2007-07-17,risk_on,risk_on,2.323202072024269e-195,0.0,1.0,2007-07-02,2000-09-01,2007-06-29,1714.0,risk_on
2007-07-18,risk_on,risk_on,1.1007140017120795e-196,0.0,1.0,2007-07-02,2000-09-01,2007-06-29,1714.0,risk_on
2007-07-19,risk_on,risk_on,1.499763559294733e-188,0.0,1.0,2007-07-02,2000-09-01,2007-06-29,1714.0,risk_on
2007-07-20,risk_on,risk_on,3.642614315942793e-222,0.0,1.0,2007-07-02,2000-09-01,2007-06-29,1714.0,risk_on
2007-07-23,risk_on,risk_on,1.1674328422520439e-206,0.0,1.0,2007-07-02,2000-09-01,2007-06-29,1714.0,risk_on
2007-07-24,risk_on,risk_on,5.724418583066061e-232,0.0,1.0,2007-07-02,2000-09-01,2007-06-29,1714.0,risk_on
2007-07-25,risk_on,risk_on,9.907600629107278e-233,0.0,1.0,2007-07-02,2000-09-01,2007-06-29,1714.0,risk_on
2007-07-26,risk_off,risk_on,3.251686980219579e-276,0.0,1.0,2007-07-02,2000-09-01,2007-06-29,1714.0,risk_on
2007-07-27,risk_off,risk_on,6.7168380143e-314,0.0,1.0,2007-07-02,2000-09-01,2007-06-29,1714.0,risk_on
2007-07-30,risk_off,risk_on,2.2159176770550313e-265,0.0,1.0,2007-07-02,2000-09-01,2007-06-29,1714.0,risk_on
2007-07-31,risk_off,risk_on,3.36e-322,0.0,1.0,2007-07-02,2000-09-01,2007-06-29,1714.0,risk_on
2007-08-01,risk_off,risk_on,0.0,0.0,1.0,2007-08-01,2000-09-01,2007-07-31,1735.0,risk_on
2007-08-02,risk_off,risk_on,0.0,4.1719969760511106e-263,1.0,2007-08-01,2000-09-01,2007-07-31,1735.0,risk_on
2007-08-03,risk_off,risk_on,0.0,2.197368106035067e-301,1.0,2007-08-01,2000-09-01,2007-07-31,1735.0,risk_on
2007-08-06,risk_off,risk_on,0.0,1.8764054741429004e-275,1.0,2007-08-01,2000-09-01,2007-07-31,1735.0,risk_on
2007-08-07,risk_off,risk_on,0.0,1.5960459971397436e-260,1.0,2007-08-01,2000-09-01,2007-07-31,1735.0,risk_on
2007-08-08,risk_off,risk_on,0.0,2.0251458842444458e-258,1.0,2007-08-01,2000-09-01,2007-07-31,1735.0,risk_on
2007-08-09,risk_off,risk_on,0.0,6.559864815959925e-306,1.0,2007-08-01,2000-09-01,2007-07-31,1735.0,risk_on
2007-08-10,risk_off,risk_on,0.0,5e-324,1.0,2007-08-01,2000-09-01,2007-07-31,1735.0,risk_on
2007-08-13,risk_off,risk_on,0.0,3.7854200920042445e-268,1.0,2007-08-01,2000-09-01,2007-07-31,1735.0,risk_on
2007-08-14,risk_off,risk_on,0.0,3.949098016765837e-274,1.0,2007-08-01,2000-09-01,2007-07-31,1735.0,risk_on
2007-08-15,risk_off,risk_on,0.0,4.761259207262165e-302,1.0,2007-08-01,2000-09-01,2007-07-31,1735.0,risk_on
2007-08-16,risk_off,risk_on,0.0,0.0,1.0,2007-08-01,2000-09-01,2007-07-31,1735.0,risk_on
2007-08-17,risk_off,risk_on,0.0,4.4804004417260665e-285,1.0,2007-08-01,2000-09-01,2007-07-31,1735.0,risk_on
2007-08-20,risk_off,risk_on,0.0,5.162996794951133e-252,1.0,2007-08-01,2000-09-01,2007-07-31,1735.0,risk_on
2007-08-21,risk_off,risk_on,0.0,3.4072880232297746e-232,1.0,2007-08-01,2000-09-01,2007-07-31,1735.0,risk_on
2007-08-22,risk_off,risk_on,0.0,9.580527724973636e-220,1.0,2007-08-01,2000-09-01,2007-07-31,1735.0,risk_on
2007-08-23,risk_off,risk_on,0.0,1.4747656412490404e-220,1.0,2007-08-01,2000-09-01,2007-07-31,1735.0,risk_on
2007-08-24,risk_off,risk_on,0.0,3.1279568381474136e-215,1.0,2007-08-01,2000-09-01,2007-07-31,1735.0,risk_on
2007-08-27,risk_off,risk_on,0.0,1.0302635997253482e-219,1.0,2007-08-01,2000-09-01,2007-07-31,1735.0,risk_on
2007-08-28,risk_off,risk_on,0.0,6.019009274713216e-230,1.0,2007-08-01,2000-09-01,2007-07-31,1735.0,risk_on
2007-08-29,risk_off,risk_on,0.0,2.4034566836182955e-222,1.0,2007-08-01,2000-09-01,2007-07-31,1735.0,risk_on
2007-08-30,risk_off,risk_on,0.0,1.9600328792461696e-211,1.0,2007-08-01,2000-09-01,2007-07-31,1735.0,risk_on
2007-08-31,risk_off,risk_on,0.0,2.6287811340829318e-195,1.0,2007-08-01,2000-09-01,2007-07-31,1735.0,risk_on
2007-09-04,risk_off,neutral,1.3543530772489682e-249,1.0,4.550658256466419e-218,2007-09-04,2000-09-01,2007-08-31,1758.0,risk_on
2007-09-05,risk_off,neutral,4.099217103202896e-260,1.0,7.349267882529311e-212,2007-09-04,2000-09-01,2007-08-31,1758.0,neutral
2007-09-06,risk_off,neutral,9.062819642384306e-254,1.0,4.629746059331156e-214,2007-09-04,2000-09-01,2007-08-31,1758.0,neutral
2007-09-07,risk_off,neutral,4.512312665320048e-272,1.0,5.486766656950528e-223,2007-09-04,2000-09-01,2007-08-31,1758.0,neutral
2007-09-10,risk_off,neutral,2.0328378399323336e-264,1.0,7.934204971471592e-217,2007-09-04,2000-09-01,2007-08-31,1758.0,neutral
2007-09-11,risk_off,neutral,3.265619464721383e-251,1.0,2.0282190706907044e-220,2007-09-04,2000-09-01,2007-08-31,1758.0,neutral
2007-09-12,risk_off,neutral,8.93387565633631e-255,1.0,8.787451386988606e-223,2007-09-04,2000-09-01,2007-08-31,1758.0,neutral
2007-09-13,risk_off,neutral,3.173449358877585e-248,1.0,7.628154321347698e-226,2007-09-04,2000-09-01,2007-08-31,1758.0,neutral
2007-09-14,risk_off,neutral,1.2635674101191618e-234,1.0,6.607476746612358e-210,2007-09-04,2000-09-01,2007-08-31,1758.0,neutral
2007-09-17,risk_off,neutral,5.03993045521205e-265,1.0,1.4494618814991697e-207,2007-09-04,2000-09-01,2007-08-31,1758.0,neutral
2007-09-18,risk_off,neutral,4.193949666110328e-260,1.0,9.852001245171607e-222,2007-09-04,2000-09-01,2007-08-31,1758.0,neutral
2007-09-19,risk_off,neutral,3.612259488467919e-259,1.0,7.415751698497081e-225,2007-09-04,2000-09-01,2007-08-31,1758.0,neutral
2007-09-20,risk_off,neutral,5.414929672759748e-269,1.0,1.4057468373716368e-226,2007-09-04,2000-09-01,2007-08-31,1758.0,neutral
2007-09-21,risk_off,neutral,4.437212157331249e-244,1.0,2.310294615973383e-193,2007-09-04,2000-09-01,2007-08-31,1758.0,neutral
2007-09-24,risk_off,neutral,1.2142672084991838e-242,1.0,6.437862354197799e-193,2007-09-04,2000-09-01,2007-08-31,1758.0,neutral
2007-09-25,risk_off,neutral,3.58640935127424e-229,1.0,1.469741487382653e-190,2007-09-04,2000-09-01,2007-08-31,1758.0,neutral
2007-09-26,risk_off,neutral,5.959794668831404e-224,1.0,6.520527024409827e-196,2007-09-04,2000-09-01,2007-08-31,1758.0,neutral
2007-09-27,risk_off,neutral,5.032495468377803e-217,1.0,1.3383254139067716e-193,2007-09-04,2000-09-01,2007-08-31,1758.0,neutral
2007-09-28,risk_off,neutral,5.924137983092441e-193,1.0,8.470838434406714e-150,2007-09-04,2000-09-01,2007-08-31,1758.0,neutral
2007-10-01,risk_off,risk_off,1.0,2.0753522626730104e-54,0.0,2007-10-01,2000-09-01,2007-09-28,1777.0,neutral
2007-10-02,risk_off,risk_off,1.0,1.7144325519508723e-56,0.0,2007-10-01,2000-09-01,2007-09-28,1777.0,risk_off
2007-10-03,risk_off,risk_off,1.0,2.3533990444444693e-58,0.0,2007-10-01,2000-09-01,2007-09-28,1777.0,risk_off
2007-10-04,risk_off,risk_off,1.0,1.3141381270207356e-58,0.0,2007-10-01,2000-09-01,2007-09-28,1777.0,risk_off
2007-10-05,risk_off,risk_off,1.0,5.110486791723807e-47,8.84702274565e-313,2007-10-01,2000-09-01,2007-09-28,1777.0,risk_off
2007-10-08,risk_off,risk_off,1.0,1.072908342337351e-41,1.2501623540347e-311,2007-10-01,2000-09-01,2007-09-28,1777.0,risk_off
2007-10-09,risk_off,risk_off,1.0,1.2465498385729689e-41,3.351486890386e-312,2007-10-01,2000-09-01,2007-09-28,1777.0,risk_off
2007-10-10,risk_off,risk_off,1.0,8.499497300980397e-43,4.2835344213e-314,2007-10-01,2000-09-01,2007-09-28,1777.0,risk_off
2007-10-11,risk_off,risk_off,1.0,8.357523495372406e-34,6.709846388950447e-297,2007-10-01,2000-09-01,2007-09-28,1777.0,risk_off
2007-10-12,risk_off,risk_off,1.0,4.2728644917727376e-38,1.616290695566559e-279,2007-10-01,2000-09-01,2007-09-28,1777.0,risk_off
2007-10-15,risk_off,risk_off,1.0,4.2657578980644434e-38,1.1754030806660113e-282,2007-10-01,2000-09-01,2007-09-28,1777.0,risk_off
2007-10-16,risk_off,risk_off,1.0,9.040862240068961e-22,3.072226983849101e-272,2007-10-01,2000-09-01,2007-09-28,1777.0,risk_off
2007-10-17,risk_off,risk_off,1.0,8.600828929278368e-25,8.784178520951559e-279,2007-10-01,2000-09-01,2007-09-28,1777.0,risk_off
2007-10-18,risk_off,risk_off,1.0,1.1466676433829353e-28,2.5832696402306317e-285,2007-10-01,2000-09-01,2007-09-28,1777.0,risk_off
2007-10-19,risk_off,risk_off,1.0,5.473303776508395e-18,1.9206743017559697e-277,2007-10-01,2000-09-01,2007-09-28,1777.0,risk_off
2007-10-22,risk_off,risk_off,1.0,3.2930684459300323e-22,1.7009710505002487e-283,2007-10-01,2000-09-01,2007-09-28,1777.0,risk_off
2007-10-23,risk_off,risk_off,1.0,1.2024023573003747e-29,4.41509722542246e-289,2007-10-01,2000-09-01,2007-09-28,1777.0,risk_off
2007-10-24,risk_off,risk_off,0.9999994472210254,5.527789708496874e-07,4.3152749061200713e-268,2007-10-01,2000-09-01,2007-09-28,1777.0,risk_off
2007-10-25,risk_off,risk_off,1.0,1.0408988033261317e-18,9.48852596718475e-282,2007-10-01,2000-09-01,2007-09-28,1777.0,risk_off
2007-10-26,risk_off,risk_off,1.0,1.3978569297328213e-35,1.1476610877786e-311,2007-10-01,2000-09-01,2007-09-28,1777.0,risk_off
2007-10-29,risk_off,risk_off,1.0,2.7129159192178573e-34,7.9879027e-317,2007-10-01,2000-09-01,2007-09-28,1777.0,risk_off
2007-10-30,risk_off,risk_off,1.0,1.4481438852427481e-32,7.984412316e-315,2007-10-01,2000-09-01,2007-09-28,1777.0,risk_off
2007-10-31,risk_off,risk_off,1.0,2.988103154546015e-28,1.70505072621897e-309,2007-10-01,2000-09-01,2007-09-28,1777.0,risk_off
2007-11-01,risk_off,risk_off,1.0,1.2008277583311179e-180,6.199725648970344e-122,2007-11-01,2000-09-01,2007-10-31,1800.0,risk_off
2007-11-02,risk_off,risk_off,1.0,2.3159193643906546e-205,1.316699735042702e-147,2007-11-01,2000-09-01,2007-10-31,1800.0,risk_off
2007-11-05,risk_off,risk_off,1.0,7.2981428426883085e-183,2.338285762991754e-138,2007-11-01,2000-09-01,2007-10-31,1800.0,risk_off
2007-11-06,risk_off,risk_off,1.0,1.4572183425181355e-179,4.674295096326917e-144,2007-11-01,2000-09-01,2007-10-31,1800.0,risk_off
2007-11-07,risk_off,risk_off,1.0,1.0107397506548587e-193,6.102979547510713e-137,2007-11-01,2000-09-01,2007-10-31,1800.0,risk_off
2007-11-08,risk_off,risk_off,1.0,5.623780404401461e-267,1.954589517707708e-161,2007-11-01,2000-09-01,2007-10-31,1800.0,risk_off
2007-11-09,risk_off,risk_off,1.0,3.8529220703659763e-264,1.6968839370077437e-183,2007-11-01,2000-09-01,2007-10-31,1800.0,risk_off
2007-11-12,risk_off,risk_off,1.0,2.1740132111897955e-255,3.809706580585606e-175,2007-11-01,2000-09-01,2007-10-31,1800.0,risk_off
2007-11-13,risk_off,risk_off,1.0,1.4690822552972602e-236,3.960761320138187e-195,2007-11-01,2000-09-01,2007-10-31,1800.0,risk_off
2007-11-14,risk_off,risk_off,1.0,1.3578458885599548e-240,3.6723281068094364e-187,2007-11-01,2000-09-01,2007-10-31,1800.0,risk_off
2007-11-15,risk_off,risk_off,1.0,2.8620921901062674e-221,9.694548275587758e-175,2007-11-01,2000-09-01,2007-10-31,1800.0,risk_off
2007-11-16,risk_off,risk_off,1.0,6.105381185403362e-264,1.4997461061933607e-230,2007-11-01,2000-09-01,2007-10-31,1800.0,risk_off
2007-11-19,risk_off,risk_off,1.0,4.1919501671593057e-225,4.763903121462099e-221,2007-11-01,2000-09-01,2007-10-31,1800.0,risk_off
2007-11-20,risk_off,risk_off,1.0,2.081862961953104e-266,2.6342078346250634e-237,2007-11-01,2000-09-01,2007-10-31,1800.0,risk_off
2007-11-21,risk_off,risk_off,1.0,1.2609224570456546e-223,7.935950072122944e-221,2007-11-01,2000-09-01,2007-10-31,1800.0,risk_off
2007-11-23,risk_off,risk_off,1.0,1.8838730243162712e-227,1.4416427835550714e-263,2007-11-01,2000-09-01,2007-10-31,1800.0,risk_off
2007-11-26,risk_off,risk_off,1.0,6.242476218136359e-248,8.956809020229214e-268,2007-11-01,2000-09-01,2007-10-31,1800.0,risk_off
2007-11-27,risk_off,risk_off,1.0,3.212095036427668e-270,4.628685861341839e-282,2007-11-01,2000-09-01,2007-10-31,1800.0,risk_off
2007-11-28,risk_off,risk_off,1.0,1.6313841625799492e-279,5.705993428872999e-295,2007-11-01,2000-09-01,2007-10-31,1800.0,risk_off
2007-11-29,risk_off,risk_off,1.0,2.3381987724463224e-264,2.5065497131211436e-292,2007-11-01,2000-09-01,2007-10-31,1800.0,risk_off
2007-11-30,risk_off,risk_off,1.0,5.2729720899353e-310,0.0,2007-11-01,2000-09-01,2007-10-31,1800.0,risk_off
2007-12-03,risk_off,risk_off,1.0,2.15611377646095e-200,0.0,2007-12-03,2000-09-01,2007-11-30,1821.0,risk_off
2007-12-04,risk_off,risk_off,1.0,1.0287376029818277e-195,0.0,2007-12-03,2000-09-01,2007-11-30,1821.0,risk_off
2007-12-05,risk_off,risk_off,1.0,1.0346817894991528e-202,0.0,2007-12-03,2000-09-01,2007-11-30,1821.0,risk_off
2007-12-06,risk_off,risk_off,1.0,1.798907395432592e-195,0.0,2007-12-03,2000-09-01,2007-11-30,1821.0,risk_off
2007-12-07,risk_off,risk_off,1.0,1.9581347299815012e-215,0.0,2007-12-03,2000-09-01,2007-11-30,1821.0,risk_off
2007-12-10,risk_off,risk_off,1.0,1.890319619549288e-215,0.0,2007-12-03,2000-09-01,2007-11-30,1821.0,risk_off
2007-12-11,risk_off,risk_off,1.0,2.907269943806379e-229,0.0,2007-12-03,2000-09-01,2007-11-30,1821.0,risk_off
2007-12-12,risk_off,risk_off,1.0,2.3347763186697574e-235,0.0,2007-12-03,2000-09-01,2007-11-30,1821.0,risk_off
2007-12-13,risk_off,risk_off,1.0,1.5361979763637555e-227,0.0,2007-12-03,2000-09-01,2007-11-30,1821.0,risk_off
2007-12-14,risk_off,risk_off,1.0,1.889174644626888e-225,0.0,2007-12-03,2000-09-01,2007-11-30,1821.0,risk_off
2007-12-17,risk_off,risk_off,1.0,1.0498960661504266e-239,0.0,2007-12-03,2000-09-01,2007-11-30,1821.0,risk_off
2007-12-18,risk_off,risk_off,1.0,2.351135501378117e-250,0.0,2007-12-03,2000-09-01,2007-11-30,1821.0,risk_off
2007-12-19,risk_off,risk_off,1.0,9.033516544642916e-254,0.0,2007-12-03,2000-09-01,2007-11-30,1821.0,risk_off
2007-12-20,risk_off,risk_off,1.0,8.528494440794723e-255,0.0,2007-12-03,2000-09-01,2007-11-30,1821.0,risk_off
2007-12-21,risk_off,risk_off,1.0,6.419409797006521e-242,0.0,2007-12-03,2000-09-01,2007-11-30,1821.0,risk_off
2007-12-24,risk_off,risk_off,1.0,1.6954138547961397e-230,0.0,2007-12-03,2000-09-01,2007-11-30,1821.0,risk_off
2007-12-26,risk_off,risk_off,1.0,1.2992878297576221e-232,0.0,2007-12-03,2000-09-01,2007-11-30,1821.0,risk_off
2007-12-27,risk_off,risk_off,1.0,1.4868738967482478e-233,0.0,2007-12-03,2000-09-01,2007-11-30,1821.0,risk_off
2007-12-28,risk_off,risk_off,1.0,4.88254739912964e-221,0.0,2007-12-03,2000-09-01,2007-11-30,1821.0,risk_off
2007-12-31,risk_off,risk_off,1.0,1.952778438592624e-214,0.0,2007-12-03,2000-09-01,2007-11-30,1821.0,risk_off
2008-01-02,risk_off,neutral,0.0,1.0,0.0,2008-01-02,2000-09-01,2007-12-31,1841.0,risk_off
2008-01-03,risk_off,neutral,0.0,1.0,0.0,2008-01-02,2000-09-01,2007-12-31,1841.0,neutral
2008-01-04,risk_off,neutral,0.0,1.0,0.0,2008-01-02,2000-09-01,2007-12-31,1841.0,neutral
2008-01-07,risk_off,neutral,0.0,1.0,0.0,2008-01-02,2000-09-01,2007-12-31,1841.0,neutral
2008-01-08,risk_off,neutral,0.0,1.0,0.0,2008-01-02,2000-09-01,2007-12-31,1841.0,neutral
2008-01-09,risk_off,neutral,0.0,1.0,0.0,2008-01-02,2000-09-01,2007-12-31,1841.0,neutral
2008-01-10,risk_off,neutral,0.0,1.0,0.0,2008-01-02,2000-09-01,2007-12-31,1841.0,neutral
2008-01-11,risk_off,neutral,0.0,1.0,0.0,2008-01-02,2000-09-01,2007-12-31,1841.0,neutral
2008-01-14,risk_off,neutral,2.5247642491746605e-302,1.0,0.0,2008-01-02,2000-09-01,2007-12-31,1841.0,neutral
2008-01-15,risk_off,neutral,3.943486085610564e-305,1.0,0.0,2008-01-02,2000-09-01,2007-12-31,1841.0,neutral
2008-01-16,risk_off,neutral,1.5932214824367017e-306,1.0,0.0,2008-01-02,2000-09-01,2007-12-31,1841.0,neutral
2008-01-17,risk_off,neutral,1.4085728568022707e-288,1.0,0.0,2008-01-02,2000-09-01,2007-12-31,1841.0,neutral
2008-01-18,risk_off,neutral,6.336915713789956e-289,1.0,0.0,2008-01-02,2000-09-01,2007-12-31,1841.0,neutral
2008-01-22,risk_off,neutral,6.39505111731365e-290,1.0,0.0,2008-01-02,2000-09-01,2007-12-31,1841.0,neutral
2008-01-23,risk_off,neutral,2.514972518e-314,1.0,0.0,2008-01-02,2000-09-01,2007-12-31,1841.0,neutral
2008-01-24,risk_off,neutral,2.5784935329585857e-272,1.0,0.0,2008-01-02,2000-09-01,2007-12-31,1841.0,neutral
2008-01-25,risk_off,neutral,3.764592440126862e-259,1.0,0.0,2008-01-02,2000-09-01,2007-12-31,1841.0,neutral
2008-01-28,risk_off,neutral,1.2581794172976533e-252,1.0,0.0,2008-01-02,2000-09-01,2007-12-31,1841.0,neutral
2008-01-29,risk_off,neutral,8.798772149593494e-259,1.0,0.0,2008-01-02,2000-09-01,2007-12-31,1841.0,neutral
2008-01-30,risk_off,neutral,9.42389065167811e-283,1.0,0.0,2008-01-02,2000-09-01,2007-12-31,1841.0,neutral
2008-01-31,risk_off,neutral,2.3368274325355373e-293,1.0,0.0,2008-01-02,2000-09-01,2007-12-31,1841.0,neutral
2008-02-01,risk_off,neutral,4.700902652660717e-287,1.0,0.0,2008-02-01,2000-09-01,2008-01-31,1862.0,neutral
2008-02-04,risk_off,neutral,6.901242034504738e-266,1.0,0.0,2008-02-01,2000-09-01,2008-01-31,1862.0,neutral
2008-02-05,risk_off,neutral,4.3958441661790045e-288,1.0,0.0,2008-02-01,2000-09-01,2008-01-31,1862.0,neutral
2008-02-06,risk_off,neutral,4.8160080953740614e-284,1.0,0.0,2008-02-01,2000-09-01,2008-01-31,1862.0,neutral
2008-02-07,risk_off,neutral,0.0,1.0,0.0,2008-02-01,2000-09-01,2008-01-31,1862.0,neutral
2008-02-08,risk_off,neutral,1.7053113591907442e-298,1.0,0.0,2008-02-01,2000-09-01,2008-01-31,1862.0,neutral
2008-02-11,risk_off,neutral,4.241378010240112e-272,1.0,0.0,2008-02-01,2000-09-01,2008-01-31,1862.0,neutral
2008-02-12,risk_off,neutral,6.67382809452363e-288,1.0,0.0,2008-02-01,2000-09-01,2008-01-31,1862.0,neutral
2008-02-13,risk_off,neutral,3.2533942956077804e-286,1.0,0.0,2008-02-01,2000-09-01,2008-01-31,1862.0,neutral
2008-02-14,risk_off,neutral,6.04481275066633e-300,1.0,0.0,2008-02-01,2000-09-01,2008-01-31,1862.0,neutral
2008-02-15,risk_off,neutral,0.0,1.0,0.0,2008-02-01,2000-09-01,2008-01-31,1862.0,neutral
2008-02-19,risk_off,neutral,1.5e-323,1.0,0.0,2008-02-01,2000-09-01,2008-01-31,1862.0,neutral
2008-02-20,risk_off,neutral,0.0,1.0,0.0,2008-02-01,2000-09-01,2008-01-31,1862.0,neutral
2008-02-21,risk_off,neutral,0.0,1.0,0.0,2008-02-01,2000-09-01,2008-01-31,1862.0,neutral
2008-02-22,risk_off,neutral,0.0,1.0,0.0,2008-02-01,2000-09-01,2008-01-31,1862.0,neutral
2008-02-25,risk_off,neutral,0.0,1.0,0.0,2008-02-01,2000-09-01,2008-01-31,1862.0,neutral
2008-02-26,risk_off,neutral,0.0,1.0,0.0,2008-02-01,2000-09-01,2008-01-31,1862.0,neutral
2008-02-27,risk_off,neutral,0.0,1.0,0.0,2008-02-01,2000-09-01,2008-01-31,1862.0,neutral
2008-02-28,risk_off,neutral,0.0,1.0,0.0,2008-02-01,2000-09-01,2008-01-31,1862.0,neutral
2008-02-29,risk_off,neutral,0.0,1.0,0.0,2008-02-01,2000-09-01,2008-01-31,1862.0,neutral
2008-03-03,risk_off,neutral,0.0,1.0,0.0,2008-03-03,2000-09-01,2008-02-29,1882.0,neutral
2008-03-04,risk_off,neutral,0.0,1.0,0.0,2008-03-03,2000-09-01,2008-02-29,1882.0,neutral
2008-03-05,risk_off,neutral,0.0,1.0,0.0,2008-03-03,2000-09-01,2008-02-29,1882.0,neutral
2008-03-06,risk_off,neutral,0.0,1.0,0.0,2008-03-03,2000-09-01,2008-02-29,1882.0,neutral
2008-03-07,risk_off,neutral,0.0,1.0,0.0,2008-03-03,2000-09-01,2008-02-29,1882.0,neutral
2008-03-10,risk_off,neutral,0.0,1.0,0.0,2008-03-03,2000-09-01,2008-02-29,1882.0,neutral
2008-03-11,risk_off,neutral,0.0,1.0,0.0,2008-03-03,2000-09-01,2008-02-29,1882.0,neutral
2008-03-12,risk_off,neutral,0.0,1.0,0.0,2008-03-03,2000-09-01,2008-02-29,1882.0,neutral
2008-03-13,risk_off,neutral,0.0,1.0,0.0,2008-03-03,2000-09-01,2008-02-29,1882.0,neutral
2008-03-14,risk_off,neutral,0.0,1.0,0.0,2008-03-03,2000-09-01,2008-02-29,1882.0,neutral
2008-03-17,risk_off,neutral,0.0,1.0,0.0,2008-03-03,2000-09-01,2008-02-29,1882.0,neutral
2008-03-18,risk_off,neutral,0.0,1.0,0.0,2008-03-03,2000-09-01,2008-02-29,1882.0,neutral
2008-03-19,risk_off,neutral,0.0,1.0,0.0,2008-03-03,2000-09-01,2008-02-29,1882.0,neutral
2008-03-20,risk_off,neutral,0.0,1.0,0.0,2008-03-03,2000-09-01,2008-02-29,1882.0,neutral
2008-03-24,risk_off,neutral,0.0,1.0,0.0,2008-03-03,2000-09-01,2008-02-29,1882.0,neutral
2008-03-25,risk_off,neutral,0.0,1.0,0.0,2008-03-03,2000-09-01,2008-02-29,1882.0,neutral
2008-03-26,risk_off,neutral,0.0,1.0,0.0,2008-03-03,2000-09-01,2008-02-29,1882.0,neutral
2008-03-27,risk_off,neutral,0.0,1.0,0.0,2008-03-03,2000-09-01,2008-02-29,1882.0,neutral
2008-03-28,risk_off,neutral,0.0,1.0,0.0,2008-03-03,2000-09-01,2008-02-29,1882.0,neutral
2008-03-31,risk_off,neutral,0.0,1.0,0.0,2008-03-03,2000-09-01,2008-02-29,1882.0,neutral
2008-04-01,risk_off,neutral,0.0,1.0,0.0,2008-04-01,2000-09-01,2008-03-31,1902.0,neutral
2008-04-02,risk_off,neutral,0.0,1.0,0.0,2008-04-01,2000-09-01,2008-03-31,1902.0,neutral
2008-04-03,risk_off,neutral,0.0,1.0,0.0,2008-04-01,2000-09-01,2008-03-31,1902.0,neutral
2008-04-04,risk_off,neutral,0.0,1.0,0.0,2008-04-01,2000-09-01,2008-03-31,1902.0,neutral
2008-04-07,risk_off,neutral,0.0,1.0,0.0,2008-04-01,2000-09-01,2008-03-31,1902.0,neutral
2008-04-08,risk_off,neutral,0.0,1.0,0.0,2008-04-01,2000-09-01,2008-03-31,1902.0,neutral
2008-04-09,risk_off,neutral,0.0,1.0,0.0,2008-04-01,2000-09-01,2008-03-31,1902.0,neutral
2008-04-10,risk_off,neutral,0.0,1.0,0.0,2008-04-01,2000-09-01,2008-03-31,1902.0,neutral
2008-04-11,risk_off,neutral,0.0,1.0,0.0,2008-04-01,2000-09-01,2008-03-31,1902.0,neutral
2008-04-14,risk_off,neutral,0.0,1.0,0.0,2008-04-01,2000-09-01,2008-03-31,1902.0,neutral
2008-04-15,risk_off,neutral,0.0,1.0,0.0,2008-04-01,2000-09-01,2008-03-31,1902.0,neutral
2008-04-16,risk_off,neutral,0.0,1.0,0.0,2008-04-01,2000-09-01,2008-03-31,1902.0,neutral
2008-04-17,risk_off,neutral,0.0,1.0,0.0,2008-04-01,2000-09-01,2008-03-31,1902.0,neutral
2008-04-18,risk_off,neutral,0.0,1.0,0.0,2008-04-01,2000-09-01,2008-03-31,1902.0,neutral
2008-04-21,risk_off,neutral,0.0,1.0,0.0,2008-04-01,2000-09-01,2008-03-31,1902.0,neutral
2008-04-22,risk_off,neutral,0.0,1.0,0.0,2008-04-01,2000-09-01,2008-03-31,1902.0,neutral
2008-04-23,risk_off,neutral,0.0,1.0,0.0,2008-04-01,2000-09-01,2008-03-31,1902.0,neutral
2008-04-24,risk_off,neutral,0.0,1.0,0.0,2008-04-01,2000-09-01,2008-03-31,1902.0,neutral
2008-04-25,risk_off,neutral,1.5e-323,1.0,0.0,2008-04-01,2000-09-01,2008-03-31,1902.0,neutral
2008-04-28,risk_off,neutral,2.3552304686e-314,1.0,0.0,2008-04-01,2000-09-01,2008-03-31,1902.0,neutral
2008-04-29,risk_off,neutral,1.209429412853e-311,1.0,0.0,2008-04-01,2000-09-01,2008-03-31,1902.0,neutral
2008-04-30,risk_off,neutral,0.0,1.0,0.0,2008-04-01,2000-09-01,2008-03-31,1902.0,neutral
2008-05-01,risk_off,risk_off,1.0,0.0,0.0,2008-05-01,2000-09-01,2008-04-30,1924.0,neutral
2008-05-02,risk_off,risk_off,1.0,0.0,0.0,2008-05-01,2000-09-01,2008-04-30,1924.0,risk_off
2008-05-05,risk_off,risk_off,1.0,3e-322,0.0,2008-05-01,2000-09-01,2008-04-30,1924.0,risk_off
2008-05-06,risk_off,risk_off,1.0,0.0,0.0,2008-05-01,2000-09-01,2008-04-30,1924.0,risk_off
2008-05-07,risk_off,risk_off,1.0,0.0,0.0,2008-05-01,2000-09-01,2008-04-30,1924.0,risk_off
2008-05-08,risk_off,risk_off,1.0,0.0,0.0,2008-05-01,2000-09-01,2008-04-30,1924.0,risk_off
2008-05-09,risk_off,risk_off,1.0,1.007023710344848e-295,0.0,2008-05-01,2000-09-01,2008-04-30,1924.0,risk_off
2008-05-12,risk_off,risk_off,1.0,5.20720423114155e-294,0.0,2008-05-01,2000-09-01,2008-04-30,1924.0,risk_off
2008-05-13,risk_off,risk_off,1.0,2.0008210499691416e-290,0.0,2008-05-01,2000-09-01,2008-04-30,1924.0,risk_off
2008-05-14,risk_off,risk_off,1.0,7.63135458853e-312,0.0,2008-05-01,2000-09-01,2008-04-30,1924.0,risk_off
2008-05-15,risk_off,risk_off,1.0,3.4353696e-315,0.0,2008-05-01,2000-09-01,2008-04-30,1924.0,risk_off
2008-05-16,risk_off,risk_off,1.0,3.1721818279522795e-301,0.0,2008-05-01,2000-09-01,2008-04-30,1924.0,risk_off
2008-05-19,risk_off,risk_off,1.0,1.8091056054095813e-300,0.0,2008-05-01,2000-09-01,2008-04-30,1924.0,risk_off
2008-05-20,risk_off,risk_off,1.0,9.134357714079941e-300,0.0,2008-05-01,2000-09-01,2008-04-30,1924.0,risk_off
2008-05-21,risk_off,risk_off,1.0,4.95696e-319,0.0,2008-05-01,2000-09-01,2008-04-30,1924.0,risk_off
2008-05-22,risk_off,risk_off,1.0,2.5719189955967985e-307,0.0,2008-05-01,2000-09-01,2008-04-30,1924.0,risk_off
2008-05-23,risk_off,risk_off,1.0,4.1170103474597873e-290,0.0,2008-05-01,2000-09-01,2008-04-30,1924.0,risk_off
2008-05-27,risk_off,risk_off,1.0,1.354569662343166e-280,0.0,2008-05-01,2000-09-01,2008-04-30,1924.0,risk_off
2008-05-28,risk_off,risk_off,1.0,6.155775099437339e-289,0.0,2008-05-01,2000-09-01,2008-04-30,1924.0,risk_off
2008-05-29,risk_off,risk_off,1.0,5.6468201799690196e-297,0.0,2008-05-01,2000-09-01,2008-04-30,1924.0,risk_off
2008-05-30,risk_off,risk_off,1.0,7.697118632121296e-290,0.0,2008-05-01,2000-09-01,2008-04-30,1924.0,risk_off
2008-06-02,risk_off,neutral,1.8287117613205942e-09,0.9999999981712886,0.0,2008-06-02,2000-09-01,2008-05-30,1945.0,risk_off
2008-06-03,risk_off,neutral,8.629451584594936e-07,0.9999991370548422,0.0,2008-06-02,2000-09-01,2008-05-30,1945.0,neutral
2008-06-04,risk_off,neutral,4.320040879957492e-07,0.9999995679959115,0.0,2008-06-02,2000-09-01,2008-05-30,1945.0,neutral
2008-06-05,risk_off,neutral,2.2796697164366308e-08,0.9999999772033032,0.0,2008-06-02,2000-09-01,2008-05-30,1945.0,neutral
2008-06-06,risk_off,neutral,1.1017687752758207e-06,0.9999988982312255,0.0,2008-06-02,2000-09-01,2008-05-30,1945.0,neutral
2008-06-09,risk_off,neutral,4.204796074215353e-09,0.9999999957952035,0.0,2008-06-02,2000-09-01,2008-05-30,1945.0,neutral
2008-06-10,risk_off,neutral,9.58064466985022e-09,0.9999999904193544,0.0,2008-06-02,2000-09-01,2008-05-30,1945.0,neutral
2008-06-11,risk_off,neutral,1.2672894055264065e-06,0.9999987327105943,0.0,2008-06-02,2000-09-01,2008-05-30,1945.0,neutral
2008-06-12,risk_off,neutral,5.367601870139666e-05,0.9999463239812961,0.0,2008-06-02,2000-09-01,2008-05-30,1945.0,neutral
2008-06-13,risk_off,neutral,5.509816922309397e-07,0.9999994490183067,0.0,2008-06-02,2000-09-01,2008-05-30,1945.0,neutral
2008-06-16,risk_off,neutral,5.144300316521147e-29,1.0,0.0,2008-06-02,2000-09-01,2008-05-30,1945.0,neutral
2008-06-17,risk_off,neutral,1.0981406567178679e-25,1.0,0.0,2008-06-02,2000-09-01,2008-05-30,1945.0,neutral
2008-06-18,risk_off,neutral,6.742755819970835e-27,1.0,0.0,2008-06-02,2000-09-01,2008-05-30,1945.0,neutral
2008-06-19,risk_off,neutral,1.4554125778076685e-25,1.0,0.0,2008-06-02,2000-09-01,2008-05-30,1945.0,neutral
2008-06-20,risk_off,neutral,1.43895366214143e-24,1.0,0.0,2008-06-02,2000-09-01,2008-05-30,1945.0,neutral
2008-06-23,risk_off,neutral,7.149534628646328e-26,1.0,0.0,2008-06-02,2000-09-01,2008-05-30,1945.0,neutral
2008-06-24,risk_off,neutral,1.8041985850448744e-21,1.0,0.0,2008-06-02,2000-09-01,2008-05-30,1945.0,neutral
2008-06-25,risk_off,neutral,5.610373457877499e-22,1.0,0.0,2008-06-02,2000-09-01,2008-05-30,1945.0,neutral
2008-06-26,risk_off,neutral,3.7234478812130183e-19,1.0,0.0,2008-06-02,2000-09-01,2008-05-30,1945.0,neutral
2008-06-27,risk_off,neutral,5.4547175143598545e-22,1.0,0.0,2008-06-02,2000-09-01,2008-05-30,1945.0,neutral
2008-06-30,risk_off,neutral,3.461442126733397e-23,1.0,0.0,2008-06-02,2000-09-01,2008-05-30,1945.0,neutral
2008-07-01,risk_off,neutral,4.020513375051274e-29,1.0,0.0,2008-07-01,2000-09-01,2008-06-30,1966.0,neutral
2008-07-02,risk_off,neutral,2.4077798541121605e-32,1.0,0.0,2008-07-01,2000-09-01,2008-06-30,1966.0,neutral
2008-07-03,risk_off,neutral,1.188369700491699e-31,1.0,0.0,2008-07-01,2000-09-01,2008-06-30,1966.0,neutral
2008-07-07,risk_off,neutral,4.4679706259611005e-30,1.0,0.0,2008-07-01,2000-09-01,2008-06-30,1966.0,neutral
2008-07-08,risk_off,neutral,8.675340655487838e-27,1.0,0.0,2008-07-01,2000-09-01,2008-06-30,1966.0,neutral
2008-07-09,risk_off,neutral,4.8216107046095505e-29,1.0,0.0,2008-07-01,2000-09-01,2008-06-30,1966.0,neutral
2008-07-10,risk_off,neutral,3.382397108504727e-27,1.0,0.0,2008-07-01,2000-09-01,2008-06-30,1966.0,neutral
2008-07-11,risk_off,neutral,1.6425554428232007e-31,1.0,0.0,2008-07-01,2000-09-01,2008-06-30,1966.0,neutral
2008-07-14,risk_off,neutral,5.355210807994536e-30,1.0,0.0,2008-07-01,2000-09-01,2008-06-30,1966.0,neutral
2008-07-15,risk_off,neutral,3.1104964381587325e-23,1.0,0.0,2008-07-01,2000-09-01,2008-06-30,1966.0,neutral
2008-07-16,risk_off,neutral,2.406615807352192e-14,0.9999999999999716,0.0,2008-07-01,2000-09-01,2008-06-30,1966.0,neutral
2008-07-17,risk_off,neutral,4.139959036041967e-19,1.0,0.0,2008-07-01,2000-09-01,2008-06-30,1966.0,neutral
2008-07-18,risk_off,neutral,6.62169755835109e-21,1.0,0.0,2008-07-01,2000-09-01,2008-06-30,1966.0,neutral
2008-07-21,risk_off,neutral,7.051844306835844e-19,1.0,0.0,2008-07-01,2000-09-01,2008-06-30,1966.0,neutral
2008-07-22,risk_off,neutral,8.411057430678453e-21,1.0,0.0,2008-07-01,2000-09-01,2008-06-30,1966.0,neutral
2008-07-23,risk_off,neutral,1.0607690833016487e-23,1.0,0.0,2008-07-01,2000-09-01,2008-06-30,1966.0,neutral
2008-07-24,risk_off,neutral,4.2120912757554216e-16,1.0,0.0,2008-07-01,2000-09-01,2008-06-30,1966.0,neutral
2008-07-25,risk_off,neutral,2.7247257902887558e-14,0.9999999999999716,0.0,2008-07-01,2000-09-01,2008-06-30,1966.0,neutral
2008-07-28,risk_off,neutral,1.0129368170676444e-13,0.9999999999999005,0.0,2008-07-01,2000-09-01,2008-06-30,1966.0,neutral
2008-07-29,risk_off,neutral,3.207800663708977e-14,0.9999999999999716,0.0,2008-07-01,2000-09-01,2008-06-30,1966.0,neutral
2008-07-30,risk_off,neutral,7.474434251399707e-16,1.0,0.0,2008-07-01,2000-09-01,2008-06-30,1966.0,neutral
2008-07-31,risk_off,neutral,6.246259945483672e-13,0.9999999999993747,0.0,2008-07-01,2000-09-01,2008-06-30,1966.0,neutral
2008-08-01,risk_off,risk_off,1.0,0.0,0.0,2008-08-01,2000-09-01,2008-07-31,1988.0,neutral
2008-08-04,risk_off,risk_off,1.0,0.0,0.0,2008-08-01,2000-09-01,2008-07-31,1988.0,risk_off
2008-08-05,risk_off,risk_off,1.0,0.0,0.0,2008-08-01,2000-09-01,2008-07-31,1988.0,risk_off
2008-08-06,risk_off,risk_off,1.0,0.0,0.0,2008-08-01,2000-09-01,2008-07-31,1988.0,risk_off
2008-08-07,risk_off,risk_off,1.0,0.0,0.0,2008-08-01,2000-09-01,2008-07-31,1988.0,risk_off
2008-08-08,risk_off,risk_off,1.0,1.09584e-319,0.0,2008-08-01,2000-09-01,2008-07-31,1988.0,risk_off
2008-08-11,risk_off,risk_off,1.0,0.0,0.0,2008-08-01,2000-09-01,2008-07-31,1988.0,risk_off
2008-08-12,risk_off,risk_off,1.0,8.250564586429238e-309,0.0,2008-08-01,2000-09-01,2008-07-31,1988.0,risk_off
2008-08-13,risk_off,risk_off,1.0,3.0912e-319,0.0,2008-08-01,2000-09-01,2008-07-31,1988.0,risk_off
2008-08-14,risk_off,risk_off,1.0,4.39654e-319,0.0,2008-08-01,2000-09-01,2008-07-31,1988.0,risk_off
2008-08-15,risk_off,risk_off,1.0,2.777e-321,0.0,2008-08-01,2000-09-01,2008-07-31,1988.0,risk_off
2008-08-18,risk_off,risk_off,1.0,0.0,0.0,2008-08-01,2000-09-01,2008-07-31,1988.0,risk_off
2008-08-19,risk_off,risk_off,1.0,0.0,0.0,2008-08-01,2000-09-01,2008-07-31,1988.0,risk_off
2008-08-20,risk_off,risk_off,1.0,0.0,0.0,2008-08-01,2000-09-01,2008-07-31,1988.0,risk_off
2008-08-21,risk_off,risk_off,1.0,0.0,0.0,2008-08-01,2000-09-01,2008-07-31,1988.0,risk_off
2008-08-22,risk_off,risk_off,1.0,0.0,0.0,2008-08-01,2000-09-01,2008-07-31,1988.0,risk_off
2008-08-25,risk_off,risk_off,1.0,0.0,0.0,2008-08-01,2000-09-01,2008-07-31,1988.0,risk_off
2008-08-26,risk_off,risk_off,1.0,0.0,0.0,2008-08-01,2000-09-01,2008-07-31,1988.0,risk_off
2008-08-27,risk_off,risk_off,1.0,0.0,0.0,2008-08-01,2000-09-01,2008-07-31,1988.0,risk_off
2008-08-28,risk_off,risk_off,1.0,0.0,0.0,2008-08-01,2000-09-01,2008-07-31,1988.0,risk_off
2008-08-29,risk_off,risk_off,1.0,0.0,0.0,2008-08-01,2000-09-01,2008-07-31,1988.0,risk_off
2008-09-02,risk_off,neutral,0.0,1.0,1.8427646440582402e-159,2008-09-02,2000-09-01,2008-08-29,2009.0,risk_off
2008-09-03,risk_off,neutral,0.0,1.0,8.156533168448267e-164,2008-09-02,2000-09-01,2008-08-29,2009.0,neutral
2008-09-04,risk_off,neutral,0.0,1.0,1.661260153288776e-163,2008-09-02,2000-09-01,2008-08-29,2009.0,neutral
2008-09-05,risk_off,neutral,0.0,1.0,2.30422034398303e-179,2008-09-02,2000-09-01,2008-08-29,2009.0,neutral
2008-09-08,risk_off,neutral,0.0,1.0,3.618024483442371e-192,2008-09-02,2000-09-01,2008-08-29,2009.0,neutral
2008-09-09,risk_off,neutral,0.0,1.0,8.598382695403409e-167,2008-09-02,2000-09-01,2008-08-29,2009.0,neutral
2008-09-10,risk_off,neutral,0.0,1.0,9.892528071918225e-158,2008-09-02,2000-09-01,2008-08-29,2009.0,neutral
2008-09-11,risk_off,neutral,0.0,1.0,4.446450923936248e-162,2008-09-02,2000-09-01,2008-08-29,2009.0,neutral
2008-09-12,risk_off,neutral,0.0,1.0,6.071126472350994e-174,2008-09-02,2000-09-01,2008-08-29,2009.0,neutral
2008-09-15,risk_off,neutral,0.0,1.0,3.1919872628197488e-285,2008-09-02,2000-09-01,2008-08-29,2009.0,neutral
2008-09-16,risk_off,neutral,0.0,1.0,1.368419171848701e-208,2008-09-02,2000-09-01,2008-08-29,2009.0,neutral
2008-09-17,risk_off,neutral,0.0,1.0,5.572386954707403e-198,2008-09-02,2000-09-01,2008-08-29,2009.0,neutral
2008-09-18,risk_off,neutral,0.0,1.0,1.3750995071592574e-227,2008-09-02,2000-09-01,2008-08-29,2009.0,neutral
2008-09-19,risk_off,neutral,0.0,1.0,1.271033756914635e-212,2008-09-02,2000-09-01,2008-08-29,2009.0,neutral
2008-09-22,risk_off,neutral,0.0,1.0,1.364518300474506e-197,2008-09-02,2000-09-01,2008-08-29,2009.0,neutral
2008-09-23,risk_off,neutral,0.0,1.0,8.96501525900537e-193,2008-09-02,2000-09-01,2008-08-29,2009.0,neutral
2008-09-24,risk_off,neutral,0.0,1.0,1.2754351922509978e-193,2008-09-02,2000-09-01,2008-08-29,2009.0,neutral
2008-09-25,risk_off,neutral,0.0,1.0,1.78957008644333e-201,2008-09-02,2000-09-01,2008-08-29,2009.0,neutral
2008-09-26,risk_off,neutral,0.0,1.0,3.9953191652995667e-227,2008-09-02,2000-09-01,2008-08-29,2009.0,neutral
2008-09-29,risk_off,neutral,0.0,1.0,2.3622938212991156e-195,2008-09-02,2000-09-01,2008-08-29,2009.0,neutral
2008-09-30,risk_off,neutral,0.0,1.0,4.4117071718914967e-197,2008-09-02,2000-09-01,2008-08-29,2009.0,neutral
2008-10-01,risk_off,neutral,0.0,1.0,2.3735714231333367e-68,2008-10-01,2000-09-01,2008-09-30,2030.0,neutral
2008-10-02,risk_off,neutral,0.0,1.0,4.720399519432764e-69,2008-10-01,2000-09-01,2008-09-30,2030.0,neutral
2008-10-03,risk_off,neutral,0.0,1.0,1.1008384887324819e-88,2008-10-01,2000-09-01,2008-09-30,2030.0,neutral
2008-10-06,risk_off,neutral,0.0,1.0,3.4540662730320634e-92,2008-10-01,2000-09-01,2008-09-30,2030.0,neutral
2008-10-07,risk_off,neutral,0.0,1.0,1.1778226769669396e-97,2008-10-01,2000-09-01,2008-09-30,2030.0,neutral
2008-10-08,risk_off,neutral,0.0,1.0,1.9928410503647786e-101,2008-10-01,2000-09-01,2008-09-30,2030.0,neutral
2008-10-09,risk_off,neutral,0.0,1.0,3.889069342100619e-105,2008-10-01,2000-09-01,2008-09-30,2030.0,neutral
2008-10-10,risk_off,neutral,0.0,1.0,3.674592131245041e-103,2008-10-01,2000-09-01,2008-09-30,2030.0,neutral
2008-10-13,risk_off,neutral,0.0,1.0,5.538796609646033e-22,2008-10-01,2000-09-01,2008-09-30,2030.0,neutral
2008-10-14,risk_off,neutral,0.0,1.0,8.007814545968425e-59,2008-10-01,2000-09-01,2008-09-30,2030.0,neutral
2008-10-15,risk_off,neutral,0.0,1.0,6.614725573331642e-78,2008-10-01,2000-09-01,2008-09-30,2030.0,neutral
2008-10-16,risk_off,neutral,0.0,1.0,9.097686001941268e-47,2008-10-01,2000-09-01,2008-09-30,2030.0,neutral
2008-10-17,risk_off,neutral,0.0,1.0,3.707753829669918e-60,2008-10-01,2000-09-01,2008-09-30,2030.0,neutral
2008-10-20,risk_off,neutral,0.0,1.0,3.981541660328869e-35,2008-10-01,2000-09-01,2008-09-30,2030.0,neutral
2008-10-21,risk_off,neutral,0.0,1.0,3.7437256713837884e-50,2008-10-01,2000-09-01,2008-09-30,2030.0,neutral
2008-10-22,risk_off,neutral,0.0,1.0,4.5076164408084287e-70,2008-10-01,2000-09-01,2008-09-30,2030.0,neutral
2008-10-23,risk_off,neutral,0.0,1.0,1.0012987075995657e-56,2008-10-01,2000-09-01,2008-09-30,2030.0,neutral
2008-10-24,risk_off,neutral,0.0,1.0,1.59356746038309e-97,2008-10-01,2000-09-01,2008-09-30,2030.0,neutral
2008-10-27,risk_off,neutral,0.0,1.0,3.181657303430336e-104,2008-10-01,2000-09-01,2008-09-30,2030.0,neutral
2008-10-28,risk_off,neutral,0.0,1.0,3.556464222147973e-25,2008-10-01,2000-09-01,2008-09-30,2030.0,neutral
2008-10-29,risk_off,neutral,0.0,1.0,6.811531187480877e-60,2008-10-01,2000-09-01,2008-09-30,2030.0,neutral
2008-10-30,risk_off,neutral,0.0,1.0,4.250393416722564e-46,2008-10-01,2000-09-01,2008-09-30,2030.0,neutral
2008-10-31,risk_off,neutral,0.0,1.0,1.5328656676435132e-42,2008-10-01,2000-09-01,2008-09-30,2030.0,neutral
2008-11-03,risk_off,risk_off,1.0,0.0,0.0,2008-11-03,2000-09-01,2008-10-31,2053.0,neutral
2008-11-04,risk_off,risk_off,1.0,0.0,0.0,2008-11-03,2000-09-01,2008-10-31,2053.0,risk_off
2008-11-05,risk_off,risk_off,1.0,0.0,0.0,2008-11-03,2000-09-01,2008-10-31,2053.0,risk_off
2008-11-06,risk_off,risk_off,1.0,0.0,0.0,2008-11-03,2000-09-01,2008-10-31,2053.0,risk_off
2008-11-07,risk_off,risk_off,1.0,0.0,0.0,2008-11-03,2000-09-01,2008-10-31,2053.0,risk_off
2008-11-10,risk_off,risk_off,1.0,0.0,0.0,2008-11-03,2000-09-01,2008-10-31,2053.0,risk_off
2008-11-11,risk_off,risk_off,1.0,0.0,0.0,2008-11-03,2000-09-01,2008-10-31,2053.0,risk_off
2008-11-12,risk_off,risk_off,1.0,0.0,0.0,2008-11-03,2000-09-01,2008-10-31,2053.0,risk_off
2008-11-13,risk_off,risk_off,1.0,0.0,0.0,2008-11-03,2000-09-01,2008-10-31,2053.0,risk_off
2008-11-14,risk_off,risk_off,1.0,0.0,0.0,2008-11-03,2000-09-01,2008-10-31,2053.0,risk_off
2008-11-17,risk_off,risk_off,1.0,0.0,0.0,2008-11-03,2000-09-01,2008-10-31,2053.0,risk_off
2008-11-18,risk_off,risk_off,1.0,0.0,0.0,2008-11-03,2000-09-01,2008-10-31,2053.0,risk_off
2008-11-19,risk_off,risk_off,1.0,0.0,0.0,2008-11-03,2000-09-01,2008-10-31,2053.0,risk_off
2008-11-20,risk_off,risk_off,1.0,0.0,0.0,2008-11-03,2000-09-01,2008-10-31,2053.0,risk_off
2008-11-21,risk_off,risk_off,1.0,0.0,0.0,2008-11-03,2000-09-01,2008-10-31,2053.0,risk_off
2008-11-24,risk_off,risk_off,1.0,0.0,0.0,2008-11-03,2000-09-01,2008-10-31,2053.0,risk_off
2008-11-25,risk_off,risk_off,1.0,0.0,0.0,2008-11-03,2000-09-01,2008-10-31,2053.0,risk_off
2008-11-26,risk_off,risk_off,1.0,0.0,0.0,2008-11-03,2000-09-01,2008-10-31,2053.0,risk_off
2008-11-28,risk_off,risk_off,1.0,0.0,1.8e-322,2008-11-03,2000-09-01,2008-10-31,2053.0,risk_off
2008-12-01,risk_off,risk_off,1.0,0.0,0.0,2008-12-01,2000-09-01,2008-11-28,2072.0,risk_off
2008-12-02,risk_off,risk_off,1.0,0.0,0.0,2008-12-01,2000-09-01,2008-11-28,2072.0,risk_off
2008-12-03,risk_off,risk_off,1.0,0.0,0.0,2008-12-01,2000-09-01,2008-11-28,2072.0,risk_off
2008-12-04,risk_off,risk_off,1.0,0.0,0.0,2008-12-01,2000-09-01,2008-11-28,2072.0,risk_off
2008-12-05,risk_off,risk_off,1.0,0.0,0.0,2008-12-01,2000-09-01,2008-11-28,2072.0,risk_off
2008-12-08,risk_off,risk_off,1.0,0.0,0.0,2008-12-01,2000-09-01,2008-11-28,2072.0,risk_off
2008-12-09,risk_off,risk_off,1.0,0.0,0.0,2008-12-01,2000-09-01,2008-11-28,2072.0,risk_off
2008-12-10,risk_off,risk_off,1.0,0.0,0.0,2008-12-01,2000-09-01,2008-11-28,2072.0,risk_off
2008-12-11,risk_off,risk_off,1.0,0.0,0.0,2008-12-01,2000-09-01,2008-11-28,2072.0,risk_off
2008-12-12,risk_off,risk_off,1.0,0.0,0.0,2008-12-01,2000-09-01,2008-11-28,2072.0,risk_off
2008-12-15,risk_off,risk_off,1.0,0.0,0.0,2008-12-01,2000-09-01,2008-11-28,2072.0,risk_off
2008-12-16,risk_off,risk_off,1.0,0.0,0.0,2008-12-01,2000-09-01,2008-11-28,2072.0,risk_off
2008-12-17,risk_off,risk_off,1.0,0.0,0.0,2008-12-01,2000-09-01,2008-11-28,2072.0,risk_off
2008-12-18,risk_off,risk_off,1.0,0.0,0.0,2008-12-01,2000-09-01,2008-11-28,2072.0,risk_off
2008-12-19,risk_off,risk_off,1.0,0.0,0.0,2008-12-01,2000-09-01,2008-11-28,2072.0,risk_off
2008-12-22,risk_off,risk_off,1.0,0.0,0.0,2008-12-01,2000-09-01,2008-11-28,2072.0,risk_off
2008-12-23,risk_off,risk_off,1.0,0.0,0.0,2008-12-01,2000-09-01,2008-11-28,2072.0,risk_off
2008-12-24,risk_off,risk_off,1.0,0.0,0.0,2008-12-01,2000-09-01,2008-11-28,2072.0,risk_off
2008-12-26,risk_off,risk_off,1.0,0.0,0.0,2008-12-01,2000-09-01,2008-11-28,2072.0,risk_off
2008-12-29,risk_off,risk_off,1.0,0.0,0.0,2008-12-01,2000-09-01,2008-11-28,2072.0,risk_off
2008-12-30,risk_off,risk_off,1.0,0.0,0.0,2008-12-01,2000-09-01,2008-11-28,2072.0,risk_off
2008-12-31,risk_off,risk_off,1.0,0.0,0.0,2008-12-01,2000-09-01,2008-11-28,2072.0,risk_off
2009-01-02,risk_off,neutral,2.598064510486881e-287,1.0,0.0,2009-01-02,2000-09-01,2008-12-31,2094.0,risk_off
2009-01-05,risk_off,neutral,1.134400351495258e-253,1.0,0.0,2009-01-02,2000-09-01,2008-12-31,2094.0,neutral
2009-01-06,risk_off,neutral,2.328031515366707e-226,1.0,0.0,2009-01-02,2000-09-01,2008-12-31,2094.0,neutral
2009-01-07,risk_off,neutral,1.195256116203505e-224,1.0,0.0,2009-01-02,2000-09-01,2008-12-31,2094.0,neutral
2009-01-08,risk_off,neutral,9.35614763858578e-260,1.0,0.0,2009-01-02,2000-09-01,2008-12-31,2094.0,neutral
2009-01-09,risk_off,neutral,5.031840697281144e-261,1.0,0.0,2009-01-02,2000-09-01,2008-12-31,2094.0,neutral
2009-01-12,risk_off,neutral,4.097123924285901e-272,1.0,0.0,2009-01-02,2000-09-01,2008-12-31,2094.0,neutral
2009-01-13,risk_off,neutral,7.958654605857741e-246,1.0,0.0,2009-01-02,2000-09-01,2008-12-31,2094.0,neutral
2009-01-14,risk_off,neutral,5.638159914601314e-253,1.0,0.0,2009-01-02,2000-09-01,2008-12-31,2094.0,neutral
2009-01-15,risk_off,neutral,0.0,1.0,0.0,2009-01-02,2000-09-01,2008-12-31,2094.0,neutral
2009-01-16,risk_off,neutral,0.0,1.0,0.0,2009-01-02,2000-09-01,2008-12-31,2094.0,neutral
2009-01-20,risk_off,neutral,1.453631467520509e-265,1.0,0.0,2009-01-02,2000-09-01,2008-12-31,2094.0,neutral
2009-01-21,risk_off,neutral,1.1016845290389378e-262,1.0,0.0,2009-01-02,2000-09-01,2008-12-31,2094.0,neutral
2009-01-22,risk_off,neutral,2.256821209105942e-258,1.0,0.0,2009-01-02,2000-09-01,2008-12-31,2094.0,neutral
2009-01-23,risk_off,neutral,6.854276859130733e-270,1.0,0.0,2009-01-02,2000-09-01,2008-12-31,2094.0,neutral
2009-01-26,risk_off,neutral,1.9181505711546376e-277,1.0,0.0,2009-01-02,2000-09-01,2008-12-31,2094.0,neutral
2009-01-27,risk_off,neutral,2.57e-322,1.0,0.0,2009-01-02,2000-09-01,2008-12-31,2094.0,neutral
2009-01-28,risk_off,neutral,2.9985334171199766e-302,1.0,0.0,2009-01-02,2000-09-01,2008-12-31,2094.0,neutral
2009-01-29,risk_off,neutral,1.651973308716491e-242,1.0,0.0,2009-01-02,2000-09-01,2008-12-31,2094.0,neutral
2009-01-30,risk_off,neutral,4.946042448569388e-230,1.0,0.0,2009-01-02,2000-09-01,2008-12-31,2094.0,neutral
2009-02-02,risk_off,risk_off,1.0,0.0,0.0,2009-02-02,2000-09-01,2009-01-30,2114.0,neutral
2009-02-03,risk_off,risk_off,1.0,0.0,0.0,2009-02-02,2000-09-01,2009-01-30,2114.0,risk_off
2009-02-04,risk_off,risk_off,1.0,0.0,0.0,2009-02-02,2000-09-01,2009-01-30,2114.0,risk_off
2009-02-05,risk_off,risk_off,1.0,0.0,0.0,2009-02-02,2000-09-01,2009-01-30,2114.0,risk_off
2009-02-06,risk_off,risk_off,1.0,0.0,0.0,2009-02-02,2000-09-01,2009-01-30,2114.0,risk_off
2009-02-09,risk_off,risk_off,1.0,0.0,0.0,2009-02-02,2000-09-01,2009-01-30,2114.0,risk_off
2009-02-10,risk_off,risk_off,1.0,0.0,0.0,2009-02-02,2000-09-01,2009-01-30,2114.0,risk_off
2009-02-11,risk_off,risk_off,1.0,0.0,0.0,2009-02-02,2000-09-01,2009-01-30,2114.0,risk_off
2009-02-12,risk_off,risk_off,1.0,0.0,0.0,2009-02-02,2000-09-01,2009-01-30,2114.0,risk_off
2009-02-13,risk_off,risk_off,1.0,0.0,0.0,2009-02-02,2000-09-01,2009-01-30,2114.0,risk_off
2009-02-17,risk_off,risk_off,1.0,0.0,0.0,2009-02-02,2000-09-01,2009-01-30,2114.0,risk_off
2009-02-18,risk_off,risk_off,1.0,0.0,0.0,2009-02-02,2000-09-01,2009-01-30,2114.0,risk_off
2009-02-19,risk_off,risk_off,1.0,0.0,0.0,2009-02-02,2000-09-01,2009-01-30,2114.0,risk_off
2009-02-20,risk_off,risk_off,1.0,0.0,0.0,2009-02-02,2000-09-01,2009-01-30,2114.0,risk_off
2009-02-23,risk_off,risk_off,1.0,0.0,0.0,2009-02-02,2000-09-01,2009-01-30,2114.0,risk_off
2009-02-24,risk_off,risk_off,1.0,0.0,0.0,2009-02-02,2000-09-01,2009-01-30,2114.0,risk_off
2009-02-25,risk_off,risk_off,1.0,0.0,0.0,2009-02-02,2000-09-01,2009-01-30,2114.0,risk_off
2009-02-26,risk_off,risk_off,1.0,0.0,0.0,2009-02-02,2000-09-01,2009-01-30,2114.0,risk_off
2009-02-27,risk_off,risk_off,1.0,0.0,0.0,2009-02-02,2000-09-01,2009-01-30,2114.0,risk_off
2009-03-02,risk_off,neutral,1.2433250733685346e-42,1.0,0.0,2009-03-02,2000-09-01,2009-02-27,2133.0,risk_off
2009-03-03,risk_off,neutral,4.79030515992115e-44,1.0,0.0,2009-03-02,2000-09-01,2009-02-27,2133.0,neutral
2009-03-04,risk_off,neutral,2.6865363332970517e-57,1.0,0.0,2009-03-02,2000-09-01,2009-02-27,2133.0,neutral
2009-03-05,risk_off,neutral,4.850413302485584e-50,1.0,0.0,2009-03-02,2000-09-01,2009-02-27,2133.0,neutral
2009-03-06,risk_off,neutral,2.052556702706132e-52,1.0,0.0,2009-03-02,2000-09-01,2009-02-27,2133.0,neutral
2009-03-09,risk_off,neutral,3.7619826583069645e-59,1.0,0.0,2009-03-02,2000-09-01,2009-02-27,2133.0,neutral
2009-03-10,risk_off,neutral,3.387452813220061e-66,1.0,0.0,2009-03-02,2000-09-01,2009-02-27,2133.0,neutral
2009-03-11,risk_off,neutral,1.0743153587410775e-57,1.0,0.0,2009-03-02,2000-09-01,2009-02-27,2133.0,neutral
2009-03-12,risk_off,neutral,3.613029656428047e-62,1.0,0.0,2009-03-02,2000-09-01,2009-02-27,2133.0,neutral
2009-03-13,risk_off,neutral,2.4057799707197387e-65,1.0,0.0,2009-03-02,2000-09-01,2009-02-27,2133.0,neutral
2009-03-16,risk_off,neutral,2.3999478331871643e-65,1.0,0.0,2009-03-02,2000-09-01,2009-02-27,2133.0,neutral
2009-03-17,risk_off,neutral,1.831205106574493e-69,1.0,0.0,2009-03-02,2000-09-01,2009-02-27,2133.0,neutral
2009-03-18,risk_off,neutral,1.4099949624286173e-49,1.0,0.0,2009-03-02,2000-09-01,2009-02-27,2133.0,neutral
2009-03-19,risk_off,neutral,5.5475591359633236e-55,1.0,0.0,2009-03-02,2000-09-01,2009-02-27,2133.0,neutral
2009-03-20,risk_off,neutral,2.7057806087403987e-66,1.0,0.0,2009-03-02,2000-09-01,2009-02-27,2133.0,neutral
2009-03-23,risk_off,neutral,1.817404011117699e-72,1.0,0.0,2009-03-02,2000-09-01,2009-02-27,2133.0,neutral
2009-03-24,risk_off,neutral,2.0864014463351887e-76,1.0,0.0,2009-03-02,2000-09-01,2009-02-27,2133.0,neutral
2009-03-25,risk_off,neutral,1.3040826233140828e-94,1.0,0.0,2009-03-02,2000-09-01,2009-02-27,2133.0,neutral
2009-03-26,risk_off,neutral,1.29511807079644e-104,1.0,0.0,2009-03-02,2000-09-01,2009-02-27,2133.0,neutral
2009-03-27,risk_off,neutral,1.041280671268109e-102,1.0,0.0,2009-03-02,2000-09-01,2009-02-27,2133.0,neutral
2009-03-30,risk_off,neutral,5.443036882385935e-87,1.0,0.0,2009-03-02,2000-09-01,2009-02-27,2133.0,neutral
2009-03-31,risk_off,neutral,2.7841926131992584e-86,1.0,0.0,2009-03-02,2000-09-01,2009-02-27,2133.0,neutral
2009-04-01,risk_off,neutral,2.2358452816132783e-34,1.0,0.0,2009-04-01,2000-09-01,2009-03-31,2155.0,neutral
2009-04-02,risk_off,neutral,3.704127741046934e-26,1.0,0.0,2009-04-01,2000-09-01,2009-03-31,2155.0,neutral
2009-04-03,risk_off,neutral,1.474827191508508e-23,1.0,0.0,2009-04-01,2000-09-01,2009-03-31,2155.0,neutral
2009-04-06,risk_off,neutral,1.0607711660388228e-16,1.0,0.0,2009-04-01,2000-09-01,2009-03-31,2155.0,neutral
2009-04-07,risk_off,neutral,3.697997037039758e-16,1.0,0.0,2009-04-01,2000-09-01,2009-03-31,2155.0,neutral
2009-04-08,risk_off,neutral,1.0735015038425584e-23,1.0,0.0,2009-04-01,2000-09-01,2009-03-31,2155.0,neutral
2009-04-09,risk_off,neutral,7.861863269209054e-37,1.0,0.0,2009-04-01,2000-09-01,2009-03-31,2155.0,neutral
2009-04-13,risk_off,neutral,2.0380537771487897e-24,1.0,0.0,2009-04-01,2000-09-01,2009-03-31,2155.0,neutral
2009-04-14,risk_off,neutral,1.087486592236441e-28,1.0,0.0,2009-04-01,2000-09-01,2009-03-31,2155.0,neutral
2009-04-15,risk_off,neutral,2.9817802704905994e-32,1.0,0.0,2009-04-01,2000-09-01,2009-03-31,2155.0,neutral
2009-04-16,risk_off,neutral,5.362955756252636e-31,1.0,0.0,2009-04-01,2000-09-01,2009-03-31,2155.0,neutral
2009-04-17,risk_off,neutral,8.960029899088132e-40,1.0,0.0,2009-04-01,2000-09-01,2009-03-31,2155.0,neutral
2009-04-20,risk_off,neutral,2.7675220939243867e-33,1.0,0.0,2009-04-01,2000-09-01,2009-03-31,2155.0,neutral
2009-04-21,risk_off,neutral,5.096722434375659e-19,1.0,0.0,2009-04-01,2000-09-01,2009-03-31,2155.0,neutral
2009-04-22,risk_off,neutral,5.11359567143705e-14,0.9999999999999503,0.0,2009-04-01,2000-09-01,2009-03-31,2155.0,neutral
2009-04-23,risk_off,neutral,2.418385831626178e-13,0.9999999999997584,0.0,2009-04-01,2000-09-01,2009-03-31,2155.0,neutral
2009-04-24,risk_off,neutral,5.220382730715587e-10,0.9999999994779643,0.0,2009-04-01,2000-09-01,2009-03-31,2155.0,neutral
2009-04-27,risk_off,neutral,1.33806583530127e-10,0.9999999998661906,0.0,2009-04-01,2000-09-01,2009-03-31,2155.0,neutral
2009-04-28,risk_off,neutral,1.257847257370711e-14,0.9999999999999858,0.0,2009-04-01,2000-09-01,2009-03-31,2155.0,neutral
2009-04-29,risk_off,neutral,8.241116208217033e-15,0.9999999999999929,0.0,2009-04-01,2000-09-01,2009-03-31,2155.0,neutral
2009-04-30,risk_off,neutral,1.4337817035927469e-08,0.9999999856621856,0.0,2009-04-01,2000-09-01,2009-03-31,2155.0,neutral
2009-05-01,risk_off,neutral,4.255171123818179e-115,1.0,0.0,2009-05-01,2000-09-01,2009-04-30,2176.0,neutral
2009-05-04,risk_off,neutral,4.2642479033444074e-120,1.0,0.0,2009-05-01,2000-09-01,2009-04-30,2176.0,neutral
2009-05-05,risk_off,neutral,7.236709257272963e-116,1.0,0.0,2009-05-01,2000-09-01,2009-04-30,2176.0,neutral
2009-05-06,risk_off,neutral,4.8934538184590663e-116,1.0,0.0,2009-05-01,2000-09-01,2009-04-30,2176.0,neutral
2009-05-07,risk_off,neutral,3.6377181224641907e-115,1.0,0.0,2009-05-01,2000-09-01,2009-04-30,2176.0,neutral
2009-05-08,risk_off,neutral,4.2896357249066236e-113,1.0,0.0,2009-05-01,2000-09-01,2009-04-30,2176.0,neutral
2009-05-11,risk_off,neutral,2.615014076243722e-116,1.0,0.0,2009-05-01,2000-09-01,2009-04-30,2176.0,neutral
2009-05-12,risk_off,neutral,6.471702654858149e-118,1.0,0.0,2009-05-01,2000-09-01,2009-04-30,2176.0,neutral
2009-05-13,risk_off,neutral,9.198253021397995e-115,1.0,0.0,2009-05-01,2000-09-01,2009-04-30,2176.0,neutral
2009-05-14,risk_off,neutral,1.0013230084682241e-117,1.0,0.0,2009-05-01,2000-09-01,2009-04-30,2176.0,neutral
2009-05-15,risk_off,neutral,2.3735853737039117e-116,1.0,0.0,2009-05-01,2000-09-01,2009-04-30,2176.0,neutral
2009-05-18,risk_off,neutral,5.487225364120122e-134,1.0,0.0,2009-05-01,2000-09-01,2009-04-30,2176.0,neutral
2009-05-19,risk_off,neutral,1.5411158509778177e-139,1.0,0.0,2009-05-01,2000-09-01,2009-04-30,2176.0,neutral
2009-05-20,risk_off,neutral,1.5226722168981682e-137,1.0,0.0,2009-05-01,2000-09-01,2009-04-30,2176.0,neutral
2009-05-21,risk_off,neutral,1.3623693024756351e-143,1.0,0.0,2009-05-01,2000-09-01,2009-04-30,2176.0,neutral
2009-05-22,risk_off,neutral,4.6027759372503935e-147,1.0,0.0,2009-05-01,2000-09-01,2009-04-30,2176.0,neutral
2009-05-26,risk_off,neutral,3.6703815885797162e-149,1.0,0.0,2009-05-01,2000-09-01,2009-04-30,2176.0,neutral
2009-05-27,risk_off,neutral,2.2038353389960784e-158,1.0,0.0,2009-05-01,2000-09-01,2009-04-30,2176.0,neutral
2009-05-28,risk_off,neutral,2.9347323884589958e-158,1.0,0.0,2009-05-01,2000-09-01,2009-04-30,2176.0,neutral
2009-05-29,risk_off,neutral,3.4549480265967463e-150,1.0,0.0,2009-05-01,2000-09-01,2009-04-30,2176.0,neutral
2009-06-01,risk_off,risk_off,1.0,0.0,0.0,2009-06-01,2000-09-01,2009-05-29,2196.0,neutral
2009-06-02,risk_off,risk_off,1.0,0.0,0.0,2009-06-01,2000-09-01,2009-05-29,2196.0,risk_off
2009-06-03,risk_off,risk_off,1.0,0.0,0.0,2009-06-01,2000-09-01,2009-05-29,2196.0,risk_off
2009-06-04,risk_off,risk_off,1.0,0.0,0.0,2009-06-01,2000-09-01,2009-05-29,2196.0,risk_off
2009-06-05,risk_off,risk_off,1.0,0.0,0.0,2009-06-01,2000-09-01,2009-05-29,2196.0,risk_off
2009-06-08,risk_off,risk_off,1.0,0.0,0.0,2009-06-01,2000-09-01,2009-05-29,2196.0,risk_off
2009-06-09,risk_off,risk_off,1.0,0.0,0.0,2009-06-01,2000-09-01,2009-05-29,2196.0,risk_off
2009-06-10,risk_off,risk_off,1.0,0.0,0.0,2009-06-01,2000-09-01,2009-05-29,2196.0,risk_off
2009-06-11,risk_off,risk_off,1.0,0.0,0.0,2009-06-01,2000-09-01,2009-05-29,2196.0,risk_off
2009-06-12,risk_off,risk_off,1.0,0.0,0.0,2009-06-01,2000-09-01,2009-05-29,2196.0,risk_off
2009-06-15,risk_off,risk_off,1.0,0.0,0.0,2009-06-01,2000-09-01,2009-05-29,2196.0,risk_off
2009-06-16,risk_off,risk_off,1.0,0.0,0.0,2009-06-01,2000-09-01,2009-05-29,2196.0,risk_off
2009-06-17,risk_off,risk_off,1.0,0.0,0.0,2009-06-01,2000-09-01,2009-05-29,2196.0,risk_off
2009-06-18,risk_off,risk_off,1.0,0.0,0.0,2009-06-01,2000-09-01,2009-05-29,2196.0,risk_off
2009-06-19,risk_off,risk_off,1.0,0.0,0.0,2009-06-01,2000-09-01,2009-05-29,2196.0,risk_off
2009-06-22,risk_off,risk_off,1.0,0.0,0.0,2009-06-01,2000-09-01,2009-05-29,2196.0,risk_off
2009-06-23,risk_off,risk_off,1.0,0.0,0.0,2009-06-01,2000-09-01,2009-05-29,2196.0,risk_off
2009-06-24,risk_off,risk_off,1.0,0.0,0.0,2009-06-01,2000-09-01,2009-05-29,2196.0,risk_off
2009-06-25,risk_off,risk_off,1.0,0.0,0.0,2009-06-01,2000-09-01,2009-05-29,2196.0,risk_off
2009-06-26,risk_off,risk_off,1.0,0.0,0.0,2009-06-01,2000-09-01,2009-05-29,2196.0,risk_off
2009-06-29,risk_off,risk_off,1.0,0.0,0.0,2009-06-01,2000-09-01,2009-05-29,2196.0,risk_off
2009-06-30,risk_off,risk_off,1.0,0.0,0.0,2009-06-01,2000-09-01,2009-05-29,2196.0,risk_off
2009-07-01,risk_off,risk_off,1.0,8.71207726328534e-60,0.0,2009-07-01,2000-09-01,2009-06-30,2218.0,risk_off
2009-07-02,risk_off,risk_off,1.0,3.2890022571110157e-57,0.0,2009-07-01,2000-09-01,2009-06-30,2218.0,risk_off
2009-07-06,risk_off,risk_off,1.0,1.728407572475501e-61,0.0,2009-07-01,2000-09-01,2009-06-30,2218.0,risk_off
2009-07-07,risk_off,risk_off,1.0,7.470123179370947e-56,0.0,2009-07-01,2000-09-01,2009-06-30,2218.0,risk_off
2009-07-08,risk_off,risk_off,1.0,2.2521911982418783e-57,0.0,2009-07-01,2000-09-01,2009-06-30,2218.0,risk_off
2009-07-09,risk_off,risk_off,1.0,6.371459494135091e-60,0.0,2009-07-01,2000-09-01,2009-06-30,2218.0,risk_off
2009-07-10,risk_off,risk_off,1.0,5.780180557978309e-64,0.0,2009-07-01,2000-09-01,2009-06-30,2218.0,risk_off
2009-07-13,risk_off,risk_off,1.0,4.493647452293447e-64,0.0,2009-07-01,2000-09-01,2009-06-30,2218.0,risk_off
2009-07-14,risk_off,risk_off,1.0,3.1478360387232726e-62,0.0,2009-07-01,2000-09-01,2009-06-30,2218.0,risk_off
2009-07-15,risk_off,risk_off,1.0,9.32139483576991e-55,0.0,2009-07-01,2000-09-01,2009-06-30,2218.0,risk_off
2009-07-16,risk_off,risk_off,1.0,1.794631261936886e-61,0.0,2009-07-01,2000-09-01,2009-06-30,2218.0,risk_off
2009-07-17,risk_off,risk_off,1.0,6.786033671334966e-67,0.0,2009-07-01,2000-09-01,2009-06-30,2218.0,risk_off
2009-07-20,risk_off,risk_off,1.0,7.504561402418945e-67,0.0,2009-07-01,2000-09-01,2009-06-30,2218.0,risk_off
2009-07-21,risk_off,risk_off,1.0,1.8310888868173555e-65,0.0,2009-07-01,2000-09-01,2009-06-30,2218.0,risk_off
2009-07-22,risk_off,risk_off,1.0,2.5304565034320184e-67,0.0,2009-07-01,2000-09-01,2009-06-30,2218.0,risk_off
2009-07-23,risk_off,risk_off,1.0,7.944112357748095e-60,0.0,2009-07-01,2000-09-01,2009-06-30,2218.0,risk_off
2009-07-24,risk_off,risk_off,1.0,2.6874796500520494e-68,0.0,2009-07-01,2000-09-01,2009-06-30,2218.0,risk_off
2009-07-27,risk_off,risk_off,1.0,1.7145443686617213e-65,0.0,2009-07-01,2000-09-01,2009-06-30,2218.0,risk_off
2009-07-28,risk_off,risk_off,1.0,1.0492341502953314e-65,0.0,2009-07-01,2000-09-01,2009-06-30,2218.0,risk_off
2009-07-29,risk_off,risk_off,1.0,4.653733077484619e-65,0.0,2009-07-01,2000-09-01,2009-06-30,2218.0,risk_off
2009-07-30,risk_off,risk_off,1.0,9.253308097484051e-66,0.0,2009-07-01,2000-09-01,2009-06-30,2218.0,risk_off
2009-07-31,risk_off,risk_off,1.0,1.0320317943253056e-72,0.0,2009-07-01,2000-09-01,2009-06-30,2218.0,risk_off
2009-08-03,risk_off,neutral,3.0703814898646355e-126,1.0,8.7163126957177e-241,2009-08-03,2000-09-01,2009-07-31,2240.0,risk_off
2009-08-04,risk_off,neutral,1.5901696250301825e-125,1.0,1.7033209982317393e-237,2009-08-03,2000-09-01,2009-07-31,2240.0,neutral
2009-08-05,risk_off,neutral,4.8563419390437874e-123,1.0,6.605644363622179e-234,2009-08-03,2000-09-01,2009-07-31,2240.0,neutral
2009-08-06,risk_off,neutral,2.651486120866459e-118,1.0,1.445714822268937e-227,2009-08-03,2000-09-01,2009-07-31,2240.0,neutral
2009-08-07,risk_off,neutral,1.4004928683445118e-118,1.0,2.8100665475724404e-221,2009-08-03,2000-09-01,2009-07-31,2240.0,neutral
2009-08-10,risk_off,neutral,1.746258609057106e-120,1.0,5.900234427287064e-222,2009-08-03,2000-09-01,2009-07-31,2240.0,neutral
2009-08-11,risk_off,neutral,3.315359550050849e-116,1.0,2.1906535902398042e-226,2009-08-03,2000-09-01,2009-07-31,2240.0,neutral
2009-08-12,risk_off,neutral,1.621093797479843e-107,1.0,6.195295035581082e-220,2009-08-03,2000-09-01,2009-07-31,2240.0,neutral
2009-08-13,risk_off,neutral,1.629292011163638e-109,1.0,5.577647628691998e-231,2009-08-03,2000-09-01,2009-07-31,2240.0,neutral
2009-08-14,risk_off,neutral,3.3292097384256474e-111,1.0,1.6497207973514284e-231,2009-08-03,2000-09-01,2009-07-31,2240.0,neutral
2009-08-17,risk_off,neutral,7.935396814039933e-113,1.0,2.858438754138361e-256,2009-08-03,2000-09-01,2009-07-31,2240.0,neutral
2009-08-18,risk_off,neutral,8.950862334393454e-115,1.0,3.0462298491022597e-254,2009-08-03,2000-09-01,2009-07-31,2240.0,neutral
2009-08-19,risk_off,neutral,2.7603739187965366e-112,1.0,1.4397060979751917e-252,2009-08-03,2000-09-01,2009-07-31,2240.0,neutral
2009-08-20,risk_off,neutral,7.132749797260553e-108,1.0,3.4375014916836392e-248,2009-08-03,2000-09-01,2009-07-31,2240.0,neutral
2009-08-21,risk_off,neutral,3.426453462629881e-106,1.0,9.972832321808103e-244,2009-08-03,2000-09-01,2009-07-31,2240.0,neutral
2009-08-24,risk_off,neutral,1.3512548356161574e-112,1.0,1.8028100541597658e-247,2009-08-03,2000-09-01,2009-07-31,2240.0,neutral
2009-08-25,risk_off,neutral,1.5088386255945882e-112,1.0,5.1129668499743154e-248,2009-08-03,2000-09-01,2009-07-31,2240.0,neutral
2009-08-26,risk_off,neutral,7.940038952205898e-113,1.0,2.0162274521679055e-250,2009-08-03,2000-09-01,2009-07-31,2240.0,neutral
2009-08-27,risk_off,neutral,2.5511935079954337e-112,1.0,7.732251937478082e-251,2009-08-03,2000-09-01,2009-07-31,2240.0,neutral
2009-08-28,risk_off,neutral,1.930297851964708e-119,1.0,4.013085466060119e-249,2009-08-03,2000-09-01,2009-07-31,2240.0,neutral
2009-08-31,risk_off,neutral,8.716470175007465e-123,1.0,7.527041535305978e-253,2009-08-03,2000-09-01,2009-07-31,2240.0,neutral
2009-09-01,risk_off,neutral,7.286596232291434e-26,1.0,0.0,2009-09-01,2000-09-01,2009-08-31,2261.0,neutral
2009-09-02,risk_off,neutral,5.1615541731192335e-27,1.0,0.0,2009-09-01,2000-09-01,2009-08-31,2261.0,neutral
2009-09-03,risk_off,neutral,4.408741734592167e-27,1.0,0.0,2009-09-01,2000-09-01,2009-08-31,2261.0,neutral
2009-09-04,risk_off,neutral,2.228641318798579e-27,1.0,0.0,2009-09-01,2000-09-01,2009-08-31,2261.0,neutral
2009-09-08,risk_off,neutral,4.72077771983371e-28,1.0,0.0,2009-09-01,2000-09-01,2009-08-31,2261.0,neutral
2009-09-09,risk_off,neutral,4.834333943743346e-28,1.0,0.0,2009-09-01,2000-09-01,2009-08-31,2261.0,neutral
2009-09-10,risk_off,neutral,8.690204938646389e-27,1.0,0.0,2009-09-01,2000-09-01,2009-08-31,2261.0,neutral
2009-09-11,risk_off,neutral,3.831725879958123e-28,1.0,0.0,2009-09-01,2000-09-01,2009-08-31,2261.0,neutral
2009-09-14,risk_off,neutral,1.1767992094352343e-28,1.0,0.0,2009-09-01,2000-09-01,2009-08-31,2261.0,neutral
2009-09-15,risk_off,neutral,6.705649988717431e-27,1.0,0.0,2009-09-01,2000-09-01,2009-08-31,2261.0,neutral
2009-09-16,risk_off,neutral,9.907642415379466e-27,1.0,0.0,2009-09-01,2000-09-01,2009-08-31,2261.0,neutral
2009-09-17,risk_off,neutral,6.908875079769432e-25,1.0,0.0,2009-09-01,2000-09-01,2009-08-31,2261.0,neutral
2009-09-18,risk_off,neutral,1.2073066490457287e-25,1.0,0.0,2009-09-01,2000-09-01,2009-08-31,2261.0,neutral
2009-09-21,risk_off,neutral,1.4934085720943084e-24,1.0,0.0,2009-09-01,2000-09-01,2009-08-31,2261.0,neutral
2009-09-22,risk_off,neutral,2.358117454427302e-24,1.0,0.0,2009-09-01,2000-09-01,2009-08-31,2261.0,neutral
2009-09-23,risk_off,neutral,1.1831541059263711e-24,1.0,0.0,2009-09-01,2000-09-01,2009-08-31,2261.0,neutral
2009-09-24,risk_off,neutral,6.270850102243519e-29,1.0,0.0,2009-09-01,2000-09-01,2009-08-31,2261.0,neutral
2009-09-25,risk_off,neutral,1.7635500218969414e-27,1.0,0.0,2009-09-01,2000-09-01,2009-08-31,2261.0,neutral
2009-09-28,risk_off,neutral,5.577106288000393e-27,1.0,0.0,2009-09-01,2000-09-01,2009-08-31,2261.0,neutral
2009-09-29,risk_off,neutral,1.4495067614570476e-26,1.0,0.0,2009-09-01,2000-09-01,2009-08-31,2261.0,neutral
2009-09-30,risk_off,neutral,1.632631417990786e-22,1.0,0.0,2009-09-01,2000-09-01,2009-08-31,2261.0,neutral
2009-10-01,risk_off,risk_off,1.0,3.161583349127177e-186,0.0,2009-10-01,2000-09-01,2009-09-30,2282.0,neutral
2009-10-02,risk_off,risk_off,1.0,1.941388808903241e-184,0.0,2009-10-01,2000-09-01,2009-09-30,2282.0,risk_off
2009-10-05,risk_off,risk_off,1.0,3.290521535313188e-179,0.0,2009-10-01,2000-09-01,2009-09-30,2282.0,risk_off
2009-10-06,risk_off,risk_off,1.0,6.28461354305363e-185,0.0,2009-10-01,2000-09-01,2009-09-30,2282.0,risk_off
2009-10-07,risk_off,risk_off,1.0,1.1118784501344616e-180,0.0,2009-10-01,2000-09-01,2009-09-30,2282.0,risk_off
2009-10-08,risk_off,risk_off,1.0,3.157878158030281e-183,0.0,2009-10-01,2000-09-01,2009-09-30,2282.0,risk_off
2009-10-09,risk_off,risk_off,1.0,1.3951537386780572e-177,0.0,2009-10-01,2000-09-01,2009-09-30,2282.0,risk_off
2009-10-12,risk_off,risk_off,1.0,9.119349248989467e-177,0.0,2009-10-01,2000-09-01,2009-09-30,2282.0,risk_off
2009-10-13,risk_off,risk_off,1.0,5.792694807196251e-178,0.0,2009-10-01,2000-09-01,2009-09-30,2282.0,risk_off
2009-10-14,risk_off,risk_off,1.0,2.637934374454178e-180,0.0,2009-10-01,2000-09-01,2009-09-30,2282.0,risk_off
2009-10-15,risk_off,risk_off,1.0,9.026749737969261e-181,0.0,2009-10-01,2000-09-01,2009-09-30,2282.0,risk_off
2009-10-16,risk_off,risk_off,1.0,2.116062123750552e-199,0.0,2009-10-01,2000-09-01,2009-09-30,2282.0,risk_off
2009-10-19,risk_off,risk_off,1.0,1.8670172431757688e-196,0.0,2009-10-01,2000-09-01,2009-09-30,2282.0,risk_off
2009-10-20,risk_off,risk_off,1.0,1.186326935265488e-197,0.0,2009-10-01,2000-09-01,2009-09-30,2282.0,risk_off
2009-10-21,risk_off,risk_off,1.0,1.3251225118304823e-198,0.0,2009-10-01,2000-09-01,2009-09-30,2282.0,risk_off
2009-10-22,risk_off,risk_off,1.0,1.0036787053402657e-197,0.0,2009-10-01,2000-09-01,2009-09-30,2282.0,risk_off
2009-10-23,risk_off,risk_off,1.0,5.916714543915877e-199,0.0,2009-10-01,2000-09-01,2009-09-30,2282.0,risk_off
2009-10-26,risk_off,risk_off,1.0,5.414360650726069e-195,0.0,2009-10-01,2000-09-01,2009-09-30,2282.0,risk_off
2009-10-27,risk_off,risk_off,1.0,8.813105895841895e-195,0.0,2009-10-01,2000-09-01,2009-09-30,2282.0,risk_off
2009-10-28,risk_off,risk_off,1.0,3.9018830612917574e-193,0.0,2009-10-01,2000-09-01,2009-09-30,2282.0,risk_off
2009-10-29,risk_off,risk_off,1.0,1.9957204076412238e-188,0.0,2009-10-01,2000-09-01,2009-09-30,2282.0,risk_off
2009-10-30,risk_off,risk_off,1.0,1.855251603853097e-192,0.0,2009-10-01,2000-09-01,2009-09-30,2282.0,risk_off
2009-11-02,risk_off,neutral,7.32810119600495e-17,1.0,0.0,2009-11-02,2000-09-01,2009-10-30,2304.0,risk_off
2009-11-03,risk_off,neutral,3.507181163820866e-18,1.0,0.0,2009-11-02,2000-09-01,2009-10-30,2304.0,neutral
2009-11-04,risk_off,neutral,1.551518287190137e-15,0.9999999999999982,0.0,2009-11-02,2000-09-01,2009-10-30,2304.0,neutral
2009-11-05,risk_off,neutral,3.853006245183058e-15,0.9999999999999964,0.0,2009-11-02,2000-09-01,2009-10-30,2304.0,neutral
2009-11-06,risk_off,neutral,1.1298529073003035e-15,0.9999999999999982,0.0,2009-11-02,2000-09-01,2009-10-30,2304.0,neutral
2009-11-09,risk_off,neutral,5.548081572909773e-14,0.9999999999999449,0.0,2009-11-02,2000-09-01,2009-10-30,2304.0,neutral
2009-11-10,risk_off,neutral,1.008879552521001e-14,0.9999999999999893,0.0,2009-11-02,2000-09-01,2009-10-30,2304.0,neutral
2009-11-11,risk_off,neutral,8.938827686937334e-14,0.9999999999999112,0.0,2009-11-02,2000-09-01,2009-10-30,2304.0,neutral
2009-11-12,risk_off,neutral,1.628520004058446e-14,0.999999999999984,0.0,2009-11-02,2000-09-01,2009-10-30,2304.0,neutral
2009-11-13,risk_off,neutral,5.768223399243768e-14,0.9999999999999432,0.0,2009-11-02,2000-09-01,2009-10-30,2304.0,neutral
2009-11-16,risk_off,neutral,1.3623938179117316e-16,1.0,0.0,2009-11-02,2000-09-01,2009-10-30,2304.0,neutral
2009-11-17,risk_off,neutral,1.2212900788665882e-17,1.0,0.0,2009-11-02,2000-09-01,2009-10-30,2304.0,neutral
2009-11-18,risk_off,neutral,2.6503376891888595e-16,1.0,0.0,2009-11-02,2000-09-01,2009-10-30,2304.0,neutral
2009-11-19,risk_off,neutral,6.604527478174605e-19,1.0,0.0,2009-11-02,2000-09-01,2009-10-30,2304.0,neutral
2009-11-20,risk_off,neutral,5.670732443996779e-19,1.0,0.0,2009-11-02,2000-09-01,2009-10-30,2304.0,neutral
2009-11-23,risk_off,neutral,4.8642083859545645e-17,1.0,0.0,2009-11-02,2000-09-01,2009-10-30,2304.0,neutral
2009-11-24,risk_off,neutral,1.6569976115647554e-17,1.0,0.0,2009-11-02,2000-09-01,2009-10-30,2304.0,neutral
2009-11-25,risk_off,neutral,7.251883967989991e-18,1.0,0.0,2009-11-02,2000-09-01,2009-10-30,2304.0,neutral
2009-11-27,risk_off,neutral,3.34967754228854e-20,1.0,0.0,2009-11-02,2000-09-01,2009-10-30,2304.0,neutral
2009-11-30,risk_off,neutral,3.2920260994879245e-19,1.0,0.0,2009-11-02,2000-09-01,2009-10-30,2304.0,neutral
2009-12-01,risk_off,neutral,9.467523741851462e-138,1.0,0.0,2009-12-01,2000-09-01,2009-11-30,2324.0,neutral
2009-12-02,risk_off,neutral,1.6756801175695557e-134,1.0,0.0,2009-12-01,2000-09-01,2009-11-30,2324.0,neutral
2009-12-03,risk_off,neutral,8.752359056712993e-138,1.0,0.0,2009-12-01,2000-09-01,2009-11-30,2324.0,neutral
2009-12-04,risk_off,neutral,3.549091941895269e-132,1.0,0.0,2009-12-01,2000-09-01,2009-11-30,2324.0,neutral
2009-12-07,risk_off,neutral,5.717080308533609e-135,1.0,0.0,2009-12-01,2000-09-01,2009-11-30,2324.0,neutral
2009-12-08,risk_off,neutral,4.2018461999343264e-134,1.0,0.0,2009-12-01,2000-09-01,2009-11-30,2324.0,neutral
2009-12-09,risk_off,neutral,1.1539999750171293e-133,1.0,0.0,2009-12-01,2000-09-01,2009-11-30,2324.0,neutral
2009-12-10,risk_off,neutral,3.095690953967239e-134,1.0,0.0,2009-12-01,2000-09-01,2009-11-30,2324.0,neutral
2009-12-11,risk_off,neutral,2.8379856934996607e-134,1.0,0.0,2009-12-01,2000-09-01,2009-11-30,2324.0,neutral
2009-12-14,risk_off,neutral,1.1515291543911882e-134,1.0,0.0,2009-12-01,2000-09-01,2009-11-30,2324.0,neutral
2009-12-15,risk_off,neutral,1.6844812599478063e-133,1.0,0.0,2009-12-01,2000-09-01,2009-11-30,2324.0,neutral
2009-12-16,risk_off,neutral,3.3897084831527997e-104,1.0,0.0,2009-12-01,2000-09-01,2009-11-30,2324.0,neutral
2009-12-17,risk_off,neutral,6.363338175881954e-102,1.0,0.0,2009-12-01,2000-09-01,2009-11-30,2324.0,neutral
2009-12-18,risk_off,neutral,1.5360605842449272e-104,1.0,0.0,2009-12-01,2000-09-01,2009-11-30,2324.0,neutral
2009-12-21,risk_off,neutral,1.2674645637288672e-100,1.0,0.0,2009-12-01,2000-09-01,2009-11-30,2324.0,neutral
2009-12-22,risk_off,neutral,2.7621552782578276e-102,1.0,0.0,2009-12-01,2000-09-01,2009-11-30,2324.0,neutral
2009-12-23,risk_off,neutral,1.1676796068054211e-105,1.0,0.0,2009-12-01,2000-09-01,2009-11-30,2324.0,neutral
2009-12-24,risk_off,neutral,1.4428477400394787e-108,1.0,0.0,2009-12-01,2000-09-01,2009-11-30,2324.0,neutral
2009-12-28,risk_off,neutral,2.8823361320552085e-112,1.0,0.0,2009-12-01,2000-09-01,2009-11-30,2324.0,neutral
2009-12-29,risk_off,neutral,3.8685827701434187e-112,1.0,0.0,2009-12-01,2000-09-01,2009-11-30,2324.0,neutral
2009-12-30,risk_off,neutral,9.16604955966198e-106,1.0,0.0,2009-12-01,2000-09-01,2009-11-30,2324.0,neutral
2009-12-31,risk_off,neutral,3.812750353477567e-105,1.0,0.0,2009-12-01,2000-09-01,2009-11-30,2324.0,neutral
2010-01-04,risk_off,neutral,2.2969940383811184e-146,1.0,0.0,2010-01-04,2000-09-01,2009-12-31,2346.0,neutral
2010-01-05,risk_off,neutral,1.9450922187933496e-145,1.0,0.0,2010-01-04,2000-09-01,2009-12-31,2346.0,neutral
2010-01-06,risk_off,neutral,4.499277272753329e-146,1.0,0.0,2010-01-04,2000-09-01,2009-12-31,2346.0,neutral
2010-01-07,risk_off,neutral,7.636931299641511e-148,1.0,0.0,2010-01-04,2000-09-01,2009-12-31,2346.0,neutral
2010-01-08,risk_off,neutral,1.0107848146710115e-146,1.0,0.0,2010-01-04,2000-09-01,2009-12-31,2346.0,neutral
2010-01-11,risk_off,neutral,4.7137142018311595e-146,1.0,0.0,2010-01-04,2000-09-01,2009-12-31,2346.0,neutral
2010-01-12,risk_off,neutral,5.053252542685064e-143,1.0,0.0,2010-01-04,2000-09-01,2009-12-31,2346.0,neutral
2010-01-13,risk_off,neutral,1.3768488024203608e-142,1.0,0.0,2010-01-04,2000-09-01,2009-12-31,2346.0,neutral
2010-01-14,risk_off,neutral,2.0239707154790174e-144,1.0,0.0,2010-01-04,2000-09-01,2009-12-31,2346.0,neutral
2010-01-15,risk_off,neutral,7.91837768453771e-128,1.0,0.0,2010-01-04,2000-09-01,2009-12-31,2346.0,neutral
2010-01-19,risk_off,neutral,7.938542543920476e-134,1.0,0.0,2010-01-04,2000-09-01,2009-12-31,2346.0,neutral
2010-01-20,risk_off,neutral,4.47822540017061e-124,1.0,0.0,2010-01-04,2000-09-01,2009-12-31,2346.0,neutral
2010-01-21,risk_off,neutral,4.8803294940426624e-114,1.0,0.0,2010-01-04,2000-09-01,2009-12-31,2346.0,neutral
2010-01-22,risk_off,neutral,3.0607350525447027e-118,1.0,0.0,2010-01-04,2000-09-01,2009-12-31,2346.0,neutral
2010-01-25,risk_off,neutral,1.2676209753333292e-121,1.0,0.0,2010-01-04,2000-09-01,2009-12-31,2346.0,neutral
2010-01-26,risk_off,neutral,1.7182524005096353e-122,1.0,0.0,2010-01-04,2000-09-01,2009-12-31,2346.0,neutral
2010-01-27,risk_off,neutral,6.792322027970751e-119,1.0,0.0,2010-01-04,2000-09-01,2009-12-31,2346.0,neutral
2010-01-28,risk_off,neutral,2.041760930516461e-104,1.0,0.0,2010-01-04,2000-09-01,2009-12-31,2346.0,neutral
2010-01-29,risk_off,neutral,3.9071173061465635e-102,1.0,0.0,2010-01-04,2000-09-01,2009-12-31,2346.0,neutral
2010-02-01,risk_off,neutral,9.930210745179565e-45,1.0,0.0,2010-02-01,2000-09-01,2010-01-29,2365.0,neutral
2010-02-02,risk_off,neutral,1.378046207848172e-45,1.0,0.0,2010-02-01,2000-09-01,2010-01-29,2365.0,neutral
2010-02-03,risk_off,neutral,6.463802696262379e-45,1.0,0.0,2010-02-01,2000-09-01,2010-01-29,2365.0,neutral
2010-02-04,risk_off,neutral,5.275117300812786e-47,1.0,0.0,2010-02-01,2000-09-01,2010-01-29,2365.0,neutral
2010-02-05,risk_off,neutral,6.663133049933896e-43,1.0,0.0,2010-02-01,2000-09-01,2010-01-29,2365.0,neutral
2010-02-08,risk_off,neutral,1.6761625774057376e-48,1.0,0.0,2010-02-01,2000-09-01,2010-01-29,2365.0,neutral
2010-02-09,risk_off,neutral,2.414184470396461e-49,1.0,0.0,2010-02-01,2000-09-01,2010-01-29,2365.0,neutral
2010-02-10,risk_off,neutral,5.431565595243172e-49,1.0,0.0,2010-02-01,2000-09-01,2010-01-29,2365.0,neutral
2010-02-11,risk_off,neutral,1.4651526617523512e-49,1.0,0.0,2010-02-01,2000-09-01,2010-01-29,2365.0,neutral
2010-02-12,risk_off,neutral,1.0808212242400037e-50,1.0,0.0,2010-02-01,2000-09-01,2010-01-29,2365.0,neutral
2010-02-16,risk_off,neutral,1.8896122609910764e-49,1.0,0.0,2010-02-01,2000-09-01,2010-01-29,2365.0,neutral
2010-02-17,risk_off,neutral,1.847954668571388e-49,1.0,0.0,2010-02-01,2000-09-01,2010-01-29,2365.0,neutral
2010-02-18,risk_off,neutral,1.0821056688892753e-48,1.0,0.0,2010-02-01,2000-09-01,2010-01-29,2365.0,neutral
2010-02-19,risk_off,neutral,2.1977933083155687e-49,1.0,0.0,2010-02-01,2000-09-01,2010-01-29,2365.0,neutral
2010-02-22,risk_off,neutral,2.171650121898065e-50,1.0,0.0,2010-02-01,2000-09-01,2010-01-29,2365.0,neutral
2010-02-23,risk_off,neutral,1.1233510990795364e-50,1.0,0.0,2010-02-01,2000-09-01,2010-01-29,2365.0,neutral
2010-02-24,risk_off,neutral,2.4964142937025004e-51,1.0,0.0,2010-02-01,2000-09-01,2010-01-29,2365.0,neutral
2010-02-25,risk_off,neutral,1.3198084994625676e-52,1.0,0.0,2010-02-01,2000-09-01,2010-01-29,2365.0,neutral
2010-02-26,risk_off,neutral,7.03199730482141e-53,1.0,0.0,2010-02-01,2000-09-01,2010-01-29,2365.0,neutral
2010-03-01,risk_off,risk_off,1.0,4.7185568397056797e-290,0.0,2010-03-01,2000-09-01,2010-02-26,2384.0,neutral
2010-03-02,risk_off,risk_off,1.0,4.810682834268352e-288,0.0,2010-03-01,2000-09-01,2010-02-26,2384.0,risk_off
2010-03-03,risk_off,risk_off,1.0,2.0600377700755952e-286,0.0,2010-03-01,2000-09-01,2010-02-26,2384.0,risk_off
2010-03-04,risk_off,risk_off,1.0,9.954241509024426e-288,0.0,2010-03-01,2000-09-01,2010-02-26,2384.0,risk_off
2010-03-05,risk_off,risk_off,1.0,1.150219071618025e-287,0.0,2010-03-01,2000-09-01,2010-02-26,2384.0,risk_off
2010-03-08,risk_on,risk_off,1.0,4.319552871257808e-288,0.0,2010-03-01,2000-09-01,2010-02-26,2384.0,risk_off
2010-03-09,risk_off,risk_off,1.0,3.4233894250332847e-295,0.0,2010-03-01,2000-09-01,2010-02-26,2384.0,risk_off
2010-03-10,risk_off,risk_off,1.0,5.502301407935644e-292,0.0,2010-03-01,2000-09-01,2010-02-26,2384.0,risk_off
2010-03-11,risk_on,risk_off,1.0,1.727620225892971e-284,0.0,2010-03-01,2000-09-01,2010-02-26,2384.0,risk_off
2010-03-12,risk_on,risk_off,1.0,3.8625989035994364e-282,0.0,2010-03-01,2000-09-01,2010-02-26,2384.0,risk_off
2010-03-15,risk_on,risk_off,1.0,2.8384496539135405e-282,0.0,2010-03-01,2000-09-01,2010-02-26,2384.0,risk_off
2010-03-16,risk_on,risk_off,1.0,3.2244218525815888e-285,0.0,2010-03-01,2000-09-01,2010-02-26,2384.0,risk_off
2010-03-17,risk_on,risk_off,1.0,1.8414601914247123e-287,0.0,2010-03-01,2000-09-01,2010-02-26,2384.0,risk_off
2010-03-18,risk_on,risk_off,1.0,5.244821936509066e-274,0.0,2010-03-01,2000-09-01,2010-02-26,2384.0,risk_off
2010-03-19,risk_on,risk_off,1.0,1.0814639434648769e-271,0.0,2010-03-01,2000-09-01,2010-02-26,2384.0,risk_off
2010-03-22,risk_on,risk_off,1.0,3.9912060841577114e-266,0.0,2010-03-01,2000-09-01,2010-02-26,2384.0,risk_off
2010-03-23,risk_on,risk_off,1.0,1.604178214796891e-266,0.0,2010-03-01,2000-09-01,2010-02-26,2384.0,risk_off
2010-03-24,risk_on,risk_off,1.0,2.670332621915205e-267,0.0,2010-03-01,2000-09-01,2010-02-26,2384.0,risk_off
2010-03-25,risk_on,risk_off,1.0,1.8476588411028846e-268,0.0,2010-03-01,2000-09-01,2010-02-26,2384.0,risk_off
2010-03-26,risk_on,risk_off,1.0,9.908107591760434e-270,0.0,2010-03-01,2000-09-01,2010-02-26,2384.0,risk_off
2010-03-29,risk_on,risk_off,1.0,6.842350026871269e-268,0.0,2010-03-01,2000-09-01,2010-02-26,2384.0,risk_off
2010-03-30,risk_on,risk_off,1.0,2.6114405871284077e-269,0.0,2010-03-01,2000-09-01,2010-02-26,2384.0,risk_off
2010-03-31,risk_on,risk_off,1.0,9.465994246365698e-269,0.0,2010-03-01,2000-09-01,2010-02-26,2384.0,risk_off
2010-04-01,risk_on,neutral,3.588017209251014e-133,1.0,7.012071741151178e-286,2010-04-01,2000-09-01,2010-03-31,2407.0,risk_off
2010-04-05,risk_on,neutral,1.0607756156008648e-129,1.0,1.234846156559116e-279,2010-04-01,2000-09-01,2010-03-31,2407.0,neutral
2010-04-06,risk_on,neutral,1.7603097798284468e-135,1.0,3.2452845772344333e-278,2010-04-01,2000-09-01,2010-03-31,2407.0,neutral
2010-04-07,risk_on,neutral,6.6200993342583605e-137,1.0,1.0073358207713599e-281,2010-04-01,2000-09-01,2010-03-31,2407.0,neutral
2010-04-08,risk_on,neutral,1.3334045237780044e-139,1.0,5.202354008518372e-282,2010-04-01,2000-09-01,2010-03-31,2407.0,neutral
2010-04-09,risk_on,neutral,2.7588008741916322e-137,1.0,1.704108516358348e-279,2010-04-01,2000-09-01,2010-03-31,2407.0,neutral
2010-04-12,risk_on,neutral,4.4506943575653613e-138,1.0,1.524464500501677e-278,2010-04-01,2000-09-01,2010-03-31,2407.0,neutral
2010-04-13,risk_on,neutral,3.1735846297557246e-137,1.0,2.7532392499493906e-283,2010-04-01,2000-09-01,2010-03-31,2407.0,neutral
2010-04-14,risk_on,neutral,7.404211307426542e-131,1.0,7.479846258856417e-280,2010-04-01,2000-09-01,2010-03-31,2407.0,neutral
2010-04-15,risk_on,neutral,2.585261300719077e-140,1.0,9.323270199021483e-295,2010-04-01,2000-09-01,2010-03-31,2407.0,neutral
2010-04-16,risk_off,neutral,1.4439293035537394e-142,1.0,7.9480093886493e-310,2010-04-01,2000-09-01,2010-03-31,2407.0,neutral
2010-04-19,risk_on,neutral,7.974795602531305e-141,1.0,2.2605112197997027e-302,2010-04-01,2000-09-01,2010-03-31,2407.0,neutral
2010-04-20,risk_on,neutral,5.96101714405189e-141,1.0,4.468889949936416e-298,2010-04-01,2000-09-01,2010-03-31,2407.0,neutral
2010-04-21,risk_on,neutral,3.755060040261214e-134,1.0,1.7726687052364952e-301,2010-04-01,2000-09-01,2010-03-31,2407.0,neutral
2010-04-22,risk_on,neutral,1.9196720279174186e-131,1.0,1.2987014126597978e-305,2010-04-01,2000-09-01,2010-03-31,2407.0,neutral
2010-04-23,risk_on,neutral,2.8718757154912776e-124,1.0,4.26302350876617e-309,2010-04-01,2000-09-01,2010-03-31,2407.0,neutral
2010-04-26,risk_on,neutral,2.9807477583401384e-125,1.0,1.174948775683e-312,2010-04-01,2000-09-01,2010-03-31,2407.0,neutral
2010-04-27,risk_off,neutral,3.201097300186799e-122,1.0,0.0,2010-04-01,2000-09-01,2010-03-31,2407.0,neutral
2010-04-28,risk_off,neutral,6.972390175195338e-128,1.0,0.0,2010-04-01,2000-09-01,2010-03-31,2407.0,neutral
2010-04-29,risk_on,neutral,1.9773865082582725e-128,1.0,1.41187119506e-313,2010-04-01,2000-09-01,2010-03-31,2407.0,neutral
2010-04-30,risk_off,neutral,9.957515064625247e-119,1.0,0.0,2010-04-01,2000-09-01,2010-03-31,2407.0,neutral
2010-05-03,risk_on,neutral,0.0,1.0,0.0,2010-05-03,2000-09-01,2010-04-30,2428.0,neutral
2010-05-04,risk_off,neutral,0.0,1.0,0.0,2010-05-03,2000-09-01,2010-04-30,2428.0,neutral
2010-05-05,risk_off,neutral,0.0,1.0,0.0,2010-05-03,2000-09-01,2010-04-30,2428.0,neutral
2010-05-06,risk_off,neutral,0.0,1.0,0.0,2010-05-03,2000-09-01,2010-04-30,2428.0,neutral
2010-05-07,risk_off,neutral,0.0,1.0,0.0,2010-05-03,2000-09-01,2010-04-30,2428.0,neutral
2010-05-10,risk_off,neutral,0.0,1.0,0.0,2010-05-03,2000-09-01,2010-04-30,2428.0,neutral
2010-05-11,risk_off,neutral,0.0,1.0,0.0,2010-05-03,2000-09-01,2010-04-30,2428.0,neutral
2010-05-12,risk_off,neutral,0.0,1.0,0.0,2010-05-03,2000-09-01,2010-04-30,2428.0,neutral
2010-05-13,risk_off,neutral,0.0,1.0,0.0,2010-05-03,2000-09-01,2010-04-30,2428.0,neutral
2010-05-14,risk_off,neutral,0.0,1.0,0.0,2010-05-03,2000-09-01,2010-04-30,2428.0,neutral
2010-05-17,risk_off,neutral,0.0,1.0,0.0,2010-05-03,2000-09-01,2010-04-30,2428.0,neutral
2010-05-18,risk_off,neutral,0.0,1.0,0.0,2010-05-03,2000-09-01,2010-04-30,2428.0,neutral
2010-05-19,risk_off,neutral,0.0,1.0,0.0,2010-05-03,2000-09-01,2010-04-30,2428.0,neutral
2010-05-20,risk_off,neutral,0.0,1.0,0.0,2010-05-03,2000-09-01,2010-04-30,2428.0,neutral
2010-05-21,risk_off,neutral,0.0,1.0,0.0,2010-05-03,2000-09-01,2010-04-30,2428.0,neutral
2010-05-24,risk_off,neutral,0.0,1.0,0.0,2010-05-03,2000-09-01,2010-04-30,2428.0,neutral
2010-05-25,risk_off,neutral,0.0,1.0,0.0,2010-05-03,2000-09-01,2010-04-30,2428.0,neutral
2010-05-26,risk_off,neutral,0.0,1.0,0.0,2010-05-03,2000-09-01,2010-04-30,2428.0,neutral
2010-05-27,risk_off,neutral,0.0,1.0,0.0,2010-05-03,2000-09-01,2010-04-30,2428.0,neutral
2010-05-28,risk_off,neutral,0.0,1.0,0.0,2010-05-03,2000-09-01,2010-04-30,2428.0,neutral
2010-06-01,risk_off,neutral,3.9803612567633825e-94,1.0,0.0,2010-06-01,2000-09-01,2010-05-28,2448.0,neutral
2010-06-02,risk_off,neutral,8.96444288365082e-91,1.0,0.0,2010-06-01,2000-09-01,2010-05-28,2448.0,neutral
2010-06-03,risk_off,neutral,2.428638837036152e-90,1.0,0.0,2010-06-01,2000-09-01,2010-05-28,2448.0,neutral
2010-06-04,risk_off,neutral,2.2741690630209163e-98,1.0,0.0,2010-06-01,2000-09-01,2010-05-28,2448.0,neutral
2010-06-07,risk_off,neutral,2.1346468379623826e-99,1.0,0.0,2010-06-01,2000-09-01,2010-05-28,2448.0,neutral
2010-06-08,risk_off,neutral,1.9265486988796943e-95,1.0,0.0,2010-06-01,2000-09-01,2010-05-28,2448.0,neutral
2010-06-09,risk_off,neutral,9.844689726986734e-91,1.0,0.0,2010-06-01,2000-09-01,2010-05-28,2448.0,neutral
2010-06-10,risk_off,neutral,1.9009877686775525e-89,1.0,0.0,2010-06-01,2000-09-01,2010-05-28,2448.0,neutral
2010-06-11,risk_off,neutral,1.732277984204994e-87,1.0,0.0,2010-06-01,2000-09-01,2010-05-28,2448.0,neutral
2010-06-14,risk_off,neutral,4.268349832288828e-87,1.0,0.0,2010-06-01,2000-09-01,2010-05-28,2448.0,neutral
2010-06-15,risk_off,neutral,2.8484824983680227e-76,1.0,0.0,2010-06-01,2000-09-01,2010-05-28,2448.0,neutral
2010-06-16,risk_off,neutral,3.568338387303567e-77,1.0,0.0,2010-06-01,2000-09-01,2010-05-28,2448.0,neutral
2010-06-17,risk_off,neutral,2.229013119214369e-76,1.0,0.0,2010-06-01,2000-09-01,2010-05-28,2448.0,neutral
2010-06-18,risk_off,neutral,4.2823477939927553e-75,1.0,0.0,2010-06-01,2000-09-01,2010-05-28,2448.0,neutral
2010-06-21,risk_off,neutral,1.1380425648310694e-73,1.0,0.0,2010-06-01,2000-09-01,2010-05-28,2448.0,neutral
2010-06-22,risk_off,neutral,5.529247357933229e-78,1.0,0.0,2010-06-01,2000-09-01,2010-05-28,2448.0,neutral
2010-06-23,risk_off,neutral,1.565398265494682e-76,1.0,0.0,2010-06-01,2000-09-01,2010-05-28,2448.0,neutral
2010-06-24,risk_off,neutral,8.603776415891831e-80,1.0,0.0,2010-06-01,2000-09-01,2010-05-28,2448.0,neutral
2010-06-25,risk_off,neutral,2.66418323453351e-80,1.0,0.0,2010-06-01,2000-09-01,2010-05-28,2448.0,neutral
2010-06-28,risk_off,neutral,1.0569811542844376e-79,1.0,0.0,2010-06-01,2000-09-01,2010-05-28,2448.0,neutral
2010-06-29,risk_off,neutral,7.85439552032355e-89,1.0,0.0,2010-06-01,2000-09-01,2010-05-28,2448.0,neutral
2010-06-30,risk_off,neutral,2.197422374839677e-90,1.0,0.0,2010-06-01,2000-09-01,2010-05-28,2448.0,neutral
2010-07-01,risk_off,neutral,1.3371024510005483e-105,1.0,1.18841191331905e-49,2010-07-01,2000-09-01,2010-06-30,2470.0,neutral
2010-07-02,risk_off,neutral,7.184423149929623e-110,1.0,1.2606892386191288e-44,2010-07-01,2000-09-01,2010-06-30,2470.0,neutral
2010-07-06,risk_off,neutral,3.709832101431429e-108,1.0,5.205353705367434e-42,2010-07-01,2000-09-01,2010-06-30,2470.0,neutral
2010-07-07,risk_off,neutral,6.972555308552712e-108,1.0,8.212219772195656e-39,2010-07-01,2000-09-01,2010-06-30,2470.0,neutral
2010-07-08,risk_off,neutral,1.2072609927422228e-107,1.0,1.1790138888247173e-37,2010-07-01,2000-09-01,2010-06-30,2470.0,neutral
2010-07-09,risk_off,neutral,1.898949236833012e-110,1.0,1.5550653825544936e-39,2010-07-01,2000-09-01,2010-06-30,2470.0,neutral
2010-07-12,risk_off,neutral,5.317079600248774e-108,1.0,3.755965058687732e-39,2010-07-01,2000-09-01,2010-06-30,2470.0,neutral
2010-07-13,risk_off,neutral,5.96231020542393e-109,1.0,2.0152793641841725e-39,2010-07-01,2000-09-01,2010-06-30,2470.0,neutral
2010-07-14,risk_off,neutral,4.4369618246824744e-111,1.0,8.082855098522498e-40,2010-07-01,2000-09-01,2010-06-30,2470.0,neutral
2010-07-15,risk_off,neutral,3.3983869101792166e-111,1.0,7.074032015573236e-39,2010-07-01,2000-09-01,2010-06-30,2470.0,neutral
2010-07-16,risk_off,neutral,1.7831968360490937e-100,1.0,1.7165439660877923e-30,2010-07-01,2000-09-01,2010-06-30,2470.0,neutral
2010-07-19,risk_off,neutral,4.907991207957448e-102,1.0,4.6962498282770684e-31,2010-07-01,2000-09-01,2010-06-30,2470.0,neutral
2010-07-20,risk_off,neutral,6.242272995413307e-101,1.0,1.692262837528366e-30,2010-07-01,2000-09-01,2010-06-30,2470.0,neutral
2010-07-21,risk_off,neutral,5.7539908481064944e-102,1.0,1.6820324627525999e-31,2010-07-01,2000-09-01,2010-06-30,2470.0,neutral
2010-07-22,risk_off,neutral,5.776296109334967e-105,1.0,7.870029211190846e-32,2010-07-01,2000-09-01,2010-06-30,2470.0,neutral
2010-07-23,risk_off,neutral,1.674950896163089e-105,1.0,7.632439950376916e-33,2010-07-01,2000-09-01,2010-06-30,2470.0,neutral
2010-07-26,risk_off,neutral,1.4001650112944037e-105,1.0,2.384830341379859e-32,2010-07-01,2000-09-01,2010-06-30,2470.0,neutral
2010-07-27,risk_on,neutral,1.4212633558789815e-103,1.0,9.017323572573108e-32,2010-07-01,2000-09-01,2010-06-30,2470.0,neutral
2010-07-28,risk_off,neutral,2.942816081570927e-104,1.0,1.2592223525548775e-31,2010-07-01,2000-09-01,2010-06-30,2470.0,neutral
2010-07-29,risk_off,neutral,4.789774611154571e-103,1.0,3.286188148544851e-30,2010-07-01,2000-09-01,2010-06-30,2470.0,neutral
2010-07-30,risk_on,neutral,1.3709782788032829e-98,1.0,1.0229390365585519e-30,2010-07-01,2000-09-01,2010-06-30,2470.0,neutral
2010-08-02,risk_on,neutral,1.698599803688619e-274,1.0,1.5878939276593178e-299,2010-08-02,2000-09-01,2010-07-30,2491.0,neutral
2010-08-03,risk_on,neutral,1.096778579690128e-274,1.0,6.136058325979536e-300,2010-08-02,2000-09-01,2010-07-30,2491.0,neutral
2010-08-04,risk_on,neutral,9.916193785213504e-275,1.0,3.2402763206018165e-295,2010-08-02,2000-09-01,2010-07-30,2491.0,neutral
2010-08-05,risk_on,neutral,7.934670789674498e-273,1.0,7.759504042092059e-299,2010-08-02,2000-09-01,2010-07-30,2491.0,neutral
2010-08-06,risk_on,neutral,7.256587028555225e-274,1.0,1.300597668819203e-300,2010-08-02,2000-09-01,2010-07-30,2491.0,neutral
2010-08-09,risk_on,neutral,4.3910177938630994e-274,1.0,5.12967416927541e-302,2010-08-02,2000-09-01,2010-07-30,2491.0,neutral
2010-08-10,risk_on,neutral,1.233322814077002e-272,1.0,6.59941729283494e-309,2010-08-02,2000-09-01,2010-07-30,2491.0,neutral
2010-08-11,risk_on,neutral,5.713070165207122e-267,1.0,4.34254e-319,2010-08-02,2000-09-01,2010-07-30,2491.0,neutral
2010-08-12,risk_on,neutral,7.568719135434045e-267,1.0,1.427945e-317,2010-08-02,2000-09-01,2010-07-30,2491.0,neutral
2010-08-13,risk_on,neutral,1.6173471708215884e-264,1.0,2.7002086e-317,2010-08-02,2000-09-01,2010-07-30,2491.0,neutral
2010-08-16,risk_on,neutral,3.199562676647771e-258,1.0,4e-323,2010-08-02,2000-09-01,2010-07-30,2491.0,neutral
2010-08-17,risk_on,neutral,3.61025710406523e-259,1.0,2.08110958805e-313,2010-08-02,2000-09-01,2010-07-30,2491.0,neutral
2010-08-18,risk_on,neutral,2.0116163972124534e-259,1.0,1.137413592e-314,2010-08-02,2000-09-01,2010-07-30,2491.0,neutral
2010-08-19,risk_on,neutral,6.4910725464907325e-257,1.0,6.4e-323,2010-08-02,2000-09-01,2010-07-30,2491.0,neutral
2010-08-20,risk_on,neutral,2.1183369701926373e-256,1.0,8.7287e-320,2010-08-02,2000-09-01,2010-07-30,2491.0,neutral
2010-08-23,risk_on,neutral,3.231289667673723e-256,1.0,1.304e-321,2010-08-02,2000-09-01,2010-07-30,2491.0,neutral
2010-08-24,risk_on,neutral,3.3232286464278207e-251,1.0,0.0,2010-08-02,2000-09-01,2010-07-30,2491.0,neutral
2010-08-25,risk_on,neutral,2.322733364848311e-251,1.0,0.0,2010-08-02,2000-09-01,2010-07-30,2491.0,neutral
2010-08-26,risk_on,neutral,2.0952599929267792e-252,1.0,0.0,2010-08-02,2000-09-01,2010-07-30,2491.0,neutral
2010-08-27,risk_on,neutral,4.159210170253833e-255,1.0,2.4599e-319,2010-08-02,2000-09-01,2010-07-30,2491.0,neutral
2010-08-30,risk_on,neutral,6.307519937807161e-254,1.0,0.0,2010-08-02,2000-09-01,2010-07-30,2491.0,neutral
2010-08-31,risk_on,neutral,1.1449324728322513e-253,1.0,0.0,2010-08-02,2000-09-01,2010-07-30,2491.0,neutral
2010-09-01,risk_on,risk_off,1.0,2.6436298548227155e-86,0.0,2010-09-01,2000-09-01,2010-08-31,2513.0,neutral
2010-09-02,risk_on,risk_off,1.0,1.1256931258147448e-77,0.0,2010-09-01,2000-09-01,2010-08-31,2513.0,risk_off
2010-09-03,risk_on,risk_off,1.0,4.038868179474581e-78,0.0,2010-09-01,2000-09-01,2010-08-31,2513.0,risk_off
2010-09-07,risk_on,risk_off,1.0,2.4923447552991673e-77,0.0,2010-09-01,2000-09-01,2010-08-31,2513.0,risk_off
2010-09-08,risk_on,risk_off,1.0,9.289820875532285e-78,0.0,2010-09-01,2000-09-01,2010-08-31,2513.0,risk_off
2010-09-09,risk_on,risk_off,1.0,5.895306253294485e-82,0.0,2010-09-01,2000-09-01,2010-08-31,2513.0,risk_off
2010-09-10,risk_on,risk_off,1.0,1.0474666252003456e-78,0.0,2010-09-01,2000-09-01,2010-08-31,2513.0,risk_off
2010-09-13,risk_on,risk_off,1.0,3.0989679425301433e-81,0.0,2010-09-01,2000-09-01,2010-08-31,2513.0,risk_off
2010-09-14,risk_on,risk_off,1.0,2.5134182053088242e-82,0.0,2010-09-01,2000-09-01,2010-08-31,2513.0,risk_off
2010-09-15,risk_on,risk_off,1.0,2.495290318376274e-80,0.0,2010-09-01,2000-09-01,2010-08-31,2513.0,risk_off
2010-09-16,risk_on,risk_off,1.0,3.71044976969883e-79,0.0,2010-09-01,2000-09-01,2010-08-31,2513.0,risk_off
2010-09-17,risk_on,risk_off,1.0,1.4927607989448996e-80,0.0,2010-09-01,2000-09-01,2010-08-31,2513.0,risk_off
2010-09-20,risk_on,risk_off,1.0,3.729861120530385e-79,0.0,2010-09-01,2000-09-01,2010-08-31,2513.0,risk_off
2010-09-21,risk_on,risk_off,1.0,2.132219536195607e-75,0.0,2010-09-01,2000-09-01,2010-08-31,2513.0,risk_off
2010-09-22,risk_on,risk_off,1.0,3.2461330672968765e-74,0.0,2010-09-01,2000-09-01,2010-08-31,2513.0,risk_off
2010-09-23,risk_on,risk_off,1.0,2.402065975458827e-72,0.0,2010-09-01,2000-09-01,2010-08-31,2513.0,risk_off
2010-09-24,risk_on,risk_off,1.0,8.18218908360611e-71,0.0,2010-09-01,2000-09-01,2010-08-31,2513.0,risk_off
2010-09-27,risk_on,risk_off,1.0,5.179440613542684e-69,0.0,2010-09-01,2000-09-01,2010-08-31,2513.0,risk_off
2010-09-28,risk_on,risk_off,1.0,2.0667656077335165e-66,0.0,2010-09-01,2000-09-01,2010-08-31,2513.0,risk_off
2010-09-29,risk_on,risk_off,1.0,1.1991914301779747e-62,0.0,2010-09-01,2000-09-01,2010-08-31,2513.0,risk_off
2010-09-30,risk_on,risk_off,1.0,1.7069892823439906e-66,0.0,2010-09-01,2000-09-01,2010-08-31,2513.0,risk_off
2010-10-01,risk_on,risk_off,1.0,3.520046875306027e-69,0.0,2010-10-01,2000-09-01,2010-09-30,2534.0,risk_off
2010-10-04,risk_on,risk_off,1.0,1.4047966278819297e-70,0.0,2010-10-01,2000-09-01,2010-09-30,2534.0,risk_off
2010-10-05,risk_on,risk_off,1.0,2.780708711351497e-72,0.0,2010-10-01,2000-09-01,2010-09-30,2534.0,risk_off
2010-10-06,risk_on,risk_off,1.0,6.913600832362422e-75,0.0,2010-10-01,2000-09-01,2010-09-30,2534.0,risk_off
2010-10-07,risk_on,risk_off,1.0,6.124281639804033e-76,0.0,2010-10-01,2000-09-01,2010-09-30,2534.0,risk_off
2010-10-08,risk_on,risk_off,1.0,1.149214299747236e-75,0.0,2010-10-01,2000-09-01,2010-09-30,2534.0,risk_off
2010-10-11,risk_on,risk_off,1.0,2.620129849721845e-81,0.0,2010-10-01,2000-09-01,2010-09-30,2534.0,risk_off
2010-10-12,risk_on,risk_off,1.0,1.1889097879677164e-79,0.0,2010-10-01,2000-09-01,2010-09-30,2534.0,risk_off
2010-10-13,risk_on,risk_off,1.0,2.375336238835947e-77,0.0,2010-10-01,2000-09-01,2010-09-30,2534.0,risk_off
2010-10-14,risk_on,risk_off,1.0,6.63391858102683e-74,0.0,2010-10-01,2000-09-01,2010-09-30,2534.0,risk_off
2010-10-15,risk_on,risk_off,1.0,1.26815126566936e-75,0.0,2010-10-01,2000-09-01,2010-09-30,2534.0,risk_off
2010-10-18,risk_on,risk_off,1.0,3.666896012654136e-74,0.0,2010-10-01,2000-09-01,2010-09-30,2534.0,risk_off
2010-10-19,risk_on,risk_off,1.0,3.0122451946259396e-75,0.0,2010-10-01,2000-09-01,2010-09-30,2534.0,risk_off
2010-10-20,risk_on,risk_off,1.0,2.0883082425464149e-75,0.0,2010-10-01,2000-09-01,2010-09-30,2534.0,risk_off
2010-10-21,risk_on,risk_off,1.0,1.0095066806944204e-77,0.0,2010-10-01,2000-09-01,2010-09-30,2534.0,risk_off
2010-10-22,risk_on,risk_off,1.0,2.2599146972786527e-78,0.0,2010-10-01,2000-09-01,2010-09-30,2534.0,risk_off
2010-10-25,risk_on,risk_off,1.0,1.625553690284039e-75,0.0,2010-10-01,2000-09-01,2010-09-30,2534.0,risk_off
2010-10-26,risk_on,risk_off,1.0,1.7512139774060493e-73,0.0,2010-10-01,2000-09-01,2010-09-30,2534.0,risk_off
2010-10-27,risk_on,risk_off,1.0,4.5536865083160876e-74,0.0,2010-10-01,2000-09-01,2010-09-30,2534.0,risk_off
2010-10-28,risk_on,risk_off,1.0,2.8214718981952685e-71,0.0,2010-10-01,2000-09-01,2010-09-30,2534.0,risk_off
2010-10-29,risk_on,risk_off,1.0,5.263280895641241e-76,0.0,2010-10-01,2000-09-01,2010-09-30,2534.0,risk_off
2010-11-01,risk_on,risk_off,1.0,5.4092711735473575e-244,0.0,2010-11-01,2000-09-01,2010-10-29,2555.0,risk_off
2010-11-02,risk_on,risk_off,1.0,6.100620581478294e-249,0.0,2010-11-01,2000-09-01,2010-10-29,2555.0,risk_off
2010-11-03,risk_on,risk_off,1.0,6.298529759206829e-242,0.0,2010-11-01,2000-09-01,2010-10-29,2555.0,risk_off
2010-11-04,risk_on,risk_off,1.0,1.2034865449119e-249,0.0,2010-11-01,2000-09-01,2010-10-29,2555.0,risk_off
2010-11-05,risk_on,risk_off,1.0,2.613603262209682e-248,0.0,2010-11-01,2000-09-01,2010-10-29,2555.0,risk_off
2010-11-08,risk_on,risk_off,1.0,8.928099007776215e-248,0.0,2010-11-01,2000-09-01,2010-10-29,2555.0,risk_off
2010-11-09,risk_on,risk_off,1.0,1.4719650512338651e-241,0.0,2010-11-01,2000-09-01,2010-10-29,2555.0,risk_off
2010-11-10,risk_on,risk_off,1.0,3.776767438869682e-246,0.0,2010-11-01,2000-09-01,2010-10-29,2555.0,risk_off
2010-11-11,risk_on,risk_off,1.0,1.388380006179051e-242,0.0,2010-11-01,2000-09-01,2010-10-29,2555.0,risk_off
2010-11-12,risk_on,risk_off,1.0,3.1627756192207237e-229,0.0,2010-11-01,2000-09-01,2010-10-29,2555.0,risk_off
2010-11-15,risk_on,risk_off,1.0,6.968070041343224e-218,0.0,2010-11-01,2000-09-01,2010-10-29,2555.0,risk_off
2010-11-16,risk_on,risk_off,1.0,2.5521678610086935e-212,0.0,2010-11-01,2000-09-01,2010-10-29,2555.0,risk_off
2010-11-17,risk_on,risk_off,1.0,9.191496001122076e-210,0.0,2010-11-01,2000-09-01,2010-10-29,2555.0,risk_off
2010-11-18,risk_on,risk_off,1.0,6.618132101389828e-214,0.0,2010-11-01,2000-09-01,2010-10-29,2555.0,risk_off
2010-11-19,risk_on,risk_off,1.0,3.6167524635915773e-215,0.0,2010-11-01,2000-09-01,2010-10-29,2555.0,risk_off
2010-11-22,risk_on,risk_off,1.0,7.656883807374632e-213,0.0,2010-11-01,2000-09-01,2010-10-29,2555.0,risk_off
2010-11-23,risk_on,risk_off,1.0,1.525386018178849e-211,0.0,2010-11-01,2000-09-01,2010-10-29,2555.0,risk_off
2010-11-24,risk_on,risk_off,1.0,7.703328363031259e-207,0.0,2010-11-01,2000-09-01,2010-10-29,2555.0,risk_off
2010-11-26,risk_on,risk_off,1.0,1.860099829772966e-216,0.0,2010-11-01,2000-09-01,2010-10-29,2555.0,risk_off
2010-11-29,risk_on,risk_off,1.0,1.3071103756188159e-208,0.0,2010-11-01,2000-09-01,2010-10-29,2555.0,risk_off
2010-11-30,risk_off,risk_off,1.0,6.331996660133989e-204,0.0,2010-11-01,2000-09-01,2010-10-29,2555.0,risk_off
2010-12-01,risk_on,neutral,0.0,1.0,9.52892911414058e-165,2010-12-01,2000-09-01,2010-11-30,2576.0,risk_off
2010-12-02,risk_on,neutral,0.0,1.0,2.0178952895359117e-159,2010-12-01,2000-09-01,2010-11-30,2576.0,neutral
2010-12-03,risk_on,neutral,0.0,1.0,1.680815288574538e-154,2010-12-01,2000-09-01,2010-11-30,2576.0,neutral
2010-12-06,risk_on,neutral,0.0,1.0,1.8306466468772375e-153,2010-12-01,2000-09-01,2010-11-30,2576.0,neutral
2010-12-07,risk_on,neutral,0.0,1.0,1.0064341256746138e-150,2010-12-01,2000-09-01,2010-11-30,2576.0,neutral
2010-12-08,risk_on,neutral,0.0,1.0,2.608924571986679e-149,2010-12-01,2000-09-01,2010-11-30,2576.0,neutral
2010-12-09,risk_on,neutral,0.0,1.0,4.26619322474487e-151,2010-12-01,2000-09-01,2010-11-30,2576.0,neutral
2010-12-10,risk_on,neutral,0.0,1.0,3.6595766477418413e-147,2010-12-01,2000-09-01,2010-11-30,2576.0,neutral
2010-12-13,risk_on,neutral,0.0,1.0,1.6874180043331306e-147,2010-12-01,2000-09-01,2010-11-30,2576.0,neutral
2010-12-14,risk_on,neutral,0.0,1.0,9.196026172342829e-143,2010-12-01,2000-09-01,2010-11-30,2576.0,neutral
2010-12-15,risk_on,neutral,0.0,1.0,9.231424246147393e-142,2010-12-01,2000-09-01,2010-11-30,2576.0,neutral
2010-12-16,risk_on,neutral,0.0,1.0,2.616402185297722e-175,2010-12-01,2000-09-01,2010-11-30,2576.0,neutral
2010-12-17,risk_on,neutral,0.0,1.0,2.0237852184178146e-175,2010-12-01,2000-09-01,2010-11-30,2576.0,neutral
2010-12-20,risk_on,neutral,0.0,1.0,2.211718198220291e-173,2010-12-01,2000-09-01,2010-11-30,2576.0,neutral
2010-12-21,risk_on,neutral,0.0,1.0,2.257567006253285e-173,2010-12-01,2000-09-01,2010-11-30,2576.0,neutral
2010-12-22,risk_on,neutral,0.0,1.0,1.0050556241577269e-171,2010-12-01,2000-09-01,2010-11-30,2576.0,neutral
2010-12-23,risk_on,neutral,0.0,1.0,1.5855123287710966e-171,2010-12-01,2000-09-01,2010-11-30,2576.0,neutral
2010-12-27,risk_on,neutral,0.0,1.0,6.340091120470159e-180,2010-12-01,2000-09-01,2010-11-30,2576.0,neutral
2010-12-28,risk_on,neutral,0.0,1.0,1.0536282723819811e-173,2010-12-01,2000-09-01,2010-11-30,2576.0,neutral
2010-12-29,risk_on,neutral,0.0,1.0,9.540958562198372e-177,2010-12-01,2000-09-01,2010-11-30,2576.0,neutral
2010-12-30,risk_on,neutral,0.0,1.0,6.896233190107911e-178,2010-12-01,2000-09-01,2010-11-30,2576.0,neutral
2010-12-31,risk_on,neutral,0.0,1.0,1.1042984251816365e-181,2010-12-01,2000-09-01,2010-11-30,2576.0,neutral
2011-01-03,risk_on,risk_off,1.0,3.2194134422823144e-307,0.0,2011-01-03,2000-09-01,2010-12-31,2598.0,neutral
2011-01-04,risk_on,risk_off,1.0,9.591713520607972e-307,0.0,2011-01-03,2000-09-01,2010-12-31,2598.0,risk_off
2011-01-05,risk_on,risk_off,1.0,2.931816035869124e-303,0.0,2011-01-03,2000-09-01,2010-12-31,2598.0,risk_off
2011-01-06,risk_on,risk_off,1.0,3.209846083771531e-303,0.0,2011-01-03,2000-09-01,2010-12-31,2598.0,risk_off
2011-01-07,risk_on,risk_off,1.0,1.328196441231335e-304,0.0,2011-01-03,2000-09-01,2010-12-31,2598.0,risk_off
2011-01-10,risk_on,risk_off,1.0,4.8247491359323083e-306,0.0,2011-01-03,2000-09-01,2010-12-31,2598.0,risk_off
2011-01-11,risk_on,risk_off,1.0,2.4180174509938694e-308,0.0,2011-01-03,2000-09-01,2010-12-31,2598.0,risk_off
2011-01-12,risk_on,risk_off,1.0,1.0362176500387e-309,0.0,2011-01-03,2000-09-01,2010-12-31,2598.0,risk_off
2011-01-13,risk_on,risk_off,1.0,4.7759119565606e-311,0.0,2011-01-03,2000-09-01,2010-12-31,2598.0,risk_off
2011-01-14,risk_on,risk_off,1.0,9.83370191e-315,0.0,2011-01-03,2000-09-01,2010-12-31,2598.0,risk_off
2011-01-18,risk_on,risk_off,1.0,5.234083231041225e-257,0.0,2011-01-03,2000-09-01,2010-12-31,2598.0,risk_off
2011-01-19,risk_on,risk_off,1.0,6.750032850228904e-255,0.0,2011-01-03,2000-09-01,2010-12-31,2598.0,risk_off
2011-01-20,risk_on,risk_off,1.0,7.587295811656352e-252,0.0,2011-01-03,2000-09-01,2010-12-31,2598.0,risk_off
2011-01-21,risk_on,risk_off,1.0,2.5982096424481575e-254,0.0,2011-01-03,2000-09-01,2010-12-31,2598.0,risk_off
2011-01-24,risk_on,risk_off,1.0,3.6002383813141567e-253,0.0,2011-01-03,2000-09-01,2010-12-31,2598.0,risk_off
2011-01-25,risk_on,risk_off,1.0,1.2084828609952835e-252,0.0,2011-01-03,2000-09-01,2010-12-31,2598.0,risk_off
2011-01-26,risk_on,risk_off,1.0,3.1869382827823762e-257,0.0,2011-01-03,2000-09-01,2010-12-31,2598.0,risk_off
2011-01-27,risk_on,risk_off,1.0,2.7920291295137338e-260,0.0,2011-01-03,2000-09-01,2010-12-31,2598.0,risk_off
2011-01-28,risk_on,risk_off,1.0,4.320532791982277e-253,0.0,2011-01-03,2000-09-01,2010-12-31,2598.0,risk_off
2011-01-31,risk_on,risk_off,1.0,1.924882320045731e-254,0.0,2011-01-03,2000-09-01,2010-12-31,2598.0,risk_off
2011-02-01,risk_on,neutral,4.2912025749211144e-166,1.0,2.0383566712800156e-293,2011-02-01,2000-09-01,2011-01-31,2618.0,risk_off
2011-02-02,risk_on,neutral,9.64225054945594e-168,1.0,2.4891919480023506e-295,2011-02-01,2000-09-01,2011-01-31,2618.0,neutral
2011-02-03,risk_on,neutral,2.695272412008316e-169,1.0,1.436636178722778e-290,2011-02-01,2000-09-01,2011-01-31,2618.0,neutral
2011-02-04,risk_on,neutral,4.040055738741255e-168,1.0,3.103715302096991e-284,2011-02-01,2000-09-01,2011-01-31,2618.0,neutral
2011-02-07,risk_on,neutral,1.1628976721674848e-167,1.0,7.305182467463362e-290,2011-02-01,2000-09-01,2011-01-31,2618.0,neutral
2011-02-08,risk_on,neutral,3.9430154984610727e-166,1.0,4.277664969000426e-289,2011-02-01,2000-09-01,2011-01-31,2618.0,neutral
2011-02-09,risk_on,neutral,8.894141349129628e-165,1.0,4.243297350775904e-292,2011-02-01,2000-09-01,2011-01-31,2618.0,neutral
2011-02-10,risk_on,neutral,4.270811909894351e-164,1.0,1.6056568168295153e-292,2011-02-01,2000-09-01,2011-01-31,2618.0,neutral
2011-02-11,risk_on,neutral,5.266939139148957e-164,1.0,8.533121219073678e-295,2011-02-01,2000-09-01,2011-01-31,2618.0,neutral
2011-02-14,risk_on,neutral,5.980413931176492e-167,1.0,5.123308753410995e-299,2011-02-01,2000-09-01,2011-01-31,2618.0,neutral
2011-02-15,risk_on,neutral,4.542297092670603e-156,1.0,1.4825129984902351e-273,2011-02-01,2000-09-01,2011-01-31,2618.0,neutral
2011-02-16,risk_on,neutral,1.2430368833166771e-154,1.0,1.538657086030138e-276,2011-02-01,2000-09-01,2011-01-31,2618.0,neutral
2011-02-17,risk_on,neutral,1.138825160989523e-157,1.0,7.122540303894279e-276,2011-02-01,2000-09-01,2011-01-31,2618.0,neutral
2011-02-18,risk_on,neutral,3.6002356971447786e-157,1.0,2.1852147963441097e-274,2011-02-01,2000-09-01,2011-01-31,2618.0,neutral
2011-02-22,risk_on,neutral,4.446578366620729e-156,1.0,7.351773507041673e-301,2011-02-01,2000-09-01,2011-01-31,2618.0,neutral
2011-02-23,risk_on,neutral,2.850437292840395e-155,1.0,3.628483514484892e-305,2011-02-01,2000-09-01,2011-01-31,2618.0,neutral
2011-02-24,risk_on,neutral,3.3379539599943955e-152,1.0,4.34866943788023e-298,2011-02-01,2000-09-01,2011-01-31,2618.0,neutral
2011-02-25,risk_on,neutral,1.17871174732511e-153,1.0,1.1801786336275998e-288,2011-02-01,2000-09-01,2011-01-31,2618.0,neutral
2011-02-28,risk_on,neutral,1.592655180804569e-151,1.0,4.1957188274631037e-278,2011-02-01,2000-09-01,2011-01-31,2618.0,neutral
2011-03-01,risk_on,neutral,1.3724860405209414e-284,1.0,0.0,2011-03-01,2000-09-01,2011-02-28,2637.0,neutral
2011-03-02,risk_on,neutral,1.288370003603379e-290,1.0,0.0,2011-03-01,2000-09-01,2011-02-28,2637.0,neutral
2011-03-03,risk_on,neutral,7.1415857072474935e-292,1.0,0.0,2011-03-01,2000-09-01,2011-02-28,2637.0,neutral
2011-03-04,risk_on,neutral,5.712776161629109e-292,1.0,0.0,2011-03-01,2000-09-01,2011-02-28,2637.0,neutral
2011-03-07,risk_on,neutral,7.982503576655587e-285,1.0,0.0,2011-03-01,2000-09-01,2011-02-28,2637.0,neutral
2011-03-08,risk_on,neutral,5.8696177801363935e-289,1.0,0.0,2011-03-01,2000-09-01,2011-02-28,2637.0,neutral
2011-03-09,risk_on,neutral,5.312321928295581e-287,1.0,0.0,2011-03-01,2000-09-01,2011-02-28,2637.0,neutral
2011-03-10,risk_on,neutral,3.253378837716927e-283,1.0,0.0,2011-03-01,2000-09-01,2011-02-28,2637.0,neutral
2011-03-11,risk_on,neutral,3.1203690418803707e-286,1.0,0.0,2011-03-01,2000-09-01,2011-02-28,2637.0,neutral
2011-03-14,risk_on,neutral,2.9107360020250146e-289,1.0,0.0,2011-03-01,2000-09-01,2011-02-28,2637.0,neutral
2011-03-15,risk_on,neutral,5.072611322684086e-286,1.0,0.0,2011-03-01,2000-09-01,2011-02-28,2637.0,neutral
2011-03-16,risk_off,neutral,2.9898452666045986e-277,1.0,0.0,2011-03-01,2000-09-01,2011-02-28,2637.0,neutral
2011-03-17,risk_on,neutral,4.599792735164998e-289,1.0,0.0,2011-03-01,2000-09-01,2011-02-28,2637.0,neutral
2011-03-18,risk_on,neutral,3.441904813039275e-266,1.0,0.0,2011-03-01,2000-09-01,2011-02-28,2637.0,neutral
2011-03-21,risk_on,neutral,6.499701844314744e-268,1.0,0.0,2011-03-01,2000-09-01,2011-02-28,2637.0,neutral
2011-03-22,risk_on,neutral,9.742752763539359e-270,1.0,0.0,2011-03-01,2000-09-01,2011-02-28,2637.0,neutral
2011-03-23,risk_on,neutral,7.553992388993008e-265,1.0,0.0,2011-03-01,2000-09-01,2011-02-28,2637.0,neutral
2011-03-24,risk_on,neutral,1.0798535805767154e-265,1.0,0.0,2011-03-01,2000-09-01,2011-02-28,2637.0,neutral
2011-03-25,risk_on,neutral,6.279493287722357e-264,1.0,0.0,2011-03-01,2000-09-01,2011-02-28,2637.0,neutral
2011-03-28,risk_on,neutral,1.600872291994989e-268,1.0,0.0,2011-03-01,2000-09-01,2011-02-28,2637.0,neutral
2011-03-29,risk_on,neutral,2.670522222552214e-269,1.0,0.0,2011-03-01,2000-09-01,2011-02-28,2637.0,neutral
2011-03-30,risk_on,neutral,1.4485426013594033e-268,1.0,0.0,2011-03-01,2000-09-01,2011-02-28,2637.0,neutral
2011-03-31,risk_on,neutral,1.6280306236393179e-268,1.0,0.0,2011-03-01,2000-09-01,2011-02-28,2637.0,neutral
2011-04-01,risk_on,risk_on,4.540678529639656e-31,1e-323,1.0,2011-04-01,2000-09-01,2011-03-31,2660.0,neutral
2011-04-04,risk_on,risk_on,4.802600265812668e-30,0.0,1.0,2011-04-01,2000-09-01,2011-03-31,2660.0,risk_on
2011-04-05,risk_on,risk_on,2.1660885078275547e-30,0.0,1.0,2011-04-01,2000-09-01,2011-03-31,2660.0,risk_on
2011-04-06,risk_on,risk_on,3.6972012583686967e-31,0.0,1.0,2011-04-01,2000-09-01,2011-03-31,2660.0,risk_on
2011-04-07,risk_on,risk_on,7.932072964800099e-33,0.0,1.0,2011-04-01,2000-09-01,2011-03-31,2660.0,risk_on
2011-04-08,risk_on,risk_on,2.5094758400173205e-34,7.56e-322,1.0,2011-04-01,2000-09-01,2011-03-31,2660.0,risk_on
2011-04-11,risk_on,risk_on,5.673385085621446e-34,5.4e-322,1.0,2011-04-01,2000-09-01,2011-03-31,2660.0,risk_on
2011-04-12,risk_on,risk_on,7.3753386717107635e-34,0.0,1.0,2011-04-01,2000-09-01,2011-03-31,2660.0,risk_on
2011-04-13,risk_on,risk_on,1.8040059276709515e-33,0.0,1.0,2011-04-01,2000-09-01,2011-03-31,2660.0,risk_on
2011-04-14,risk_on,risk_on,2.3163604942498665e-34,0.0,1.0,2011-04-01,2000-09-01,2011-03-31,2660.0,risk_on
2011-04-15,risk_on,risk_on,1.132388642237973e-27,0.0,1.0,2011-04-01,2000-09-01,2011-03-31,2660.0,risk_on
2011-04-18,risk_on,risk_on,7.657423288680922e-27,0.0,1.0,2011-04-01,2000-09-01,2011-03-31,2660.0,risk_on
2011-04-19,risk_on,risk_on,8.275819030212051e-28,0.0,1.0,2011-04-01,2000-09-01,2011-03-31,2660.0,risk_on
2011-04-20,risk_on,risk_on,1.9573376986459364e-28,0.0,1.0,2011-04-01,2000-09-01,2011-03-31,2660.0,risk_on
2011-04-21,risk_on,risk_on,4.728056350616809e-29,0.0,1.0,2011-04-01,2000-09-01,2011-03-31,2660.0,risk_on
2011-04-25,risk_on,risk_on,5.470564987233942e-30,0.0,1.0,2011-04-01,2000-09-01,2011-03-31,2660.0,risk_on
2011-04-26,risk_on,risk_on,9.159604934136461e-31,0.0,1.0,2011-04-01,2000-09-01,2011-03-31,2660.0,risk_on
2011-04-27,risk_on,risk_on,9.4585669513821e-32,0.0,1.0,2011-04-01,2000-09-01,2011-03-31,2660.0,risk_on
2011-04-28,risk_on,risk_on,1.0605060299438265e-30,0.0,1.0,2011-04-01,2000-09-01,2011-03-31,2660.0,risk_on
2011-04-29,risk_on,risk_on,6.232266482419332e-33,0.0,1.0,2011-04-01,2000-09-01,2011-03-31,2660.0,risk_on
2011-05-02,risk_on,neutral,1.3557789967519402e-28,1.0,3.308064814189832e-165,2011-05-02,2000-09-01,2011-04-29,2680.0,risk_on
2011-05-03,risk_on,neutral,2.816049419827115e-26,1.0,2.8301055722336584e-167,2011-05-02,2000-09-01,2011-04-29,2680.0,neutral
2011-05-04,risk_on,neutral,2.189092903400477e-23,1.0,1.165780438847529e-170,2011-05-02,2000-09-01,2011-04-29,2680.0,neutral
2011-05-05,risk_on,neutral,5.034687195174896e-19,1.0,4.3995211481640505e-178,2011-05-02,2000-09-01,2011-04-29,2680.0,neutral
2011-05-06,risk_on,neutral,1.778114151193849e-19,1.0,3.4459744639136974e-178,2011-05-02,2000-09-01,2011-04-29,2680.0,neutral
2011-05-09,risk_on,neutral,3.549947149687009e-21,1.0,4.839432779288835e-172,2011-05-02,2000-09-01,2011-04-29,2680.0,neutral
2011-05-10,risk_on,neutral,3.9856859244760366e-24,1.0,5.152429654566401e-167,2011-05-02,2000-09-01,2011-04-29,2680.0,neutral
2011-05-11,risk_on,neutral,2.6622706694906323e-22,1.0,1.0122850441999747e-171,2011-05-02,2000-09-01,2011-04-29,2680.0,neutral
2011-05-12,risk_on,neutral,2.7630402019884056e-22,1.0,9.299542064080474e-170,2011-05-02,2000-09-01,2011-04-29,2680.0,neutral
2011-05-13,risk_on,neutral,1.1463206530626442e-22,1.0,3.4036675416859494e-173,2011-05-02,2000-09-01,2011-04-29,2680.0,neutral
2011-05-16,risk_on,neutral,4.848746814343316e-23,1.0,9.324997807011667e-184,2011-05-02,2000-09-01,2011-04-29,2680.0,neutral
2011-05-17,risk_on,neutral,1.3354687690730725e-22,1.0,1.226600115314492e-181,2011-05-02,2000-09-01,2011-04-29,2680.0,neutral
2011-05-18,risk_on,neutral,2.7026753343670436e-24,1.0,2.2387305282809033e-177,2011-05-02,2000-09-01,2011-04-29,2680.0,neutral
2011-05-19,risk_on,neutral,3.8090687094066435e-24,1.0,3.6975647273486043e-175,2011-05-02,2000-09-01,2011-04-29,2680.0,neutral
2011-05-20,risk_on,neutral,7.28670425926858e-24,1.0,4.319340957251435e-182,2011-05-02,2000-09-01,2011-04-29,2680.0,neutral
2011-05-23,risk_on,neutral,3.726626717303793e-20,1.0,1.7895663011146154e-184,2011-05-02,2000-09-01,2011-04-29,2680.0,neutral
2011-05-24,risk_on,neutral,7.064950050627346e-19,1.0,1.7734783985087141e-184,2011-05-02,2000-09-01,2011-04-29,2680.0,neutral
2011-05-25,risk_on,neutral,2.8541121524349367e-20,1.0,2.7302133535443506e-180,2011-05-02,2000-09-01,2011-04-29,2680.0,neutral
2011-05-26,risk_on,neutral,6.034205462135609e-21,1.0,1.4074450272372432e-176,2011-05-02,2000-09-01,2011-04-29,2680.0,neutral
2011-05-27,risk_on,neutral,6.489351884703712e-21,1.0,2.705068127667689e-178,2011-05-02,2000-09-01,2011-04-29,2680.0,neutral
2011-05-31,risk_on,neutral,2.4403732605500083e-19,1.0,3.459535853616259e-176,2011-05-02,2000-09-01,2011-04-29,2680.0,neutral
2011-06-01,risk_on,risk_on,7.1738988614368864e-12,0.0,0.9999999999928262,2011-06-01,2000-09-01,2011-05-31,2701.0,neutral
2011-06-02,risk_on,risk_on,1.3066722077950668e-11,0.0,0.9999999999869331,2011-06-01,2000-09-01,2011-05-31,2701.0,risk_on
2011-06-03,risk_on,risk_on,1.756307527215914e-11,0.0,0.9999999999824372,2011-06-01,2000-09-01,2011-05-31,2701.0,risk_on
2011-06-06,risk_on,risk_on,5.5855648213857114e-11,0.0,0.9999999999441442,2011-06-01,2000-09-01,2011-05-31,2701.0,risk_on
2011-06-07,risk_on,risk_on,8.704855863129325e-11,0.0,0.9999999999129514,2011-06-01,2000-09-01,2011-05-31,2701.0,risk_on
2011-06-08,risk_on,risk_on,3.339571729662903e-11,0.0,0.9999999999666045,2011-06-01,2000-09-01,2011-05-31,2701.0,risk_on
2011-06-09,risk_on,risk_on,2.3346166250234317e-12,0.0,0.9999999999976659,2011-06-01,2000-09-01,2011-05-31,2701.0,risk_on
2011-06-10,risk_on,risk_on,1.3672218767796685e-11,0.0,0.9999999999863274,2011-06-01,2000-09-01,2011-05-31,2701.0,risk_on
2011-06-13,risk_on,risk_on,4.337535241850163e-12,0.0,0.9999999999956621,2011-06-01,2000-09-01,2011-05-31,2701.0,risk_on
2011-06-14,risk_on,risk_on,3.856233544427634e-13,0.0,0.9999999999996145,2011-06-01,2000-09-01,2011-05-31,2701.0,risk_on
2011-06-15,risk_on,risk_on,1.014410403157201e-09,0.0,0.9999999989855901,2011-06-01,2000-09-01,2011-05-31,2701.0,risk_on
2011-06-16,risk_on,risk_on,1.7967295931139024e-08,0.0,0.9999999820327049,2011-06-01,2000-09-01,2011-05-31,2701.0,risk_on
2011-06-17,risk_on,risk_on,8.121759837390547e-09,0.0,0.9999999918782407,2011-06-01,2000-09-01,2011-05-31,2701.0,risk_on
2011-06-20,risk_on,risk_on,2.9517343164146906e-09,0.0,0.9999999970482669,2011-06-01,2000-09-01,2011-05-31,2701.0,risk_on
2011-06-21,risk_on,risk_on,1.7685117202734857e-09,0.0,0.9999999982314876,2011-06-01,2000-09-01,2011-05-31,2701.0,risk_on
2011-06-22,risk_on,risk_on,3.4768548400480113e-09,0.0,0.9999999965231439,2011-06-01,2000-09-01,2011-05-31,2701.0,risk_on
2011-06-23,risk_on,risk_on,1.3705846694462856e-08,0.0,0.999999986294153,2011-06-01,2000-09-01,2011-05-31,2701.0,risk_on
2011-06-24,risk_on,risk_on,5.212635851595932e-08,0.0,0.9999999478736412,2011-06-01,2000-09-01,2011-05-31,2701.0,risk_on
2011-06-27,risk_on,risk_on,9.859743854221317e-09,0.0,0.9999999901402568,2011-06-01,2000-09-01,2011-05-31,2701.0,risk_on
2011-06-28,risk_on,risk_on,4.9479717132344456e-09,0.0,0.9999999950520291,2011-06-01,2000-09-01,2011-05-31,2701.0,risk_on
2011-06-29,risk_on,risk_on,4.031097587189412e-09,0.0,0.9999999959689028,2011-06-01,2000-09-01,2011-05-31,2701.0,risk_on
2011-06-30,risk_on,risk_on,2.8682626565712715e-09,0.0,0.9999999971317379,2011-06-01,2000-09-01,2011-05-31,2701.0,risk_on
2011-07-01,risk_on,risk_on,1.142831456134968e-16,0.0,1.0,2011-07-01,2000-09-01,2011-06-30,2723.0,risk_on
2011-07-05,risk_on,risk_on,1.5501869677186843e-16,0.0,1.0,2011-07-01,2000-09-01,2011-06-30,2723.0,risk_on
2011-07-06,risk_on,risk_on,4.132138957987908e-16,0.0,1.0,2011-07-01,2000-09-01,2011-06-30,2723.0,risk_on
2011-07-07,risk_on,risk_on,3.180656101878105e-15,0.0,0.9999999999999964,2011-07-01,2000-09-01,2011-06-30,2723.0,risk_on
2011-07-08,risk_on,risk_on,1.9173615516268496e-14,0.0,0.9999999999999822,2011-07-01,2000-09-01,2011-06-30,2723.0,risk_on
2011-07-11,risk_on,risk_on,3.61812888872541e-15,0.0,0.9999999999999964,2011-07-01,2000-09-01,2011-06-30,2723.0,risk_on
2011-07-12,risk_on,risk_on,6.994203656052123e-14,0.0,0.999999999999929,2011-07-01,2000-09-01,2011-06-30,2723.0,risk_on
2011-07-13,risk_on,risk_on,1.5600929371536546e-14,0.0,0.999999999999984,2011-07-01,2000-09-01,2011-06-30,2723.0,risk_on
2011-07-14,risk_on,risk_on,1.2078767044102906e-15,0.0,1.0,2011-07-01,2000-09-01,2011-06-30,2723.0,risk_on
2011-07-15,risk_on,risk_on,1.1732612548403016e-15,0.0,0.9999999999999982,2011-07-01,2000-09-01,2011-06-30,2723.0,risk_on
2011-07-18,risk_on,risk_on,4.0552354890444765e-15,0.0,0.9999999999999964,2011-07-01,2000-09-01,2011-06-30,2723.0,risk_on
2011-07-19,risk_on,risk_on,1.300105798204168e-16,0.0,1.0,2011-07-01,2000-09-01,2011-06-30,2723.0,risk_on
2011-07-20,risk_on,risk_on,3.3530441760145924e-18,0.0,1.0,2011-07-01,2000-09-01,2011-06-30,2723.0,risk_on
2011-07-21,risk_on,risk_on,5.385991333691197e-18,0.0,1.0,2011-07-01,2000-09-01,2011-06-30,2723.0,risk_on
2011-07-22,risk_on,risk_on,2.4310371129534282e-17,0.0,1.0,2011-07-01,2000-09-01,2011-06-30,2723.0,risk_on
2011-07-25,risk_on,risk_on,2.1565960810321726e-22,0.0,1.0,2011-07-01,2000-09-01,2011-06-30,2723.0,risk_on
2011-07-26,risk_on,risk_on,3.2538543194463765e-23,0.0,1.0,2011-07-01,2000-09-01,2011-06-30,2723.0,risk_on
2011-07-27,risk_on,risk_on,1.8849784413880342e-24,0.0,1.0,2011-07-01,2000-09-01,2011-06-30,2723.0,risk_on
2011-07-28,risk_on,risk_on,9.418588604545503e-25,0.0,1.0,2011-07-01,2000-09-01,2011-06-30,2723.0,risk_on
2011-07-29,risk_off,risk_on,5.0839651273480487e-17,0.0,1.0,2011-07-01,2000-09-01,2011-06-30,2723.0,risk_on
2011-08-01,risk_on,risk_on,8.278181474195764e-43,0.0,1.0,2011-08-01,2000-09-01,2011-07-29,2743.0,risk_on
2011-08-02,risk_on,risk_on,1.2204165982595414e-40,0.0,1.0,2011-08-01,2000-09-01,2011-07-29,2743.0,risk_on
2011-08-03,risk_on,risk_on,3.4202150943555013e-44,0.0,1.0,2011-08-01,2000-09-01,2011-07-29,2743.0,risk_on
2011-08-04,risk_off,risk_on,6.557040269372858e-39,0.0,1.0,2011-08-01,2000-09-01,2011-07-29,2743.0,risk_on
2011-08-05,risk_off,risk_on,7.418049016151692e-44,0.0,1.0,2011-08-01,2000-09-01,2011-07-29,2743.0,risk_on
2011-08-08,risk_off,risk_on,2.401107472735264e-16,8.732903296e-315,1.0,2011-08-01,2000-09-01,2011-07-29,2743.0,risk_on
2011-08-09,risk_off,risk_on,3.0397470564224886e-38,0.0,1.0,2011-08-01,2000-09-01,2011-07-29,2743.0,risk_on
2011-08-10,risk_off,risk_on,1.1793941280753142e-23,0.0,1.0,2011-08-01,2000-09-01,2011-07-29,2743.0,risk_on
2011-08-11,risk_off,risk_on,1.8399250263066274e-31,0.0,1.0,2011-08-01,2000-09-01,2011-07-29,2743.0,risk_on
2011-08-12,risk_off,risk_on,2.3744046597339067e-34,0.0,1.0,2011-08-01,2000-09-01,2011-07-29,2743.0,risk_on
2011-08-15,risk_off,risk_on,7.049974239999619e-32,0.0,1.0,2011-08-01,2000-09-01,2011-07-29,2743.0,risk_on
2011-08-16,risk_off,risk_on,5.0371459978456e-32,0.0,1.0,2011-08-01,2000-09-01,2011-07-29,2743.0,risk_on
2011-08-17,risk_off,risk_on,1.2965095589791554e-32,0.0,1.0,2011-08-01,2000-09-01,2011-07-29,2743.0,risk_on
2011-08-18,risk_off,risk_on,2.953559747441403e-20,9.589721609097e-312,1.0,2011-08-01,2000-09-01,2011-07-29,2743.0,risk_on
2011-08-19,risk_off,risk_on,4.8994759795774934e-23,5.280354286170271e-303,1.0,2011-08-01,2000-09-01,2011-07-29,2743.0,risk_on
2011-08-22,risk_off,risk_on,4.484316565316846e-23,9.79903421933139e-305,1.0,2011-08-01,2000-09-01,2011-07-29,2743.0,risk_on
2011-08-23,risk_off,risk_on,8.006703591558428e-30,0.0,1.0,2011-08-01,2000-09-01,2011-07-29,2743.0,risk_on
2011-08-24,risk_off,risk_on,2.3931813070489508e-34,0.0,1.0,2011-08-01,2000-09-01,2011-07-29,2743.0,risk_on
2011-08-25,risk_off,risk_on,1.8841367155286576e-29,2.15834193e-316,1.0,2011-08-01,2000-09-01,2011-07-29,2743.0,risk_on
2011-08-26,risk_off,risk_on,8.07730656095331e-32,0.0,1.0,2011-08-01,2000-09-01,2011-07-29,2743.0,risk_on
2011-08-29,risk_off,risk_on,9.256172312013206e-30,0.0,1.0,2011-08-01,2000-09-01,2011-07-29,2743.0,risk_on
2011-08-30,risk_off,risk_on,2.0732398005267867e-26,0.0,1.0,2011-08-01,2000-09-01,2011-07-29,2743.0,risk_on
2011-08-31,risk_off,risk_on,5.330811389549084e-24,0.0,1.0,2011-08-01,2000-09-01,2011-07-29,2743.0,risk_on
2011-09-01,risk_off,neutral,3.0035190202215787e-44,1.0,4.3031918116617555e-23,2011-09-01,2000-09-01,2011-08-31,2766.0,risk_on
2011-09-02,risk_off,neutral,6.947397502353256e-39,1.0,2.4933273868688695e-21,2011-09-01,2000-09-01,2011-08-31,2766.0,neutral
2011-09-06,risk_off,neutral,5.637948773125016e-43,1.0,1.968796990847045e-27,2011-09-01,2000-09-01,2011-08-31,2766.0,neutral
2011-09-07,risk_off,neutral,2.1625609507740104e-48,1.0,4.781524867732089e-19,2011-09-01,2000-09-01,2011-08-31,2766.0,neutral
2011-09-08,risk_off,neutral,1.213776137961419e-49,1.0,3.500044146046004e-17,2011-09-01,2000-09-01,2011-08-31,2766.0,neutral
2011-09-09,risk_off,neutral,5.57204175851226e-45,1.0,3.580856026212012e-21,2011-09-01,2000-09-01,2011-08-31,2766.0,neutral
2011-09-12,risk_off,neutral,8.953652991813384e-44,1.0,2.3577370717367884e-18,2011-09-01,2000-09-01,2011-08-31,2766.0,neutral
2011-09-13,risk_off,neutral,5.914341731520135e-45,1.0,1.3268488383073499e-15,2011-09-01,2000-09-01,2011-08-31,2766.0,neutral
2011-09-14,risk_off,neutral,9.224043124748578e-35,0.9994459131272608,0.0005540868727381284,2011-09-01,2000-09-01,2011-08-31,2766.0,neutral
2011-09-15,risk_off,neutral,2.616743707748543e-35,0.8427181367859963,0.15728186321400714,2011-09-01,2000-09-01,2011-08-31,2766.0,neutral
2011-09-16,risk_off,risk_on,9.762693269191471e-30,0.24123773409144908,0.7587622659085538,2011-09-01,2000-09-01,2011-08-31,2766.0,neutral
2011-09-19,risk_off,risk_on,3.1664338716894084e-36,0.3502174099160343,0.6497825900839626,2011-09-01,2000-09-01,2011-08-31,2766.0,risk_on
2011-09-20,risk_off,neutral,2.267140544703432e-38,0.8046402147014676,0.19535978529853487,2011-09-01,2000-09-01,2011-08-31,2766.0,risk_on
2011-09-21,risk_off,neutral,6.089639779986891e-38,0.999999876051526,1.2394847724400685e-07,2011-09-01,2000-09-01,2011-08-31,2766.0,neutral
2011-09-22,risk_off,neutral,4.607370086748998e-43,0.9999999999999147,8.249192928080441e-14,2011-09-01,2000-09-01,2011-08-31,2766.0,neutral
2011-09-23,risk_off,neutral,1.6084437117913196e-51,1.0,2.5794993070054815e-17,2011-09-01,2000-09-01,2011-08-31,2766.0,neutral
2011-09-26,risk_off,neutral,1.799623100311185e-49,0.999999999997506,2.4921395458142065e-12,2011-09-01,2000-09-01,2011-08-31,2766.0,neutral
2011-09-27,risk_off,neutral,2.351096521437075e-43,0.9999978707795735,2.129220428034683e-06,2011-09-01,2000-09-01,2011-08-31,2766.0,neutral
2011-09-28,risk_off,neutral,2.402423354197885e-56,1.0,2.1263584689072206e-19,2011-09-01,2000-09-01,2011-08-31,2766.0,neutral
2011-09-29,risk_off,neutral,9.454167219013484e-50,0.9999999999991758,8.216210554207497e-13,2011-09-01,2000-09-01,2011-08-31,2766.0,neutral
2011-09-30,risk_off,neutral,6.0698760997464465e-59,1.0,1.9398905492491965e-25,2011-09-01,2000-09-01,2011-08-31,2766.0,neutral
2011-10-03,risk_off,risk_off,1.0,0.0,7.292179025283057e-52,2011-10-03,2000-09-01,2011-09-30,2787.0,neutral
2011-10-04,risk_off,risk_off,1.0,0.0,2.693586966501134e-39,2011-10-03,2000-09-01,2011-09-30,2787.0,risk_off
2011-10-05,risk_off,risk_off,1.0,0.0,2.4926504696935546e-35,2011-10-03,2000-09-01,2011-09-30,2787.0,risk_off
2011-10-06,risk_off,risk_off,1.0,0.0,2.3147630842028572e-30,2011-10-03,2000-09-01,2011-09-30,2787.0,risk_off
2011-10-07,risk_off,risk_off,1.0,0.0,4.808025928519001e-28,2011-10-03,2000-09-01,2011-09-30,2787.0,risk_off
2011-10-10,risk_off,risk_off,1.0,0.0,6.742023130789283e-25,2011-10-03,2000-09-01,2011-09-30,2787.0,risk_off
2011-10-11,risk_off,risk_off,1.0,0.0,6.453703136125742e-25,2011-10-03,2000-09-01,2011-09-30,2787.0,risk_off
2011-10-12,risk_off,risk_off,1.0,0.0,1.042385894369381e-24,2011-10-03,2000-09-01,2011-09-30,2787.0,risk_off
2011-10-13,risk_off,risk_off,1.0,0.0,1.6873913716608287e-24,2011-10-03,2000-09-01,2011-09-30,2787.0,risk_off
2011-10-14,risk_off,risk_off,1.0,0.0,1.6234140206983235e-21,2011-10-03,2000-09-01,2011-09-30,2787.0,risk_off
2011-10-17,risk_off,risk_off,1.0,0.0,1.3221608395711535e-24,2011-10-03,2000-09-01,2011-09-30,2787.0,risk_off
2011-10-18,risk_off,risk_off,1.0,0.0,8.957168188428732e-24,2011-10-03,2000-09-01,2011-09-30,2787.0,risk_off
2011-10-19,risk_off,risk_off,1.0,0.0,2.5515955277639438e-28,2011-10-03,2000-09-01,2011-09-30,2787.0,risk_off
2011-10-20,risk_off,risk_off,1.0,0.0,6.666350368412448e-29,2011-10-03,2000-09-01,2011-09-30,2787.0,risk_off
2011-10-21,risk_off,risk_off,1.0,0.0,1.1590581068625881e-22,2011-10-03,2000-09-01,2011-09-30,2787.0,risk_off
2011-10-24,risk_off,risk_off,1.0,0.0,4.811646703028072e-21,2011-10-03,2000-09-01,2011-09-30,2787.0,risk_off
2011-10-25,risk_off,risk_off,1.0,0.0,8.72046726598994e-24,2011-10-03,2000-09-01,2011-09-30,2787.0,risk_off
2011-10-26,risk_off,risk_off,1.0,0.0,9.057882961900906e-23,2011-10-03,2000-09-01,2011-09-30,2787.0,risk_off
2011-10-27,risk_off,risk_off,1.0,0.0,4.59907781782899e-21,2011-10-03,2000-09-01,2011-09-30,2787.0,risk_off
2011-10-28,risk_off,risk_off,1.0,0.0,1.1832170136492825e-18,2011-10-03,2000-09-01,2011-09-30,2787.0,risk_off
2011-10-31,risk_off,risk_off,1.0,0.0,6.219022086729121e-18,2011-10-03,2000-09-01,2011-09-30,2787.0,risk_off
2011-11-01,risk_off,risk_on,2.0916871996791798e-80,0.0,1.0,2011-11-01,2000-09-01,2011-10-31,2808.0,risk_off
2011-11-02,risk_off,risk_on,2.1777356522484546e-80,0.0,1.0,2011-11-01,2000-09-01,2011-10-31,2808.0,risk_on
2011-11-03,risk_off,risk_on,2.4595106233286227e-73,0.0,1.0,2011-11-01,2000-09-01,2011-10-31,2808.0,risk_on
2011-11-04,risk_off,risk_on,3.6535273893617332e-65,0.0,1.0,2011-11-01,2000-09-01,2011-10-31,2808.0,risk_on
2011-11-07,risk_off,risk_on,1.2978126055088983e-72,0.0,1.0,2011-11-01,2000-09-01,2011-10-31,2808.0,risk_on
2011-11-08,risk_off,risk_on,3.0673952282723834e-68,0.0,1.0,2011-11-01,2000-09-01,2011-10-31,2808.0,risk_on
2011-11-09,risk_off,risk_on,2.3059437631180382e-76,0.0,1.0,2011-11-01,2000-09-01,2011-10-31,2808.0,risk_on
2011-11-10,risk_off,risk_on,5.748465698147282e-77,0.0,1.0,2011-11-01,2000-09-01,2011-10-31,2808.0,risk_on
2011-11-11,risk_off,risk_on,4.9979732920078595e-77,0.0,1.0,2011-11-01,2000-09-01,2011-10-31,2808.0,risk_on
2011-11-14,risk_off,risk_on,4.505431560876736e-75,0.0,1.0,2011-11-01,2000-09-01,2011-10-31,2808.0,risk_on
2011-11-15,risk_off,risk_on,8.330440124651296e-76,0.0,1.0,2011-11-01,2000-09-01,2011-10-31,2808.0,risk_on
2011-11-16,risk_off,risk_on,2.3786042240057682e-70,0.0,1.0,2011-11-01,2000-09-01,2011-10-31,2808.0,risk_on
2011-11-17,risk_off,risk_on,2.800357602218994e-66,0.0,1.0,2011-11-01,2000-09-01,2011-10-31,2808.0,risk_on
2011-11-18,risk_off,risk_on,9.715631624130647e-65,0.0,1.0,2011-11-01,2000-09-01,2011-10-31,2808.0,risk_on
2011-11-21,risk_off,risk_on,2.318676610785555e-66,0.0,1.0,2011-11-01,2000-09-01,2011-10-31,2808.0,risk_on
2011-11-22,risk_off,risk_on,2.3172362320968904e-60,0.0,1.0,2011-11-01,2000-09-01,2011-10-31,2808.0,risk_on
2011-11-23,risk_off,risk_on,8.88304378142212e-59,0.0,1.0,2011-11-01,2000-09-01,2011-10-31,2808.0,risk_on
2011-11-25,risk_off,risk_on,5.013653093547966e-65,0.0,1.0,2011-11-01,2000-09-01,2011-10-31,2808.0,risk_on
2011-11-28,risk_off,risk_on,1.2185630258148347e-61,0.0,1.0,2011-11-01,2000-09-01,2011-10-31,2808.0,risk_on
2011-11-29,risk_off,risk_on,1.5113388834783686e-62,0.0,1.0,2011-11-01,2000-09-01,2011-10-31,2808.0,risk_on
2011-11-30,risk_off,risk_on,3.850923843331025e-61,0.0,1.0,2011-11-01,2000-09-01,2011-10-31,2808.0,risk_on
2011-12-01,risk_off,risk_off,1.0,6.577677290449046e-22,0.0,2011-12-01,2000-09-01,2011-11-30,2829.0,risk_on
2011-12-02,risk_off,risk_off,1.0,1.4641800765909761e-22,0.0,2011-12-01,2000-09-01,2011-11-30,2829.0,risk_off
2011-12-05,risk_off,risk_off,1.0,2.0165538639277826e-19,0.0,2011-12-01,2000-09-01,2011-11-30,2829.0,risk_off
2011-12-06,risk_off,risk_off,1.0,1.199390903152164e-20,0.0,2011-12-01,2000-09-01,2011-11-30,2829.0,risk_off
2011-12-07,risk_off,risk_off,1.0,1.174312028156924e-18,0.0,2011-12-01,2000-09-01,2011-11-30,2829.0,risk_off
2011-12-08,risk_off,risk_off,0.9999999999999982,1.366001543926198e-15,0.0,2011-12-01,2000-09-01,2011-11-30,2829.0,risk_off
2011-12-09,risk_off,risk_off,0.9999999999279243,7.207574241352521e-11,0.0,2011-12-01,2000-09-01,2011-11-30,2829.0,risk_off
2011-12-12,risk_off,risk_off,0.9999999999891607,1.0839816872239386e-11,0.0,2011-12-01,2000-09-01,2011-11-30,2829.0,risk_off
2011-12-13,risk_off,risk_off,0.9999999999996092,3.9103380174948934e-13,0.0,2011-12-01,2000-09-01,2011-11-30,2829.0,risk_off
2011-12-14,risk_off,risk_off,1.0,4.852122563595892e-17,0.0,2011-12-01,2000-09-01,2011-11-30,2829.0,risk_off
2011-12-15,risk_off,risk_off,1.0,4.643025912736059e-16,0.0,2011-12-01,2000-09-01,2011-11-30,2829.0,risk_off
2011-12-16,risk_off,risk_off,0.9999999999999503,5.032223286313853e-14,0.0,2011-12-01,2000-09-01,2011-11-30,2829.0,risk_off
2011-12-19,risk_off,risk_off,0.9999999999999805,1.9949065331930253e-14,0.0,2011-12-01,2000-09-01,2011-11-30,2829.0,risk_off
2011-12-20,risk_off,risk_off,0.9999999539065645,4.609343479839019e-08,0.0,2011-12-01,2000-09-01,2011-11-30,2829.0,risk_off
2011-12-21,risk_off,risk_off,0.9990090312096651,0.000990968790335764,0.0,2011-12-01,2000-09-01,2011-11-30,2829.0,risk_off
2011-12-22,risk_off,risk_off,0.9999831878382207,1.681216178037938e-05,0.0,2011-12-01,2000-09-01,2011-11-30,2829.0,risk_off
2011-12-23,risk_off,risk_off,0.9999815845058533,1.8415494147039628e-05,0.0,2011-12-01,2000-09-01,2011-11-30,2829.0,risk_off
2011-12-27,risk_off,risk_off,0.9999999950020069,4.997991862523673e-09,0.0,2011-12-01,2000-09-01,2011-11-30,2829.0,risk_off
2011-12-28,risk_off,risk_off,0.9999999993070183,6.929814546854493e-10,0.0,2011-12-01,2000-09-01,2011-11-30,2829.0,risk_off
2011-12-29,risk_off,risk_off,0.999999975921256,2.4078744860478945e-08,0.0,2011-12-01,2000-09-01,2011-11-30,2829.0,risk_off
2011-12-30,risk_off,risk_off,0.9999990609132152,9.390867846308715e-07,0.0,2011-12-01,2000-09-01,2011-11-30,2829.0,risk_off
2012-01-03,risk_off,neutral,9.413974729233693e-140,1.0,5.1845847730688886e-48,2012-01-03,2000-09-01,2011-12-30,2850.0,risk_off
2012-01-04,risk_off,neutral,5.885017470400286e-140,1.0,4.82907944261583e-48,2012-01-03,2000-09-01,2011-12-30,2850.0,neutral
2012-01-05,risk_off,neutral,3.1456497651997836e-141,1.0,8.378220114360907e-48,2012-01-03,2000-09-01,2011-12-30,2850.0,neutral
2012-01-06,risk_on,neutral,2.7019976505255175e-139,1.0,6.6424585185987676e-52,2012-01-03,2000-09-01,2011-12-30,2850.0,neutral
2012-01-09,risk_on,neutral,7.770545007420914e-138,1.0,2.2333421602201772e-51,2012-01-03,2000-09-01,2011-12-30,2850.0,neutral
2012-01-10,risk_on,neutral,2.670041774420409e-145,1.0,1.8448404315385105e-50,2012-01-03,2000-09-01,2011-12-30,2850.0,neutral
2012-01-11,risk_on,neutral,1.3072190429728158e-143,1.0,1.304034154065807e-49,2012-01-03,2000-09-01,2011-12-30,2850.0,neutral
2012-01-12,risk_on,neutral,2.2101422155076045e-142,1.0,2.733919701039931e-49,2012-01-03,2000-09-01,2011-12-30,2850.0,neutral
2012-01-13,risk_on,neutral,6.561865041368937e-144,1.0,1.3432218375168437e-53,2012-01-03,2000-09-01,2011-12-30,2850.0,neutral
2012-01-17,risk_on,neutral,2.6288641670637718e-154,1.0,6.556969764110818e-53,2012-01-03,2000-09-01,2011-12-30,2850.0,neutral
2012-01-18,risk_on,neutral,4.15636892387916e-154,1.0,1.9500211087582392e-54,2012-01-03,2000-09-01,2011-12-30,2850.0,neutral
2012-01-19,risk_on,neutral,7.376552787444063e-156,1.0,2.6218916356200372e-53,2012-01-03,2000-09-01,2011-12-30,2850.0,neutral
2012-01-20,risk_on,neutral,2.8454708788375854e-147,1.0,3.133543694684251e-57,2012-01-03,2000-09-01,2011-12-30,2850.0,neutral
2012-01-23,risk_on,neutral,2.5514593001834746e-146,1.0,1.609027396092948e-53,2012-01-03,2000-09-01,2011-12-30,2850.0,neutral
2012-01-24,risk_on,neutral,1.30654129966492e-146,1.0,9.154259904833765e-52,2012-01-03,2000-09-01,2011-12-30,2850.0,neutral
2012-01-25,risk_on,neutral,4.588934866856756e-148,1.0,2.356419859297169e-52,2012-01-03,2000-09-01,2011-12-30,2850.0,neutral
2012-01-26,risk_on,neutral,1.4437903378692167e-147,1.0,5.980440437994285e-51,2012-01-03,2000-09-01,2011-12-30,2850.0,neutral
2012-01-27,risk_on,neutral,3.204936769404611e-145,1.0,4.303703166186065e-55,2012-01-03,2000-09-01,2011-12-30,2850.0,neutral
2012-01-30,risk_on,neutral,2.8946868729408036e-146,1.0,5.0472485894783146e-54,2012-01-03,2000-09-01,2011-12-30,2850.0,neutral
2012-01-31,risk_on,neutral,6.727556618061715e-148,1.0,5.291854536260754e-53,2012-01-03,2000-09-01,2011-12-30,2850.0,neutral
2012-02-01,risk_on,risk_on,2.3861477450291083e-150,5.461121647e-315,1.0,2012-02-01,2000-09-01,2012-01-31,2870.0,neutral
2012-02-02,risk_on,risk_on,3.147827058203974e-154,2.42099541289634e-309,1.0,2012-02-01,2000-09-01,2012-01-31,2870.0,risk_on
2012-02-03,risk_on,risk_on,1.0222365669817748e-156,9.836164373e-315,1.0,2012-02-01,2000-09-01,2012-01-31,2870.0,risk_on
2012-02-06,risk_on,risk_on,1.7116071779880954e-159,1.88278925e-315,1.0,2012-02-01,2000-09-01,2012-01-31,2870.0,risk_on
2012-02-07,risk_on,risk_on,3.243062178954704e-159,7.0388140093e-314,1.0,2012-02-01,2000-09-01,2012-01-31,2870.0,risk_on
2012-02-08,risk_on,risk_on,2.7870060988123806e-163,1.816102279344e-311,1.0,2012-02-01,2000-09-01,2012-01-31,2870.0,risk_on
2012-02-09,risk_on,risk_on,1.0962166894683615e-166,1.1494543514284e-311,1.0,2012-02-01,2000-09-01,2012-01-31,2870.0,risk_on
2012-02-10,risk_on,risk_on,1.3013182336440968e-166,3.27553720665e-311,1.0,2012-02-01,2000-09-01,2012-01-31,2870.0,risk_on
2012-02-13,risk_on,risk_on,2.9913447826491253e-164,2.8624326e-317,1.0,2012-02-01,2000-09-01,2012-01-31,2870.0,risk_on
2012-02-14,risk_on,risk_on,9.805864776594012e-168,7.46978517e-315,1.0,2012-02-01,2000-09-01,2012-01-31,2870.0,risk_on
2012-02-15,risk_on,risk_on,6.986067766307579e-159,1.8393524125166238e-274,1.0,2012-02-01,2000-09-01,2012-01-31,2870.0,risk_on
2012-02-16,risk_on,risk_on,7.686546633086393e-163,4.621194743415492e-277,1.0,2012-02-01,2000-09-01,2012-01-31,2870.0,risk_on
2012-02-17,risk_on,risk_on,3.800636289431149e-159,3.4193873076098154e-278,1.0,2012-02-01,2000-09-01,2012-01-31,2870.0,risk_on
2012-02-21,risk_on,risk_on,2.2909868393839718e-164,7.2519873022463924e-273,1.0,2012-02-01,2000-09-01,2012-01-31,2870.0,risk_on
2012-02-22,risk_on,risk_on,1.22441097961463e-158,3.169904767657167e-275,1.0,2012-02-01,2000-09-01,2012-01-31,2870.0,risk_on
2012-02-23,risk_on,risk_on,4.1709827230818915e-155,2.5102698227166094e-275,1.0,2012-02-01,2000-09-01,2012-01-31,2870.0,risk_on
2012-02-24,risk_on,risk_on,1.283530408309935e-159,1.551161168475391e-273,1.0,2012-02-01,2000-09-01,2012-01-31,2870.0,risk_on
2012-02-27,risk_on,risk_on,7.056594027596037e-158,5.033651551041414e-275,1.0,2012-02-01,2000-09-01,2012-01-31,2870.0,risk_on
2012-02-28,risk_on,risk_on,4.7374689565427734e-157,6.818770815876768e-281,1.0,2012-02-01,2000-09-01,2012-01-31,2870.0,risk_on
2012-02-29,risk_on,risk_on,4.577540250466492e-163,1.9883419572495704e-273,1.0,2012-02-01,2000-09-01,2012-01-31,2870.0,risk_on
2012-03-01,risk_on,risk_on,7.046078113110938e-11,0.0,0.999999999929539,2012-03-01,2000-09-01,2012-02-29,2890.0,risk_on
2012-03-02,risk_on,risk_on,1.3397544729195658e-11,0.0,0.9999999999866027,2012-03-01,2000-09-01,2012-02-29,2890.0,risk_on
2012-03-05,risk_on,risk_on,7.412443749223949e-15,0.0,0.9999999999999929,2012-03-01,2000-09-01,2012-02-29,2890.0,risk_on
2012-03-06,risk_on,risk_on,3.18730240994073e-17,0.0,1.0,2012-03-01,2000-09-01,2012-02-29,2890.0,risk_on
2012-03-07,risk_on,risk_on,1.512921769163832e-17,0.0,1.0,2012-03-01,2000-09-01,2012-02-29,2890.0,risk_on
2012-03-08,risk_on,risk_on,3.0033492438598673e-13,0.0,0.9999999999996998,2012-03-01,2000-09-01,2012-02-29,2890.0,risk_on
2012-03-09,risk_on,risk_on,1.00931641224811e-12,0.0,0.999999999998991,2012-03-01,2000-09-01,2012-02-29,2890.0,risk_on
2012-03-12,risk_on,risk_on,2.0829565273438705e-08,0.0,0.9999999791704346,2012-03-01,2000-09-01,2012-02-29,2890.0,risk_on
2012-03-13,risk_on,risk_on,8.62698944320527e-09,0.0,0.9999999913730111,2012-03-01,2000-09-01,2012-02-29,2890.0,risk_on
2012-03-14,risk_on,risk_on,8.116732270604888e-08,0.0,0.999999918832678,2012-03-01,2000-09-01,2012-02-29,2890.0,risk_on
2012-03-15,risk_on,risk_on,2.8345542607062218e-08,0.0,0.9999999716544576,2012-03-01,2000-09-01,2012-02-29,2890.0,risk_on
2012-03-16,risk_on,risk_on,1.914164157673204e-08,0.0,0.9999999808583591,2012-03-01,2000-09-01,2012-02-29,2890.0,risk_on
2012-03-19,risk_on,risk_on,1.0572285954058518e-08,0.0,0.999999989427714,2012-03-01,2000-09-01,2012-02-29,2890.0,risk_on
2012-03-20,risk_on,risk_on,8.290524152702959e-08,0.0,0.9999999170947581,2012-03-01,2000-09-01,2012-02-29,2890.0,risk_on
2012-03-21,risk_on,risk_on,4.856553833373802e-07,0.0,0.9999995143446163,2012-03-01,2000-09-01,2012-02-29,2890.0,risk_on
2012-03-22,risk_on,risk_on,4.784639002968105e-06,0.0,0.9999952153609963,2012-03-01,2000-09-01,2012-02-29,2890.0,risk_on
2012-03-23,risk_on,risk_on,3.948023241605798e-06,0.0,0.9999960519767571,2012-03-01,2000-09-01,2012-02-29,2890.0,risk_on
2012-03-26,risk_on,risk_on,2.9060804062015327e-06,0.0,0.9999970939195946,2012-03-01,2000-09-01,2012-02-29,2890.0,risk_on
2012-03-27,risk_on,risk_on,1.3869156174144538e-05,0.0,0.9999861308438248,2012-03-01,2000-09-01,2012-02-29,2890.0,risk_on
2012-03-28,risk_on,risk_on,2.034141708104667e-05,0.0,0.9999796585829202,2012-03-01,2000-09-01,2012-02-29,2890.0,risk_on
2012-03-29,risk_on,risk_on,2.824364623013728e-07,0.0,0.9999997175635372,2012-03-01,2000-09-01,2012-02-29,2890.0,risk_on
2012-03-30,risk_on,risk_on,1.0875283959249437e-09,0.0,0.9999999989124717,2012-03-01,2000-09-01,2012-02-29,2890.0,risk_on
2012-04-02,risk_on,risk_on,6.629696705165577e-281,0.0019080463270363124,0.9980919536729641,2012-04-02,2000-09-01,2012-03-30,2912.0,risk_on
2012-04-03,risk_on,risk_on,2.525848560700047e-285,0.001079574650668565,0.9989204253493317,2012-04-02,2000-09-01,2012-03-30,2912.0,risk_on
2012-04-04,risk_on,risk_on,1.5773355992401785e-286,0.002751891541827189,0.9972481084581729,2012-04-02,2000-09-01,2012-03-30,2912.0,risk_on
2012-04-05,risk_on,risk_on,6.754914836421154e-290,0.00201998923511035,0.9979800107648896,2012-04-02,2000-09-01,2012-03-30,2912.0,risk_on
2012-04-09,risk_on,risk_on,3.0959647488503957e-298,0.03507665135508011,0.964923348644919,2012-04-02,2000-09-01,2012-03-30,2912.0,risk_on
2012-04-10,risk_on,neutral,5.521003240209045e-299,0.7357921935419804,0.26420780645801994,2012-04-02,2000-09-01,2012-03-30,2912.0,risk_on
2012-04-11,risk_on,risk_on,1.9072875454334677e-299,0.18805506930089058,0.8119449306991103,2012-04-02,2000-09-01,2012-03-30,2912.0,neutral
2012-04-12,risk_on,risk_on,3.261340982834788e-294,0.042060528495874314,0.9579394715041262,2012-04-02,2000-09-01,2012-03-30,2912.0,risk_on
2012-04-13,risk_on,risk_on,8.168002013854839e-300,0.10043468152900022,0.8995653184710005,2012-04-02,2000-09-01,2012-03-30,2912.0,risk_on
2012-04-16,risk_on,risk_on,4.890922506736914e-298,0.23672349333989542,0.7632765066601042,2012-04-02,2000-09-01,2012-03-30,2912.0,risk_on
2012-04-17,risk_on,risk_on,1.6282522482308316e-304,0.026758822467308506,0.9732411775326918,2012-04-02,2000-09-01,2012-03-30,2912.0,risk_on
2012-04-18,risk_on,risk_on,1.0165741976714995e-308,0.07309317965318647,0.9269068203468134,2012-04-02,2000-09-01,2012-03-30,2912.0,risk_on
2012-04-19,risk_on,risk_on,3.167387812865174e-300,0.4192628792998753,0.5807371207001243,2012-04-02,2000-09-01,2012-03-30,2912.0,risk_on
2012-04-20,risk_on,neutral,1.1547874922346735e-298,0.6892956089473258,0.3107043910526734,2012-04-02,2000-09-01,2012-03-30,2912.0,risk_on
2012-04-23,risk_on,neutral,4.746242535387902e-301,0.6564448462534808,0.3435551537465199,2012-04-02,2000-09-01,2012-03-30,2912.0,neutral
2012-04-24,risk_on,neutral,4.057176118356904e-301,0.6545119849172895,0.34548801508271015,2012-04-02,2000-09-01,2012-03-30,2912.0,neutral
2012-04-25,risk_on,risk_on,6.050832718282836e-305,0.44894122872757936,0.5510587712724211,2012-04-02,2000-09-01,2012-03-30,2912.0,neutral
2012-04-26,risk_on,neutral,4.9241231699799955e-306,0.525255504023538,0.47474449597646284,2012-04-02,2000-09-01,2012-03-30,2912.0,risk_on
2012-04-27,risk_on,neutral,3.794762303911493e-307,0.7166238803639255,0.2833761196360749,2012-04-02,2000-09-01,2012-03-30,2912.0,neutral
2012-04-30,risk_on,neutral,3.1355756215e-314,0.5346492956131392,0.4653507043868607,2012-04-02,2000-09-01,2012-03-30,2912.0,neutral
2012-05-01,risk_on,neutral,1.2112614097488693e-112,0.9999999999999911,9.30732107811083e-15,2012-05-01,2000-09-01,2012-04-30,2932.0,neutral
2012-05-02,risk_on,neutral,1.459117410144098e-117,0.9999999999999476,5.212391317664601e-14,2012-05-01,2000-09-01,2012-04-30,2932.0,neutral
2012-05-03,risk_on,neutral,1.0971506021892789e-112,0.9999999999995595,4.4005479743494475e-13,2012-05-01,2000-09-01,2012-04-30,2932.0,neutral
2012-05-04,risk_on,neutral,3.217523481704324e-104,0.9999999999843325,1.5667450343983627e-11,2012-05-01,2000-09-01,2012-04-30,2932.0,neutral
2012-05-07,risk_on,neutral,2.6464672757431426e-104,0.9999999999944524,5.547334013622938e-12,2012-05-01,2000-09-01,2012-04-30,2932.0,neutral
2012-05-08,risk_on,neutral,1.6928037927705108e-105,0.9999999999975078,2.4928510522608183e-12,2012-05-01,2000-09-01,2012-04-30,2932.0,neutral
2012-05-09,risk_on,neutral,1.0234507706529625e-105,0.9999999999960245,3.974782083614692e-12,2012-05-01,2000-09-01,2012-04-30,2932.0,neutral
2012-05-10,risk_on,neutral,6.2329913282198964e-105,0.9999999999942393,5.760473729562301e-12,2012-05-01,2000-09-01,2012-04-30,2932.0,neutral
2012-05-11,risk_on,neutral,1.2828729275996412e-100,0.9999999999860467,1.3953441898353839e-11,2012-05-01,2000-09-01,2012-04-30,2932.0,neutral
2012-05-14,risk_on,neutral,2.3064654466245702e-101,0.9999999999932978,6.702607548886222e-12,2012-05-01,2000-09-01,2012-04-30,2932.0,neutral
2012-05-15,risk_on,neutral,3.193763322827317e-97,0.9999999999909956,9.003924968737485e-12,2012-05-01,2000-09-01,2012-04-30,2932.0,neutral
2012-05-16,risk_on,neutral,1.1113909543261442e-92,0.9999999999983089,1.6911871644770897e-12,2012-05-01,2000-09-01,2012-04-30,2932.0,neutral
2012-05-17,risk_on,neutral,1.767568427438373e-93,0.9999999999999964,4.740439540990277e-15,2012-05-01,2000-09-01,2012-04-30,2932.0,neutral
2012-05-18,risk_on,neutral,9.031000211229737e-89,0.9999999999999964,3.5495141687256567e-15,2012-05-01,2000-09-01,2012-04-30,2932.0,neutral
2012-05-21,risk_on,neutral,1.9363268606396487e-92,1.0,6.268971738634228e-17,2012-05-01,2000-09-01,2012-04-30,2932.0,neutral
2012-05-22,risk_on,neutral,2.651671472993308e-90,0.9999999999999964,1.992261687519349e-15,2012-05-01,2000-09-01,2012-04-30,2932.0,neutral
2012-05-23,risk_on,neutral,1.4444577003813438e-88,1.0,5.045260292933971e-17,2012-05-01,2000-09-01,2012-04-30,2932.0,neutral
2012-05-24,risk_on,neutral,3.307623521245285e-81,1.0,8.228253902826563e-16,2012-05-01,2000-09-01,2012-04-30,2932.0,neutral
2012-05-25,risk_on,neutral,2.395690428210555e-80,1.0,9.722536892701592e-17,2012-05-01,2000-09-01,2012-04-30,2932.0,neutral
2012-05-29,risk_on,neutral,2.6455834263156253e-81,1.0,4.699350739829904e-16,2012-05-01,2000-09-01,2012-04-30,2932.0,neutral
2012-05-30,risk_on,neutral,1.4402095409461654e-83,1.0,4.4608470225444756e-18,2012-05-01,2000-09-01,2012-04-30,2932.0,neutral
2012-05-31,risk_on,neutral,2.6177606453305388e-82,1.0,3.246028311000835e-22,2012-05-01,2000-09-01,2012-04-30,2932.0,neutral
2012-06-01,risk_on,neutral,2.0906775258412107e-264,1.0,4.7919101399846094e-42,2012-06-01,2000-09-01,2012-05-31,2954.0,neutral
2012-06-04,risk_on,neutral,1.759943206253341e-261,1.0,2.588602006374253e-41,2012-06-01,2000-09-01,2012-05-31,2954.0,neutral
2012-06-05,risk_on,neutral,1.7432289731936425e-256,1.0,2.8582597936920794e-43,2012-06-01,2000-09-01,2012-05-31,2954.0,neutral
2012-06-06,risk_on,neutral,9.336963541999145e-252,1.0,1.439306863240278e-41,2012-06-01,2000-09-01,2012-05-31,2954.0,neutral
2012-06-07,risk_on,neutral,3.8409737317998085e-248,1.0,5.137634072495577e-40,2012-06-01,2000-09-01,2012-05-31,2954.0,neutral
2012-06-08,risk_on,neutral,3.7058353548814576e-249,1.0,1.091792625248054e-40,2012-06-01,2000-09-01,2012-05-31,2954.0,neutral
2012-06-11,risk_on,neutral,4.27576707725685e-253,1.0,2.301036668381392e-37,2012-06-01,2000-09-01,2012-05-31,2954.0,neutral
2012-06-12,risk_on,neutral,8.124237184183321e-250,1.0,9.37521806674922e-39,2012-06-01,2000-09-01,2012-05-31,2954.0,neutral
2012-06-13,risk_on,neutral,5.641176906833338e-248,1.0,1.1049767507231082e-36,2012-06-01,2000-09-01,2012-05-31,2954.0,neutral
2012-06-14,risk_on,neutral,6.902109134530495e-238,1.0,1.842327483182622e-37,2012-06-01,2000-09-01,2012-05-31,2954.0,neutral
2012-06-15,risk_on,neutral,1.8775884944947233e-244,1.0,3.521397310428302e-40,2012-06-01,2000-09-01,2012-05-31,2954.0,neutral
2012-06-18,risk_on,neutral,1.0431623729199533e-238,1.0,4.161487994678008e-43,2012-06-01,2000-09-01,2012-05-31,2954.0,neutral
2012-06-19,risk_on,neutral,9.786997108880801e-241,1.0,5.6010608524287587e-39,2012-06-01,2000-09-01,2012-05-31,2954.0,neutral
2012-06-20,risk_on,neutral,2.4565332291272813e-246,1.0,4.173273170729801e-40,2012-06-01,2000-09-01,2012-05-31,2954.0,neutral
2012-06-21,risk_on,neutral,3.8167656775578393e-253,1.0,8.05487213404128e-38,2012-06-01,2000-09-01,2012-05-31,2954.0,neutral
2012-06-22,risk_on,neutral,8.125599246839319e-249,1.0,2.863634904096775e-39,2012-06-01,2000-09-01,2012-05-31,2954.0,neutral
2012-06-25,risk_on,neutral,3.685131934996618e-256,1.0,2.888952168309014e-39,2012-06-01,2000-09-01,2012-05-31,2954.0,neutral
2012-06-26,risk_on,neutral,4.301532044204534e-259,1.0,3.1722220657742614e-39,2012-06-01,2000-09-01,2012-05-31,2954.0,neutral
2012-06-27,risk_on,neutral,1.9194602509969656e-257,1.0,7.469298405388275e-37,2012-06-01,2000-09-01,2012-05-31,2954.0,neutral
2012-06-28,risk_on,neutral,7.52493133035196e-256,1.0,5.180095029597431e-36,2012-06-01,2000-09-01,2012-05-31,2954.0,neutral
2012-06-29,risk_on,neutral,7.086661236035514e-241,1.0,3.3609261514249823e-31,2012-06-01,2000-09-01,2012-05-31,2954.0,neutral
2012-07-02,risk_on,risk_on,1.6015329091985536e-25,1.5082329007193946e-10,0.9999999998491766,2012-07-02,2000-09-01,2012-06-29,2975.0,neutral
2012-07-03,risk_on,risk_on,8.97558345748403e-25,2.455750852128666e-10,0.9999999997544258,2012-07-02,2000-09-01,2012-06-29,2975.0,risk_on
2012-07-05,risk_on,risk_on,8.253715367688339e-25,1.6454307079836964e-09,0.9999999983545695,2012-07-02,2000-09-01,2012-06-29,2975.0,risk_on
2012-07-06,risk_on,risk_on,1.4727000381898756e-25,8.649651318967314e-11,0.9999999999135039,2012-07-02,2000-09-01,2012-06-29,2975.0,risk_on
2012-07-09,risk_on,risk_on,9.205082615736579e-26,1.3716590092954673e-11,0.999999999986283,2012-07-02,2000-09-01,2012-06-29,2975.0,risk_on
2012-07-10,risk_on,risk_on,5.191099869800431e-26,2.3798398523658597e-12,0.9999999999976197,2012-07-02,2000-09-01,2012-06-29,2975.0,risk_on
2012-07-11,risk_on,risk_on,1.98210239112387e-24,6.586625627584918e-16,1.0,2012-07-02,2000-09-01,2012-06-29,2975.0,risk_on
2012-07-12,risk_on,risk_on,3.629230511341208e-23,2.6958465999452504e-17,1.0,2012-07-02,2000-09-01,2012-06-29,2975.0,risk_on
2012-07-13,risk_on,risk_on,3.87793470530309e-24,9.844032883730195e-15,0.9999999999999893,2012-07-02,2000-09-01,2012-06-29,2975.0,risk_on
2012-07-16,risk_on,risk_on,7.39448594260003e-24,2.386200860515972e-16,1.0,2012-07-02,2000-09-01,2012-06-29,2975.0,risk_on
2012-07-17,risk_on,risk_on,8.523264073728784e-23,9.46366087957774e-16,1.0,2012-07-02,2000-09-01,2012-06-29,2975.0,risk_on
2012-07-18,risk_on,risk_on,3.523312794874672e-22,2.019721291153569e-13,0.9999999999997975,2012-07-02,2000-09-01,2012-06-29,2975.0,risk_on
2012-07-19,risk_on,risk_on,3.0749149380337306e-21,2.8715639092709846e-11,0.9999999999712834,2012-07-02,2000-09-01,2012-06-29,2975.0,risk_on
2012-07-20,risk_on,risk_on,1.189712175147231e-20,6.904547160018481e-17,1.0,2012-07-02,2000-09-01,2012-06-29,2975.0,risk_on
2012-07-23,risk_on,risk_on,3.184329222891456e-22,4.1060972417128415e-19,1.0,2012-07-02,2000-09-01,2012-06-29,2975.0,risk_on
2012-07-24,risk_on,risk_on,1.2037731115028725e-21,9.16582368007418e-19,1.0,2012-07-02,2000-09-01,2012-06-29,2975.0,risk_on
2012-07-25,risk_on,risk_on,1.6479162938863577e-20,3.197248957700901e-22,1.0,2012-07-02,2000-09-01,2012-06-29,2975.0,risk_on
2012-07-26,risk_on,risk_on,1.156204515843975e-20,2.748119889688459e-19,1.0,2012-07-02,2000-09-01,2012-06-29,2975.0,risk_on
2012-07-27,risk_on,risk_on,2.451538147517749e-20,1.0573741201394844e-12,0.9999999999989413,2012-07-02,2000-09-01,2012-06-29,2975.0,risk_on
2012-07-30,risk_on,risk_on,3.5571871956942154e-20,1.5406786309450196e-14,0.9999999999999858,2012-07-02,2000-09-01,2012-06-29,2975.0,risk_on
2012-07-31,risk_on,risk_on,1.969264341685098e-23,1.6224100767123941e-07,0.9999998377589908,2012-07-02,2000-09-01,2012-06-29,2975.0,risk_on
2012-08-01,risk_on,risk_on,1.008028940815112e-125,7.704463394931612e-07,0.9999992295536605,2012-08-01,2000-09-01,2012-07-31,2996.0,risk_on
2012-08-02,risk_on,risk_on,1.4207473192363353e-118,0.00011567191192560196,0.9998843280880741,2012-08-01,2000-09-01,2012-07-31,2996.0,risk_on
2012-08-03,risk_on,risk_on,8.441229735198245e-118,0.15703059509863307,0.8429694049013677,2012-08-01,2000-09-01,2012-07-31,2996.0,risk_on
2012-08-06,risk_on,risk_on,3.939721072759685e-121,0.010387269880932882,0.989612730119066,2012-08-01,2000-09-01,2012-07-31,2996.0,risk_on
2012-08-07,risk_on,neutral,2.0389493814680342e-123,0.9025925259232623,0.09740747407673782,2012-08-01,2000-09-01,2012-07-31,2996.0,risk_on
2012-08-08,risk_on,risk_on,2.0506695569540325e-125,0.4554207478925236,0.5445792521074764,2012-08-01,2000-09-01,2012-07-31,2996.0,neutral
2012-08-09,risk_on,neutral,6.009431159912147e-125,0.9659610226407908,0.03403897735920978,2012-08-01,2000-09-01,2012-07-31,2996.0,risk_on
2012-08-10,risk_on,neutral,5.044672747578027e-125,0.9993168341350549,0.0006831658649453434,2012-08-01,2000-09-01,2012-07-31,2996.0,neutral
2012-08-13,risk_on,neutral,2.1462965867607363e-126,0.9999953966697154,4.603330283712121e-06,2012-08-01,2000-09-01,2012-07-31,2996.0,neutral
2012-08-14,risk_on,neutral,1.3516503039582569e-131,0.9999999389373412,6.106265919389422e-08,2012-08-01,2000-09-01,2012-07-31,2996.0,neutral
2012-08-15,risk_on,neutral,7.669692091856553e-137,0.9999994671837483,5.328162527699705e-07,2012-08-01,2000-09-01,2012-07-31,2996.0,neutral
2012-08-16,risk_on,neutral,1.837105851449671e-141,0.9999999998312745,1.687259486086363e-10,2012-08-01,2000-09-01,2012-07-31,2996.0,neutral
2012-08-17,risk_on,neutral,6.562216971430412e-138,0.9999999999998259,1.7486041663736132e-13,2012-08-01,2000-09-01,2012-07-31,2996.0,neutral
2012-08-20,risk_on,neutral,2.7465182913068e-141,0.9999999999952838,4.715600373085567e-12,2012-08-01,2000-09-01,2012-07-31,2996.0,neutral
2012-08-21,risk_on,neutral,6.200951522971054e-144,0.9999999998880931,1.1190608419241042e-10,2012-08-01,2000-09-01,2012-07-31,2996.0,neutral
2012-08-22,risk_on,neutral,2.104413126925306e-145,0.9999999999985612,1.4394068198094481e-12,2012-08-01,2000-09-01,2012-07-31,2996.0,neutral
2012-08-23,risk_on,neutral,4.4429962402900245e-143,0.9999999999346514,6.535030399991867e-11,2012-08-01,2000-09-01,2012-07-31,2996.0,neutral
2012-08-24,risk_on,neutral,1.0463257343016319e-143,0.999999999999897,1.040105574979566e-13,2012-08-01,2000-09-01,2012-07-31,2996.0,neutral
2012-08-27,risk_on,neutral,9.046720894168048e-146,0.9999999999999822,1.8922351652777495e-14,2012-08-01,2000-09-01,2012-07-31,2996.0,neutral
2012-08-28,risk_on,neutral,2.641370505437633e-150,1.0,2.6381430917154016e-16,2012-08-01,2000-09-01,2012-07-31,2996.0,neutral
2012-08-29,risk_on,neutral,4.7544623382514957e-153,1.0,1.5942484433326985e-16,2012-08-01,2000-09-01,2012-07-31,2996.0,neutral
2012-08-30,risk_on,neutral,1.7785037250539644e-150,1.0,1.5794051562271496e-17,2012-08-01,2000-09-01,2012-07-31,2996.0,neutral
2012-08-31,risk_on,neutral,1.6692253863133174e-150,1.0,3.655579161727727e-18,2012-08-01,2000-09-01,2012-07-31,2996.0,neutral
2012-09-04,risk_on,neutral,2.260882888557847e-33,1.0,0.0,2012-09-04,2000-09-01,2012-08-31,3019.0,neutral
2012-09-05,risk_on,neutral,8.584253087165363e-33,1.0,0.0,2012-09-04,2000-09-01,2012-08-31,3019.0,neutral
2012-09-06,risk_on,neutral,3.7839399143648285e-37,1.0,0.0,2012-09-04,2000-09-01,2012-08-31,3019.0,neutral
2012-09-07,risk_on,neutral,4.572794862404705e-37,1.0,0.0,2012-09-04,2000-09-01,2012-08-31,3019.0,neutral
2012-09-10,risk_on,neutral,1.745921252525421e-34,1.0,0.0,2012-09-04,2000-09-01,2012-08-31,3019.0,neutral
2012-09-11,risk_on,neutral,8.115767771248609e-34,1.0,0.0,2012-09-04,2000-09-01,2012-08-31,3019.0,neutral
2012-09-12,risk_on,neutral,6.468761417362857e-36,1.0,0.0,2012-09-04,2000-09-01,2012-08-31,3019.0,neutral
2012-09-13,risk_on,neutral,1.8242129810029732e-38,1.0,0.0,2012-09-04,2000-09-01,2012-08-31,3019.0,neutral
2012-09-14,risk_on,neutral,8.628807071039831e-38,1.0,0.0,2012-09-04,2000-09-01,2012-08-31,3019.0,neutral
2012-09-17,risk_on,neutral,2.4527428418035093e-41,1.0,0.0,2012-09-04,2000-09-01,2012-08-31,3019.0,neutral
2012-09-18,risk_on,neutral,1.2552334966067539e-40,1.0,0.0,2012-09-04,2000-09-01,2012-08-31,3019.0,neutral
2012-09-19,risk_on,neutral,6.129553007190436e-39,1.0,0.0,2012-09-04,2000-09-01,2012-08-31,3019.0,neutral
2012-09-20,risk_on,neutral,8.480068613128429e-41,1.0,0.0,2012-09-04,2000-09-01,2012-08-31,3019.0,neutral
2012-09-21,risk_on,neutral,2.507851881333209e-40,1.0,0.0,2012-09-04,2000-09-01,2012-08-31,3019.0,neutral
2012-09-24,risk_on,neutral,3.337080205002429e-41,1.0,0.0,2012-09-04,2000-09-01,2012-08-31,3019.0,neutral
2012-09-25,risk_on,neutral,3.3555844573662398e-37,1.0,0.0,2012-09-04,2000-09-01,2012-08-31,3019.0,neutral
2012-09-26,risk_on,neutral,8.48219481776307e-34,1.0,0.0,2012-09-04,2000-09-01,2012-08-31,3019.0,neutral
2012-09-27,risk_on,neutral,1.2149042943706198e-38,1.0,0.0,2012-09-04,2000-09-01,2012-08-31,3019.0,neutral
2012-09-28,risk_on,neutral,1.3771393326779564e-35,1.0,0.0,2012-09-04,2000-09-01,2012-08-31,3019.0,neutral
2012-10-01,risk_on,risk_on,8.163526108738946e-161,1.1759486121827971e-05,0.9999882405138777,2012-10-01,2000-09-01,2012-09-28,3038.0,neutral
2012-10-02,risk_on,risk_on,2.0078757779811565e-164,5.998958891303675e-07,0.9999994001041111,2012-10-01,2000-09-01,2012-09-28,3038.0,risk_on
2012-10-03,risk_on,risk_on,2.3702339565340543e-170,5.353857651949321e-07,0.9999994646142353,2012-10-01,2000-09-01,2012-09-28,3038.0,risk_on
2012-10-04,risk_on,risk_on,1.999073959846112e-170,0.00014645461790753722,0.9998535453820908,2012-10-01,2000-09-01,2012-09-28,3038.0,risk_on
2012-10-05,risk_on,risk_on,4.016217877605828e-176,7.796142030214517e-06,0.9999922038579713,2012-10-01,2000-09-01,2012-09-28,3038.0,risk_on
2012-10-08,risk_on,risk_on,1.0115481522354e-175,7.521011893524403e-07,0.9999992478988119,2012-10-01,2000-09-01,2012-09-28,3038.0,risk_on
2012-10-09,risk_on,risk_on,3.64679825448473e-172,1.3257100178438346e-06,0.9999986742899812,2012-10-01,2000-09-01,2012-09-28,3038.0,risk_on
2012-10-10,risk_on,risk_on,1.2798292783287268e-174,3.3306590646748013e-08,0.9999999666934093,2012-10-01,2000-09-01,2012-09-28,3038.0,risk_on
2012-10-11,risk_on,risk_on,2.2246797437099825e-173,4.76656613789025e-09,0.9999999952334342,2012-10-01,2000-09-01,2012-09-28,3038.0,risk_on
2012-10-12,risk_on,risk_on,6.626429763452809e-178,9.387546485514278e-10,0.9999999990612451,2012-10-01,2000-09-01,2012-09-28,3038.0,risk_on
2012-10-15,risk_on,risk_on,4.1015921370808603e-178,3.838308354467176e-09,0.9999999961616908,2012-10-01,2000-09-01,2012-09-28,3038.0,risk_on
2012-10-16,risk_on,risk_on,5.803670970730649e-170,0.00012844857301620434,0.9998715514269837,2012-10-01,2000-09-01,2012-09-28,3038.0,risk_on
2012-10-17,risk_on,risk_on,9.369580425886738e-174,0.00017595683896233462,0.9998240431610367,2012-10-01,2000-09-01,2012-09-28,3038.0,risk_on
2012-10-18,risk_on,risk_on,5.697076711005728e-174,0.015376436409067044,0.9846235635909323,2012-10-01,2000-09-01,2012-09-28,3038.0,risk_on
2012-10-19,risk_on,risk_on,3.1929488653207476e-171,2.442594721267919e-05,0.9999755740527871,2012-10-01,2000-09-01,2012-09-28,3038.0,risk_on
2012-10-22,risk_on,risk_on,6.89156567111807e-176,2.406851081075511e-06,0.9999975931489199,2012-10-01,2000-09-01,2012-09-28,3038.0,risk_on
2012-10-23,risk_on,risk_on,1.27219568548796e-176,1.1664590024313728e-07,0.9999998833540996,2012-10-01,2000-09-01,2012-09-28,3038.0,risk_on
2012-10-24,risk_on,risk_on,4.332906118049686e-177,5.38993698764871e-11,0.9999999999461018,2012-10-01,2000-09-01,2012-09-28,3038.0,risk_on
2012-10-25,risk_on,risk_on,2.3069445365995124e-175,2.1606040206435648e-11,0.9999999999783924,2012-10-01,2000-09-01,2012-09-28,3038.0,risk_on
2012-10-26,risk_on,risk_on,2.7204971240113576e-177,1.0535211786373384e-10,0.9999999998946478,2012-10-01,2000-09-01,2012-09-28,3038.0,risk_on
2012-10-31,risk_on,risk_on,8.637346542429019e-177,2.8475365765508577e-12,0.9999999999971543,2012-10-01,2000-09-01,2012-09-28,3038.0,risk_on
2012-11-01,risk_on,neutral,1.0749091722847977e-34,1.0,1.6810406342676617e-138,2012-11-01,2000-09-01,2012-10-31,3059.0,risk_on
2012-11-02,risk_on,neutral,1.8394260693880424e-34,1.0,6.94556971350116e-138,2012-11-01,2000-09-01,2012-10-31,3059.0,neutral
2012-11-05,risk_on,neutral,3.7196650994913775e-35,1.0,2.5526585211695613e-140,2012-11-01,2000-09-01,2012-10-31,3059.0,neutral
2012-11-06,risk_on,neutral,1.3358235332143387e-34,1.0,6.128388150111665e-136,2012-11-01,2000-09-01,2012-10-31,3059.0,neutral
2012-11-07,risk_on,neutral,2.13902507275378e-34,1.0,1.791739484254842e-142,2012-11-01,2000-09-01,2012-10-31,3059.0,neutral
2012-11-08,risk_on,neutral,1.4566961925893543e-35,1.0,7.0496911454296935e-143,2012-11-01,2000-09-01,2012-10-31,3059.0,neutral
2012-11-09,risk_on,neutral,1.2565815847180408e-35,1.0,2.958324886579368e-146,2012-11-01,2000-09-01,2012-10-31,3059.0,neutral
2012-11-12,risk_on,neutral,4.820808325418188e-36,1.0,2.5534672303436923e-142,2012-11-01,2000-09-01,2012-10-31,3059.0,neutral
2012-11-13,risk_on,neutral,7.38620530177235e-36,1.0,2.554075687146554e-142,2012-11-01,2000-09-01,2012-10-31,3059.0,neutral
2012-11-14,risk_on,neutral,5.622366014672476e-34,1.0,1.3453168822269297e-142,2012-11-01,2000-09-01,2012-10-31,3059.0,neutral
2012-11-15,risk_on,neutral,6.682272780694077e-36,1.0,1.412795739069681e-142,2012-11-01,2000-09-01,2012-10-31,3059.0,neutral
2012-11-16,risk_on,neutral,4.222953800638593e-34,1.0,1.1453779494180026e-137,2012-11-01,2000-09-01,2012-10-31,3059.0,neutral
2012-11-19,risk_on,neutral,3.786297140659906e-33,1.0,3.1018995785065965e-135,2012-11-01,2000-09-01,2012-10-31,3059.0,neutral
2012-11-20,risk_on,neutral,1.4886454941411118e-33,1.0,1.0960392602501202e-135,2012-11-01,2000-09-01,2012-10-31,3059.0,neutral
2012-11-21,risk_on,neutral,9.162929838670016e-35,1.0,2.9311878695272662e-136,2012-11-01,2000-09-01,2012-10-31,3059.0,neutral
2012-11-23,risk_on,neutral,1.0041413245124343e-32,1.0,3.702008220530636e-137,2012-11-01,2000-09-01,2012-10-31,3059.0,neutral
2012-11-26,risk_on,neutral,3.2488145474624857e-32,1.0,1.0690810132510432e-138,2012-11-01,2000-09-01,2012-10-31,3059.0,neutral
2012-11-27,risk_on,neutral,4.470716694969437e-32,1.0,2.615407403102171e-140,2012-11-01,2000-09-01,2012-10-31,3059.0,neutral
2012-11-28,risk_on,neutral,1.0358665041342896e-30,1.0,1.7378829040741994e-139,2012-11-01,2000-09-01,2012-10-31,3059.0,neutral
2012-11-29,risk_on,neutral,2.980072925084596e-30,1.0,2.698484807136877e-138,2012-11-01,2000-09-01,2012-10-31,3059.0,neutral
2012-11-30,risk_on,neutral,1.4876846845018428e-30,1.0,2.5106832387383497e-141,2012-11-01,2000-09-01,2012-10-31,3059.0,neutral
2012-12-03,risk_on,neutral,2.19134017932943e-71,1.0,4.295215157189859e-53,2012-12-03,2000-09-01,2012-11-30,3080.0,neutral
2012-12-04,risk_on,neutral,3.002195286401701e-70,1.0,7.432015053643805e-53,2012-12-03,2000-09-01,2012-11-30,3080.0,neutral
2012-12-05,risk_on,neutral,3.4818232108684917e-70,1.0,1.0249989029053144e-49,2012-12-03,2000-09-01,2012-11-30,3080.0,neutral
2012-12-06,risk_on,neutral,8.258055772648521e-72,1.0,1.8131602120277175e-50,2012-12-03,2000-09-01,2012-11-30,3080.0,neutral
2012-12-07,risk_on,neutral,7.931274092614853e-75,1.0,7.737889021438026e-52,2012-12-03,2000-09-01,2012-11-30,3080.0,neutral
2012-12-10,risk_on,neutral,3.614168330342934e-75,1.0,7.740014427215324e-52,2012-12-03,2000-09-01,2012-11-30,3080.0,neutral
2012-12-11,risk_on,neutral,7.985292108734152e-74,1.0,1.2767283539164584e-50,2012-12-03,2000-09-01,2012-11-30,3080.0,neutral
2012-12-12,risk_on,neutral,5.561594244416555e-74,1.0,1.4204144294254173e-49,2012-12-03,2000-09-01,2012-11-30,3080.0,neutral
2012-12-13,risk_on,neutral,3.480269425168062e-75,1.0,4.9698696324515354e-49,2012-12-03,2000-09-01,2012-11-30,3080.0,neutral
2012-12-14,risk_on,neutral,5.784899391799039e-77,1.0,3.850230284144365e-52,2012-12-03,2000-09-01,2012-11-30,3080.0,neutral
2012-12-17,risk_on,neutral,2.3586648876455637e-69,1.0,2.8917922641711697e-52,2012-12-03,2000-09-01,2012-11-30,3080.0,neutral
2012-12-18,risk_on,neutral,1.4176225427641744e-64,1.0,1.233660037508445e-48,2012-12-03,2000-09-01,2012-11-30,3080.0,neutral
2012-12-19,risk_on,neutral,2.8716883387816554e-63,1.0,1.2407887222527636e-52,2012-12-03,2000-09-01,2012-11-30,3080.0,neutral
2012-12-20,risk_on,neutral,6.41427458309679e-62,1.0,3.075739347861218e-54,2012-12-03,2000-09-01,2012-11-30,3080.0,neutral
2012-12-21,risk_on,neutral,6.181126262919954e-63,1.0,1.6802828605580174e-55,2012-12-03,2000-09-01,2012-11-30,3080.0,neutral
2012-12-24,risk_on,neutral,8.155695511265062e-66,1.0,1.8149715475821178e-59,2012-12-03,2000-09-01,2012-11-30,3080.0,neutral
2012-12-26,risk_on,neutral,7.590667113944367e-64,1.0,8.187469144617441e-61,2012-12-03,2000-09-01,2012-11-30,3080.0,neutral
2012-12-27,risk_on,neutral,3.0236832617210586e-61,1.0,1.7352074410944056e-59,2012-12-03,2000-09-01,2012-11-30,3080.0,neutral
2012-12-28,risk_on,neutral,1.2238085662036385e-60,1.0,9.662345371034291e-68,2012-12-03,2000-09-01,2012-11-30,3080.0,neutral
2012-12-31,risk_on,neutral,5.59854432670724e-61,1.0,3.2264291402999726e-62,2012-12-03,2000-09-01,2012-11-30,3080.0,neutral
2013-01-02,risk_on,neutral,2.3392629510955136e-58,1.0,1.0714849515507702e-66,2013-01-02,2000-09-01,2012-12-31,3100.0,neutral
2013-01-03,risk_on,neutral,1.246150502524612e-60,1.0,1.2463337056697812e-65,2013-01-02,2000-09-01,2012-12-31,3100.0,neutral
2013-01-04,risk_on,neutral,1.3728924102885382e-61,1.0,1.0199404324533158e-70,2013-01-02,2000-09-01,2012-12-31,3100.0,neutral
2013-01-07,risk_on,neutral,1.5947912343919494e-62,1.0,4.161671095242594e-72,2013-01-02,2000-09-01,2012-12-31,3100.0,neutral
2013-01-08,risk_on,neutral,2.338192183616945e-63,1.0,7.432107792639497e-72,2013-01-02,2000-09-01,2012-12-31,3100.0,neutral
2013-01-09,risk_on,neutral,7.771273935545541e-64,1.0,6.576653398850403e-70,2013-01-02,2000-09-01,2012-12-31,3100.0,neutral
2013-01-10,risk_on,neutral,8.290673652230888e-62,1.0,3.4439629952093954e-70,2013-01-02,2000-09-01,2012-12-31,3100.0,neutral
2013-01-11,risk_on,neutral,8.179715732258964e-62,1.0,2.4231764274476604e-72,2013-01-02,2000-09-01,2012-12-31,3100.0,neutral
2013-01-14,risk_on,neutral,6.875046892630697e-61,1.0,2.987138236840457e-70,2013-01-02,2000-09-01,2012-12-31,3100.0,neutral
2013-01-15,risk_on,neutral,5.108550007982874e-68,1.0,5.417008107332843e-70,2013-01-02,2000-09-01,2012-12-31,3100.0,neutral
2013-01-16,risk_on,neutral,1.75400267918044e-67,1.0,1.1727382410023748e-69,2013-01-02,2000-09-01,2012-12-31,3100.0,neutral
2013-01-17,risk_on,neutral,3.6915670752544244e-68,1.0,2.1042280415149308e-69,2013-01-02,2000-09-01,2012-12-31,3100.0,neutral
2013-01-18,risk_on,neutral,2.7713948488872146e-67,1.0,4.930664010313001e-70,2013-01-02,2000-09-01,2012-12-31,3100.0,neutral
2013-01-22,risk_on,neutral,5.598681488148678e-67,1.0,2.1987573679476448e-67,2013-01-02,2000-09-01,2012-12-31,3100.0,neutral
2013-01-23,risk_on,neutral,1.1036375707052539e-65,1.0,1.2795441607336243e-64,2013-01-02,2000-09-01,2012-12-31,3100.0,neutral
2013-01-24,risk_on,neutral,1.565833513060829e-65,1.0,1.0241347113488228e-63,2013-01-02,2000-09-01,2012-12-31,3100.0,neutral
2013-01-25,risk_on,neutral,4.322223716883029e-66,1.0,2.414678862038648e-64,2013-01-02,2000-09-01,2012-12-31,3100.0,neutral
2013-01-28,risk_on,neutral,2.0538873466101333e-66,1.0,1.0271931383741974e-63,2013-01-02,2000-09-01,2012-12-31,3100.0,neutral
2013-01-29,risk_on,neutral,1.7980918188382441e-66,1.0,8.458477844518995e-67,2013-01-02,2000-09-01,2012-12-31,3100.0,neutral
2013-01-30,risk_on,neutral,3.276847062494886e-68,1.0,6.44868149880933e-67,2013-01-02,2000-09-01,2012-12-31,3100.0,neutral
2013-01-31,risk_on,neutral,1.3477793289567641e-67,1.0,8.144360916873016e-69,2013-01-02,2000-09-01,2012-12-31,3100.0,neutral
2013-02-01,risk_on,risk_on,1.0966983975895735e-182,4.3111582006480165e-29,1.0,2013-02-01,2000-09-01,2013-01-31,3121.0,neutral
2013-02-04,risk_on,risk_on,5.737323839877412e-182,1.3368581423026053e-30,1.0,2013-02-01,2000-09-01,2013-01-31,3121.0,risk_on
2013-02-05,risk_on,risk_on,4.8807777740039655e-182,7.082253058259433e-32,1.0,2013-02-01,2000-09-01,2013-01-31,3121.0,risk_on
2013-02-06,risk_on,risk_on,4.5415927019353626e-182,6.564255142558831e-31,1.0,2013-02-01,2000-09-01,2013-01-31,3121.0,risk_on
2013-02-07,risk_on,risk_on,5.858522979561666e-181,1.0487003070123675e-30,1.0,2013-02-01,2000-09-01,2013-01-31,3121.0,risk_on
2013-02-08,risk_on,risk_on,8.891326538414938e-181,2.24796933913381e-31,1.0,2013-02-01,2000-09-01,2013-01-31,3121.0,risk_on
2013-02-11,risk_on,risk_on,6.431667681794827e-182,3.550812049629656e-33,1.0,2013-02-01,2000-09-01,2013-01-31,3121.0,risk_on
2013-02-12,risk_on,risk_on,7.087505087630308e-185,1.1213495663470355e-32,1.0,2013-02-01,2000-09-01,2013-01-31,3121.0,risk_on
2013-02-13,risk_on,risk_on,3.4153215174668004e-185,2.142484571690808e-32,1.0,2013-02-01,2000-09-01,2013-01-31,3121.0,risk_on
2013-02-14,risk_on,risk_on,1.7572184194847178e-183,9.763165452731223e-32,1.0,2013-02-01,2000-09-01,2013-01-31,3121.0,risk_on
2013-02-15,risk_on,risk_on,4.264781697539471e-185,3.094496627120629e-32,1.0,2013-02-01,2000-09-01,2013-01-31,3121.0,risk_on
2013-02-19,risk_on,risk_on,4.112323615369868e-184,3.9061391820377025e-32,1.0,2013-02-01,2000-09-01,2013-01-31,3121.0,risk_on
2013-02-20,risk_on,risk_on,1.3447432759451657e-185,7.593712874976099e-32,1.0,2013-02-01,2000-09-01,2013-01-31,3121.0,risk_on
2013-02-21,risk_on,risk_on,6.189528258172246e-190,4.6389243718057695e-32,1.0,2013-02-01,2000-09-01,2013-01-31,3121.0,risk_on
2013-02-22,risk_on,risk_on,1.7600406112238488e-183,3.417786878911674e-33,1.0,2013-02-01,2000-09-01,2013-01-31,3121.0,risk_on
2013-02-25,risk_on,risk_on,7.94623320386691e-182,2.2167560043264987e-32,1.0,2013-02-01,2000-09-01,2013-01-31,3121.0,risk_on
2013-02-26,risk_on,risk_on,1.56877328732627e-181,3.188688081022753e-32,1.0,2013-02-01,2000-09-01,2013-01-31,3121.0,risk_on
2013-02-27,risk_on,risk_on,1.5717652206219557e-183,2.7292014038019353e-32,1.0,2013-02-01,2000-09-01,2013-01-31,3121.0,risk_on
2013-02-28,risk_on,risk_on,3.2427044305602904e-186,1.5908735097859718e-33,1.0,2013-02-01,2000-09-01,2013-01-31,3121.0,risk_on
2013-03-01,risk_on,neutral,3.9544649037555505e-15,0.9999999809337929,1.9066203108933905e-08,2013-03-01,2000-09-01,2013-02-28,3140.0,risk_on
2013-03-04,risk_on,neutral,6.66440908858108e-16,0.9999999932013912,6.79860850588254e-09,2013-03-01,2000-09-01,2013-02-28,3140.0,neutral
2013-03-05,risk_on,neutral,1.282944269605071e-15,0.9999999926324552,7.367543550404653e-09,2013-03-01,2000-09-01,2013-02-28,3140.0,neutral
2013-03-06,risk_on,neutral,1.0228640105507214e-15,0.9999999557159694,4.428402948142519e-08,2013-03-01,2000-09-01,2013-02-28,3140.0,neutral
2013-03-07,risk_on,neutral,9.144907462546009e-16,0.9999998604713225,1.3952867681827398e-07,2013-03-01,2000-09-01,2013-02-28,3140.0,neutral
2013-03-08,risk_on,neutral,1.6725703541472891e-15,0.9999996397350489,3.602649501729387e-07,2013-03-01,2000-09-01,2013-02-28,3140.0,neutral
2013-03-11,risk_on,neutral,1.103774782535244e-15,0.9999998420266643,1.5797333455845946e-07,2013-03-01,2000-09-01,2013-02-28,3140.0,neutral
2013-03-12,risk_on,neutral,3.935321030613923e-14,0.9999994949605228,5.050394382032699e-07,2013-03-01,2000-09-01,2013-02-28,3140.0,neutral
2013-03-13,risk_on,neutral,7.194768923217224e-15,0.9999994751449918,5.248550007028858e-07,2013-03-01,2000-09-01,2013-02-28,3140.0,neutral
2013-03-14,risk_on,neutral,4.783178020416749e-15,0.9999996343758994,3.656240959755304e-07,2013-03-01,2000-09-01,2013-02-28,3140.0,neutral
2013-03-15,risk_on,neutral,1.740268962713202e-13,0.9999990352570567,9.647427683617027e-07,2013-03-01,2000-09-01,2013-02-28,3140.0,neutral
2013-03-18,risk_on,neutral,4.068482927221412e-09,0.9999923007554202,7.695176096547949e-06,2013-03-01,2000-09-01,2013-02-28,3140.0,neutral
2013-03-19,risk_on,neutral,1.4373349676014674e-08,0.9999858454820798,1.4140144570457556e-05,2013-03-01,2000-09-01,2013-02-28,3140.0,neutral
2013-03-20,risk_on,neutral,1.958217062352309e-09,0.9999896670496011,1.0330992182359917e-05,2013-03-01,2000-09-01,2013-02-28,3140.0,neutral
2013-03-21,risk_on,neutral,6.280154867085997e-10,0.9999801781747296,1.9821197254783246e-05,2013-03-01,2000-09-01,2013-02-28,3140.0,neutral
2013-03-22,risk_on,neutral,7.4112413365047635e-09,0.9999856018290589,1.4390759698903867e-05,2013-03-01,2000-09-01,2013-02-28,3140.0,neutral
2013-03-25,risk_on,neutral,4.117796227615844e-09,0.999969124996797,3.087088540703205e-05,2013-03-01,2000-09-01,2013-02-28,3140.0,neutral
2013-03-26,risk_on,neutral,3.5661693038120876e-09,0.9999816546267285,1.8341807102250938e-05,2013-03-01,2000-09-01,2013-02-28,3140.0,neutral
2013-03-27,risk_on,neutral,1.4108436330813292e-08,0.9999778985975117,2.208729405150447e-05,2013-03-01,2000-09-01,2013-02-28,3140.0,neutral
2013-03-28,risk_on,neutral,1.8018883665299934e-08,0.9999805633732487,1.9418607866937642e-05,2013-03-01,2000-09-01,2013-02-28,3140.0,neutral
2013-04-01,risk_on,risk_on,4.299558283438372e-152,8.697759775658937e-44,1.0,2013-04-01,2000-09-01,2013-03-28,3160.0,neutral
2013-04-02,risk_on,risk_on,1.0263525846858268e-152,2.4083916031873473e-45,1.0,2013-04-01,2000-09-01,2013-03-28,3160.0,risk_on
2013-04-03,risk_on,risk_on,4.3731579842468763e-150,2.764462773583145e-42,1.0,2013-04-01,2000-09-01,2013-03-28,3160.0,risk_on
2013-04-04,risk_on,risk_on,5.740622755547044e-153,2.169187609672245e-43,1.0,2013-04-01,2000-09-01,2013-03-28,3160.0,risk_on
2013-04-05,risk_on,risk_on,4.561100392736748e-150,9.30307468591208e-42,1.0,2013-04-01,2000-09-01,2013-03-28,3160.0,risk_on
2013-04-08,risk_on,risk_on,5.557470057849458e-155,1.5849657715643079e-43,1.0,2013-04-01,2000-09-01,2013-03-28,3160.0,risk_on
2013-04-09,risk_on,risk_on,1.0303959248166685e-154,1.2187454148789796e-44,1.0,2013-04-01,2000-09-01,2013-03-28,3160.0,risk_on
2013-04-10,risk_on,risk_on,2.079967375597835e-154,3.340722222960177e-47,1.0,2013-04-01,2000-09-01,2013-03-28,3160.0,risk_on
2013-04-11,risk_on,risk_on,1.6583031256464755e-154,6.847638157132639e-48,1.0,2013-04-01,2000-09-01,2013-03-28,3160.0,risk_on
2013-04-12,risk_on,risk_on,1.9078589494430107e-157,2.30829493423604e-46,1.0,2013-04-01,2000-09-01,2013-03-28,3160.0,risk_on
2013-04-15,risk_on,risk_on,3.2854010527942176e-117,2.080774793389154e-45,1.0,2013-04-01,2000-09-01,2013-03-28,3160.0,risk_on
2013-04-16,risk_on,risk_on,2.0335578586715117e-124,3.455334054226405e-51,1.0,2013-04-01,2000-09-01,2013-03-28,3160.0,risk_on
2013-04-17,risk_on,risk_on,3.621684625906367e-117,3.1819418928063245e-44,1.0,2013-04-01,2000-09-01,2013-03-28,3160.0,risk_on
2013-04-18,risk_on,risk_on,1.3780800581155688e-114,1.01580076906646e-41,1.0,2013-04-01,2000-09-01,2013-03-28,3160.0,risk_on
2013-04-19,risk_on,risk_on,5.303065017128014e-122,4.920442449114245e-46,1.0,2013-04-01,2000-09-01,2013-03-28,3160.0,risk_on
2013-04-22,risk_on,risk_on,1.221869162057961e-121,4.236871331322449e-45,1.0,2013-04-01,2000-09-01,2013-03-28,3160.0,risk_on
2013-04-23,risk_on,risk_on,2.1809678304671715e-123,6.291157887811994e-48,1.0,2013-04-01,2000-09-01,2013-03-28,3160.0,risk_on
2013-04-24,risk_on,risk_on,8.633255475106723e-123,2.1376018316345372e-47,1.0,2013-04-01,2000-09-01,2013-03-28,3160.0,risk_on
2013-04-25,risk_on,risk_on,1.784908219457422e-123,3.6438346715660844e-48,1.0,2013-04-01,2000-09-01,2013-03-28,3160.0,risk_on
2013-04-26,risk_on,risk_on,2.266284449687054e-125,1.2091154487651525e-45,1.0,2013-04-01,2000-09-01,2013-03-28,3160.0,risk_on
2013-04-29,risk_on,risk_on,3.6940190011914246e-125,6.619672208833876e-47,1.0,2013-04-01,2000-09-01,2013-03-28,3160.0,risk_on
2013-04-30,risk_on,risk_on,2.4896736251142496e-125,1.2548019471178627e-46,1.0,2013-04-01,2000-09-01,2013-03-28,3160.0,risk_on
2013-05-01,risk_on,neutral,2.351815892054436e-45,1.0,0.0,2013-05-01,2000-09-01,2013-04-30,3182.0,risk_on
2013-05-02,risk_on,neutral,3.70211973317264e-49,1.0,0.0,2013-05-01,2000-09-01,2013-04-30,3182.0,neutral
2013-05-03,risk_on,neutral,1.3756575724653805e-51,1.0,0.0,2013-05-01,2000-09-01,2013-04-30,3182.0,neutral
2013-05-06,risk_on,neutral,7.662417298871655e-53,1.0,0.0,2013-05-01,2000-09-01,2013-04-30,3182.0,neutral
2013-05-07,risk_on,neutral,4.032213082298589e-53,1.0,0.0,2013-05-01,2000-09-01,2013-04-30,3182.0,neutral
2013-05-08,risk_on,neutral,1.432443823431197e-54,1.0,0.0,2013-05-01,2000-09-01,2013-04-30,3182.0,neutral
2013-05-09,risk_on,neutral,7.775974188262051e-55,1.0,0.0,2013-05-01,2000-09-01,2013-04-30,3182.0,neutral
2013-05-10,risk_on,neutral,2.666720917846394e-56,1.0,0.0,2013-05-01,2000-09-01,2013-04-30,3182.0,neutral
2013-05-13,risk_on,neutral,1.7001571820425216e-57,1.0,0.0,2013-05-01,2000-09-01,2013-04-30,3182.0,neutral
2013-05-14,risk_on,neutral,4.253501073311014e-58,1.0,0.0,2013-05-01,2000-09-01,2013-04-30,3182.0,neutral
2013-05-15,risk_on,neutral,1.7950502614848842e-57,1.0,0.0,2013-05-01,2000-09-01,2013-04-30,3182.0,neutral
2013-05-16,risk_on,neutral,1.8350124233330262e-59,1.0,0.0,2013-05-01,2000-09-01,2013-04-30,3182.0,neutral
2013-05-17,risk_on,neutral,3.823041784040887e-63,1.0,0.0,2013-05-01,2000-09-01,2013-04-30,3182.0,neutral
2013-05-20,risk_on,neutral,1.5676826153860632e-62,1.0,0.0,2013-05-01,2000-09-01,2013-04-30,3182.0,neutral
2013-05-21,risk_on,neutral,3.2125781465137536e-64,1.0,0.0,2013-05-01,2000-09-01,2013-04-30,3182.0,neutral
2013-05-22,risk_on,neutral,1.7866115335837086e-66,1.0,0.0,2013-05-01,2000-09-01,2013-04-30,3182.0,neutral
2013-05-23,risk_on,neutral,8.41779961927026e-68,1.0,0.0,2013-05-01,2000-09-01,2013-04-30,3182.0,neutral
2013-05-24,risk_on,neutral,3.038542507137997e-71,1.0,0.0,2013-05-01,2000-09-01,2013-04-30,3182.0,neutral
2013-05-28,risk_on,neutral,4.2621163321862365e-73,1.0,0.0,2013-05-01,2000-09-01,2013-04-30,3182.0,neutral
2013-05-29,risk_on,neutral,5.223090021850667e-73,1.0,0.0,2013-05-01,2000-09-01,2013-04-30,3182.0,neutral
2013-05-30,risk_on,neutral,2.5522825411240814e-76,1.0,0.0,2013-05-01,2000-09-01,2013-04-30,3182.0,neutral
2013-05-31,risk_on,neutral,2.1394546781738586e-73,1.0,0.0,2013-05-01,2000-09-01,2013-04-30,3182.0,neutral
2013-06-03,risk_on,risk_on,1.3553742158433998e-109,7.328345338998521e-16,0.9999999999999991,2013-06-03,2000-09-01,2013-05-31,3204.0,neutral
2013-06-04,risk_on,risk_on,4.879622708239559e-106,1.6757176256090103e-16,1.0,2013-06-03,2000-09-01,2013-05-31,3204.0,risk_on
2013-06-05,risk_on,risk_on,3.4747956735813587e-103,5.814196589319616e-17,1.0,2013-06-03,2000-09-01,2013-05-31,3204.0,risk_on
2013-06-06,risk_on,risk_on,5.751447914619983e-107,3.460696623282391e-16,1.0,2013-06-03,2000-09-01,2013-05-31,3204.0,risk_on
2013-06-07,risk_on,risk_on,4.795947928603516e-112,4.006230238562898e-17,1.0,2013-06-03,2000-09-01,2013-05-31,3204.0,risk_on
2013-06-10,risk_on,risk_on,1.5682709039816514e-112,2.891587939809392e-18,1.0,2013-06-03,2000-09-01,2013-05-31,3204.0,risk_on
2013-06-11,risk_on,risk_on,3.825057623363307e-112,9.385087979787583e-18,1.0,2013-06-03,2000-09-01,2013-05-31,3204.0,risk_on
2013-06-12,risk_on,risk_on,8.463304036010907e-109,6.379807528361045e-19,1.0,2013-06-03,2000-09-01,2013-05-31,3204.0,risk_on
2013-06-13,risk_on,risk_on,4.183762615105355e-111,3.1359474750457534e-19,1.0,2013-06-03,2000-09-01,2013-05-31,3204.0,risk_on
2013-06-14,risk_on,risk_on,4.9450783490330784e-105,9.1886847436783e-19,1.0,2013-06-03,2000-09-01,2013-05-31,3204.0,risk_on
2013-06-17,risk_on,risk_on,1.1574299195357323e-112,5.485257542858116e-18,1.0,2013-06-03,2000-09-01,2013-05-31,3204.0,risk_on
2013-06-18,risk_on,risk_on,6.635135266489471e-116,2.6563273836099074e-18,1.0,2013-06-03,2000-09-01,2013-05-31,3204.0,risk_on
2013-06-19,risk_on,risk_on,4.203004331243942e-110,8.760758226656929e-20,1.0,2013-06-03,2000-09-01,2013-05-31,3204.0,risk_on
2013-06-20,risk_on,risk_on,6.72237417746222e-109,6.34400773247479e-21,1.0,2013-06-03,2000-09-01,2013-05-31,3204.0,risk_on
2013-06-21,risk_on,risk_on,1.8377374413129946e-108,2.231116416820919e-22,1.0,2013-06-03,2000-09-01,2013-05-31,3204.0,risk_on
2013-06-24,risk_on,risk_on,3.277672157850622e-110,8.667026730103407e-24,1.0,2013-06-03,2000-09-01,2013-05-31,3204.0,risk_on
2013-06-25,risk_on,risk_on,1.2813578672654688e-112,4.43468675399387e-24,1.0,2013-06-03,2000-09-01,2013-05-31,3204.0,risk_on
2013-06-26,risk_on,risk_on,1.1807126020266e-113,9.628350800261304e-24,1.0,2013-06-03,2000-09-01,2013-05-31,3204.0,risk_on
2013-06-27,risk_on,risk_on,9.380139899017737e-109,7.224028910228031e-24,1.0,2013-06-03,2000-09-01,2013-05-31,3204.0,risk_on
2013-06-28,risk_on,risk_on,3.2518083728187494e-109,6.19353756408355e-23,1.0,2013-06-03,2000-09-01,2013-05-31,3204.0,risk_on
2013-07-01,risk_on,neutral,0.0,0.9999996007612866,3.992387134359489e-07,2013-07-01,2000-09-01,2013-06-28,3224.0,risk_on
2013-07-02,risk_on,neutral,0.0,0.9999997259407449,2.740592558262923e-07,2013-07-01,2000-09-01,2013-06-28,3224.0,neutral
2013-07-03,risk_on,neutral,0.0,0.9999983463497871,1.653650213439186e-06,2013-07-01,2000-09-01,2013-06-28,3224.0,neutral
2013-07-05,risk_on,neutral,0.0,0.9999987599607018,1.2400392987562658e-06,2013-07-01,2000-09-01,2013-06-28,3224.0,neutral
2013-07-08,risk_on,neutral,0.0,0.9999998713352424,1.2866475624825962e-07,2013-07-01,2000-09-01,2013-06-28,3224.0,neutral
2013-07-09,risk_on,neutral,0.0,0.9999998444413031,1.5555869839781438e-07,2013-07-01,2000-09-01,2013-06-28,3224.0,neutral
2013-07-10,risk_on,neutral,0.0,0.999998003733967,1.99626603138737e-06,2013-07-01,2000-09-01,2013-06-28,3224.0,neutral
2013-07-11,risk_on,neutral,0.0,0.9999989347180706,1.065281927721847e-06,2013-07-01,2000-09-01,2013-06-28,3224.0,neutral
2013-07-12,risk_on,neutral,0.0,0.9999997521838951,2.4781610548464373e-07,2013-07-01,2000-09-01,2013-06-28,3224.0,neutral
2013-07-15,risk_on,neutral,0.0,0.9999972721737941,2.7278262057221973e-06,2013-07-01,2000-09-01,2013-06-28,3224.0,neutral
2013-07-16,risk_on,neutral,0.0,0.9999655476153555,3.445238464403085e-05,2013-07-01,2000-09-01,2013-06-28,3224.0,neutral
2013-07-17,risk_on,neutral,0.0,0.9999965958466671,3.4041533336737825e-06,2013-07-01,2000-09-01,2013-06-28,3224.0,neutral
2013-07-18,risk_on,neutral,0.0,0.999980056876506,1.9943123494136994e-05,2013-07-01,2000-09-01,2013-06-28,3224.0,neutral
2013-07-19,risk_on,neutral,0.0,0.9994257796824816,0.0005742203175170864,2013-07-01,2000-09-01,2013-06-28,3224.0,neutral
2013-07-22,risk_on,neutral,0.0,0.9999449340808428,5.50659191557304e-05,2013-07-01,2000-09-01,2013-06-28,3224.0,neutral
2013-07-23,risk_on,neutral,0.0,0.9970962712712322,0.0029037287287665093,2013-07-01,2000-09-01,2013-06-28,3224.0,neutral
2013-07-24,risk_on,neutral,0.0,0.9999172993723391,8.27006276627439e-05,2013-07-01,2000-09-01,2013-06-28,3224.0,neutral
2013-07-25,risk_on,neutral,0.0,0.9999855511581931,1.4448841805758916e-05,2013-07-01,2000-09-01,2013-06-28,3224.0,neutral
2013-07-26,risk_on,neutral,0.0,0.9999992824427916,7.175572079631223e-07,2013-07-01,2000-09-01,2013-06-28,3224.0,neutral
2013-07-29,risk_on,neutral,0.0,0.9999997231002161,2.7689978247840395e-07,2013-07-01,2000-09-01,2013-06-28,3224.0,neutral
2013-07-30,risk_on,neutral,0.0,0.9999996668805218,3.3311947896623835e-07,2013-07-01,2000-09-01,2013-06-28,3224.0,neutral
2013-07-31,risk_on,neutral,0.0,0.9999994644166263,5.355833742790627e-07,2013-07-01,2000-09-01,2013-06-28,3224.0,neutral
2013-08-01,risk_on,risk_on,3.1076700618519925e-302,8.614246629243623e-56,1.0,2013-08-01,2000-09-01,2013-07-31,3246.0,neutral
2013-08-02,risk_on,risk_on,1.4964943400207293e-291,9.785071999238604e-54,1.0,2013-08-01,2000-09-01,2013-07-31,3246.0,risk_on
2013-08-05,risk_on,risk_on,1.4731247462013422e-292,3.3723914708527304e-54,1.0,2013-08-01,2000-09-01,2013-07-31,3246.0,risk_on
2013-08-06,risk_on,risk_on,6.726390486714037e-293,4.869337428632722e-54,1.0,2013-08-01,2000-09-01,2013-07-31,3246.0,risk_on
2013-08-07,risk_on,risk_on,3.686987805106361e-292,3.9206987043530637e-53,1.0,2013-08-01,2000-09-01,2013-07-31,3246.0,risk_on
2013-08-08,risk_on,risk_on,1.0435993218650215e-294,2.556516012647684e-53,1.0,2013-08-01,2000-09-01,2013-07-31,3246.0,risk_on
2013-08-09,risk_on,risk_on,1.1209637785977156e-290,2.420432017795294e-54,1.0,2013-08-01,2000-09-01,2013-07-31,3246.0,risk_on
2013-08-12,risk_on,risk_on,6.930186604983768e-290,1.369790604115955e-54,1.0,2013-08-01,2000-09-01,2013-07-31,3246.0,risk_on
2013-08-13,risk_on,risk_on,2.747107422519596e-292,9.861785530645702e-56,1.0,2013-08-01,2000-09-01,2013-07-31,3246.0,risk_on
2013-08-14,risk_on,risk_on,9.712457973696423e-295,2.2446984448990565e-55,1.0,2013-08-01,2000-09-01,2013-07-31,3246.0,risk_on
2013-08-15,risk_on,risk_on,2.4749482699580804e-296,1.7473701572622058e-54,1.0,2013-08-01,2000-09-01,2013-07-31,3246.0,risk_on
2013-08-16,risk_on,risk_on,3.50286959711917e-295,6.925206657686481e-57,1.0,2013-08-01,2000-09-01,2013-07-31,3246.0,risk_on
2013-08-19,risk_on,risk_on,2.518603923520741e-299,3.590713626117049e-58,1.0,2013-08-01,2000-09-01,2013-07-31,3246.0,risk_on
2013-08-20,risk_on,risk_on,6.621872052076822e-302,5.881201751437311e-58,1.0,2013-08-01,2000-09-01,2013-07-31,3246.0,risk_on
2013-08-21,risk_on,risk_on,8.072712610772656e-302,6.076277348378309e-59,1.0,2013-08-01,2000-09-01,2013-07-31,3246.0,risk_on
2013-08-22,risk_on,risk_on,4.598779044051724e-298,1.4395485617193546e-58,1.0,2013-08-01,2000-09-01,2013-07-31,3246.0,risk_on
2013-08-23,risk_on,risk_on,5.310831407164589e-294,4.973202969997018e-56,1.0,2013-08-01,2000-09-01,2013-07-31,3246.0,risk_on
2013-08-26,risk_on,risk_on,2.0075221049870052e-290,2.5666075284734875e-55,1.0,2013-08-01,2000-09-01,2013-07-31,3246.0,risk_on
2013-08-27,risk_on,risk_on,1.4780747353510195e-287,3.990380485482717e-56,1.0,2013-08-01,2000-09-01,2013-07-31,3246.0,risk_on
2013-08-28,risk_on,risk_on,1.292903526692627e-292,1.499423181086593e-60,1.0,2013-08-01,2000-09-01,2013-07-31,3246.0,risk_on
2013-08-29,risk_on,risk_on,1.3441644347013904e-285,6.032939595029312e-57,1.0,2013-08-01,2000-09-01,2013-07-31,3246.0,risk_on
2013-08-30,risk_on,risk_on,3.407456117288251e-286,1.4355392698864345e-56,1.0,2013-08-01,2000-09-01,2013-07-31,3246.0,risk_on
2013-09-03,risk_on,neutral,1.6911765821516462e-299,1.0,2.6294637821105508e-99,2013-09-03,2000-09-01,2013-08-30,3268.0,risk_on
2013-09-04,risk_on,neutral,1.7263040841772702e-302,1.0,4.049086681301168e-96,2013-09-03,2000-09-01,2013-08-30,3268.0,neutral
2013-09-05,risk_on,neutral,1.3910860708549234e-298,1.0,2.4676912621393165e-97,2013-09-03,2000-09-01,2013-08-30,3268.0,neutral
2013-09-06,risk_on,neutral,7.854300264030134e-298,1.0,9.618661679232069e-99,2013-09-03,2000-09-01,2013-08-30,3268.0,neutral
2013-09-09,risk_on,neutral,1.0701200200889915e-301,1.0,3.3955063004113196e-98,2013-09-03,2000-09-01,2013-08-30,3268.0,neutral
2013-09-10,risk_on,neutral,4.4270355250153956e-303,1.0,7.978275496819287e-93,2013-09-03,2000-09-01,2013-08-30,3268.0,neutral
2013-09-11,risk_on,neutral,8.544031592888138e-301,1.0,1.3448481699529402e-92,2013-09-03,2000-09-01,2013-08-30,3268.0,neutral
2013-09-12,risk_on,neutral,1.136678809142396e-302,1.0,5.5825093754969465e-95,2013-09-03,2000-09-01,2013-08-30,3268.0,neutral
2013-09-13,risk_on,neutral,9.121423085408207e-304,1.0,9.214290829846214e-96,2013-09-03,2000-09-01,2013-08-30,3268.0,neutral
2013-09-16,risk_on,neutral,3.566965807985995e-302,1.0,4.366256299093416e-90,2013-09-03,2000-09-01,2013-08-30,3268.0,neutral
2013-09-17,risk_on,neutral,4.074962741088972e-305,1.0,1.200111463745773e-91,2013-09-03,2000-09-01,2013-08-30,3268.0,neutral
2013-09-18,risk_on,neutral,1.1208324970864481e-307,1.0,1.887018471700357e-89,2013-09-03,2000-09-01,2013-08-30,3268.0,neutral
2013-09-19,risk_on,neutral,1.5206814073646329e-305,1.0,1.0045605730469437e-84,2013-09-03,2000-09-01,2013-08-30,3268.0,neutral
2013-09-20,risk_on,neutral,2.4132894342686763e-306,1.0,8.705640632388037e-85,2013-09-03,2000-09-01,2013-08-30,3268.0,neutral
2013-09-23,risk_on,neutral,2.98446921243577e-307,1.0,3.0814976455911005e-88,2013-09-03,2000-09-01,2013-08-30,3268.0,neutral
2013-09-24,risk_on,neutral,1.5237846564913743e-307,1.0,8.124125187638207e-91,2013-09-03,2000-09-01,2013-08-30,3268.0,neutral
2013-09-25,risk_on,neutral,1.39959015883837e-309,1.0,1.145506593871765e-93,2013-09-03,2000-09-01,2013-08-30,3268.0,neutral
2013-09-26,risk_on,neutral,9.001753901667164e-309,1.0,2.0978800421422642e-94,2013-09-03,2000-09-01,2013-08-30,3268.0,neutral
2013-09-27,risk_on,neutral,9.17575366397e-313,1.0,2.9546409497314324e-99,2013-09-03,2000-09-01,2013-08-30,3268.0,neutral
2013-09-30,risk_on,neutral,1.02449067e-316,1.0,1.64813453361521e-102,2013-09-03,2000-09-01,2013-08-30,3268.0,neutral
2013-10-01,risk_on,risk_on,0.0,6.948776122107269e-81,1.0,2013-10-01,2000-09-01,2013-09-30,3288.0,neutral
2013-10-02,risk_on,risk_on,0.0,1.236497898826692e-80,1.0,2013-10-01,2000-09-01,2013-09-30,3288.0,risk_on
2013-10-03,risk_on,risk_on,0.0,5.19056527081414e-80,1.0,2013-10-01,2000-09-01,2013-09-30,3288.0,risk_on
2013-10-04,risk_on,risk_on,0.0,3.4584588681220924e-83,1.0,2013-10-01,2000-09-01,2013-09-30,3288.0,risk_on
2013-10-07,risk_on,risk_on,0.0,2.4653922016207117e-79,1.0,2013-10-01,2000-09-01,2013-09-30,3288.0,risk_on
2013-10-08,risk_on,risk_on,0.0,4.3144501159692146e-83,1.0,2013-10-01,2000-09-01,2013-09-30,3288.0,risk_on
2013-10-09,risk_on,risk_on,0.0,1.8263748676354553e-91,1.0,2013-10-01,2000-09-01,2013-09-30,3288.0,risk_on
2013-10-10,risk_on,risk_on,0.0,6.248095598171977e-92,1.0,2013-10-01,2000-09-01,2013-09-30,3288.0,risk_on
2013-10-11,risk_on,risk_on,0.0,2.019191471539404e-96,1.0,2013-10-01,2000-09-01,2013-09-30,3288.0,risk_on
2013-10-14,risk_on,risk_on,0.0,7.834188457378874e-92,1.0,2013-10-01,2000-09-01,2013-09-30,3288.0,risk_on
2013-10-15,risk_on,risk_on,0.0,2.2303852821537784e-90,1.0,2013-10-01,2000-09-01,2013-09-30,3288.0,risk_on
2013-10-16,risk_on,risk_on,0.0,3.5116817579253284e-84,1.0,2013-10-01,2000-09-01,2013-09-30,3288.0,risk_on
2013-10-17,risk_on,risk_on,0.0,2.1512381254976616e-82,1.0,2013-10-01,2000-09-01,2013-09-30,3288.0,risk_on
2013-10-18,risk_on,risk_on,0.0,5.08742865392025e-80,1.0,2013-10-01,2000-09-01,2013-09-30,3288.0,risk_on
2013-10-21,risk_on,risk_on,0.0,2.768143135541402e-82,1.0,2013-10-01,2000-09-01,2013-09-30,3288.0,risk_on
2013-10-22,risk_on,risk_on,0.0,1.6943073417471156e-79,1.0,2013-10-01,2000-09-01,2013-09-30,3288.0,risk_on
2013-10-23,risk_on,risk_on,0.0,9.432726988613106e-81,1.0,2013-10-01,2000-09-01,2013-09-30,3288.0,risk_on
2013-10-24,risk_on,risk_on,0.0,2.933477066464214e-81,1.0,2013-10-01,2000-09-01,2013-09-30,3288.0,risk_on
2013-10-25,risk_on,risk_on,0.0,6.088780858643774e-81,1.0,2013-10-01,2000-09-01,2013-09-30,3288.0,risk_on
2013-10-28,risk_on,risk_on,0.0,8.443048762758329e-82,1.0,2013-10-01,2000-09-01,2013-09-30,3288.0,risk_on
2013-10-29,risk_on,risk_on,0.0,2.5089882545714372e-82,1.0,2013-10-01,2000-09-01,2013-09-30,3288.0,risk_on
2013-10-30,risk_on,risk_on,0.0,3.053483598257966e-84,1.0,2013-10-01,2000-09-01,2013-09-30,3288.0,risk_on
2013-10-31,risk_on,risk_on,0.0,1.2575136683349128e-87,1.0,2013-10-01,2000-09-01,2013-09-30,3288.0,risk_on
2013-11-01,risk_on,risk_on,1.7311479034570054e-112,1.829060873190511e-217,1.0,2013-11-01,2000-09-01,2013-10-31,3311.0,risk_on
2013-11-04,risk_on,risk_on,1.2171490630153693e-112,1.0136577978061749e-220,1.0,2013-11-01,2000-09-01,2013-10-31,3311.0,risk_on
2013-11-05,risk_on,risk_on,4.369564063110041e-115,2.134314571740976e-220,1.0,2013-11-01,2000-09-01,2013-10-31,3311.0,risk_on
2013-11-06,risk_on,risk_on,3.084681122246953e-117,5.352723765547653e-224,1.0,2013-11-01,2000-09-01,2013-10-31,3311.0,risk_on
2013-11-07,risk_on,risk_on,1.1900947577934009e-110,5.763964200220983e-219,1.0,2013-11-01,2000-09-01,2013-10-31,3311.0,risk_on
2013-11-08,risk_on,risk_on,9.388314569265908e-119,3.778184069362546e-228,1.0,2013-11-01,2000-09-01,2013-10-31,3311.0,risk_on
2013-11-11,risk_on,risk_on,2.466516427495597e-119,1.8010363936736466e-231,1.0,2013-11-01,2000-09-01,2013-10-31,3311.0,risk_on
2013-11-12,risk_on,risk_on,9.685471428420758e-120,4.29035183628144e-230,1.0,2013-11-01,2000-09-01,2013-10-31,3311.0,risk_on
2013-11-13,risk_on,risk_on,1.4765571925312363e-125,4.300536369858977e-235,1.0,2013-11-01,2000-09-01,2013-10-31,3311.0,risk_on
2013-11-14,risk_on,risk_on,4.823147802766557e-125,1.0233821639302293e-235,1.0,2013-11-01,2000-09-01,2013-10-31,3311.0,risk_on
2013-11-15,risk_on,risk_on,8.910010174497736e-133,1.2892102954027867e-235,1.0,2013-11-01,2000-09-01,2013-10-31,3311.0,risk_on
2013-11-18,risk_on,risk_on,7.290914165590133e-128,4.2081999573532953e-231,1.0,2013-11-01,2000-09-01,2013-10-31,3311.0,risk_on
2013-11-19,risk_on,risk_on,1.0014753467278391e-129,3.9298922233196255e-235,1.0,2013-11-01,2000-09-01,2013-10-31,3311.0,risk_on
2013-11-20,risk_on,risk_on,1.0651892163305814e-133,1.2356732376970895e-235,1.0,2013-11-01,2000-09-01,2013-10-31,3311.0,risk_on
2013-11-21,risk_on,risk_on,8.8990792695968e-140,4.507175045538986e-236,1.0,2013-11-01,2000-09-01,2013-10-31,3311.0,risk_on
2013-11-22,risk_on,risk_on,8.566638554925936e-141,7.542883882280432e-236,1.0,2013-11-01,2000-09-01,2013-10-31,3311.0,risk_on
2013-11-25,risk_on,risk_on,8.650859182397347e-142,9.244519712351489e-235,1.0,2013-11-01,2000-09-01,2013-10-31,3311.0,risk_on
2013-11-26,risk_on,risk_on,2.623058099913013e-140,4.890790353920283e-236,1.0,2013-11-01,2000-09-01,2013-10-31,3311.0,risk_on
2013-11-27,risk_on,risk_on,1.7697683343462987e-141,2.2217490792438406e-237,1.0,2013-11-01,2000-09-01,2013-10-31,3311.0,risk_on
2013-11-29,risk_on,risk_on,9.075507620599679e-145,3.075762471208774e-241,1.0,2013-11-01,2000-09-01,2013-10-31,3311.0,risk_on
2013-12-02,risk_on,risk_on,1.3296135392361756e-45,1.5976439560169161e-87,1.0,2013-12-02,2000-09-01,2013-11-29,3331.0,risk_on
2013-12-03,risk_on,risk_on,5.130367931949534e-46,9.985093002009952e-88,1.0,2013-12-02,2000-09-01,2013-11-29,3331.0,risk_on
2013-12-04,risk_on,risk_on,3.1134548150364345e-46,2.0244826475030348e-88,1.0,2013-12-02,2000-09-01,2013-11-29,3331.0,risk_on
2013-12-05,risk_on,risk_on,8.577266819638941e-44,2.5719522981321115e-89,1.0,2013-12-02,2000-09-01,2013-11-29,3331.0,risk_on
2013-12-06,risk_on,risk_on,7.113826790415636e-45,2.2990187369257216e-89,1.0,2013-12-02,2000-09-01,2013-11-29,3331.0,risk_on
2013-12-09,risk_on,risk_on,2.7528634161072762e-46,4.496344771681145e-91,1.0,2013-12-02,2000-09-01,2013-11-29,3331.0,risk_on
2013-12-10,risk_on,risk_on,2.0226596130215107e-45,2.014583744427034e-92,1.0,2013-12-02,2000-09-01,2013-11-29,3331.0,risk_on
2013-12-11,risk_on,risk_on,1.4053297908970822e-42,3.3034764750411915e-92,1.0,2013-12-02,2000-09-01,2013-11-29,3331.0,risk_on
2013-12-12,risk_on,risk_on,4.741309622993053e-40,2.700244825779923e-93,1.0,2013-12-02,2000-09-01,2013-11-29,3331.0,risk_on
2013-12-13,risk_on,risk_on,5.257759281904005e-39,3.4478093550372315e-94,1.0,2013-12-02,2000-09-01,2013-11-29,3331.0,risk_on
2013-12-16,risk_on,risk_on,1.1406811605710112e-41,9.159933940838085e-74,1.0,2013-12-02,2000-09-01,2013-11-29,3331.0,risk_on
2013-12-17,risk_on,risk_on,3.0710842173929015e-38,1.9143093787499253e-74,1.0,2013-12-02,2000-09-01,2013-11-29,3331.0,risk_on
2013-12-18,risk_on,risk_on,6.439595950196052e-41,1.9684920001936573e-75,1.0,2013-12-02,2000-09-01,2013-11-29,3331.0,risk_on
2013-12-19,risk_on,risk_on,3.4164574561345677e-40,2.1132152157957815e-75,1.0,2013-12-02,2000-09-01,2013-11-29,3331.0,risk_on
2013-12-20,risk_on,risk_on,5.783755802846891e-41,2.0794507986889872e-75,1.0,2013-12-02,2000-09-01,2013-11-29,3331.0,risk_on
2013-12-23,risk_on,risk_on,9.30010856404398e-44,2.1689462948337517e-74,1.0,2013-12-02,2000-09-01,2013-11-29,3331.0,risk_on
2013-12-24,risk_on,risk_on,8.217076407870959e-43,1.912782751427338e-74,1.0,2013-12-02,2000-09-01,2013-11-29,3331.0,risk_on
2013-12-26,risk_on,risk_on,3.686384396411378e-42,6.29693622951689e-76,1.0,2013-12-02,2000-09-01,2013-11-29,3331.0,risk_on
2013-12-27,risk_on,risk_on,3.371805476445217e-41,4.9891519646318095e-76,1.0,2013-12-02,2000-09-01,2013-11-29,3331.0,risk_on
2013-12-30,risk_on,risk_on,4.303474074679492e-41,5.308189006816402e-76,1.0,2013-12-02,2000-09-01,2013-11-29,3331.0,risk_on
2013-12-31,risk_on,risk_on,2.150267339397004e-42,4.682528429061658e-75,1.0,2013-12-02,2000-09-01,2013-11-29,3331.0,risk_on
2014-01-02,risk_on,risk_on,2.3953265027763042e-161,1.1657522768341312e-178,1.0,2014-01-02,2000-09-01,2013-12-31,3352.0,risk_on
2014-01-03,risk_on,risk_on,3.6020479999858074e-160,8.87093341967465e-177,1.0,2014-01-02,2000-09-01,2013-12-31,3352.0,risk_on
2014-01-06,risk_on,risk_on,7.038075928738272e-156,3.4110294823542462e-177,1.0,2014-01-02,2000-09-01,2013-12-31,3352.0,risk_on
2014-01-07,risk_on,risk_on,4.5045469721795983e-159,1.7190823014976616e-177,1.0,2014-01-02,2000-09-01,2013-12-31,3352.0,risk_on
2014-01-08,risk_on,risk_on,5.323418322528152e-162,7.503994958982519e-177,1.0,2014-01-02,2000-09-01,2013-12-31,3352.0,risk_on
2014-01-09,risk_on,risk_on,3.211471203448282e-160,9.921507076221178e-176,1.0,2014-01-02,2000-09-01,2013-12-31,3352.0,risk_on
2014-01-10,risk_on,risk_on,8.825123624080204e-159,5.03583758495035e-178,1.0,2014-01-02,2000-09-01,2013-12-31,3352.0,risk_on
2014-01-13,risk_on,risk_on,1.0482986356992165e-150,1.5465867304451757e-174,1.0,2014-01-02,2000-09-01,2013-12-31,3352.0,risk_on
2014-01-14,risk_on,risk_on,5.7009041395264276e-157,6.559334060765008e-178,1.0,2014-01-02,2000-09-01,2013-12-31,3352.0,risk_on
2014-01-15,risk_on,risk_on,8.988192112204236e-165,1.329805163400941e-165,1.0,2014-01-02,2000-09-01,2013-12-31,3352.0,risk_on
2014-01-16,risk_on,risk_on,2.963602983293484e-159,2.0817576605202425e-161,1.0,2014-01-02,2000-09-01,2013-12-31,3352.0,risk_on
2014-01-17,risk_on,risk_on,2.596413527251599e-156,7.360360564520659e-159,1.0,2014-01-02,2000-09-01,2013-12-31,3352.0,risk_on
2014-01-21,risk_on,risk_on,4.637106646289625e-157,1.2227734921269303e-159,1.0,2014-01-02,2000-09-01,2013-12-31,3352.0,risk_on
2014-01-22,risk_on,risk_on,1.639318927440201e-156,7.490021782786023e-160,1.0,2014-01-02,2000-09-01,2013-12-31,3352.0,risk_on
2014-01-23,risk_on,risk_on,2.766046802399647e-154,4.079600526624396e-159,1.0,2014-01-02,2000-09-01,2013-12-31,3352.0,risk_on
2014-01-24,risk_on,risk_on,7.000688609408425e-144,8.259822354752705e-151,1.0,2014-01-02,2000-09-01,2013-12-31,3352.0,risk_on
2014-01-27,risk_on,risk_on,8.035514554249588e-143,3.0839110878287754e-154,1.0,2014-01-02,2000-09-01,2013-12-31,3352.0,risk_on
2014-01-28,risk_on,risk_on,2.021822949705437e-145,1.3013377972565648e-156,1.0,2014-01-02,2000-09-01,2013-12-31,3352.0,risk_on
2014-01-29,risk_on,risk_on,1.1363806965536997e-139,5.337013891773979e-153,1.0,2014-01-02,2000-09-01,2013-12-31,3352.0,risk_on
2014-01-30,risk_on,risk_on,1.4914173511175808e-143,1.614783557877075e-152,1.0,2014-01-02,2000-09-01,2013-12-31,3352.0,risk_on
2014-01-31,risk_on,risk_on,2.417361226651867e-142,3.2315514346354505e-151,1.0,2014-01-02,2000-09-01,2013-12-31,3352.0,risk_on
2014-02-03,risk_on,risk_off,1.0,4.892373364095589e-101,3.281491349660464e-39,2014-02-03,2000-09-01,2014-01-31,3373.0,risk_on
2014-02-04,risk_on,risk_off,1.0,8.235971492786465e-105,2.139195254551206e-41,2014-02-03,2000-09-01,2014-01-31,3373.0,risk_off
2014-02-05,risk_on,risk_off,1.0,1.8729252399527492e-110,1.5290080020587013e-41,2014-02-03,2000-09-01,2014-01-31,3373.0,risk_off
2014-02-06,risk_on,risk_off,1.0,7.777362041184892e-109,8.914165317775863e-43,2014-02-03,2000-09-01,2014-01-31,3373.0,risk_off
2014-02-07,risk_on,risk_off,1.0,2.8512617992483457e-108,2.2598220749427723e-46,2014-02-03,2000-09-01,2014-01-31,3373.0,risk_off
2014-02-10,risk_on,risk_off,1.0,4.22314044605908e-101,2.722249862909345e-46,2014-02-03,2000-09-01,2014-01-31,3373.0,risk_off
2014-02-11,risk_on,risk_off,1.0,3.097280066379229e-98,1.6901450176268055e-45,2014-02-03,2000-09-01,2014-01-31,3373.0,risk_off
2014-02-12,risk_on,risk_off,1.0,2.1072048543612183e-102,4.3213936963181636e-46,2014-02-03,2000-09-01,2014-01-31,3373.0,risk_off
2014-02-13,risk_on,risk_off,1.0,2.001621661703359e-97,9.546473286223678e-46,2014-02-03,2000-09-01,2014-01-31,3373.0,risk_off
2014-02-14,risk_on,risk_off,1.0,7.38531430822205e-104,3.878802982132694e-47,2014-02-03,2000-09-01,2014-01-31,3373.0,risk_off
2014-02-18,risk_on,risk_off,1.0,5.893804910629276e-99,7.4102627132526925e-50,2014-02-03,2000-09-01,2014-01-31,3373.0,risk_off
2014-02-19,risk_on,risk_off,1.0,3.5393712783690895e-103,1.0281928684632147e-47,2014-02-03,2000-09-01,2014-01-31,3373.0,risk_off
2014-02-20,risk_on,risk_off,1.0,3.9748796838872234e-102,6.966213214037875e-49,2014-02-03,2000-09-01,2014-01-31,3373.0,risk_off
2014-02-21,risk_on,risk_off,1.0,3.0140714186921573e-100,2.8356370591179865e-48,2014-02-03,2000-09-01,2014-01-31,3373.0,risk_off
2014-02-24,risk_on,risk_off,1.0,2.0192778493102278e-98,2.598614321505774e-48,2014-02-03,2000-09-01,2014-01-31,3373.0,risk_off
2014-02-25,risk_on,risk_off,1.0,7.70453279997071e-98,6.896024359472896e-47,2014-02-03,2000-09-01,2014-01-31,3373.0,risk_off
2014-02-26,risk_on,risk_off,1.0,2.0323854119783263e-99,3.066131652809333e-46,2014-02-03,2000-09-01,2014-01-31,3373.0,risk_off
2014-02-27,risk_on,risk_off,1.0,4.1864970922016e-95,1.3195183431432303e-45,2014-02-03,2000-09-01,2014-01-31,3373.0,risk_off
2014-02-28,risk_on,risk_off,1.0,1.177020145724865e-96,2.3900882501175132e-45,2014-02-03,2000-09-01,2014-01-31,3373.0,risk_off
2014-03-03,risk_on,risk_on,2.7035921021481528e-42,6.82881627451703e-97,1.0,2014-03-03,2000-09-01,2014-02-28,3392.0,risk_off
2014-03-04,risk_on,risk_on,4.689700396296828e-47,7.803883560162961e-101,1.0,2014-03-03,2000-09-01,2014-02-28,3392.0,risk_on
2014-03-05,risk_on,risk_on,2.4567488153029928e-48,2.441485667191642e-102,1.0,2014-03-03,2000-09-01,2014-02-28,3392.0,risk_on
2014-03-06,risk_on,risk_on,3.936078940811849e-50,2.2377128186096475e-101,1.0,2014-03-03,2000-09-01,2014-02-28,3392.0,risk_on
2014-03-07,risk_on,risk_on,7.673787549130308e-52,3.7293073516012345e-103,1.0,2014-03-03,2000-09-01,2014-02-28,3392.0,risk_on
2014-03-10,risk_on,risk_on,6.293795488384643e-51,1.3135585530134752e-106,1.0,2014-03-03,2000-09-01,2014-02-28,3392.0,risk_on
2014-03-11,risk_on,risk_on,6.858255281638032e-50,6.245620266898545e-106,1.0,2014-03-03,2000-09-01,2014-02-28,3392.0,risk_on
2014-03-12,risk_on,risk_on,3.6326839739350996e-50,3.286849101213967e-104,1.0,2014-03-03,2000-09-01,2014-02-28,3392.0,risk_on
2014-03-13,risk_on,risk_on,1.0952132297384043e-48,7.16942114260712e-101,1.0,2014-03-03,2000-09-01,2014-02-28,3392.0,risk_on
2014-03-14,risk_on,risk_on,8.349580346939281e-46,1.1171306415218837e-100,1.0,2014-03-03,2000-09-01,2014-02-28,3392.0,risk_on
2014-03-17,risk_on,risk_on,2.8835521352514143e-48,2.374676068213171e-103,1.0,2014-03-03,2000-09-01,2014-02-28,3392.0,risk_on
2014-03-18,risk_on,risk_on,2.652459796953965e-51,3.630733409530456e-103,1.0,2014-03-03,2000-09-01,2014-02-28,3392.0,risk_on
2014-03-19,risk_on,risk_on,1.7369485543355025e-51,8.936091365094698e-100,1.0,2014-03-03,2000-09-01,2014-02-28,3392.0,risk_on
2014-03-20,risk_on,risk_on,8.626360796954306e-54,2.710246958515487e-101,1.0,2014-03-03,2000-09-01,2014-02-28,3392.0,risk_on
2014-03-21,risk_on,risk_on,1.8182163273709464e-51,8.146209499642472e-98,1.0,2014-03-03,2000-09-01,2014-02-28,3392.0,risk_on
2014-03-24,risk_on,risk_on,2.612862660040955e-50,1.5020409403543835e-95,1.0,2014-03-03,2000-09-01,2014-02-28,3392.0,risk_on
2014-03-25,risk_on,risk_on,1.5111018896107907e-52,4.0817498178734696e-96,1.0,2014-03-03,2000-09-01,2014-02-28,3392.0,risk_on
2014-03-26,risk_on,risk_on,2.3705417210623777e-50,2.8620754106908275e-96,1.0,2014-03-03,2000-09-01,2014-02-28,3392.0,risk_on
2014-03-27,risk_on,risk_on,5.254127192882852e-49,3.5105681277168555e-95,1.0,2014-03-03,2000-09-01,2014-02-28,3392.0,risk_on
2014-03-28,risk_on,risk_on,3.738116601611544e-50,2.9491805527130795e-97,1.0,2014-03-03,2000-09-01,2014-02-28,3392.0,risk_on
2014-03-31,risk_on,risk_on,1.0614988949642271e-50,1.3024617067788108e-99,1.0,2014-03-03,2000-09-01,2014-02-28,3392.0,risk_on
2014-04-01,risk_on,risk_on,2.249392490916588e-68,7.286029268779235e-96,1.0,2014-04-01,2000-09-01,2014-03-31,3413.0,risk_on
2014-04-02,risk_on,risk_on,5.420231044613914e-69,2.264176304769622e-93,1.0,2014-04-01,2000-09-01,2014-03-31,3413.0,risk_on
2014-04-03,risk_on,risk_on,8.200008920738237e-69,1.7080061836189203e-89,1.0,2014-04-01,2000-09-01,2014-03-31,3413.0,risk_on
2014-04-04,risk_on,risk_on,3.846013842040636e-63,4.696772173952427e-100,1.0,2014-04-01,2000-09-01,2014-03-31,3413.0,risk_on
2014-04-07,risk_on,risk_on,1.8918987436106686e-65,7.934127112935414e-110,1.0,2014-04-01,2000-09-01,2014-03-31,3413.0,risk_on
2014-04-08,risk_on,risk_on,1.5586507842715533e-65,2.7933496948878825e-101,1.0,2014-04-01,2000-09-01,2014-03-31,3413.0,risk_on
2014-04-09,risk_on,risk_on,5.681467738612676e-66,4.242881045038804e-102,1.0,2014-04-01,2000-09-01,2014-03-31,3413.0,risk_on
2014-04-10,risk_on,risk_on,4.098258171649443e-63,1.3410061448973173e-124,1.0,2014-04-01,2000-09-01,2014-03-31,3413.0,risk_on
2014-04-11,risk_on,risk_on,2.438815006413394e-62,1.2204680674951317e-140,1.0,2014-04-01,2000-09-01,2014-03-31,3413.0,risk_on
2014-04-14,risk_on,risk_on,2.2880246707165728e-63,3.9049457456065507e-134,1.0,2014-04-01,2000-09-01,2014-03-31,3413.0,risk_on
2014-04-15,risk_on,risk_on,1.0502097207140185e-58,3.9497708668847156e-138,1.0,2014-04-01,2000-09-01,2014-03-31,3413.0,risk_on
2014-04-16,risk_on,risk_on,1.0194655412693913e-59,3.9544368942250624e-113,1.0,2014-04-01,2000-09-01,2014-03-31,3413.0,risk_on
2014-04-17,risk_on,risk_on,1.944142613378576e-60,1.5773170439937105e-119,1.0,2014-04-01,2000-09-01,2014-03-31,3413.0,risk_on
2014-04-21,risk_on,risk_on,1.3296128030426599e-60,3.2410115166370967e-116,1.0,2014-04-01,2000-09-01,2014-03-31,3413.0,risk_on
2014-04-22,risk_on,risk_on,2.9918093932437527e-59,4.103022539006753e-102,1.0,2014-04-01,2000-09-01,2014-03-31,3413.0,risk_on
2014-04-23,risk_on,risk_on,8.746931881915363e-59,8.118540099263509e-107,1.0,2014-04-01,2000-09-01,2014-03-31,3413.0,risk_on
2014-04-24,risk_on,risk_on,9.819585478292365e-59,3.4467746486081965e-107,1.0,2014-04-01,2000-09-01,2014-03-31,3413.0,risk_on
2014-04-25,risk_on,risk_on,5.909826237941387e-58,7.473236080850235e-108,1.0,2014-04-01,2000-09-01,2014-03-31,3413.0,risk_on
2014-04-28,risk_on,risk_on,1.465017851229306e-57,7.353235688279736e-103,1.0,2014-04-01,2000-09-01,2014-03-31,3413.0,risk_on
2014-04-29,risk_on,risk_on,5.334088320263731e-58,2.9307806472987126e-98,1.0,2014-04-01,2000-09-01,2014-03-31,3413.0,risk_on
2014-04-30,risk_on,risk_on,9.668454024022373e-58,2.0144011798861167e-96,1.0,2014-04-01,2000-09-01,2014-03-31,3413.0,risk_on
2014-05-01,risk_on,risk_on,2.0834319257411378e-60,1.4172018427866277e-202,1.0,2014-05-01,2000-09-01,2014-04-30,3434.0,risk_on
2014-05-02,risk_on,risk_on,1.8910727281691928e-59,3.470472720231294e-200,1.0,2014-05-01,2000-09-01,2014-04-30,3434.0,risk_on
2014-05-05,risk_on,risk_on,1.1293266463382857e-60,9.624142005140259e-201,1.0,2014-05-01,2000-09-01,2014-04-30,3434.0,risk_on
2014-05-06,risk_on,risk_on,4.953953276598657e-59,2.0600405795793357e-202,1.0,2014-05-01,2000-09-01,2014-04-30,3434.0,risk_on
2014-05-07,risk_on,risk_on,1.6177019073103644e-59,2.1086007661231771e-206,1.0,2014-05-01,2000-09-01,2014-04-30,3434.0,risk_on
2014-05-08,risk_on,risk_on,1.5662547885605472e-58,2.321549922938347e-209,1.0,2014-05-01,2000-09-01,2014-04-30,3434.0,risk_on
2014-05-09,risk_on,risk_on,5.498548918827497e-59,5.4828798779951694e-211,1.0,2014-05-01,2000-09-01,2014-04-30,3434.0,risk_on
2014-05-12,risk_on,risk_on,1.2402025996167104e-65,8.427205088768638e-212,1.0,2014-05-01,2000-09-01,2014-04-30,3434.0,risk_on
2014-05-13,risk_on,risk_on,4.4490609109765857e-66,2.8377366322811116e-213,1.0,2014-05-01,2000-09-01,2014-04-30,3434.0,risk_on
2014-05-14,risk_on,risk_on,1.0489097206328181e-63,1.762216002901388e-212,1.0,2014-05-01,2000-09-01,2014-04-30,3434.0,risk_on
2014-05-15,risk_on,risk_on,9.920040586520887e-60,1.239988337030064e-209,1.0,2014-05-01,2000-09-01,2014-04-30,3434.0,risk_on
2014-05-16,risk_on,risk_on,4.453250024599351e-71,1.016002914844492e-169,1.0,2014-05-01,2000-09-01,2014-04-30,3434.0,risk_on
2014-05-19,risk_on,risk_on,9.319474668576597e-74,2.0053895653291585e-171,1.0,2014-05-01,2000-09-01,2014-04-30,3434.0,risk_on
2014-05-20,risk_on,risk_on,4.658695265350944e-73,8.877589551767359e-172,1.0,2014-05-01,2000-09-01,2014-04-30,3434.0,risk_on
2014-05-21,risk_on,risk_on,2.585118330944717e-74,1.6452548526332178e-173,1.0,2014-05-01,2000-09-01,2014-04-30,3434.0,risk_on
2014-05-22,risk_on,risk_on,3.6641008695222907e-76,2.5261462273343466e-174,1.0,2014-05-01,2000-09-01,2014-04-30,3434.0,risk_on
2014-05-23,risk_on,risk_on,1.6946270259474872e-77,5.589016352808076e-175,1.0,2014-05-01,2000-09-01,2014-04-30,3434.0,risk_on
2014-05-27,risk_on,risk_on,4.3385984088324225e-79,7.630723643960259e-172,1.0,2014-05-01,2000-09-01,2014-04-30,3434.0,risk_on
2014-05-28,risk_on,risk_on,1.1305910740583004e-78,3.1143259689690213e-168,1.0,2014-05-01,2000-09-01,2014-04-30,3434.0,risk_on
2014-05-29,risk_on,risk_on,4.690551486820925e-79,8.58045150373845e-169,1.0,2014-05-01,2000-09-01,2014-04-30,3434.0,risk_on
2014-05-30,risk_on,risk_on,5.471955846821868e-79,8.391362890073426e-171,1.0,2014-05-01,2000-09-01,2014-04-30,3434.0,risk_on
2014-06-02,risk_on,risk_on,9.679642420522192e-174,9.647313104458041e-194,1.0,2014-06-02,2000-09-01,2014-05-30,3455.0,risk_on
2014-06-03,risk_on,risk_on,2.2636668908829004e-172,2.9864133430866e-197,1.0,2014-06-02,2000-09-01,2014-05-30,3455.0,risk_on
2014-06-04,risk_on,risk_on,7.846336785620944e-172,2.072683864300094e-198,1.0,2014-06-02,2000-09-01,2014-05-30,3455.0,risk_on
2014-06-05,risk_on,risk_on,2.431895481400666e-174,1.3582759560806628e-198,1.0,2014-06-02,2000-09-01,2014-05-30,3455.0,risk_on
2014-06-06,risk_on,risk_on,8.557008916521382e-178,1.7971535745082026e-200,1.0,2014-06-02,2000-09-01,2014-05-30,3455.0,risk_on
2014-06-09,risk_on,risk_on,1.2190287898940743e-173,2.0413682968491388e-200,1.0,2014-06-02,2000-09-01,2014-05-30,3455.0,risk_on
2014-06-10,risk_on,risk_on,7.68131955082358e-174,2.422408364158806e-200,1.0,2014-06-02,2000-09-01,2014-05-30,3455.0,risk_on
2014-06-11,risk_on,risk_on,2.2598002515715863e-174,1.2634013134285955e-201,1.0,2014-06-02,2000-09-01,2014-05-30,3455.0,risk_on
2014-06-12,risk_on,risk_on,1.6729496874872198e-169,3.690563268533881e-200,1.0,2014-06-02,2000-09-01,2014-05-30,3455.0,risk_on
2014-06-13,risk_on,risk_on,1.6878349993601864e-172,3.859736397763972e-198,1.0,2014-06-02,2000-09-01,2014-05-30,3455.0,risk_on
2014-06-16,risk_on,risk_on,8.526237970752675e-163,3.905553264551089e-209,1.0,2014-06-02,2000-09-01,2014-05-30,3455.0,risk_on
2014-06-17,risk_on,risk_on,1.6025518345100043e-161,5.882012732487506e-210,1.0,2014-06-02,2000-09-01,2014-05-30,3455.0,risk_on
2014-06-18,risk_on,risk_on,1.3090312727584914e-160,3.244020957553289e-213,1.0,2014-06-02,2000-09-01,2014-05-30,3455.0,risk_on
2014-06-19,risk_on,risk_on,9.245940705823942e-161,4.24843355373977e-214,1.0,2014-06-02,2000-09-01,2014-05-30,3455.0,risk_on
2014-06-20,risk_on,risk_on,3.416630685594695e-162,1.6027472386352386e-212,1.0,2014-06-02,2000-09-01,2014-05-30,3455.0,risk_on
2014-06-23,risk_on,risk_on,3.568216468723544e-164,1.9509398356695816e-214,1.0,2014-06-02,2000-09-01,2014-05-30,3455.0,risk_on
2014-06-24,risk_on,risk_on,3.8903809167515356e-163,6.454232913509433e-212,1.0,2014-06-02,2000-09-01,2014-05-30,3455.0,risk_on
2014-06-25,risk_on,risk_on,6.886881089218533e-167,1.634096298870031e-213,1.0,2014-06-02,2000-09-01,2014-05-30,3455.0,risk_on
2014-06-26,risk_on,risk_on,4.152224794107152e-167,5.987149206608845e-215,1.0,2014-06-02,2000-09-01,2014-05-30,3455.0,risk_on
2014-06-27,risk_on,risk_on,1.6671157831078422e-170,1.1433584617039781e-215,1.0,2014-06-02,2000-09-01,2014-05-30,3455.0,risk_on
2014-06-30,risk_on,risk_on,2.8449304171376265e-169,3.062291817145936e-216,1.0,2014-06-02,2000-09-01,2014-05-30,3455.0,risk_on
2014-07-01,risk_on,neutral,0.0,1.0,3.907060744928191e-94,2014-07-01,2000-09-01,2014-06-30,3476.0,risk_on
2014-07-02,risk_on,neutral,0.0,1.0,1.072531490335308e-92,2014-07-01,2000-09-01,2014-06-30,3476.0,neutral
2014-07-03,risk_on,neutral,0.0,1.0,7.036904386430277e-92,2014-07-01,2000-09-01,2014-06-30,3476.0,neutral
2014-07-07,risk_on,neutral,0.0,1.0,1.6613492988622442e-92,2014-07-01,2000-09-01,2014-06-30,3476.0,neutral
2014-07-08,risk_on,neutral,0.0,1.0,1.6891657424782735e-91,2014-07-01,2000-09-01,2014-06-30,3476.0,neutral
2014-07-09,risk_on,neutral,0.0,1.0,3.28647275216354e-92,2014-07-01,2000-09-01,2014-06-30,3476.0,neutral
2014-07-10,risk_on,neutral,0.0,1.0,3.5244915609664386e-94,2014-07-01,2000-09-01,2014-06-30,3476.0,neutral
2014-07-11,risk_on,neutral,0.0,1.0,6.201977179550761e-91,2014-07-01,2000-09-01,2014-06-30,3476.0,neutral
2014-07-14,risk_on,neutral,0.0,1.0,8.794033546302008e-91,2014-07-01,2000-09-01,2014-06-30,3476.0,neutral
2014-07-15,risk_on,neutral,0.0,1.0,9.442855915952369e-91,2014-07-01,2000-09-01,2014-06-30,3476.0,neutral
2014-07-16,risk_on,neutral,0.0,1.0,6.113572153694417e-79,2014-07-01,2000-09-01,2014-06-30,3476.0,neutral
2014-07-17,risk_on,neutral,0.0,1.0,2.4997617941418238e-88,2014-07-01,2000-09-01,2014-06-30,3476.0,neutral
2014-07-18,risk_on,neutral,0.0,1.0,7.312887739824672e-77,2014-07-01,2000-09-01,2014-06-30,3476.0,neutral
2014-07-21,risk_on,neutral,0.0,1.0,1.8575103005133187e-79,2014-07-01,2000-09-01,2014-06-30,3476.0,neutral
2014-07-22,risk_on,neutral,0.0,1.0,1.1336459675001651e-77,2014-07-01,2000-09-01,2014-06-30,3476.0,neutral
2014-07-23,risk_on,neutral,0.0,1.0,1.8254967408355213e-75,2014-07-01,2000-09-01,2014-06-30,3476.0,neutral
2014-07-24,risk_on,neutral,0.0,1.0,1.3364245582392675e-77,2014-07-01,2000-09-01,2014-06-30,3476.0,neutral
2014-07-25,risk_on,neutral,0.0,1.0,2.6459232854470668e-76,2014-07-01,2000-09-01,2014-06-30,3476.0,neutral
2014-07-28,risk_on,neutral,0.0,1.0,1.228257764270429e-75,2014-07-01,2000-09-01,2014-06-30,3476.0,neutral
2014-07-29,risk_on,neutral,0.0,1.0,1.708543407514577e-78,2014-07-01,2000-09-01,2014-06-30,3476.0,neutral
2014-07-30,risk_on,neutral,0.0,1.0,6.179755148508771e-77,2014-07-01,2000-09-01,2014-06-30,3476.0,neutral
2014-07-31,risk_on,neutral,0.0,1.0,3.226436216776118e-88,2014-07-01,2000-09-01,2014-06-30,3476.0,neutral
2014-08-01,risk_on,risk_on,0.0,9.534208104252556e-13,0.9999999999990479,2014-08-01,2000-09-01,2014-07-31,3498.0,neutral
2014-08-04,risk_on,risk_on,0.0,1.493218659815767e-12,0.9999999999985061,2014-08-01,2000-09-01,2014-07-31,3498.0,risk_on
2014-08-05,risk_on,risk_on,0.0,1.4740630661748885e-14,0.9999999999999858,2014-08-01,2000-09-01,2014-07-31,3498.0,risk_on
2014-08-06,risk_on,risk_on,0.0,3.180978596907454e-14,0.999999999999968,2014-08-01,2000-09-01,2014-07-31,3498.0,risk_on
2014-08-07,risk_on,risk_on,0.0,1.4422797860746163e-14,0.9999999999999858,2014-08-01,2000-09-01,2014-07-31,3498.0,risk_on
2014-08-08,risk_on,risk_on,0.0,6.6340287086794205e-15,0.9999999999999929,2014-08-01,2000-09-01,2014-07-31,3498.0,risk_on
2014-08-11,risk_on,risk_on,0.0,1.8461752214299254e-14,0.9999999999999822,2014-08-01,2000-09-01,2014-07-31,3498.0,risk_on
2014-08-12,risk_on,risk_on,0.0,4.12142639126581e-15,0.9999999999999964,2014-08-01,2000-09-01,2014-07-31,3498.0,risk_on
2014-08-13,risk_on,risk_on,0.0,2.70846482423679e-15,0.9999999999999973,2014-08-01,2000-09-01,2014-07-31,3498.0,risk_on
2014-08-14,risk_on,risk_on,0.0,5.40801716804622e-16,1.0,2014-08-01,2000-09-01,2014-07-31,3498.0,risk_on
2014-08-15,risk_on,risk_on,0.0,3.9177427164031706e-16,1.0,2014-08-01,2000-09-01,2014-07-31,3498.0,risk_on
2014-08-18,risk_on,risk_on,0.0,1.4139276571432914e-16,1.0,2014-08-01,2000-09-01,2014-07-31,3498.0,risk_on
2014-08-19,risk_on,risk_on,0.0,5.384108983298861e-16,1.0,2014-08-01,2000-09-01,2014-07-31,3498.0,risk_on
2014-08-20,risk_on,risk_on,0.0,6.841328692107211e-17,1.0,2014-08-01,2000-09-01,2014-07-31,3498.0,risk_on
2014-08-21,risk_on,risk_on,0.0,5.184540827253626e-16,1.0,2014-08-01,2000-09-01,2014-07-31,3498.0,risk_on
2014-08-22,risk_on,risk_on,0.0,1.2496602685218427e-15,0.9999999999999982,2014-08-01,2000-09-01,2014-07-31,3498.0,risk_on
2014-08-25,risk_on,risk_on,0.0,3.889183579942023e-15,0.9999999999999964,2014-08-01,2000-09-01,2014-07-31,3498.0,risk_on
2014-08-26,risk_on,risk_on,0.0,1.3281253798046068e-14,0.9999999999999876,2014-08-01,2000-09-01,2014-07-31,3498.0,risk_on
2014-08-27,risk_on,risk_on,0.0,2.2208620809686877e-14,0.9999999999999787,2014-08-01,2000-09-01,2014-07-31,3498.0,risk_on
2014-08-28,risk_on,risk_on,0.0,2.725981280243753e-15,0.9999999999999982,2014-08-01,2000-09-01,2014-07-31,3498.0,risk_on
2014-08-29,risk_on,risk_on,0.0,2.300791436892553e-16,1.0,2014-08-01,2000-09-01,2014-07-31,3498.0,risk_on
2014-09-02,risk_on,risk_on,2.1755596569398128e-51,3.061368927383815e-89,1.0,2014-09-02,2000-09-01,2014-08-29,3519.0,risk_on
2014-09-03,risk_on,risk_on,2.9180419025895004e-51,4.9226761240917675e-89,1.0,2014-09-02,2000-09-01,2014-08-29,3519.0,risk_on
2014-09-04,risk_on,risk_on,7.972485518755914e-52,1.3695520279161491e-97,1.0,2014-09-02,2000-09-01,2014-08-29,3519.0,risk_on
2014-09-05,risk_on,risk_on,5.639372670826443e-52,8.79081436432629e-99,1.0,2014-09-02,2000-09-01,2014-08-29,3519.0,risk_on
2014-09-08,risk_on,risk_on,4.3983524954573195e-52,3.5079015240042104e-99,1.0,2014-09-02,2000-09-01,2014-08-29,3519.0,risk_on
2014-09-09,risk_on,risk_on,6.096824839986732e-51,6.394407705968382e-109,1.0,2014-09-02,2000-09-01,2014-08-29,3519.0,risk_on
2014-09-10,risk_on,risk_on,3.781913393247142e-51,2.602296309244481e-107,1.0,2014-09-02,2000-09-01,2014-08-29,3519.0,risk_on
2014-09-11,risk_on,risk_on,2.2825445941508605e-52,3.4095571462208144e-105,1.0,2014-09-02,2000-09-01,2014-08-29,3519.0,risk_on
2014-09-12,risk_on,risk_on,7.179563728592686e-52,2.6529384028538966e-118,1.0,2014-09-02,2000-09-01,2014-08-29,3519.0,risk_on
2014-09-15,risk_on,risk_on,2.568437206158485e-54,2.484165897550204e-107,1.0,2014-09-02,2000-09-01,2014-08-29,3519.0,risk_on
2014-09-16,risk_on,risk_on,5.913817771415277e-56,1.1468843191232553e-95,1.0,2014-09-02,2000-09-01,2014-08-29,3519.0,risk_on
2014-09-17,risk_on,risk_on,7.06622688790375e-56,8.947042194023289e-96,1.0,2014-09-02,2000-09-01,2014-08-29,3519.0,risk_on
2014-09-18,risk_on,risk_on,1.2506701094596794e-57,3.1349594220925143e-90,1.0,2014-09-02,2000-09-01,2014-08-29,3519.0,risk_on
2014-09-19,risk_on,risk_on,6.132531733230272e-56,4.429565859512516e-97,1.0,2014-09-02,2000-09-01,2014-08-29,3519.0,risk_on
2014-09-22,risk_on,risk_on,2.1454469418249133e-55,8.744602639407785e-101,1.0,2014-09-02,2000-09-01,2014-08-29,3519.0,risk_on
2014-09-23,risk_on,risk_on,5.320143739396148e-55,2.818964170905783e-101,1.0,2014-09-02,2000-09-01,2014-08-29,3519.0,risk_on
2014-09-24,risk_on,risk_on,1.6468682584349224e-56,5.520308893323355e-99,1.0,2014-09-02,2000-09-01,2014-08-29,3519.0,risk_on
2014-09-25,risk_on,risk_on,2.8222185430574803e-53,2.2112359797349403e-126,1.0,2014-09-02,2000-09-01,2014-08-29,3519.0,risk_on
2014-09-26,risk_on,risk_on,1.4396420245251368e-54,6.736469777364632e-114,1.0,2014-09-02,2000-09-01,2014-08-29,3519.0,risk_on
2014-09-29,risk_on,risk_on,6.734097721321864e-54,1.782928317172831e-122,1.0,2014-09-02,2000-09-01,2014-08-29,3519.0,risk_on
2014-09-30,risk_on,risk_on,5.256204464168167e-53,2.3504836339986996e-143,1.0,2014-09-02,2000-09-01,2014-08-29,3519.0,risk_on
2014-10-01,risk_on,risk_on,0.0,3.6555675726754275e-121,1.0,2014-10-01,2000-09-01,2014-09-30,3540.0,risk_on
2014-10-02,risk_on,risk_on,0.0,1.165290418608773e-121,1.0,2014-10-01,2000-09-01,2014-09-30,3540.0,risk_on
2014-10-03,risk_on,risk_on,0.0,5.926165872019515e-118,1.0,2014-10-01,2000-09-01,2014-09-30,3540.0,risk_on
2014-10-06,risk_on,risk_on,0.0,7.8303801344006805e-118,1.0,2014-10-01,2000-09-01,2014-09-30,3540.0,risk_on
2014-10-07,risk_on,risk_on,0.0,4.1892000083324403e-125,1.0,2014-10-01,2000-09-01,2014-09-30,3540.0,risk_on
2014-10-08,risk_on,risk_on,0.0,2.2254017533218332e-121,1.0,2014-10-01,2000-09-01,2014-09-30,3540.0,risk_on
2014-10-09,risk_on,risk_on,0.0,6.381033390271791e-130,1.0,2014-10-01,2000-09-01,2014-09-30,3540.0,risk_on
2014-10-10,risk_on,risk_on,4.53703766e-315,4.250439854444147e-133,1.0,2014-10-01,2000-09-01,2014-09-30,3540.0,risk_on
2014-10-13,risk_on,risk_on,4.2250784434672645e-304,1.2325231818423217e-140,1.0,2014-10-01,2000-09-01,2014-09-30,3540.0,risk_on
2014-10-14,risk_on,risk_on,1.3035918789440455e-304,1.4773632069261596e-141,1.0,2014-10-01,2000-09-01,2014-09-30,3540.0,risk_on
2014-10-15,risk_on,risk_on,2.0228109082724213e-298,6.2360265919073525e-146,1.0,2014-10-01,2000-09-01,2014-09-30,3540.0,risk_on
2014-10-16,risk_on,risk_on,8.21860067899635e-306,4.37053163158444e-134,1.0,2014-10-01,2000-09-01,2014-09-30,3540.0,risk_on
2014-10-17,risk_on,risk_on,6.4187482e-316,7.599264103039015e-123,1.0,2014-10-01,2000-09-01,2014-09-30,3540.0,risk_on
2014-10-20,risk_on,risk_on,1e-323,2.332620526792353e-118,1.0,2014-10-01,2000-09-01,2014-09-30,3540.0,risk_on
2014-10-21,risk_on,risk_on,0.0,4.382464287614717e-112,1.0,2014-10-01,2000-09-01,2014-09-30,3540.0,risk_on
2014-10-22,risk_on,risk_on,2.4e-322,5.367930863032191e-117,1.0,2014-10-01,2000-09-01,2014-09-30,3540.0,risk_on
2014-10-23,risk_on,risk_on,0.0,7.887127855890341e-111,1.0,2014-10-01,2000-09-01,2014-09-30,3540.0,risk_on
2014-10-24,risk_on,risk_on,0.0,7.994799725453635e-113,1.0,2014-10-01,2000-09-01,2014-09-30,3540.0,risk_on
2014-10-27,risk_on,risk_on,0.0,8.334012236367094e-114,1.0,2014-10-01,2000-09-01,2014-09-30,3540.0,risk_on
2014-10-28,risk_on,risk_on,0.0,8.159664019973107e-107,1.0,2014-10-01,2000-09-01,2014-09-30,3540.0,risk_on
2014-10-29,risk_on,risk_on,0.0,3.891584520492941e-110,1.0,2014-10-01,2000-09-01,2014-09-30,3540.0,risk_on
2014-10-30,risk_on,risk_on,0.0,1.0289425854942631e-110,1.0,2014-10-01,2000-09-01,2014-09-30,3540.0,risk_on
2014-10-31,risk_on,risk_on,0.0,1.0504106436767685e-107,1.0,2014-10-01,2000-09-01,2014-09-30,3540.0,risk_on
2014-11-03,risk_on,neutral,2.3861582140534485e-100,1.0,8.616823785853549e-28,2014-11-03,2000-09-01,2014-10-31,3563.0,risk_on
2014-11-04,risk_on,neutral,6.729068084617188e-105,1.0,2.2039593738810378e-27,2014-11-03,2000-09-01,2014-10-31,3563.0,neutral
2014-11-05,risk_on,neutral,1.7226363735819673e-99,1.0,1.0397639813770613e-27,2014-11-03,2000-09-01,2014-10-31,3563.0,neutral
2014-11-06,risk_on,neutral,4.247740002452535e-99,1.0,2.4132781441846403e-28,2014-11-03,2000-09-01,2014-10-31,3563.0,neutral
2014-11-07,risk_on,neutral,1.1880925668827171e-88,1.0,1.21994348663388e-26,2014-11-03,2000-09-01,2014-10-31,3563.0,neutral
2014-11-10,risk_on,neutral,3.524423109631832e-89,1.0,1.0186030785944149e-27,2014-11-03,2000-09-01,2014-10-31,3563.0,neutral
2014-11-11,risk_on,neutral,1.665745677775905e-86,1.0,3.702535946755352e-27,2014-11-03,2000-09-01,2014-10-31,3563.0,neutral
2014-11-12,risk_on,neutral,1.584525576167638e-81,1.0,1.12950986616909e-26,2014-11-03,2000-09-01,2014-10-31,3563.0,neutral
2014-11-13,risk_on,neutral,1.2376666819881276e-112,1.0,4.854160671632092e-28,2014-11-03,2000-09-01,2014-10-31,3563.0,neutral
2014-11-14,risk_on,neutral,7.575042850398892e-103,1.0,2.0851444493997462e-26,2014-11-03,2000-09-01,2014-10-31,3563.0,neutral
2014-11-17,risk_on,neutral,4.897848898418607e-100,1.0,1.6671799316510207e-27,2014-11-03,2000-09-01,2014-10-31,3563.0,neutral
2014-11-18,risk_on,neutral,5.738570379774403e-97,1.0,3.240582964848382e-28,2014-11-03,2000-09-01,2014-10-31,3563.0,neutral
2014-11-19,risk_on,neutral,1.8026541031268547e-100,1.0,2.4845643689461593e-28,2014-11-03,2000-09-01,2014-10-31,3563.0,neutral
2014-11-20,risk_on,neutral,5.424836417066102e-88,1.0,1.0868735636638285e-26,2014-11-03,2000-09-01,2014-10-31,3563.0,neutral
2014-11-21,risk_on,neutral,4.393324506554731e-90,1.0,2.2625029701230195e-28,2014-11-03,2000-09-01,2014-10-31,3563.0,neutral
2014-11-24,risk_on,neutral,6.694218940951421e-86,1.0,1.8543139815245882e-27,2014-11-03,2000-09-01,2014-10-31,3563.0,neutral
2014-11-25,risk_on,neutral,2.5067100720807934e-89,1.0,3.490022254056244e-28,2014-11-03,2000-09-01,2014-10-31,3563.0,neutral
2014-11-26,risk_on,neutral,1.8513586887396532e-85,1.0,1.263510402812463e-27,2014-11-03,2000-09-01,2014-10-31,3563.0,neutral
2014-11-28,risk_on,neutral,1.8602088166250467e-111,1.0,2.751703397424848e-32,2014-11-03,2000-09-01,2014-10-31,3563.0,neutral
2014-12-01,risk_on,risk_on,2.901016421594523e-47,2.831847136660063e-268,1.0,2014-12-01,2000-09-01,2014-11-28,3582.0,neutral
2014-12-02,risk_on,risk_on,2.611882561410169e-46,2.9071340519839543e-267,1.0,2014-12-01,2000-09-01,2014-11-28,3582.0,risk_on
2014-12-03,risk_on,risk_on,2.5644020177693285e-46,2.8708030738425077e-254,1.0,2014-12-01,2000-09-01,2014-11-28,3582.0,risk_on
2014-12-04,risk_on,risk_on,5.034218452360775e-46,6.225615111986332e-251,1.0,2014-12-01,2000-09-01,2014-11-28,3582.0,risk_on
2014-12-05,risk_on,risk_on,1.2032176780318724e-43,2.259048185666367e-251,1.0,2014-12-01,2000-09-01,2014-11-28,3582.0,risk_on
2014-12-08,risk_on,risk_on,2.8469582874411456e-43,4.5141284216325063e-269,1.0,2014-12-01,2000-09-01,2014-11-28,3582.0,risk_on
2014-12-09,risk_on,risk_on,4.168904281006437e-42,2.486282249303528e-267,1.0,2014-12-01,2000-09-01,2014-11-28,3582.0,risk_on
2014-12-10,risk_on,risk_on,2.3362358939788806e-39,1.7278971189566768e-307,1.0,2014-12-01,2000-09-01,2014-11-28,3582.0,risk_on
2014-12-11,risk_on,risk_on,2.3834919282805777e-40,9.213994455607e-312,1.0,2014-12-01,2000-09-01,2014-11-28,3582.0,risk_on
2014-12-12,risk_on,risk_on,9.043016653777005e-38,0.0,1.0,2014-12-01,2000-09-01,2014-11-28,3582.0,risk_on
2014-12-15,risk_on,risk_on,3.037131579749058e-36,0.0,1.0,2014-12-01,2000-09-01,2014-11-28,3582.0,risk_on
2014-12-16,risk_on,risk_on,7.6705204132645e-30,0.0,1.0,2014-12-01,2000-09-01,2014-11-28,3582.0,risk_on
2014-12-17,risk_on,risk_on,5.952863116081452e-39,0.0,1.0,2014-12-01,2000-09-01,2014-11-28,3582.0,risk_on
2014-12-18,risk_on,risk_on,2.1340300492008885e-40,2.19943385e-315,1.0,2014-12-01,2000-09-01,2014-11-28,3582.0,risk_on
2014-12-19,risk_on,risk_on,1.1436425875547657e-43,6.02026433050897e-290,1.0,2014-12-01,2000-09-01,2014-11-28,3582.0,risk_on
2014-12-22,risk_on,risk_on,2.2852041534906143e-41,2.3766973955700347e-288,1.0,2014-12-01,2000-09-01,2014-11-28,3582.0,risk_on
2014-12-23,risk_on,risk_on,4.269111617442153e-42,1.8302897749732266e-292,1.0,2014-12-01,2000-09-01,2014-11-28,3582.0,risk_on
2014-12-24,risk_on,risk_on,1.215195911257297e-41,5.1997965437125244e-287,1.0,2014-12-01,2000-09-01,2014-11-28,3582.0,risk_on
2014-12-26,risk_on,risk_on,1.883380876317738e-40,1.9914685924413474e-274,1.0,2014-12-01,2000-09-01,2014-11-28,3582.0,risk_on
2014-12-29,risk_on,risk_on,1.8967108492253144e-40,1.9096997403005556e-277,1.0,2014-12-01,2000-09-01,2014-11-28,3582.0,risk_on
2014-12-30,risk_on,risk_on,7.461264457466116e-43,2.097965123097861e-264,1.0,2014-12-01,2000-09-01,2014-11-28,3582.0,risk_on
2014-12-31,risk_on,risk_on,4.9494945780153767e-42,7.242106537706731e-292,1.0,2014-12-01,2000-09-01,2014-11-28,3582.0,risk_on
2015-01-02,risk_on,risk_on,0.0,6.780686766651361e-106,1.0,2015-01-02,2000-09-01,2014-12-31,3604.0,risk_on
2015-01-05,risk_on,risk_on,0.0,1.3838672696899552e-119,1.0,2015-01-02,2000-09-01,2014-12-31,3604.0,risk_on
2015-01-06,risk_on,risk_on,0.0,2.60918887132595e-127,1.0,2015-01-02,2000-09-01,2014-12-31,3604.0,risk_on
2015-01-07,risk_on,risk_on,0.0,1.0288246736192754e-118,1.0,2015-01-02,2000-09-01,2014-12-31,3604.0,risk_on
2015-01-08,risk_on,risk_on,0.0,2.0657213401181502e-106,1.0,2015-01-02,2000-09-01,2014-12-31,3604.0,risk_on
2015-01-09,risk_on,risk_on,0.0,1.5630527243914718e-105,1.0,2015-01-02,2000-09-01,2014-12-31,3604.0,risk_on
2015-01-12,risk_on,risk_on,0.0,9.840266413074064e-113,1.0,2015-01-02,2000-09-01,2014-12-31,3604.0,risk_on
2015-01-13,risk_on,risk_on,0.0,1.4751861137131885e-111,1.0,2015-01-02,2000-09-01,2014-12-31,3604.0,risk_on
2015-01-14,risk_on,risk_on,0.0,6.079149669019238e-114,1.0,2015-01-02,2000-09-01,2014-12-31,3604.0,risk_on
2015-01-15,risk_on,risk_on,0.0,3.422317105465777e-114,1.0,2015-01-02,2000-09-01,2014-12-31,3604.0,risk_on
2015-01-16,risk_on,risk_on,0.0,2.0162356936350106e-103,1.0,2015-01-02,2000-09-01,2014-12-31,3604.0,risk_on
2015-01-20,risk_on,risk_on,0.0,1.2927309021759588e-103,1.0,2015-01-02,2000-09-01,2014-12-31,3604.0,risk_on
2015-01-21,risk_on,risk_on,0.0,2.7536503280821844e-96,1.0,2015-01-02,2000-09-01,2014-12-31,3604.0,risk_on
2015-01-22,risk_on,risk_on,0.0,2.1266483526511098e-93,1.0,2015-01-02,2000-09-01,2014-12-31,3604.0,risk_on
2015-01-23,risk_on,risk_on,0.0,1.139060436012632e-91,1.0,2015-01-02,2000-09-01,2014-12-31,3604.0,risk_on
2015-01-26,risk_on,risk_on,0.0,1.7617946371492783e-92,1.0,2015-01-02,2000-09-01,2014-12-31,3604.0,risk_on
2015-01-27,risk_on,risk_on,0.0,6.629510751907648e-97,1.0,2015-01-02,2000-09-01,2014-12-31,3604.0,risk_on
2015-01-28,risk_on,risk_on,0.0,1.0244609377283535e-105,1.0,2015-01-02,2000-09-01,2014-12-31,3604.0,risk_on
2015-01-29,risk_on,risk_on,0.0,8.431682840278909e-100,1.0,2015-01-02,2000-09-01,2014-12-31,3604.0,risk_on
2015-01-30,risk_on,risk_on,0.0,7.922152306095479e-102,1.0,2015-01-02,2000-09-01,2014-12-31,3604.0,risk_on
2015-02-02,risk_on,neutral,8.688436613829644e-64,1.0,0.0,2015-02-02,2000-09-01,2015-01-30,3624.0,risk_on
2015-02-03,risk_on,neutral,7.163882643137467e-60,1.0,0.0,2015-02-02,2000-09-01,2015-01-30,3624.0,neutral
2015-02-04,risk_on,neutral,3.68254006362746e-61,1.0,0.0,2015-02-02,2000-09-01,2015-01-30,3624.0,neutral
2015-02-05,risk_on,neutral,3.566469775603142e-62,1.0,0.0,2015-02-02,2000-09-01,2015-01-30,3624.0,neutral
2015-02-06,risk_on,neutral,3.83593639887223e-61,1.0,0.0,2015-02-02,2000-09-01,2015-01-30,3624.0,neutral
2015-02-09,risk_on,neutral,1.5211382213505257e-60,1.0,0.0,2015-02-02,2000-09-01,2015-01-30,3624.0,neutral
2015-02-10,risk_on,neutral,1.196332045417228e-59,1.0,0.0,2015-02-02,2000-09-01,2015-01-30,3624.0,neutral
2015-02-11,risk_on,neutral,9.303100955717806e-60,1.0,0.0,2015-02-02,2000-09-01,2015-01-30,3624.0,neutral
2015-02-12,risk_on,neutral,1.1370444123889437e-61,1.0,0.0,2015-02-02,2000-09-01,2015-01-30,3624.0,neutral
2015-02-13,risk_on,neutral,8.158569193071404e-59,1.0,0.0,2015-02-02,2000-09-01,2015-01-30,3624.0,neutral
2015-02-17,risk_on,neutral,3.058585010388826e-65,1.0,0.0,2015-02-02,2000-09-01,2015-01-30,3624.0,neutral
2015-02-18,risk_on,neutral,2.7359803815286806e-64,1.0,0.0,2015-02-02,2000-09-01,2015-01-30,3624.0,neutral
2015-02-19,risk_on,neutral,5.101070006720559e-64,1.0,0.0,2015-02-02,2000-09-01,2015-01-30,3624.0,neutral
2015-02-20,risk_on,neutral,4.434101679991041e-63,1.0,0.0,2015-02-02,2000-09-01,2015-01-30,3624.0,neutral
2015-02-23,risk_on,neutral,5.015252614240259e-63,1.0,0.0,2015-02-02,2000-09-01,2015-01-30,3624.0,neutral
2015-02-24,risk_on,neutral,2.161289625619104e-62,1.0,0.0,2015-02-02,2000-09-01,2015-01-30,3624.0,neutral
2015-02-25,risk_on,neutral,2.494272209717695e-61,1.0,0.0,2015-02-02,2000-09-01,2015-01-30,3624.0,neutral
2015-02-26,risk_on,neutral,1.6282498904362703e-57,1.0,0.0,2015-02-02,2000-09-01,2015-01-30,3624.0,neutral
2015-02-27,risk_on,neutral,5.69483863574246e-62,1.0,0.0,2015-02-02,2000-09-01,2015-01-30,3624.0,neutral
2015-03-02,risk_on,risk_on,0.0,2.97793356533224e-107,1.0,2015-03-02,2000-09-01,2015-02-27,3643.0,neutral
2015-03-03,risk_on,risk_on,0.0,5.612663792809311e-110,1.0,2015-03-02,2000-09-01,2015-02-27,3643.0,risk_on
2015-03-04,risk_on,risk_on,0.0,1.9134695326829205e-111,1.0,2015-03-02,2000-09-01,2015-02-27,3643.0,risk_on
2015-03-05,risk_on,risk_on,0.0,2.272547910549471e-113,1.0,2015-03-02,2000-09-01,2015-02-27,3643.0,risk_on
2015-03-06,risk_on,risk_on,0.0,6.585714632592794e-112,1.0,2015-03-02,2000-09-01,2015-02-27,3643.0,risk_on
2015-03-09,risk_on,risk_on,0.0,3.1992058422270523e-114,1.0,2015-03-02,2000-09-01,2015-02-27,3643.0,risk_on
2015-03-10,risk_on,risk_on,0.0,6.118715526247394e-113,1.0,2015-03-02,2000-09-01,2015-02-27,3643.0,risk_on
2015-03-11,risk_on,risk_on,0.0,6.14088492074652e-112,1.0,2015-03-02,2000-09-01,2015-02-27,3643.0,risk_on
2015-03-12,risk_on,risk_on,0.0,1.9261855896909124e-112,1.0,2015-03-02,2000-09-01,2015-02-27,3643.0,risk_on
2015-03-13,risk_on,risk_on,0.0,1.1187795830581388e-110,1.0,2015-03-02,2000-09-01,2015-02-27,3643.0,risk_on
2015-03-16,risk_on,risk_on,0.0,1.1352084702494924e-115,1.0,2015-03-02,2000-09-01,2015-02-27,3643.0,risk_on
2015-03-17,risk_on,risk_on,0.0,1.61963463121782e-115,1.0,2015-03-02,2000-09-01,2015-02-27,3643.0,risk_on
2015-03-18,risk_on,risk_on,0.0,7.261348602021724e-110,1.0,2015-03-02,2000-09-01,2015-02-27,3643.0,risk_on
2015-03-19,risk_on,risk_on,0.0,9.155448591608352e-109,1.0,2015-03-02,2000-09-01,2015-02-27,3643.0,risk_on
2015-03-20,risk_on,risk_on,0.0,7.409024364630302e-110,1.0,2015-03-02,2000-09-01,2015-02-27,3643.0,risk_on
2015-03-23,risk_on,risk_on,0.0,9.061059344952176e-114,1.0,2015-03-02,2000-09-01,2015-02-27,3643.0,risk_on
2015-03-24,risk_on,risk_on,0.0,2.8818330069892566e-112,1.0,2015-03-02,2000-09-01,2015-02-27,3643.0,risk_on
2015-03-25,risk_on,risk_on,0.0,2.4410805312512045e-109,1.0,2015-03-02,2000-09-01,2015-02-27,3643.0,risk_on
2015-03-26,risk_on,risk_on,0.0,1.021061388233695e-110,1.0,2015-03-02,2000-09-01,2015-02-27,3643.0,risk_on
2015-03-27,risk_on,risk_on,0.0,1.662345652182868e-112,1.0,2015-03-02,2000-09-01,2015-02-27,3643.0,risk_on
2015-03-30,risk_on,risk_on,0.0,5.146778141308709e-113,1.0,2015-03-02,2000-09-01,2015-02-27,3643.0,risk_on
2015-03-31,risk_on,risk_on,0.0,2.57527950407731e-114,1.0,2015-03-02,2000-09-01,2015-02-27,3643.0,risk_on
2015-04-01,risk_on,risk_on,0.0,1.0063554060969238e-108,1.0,2015-04-01,2000-09-01,2015-03-31,3665.0,risk_on
2015-04-02,risk_on,risk_on,0.0,4.015720496456872e-113,1.0,2015-04-01,2000-09-01,2015-03-31,3665.0,risk_on
2015-04-06,risk_on,risk_on,0.0,1.8157614584149736e-110,1.0,2015-04-01,2000-09-01,2015-03-31,3665.0,risk_on
2015-04-07,risk_on,risk_on,0.0,3.043880550781957e-111,1.0,2015-04-01,2000-09-01,2015-03-31,3665.0,risk_on
2015-04-08,risk_on,risk_on,0.0,1.9250321440896645e-103,1.0,2015-04-01,2000-09-01,2015-03-31,3665.0,risk_on
2015-04-09,risk_on,risk_on,0.0,2.7401571506725987e-104,1.0,2015-04-01,2000-09-01,2015-03-31,3665.0,risk_on
2015-04-10,risk_on,risk_on,0.0,9.673217811662603e-106,1.0,2015-04-01,2000-09-01,2015-03-31,3665.0,risk_on
2015-04-13,risk_on,risk_on,0.0,3.4377349619914157e-109,1.0,2015-04-01,2000-09-01,2015-03-31,3665.0,risk_on
2015-04-14,risk_on,risk_on,0.0,1.956744361374071e-109,1.0,2015-04-01,2000-09-01,2015-03-31,3665.0,risk_on
2015-04-15,risk_on,risk_on,0.0,2.074326885936113e-108,1.0,2015-04-01,2000-09-01,2015-03-31,3665.0,risk_on
2015-04-16,risk_on,risk_on,0.0,4.1346807655839516e-110,1.0,2015-04-01,2000-09-01,2015-03-31,3665.0,risk_on
2015-04-17,risk_on,risk_on,0.0,1.1776555650601922e-109,1.0,2015-04-01,2000-09-01,2015-03-31,3665.0,risk_on
2015-04-20,risk_on,risk_on,0.0,7.013026032826976e-114,1.0,2015-04-01,2000-09-01,2015-03-31,3665.0,risk_on
2015-04-21,risk_on,risk_on,0.0,1.2245516524353774e-110,1.0,2015-04-01,2000-09-01,2015-03-31,3665.0,risk_on
2015-04-22,risk_on,risk_on,0.0,3.936699278698835e-109,1.0,2015-04-01,2000-09-01,2015-03-31,3665.0,risk_on
2015-04-23,risk_on,risk_on,0.0,5.786066886473887e-108,1.0,2015-04-01,2000-09-01,2015-03-31,3665.0,risk_on
2015-04-24,risk_on,risk_on,0.0,3.858696502839592e-104,1.0,2015-04-01,2000-09-01,2015-03-31,3665.0,risk_on
2015-04-27,risk_on,risk_on,0.0,1.3885305140075374e-104,1.0,2015-04-01,2000-09-01,2015-03-31,3665.0,risk_on
2015-04-28,risk_on,risk_on,0.0,3.864059733877356e-105,1.0,2015-04-01,2000-09-01,2015-03-31,3665.0,risk_on
2015-04-29,risk_on,risk_on,0.0,6.1172573210334075e-108,1.0,2015-04-01,2000-09-01,2015-03-31,3665.0,risk_on
2015-04-30,risk_on,risk_on,0.0,3.673955025162774e-113,1.0,2015-04-01,2000-09-01,2015-03-31,3665.0,risk_on
2015-05-01,risk_on,risk_on,0.0,3.239038161080376e-185,1.0,2015-05-01,2000-09-01,2015-04-30,3686.0,risk_on
2015-05-04,risk_on,risk_on,0.0,4.650363440433137e-191,1.0,2015-05-01,2000-09-01,2015-04-30,3686.0,risk_on
2015-05-05,risk_on,risk_on,0.0,2.8116653926870122e-198,1.0,2015-05-01,2000-09-01,2015-04-30,3686.0,risk_on
2015-05-06,risk_on,risk_on,0.0,1.841681411610863e-206,1.0,2015-05-01,2000-09-01,2015-04-30,3686.0,risk_on
2015-05-07,risk_on,risk_on,0.0,6.73151849598188e-204,1.0,2015-05-01,2000-09-01,2015-04-30,3686.0,risk_on
2015-05-08,risk_on,risk_on,0.0,1.2872563657225989e-192,1.0,2015-05-01,2000-09-01,2015-04-30,3686.0,risk_on
2015-05-11,risk_on,risk_on,0.0,3.7580894274335973e-200,1.0,2015-05-01,2000-09-01,2015-04-30,3686.0,risk_on
2015-05-12,risk_on,risk_on,0.0,4.8583117225500994e-210,1.0,2015-05-01,2000-09-01,2015-04-30,3686.0,risk_on
2015-05-13,risk_on,risk_on,0.0,2.491300736590114e-208,1.0,2015-05-01,2000-09-01,2015-04-30,3686.0,risk_on
2015-05-14,risk_on,risk_on,0.0,8.549478890790951e-194,1.0,2015-05-01,2000-09-01,2015-04-30,3686.0,risk_on
2015-05-15,risk_on,risk_on,0.0,1.1580617641873288e-186,1.0,2015-05-01,2000-09-01,2015-04-30,3686.0,risk_on
2015-05-18,risk_on,risk_on,0.0,4.763633182454455e-200,1.0,2015-05-01,2000-09-01,2015-04-30,3686.0,risk_on
2015-05-19,risk_on,risk_on,0.0,8.390024891482335e-195,1.0,2015-05-01,2000-09-01,2015-04-30,3686.0,risk_on
2015-05-20,risk_on,risk_on,0.0,3.502623791269771e-210,1.0,2015-05-01,2000-09-01,2015-04-30,3686.0,risk_on
2015-05-21,risk_on,risk_on,0.0,2.885089860180714e-205,1.0,2015-05-01,2000-09-01,2015-04-30,3686.0,risk_on
2015-05-22,risk_on,risk_on,0.0,1.1364141507287981e-200,1.0,2015-05-01,2000-09-01,2015-04-30,3686.0,risk_on
2015-05-26,risk_on,risk_on,0.0,5.955859802695912e-202,1.0,2015-05-01,2000-09-01,2015-04-30,3686.0,risk_on
2015-05-27,risk_on,risk_on,0.0,3.725958091097344e-195,1.0,2015-05-01,2000-09-01,2015-04-30,3686.0,risk_on
2015-05-28,risk_on,risk_on,0.0,9.370686830684457e-198,1.0,2015-05-01,2000-09-01,2015-04-30,3686.0,risk_on
2015-05-29,risk_on,risk_on,0.0,1.5338868193342298e-202,1.0,2015-05-01,2000-09-01,2015-04-30,3686.0,risk_on
2015-06-01,risk_on,risk_off,1.0,1.674461054734872e-140,1.2201329160145637e-18,2015-06-01,2000-09-01,2015-05-29,3706.0,risk_on
2015-06-02,risk_on,risk_off,1.0,5.840819366921424e-147,6.913763721617397e-20,2015-06-01,2000-09-01,2015-05-29,3706.0,risk_off
2015-06-03,risk_on,risk_off,1.0,4.627361916003334e-146,8.177332729756654e-20,2015-06-01,2000-09-01,2015-05-29,3706.0,risk_off
2015-06-04,risk_on,risk_off,1.0,1.6219789716970458e-151,3.457955818369505e-21,2015-06-01,2000-09-01,2015-05-29,3706.0,risk_off
2015-06-05,risk_on,risk_off,1.0,7.189758953406974e-149,1.8197939210580588e-19,2015-06-01,2000-09-01,2015-05-29,3706.0,risk_off
2015-06-08,risk_on,risk_off,1.0,4.046137470323366e-154,1.8271530375872186e-20,2015-06-01,2000-09-01,2015-05-29,3706.0,risk_off
2015-06-09,risk_on,risk_off,1.0,3.572859162063845e-150,1.497767202977738e-19,2015-06-01,2000-09-01,2015-05-29,3706.0,risk_off
2015-06-10,risk_on,risk_off,1.0,1.1954690246376292e-148,7.253265021488779e-21,2015-06-01,2000-09-01,2015-05-29,3706.0,risk_off
2015-06-11,risk_on,risk_off,1.0,2.6691749930423564e-144,5.483354072356082e-20,2015-06-01,2000-09-01,2015-05-29,3706.0,risk_off
2015-06-12,risk_on,risk_off,1.0,2.370779073747326e-146,2.5239303745202124e-19,2015-06-01,2000-09-01,2015-05-29,3706.0,risk_off
2015-06-15,risk_on,risk_off,0.9999999999999964,9.443034733895689e-159,2.2872014630155197e-15,2015-06-01,2000-09-01,2015-05-29,3706.0,risk_off
2015-06-16,risk_on,risk_off,0.9999999999999964,1.10396669056701e-155,2.321839609806595e-15,2015-06-01,2000-09-01,2015-05-29,3706.0,risk_off
2015-06-17,risk_on,risk_off,1.0,6.725870179883033e-159,5.740468930453211e-18,2015-06-01,2000-09-01,2015-05-29,3706.0,risk_off
2015-06-18,risk_on,risk_off,1.0,3.2342659331109587e-156,1.120147547560804e-19,2015-06-01,2000-09-01,2015-05-29,3706.0,risk_off
2015-06-19,risk_on,risk_off,1.0,9.66672471593084e-156,4.559011766272756e-18,2015-06-01,2000-09-01,2015-05-29,3706.0,risk_off
2015-06-22,risk_on,risk_off,1.0,1.7102319949269545e-152,2.0085501140844746e-17,2015-06-01,2000-09-01,2015-05-29,3706.0,risk_off
2015-06-23,risk_on,risk_off,1.0,3.6638494094593696e-154,1.902332464768007e-19,2015-06-01,2000-09-01,2015-05-29,3706.0,risk_off
2015-06-24,risk_on,risk_off,1.0,5.448029535452293e-158,5.501873065274143e-18,2015-06-01,2000-09-01,2015-05-29,3706.0,risk_off
2015-06-25,risk_on,risk_off,1.0,1.2441601545517076e-159,2.1957291452389486e-16,2015-06-01,2000-09-01,2015-05-29,3706.0,risk_off
2015-06-26,risk_on,risk_off,1.0,1.488308013848457e-159,1.061166193098446e-16,2015-06-01,2000-09-01,2015-05-29,3706.0,risk_off
2015-06-29,risk_on,risk_off,1.0,2.778347614079003e-170,1.7408378641531332e-16,2015-06-01,2000-09-01,2015-05-29,3706.0,risk_off
2015-06-30,risk_on,risk_off,1.0,2.630967054025654e-168,1.051962492276165e-16,2015-06-01,2000-09-01,2015-05-29,3706.0,risk_off
2015-07-01,risk_on,risk_off,0.9999999999997264,8.839008423581801e-265,2.731718975628049e-13,2015-07-01,2000-09-01,2015-06-30,3728.0,risk_off
2015-07-02,risk_on,risk_off,0.9999999999996678,8.973213286358229e-267,3.329705022620389e-13,2015-07-01,2000-09-01,2015-06-30,3728.0,risk_off
2015-07-06,risk_on,risk_off,0.9999999999999947,9.950979126007281e-263,5.270847421128114e-15,2015-07-01,2000-09-01,2015-06-30,3728.0,risk_off
2015-07-07,risk_on,risk_off,1.0,2.1234424716714078e-256,3.0872133754772813e-16,2015-07-01,2000-09-01,2015-06-30,3728.0,risk_off
2015-07-08,risk_on,risk_off,1.0,1.4395997109956828e-281,1.0726167971550564e-15,2015-07-01,2000-09-01,2015-06-30,3728.0,risk_off
2015-07-09,risk_on,risk_off,0.9999999999999964,1.7753715019652905e-288,2.6322336612457836e-15,2015-07-01,2000-09-01,2015-06-30,3728.0,risk_off
2015-07-10,risk_on,risk_off,0.9999999999999964,3.619938633222942e-272,2.0947709815920615e-15,2015-07-01,2000-09-01,2015-06-30,3728.0,risk_off
2015-07-13,risk_on,risk_off,1.0,6.874105973944474e-250,1.4156738118592464e-15,2015-07-01,2000-09-01,2015-06-30,3728.0,risk_off
2015-07-14,risk_on,risk_off,0.9999999999999964,3.512163213037589e-243,3.694532056518547e-15,2015-07-01,2000-09-01,2015-06-30,3728.0,risk_off
2015-07-15,risk_on,risk_off,1.0,2.2284882623274774e-233,8.425557364105153e-16,2015-07-01,2000-09-01,2015-06-30,3728.0,risk_off
2015-07-16,risk_on,risk_off,1.0,1.9937110393019825e-221,3.5400352134137607e-17,2015-07-01,2000-09-01,2015-06-30,3728.0,risk_off
2015-07-17,risk_on,risk_off,1.0,3.308600426091753e-220,3.2030954255123947e-18,2015-07-01,2000-09-01,2015-06-30,3728.0,risk_off
2015-07-20,risk_on,risk_off,1.0,3.348606949847383e-223,4.450775936558346e-19,2015-07-01,2000-09-01,2015-06-30,3728.0,risk_off
2015-07-21,risk_on,risk_off,1.0,4.422351060966157e-221,4.80249278417348e-19,2015-07-01,2000-09-01,2015-06-30,3728.0,risk_off
2015-07-22,risk_on,risk_off,1.0,1.3726909242569213e-225,4.350420866756164e-21,2015-07-01,2000-09-01,2015-06-30,3728.0,risk_off
2015-07-23,risk_on,risk_off,1.0,7.151660560577871e-235,9.240011049917088e-22,2015-07-01,2000-09-01,2015-06-30,3728.0,risk_off
2015-07-24,risk_on,risk_off,1.0,2.0005789039119525e-247,7.794877014246276e-23,2015-07-01,2000-09-01,2015-06-30,3728.0,risk_off
2015-07-27,risk_on,risk_off,1.0,8.65382482760162e-260,2.8709875513656266e-23,2015-07-01,2000-09-01,2015-06-30,3728.0,risk_off
2015-07-28,risk_on,risk_off,1.0,5.523064513544292e-245,1.160536855537445e-23,2015-07-01,2000-09-01,2015-06-30,3728.0,risk_off
2015-07-29,risk_on,risk_off,1.0,3.7412068405739327e-231,6.114211568081453e-23,2015-07-01,2000-09-01,2015-06-30,3728.0,risk_off
2015-07-30,risk_on,risk_off,1.0,1.596910835378558e-222,2.587908518426437e-22,2015-07-01,2000-09-01,2015-06-30,3728.0,risk_off
2015-07-31,risk_on,risk_off,1.0,3.0243443196295215e-221,4.912687017248942e-24,2015-07-01,2000-09-01,2015-06-30,3728.0,risk_off
2015-08-03,risk_on,neutral,0.0,1.0,3.9061079577222376e-17,2015-08-03,2000-09-01,2015-07-31,3750.0,risk_off
2015-08-04,risk_on,neutral,0.0,0.9999999999999991,9.682825205364007e-16,2015-08-03,2000-09-01,2015-07-31,3750.0,neutral
2015-08-05,risk_on,neutral,0.0,0.9999999999999991,1.2963538241146338e-15,2015-08-03,2000-09-01,2015-07-31,3750.0,neutral
2015-08-06,risk_on,neutral,0.0,1.0,1.9916233240074697e-16,2015-08-03,2000-09-01,2015-07-31,3750.0,neutral
2015-08-07,risk_on,neutral,0.0,1.0,1.4037349580755896e-17,2015-08-03,2000-09-01,2015-07-31,3750.0,neutral
2015-08-10,risk_on,neutral,0.0,1.0,4.506383900383094e-17,2015-08-03,2000-09-01,2015-07-31,3750.0,neutral
2015-08-11,risk_on,neutral,0.0,1.0,4.944168006849474e-18,2015-08-03,2000-09-01,2015-07-31,3750.0,neutral
2015-08-12,risk_on,neutral,0.0,1.0,2.04989590340627e-18,2015-08-03,2000-09-01,2015-07-31,3750.0,neutral
2015-08-13,risk_on,neutral,0.0,1.0,5.043747536486115e-18,2015-08-03,2000-09-01,2015-07-31,3750.0,neutral
2015-08-14,risk_on,neutral,0.0,1.0,2.1378878249971413e-18,2015-08-03,2000-09-01,2015-07-31,3750.0,neutral
2015-08-17,risk_on,neutral,0.0,1.0,3.0000261662895753e-18,2015-08-03,2000-09-01,2015-07-31,3750.0,neutral
2015-08-18,risk_on,neutral,0.0,1.0,5.952652299150546e-18,2015-08-03,2000-09-01,2015-07-31,3750.0,neutral
2015-08-19,risk_on,neutral,0.0,1.0,2.1211989341997532e-20,2015-08-03,2000-09-01,2015-07-31,3750.0,neutral
2015-08-20,risk_on,neutral,0.0,1.0,6.978446499195487e-21,2015-08-03,2000-09-01,2015-07-31,3750.0,neutral
2015-08-21,risk_on,neutral,0.0,1.0,8.127337365699532e-24,2015-08-03,2000-09-01,2015-07-31,3750.0,neutral
2015-08-24,risk_off,neutral,0.0,1.0,8.833391341360735e-27,2015-08-03,2000-09-01,2015-07-31,3750.0,neutral
2015-08-25,risk_on,neutral,0.0,1.0,7.208208454873767e-24,2015-08-03,2000-09-01,2015-07-31,3750.0,neutral
2015-08-26,risk_on,neutral,0.0,1.0,3.818286048727133e-22,2015-08-03,2000-09-01,2015-07-31,3750.0,neutral
2015-08-27,risk_on,neutral,0.0,1.0,1.0443400919776477e-20,2015-08-03,2000-09-01,2015-07-31,3750.0,neutral
2015-08-28,risk_on,neutral,0.0,1.0,3.8688776209118645e-20,2015-08-03,2000-09-01,2015-07-31,3750.0,neutral
2015-08-31,risk_on,neutral,0.0,1.0,6.994097696423357e-19,2015-08-03,2000-09-01,2015-07-31,3750.0,neutral
2015-09-01,risk_on,risk_on,0.0,2.1855041261033783e-230,1.0,2015-09-01,2000-09-01,2015-08-31,3771.0,neutral
2015-09-02,risk_on,risk_on,0.0,2.6995640068709544e-225,1.0,2015-09-01,2000-09-01,2015-08-31,3771.0,risk_on
2015-09-03,risk_on,risk_on,0.0,2.9128205103421865e-221,1.0,2015-09-01,2000-09-01,2015-08-31,3771.0,risk_on
2015-09-04,risk_on,risk_on,0.0,7.2172892530134e-221,1.0,2015-09-01,2000-09-01,2015-08-31,3771.0,risk_on
2015-09-08,risk_on,risk_on,0.0,1.702213205203073e-215,1.0,2015-09-01,2000-09-01,2015-08-31,3771.0,risk_on
2015-09-09,risk_on,risk_on,0.0,5.866936629188784e-207,1.0,2015-09-01,2000-09-01,2015-08-31,3771.0,risk_on
2015-09-10,risk_on,risk_on,0.0,8.566030723221281e-215,1.0,2015-09-01,2000-09-01,2015-08-31,3771.0,risk_on
2015-09-11,risk_on,risk_on,0.0,3.677176166247057e-207,1.0,2015-09-01,2000-09-01,2015-08-31,3771.0,risk_on
2015-09-14,risk_on,risk_on,0.0,4.389303040172829e-202,1.0,2015-09-01,2000-09-01,2015-08-31,3771.0,risk_on
2015-09-15,risk_on,risk_on,0.0,1.0211710208207496e-197,1.0,2015-09-01,2000-09-01,2015-08-31,3771.0,risk_on
2015-09-16,risk_on,risk_on,0.0,3.4352501447704006e-205,1.0,2015-09-01,2000-09-01,2015-08-31,3771.0,risk_on
2015-09-17,risk_on,risk_on,0.0,6.896774122213096e-212,1.0,2015-09-01,2000-09-01,2015-08-31,3771.0,risk_on
2015-09-18,risk_on,risk_on,0.0,7.285189534883249e-211,1.0,2015-09-01,2000-09-01,2015-08-31,3771.0,risk_on
2015-09-21,risk_on,risk_on,0.0,7.702878196142165e-227,1.0,2015-09-01,2000-09-01,2015-08-31,3771.0,risk_on
2015-09-22,risk_on,risk_on,0.0,2.5197952982225177e-231,1.0,2015-09-01,2000-09-01,2015-08-31,3771.0,risk_on
2015-09-23,risk_on,risk_on,0.0,8.74164437032545e-225,1.0,2015-09-01,2000-09-01,2015-08-31,3771.0,risk_on
2015-09-24,risk_on,risk_on,0.0,2.1149345126503327e-232,1.0,2015-09-01,2000-09-01,2015-08-31,3771.0,risk_on
2015-09-25,risk_on,risk_on,0.0,1.0275205218954578e-236,1.0,2015-09-01,2000-09-01,2015-08-31,3771.0,risk_on
2015-09-28,risk_on,risk_on,0.0,4.820964711779043e-228,1.0,2015-09-01,2000-09-01,2015-08-31,3771.0,risk_on
2015-09-29,risk_on,risk_on,0.0,8.363993634932268e-222,1.0,2015-09-01,2000-09-01,2015-08-31,3771.0,risk_on
2015-09-30,risk_on,risk_on,0.0,5.68902252403189e-228,1.0,2015-09-01,2000-09-01,2015-08-31,3771.0,risk_on
2015-10-01,risk_on,neutral,1.3157718989840604e-219,1.0,7.435821381918249e-156,2015-10-01,2000-09-01,2015-09-30,3792.0,risk_on
2015-10-02,risk_on,neutral,3.4963933902944285e-220,1.0,2.7083727347664487e-153,2015-10-01,2000-09-01,2015-09-30,3792.0,neutral
2015-10-05,risk_on,neutral,1.5902188888886472e-222,1.0,2.361423002685002e-147,2015-10-01,2000-09-01,2015-09-30,3792.0,neutral
2015-10-06,risk_on,neutral,1.8036310499309064e-222,1.0,5.519055046608203e-148,2015-10-01,2000-09-01,2015-09-30,3792.0,neutral
2015-10-07,risk_on,neutral,3.213352988695745e-225,1.0,1.388759351787567e-144,2015-10-01,2000-09-01,2015-09-30,3792.0,neutral
2015-10-08,risk_on,neutral,4.616194627591824e-235,1.0,4.4148430033004815e-140,2015-10-01,2000-09-01,2015-09-30,3792.0,neutral
2015-10-09,risk_on,neutral,1.8302588372082955e-231,1.0,3.658694263936824e-141,2015-10-01,2000-09-01,2015-09-30,3792.0,neutral
2015-10-12,risk_on,neutral,3.2872084378359885e-230,1.0,5.941090390885628e-140,2015-10-01,2000-09-01,2015-09-30,3792.0,neutral
2015-10-13,risk_on,neutral,4.832237145254645e-226,1.0,2.0987531260689815e-145,2015-10-01,2000-09-01,2015-09-30,3792.0,neutral
2015-10-14,risk_on,neutral,1.5954716592399685e-226,1.0,4.3112385478322725e-145,2015-10-01,2000-09-01,2015-09-30,3792.0,neutral
2015-10-15,risk_on,neutral,1.0084684784083741e-227,1.0,1.181389320602757e-137,2015-10-01,2000-09-01,2015-09-30,3792.0,neutral
2015-10-16,risk_on,neutral,9.351602947544928e-228,1.0,1.8354440677935761e-134,2015-10-01,2000-09-01,2015-09-30,3792.0,neutral
2015-10-19,risk_on,neutral,6.591145065478433e-227,1.0,1.2834556842320806e-135,2015-10-01,2000-09-01,2015-09-30,3792.0,neutral
2015-10-20,risk_on,neutral,3.512613340597087e-225,1.0,6.262251399183383e-137,2015-10-01,2000-09-01,2015-09-30,3792.0,neutral
2015-10-21,risk_on,neutral,1.1425066801886135e-223,1.0,1.0631655057109502e-139,2015-10-01,2000-09-01,2015-09-30,3792.0,neutral
2015-10-22,risk_on,neutral,6.461438253477428e-226,1.0,1.6832993323773673e-132,2015-10-01,2000-09-01,2015-09-30,3792.0,neutral
2015-10-23,risk_on,neutral,3.9633096370518657e-221,1.0,9.755792967358172e-131,2015-10-01,2000-09-01,2015-09-30,3792.0,neutral
2015-10-26,risk_on,neutral,3.674751645507972e-217,1.0,8.867455353454426e-136,2015-10-01,2000-09-01,2015-09-30,3792.0,neutral
2015-10-27,risk_on,neutral,2.504315615438422e-220,1.0,2.324528505450104e-137,2015-10-01,2000-09-01,2015-09-30,3792.0,neutral
2015-10-28,risk_on,neutral,2.022629493336975e-223,1.0,1.0225910047748159e-131,2015-10-01,2000-09-01,2015-09-30,3792.0,neutral
2015-10-29,risk_on,neutral,3.5174095685971475e-227,1.0,3.876807102863545e-133,2015-10-01,2000-09-01,2015-09-30,3792.0,neutral
2015-10-30,risk_on,neutral,1.0924617175181861e-223,1.0,7.437993857837528e-137,2015-10-01,2000-09-01,2015-09-30,3792.0,neutral
2015-11-02,risk_on,neutral,0.0,1.0,6.54977343448012e-109,2015-11-02,2000-09-01,2015-10-30,3814.0,neutral
2015-11-03,risk_on,neutral,0.0,1.0,1.835586387754384e-109,2015-11-02,2000-09-01,2015-10-30,3814.0,neutral
2015-11-04,risk_on,neutral,0.0,1.0,1.5542054969138438e-111,2015-11-02,2000-09-01,2015-10-30,3814.0,neutral
2015-11-05,risk_on,neutral,0.0,1.0,2.955005781770894e-112,2015-11-02,2000-09-01,2015-10-30,3814.0,neutral
2015-11-06,risk_on,neutral,0.0,1.0,3.952738815910989e-109,2015-11-02,2000-09-01,2015-10-30,3814.0,neutral
2015-11-09,risk_on,neutral,0.0,1.0,2.7867429990394427e-115,2015-11-02,2000-09-01,2015-10-30,3814.0,neutral
2015-11-10,risk_on,neutral,0.0,1.0,1.381717692490964e-111,2015-11-02,2000-09-01,2015-10-30,3814.0,neutral
2015-11-11,risk_on,neutral,0.0,1.0,9.970360312713501e-115,2015-11-02,2000-09-01,2015-10-30,3814.0,neutral
2015-11-12,risk_on,neutral,0.0,1.0,1.3283880736872052e-120,2015-11-02,2000-09-01,2015-10-30,3814.0,neutral
2015-11-13,risk_on,neutral,0.0,1.0,7.309986767123e-123,2015-11-02,2000-09-01,2015-10-30,3814.0,neutral
2015-11-16,risk_on,neutral,0.0,1.0,3.3205723042720863e-118,2015-11-02,2000-09-01,2015-10-30,3814.0,neutral
2015-11-17,risk_on,neutral,0.0,1.0,1.6432111580181436e-119,2015-11-02,2000-09-01,2015-10-30,3814.0,neutral
2015-11-18,risk_on,neutral,0.0,1.0,1.1596096377529166e-115,2015-11-02,2000-09-01,2015-10-30,3814.0,neutral
2015-11-19,risk_on,neutral,0.0,1.0,1.051216960484997e-118,2015-11-02,2000-09-01,2015-10-30,3814.0,neutral
2015-11-20,risk_on,neutral,0.0,1.0,1.383120406815084e-113,2015-11-02,2000-09-01,2015-10-30,3814.0,neutral
2015-11-23,risk_on,neutral,0.0,1.0,3.2480446765026754e-116,2015-11-02,2000-09-01,2015-10-30,3814.0,neutral
2015-11-24,risk_on,neutral,0.0,1.0,1.21245808512477e-116,2015-11-02,2000-09-01,2015-10-30,3814.0,neutral
2015-11-25,risk_on,neutral,0.0,1.0,2.1478788349927227e-116,2015-11-02,2000-09-01,2015-10-30,3814.0,neutral
2015-11-27,risk_on,neutral,0.0,1.0,6.858529583311421e-117,2015-11-02,2000-09-01,2015-10-30,3814.0,neutral
2015-11-30,risk_on,neutral,0.0,1.0,5.11425322840182e-119,2015-11-02,2000-09-01,2015-10-30,3814.0,neutral
2015-12-01,risk_on,risk_off,0.9997716298121618,1.6520384994741944e-82,0.0002283701878379843,2015-12-01,2000-09-01,2015-11-30,3834.0,neutral
2015-12-02,risk_on,risk_off,0.999985399415592,3.4356016023842445e-83,1.460058440849649e-05,2015-12-01,2000-09-01,2015-11-30,3834.0,risk_off
2015-12-03,risk_on,risk_off,0.9999994225318607,1.652255644244596e-86,5.774681394205328e-07,2015-12-01,2000-09-01,2015-11-30,3834.0,risk_off
2015-12-04,risk_on,risk_off,0.9999966558207427,3.737485129900914e-85,3.3441792564508445e-06,2015-12-01,2000-09-01,2015-11-30,3834.0,risk_off
2015-12-07,risk_on,risk_off,0.9999985726719175,7.729417442157646e-86,1.4273280828514558e-06,2015-12-01,2000-09-01,2015-11-30,3834.0,risk_off
2015-12-08,risk_on,risk_off,0.999999887609854,2.705248403300065e-86,1.1239014607695161e-07,2015-12-01,2000-09-01,2015-11-30,3834.0,risk_off
2015-12-09,risk_on,risk_off,0.999999996079799,3.4361057275923574e-86,3.9202019677159e-09,2015-12-01,2000-09-01,2015-11-30,3834.0,risk_off
2015-12-10,risk_on,risk_off,0.9999999951473892,2.2922514937383478e-86,4.852611490028585e-09,2015-12-01,2000-09-01,2015-11-30,3834.0,risk_off
2015-12-11,risk_on,risk_off,0.9999999999999982,5.449802412075032e-84,1.0337216516423438e-15,2015-12-01,2000-09-01,2015-11-30,3834.0,risk_off
2015-12-14,risk_on,risk_off,1.0,5.616588176356086e-88,5.203698136459526e-16,2015-12-01,2000-09-01,2015-11-30,3834.0,risk_off
2015-12-15,risk_on,risk_off,0.9999999999996039,4.0087105544264586e-91,3.9694684636143715e-13,2015-12-01,2000-09-01,2015-11-30,3834.0,risk_off
2015-12-16,risk_on,risk_off,0.9999999995232898,1.7531866799798918e-86,4.767104101278634e-10,2015-12-01,2000-09-01,2015-11-30,3834.0,risk_off
2015-12-17,risk_on,risk_off,0.9999999991909938,5.085164988474337e-84,8.090068453057271e-10,2015-12-01,2000-09-01,2015-11-30,3834.0,risk_off
2015-12-18,risk_on,risk_off,0.9999999989193604,6.965375876224361e-82,1.0806395544174199e-09,2015-12-01,2000-09-01,2015-11-30,3834.0,risk_off
2015-12-21,risk_on,risk_off,0.9999998291812598,5.811285855377698e-83,1.7081873944412552e-07,2015-12-01,2000-09-01,2015-11-30,3834.0,risk_off
2015-12-22,risk_on,risk_off,0.9999997096109143,1.058616996463306e-84,2.903890839447525e-07,2015-12-01,2000-09-01,2015-11-30,3834.0,risk_off
2015-12-23,risk_on,risk_off,0.9999996154319313,9.35055858602031e-86,3.845680672390359e-07,2015-12-01,2000-09-01,2015-11-30,3834.0,risk_off
2015-12-24,risk_on,risk_off,0.9999892516128391,2.8763441134772097e-83,1.0748387162241814e-05,2015-12-01,2000-09-01,2015-11-30,3834.0,risk_off
2015-12-28,risk_on,risk_off,0.9997849715230339,7.07861570178683e-78,0.00021502847696700753,2015-12-01,2000-09-01,2015-11-30,3834.0,risk_off
2015-12-29,risk_on,risk_off,0.9999936162602565,3.28589791536259e-79,6.383739743449569e-06,2015-12-01,2000-09-01,2015-11-30,3834.0,risk_off
2015-12-30,risk_on,risk_off,0.9999921003170079,4.958505760201345e-80,7.899682991141518e-06,2015-12-01,2000-09-01,2015-11-30,3834.0,risk_off
2015-12-31,risk_on,risk_off,0.9999857683054231,5.280431399461643e-78,1.4231694575462051e-05,2015-12-01,2000-09-01,2015-11-30,3834.0,risk_off
2016-01-04,risk_on,risk_on,0.0,1.9234906118406362e-107,1.0,2016-01-04,2000-09-01,2015-12-31,3856.0,risk_off
2016-01-05,risk_on,risk_on,0.0,7.365723131194512e-111,1.0,2016-01-04,2000-09-01,2015-12-31,3856.0,risk_on
2016-01-06,risk_on,risk_on,0.0,1.8360102839743734e-111,1.0,2016-01-04,2000-09-01,2015-12-31,3856.0,risk_on
2016-01-07,risk_on,risk_on,0.0,7.514714499437885e-113,1.0,2016-01-04,2000-09-01,2015-12-31,3856.0,risk_on
2016-01-08,risk_on,risk_on,0.0,1.43538354437239e-110,1.0,2016-01-04,2000-09-01,2015-12-31,3856.0,risk_on
2016-01-11,risk_on,risk_on,0.0,9.72169261519518e-115,1.0,2016-01-04,2000-09-01,2015-12-31,3856.0,risk_on
2016-01-12,risk_on,risk_on,0.0,2.0922974384701347e-113,1.0,2016-01-04,2000-09-01,2015-12-31,3856.0,risk_on
2016-01-13,risk_on,risk_on,0.0,8.537537426164203e-116,1.0,2016-01-04,2000-09-01,2015-12-31,3856.0,risk_on
2016-01-14,risk_on,risk_on,0.0,4.916959028801634e-115,1.0,2016-01-04,2000-09-01,2015-12-31,3856.0,risk_on
2016-01-15,risk_on,risk_on,0.0,9.672969808497243e-112,1.0,2016-01-04,2000-09-01,2015-12-31,3856.0,risk_on
2016-01-19,risk_on,risk_on,0.0,5.236374051992987e-114,1.0,2016-01-04,2000-09-01,2015-12-31,3856.0,risk_on
2016-01-20,risk_on,risk_on,0.0,8.657201964233551e-116,1.0,2016-01-04,2000-09-01,2015-12-31,3856.0,risk_on
2016-01-21,risk_on,risk_on,0.0,1.5904230630868174e-114,1.0,2016-01-04,2000-09-01,2015-12-31,3856.0,risk_on
2016-01-22,risk_on,risk_on,0.0,5.359798577042156e-104,1.0,2016-01-04,2000-09-01,2015-12-31,3856.0,risk_on
2016-01-25,risk_on,risk_on,0.0,7.466099702044622e-108,1.0,2016-01-04,2000-09-01,2015-12-31,3856.0,risk_on
2016-01-26,risk_on,risk_on,0.0,4.333532946930267e-106,1.0,2016-01-04,2000-09-01,2015-12-31,3856.0,risk_on
2016-01-27,risk_on,risk_on,0.0,1.7643691651909598e-99,1.0,2016-01-04,2000-09-01,2015-12-31,3856.0,risk_on
2016-01-28,risk_on,risk_on,0.0,2.4991898432490127e-99,1.0,2016-01-04,2000-09-01,2015-12-31,3856.0,risk_on
2016-01-29,risk_on,risk_on,0.0,1.919305486616148e-93,1.0,2016-01-04,2000-09-01,2015-12-31,3856.0,risk_on
2016-02-01,risk_on,neutral,1.3363301014992944e-110,1.0,2.1436215439460308e-60,2016-02-01,2000-09-01,2016-01-29,3875.0,risk_on
2016-02-02,risk_on,neutral,9.586409069348002e-111,1.0,1.0425659653928837e-62,2016-02-01,2000-09-01,2016-01-29,3875.0,neutral
2016-02-03,risk_on,neutral,1.1906417761798224e-109,1.0,3.6960800513105812e-59,2016-02-01,2000-09-01,2016-01-29,3875.0,neutral
2016-02-04,risk_on,neutral,2.4038079723049117e-108,1.0,2.504380095154765e-60,2016-02-01,2000-09-01,2016-01-29,3875.0,neutral
2016-02-05,risk_on,neutral,2.1669706748642492e-104,1.0,1.4409705696253245e-60,2016-02-01,2000-09-01,2016-01-29,3875.0,neutral
2016-02-08,risk_on,neutral,3.109411975760392e-107,1.0,3.662873824412135e-60,2016-02-01,2000-09-01,2016-01-29,3875.0,neutral
2016-02-09,risk_on,neutral,1.221401941044144e-105,1.0,1.3496048479178541e-61,2016-02-01,2000-09-01,2016-01-29,3875.0,neutral
2016-02-10,risk_on,neutral,1.5339141657872012e-103,1.0,8.302215346204877e-61,2016-02-01,2000-09-01,2016-01-29,3875.0,neutral
2016-02-11,risk_on,neutral,6.743132931332139e-102,1.0,1.925181903687515e-64,2016-02-01,2000-09-01,2016-01-29,3875.0,neutral
2016-02-12,risk_on,neutral,7.578177331682597e-105,1.0,7.520240303610392e-58,2016-02-01,2000-09-01,2016-01-29,3875.0,neutral
2016-02-16,risk_on,neutral,7.727677522918957e-104,1.0,9.250575784967543e-61,2016-02-01,2000-09-01,2016-01-29,3875.0,neutral
2016-02-17,risk_on,neutral,1.1247120422104256e-102,1.0,2.8418689015455697e-61,2016-02-01,2000-09-01,2016-01-29,3875.0,neutral
2016-02-18,risk_on,neutral,2.344329903605056e-100,1.0,2.827025785440155e-60,2016-02-01,2000-09-01,2016-01-29,3875.0,neutral
2016-02-19,risk_on,neutral,1.7966040783834908e-97,1.0,3.738677215856379e-59,2016-02-01,2000-09-01,2016-01-29,3875.0,neutral
2016-02-22,risk_on,neutral,1.5559008615155452e-95,1.0,1.4602547219972347e-58,2016-02-01,2000-09-01,2016-01-29,3875.0,neutral
2016-02-23,risk_on,neutral,1.5734494815867613e-97,1.0,3.1157535728980297e-58,2016-02-01,2000-09-01,2016-01-29,3875.0,neutral
2016-02-24,risk_on,neutral,3.0648216772524715e-96,1.0,6.797673083366981e-59,2016-02-01,2000-09-01,2016-01-29,3875.0,neutral
2016-02-25,risk_on,neutral,1.0460760698944497e-94,1.0,3.526519509442222e-59,2016-02-01,2000-09-01,2016-01-29,3875.0,neutral
2016-02-26,risk_on,neutral,6.3636637951166754e-96,1.0,2.361850610884144e-58,2016-02-01,2000-09-01,2016-01-29,3875.0,neutral
2016-02-29,risk_on,neutral,2.4167643263508488e-96,1.0,1.5774382908747886e-58,2016-02-01,2000-09-01,2016-01-29,3875.0,neutral
2016-03-01,risk_on,neutral,0.0,1.0,1.8178272177344132e-35,2016-03-01,2000-09-01,2016-02-29,3895.0,neutral
2016-03-02,risk_on,neutral,0.0,1.0,1.3410308643272795e-35,2016-03-01,2000-09-01,2016-02-29,3895.0,neutral
2016-03-03,risk_on,neutral,0.0,1.0,3.299049133255142e-37,2016-03-01,2000-09-01,2016-02-29,3895.0,neutral
2016-03-04,risk_on,neutral,0.0,1.0,3.4800595654086734e-36,2016-03-01,2000-09-01,2016-02-29,3895.0,neutral
2016-03-07,risk_on,neutral,0.0,1.0,3.536250527221058e-33,2016-03-01,2000-09-01,2016-02-29,3895.0,neutral
2016-03-08,risk_on,neutral,0.0,1.0,9.482994960504519e-35,2016-03-01,2000-09-01,2016-02-29,3895.0,neutral
2016-03-09,risk_on,neutral,0.0,1.0,5.314009097202321e-37,2016-03-01,2000-09-01,2016-02-29,3895.0,neutral
2016-03-10,risk_on,neutral,0.0,1.0,3.524222063804415e-39,2016-03-01,2000-09-01,2016-02-29,3895.0,neutral
2016-03-11,risk_on,neutral,0.0,1.0,1.2877233194901995e-37,2016-03-01,2000-09-01,2016-02-29,3895.0,neutral
2016-03-14,risk_on,neutral,0.0,1.0,1.2577902733170733e-38,2016-03-01,2000-09-01,2016-02-29,3895.0,neutral
2016-03-15,risk_on,neutral,0.0,1.0,9.014074965320134e-35,2016-03-01,2000-09-01,2016-02-29,3895.0,neutral
2016-03-16,risk_on,neutral,0.0,1.0,2.97003447308057e-38,2016-03-01,2000-09-01,2016-02-29,3895.0,neutral
2016-03-17,risk_on,neutral,0.0,1.0,4.821639739449338e-40,2016-03-01,2000-09-01,2016-02-29,3895.0,neutral
2016-03-18,risk_on,neutral,0.0,1.0,4.991867896237011e-40,2016-03-01,2000-09-01,2016-02-29,3895.0,neutral
2016-03-21,risk_on,neutral,0.0,1.0,3.7890233458074995e-40,2016-03-01,2000-09-01,2016-02-29,3895.0,neutral
2016-03-22,risk_on,neutral,0.0,1.0,6.029844242250307e-38,2016-03-01,2000-09-01,2016-02-29,3895.0,neutral
2016-03-23,risk_on,neutral,0.0,1.0,8.907247188119319e-38,2016-03-01,2000-09-01,2016-02-29,3895.0,neutral
2016-03-24,risk_on,neutral,0.0,1.0,5.1976938323866025e-39,2016-03-01,2000-09-01,2016-02-29,3895.0,neutral
2016-03-28,risk_on,neutral,0.0,1.0,4.6099611710082145e-39,2016-03-01,2000-09-01,2016-02-29,3895.0,neutral
2016-03-29,risk_on,neutral,0.0,1.0,5.603340679754646e-42,2016-03-01,2000-09-01,2016-02-29,3895.0,neutral
2016-03-30,risk_on,neutral,0.0,1.0,3.7116187623941406e-42,2016-03-01,2000-09-01,2016-02-29,3895.0,neutral
2016-03-31,risk_on,neutral,0.0,1.0,2.6618177487300163e-44,2016-03-01,2000-09-01,2016-02-29,3895.0,neutral
2016-04-01,risk_on,neutral,2.8864886534987613e-128,1.0,5.106619883664828e-47,2016-04-01,2000-09-01,2016-03-31,3917.0,neutral
2016-04-04,risk_on,neutral,1.1888491186211199e-129,1.0,3.348052042944936e-45,2016-04-01,2000-09-01,2016-03-31,3917.0,neutral
2016-04-05,risk_on,neutral,1.1648927664491655e-130,1.0,3.0510667463704834e-43,2016-04-01,2000-09-01,2016-03-31,3917.0,neutral
2016-04-06,risk_on,neutral,5.339266488383925e-124,1.0,2.0149375032449925e-44,2016-04-01,2000-09-01,2016-03-31,3917.0,neutral
2016-04-07,risk_on,neutral,2.881749172554269e-125,1.0,2.079326412716332e-42,2016-04-01,2000-09-01,2016-03-31,3917.0,neutral
2016-04-08,risk_on,neutral,2.3610373461577196e-122,1.0,7.391753034034031e-40,2016-04-01,2000-09-01,2016-03-31,3917.0,neutral
2016-04-11,risk_on,neutral,2.1433954885789967e-123,1.0,1.3504392683003876e-39,2016-04-01,2000-09-01,2016-03-31,3917.0,neutral
2016-04-12,risk_on,neutral,1.858443643854689e-119,1.0,1.0276497046300257e-40,2016-04-01,2000-09-01,2016-03-31,3917.0,neutral
2016-04-13,risk_on,neutral,4.4040790005021494e-118,1.0,2.5013348182256175e-40,2016-04-01,2000-09-01,2016-03-31,3917.0,neutral
2016-04-14,risk_on,neutral,2.5345372773219074e-116,1.0,1.7161226389528517e-36,2016-04-01,2000-09-01,2016-03-31,3917.0,neutral
2016-04-15,risk_on,neutral,7.781308444124935e-117,1.0,3.588367139192582e-36,2016-04-01,2000-09-01,2016-03-31,3917.0,neutral
2016-04-18,risk_on,neutral,1.977677916338321e-109,1.0,1.2003025515306021e-33,2016-04-01,2000-09-01,2016-03-31,3917.0,neutral
2016-04-19,risk_on,neutral,1.4458457310225332e-108,1.0,1.29097578192676e-34,2016-04-01,2000-09-01,2016-03-31,3917.0,neutral
2016-04-20,risk_on,neutral,1.745393961687696e-108,1.0,1.9824920313894896e-34,2016-04-01,2000-09-01,2016-03-31,3917.0,neutral
2016-04-21,risk_on,neutral,1.628499157033519e-111,1.0,1.2509914806006784e-32,2016-04-01,2000-09-01,2016-03-31,3917.0,neutral
2016-04-22,risk_on,neutral,2.281011250811575e-116,1.0,4.4356834495644355e-34,2016-04-01,2000-09-01,2016-03-31,3917.0,neutral
2016-04-25,risk_on,neutral,1.4560201807497947e-115,1.0,1.6820918650250988e-32,2016-04-01,2000-09-01,2016-03-31,3917.0,neutral
2016-04-26,risk_on,neutral,5.553058915753301e-115,1.0,2.2876498021144054e-33,2016-04-01,2000-09-01,2016-03-31,3917.0,neutral
2016-04-27,risk_on,neutral,7.863880763834988e-114,1.0,9.472872533840314e-31,2016-04-01,2000-09-01,2016-03-31,3917.0,neutral
2016-04-28,risk_on,neutral,2.2004024555621378e-116,1.0,2.12360882412899e-30,2016-04-01,2000-09-01,2016-03-31,3917.0,neutral
2016-04-29,risk_on,neutral,5.340510031347274e-116,1.0,2.340413350711599e-33,2016-04-01,2000-09-01,2016-03-31,3917.0,neutral
2016-05-02,risk_on,risk_on,3.1001481018947224e-173,0.0,1.0,2016-05-02,2000-09-01,2016-04-29,3938.0,neutral
2016-05-03,risk_on,risk_on,1.360836992619726e-174,0.0,1.0,2016-05-02,2000-09-01,2016-04-29,3938.0,risk_on
2016-05-04,risk_on,risk_on,4.038478160122102e-171,0.0,1.0,2016-05-02,2000-09-01,2016-04-29,3938.0,risk_on
2016-05-05,risk_on,risk_on,5.044606256195613e-168,0.0,1.0,2016-05-02,2000-09-01,2016-04-29,3938.0,risk_on
2016-05-06,risk_on,risk_on,1.452145521338026e-169,0.0,1.0,2016-05-02,2000-09-01,2016-04-29,3938.0,risk_on
2016-05-09,risk_on,risk_on,4.792520887983336e-168,0.0,1.0,2016-05-02,2000-09-01,2016-04-29,3938.0,risk_on
2016-05-10,risk_on,risk_on,6.724897632793038e-169,0.0,1.0,2016-05-02,2000-09-01,2016-04-29,3938.0,risk_on
2016-05-11,risk_on,risk_on,1.0143232657227838e-167,0.0,1.0,2016-05-02,2000-09-01,2016-04-29,3938.0,risk_on
2016-05-12,risk_on,risk_on,2.779847284807568e-166,0.0,1.0,2016-05-02,2000-09-01,2016-04-29,3938.0,risk_on
2016-05-13,risk_on,risk_on,1.3166760915764738e-160,0.0,1.0,2016-05-02,2000-09-01,2016-04-29,3938.0,risk_on
2016-05-16,risk_on,risk_on,5.860970452620306e-165,0.0,1.0,2016-05-02,2000-09-01,2016-04-29,3938.0,risk_on
2016-05-17,risk_on,risk_on,2.0651099941929516e-161,0.0,1.0,2016-05-02,2000-09-01,2016-04-29,3938.0,risk_on
2016-05-18,risk_on,risk_on,6.10315876771863e-159,0.0,1.0,2016-05-02,2000-09-01,2016-04-29,3938.0,risk_on
2016-05-19,risk_on,risk_on,5.2449849646736784e-161,0.0,1.0,2016-05-02,2000-09-01,2016-04-29,3938.0,risk_on
2016-05-20,risk_on,risk_on,6.825917922894519e-160,0.0,1.0,2016-05-02,2000-09-01,2016-04-29,3938.0,risk_on
2016-05-23,risk_on,risk_on,2.6106426172518388e-160,0.0,1.0,2016-05-02,2000-09-01,2016-04-29,3938.0,risk_on
2016-05-24,risk_on,risk_on,5.524100360940821e-160,0.0,1.0,2016-05-02,2000-09-01,2016-04-29,3938.0,risk_on
2016-05-25,risk_on,risk_on,3.1382680872565865e-158,0.0,1.0,2016-05-02,2000-09-01,2016-04-29,3938.0,risk_on
2016-05-26,risk_on,risk_on,5.764277359493049e-159,0.0,1.0,2016-05-02,2000-09-01,2016-04-29,3938.0,risk_on
2016-05-27,risk_on,risk_on,9.654887591345984e-154,0.0,1.0,2016-05-02,2000-09-01,2016-04-29,3938.0,risk_on
2016-05-31,risk_on,risk_on,6.865210515507027e-152,0.0,1.0,2016-05-02,2000-09-01,2016-04-29,3938.0,risk_on
2016-06-01,risk_on,risk_on,0.0,1.0000197909495345e-107,1.0,2016-06-01,2000-09-01,2016-05-31,3959.0,risk_on
2016-06-02,risk_on,risk_on,0.0,3.4603945630113476e-106,1.0,2016-06-01,2000-09-01,2016-05-31,3959.0,risk_on
2016-06-03,risk_on,risk_on,0.0,7.911057063778579e-107,1.0,2016-06-01,2000-09-01,2016-05-31,3959.0,risk_on
2016-06-06,risk_on,risk_on,0.0,4.483377002867803e-106,1.0,2016-06-01,2000-09-01,2016-05-31,3959.0,risk_on
2016-06-07,risk_on,risk_on,0.0,4.565525661330484e-106,1.0,2016-06-01,2000-09-01,2016-05-31,3959.0,risk_on
2016-06-08,risk_on,risk_on,0.0,4.626039094259502e-104,1.0,2016-06-01,2000-09-01,2016-05-31,3959.0,risk_on
2016-06-09,risk_on,risk_on,0.0,8.018249701917292e-103,1.0,2016-06-01,2000-09-01,2016-05-31,3959.0,risk_on
2016-06-10,risk_on,risk_on,0.0,1.5734462688163614e-102,1.0,2016-06-01,2000-09-01,2016-05-31,3959.0,risk_on
2016-06-13,risk_on,risk_on,0.0,3.725806279187818e-105,1.0,2016-06-01,2000-09-01,2016-05-31,3959.0,risk_on
2016-06-14,risk_on,risk_on,0.0,8.612983321747585e-106,1.0,2016-06-01,2000-09-01,2016-05-31,3959.0,risk_on
2016-06-15,risk_on,risk_on,0.0,1.2903795580685886e-106,1.0,2016-06-01,2000-09-01,2016-05-31,3959.0,risk_on
2016-06-16,risk_on,risk_on,0.0,2.8371811098588223e-105,1.0,2016-06-01,2000-09-01,2016-05-31,3959.0,risk_on
2016-06-17,risk_on,risk_on,0.0,1.6070126443048722e-104,1.0,2016-06-01,2000-09-01,2016-05-31,3959.0,risk_on
2016-06-20,risk_on,risk_on,0.0,7.626607217798163e-104,1.0,2016-06-01,2000-09-01,2016-05-31,3959.0,risk_on
2016-06-21,risk_on,risk_on,0.0,1.95407685495093e-104,1.0,2016-06-01,2000-09-01,2016-05-31,3959.0,risk_on
2016-06-22,risk_on,risk_on,0.0,1.0090591562708435e-105,1.0,2016-06-01,2000-09-01,2016-05-31,3959.0,risk_on
2016-06-23,risk_on,risk_on,0.0,2.5951367120659383e-105,1.0,2016-06-01,2000-09-01,2016-05-31,3959.0,risk_on
2016-06-24,risk_on,risk_on,0.0,1.9058551175926227e-100,1.0,2016-06-01,2000-09-01,2016-05-31,3959.0,risk_on
2016-06-27,risk_on,risk_on,0.0,1.2957992542095129e-96,1.0,2016-06-01,2000-09-01,2016-05-31,3959.0,risk_on
2016-06-28,risk_on,risk_on,0.0,4.375440853632075e-95,1.0,2016-06-01,2000-09-01,2016-05-31,3959.0,risk_on
2016-06-29,risk_on,risk_on,0.0,3.2329268160076455e-93,1.0,2016-06-01,2000-09-01,2016-05-31,3959.0,risk_on
2016-06-30,risk_on,risk_on,0.0,3.6119035962358016e-93,1.0,2016-06-01,2000-09-01,2016-05-31,3959.0,risk_on
2016-07-01,risk_on,risk_on,0.0,3.9408963173563176e-163,1.0,2016-07-01,2000-09-01,2016-06-30,3981.0,risk_on
2016-07-05,risk_on,risk_on,0.0,1.343176346119176e-157,1.0,2016-07-01,2000-09-01,2016-06-30,3981.0,risk_on
2016-07-06,risk_on,risk_on,0.0,8.853247119564976e-155,1.0,2016-07-01,2000-09-01,2016-06-30,3981.0,risk_on
2016-07-07,risk_on,risk_on,0.0,5.264945395055966e-153,1.0,2016-07-01,2000-09-01,2016-06-30,3981.0,risk_on
2016-07-08,risk_on,risk_on,0.0,5.063980012767129e-144,1.0,2016-07-01,2000-09-01,2016-06-30,3981.0,risk_on
2016-07-11,risk_on,risk_on,0.0,7.854543345595944e-140,1.0,2016-07-01,2000-09-01,2016-06-30,3981.0,risk_on
2016-07-12,risk_on,risk_on,0.0,6.57601654644965e-140,1.0,2016-07-01,2000-09-01,2016-06-30,3981.0,risk_on
2016-07-13,risk_on,risk_on,0.0,4.241153248263982e-141,1.0,2016-07-01,2000-09-01,2016-06-30,3981.0,risk_on
2016-07-14,risk_on,risk_on,0.0,7.066875078098505e-142,1.0,2016-07-01,2000-09-01,2016-06-30,3981.0,risk_on
2016-07-15,risk_on,risk_on,0.0,5.4484073802774975e-142,1.0,2016-07-01,2000-09-01,2016-06-30,3981.0,risk_on
2016-07-18,risk_on,risk_on,0.0,8.379839870065009e-150,1.0,2016-07-01,2000-09-01,2016-06-30,3981.0,risk_on
2016-07-19,risk_on,risk_on,0.0,1.6888468062929813e-147,1.0,2016-07-01,2000-09-01,2016-06-30,3981.0,risk_on
2016-07-20,risk_on,risk_on,0.0,2.737689052991487e-145,1.0,2016-07-01,2000-09-01,2016-06-30,3981.0,risk_on
2016-07-21,risk_on,risk_on,0.0,6.006341389024216e-148,1.0,2016-07-01,2000-09-01,2016-06-30,3981.0,risk_on
2016-07-22,risk_on,risk_on,0.0,7.304968847584405e-147,1.0,2016-07-01,2000-09-01,2016-06-30,3981.0,risk_on
2016-07-25,risk_on,risk_on,0.0,1.354082232672505e-148,1.0,2016-07-01,2000-09-01,2016-06-30,3981.0,risk_on
2016-07-26,risk_on,risk_on,0.0,5.697900909870807e-154,1.0,2016-07-01,2000-09-01,2016-06-30,3981.0,risk_on
2016-07-27,risk_on,risk_on,0.0,9.715829429151182e-154,1.0,2016-07-01,2000-09-01,2016-06-30,3981.0,risk_on
2016-07-28,risk_on,risk_on,0.0,3.075111804543628e-155,1.0,2016-07-01,2000-09-01,2016-06-30,3981.0,risk_on
2016-07-29,risk_on,risk_on,0.0,8.897193368816624e-159,1.0,2016-07-01,2000-09-01,2016-06-30,3981.0,risk_on
2016-08-01,risk_on,neutral,0.0,1.0,9.37042749734377e-16,2016-08-01,2000-09-01,2016-07-29,4001.0,risk_on
2016-08-02,risk_on,neutral,0.0,1.0,2.1204293748369114e-16,2016-08-01,2000-09-01,2016-07-29,4001.0,neutral
2016-08-03,risk_on,neutral,0.0,1.0,3.760089348509007e-16,2016-08-01,2000-09-01,2016-07-29,4001.0,neutral
2016-08-04,risk_on,neutral,0.0,1.0,2.2246763167563984e-16,2016-08-01,2000-09-01,2016-07-29,4001.0,neutral
2016-08-05,risk_on,neutral,0.0,1.0,3.342351748886533e-16,2016-08-01,2000-09-01,2016-07-29,4001.0,neutral
2016-08-08,risk_on,neutral,0.0,1.0,3.2688115612615395e-16,2016-08-01,2000-09-01,2016-07-29,4001.0,neutral
2016-08-09,risk_on,neutral,0.0,1.0,4.680270228343607e-16,2016-08-01,2000-09-01,2016-07-29,4001.0,neutral
2016-08-10,risk_on,neutral,0.0,0.9999999999999964,4.147808424522924e-15,2016-08-01,2000-09-01,2016-07-29,4001.0,neutral
2016-08-11,risk_on,neutral,0.0,0.9999999999999876,1.1726881131749516e-14,2016-08-01,2000-09-01,2016-07-29,4001.0,neutral
2016-08-12,risk_on,neutral,0.0,0.9999999999999982,1.049546258470638e-15,2016-08-01,2000-09-01,2016-07-29,4001.0,neutral
2016-08-15,risk_on,neutral,0.0,1.0,2.0657798755535155e-16,2016-08-01,2000-09-01,2016-07-29,4001.0,neutral
2016-08-16,risk_on,neutral,0.0,1.0,9.275118982321249e-16,2016-08-01,2000-09-01,2016-07-29,4001.0,neutral
2016-08-17,risk_on,neutral,0.0,1.0,4.823532219833953e-16,2016-08-01,2000-09-01,2016-07-29,4001.0,neutral
2016-08-18,risk_on,neutral,0.0,1.0,4.1183022520438304e-17,2016-08-01,2000-09-01,2016-07-29,4001.0,neutral
2016-08-19,risk_on,neutral,0.0,1.0,8.808190024224493e-18,2016-08-01,2000-09-01,2016-07-29,4001.0,neutral
2016-08-22,risk_on,neutral,0.0,1.0,5.004943988011793e-16,2016-08-01,2000-09-01,2016-07-29,4001.0,neutral
2016-08-23,risk_on,neutral,0.0,1.0,8.650920201439726e-17,2016-08-01,2000-09-01,2016-07-29,4001.0,neutral
2016-08-24,risk_on,neutral,0.0,0.9999999999999982,1.2718760979712468e-15,2016-08-01,2000-09-01,2016-07-29,4001.0,neutral
2016-08-25,risk_on,neutral,0.0,1.0,7.754199166943318e-16,2016-08-01,2000-09-01,2016-07-29,4001.0,neutral
2016-08-26,risk_on,neutral,0.0,0.9999999999999982,1.6147149220477571e-15,2016-08-01,2000-09-01,2016-07-29,4001.0,neutral
2016-08-29,risk_on,neutral,0.0,0.9999999999999982,1.6395279659453938e-15,2016-08-01,2000-09-01,2016-07-29,4001.0,neutral
2016-08-30,risk_on,neutral,0.0,0.9999999999999964,4.0558747089261695e-15,2016-08-01,2000-09-01,2016-07-29,4001.0,neutral
2016-08-31,risk_on,neutral,0.0,0.9999999999999947,5.082951543938947e-15,2016-08-01,2000-09-01,2016-07-29,4001.0,neutral
2016-09-01,risk_on,neutral,2.0757e-319,1.0,4.4506506127493065e-17,2016-09-01,2000-09-01,2016-08-31,4024.0,neutral
2016-09-02,risk_on,neutral,9.4e-323,1.0,7.518137038848248e-18,2016-09-01,2000-09-01,2016-08-31,4024.0,neutral
2016-09-06,risk_on,neutral,1.7e-322,1.0,2.7307151933515127e-18,2016-09-01,2000-09-01,2016-08-31,4024.0,neutral
2016-09-07,risk_on,neutral,5e-324,1.0,5.882676630042807e-18,2016-09-01,2000-09-01,2016-08-31,4024.0,neutral
2016-09-08,risk_on,neutral,5e-324,1.0,4.4526439763230454e-18,2016-09-01,2000-09-01,2016-08-31,4024.0,neutral
2016-09-09,risk_on,neutral,1.96716e-318,1.0,3.688836905561841e-16,2016-09-01,2000-09-01,2016-08-31,4024.0,neutral
2016-09-12,risk_on,neutral,5.163e-321,1.0,6.004037854182288e-17,2016-09-01,2000-09-01,2016-08-31,4024.0,neutral
2016-09-13,risk_on,neutral,1.665e-321,1.0,9.466419163290111e-16,2016-09-01,2000-09-01,2016-08-31,4024.0,neutral
2016-09-14,risk_on,neutral,1.7557e-319,0.9999999999999982,1.6069124636605563e-15,2016-09-01,2000-09-01,2016-08-31,4024.0,neutral
2016-09-15,risk_on,neutral,9.58456e-318,1.0,5.919511830501687e-16,2016-09-01,2000-09-01,2016-08-31,4024.0,neutral
2016-09-16,risk_on,neutral,9.56343e-319,0.9999999999999876,1.2924376490147463e-14,2016-09-01,2000-09-01,2016-08-31,4024.0,neutral
2016-09-19,risk_on,neutral,3.03096e-318,0.9999999999999023,9.779989350406202e-14,2016-09-01,2000-09-01,2016-08-31,4024.0,neutral
2016-09-20,risk_on,neutral,2.423555e-318,0.9999999999999183,8.184883785412923e-14,2016-09-01,2000-09-01,2016-08-31,4024.0,neutral
2016-09-21,risk_on,neutral,5e-324,0.9999999999999964,3.6781143487962165e-15,2016-09-01,2000-09-01,2016-08-31,4024.0,neutral
2016-09-22,risk_on,neutral,0.0,1.0,9.66923514612106e-16,2016-09-01,2000-09-01,2016-08-31,4024.0,neutral
2016-09-23,risk_on,neutral,0.0,1.0,1.0139031173022493e-16,2016-09-01,2000-09-01,2016-08-31,4024.0,neutral
2016-09-26,risk_on,neutral,7.4e-323,1.0,7.43805756103865e-17,2016-09-01,2000-09-01,2016-08-31,4024.0,neutral
2016-09-27,risk_on,neutral,0.0,1.0,1.5961729484934982e-16,2016-09-01,2000-09-01,2016-08-31,4024.0,neutral
2016-09-28,risk_on,neutral,0.0,1.0,1.3891219086572113e-16,2016-09-01,2000-09-01,2016-08-31,4024.0,neutral
2016-09-29,risk_on,neutral,0.0,1.0,2.1543915715984432e-16,2016-09-01,2000-09-01,2016-08-31,4024.0,neutral
2016-09-30,risk_on,neutral,0.0,1.0,3.9806255195259476e-16,2016-09-01,2000-09-01,2016-08-31,4024.0,neutral
2016-10-03,risk_on,risk_on,0.0,1.704859548213421e-92,1.0,2016-10-03,2000-09-01,2016-09-30,4045.0,neutral
2016-10-04,risk_on,risk_on,0.0,5.4606799182736796e-92,1.0,2016-10-03,2000-09-01,2016-09-30,4045.0,risk_on
2016-10-05,risk_on,risk_on,0.0,7.006777498777384e-93,1.0,2016-10-03,2000-09-01,2016-09-30,4045.0,risk_on
2016-10-06,risk_on,risk_on,0.0,6.111496129293018e-93,1.0,2016-10-03,2000-09-01,2016-09-30,4045.0,risk_on
2016-10-07,risk_on,risk_on,0.0,5.74095489333433e-94,1.0,2016-10-03,2000-09-01,2016-09-30,4045.0,risk_on
2016-10-10,risk_on,risk_on,0.0,1.2044500218245892e-94,1.0,2016-10-03,2000-09-01,2016-09-30,4045.0,risk_on
2016-10-11,risk_on,risk_on,0.0,6.291963861276846e-97,1.0,2016-10-03,2000-09-01,2016-09-30,4045.0,risk_on
2016-10-12,risk_on,risk_on,0.0,9.339372618916264e-98,1.0,2016-10-03,2000-09-01,2016-09-30,4045.0,risk_on
2016-10-13,risk_on,risk_on,0.0,6.425311887284823e-99,1.0,2016-10-03,2000-09-01,2016-09-30,4045.0,risk_on
2016-10-14,risk_on,risk_on,0.0,1.767300801097188e-98,1.0,2016-10-03,2000-09-01,2016-09-30,4045.0,risk_on
2016-10-17,risk_on,risk_on,0.0,1.0530385191528267e-94,1.0,2016-10-03,2000-09-01,2016-09-30,4045.0,risk_on
2016-10-18,risk_on,risk_on,0.0,6.076694143279322e-94,1.0,2016-10-03,2000-09-01,2016-09-30,4045.0,risk_on
2016-10-19,risk_on,risk_on,0.0,4.893280098433491e-95,1.0,2016-10-03,2000-09-01,2016-09-30,4045.0,risk_on
2016-10-20,risk_on,risk_on,0.0,8.31859493169227e-93,1.0,2016-10-03,2000-09-01,2016-09-30,4045.0,risk_on
2016-10-21,risk_on,risk_on,0.0,1.5441324623618626e-93,1.0,2016-10-03,2000-09-01,2016-09-30,4045.0,risk_on
2016-10-24,risk_on,risk_on,0.0,3.1787608289090053e-94,1.0,2016-10-03,2000-09-01,2016-09-30,4045.0,risk_on
2016-10-25,risk_on,risk_on,0.0,3.86562472272171e-93,1.0,2016-10-03,2000-09-01,2016-09-30,4045.0,risk_on
2016-10-26,risk_on,risk_on,0.0,3.8910834139818394e-94,1.0,2016-10-03,2000-09-01,2016-09-30,4045.0,risk_on
2016-10-27,risk_on,risk_on,0.0,3.7453563406601956e-95,1.0,2016-10-03,2000-09-01,2016-09-30,4045.0,risk_on
2016-10-28,risk_on,risk_on,0.0,5.5915314730176304e-96,1.0,2016-10-03,2000-09-01,2016-09-30,4045.0,risk_on
2016-10-31,risk_on,risk_on,0.0,1.1044081763233322e-97,1.0,2016-10-03,2000-09-01,2016-09-30,4045.0,risk_on
2016-11-01,risk_on,risk_on,0.0,7.29211826645119e-06,0.9999927078817334,2016-11-01,2000-09-01,2016-10-31,4066.0,risk_on
2016-11-02,risk_on,risk_on,0.0,1.0224655586394869e-05,0.9999897753444149,2016-11-01,2000-09-01,2016-10-31,4066.0,risk_on
2016-11-03,risk_on,risk_on,0.0,0.00030635936594261917,0.9996936406340557,2016-11-01,2000-09-01,2016-10-31,4066.0,risk_on
2016-11-04,risk_on,risk_on,0.0,0.0004649292347635955,0.9995350707652354,2016-11-01,2000-09-01,2016-10-31,4066.0,risk_on
2016-11-07,risk_on,risk_on,0.0,2.1797099184109515e-07,0.9999997820290083,2016-11-01,2000-09-01,2016-10-31,4066.0,risk_on
2016-11-08,risk_on,risk_on,0.0,5.89772125444632e-07,0.9999994102278753,2016-11-01,2000-09-01,2016-10-31,4066.0,risk_on
2016-11-09,risk_on,risk_on,0.0,5.069185479779149e-10,0.999999999493081,2016-11-01,2000-09-01,2016-10-31,4066.0,risk_on
2016-11-10,risk_on,risk_on,0.0,1.03713215086322e-10,0.9999999998962856,2016-11-01,2000-09-01,2016-10-31,4066.0,risk_on
2016-11-11,risk_on,risk_on,0.0,9.046817006985972e-12,0.999999999990953,2016-11-01,2000-09-01,2016-10-31,4066.0,risk_on
2016-11-14,risk_on,risk_on,0.0,2.362018949434036e-12,0.9999999999976374,2016-11-01,2000-09-01,2016-10-31,4066.0,risk_on
2016-11-15,risk_on,risk_on,0.0,2.2263533441051413e-11,0.9999999999777351,2016-11-01,2000-09-01,2016-10-31,4066.0,risk_on
2016-11-16,risk_on,risk_on,0.0,2.802874683709957e-12,0.9999999999971969,2016-11-01,2000-09-01,2016-10-31,4066.0,risk_on
2016-11-17,risk_on,risk_on,0.0,9.877827351958222e-13,0.9999999999990123,2016-11-01,2000-09-01,2016-10-31,4066.0,risk_on
2016-11-18,risk_on,risk_on,0.0,2.0925401129608526e-12,0.9999999999979075,2016-11-01,2000-09-01,2016-10-31,4066.0,risk_on
2016-11-21,risk_on,risk_on,0.0,4.5954179071918784e-12,0.9999999999954063,2016-11-01,2000-09-01,2016-10-31,4066.0,risk_on
2016-11-22,risk_on,risk_on,0.0,6.446688323310128e-12,0.9999999999935518,2016-11-01,2000-09-01,2016-10-31,4066.0,risk_on
2016-11-23,risk_on,risk_on,0.0,2.9088034403004267e-12,0.9999999999970903,2016-11-01,2000-09-01,2016-10-31,4066.0,risk_on
2016-11-25,risk_on,risk_on,0.0,5.615897501727989e-13,0.9999999999994387,2016-11-01,2000-09-01,2016-10-31,4066.0,risk_on
2016-11-28,risk_on,risk_on,0.0,2.604034613818123e-12,0.9999999999973959,2016-11-01,2000-09-01,2016-10-31,4066.0,risk_on
2016-11-29,risk_on,risk_on,0.0,2.5845529233927178e-12,0.9999999999974172,2016-11-01,2000-09-01,2016-10-31,4066.0,risk_on
2016-11-30,risk_on,risk_on,0.0,8.89815331936871e-11,0.9999999999110187,2016-11-01,2000-09-01,2016-10-31,4066.0,risk_on
2016-12-01,risk_on,neutral,6.507833746506086e-131,1.0,4.790620961784896e-20,2016-12-01,2000-09-01,2016-11-30,4087.0,risk_on
2016-12-02,risk_on,neutral,3.3449330953980353e-130,1.0,2.0317874965139024e-19,2016-12-01,2000-09-01,2016-11-30,4087.0,neutral
2016-12-05,risk_on,neutral,3.982462916342286e-129,1.0,3.899497980281302e-20,2016-12-01,2000-09-01,2016-11-30,4087.0,neutral
2016-12-06,risk_on,neutral,4.918862836043165e-128,1.0,1.1169647278647667e-20,2016-12-01,2000-09-01,2016-11-30,4087.0,neutral
2016-12-07,risk_on,neutral,2.8361242346012455e-128,1.0,7.499301283842042e-19,2016-12-01,2000-09-01,2016-11-30,4087.0,neutral
2016-12-08,risk_on,neutral,4.73112628468204e-131,1.0,1.7548321993288186e-19,2016-12-01,2000-09-01,2016-11-30,4087.0,neutral
2016-12-09,risk_on,neutral,5.123502778796136e-133,1.0,1.5475395630581922e-19,2016-12-01,2000-09-01,2016-11-30,4087.0,neutral
2016-12-12,risk_on,neutral,1.153082393846892e-133,1.0,7.800242903206385e-19,2016-12-01,2000-09-01,2016-11-30,4087.0,neutral
2016-12-13,risk_on,neutral,7.862696480943866e-133,1.0,1.9638265741286164e-19,2016-12-01,2000-09-01,2016-11-30,4087.0,neutral
2016-12-14,risk_on,neutral,6.74323685913003e-135,1.0,2.083878862926481e-18,2016-12-01,2000-09-01,2016-11-30,4087.0,neutral
2016-12-15,risk_on,neutral,2.4191677762553414e-137,1.0,7.853925335785881e-19,2016-12-01,2000-09-01,2016-11-30,4087.0,neutral
2016-12-16,risk_on,neutral,3.515921432939878e-140,1.0,8.153913575304993e-20,2016-12-01,2000-09-01,2016-11-30,4087.0,neutral
2016-12-19,risk_on,neutral,1.1350641573382139e-140,1.0,1.0425470122112593e-19,2016-12-01,2000-09-01,2016-11-30,4087.0,neutral
2016-12-20,risk_on,neutral,8.629566534439882e-142,1.0,3.6379995281304677e-19,2016-12-01,2000-09-01,2016-11-30,4087.0,neutral
2016-12-21,risk_on,neutral,6.0333402850063016e-142,1.0,6.888653972179098e-19,2016-12-01,2000-09-01,2016-11-30,4087.0,neutral
2016-12-22,risk_on,neutral,4.369055098381589e-142,1.0,8.45866143117513e-20,2016-12-01,2000-09-01,2016-11-30,4087.0,neutral
2016-12-23,risk_on,neutral,2.6838760893133593e-142,1.0,5.567109309309133e-19,2016-12-01,2000-09-01,2016-11-30,4087.0,neutral
2016-12-27,risk_on,neutral,3.9744572458626997e-141,1.0,1.325737641816823e-19,2016-12-01,2000-09-01,2016-11-30,4087.0,neutral
2016-12-28,risk_on,neutral,1.5940576177599502e-140,1.0,1.3815089406770461e-18,2016-12-01,2000-09-01,2016-11-30,4087.0,neutral
2016-12-29,risk_on,neutral,6.072917717639421e-140,1.0,2.5686741196770973e-18,2016-12-01,2000-09-01,2016-11-30,4087.0,neutral
2016-12-30,risk_on,neutral,4.043585750231154e-139,1.0,8.818400812122914e-19,2016-12-01,2000-09-01,2016-11-30,4087.0,neutral
2017-01-03,risk_on,neutral,8.421129459509149e-107,1.0,3.269953143273394e-26,2017-01-03,2000-09-01,2016-12-30,4108.0,neutral
2017-01-04,risk_on,neutral,1.1643181257622573e-104,1.0,5.222129427078677e-28,2017-01-03,2000-09-01,2016-12-30,4108.0,neutral
2017-01-05,risk_on,neutral,2.735772180317347e-104,1.0,6.711554737692118e-29,2017-01-03,2000-09-01,2016-12-30,4108.0,neutral
2017-01-06,risk_on,neutral,1.0280266171763584e-102,1.0,6.445422341171211e-29,2017-01-03,2000-09-01,2016-12-30,4108.0,neutral
2017-01-09,risk_on,neutral,6.735106745524573e-100,1.0,3.0558328923885146e-29,2017-01-03,2000-09-01,2016-12-30,4108.0,neutral
2017-01-10,risk_on,neutral,6.105233826539485e-101,1.0,1.9878646826331056e-29,2017-01-03,2000-09-01,2016-12-30,4108.0,neutral
2017-01-11,risk_on,neutral,1.1945480862910323e-100,1.0,9.373472545581112e-31,2017-01-03,2000-09-01,2016-12-30,4108.0,neutral
2017-01-12,risk_on,neutral,1.706425560782381e-101,1.0,1.701891984976626e-31,2017-01-03,2000-09-01,2016-12-30,4108.0,neutral
2017-01-13,risk_on,neutral,1.2203597355402192e-101,1.0,1.515465460193146e-31,2017-01-03,2000-09-01,2016-12-30,4108.0,neutral
2017-01-17,risk_on,neutral,2.7836994046541192e-98,1.0,8.972696896245817e-33,2017-01-03,2000-09-01,2016-12-30,4108.0,neutral
2017-01-18,risk_on,neutral,1.5142478914765584e-96,1.0,2.6210390100563576e-33,2017-01-03,2000-09-01,2016-12-30,4108.0,neutral
2017-01-19,risk_on,neutral,7.77821730397575e-99,1.0,4.815909855448632e-34,2017-01-03,2000-09-01,2016-12-30,4108.0,neutral
2017-01-20,risk_on,neutral,1.1276885394247027e-103,1.0,1.3888220789232052e-34,2017-01-03,2000-09-01,2016-12-30,4108.0,neutral
2017-01-23,risk_on,neutral,4.217727009134316e-103,1.0,1.860333040298408e-35,2017-01-03,2000-09-01,2016-12-30,4108.0,neutral
2017-01-24,risk_on,neutral,4.2998151793548976e-103,1.0,2.832472796116909e-37,2017-01-03,2000-09-01,2016-12-30,4108.0,neutral
2017-01-25,risk_on,neutral,1.7069107933056624e-104,1.0,8.76498734743911e-39,2017-01-03,2000-09-01,2016-12-30,4108.0,neutral
2017-01-26,risk_on,neutral,4.825003344376029e-106,1.0,1.077098347957523e-37,2017-01-03,2000-09-01,2016-12-30,4108.0,neutral
2017-01-27,risk_on,neutral,8.860104022187699e-104,1.0,5.741937775494002e-37,2017-01-03,2000-09-01,2016-12-30,4108.0,neutral
2017-01-30,risk_on,neutral,5.79200493082641e-105,1.0,3.1472591824688254e-36,2017-01-03,2000-09-01,2016-12-30,4108.0,neutral
2017-01-31,risk_on,neutral,2.8955792414580497e-105,1.0,1.0475645386409263e-35,2017-01-03,2000-09-01,2016-12-30,4108.0,neutral
2017-02-01,risk_on,neutral,0.0,0.9999999999635776,3.642185207353982e-11,2017-02-01,2000-09-01,2017-01-31,4128.0,neutral
2017-02-02,risk_on,neutral,0.0,0.9999999999902567,9.743681410485148e-12,2017-02-01,2000-09-01,2017-01-31,4128.0,neutral
2017-02-03,risk_on,neutral,0.0,0.9999999999843592,1.5640579414825612e-11,2017-02-01,2000-09-01,2017-01-31,4128.0,neutral
2017-02-06,risk_on,neutral,0.0,0.9999999999506777,4.93232011534968e-11,2017-02-01,2000-09-01,2017-01-31,4128.0,neutral
2017-02-07,risk_on,neutral,0.0,0.9999999999506919,4.930879046326604e-11,2017-02-01,2000-09-01,2017-01-31,4128.0,neutral
2017-02-08,risk_on,neutral,0.0,0.999999999808006,1.9199417689726551e-10,2017-02-01,2000-09-01,2017-01-31,4128.0,neutral
2017-02-09,risk_on,neutral,0.0,0.9999999998938325,1.0616752769101074e-10,2017-02-01,2000-09-01,2017-01-31,4128.0,neutral
2017-02-10,risk_on,neutral,0.0,0.9999999983032275,1.6967724984997982e-09,2017-02-01,2000-09-01,2017-01-31,4128.0,neutral
2017-02-13,risk_on,neutral,0.0,0.9999999738257624,2.61742384627827e-08,2017-02-01,2000-09-01,2017-01-31,4128.0,neutral
2017-02-14,risk_on,neutral,0.0,0.999999993559122,6.440876713450951e-09,2017-02-01,2000-09-01,2017-01-31,4128.0,neutral
2017-02-15,risk_on,neutral,0.0,0.9999999866017967,1.339820292116594e-08,2017-02-01,2000-09-01,2017-01-31,4128.0,neutral
2017-02-16,risk_on,neutral,0.0,0.9999999897560734,1.0243928031971144e-08,2017-02-01,2000-09-01,2017-01-31,4128.0,neutral
2017-02-17,risk_on,neutral,0.0,0.9999999788125715,2.1187429348287362e-08,2017-02-01,2000-09-01,2017-01-31,4128.0,neutral
2017-02-21,risk_on,neutral,0.0,0.9999999458973164,5.410268201639611e-08,2017-02-01,2000-09-01,2017-01-31,4128.0,neutral
2017-02-22,risk_on,neutral,0.0,0.9999998708520662,1.2914793371425374e-07,2017-02-01,2000-09-01,2017-01-31,4128.0,neutral
2017-02-23,risk_on,neutral,0.0,0.9999999552647597,4.473524121950825e-08,2017-02-01,2000-09-01,2017-01-31,4128.0,neutral
2017-02-24,risk_on,neutral,0.0,0.9999998039292791,1.9607071975306448e-07,2017-02-01,2000-09-01,2017-01-31,4128.0,neutral
2017-02-27,risk_on,neutral,0.0,0.9999999409522058,5.904779243751113e-08,2017-02-01,2000-09-01,2017-01-31,4128.0,neutral
2017-02-28,risk_on,neutral,0.0,0.9999999905893269,9.410672049831445e-09,2017-02-01,2000-09-01,2017-01-31,4128.0,neutral
2017-03-01,risk_on,risk_on,0.0,1.3112288406630496e-185,1.0,2017-03-01,2000-09-01,2017-02-28,4147.0,neutral
2017-03-02,risk_on,risk_on,0.0,4.023964795286022e-183,1.0,2017-03-01,2000-09-01,2017-02-28,4147.0,risk_on
2017-03-03,risk_on,risk_on,0.0,1.3482105160268872e-184,1.0,2017-03-01,2000-09-01,2017-02-28,4147.0,risk_on
2017-03-06,risk_on,risk_on,0.0,1.358756907948609e-186,1.0,2017-03-01,2000-09-01,2017-02-28,4147.0,risk_on
2017-03-07,risk_on,risk_on,0.0,4.988723468506976e-186,1.0,2017-03-01,2000-09-01,2017-02-28,4147.0,risk_on
2017-03-08,risk_on,risk_on,0.0,2.4081242355295446e-183,1.0,2017-03-01,2000-09-01,2017-02-28,4147.0,risk_on
2017-03-09,risk_on,risk_on,0.0,6.35665205131754e-185,1.0,2017-03-01,2000-09-01,2017-02-28,4147.0,risk_on
2017-03-10,risk_on,risk_on,0.0,4.268519455247649e-185,1.0,2017-03-01,2000-09-01,2017-02-28,4147.0,risk_on
2017-03-13,risk_on,risk_on,0.0,1.231603244015172e-186,1.0,2017-03-01,2000-09-01,2017-02-28,4147.0,risk_on
2017-03-14,risk_on,risk_on,0.0,6.0377773288210265e-186,1.0,2017-03-01,2000-09-01,2017-02-28,4147.0,risk_on
2017-03-15,risk_on,risk_on,0.0,1.2112233504708395e-188,1.0,2017-03-01,2000-09-01,2017-02-28,4147.0,risk_on
2017-03-16,risk_on,risk_on,0.0,1.3814943127833986e-188,1.0,2017-03-01,2000-09-01,2017-02-28,4147.0,risk_on
2017-03-17,risk_on,risk_on,0.0,3.851523698704487e-192,1.0,2017-03-01,2000-09-01,2017-02-28,4147.0,risk_on
2017-03-20,risk_on,risk_on,0.0,3.1679224206032265e-190,1.0,2017-03-01,2000-09-01,2017-02-28,4147.0,risk_on
2017-03-21,risk_on,risk_on,0.0,9.85574686107664e-188,1.0,2017-03-01,2000-09-01,2017-02-28,4147.0,risk_on
2017-03-22,risk_on,risk_on,0.0,1.1597642741031803e-185,1.0,2017-03-01,2000-09-01,2017-02-28,4147.0,risk_on
2017-03-23,risk_on,risk_on,0.0,3.468233787130609e-188,1.0,2017-03-01,2000-09-01,2017-02-28,4147.0,risk_on
2017-03-24,risk_on,risk_on,0.0,7.821606295642299e-188,1.0,2017-03-01,2000-09-01,2017-02-28,4147.0,risk_on
2017-03-27,risk_on,risk_on,0.0,6.194530171717261e-186,1.0,2017-03-01,2000-09-01,2017-02-28,4147.0,risk_on
2017-03-28,risk_on,risk_on,0.0,1.1586500928365747e-187,1.0,2017-03-01,2000-09-01,2017-02-28,4147.0,risk_on
2017-03-29,risk_on,risk_on,0.0,7.192856493641174e-191,1.0,2017-03-01,2000-09-01,2017-02-28,4147.0,risk_on
2017-03-30,risk_on,risk_on,0.0,2.1310777506888638e-190,1.0,2017-03-01,2000-09-01,2017-02-28,4147.0,risk_on
2017-03-31,risk_on,risk_on,0.0,7.701045444946914e-190,1.0,2017-03-01,2000-09-01,2017-02-28,4147.0,risk_on
2017-04-03,risk_on,neutral,2.424193026305013e-100,1.0,0.0,2017-04-03,2000-09-01,2017-03-31,4170.0,risk_on
2017-04-04,risk_on,neutral,3.751733159379627e-100,1.0,0.0,2017-04-03,2000-09-01,2017-03-31,4170.0,neutral
2017-04-05,risk_on,neutral,9.202893062701078e-101,1.0,0.0,2017-04-03,2000-09-01,2017-03-31,4170.0,neutral
2017-04-06,risk_on,neutral,3.2821992737014857e-100,1.0,0.0,2017-04-03,2000-09-01,2017-03-31,4170.0,neutral
2017-04-07,risk_on,neutral,2.304844503793545e-101,1.0,0.0,2017-04-03,2000-09-01,2017-03-31,4170.0,neutral
2017-04-10,risk_on,neutral,7.900817522435629e-103,1.0,0.0,2017-04-03,2000-09-01,2017-03-31,4170.0,neutral
2017-04-11,risk_on,neutral,5.8333478731683e-104,1.0,0.0,2017-04-03,2000-09-01,2017-03-31,4170.0,neutral
2017-04-12,risk_on,neutral,1.4351353459717045e-103,1.0,0.0,2017-04-03,2000-09-01,2017-03-31,4170.0,neutral
2017-04-13,risk_on,neutral,4.1979250474375374e-103,1.0,0.0,2017-04-03,2000-09-01,2017-03-31,4170.0,neutral
2017-04-17,risk_on,neutral,4.135604361333821e-101,1.0,0.0,2017-04-03,2000-09-01,2017-03-31,4170.0,neutral
2017-04-18,risk_on,neutral,1.843629524386238e-98,1.0,0.0,2017-04-03,2000-09-01,2017-03-31,4170.0,neutral
2017-04-19,risk_on,neutral,3.369347876674177e-99,1.0,0.0,2017-04-03,2000-09-01,2017-03-31,4170.0,neutral
2017-04-20,risk_on,neutral,3.3120407528201057e-100,1.0,0.0,2017-04-03,2000-09-01,2017-03-31,4170.0,neutral
2017-04-21,risk_on,neutral,8.71593045609549e-101,1.0,0.0,2017-04-03,2000-09-01,2017-03-31,4170.0,neutral
2017-04-24,risk_on,neutral,1.8651637618452112e-97,1.0,0.0,2017-04-03,2000-09-01,2017-03-31,4170.0,neutral
2017-04-25,risk_on,neutral,5.2521931289695005e-99,1.0,0.0,2017-04-03,2000-09-01,2017-03-31,4170.0,neutral
2017-04-26,risk_on,neutral,9.563677002306185e-99,1.0,0.0,2017-04-03,2000-09-01,2017-03-31,4170.0,neutral
2017-04-27,risk_on,neutral,1.3823219481159186e-98,1.0,0.0,2017-04-03,2000-09-01,2017-03-31,4170.0,neutral
2017-04-28,risk_on,neutral,8.887801935757724e-98,1.0,0.0,2017-04-03,2000-09-01,2017-03-31,4170.0,neutral
2017-05-01,risk_on,risk_on,0.0,1.9045789838487023e-24,1.0,2017-05-01,2000-09-01,2017-04-28,4189.0,neutral
2017-05-02,risk_on,risk_on,0.0,1.3956250978263472e-23,1.0,2017-05-01,2000-09-01,2017-04-28,4189.0,risk_on
2017-05-03,risk_on,risk_on,0.0,5.543273183387139e-24,1.0,2017-05-01,2000-09-01,2017-04-28,4189.0,risk_on
2017-05-04,risk_on,risk_on,0.0,5.123594760944283e-23,1.0,2017-05-01,2000-09-01,2017-04-28,4189.0,risk_on
2017-05-05,risk_on,risk_on,0.0,2.076923704757675e-23,1.0,2017-05-01,2000-09-01,2017-04-28,4189.0,risk_on
2017-05-08,risk_on,risk_on,0.0,1.5902165150185327e-23,1.0,2017-05-01,2000-09-01,2017-04-28,4189.0,risk_on
2017-05-09,risk_on,risk_on,0.0,1.4517235238262105e-23,1.0,2017-05-01,2000-09-01,2017-04-28,4189.0,risk_on
2017-05-10,risk_on,risk_on,0.0,1.1528398369325524e-23,1.0,2017-05-01,2000-09-01,2017-04-28,4189.0,risk_on
2017-05-11,risk_on,risk_on,0.0,1.3030739535546004e-23,1.0,2017-05-01,2000-09-01,2017-04-28,4189.0,risk_on
2017-05-12,risk_on,risk_on,0.0,2.1239074523722273e-23,1.0,2017-05-01,2000-09-01,2017-04-28,4189.0,risk_on
2017-05-15,risk_on,risk_on,0.0,3.052030064278275e-23,1.0,2017-05-01,2000-09-01,2017-04-28,4189.0,risk_on
2017-05-16,risk_on,risk_on,0.0,1.2918886309296612e-21,1.0,2017-05-01,2000-09-01,2017-04-28,4189.0,risk_on
2017-05-17,risk_on,risk_on,0.0,1.2357532506089788e-20,1.0,2017-05-01,2000-09-01,2017-04-28,4189.0,risk_on
2017-05-18,risk_on,risk_on,0.0,8.620851907347737e-21,1.0,2017-05-01,2000-09-01,2017-04-28,4189.0,risk_on
2017-05-19,risk_on,risk_on,0.0,6.513803609805374e-21,1.0,2017-05-01,2000-09-01,2017-04-28,4189.0,risk_on
2017-05-22,risk_on,risk_on,0.0,3.2188955886439044e-20,1.0,2017-05-01,2000-09-01,2017-04-28,4189.0,risk_on
2017-05-23,risk_on,risk_on,0.0,1.597269695930538e-20,1.0,2017-05-01,2000-09-01,2017-04-28,4189.0,risk_on
2017-05-24,risk_on,risk_on,0.0,1.6642012840323358e-20,1.0,2017-05-01,2000-09-01,2017-04-28,4189.0,risk_on
2017-05-25,risk_on,risk_on,0.0,1.6534657644072813e-20,1.0,2017-05-01,2000-09-01,2017-04-28,4189.0,risk_on
2017-05-26,risk_on,risk_on,0.0,1.5069824108524335e-20,1.0,2017-05-01,2000-09-01,2017-04-28,4189.0,risk_on
2017-05-30,risk_on,risk_on,0.0,9.583518933950612e-21,1.0,2017-05-01,2000-09-01,2017-04-28,4189.0,risk_on
2017-05-31,risk_on,risk_on,0.0,1.5253534366900094e-20,1.0,2017-05-01,2000-09-01,2017-04-28,4189.0,risk_on
2017-06-01,risk_on,risk_on,9.566854228000071e-60,0.0,1.0,2017-06-01,2000-09-01,2017-05-31,4211.0,risk_on
2017-06-02,risk_on,risk_on,3.0193754922607486e-57,0.0,1.0,2017-06-01,2000-09-01,2017-05-31,4211.0,risk_on
2017-06-05,risk_on,risk_on,1.4142970246533725e-57,0.0,1.0,2017-06-01,2000-09-01,2017-05-31,4211.0,risk_on
2017-06-06,risk_on,risk_on,1.7043282278704829e-56,0.0,1.0,2017-06-01,2000-09-01,2017-05-31,4211.0,risk_on
2017-06-07,risk_on,risk_on,1.3077763724341347e-56,0.0,1.0,2017-06-01,2000-09-01,2017-05-31,4211.0,risk_on
2017-06-08,risk_on,risk_on,2.7137247979787036e-56,0.0,1.0,2017-06-01,2000-09-01,2017-05-31,4211.0,risk_on
2017-06-09,risk_on,risk_on,2.0963179888493505e-52,0.0,1.0,2017-06-01,2000-09-01,2017-05-31,4211.0,risk_on
2017-06-12,risk_on,risk_on,3.68613362615986e-53,0.0,1.0,2017-06-01,2000-09-01,2017-05-31,4211.0,risk_on
2017-06-13,risk_on,risk_on,2.008129664263695e-54,0.0,1.0,2017-06-01,2000-09-01,2017-05-31,4211.0,risk_on
2017-06-14,risk_on,risk_on,2.7121267335063806e-55,0.0,1.0,2017-06-01,2000-09-01,2017-05-31,4211.0,risk_on
2017-06-15,risk_on,risk_on,1.94721087407059e-58,0.0,1.0,2017-06-01,2000-09-01,2017-05-31,4211.0,risk_on
2017-06-16,risk_on,risk_on,2.0870251986158892e-61,0.0,1.0,2017-06-01,2000-09-01,2017-05-31,4211.0,risk_on
2017-06-19,risk_on,risk_on,1.9402367715907406e-60,0.0,1.0,2017-06-01,2000-09-01,2017-05-31,4211.0,risk_on
2017-06-20,risk_on,risk_on,8.665220094536002e-61,0.0,1.0,2017-06-01,2000-09-01,2017-05-31,4211.0,risk_on
2017-06-21,risk_on,risk_on,4.8875789215814594e-61,0.0,1.0,2017-06-01,2000-09-01,2017-05-31,4211.0,risk_on
2017-06-22,risk_on,risk_on,3.214100722778897e-61,0.0,1.0,2017-06-01,2000-09-01,2017-05-31,4211.0,risk_on
2017-06-23,risk_on,risk_on,4.625531532586221e-61,0.0,1.0,2017-06-01,2000-09-01,2017-05-31,4211.0,risk_on
2017-06-26,risk_on,risk_on,3.746052155411846e-60,0.0,1.0,2017-06-01,2000-09-01,2017-05-31,4211.0,risk_on
2017-06-27,risk_on,risk_on,5.295304146274738e-62,0.0,1.0,2017-06-01,2000-09-01,2017-05-31,4211.0,risk_on
2017-06-28,risk_on,risk_on,4.72450922256697e-63,0.0,1.0,2017-06-01,2000-09-01,2017-05-31,4211.0,risk_on
2017-06-29,risk_on,risk_on,8.685243002443676e-63,0.0,1.0,2017-06-01,2000-09-01,2017-05-31,4211.0,risk_on
2017-06-30,risk_on,risk_on,4.339364852073943e-65,0.0,1.0,2017-06-01,2000-09-01,2017-05-31,4211.0,risk_on
2017-07-03,risk_on,risk_on,1.5304682722475912e-199,3.187617323669487e-141,1.0,2017-07-03,2000-09-01,2017-06-30,4233.0,risk_on
2017-07-05,risk_on,risk_on,5.426946969732288e-199,7.921621893685022e-142,1.0,2017-07-03,2000-09-01,2017-06-30,4233.0,risk_on
2017-07-06,risk_on,risk_on,2.7128165808339434e-202,1.9585521048702496e-141,1.0,2017-07-03,2000-09-01,2017-06-30,4233.0,risk_on
2017-07-07,risk_on,risk_on,6.264691884953114e-201,2.342910350460827e-142,1.0,2017-07-03,2000-09-01,2017-06-30,4233.0,risk_on
2017-07-10,risk_on,risk_on,3.9889735458836164e-202,9.470378288882122e-142,1.0,2017-07-03,2000-09-01,2017-06-30,4233.0,risk_on
2017-07-11,risk_on,risk_on,6.210288431376843e-205,2.72083238791058e-143,1.0,2017-07-03,2000-09-01,2017-06-30,4233.0,risk_on
2017-07-12,risk_on,risk_on,6.318694020401528e-204,5.180595604743674e-144,1.0,2017-07-03,2000-09-01,2017-06-30,4233.0,risk_on
2017-07-13,risk_on,risk_on,1.58097818490247e-203,3.729870293146841e-144,1.0,2017-07-03,2000-09-01,2017-06-30,4233.0,risk_on
2017-07-14,risk_on,risk_on,3.6231587398353117e-203,2.6214238417465725e-144,1.0,2017-07-03,2000-09-01,2017-06-30,4233.0,risk_on
2017-07-17,risk_on,risk_on,8.352574103801817e-204,1.4131154070172777e-146,1.0,2017-07-03,2000-09-01,2017-06-30,4233.0,risk_on
2017-07-18,risk_on,risk_on,7.744737068998023e-203,1.2460297770253128e-146,1.0,2017-07-03,2000-09-01,2017-06-30,4233.0,risk_on
2017-07-19,risk_on,risk_on,4.505236883573082e-205,1.2289449062819133e-147,1.0,2017-07-03,2000-09-01,2017-06-30,4233.0,risk_on
2017-07-20,risk_on,risk_on,4.3294035996491605e-205,1.4260789707888614e-147,1.0,2017-07-03,2000-09-01,2017-06-30,4233.0,risk_on
2017-07-21,risk_on,risk_on,8.085100454212946e-204,4.057525883930166e-148,1.0,2017-07-03,2000-09-01,2017-06-30,4233.0,risk_on
2017-07-24,risk_on,risk_on,1.5511716087304495e-207,1.3198603100133846e-148,1.0,2017-07-03,2000-09-01,2017-06-30,4233.0,risk_on
2017-07-25,risk_on,risk_on,6.232932020887521e-211,7.681046435756571e-150,1.0,2017-07-03,2000-09-01,2017-06-30,4233.0,risk_on
2017-07-26,risk_on,risk_on,8.92250787755997e-213,1.8840677314718512e-149,1.0,2017-07-03,2000-09-01,2017-06-30,4233.0,risk_on
2017-07-27,risk_on,risk_on,9.258559789050066e-211,3.294858083355026e-151,1.0,2017-07-03,2000-09-01,2017-06-30,4233.0,risk_on
2017-07-28,risk_on,risk_on,3.066987506555157e-216,5.937723205397572e-151,1.0,2017-07-03,2000-09-01,2017-06-30,4233.0,risk_on
2017-07-31,risk_on,risk_on,4.551348103494787e-218,4.754407387217096e-151,1.0,2017-07-03,2000-09-01,2017-06-30,4233.0,risk_on
2017-08-01,risk_on,risk_on,0.0,4.651090444398867e-99,1.0,2017-08-01,2000-09-01,2017-07-31,4253.0,risk_on
2017-08-02,risk_on,risk_on,0.0,1.1213327170893299e-100,1.0,2017-08-01,2000-09-01,2017-07-31,4253.0,risk_on
2017-08-03,risk_on,risk_on,0.0,3.0326345937743766e-100,1.0,2017-08-01,2000-09-01,2017-07-31,4253.0,risk_on
2017-08-04,risk_on,risk_on,0.0,1.6315482079753802e-99,1.0,2017-08-01,2000-09-01,2017-07-31,4253.0,risk_on
2017-08-07,risk_on,risk_on,0.0,1.679720083757805e-100,1.0,2017-08-01,2000-09-01,2017-07-31,4253.0,risk_on
2017-08-08,risk_on,risk_on,0.0,6.045887653857499e-102,1.0,2017-08-01,2000-09-01,2017-07-31,4253.0,risk_on
2017-08-09,risk_on,risk_on,0.0,2.9650192831557427e-104,1.0,2017-08-01,2000-09-01,2017-07-31,4253.0,risk_on
2017-08-10,risk_on,risk_on,0.0,6.330729896665181e-108,1.0,2017-08-01,2000-09-01,2017-07-31,4253.0,risk_on
2017-08-11,risk_on,risk_on,0.0,2.3663345234870777e-107,1.0,2017-08-01,2000-09-01,2017-07-31,4253.0,risk_on
2017-08-14,risk_on,risk_on,0.0,1.1633151191271455e-103,1.0,2017-08-01,2000-09-01,2017-07-31,4253.0,risk_on
2017-08-15,risk_on,risk_on,0.0,5.121836055807999e-102,1.0,2017-08-01,2000-09-01,2017-07-31,4253.0,risk_on
2017-08-16,risk_on,risk_on,0.0,1.9792489507845313e-103,1.0,2017-08-01,2000-09-01,2017-07-31,4253.0,risk_on
2017-08-17,risk_on,risk_on,0.0,3.0428039086372985e-105,1.0,2017-08-01,2000-09-01,2017-07-31,4253.0,risk_on
2017-08-18,risk_on,risk_on,0.0,7.314800972376491e-104,1.0,2017-08-01,2000-09-01,2017-07-31,4253.0,risk_on
2017-08-21,risk_on,risk_on,0.0,5.937552578791449e-104,1.0,2017-08-01,2000-09-01,2017-07-31,4253.0,risk_on
2017-08-22,risk_on,risk_on,0.0,1.294126496379071e-101,1.0,2017-08-01,2000-09-01,2017-07-31,4253.0,risk_on
2017-08-23,risk_on,risk_on,0.0,2.9111752954377102e-102,1.0,2017-08-01,2000-09-01,2017-07-31,4253.0,risk_on
2017-08-24,risk_on,risk_on,0.0,1.4110529468742825e-101,1.0,2017-08-01,2000-09-01,2017-07-31,4253.0,risk_on
2017-08-25,risk_on,risk_on,0.0,4.203682598135846e-102,1.0,2017-08-01,2000-09-01,2017-07-31,4253.0,risk_on
2017-08-28,risk_on,risk_on,0.0,5.085748763436806e-104,1.0,2017-08-01,2000-09-01,2017-07-31,4253.0,risk_on
2017-08-29,risk_on,risk_on,0.0,3.798972792408261e-104,1.0,2017-08-01,2000-09-01,2017-07-31,4253.0,risk_on
2017-08-30,risk_on,risk_on,0.0,6.967592854347518e-103,1.0,2017-08-01,2000-09-01,2017-07-31,4253.0,risk_on
2017-08-31,risk_on,risk_on,0.0,4.614005388057967e-101,1.0,2017-08-01,2000-09-01,2017-07-31,4253.0,risk_on
2017-09-01,risk_on,risk_on,0.0,3.6980713523940886e-110,1.0,2017-09-01,2000-09-01,2017-08-31,4276.0,risk_on
2017-09-05,risk_on,risk_on,0.0,1.5773898462259158e-110,1.0,2017-09-01,2000-09-01,2017-08-31,4276.0,risk_on
2017-09-06,risk_on,risk_on,0.0,3.2071606787425804e-111,1.0,2017-09-01,2000-09-01,2017-08-31,4276.0,risk_on
2017-09-07,risk_on,risk_on,0.0,2.9655411104137465e-110,1.0,2017-09-01,2000-09-01,2017-08-31,4276.0,risk_on
2017-09-08,risk_on,risk_on,0.0,1.719106256167881e-111,1.0,2017-09-01,2000-09-01,2017-08-31,4276.0,risk_on
2017-09-11,risk_on,risk_on,0.0,5.34919958789158e-112,1.0,2017-09-01,2000-09-01,2017-08-31,4276.0,risk_on
2017-09-12,risk_on,risk_on,0.0,4.075958116536441e-112,1.0,2017-09-01,2000-09-01,2017-08-31,4276.0,risk_on
2017-09-13,risk_on,risk_on,0.0,5.902816483782424e-113,1.0,2017-09-01,2000-09-01,2017-08-31,4276.0,risk_on
2017-09-14,risk_on,risk_on,0.0,2.750432430726239e-113,1.0,2017-09-01,2000-09-01,2017-08-31,4276.0,risk_on
2017-09-15,risk_on,risk_on,0.0,3.111048956500582e-111,1.0,2017-09-01,2000-09-01,2017-08-31,4276.0,risk_on
2017-09-18,risk_on,risk_on,0.0,7.558814273883987e-110,1.0,2017-09-01,2000-09-01,2017-08-31,4276.0,risk_on
2017-09-19,risk_on,risk_on,0.0,4.407799703983509e-110,1.0,2017-09-01,2000-09-01,2017-08-31,4276.0,risk_on
2017-09-20,risk_on,risk_on,0.0,2.582713931232991e-110,1.0,2017-09-01,2000-09-01,2017-08-31,4276.0,risk_on
2017-09-21,risk_on,risk_on,0.0,4.8915329617648546e-110,1.0,2017-09-01,2000-09-01,2017-08-31,4276.0,risk_on
2017-09-22,risk_on,risk_on,0.0,8.131839395058311e-108,1.0,2017-09-01,2000-09-01,2017-08-31,4276.0,risk_on
2017-09-25,risk_on,risk_on,0.0,6.132574862487299e-110,1.0,2017-09-01,2000-09-01,2017-08-31,4276.0,risk_on
2017-09-26,risk_on,risk_on,0.0,9.01868709648953e-110,1.0,2017-09-01,2000-09-01,2017-08-31,4276.0,risk_on
2017-09-27,risk_on,risk_on,0.0,8.167022542175235e-109,1.0,2017-09-01,2000-09-01,2017-08-31,4276.0,risk_on
2017-09-28,risk_on,risk_on,0.0,4.1338375570097986e-110,1.0,2017-09-01,2000-09-01,2017-08-31,4276.0,risk_on
2017-09-29,risk_on,risk_on,0.0,1.455049245161266e-110,1.0,2017-09-01,2000-09-01,2017-08-31,4276.0,risk_on
2017-10-02,risk_on,risk_on,0.0,2.3944686171420126e-19,1.0,2017-10-02,2000-09-01,2017-09-29,4296.0,risk_on
2017-10-03,risk_on,risk_on,0.0,4.250832156896321e-19,1.0,2017-10-02,2000-09-01,2017-09-29,4296.0,risk_on
2017-10-04,risk_on,risk_on,0.0,6.256244304312418e-20,1.0,2017-10-02,2000-09-01,2017-09-29,4296.0,risk_on
2017-10-05,risk_on,risk_on,0.0,8.843446881758568e-20,1.0,2017-10-02,2000-09-01,2017-09-29,4296.0,risk_on
2017-10-06,risk_on,risk_on,0.0,6.682309575690413e-19,1.0,2017-10-02,2000-09-01,2017-09-29,4296.0,risk_on
2017-10-09,risk_on,risk_on,0.0,2.56850122343585e-18,1.0,2017-10-02,2000-09-01,2017-09-29,4296.0,risk_on
2017-10-10,risk_on,risk_on,0.0,1.82457138067462e-18,1.0,2017-10-02,2000-09-01,2017-09-29,4296.0,risk_on
2017-10-11,risk_on,risk_on,0.0,3.321335691066177e-18,1.0,2017-10-02,2000-09-01,2017-09-29,4296.0,risk_on
2017-10-12,risk_on,risk_on,0.0,1.9181702435020035e-18,1.0,2017-10-02,2000-09-01,2017-09-29,4296.0,risk_on
2017-10-13,risk_on,risk_on,0.0,4.3692169870693185e-17,1.0,2017-10-02,2000-09-01,2017-09-29,4296.0,risk_on
2017-10-16,risk_on,risk_on,0.0,5.873101194862725e-19,1.0,2017-10-02,2000-09-01,2017-09-29,4296.0,risk_on
2017-10-17,risk_on,risk_on,0.0,2.0454506315415124e-18,1.0,2017-10-02,2000-09-01,2017-09-29,4296.0,risk_on
2017-10-18,risk_on,risk_on,0.0,2.3007785857492214e-18,1.0,2017-10-02,2000-09-01,2017-09-29,4296.0,risk_on
2017-10-19,risk_on,risk_on,0.0,3.971097210028465e-19,1.0,2017-10-02,2000-09-01,2017-09-29,4296.0,risk_on
2017-10-20,risk_on,risk_on,0.0,8.606170167124457e-20,1.0,2017-10-02,2000-09-01,2017-09-29,4296.0,risk_on
2017-10-23,risk_on,risk_on,0.0,5.991632508566775e-20,1.0,2017-10-02,2000-09-01,2017-09-29,4296.0,risk_on
2017-10-24,risk_on,risk_on,0.0,1.6674508087801042e-19,1.0,2017-10-02,2000-09-01,2017-09-29,4296.0,risk_on
2017-10-25,risk_on,risk_on,0.0,1.0884613217474697e-20,1.0,2017-10-02,2000-09-01,2017-09-29,4296.0,risk_on
2017-10-26,risk_on,risk_on,0.0,1.86830733345881e-20,1.0,2017-10-02,2000-09-01,2017-09-29,4296.0,risk_on
2017-10-27,risk_on,risk_on,0.0,1.8861232220700956e-22,1.0,2017-10-02,2000-09-01,2017-09-29,4296.0,risk_on
2017-10-30,risk_on,risk_on,0.0,1.8225021155871115e-19,1.0,2017-10-02,2000-09-01,2017-09-29,4296.0,risk_on
2017-10-31,risk_on,risk_on,0.0,6.727668217946556e-19,1.0,2017-10-02,2000-09-01,2017-09-29,4296.0,risk_on
2017-11-01,risk_on,risk_on,1.2518269542954983e-47,3.076063880106797e-16,1.0,2017-11-01,2000-09-01,2017-10-31,4318.0,risk_on
2017-11-02,risk_on,risk_on,1.4796032831815546e-48,2.6734943770743837e-16,1.0,2017-11-01,2000-09-01,2017-10-31,4318.0,risk_on
2017-11-03,risk_on,risk_on,1.5373165531533868e-48,1.3240245321298916e-15,0.9999999999999982,2017-11-01,2000-09-01,2017-10-31,4318.0,risk_on
2017-11-06,risk_on,risk_on,3.1254602795590565e-49,7.497006359177665e-15,0.9999999999999929,2017-11-01,2000-09-01,2017-10-31,4318.0,risk_on
2017-11-07,risk_on,risk_on,4.8778772242052496e-49,9.651593780842919e-15,0.9999999999999911,2017-11-01,2000-09-01,2017-10-31,4318.0,risk_on
2017-11-08,risk_on,risk_on,5.513456637413128e-50,4.539388763912556e-15,0.9999999999999964,2017-11-01,2000-09-01,2017-10-31,4318.0,risk_on
2017-11-09,risk_on,risk_on,1.6224584765908716e-48,1.0373047999624167e-14,0.9999999999999893,2017-11-01,2000-09-01,2017-10-31,4318.0,risk_on
2017-11-10,risk_on,risk_on,3.50574944431812e-49,7.02246166395754e-15,0.9999999999999929,2017-11-01,2000-09-01,2017-10-31,4318.0,risk_on
2017-11-13,risk_on,risk_on,4.513385305543131e-51,6.331004528751512e-15,0.9999999999999929,2017-11-01,2000-09-01,2017-10-31,4318.0,risk_on
2017-11-14,risk_on,risk_on,5.2139574841696873e-51,4.619896897047302e-15,0.9999999999999947,2017-11-01,2000-09-01,2017-10-31,4318.0,risk_on
2017-11-15,risk_on,risk_on,3.668162886056601e-51,4.040587971249411e-14,0.9999999999999591,2017-11-01,2000-09-01,2017-10-31,4318.0,risk_on
2017-11-16,risk_on,risk_on,1.9607639945041139e-50,1.9297298698763357e-14,0.9999999999999805,2017-11-01,2000-09-01,2017-10-31,4318.0,risk_on
2017-11-17,risk_on,risk_on,2.115522794743865e-51,6.794022963752728e-14,0.9999999999999325,2017-11-01,2000-09-01,2017-10-31,4318.0,risk_on
2017-11-20,risk_on,risk_on,2.861100757847064e-52,2.76173631185391e-14,0.9999999999999734,2017-11-01,2000-09-01,2017-10-31,4318.0,risk_on
2017-11-21,risk_on,risk_on,8.364902685259498e-52,3.07559235673657e-14,0.9999999999999698,2017-11-01,2000-09-01,2017-10-31,4318.0,risk_on
2017-11-22,risk_on,risk_on,3.019174178203349e-54,6.81090501103404e-14,0.9999999999999325,2017-11-01,2000-09-01,2017-10-31,4318.0,risk_on
2017-11-24,risk_on,risk_on,3.0601315317842617e-54,4.732900503136196e-14,0.999999999999952,2017-11-01,2000-09-01,2017-10-31,4318.0,risk_on
2017-11-27,risk_on,risk_on,2.1737597124807004e-54,1.6611958212145551e-13,0.9999999999998348,2017-11-01,2000-09-01,2017-10-31,4318.0,risk_on
2017-11-28,risk_on,risk_on,1.3026629375932928e-57,2.275243945655776e-14,0.9999999999999769,2017-11-01,2000-09-01,2017-10-31,4318.0,risk_on
2017-11-29,risk_on,risk_on,3.478223324689802e-55,2.645520295648177e-13,0.9999999999997371,2017-11-01,2000-09-01,2017-10-31,4318.0,risk_on
2017-11-30,risk_on,risk_on,2.2108347803925236e-54,4.9428253687151784e-14,0.9999999999999503,2017-11-01,2000-09-01,2017-10-31,4318.0,risk_on
2017-12-01,risk_on,risk_on,0.0,5.063581102519853e-234,1.0,2017-12-01,2000-09-01,2017-11-30,4339.0,risk_on
2017-12-04,risk_on,risk_on,0.0,9.845561037145081e-231,1.0,2017-12-01,2000-09-01,2017-11-30,4339.0,risk_on
2017-12-05,risk_on,risk_on,0.0,4.395173248835645e-230,1.0,2017-12-01,2000-09-01,2017-11-30,4339.0,risk_on
2017-12-06,risk_on,risk_on,0.0,5.623181325221687e-232,1.0,2017-12-01,2000-09-01,2017-11-30,4339.0,risk_on
2017-12-07,risk_on,risk_on,0.0,1.2648446112517602e-232,1.0,2017-12-01,2000-09-01,2017-11-30,4339.0,risk_on
2017-12-08,risk_on,risk_on,0.0,4.312023042096273e-235,1.0,2017-12-01,2000-09-01,2017-11-30,4339.0,risk_on
2017-12-11,risk_on,risk_on,0.0,3.6890569389948865e-235,1.0,2017-12-01,2000-09-01,2017-11-30,4339.0,risk_on
2017-12-12,risk_on,risk_on,0.0,1.264844940832993e-236,1.0,2017-12-01,2000-09-01,2017-11-30,4339.0,risk_on
2017-12-13,risk_on,risk_on,0.0,3.413165744095827e-239,1.0,2017-12-01,2000-09-01,2017-11-30,4339.0,risk_on
2017-12-14,risk_on,risk_on,0.0,2.0776473637047588e-238,1.0,2017-12-01,2000-09-01,2017-11-30,4339.0,risk_on
2017-12-15,risk_on,risk_on,0.0,1.4812884039011231e-238,1.0,2017-12-01,2000-09-01,2017-11-30,4339.0,risk_on
2017-12-18,risk_on,risk_on,0.0,8.515427947013565e-242,1.0,2017-12-01,2000-09-01,2017-11-30,4339.0,risk_on
2017-12-19,risk_on,risk_on,0.0,1.4426754681350634e-242,1.0,2017-12-01,2000-09-01,2017-11-30,4339.0,risk_on
2017-12-20,risk_on,risk_on,0.0,4.737331271136851e-244,1.0,2017-12-01,2000-09-01,2017-11-30,4339.0,risk_on
2017-12-21,risk_on,risk_on,0.0,4.613784506585252e-244,1.0,2017-12-01,2000-09-01,2017-11-30,4339.0,risk_on
2017-12-22,risk_on,risk_on,0.0,2.4128197815469107e-243,1.0,2017-12-01,2000-09-01,2017-11-30,4339.0,risk_on
2017-12-26,risk_on,risk_on,0.0,2.9170614139349117e-244,1.0,2017-12-01,2000-09-01,2017-11-30,4339.0,risk_on
2017-12-27,risk_on,risk_on,0.0,9.587488475976813e-248,1.0,2017-12-01,2000-09-01,2017-11-30,4339.0,risk_on
2017-12-28,risk_on,risk_on,0.0,6.455792040382441e-248,1.0,2017-12-01,2000-09-01,2017-11-30,4339.0,risk_on
2017-12-29,risk_on,risk_on,0.0,3.835081461423297e-253,1.0,2017-12-01,2000-09-01,2017-11-30,4339.0,risk_on
2018-01-02,risk_on,risk_on,5.905932246549058e-53,2.50346021223757e-196,1.0,2018-01-02,2000-09-01,2017-12-29,4359.0,risk_on
2018-01-03,risk_on,risk_on,5.515039111174655e-53,2.431680642159948e-192,1.0,2018-01-02,2000-09-01,2017-12-29,4359.0,risk_on
2018-01-04,risk_on,risk_on,1.9349605835998955e-54,2.589203400480188e-193,1.0,2018-01-02,2000-09-01,2017-12-29,4359.0,risk_on
2018-01-05,risk_on,risk_on,2.061108663417022e-55,1.2070758812236622e-192,1.0,2018-01-02,2000-09-01,2017-12-29,4359.0,risk_on
2018-01-08,risk_on,risk_on,2.7289802408709465e-54,2.432884364766553e-195,1.0,2018-01-02,2000-09-01,2017-12-29,4359.0,risk_on
2018-01-09,risk_on,risk_on,4.1619042742197807e-54,7.778632728422806e-199,1.0,2018-01-02,2000-09-01,2017-12-29,4359.0,risk_on
2018-01-10,risk_on,risk_on,1.6525346711701467e-53,8.261105074313641e-201,1.0,2018-01-02,2000-09-01,2017-12-29,4359.0,risk_on
2018-01-11,risk_on,risk_on,7.523903557505064e-55,4.716000734491479e-200,1.0,2018-01-02,2000-09-01,2017-12-29,4359.0,risk_on
2018-01-12,risk_on,risk_on,2.3765565715528334e-56,2.053673156430984e-198,1.0,2018-01-02,2000-09-01,2017-12-29,4359.0,risk_on
2018-01-16,risk_on,risk_on,1.935165733263311e-58,1.2783269469889797e-191,1.0,2018-01-02,2000-09-01,2017-12-29,4359.0,risk_on
2018-01-17,risk_on,risk_on,2.1894209936304616e-59,2.955047357659583e-190,1.0,2018-01-02,2000-09-01,2017-12-29,4359.0,risk_on
2018-01-18,risk_on,risk_on,1.612081058722462e-60,3.580058564688258e-194,1.0,2018-01-02,2000-09-01,2017-12-29,4359.0,risk_on
2018-01-19,risk_on,risk_on,2.8023331546120817e-60,1.3595819431986202e-198,1.0,2018-01-02,2000-09-01,2017-12-29,4359.0,risk_on
2018-01-22,risk_on,risk_on,3.4218387629991676e-61,9.505716930778065e-200,1.0,2018-01-02,2000-09-01,2017-12-29,4359.0,risk_on
2018-01-23,risk_on,risk_on,2.2112936975025124e-62,3.0659396530157567e-200,1.0,2018-01-02,2000-09-01,2017-12-29,4359.0,risk_on
2018-01-24,risk_on,risk_on,1.2440390553944768e-64,1.0377486477818363e-199,1.0,2018-01-02,2000-09-01,2017-12-29,4359.0,risk_on
2018-01-25,risk_on,risk_on,4.0642042323403763e-66,3.0124661521258073e-200,1.0,2018-01-02,2000-09-01,2017-12-29,4359.0,risk_on
2018-01-26,risk_on,risk_on,2.4132169000174045e-67,4.013664554449381e-197,1.0,2018-01-02,2000-09-01,2017-12-29,4359.0,risk_on
2018-01-29,risk_on,risk_on,4.711976697659193e-69,2.096833078981022e-198,1.0,2018-01-02,2000-09-01,2017-12-29,4359.0,risk_on
2018-01-30,risk_on,risk_on,1.969155811862795e-71,5.553374637762467e-200,1.0,2018-01-02,2000-09-01,2017-12-29,4359.0,risk_on
2018-01-31,risk_on,risk_on,6.544145762677413e-73,7.074756296082382e-201,1.0,2018-01-02,2000-09-01,2017-12-29,4359.0,risk_on
2018-02-01,risk_on,risk_on,0.0,4.556603830527739e-101,1.0,2018-02-01,2000-09-01,2018-01-31,4380.0,risk_on
2018-02-02,risk_on,risk_on,0.0,1.1373581535077335e-104,1.0,2018-02-01,2000-09-01,2018-01-31,4380.0,risk_on
2018-02-05,risk_off,risk_on,0.0,1.1575769611483712e-110,1.0,2018-02-01,2000-09-01,2018-01-31,4380.0,risk_on
2018-02-06,risk_off,risk_on,0.0,3.634815268400436e-120,1.0,2018-02-01,2000-09-01,2018-01-31,4380.0,risk_on
2018-02-07,risk_on,risk_on,0.0,3.272919384243764e-116,1.0,2018-02-01,2000-09-01,2018-01-31,4380.0,risk_on
2018-02-08,risk_off,risk_on,0.0,1.4177885976245614e-112,1.0,2018-02-01,2000-09-01,2018-01-31,4380.0,risk_on
2018-02-09,risk_on,risk_on,0.0,3.328176839045039e-113,1.0,2018-02-01,2000-09-01,2018-01-31,4380.0,risk_on
2018-02-12,risk_on,risk_on,0.0,1.1873430982243265e-110,1.0,2018-02-01,2000-09-01,2018-01-31,4380.0,risk_on
2018-02-13,risk_on,risk_on,0.0,1.2946783296434856e-110,1.0,2018-02-01,2000-09-01,2018-01-31,4380.0,risk_on
2018-02-14,risk_on,risk_on,0.0,2.3269061530914285e-114,1.0,2018-02-01,2000-09-01,2018-01-31,4380.0,risk_on
2018-02-15,risk_on,risk_on,0.0,1.2779005344212744e-115,1.0,2018-02-01,2000-09-01,2018-01-31,4380.0,risk_on
2018-02-16,risk_on,risk_on,0.0,3.481749199559386e-116,1.0,2018-02-01,2000-09-01,2018-01-31,4380.0,risk_on
2018-02-20,risk_on,risk_on,0.0,2.5308818470106268e-118,1.0,2018-02-01,2000-09-01,2018-01-31,4380.0,risk_on
2018-02-21,risk_on,risk_on,0.0,4.241504223327962e-116,1.0,2018-02-01,2000-09-01,2018-01-31,4380.0,risk_on
2018-02-22,risk_on,risk_on,0.0,2.264443694489629e-116,1.0,2018-02-01,2000-09-01,2018-01-31,4380.0,risk_on
2018-02-23,risk_on,risk_on,0.0,3.5927214515381943e-121,1.0,2018-02-01,2000-09-01,2018-01-31,4380.0,risk_on
2018-02-26,risk_on,risk_on,0.0,4.763182434953918e-123,1.0,2018-02-01,2000-09-01,2018-01-31,4380.0,risk_on
2018-02-27,risk_on,risk_on,0.0,3.587792056352837e-123,1.0,2018-02-01,2000-09-01,2018-01-31,4380.0,risk_on
2018-02-28,risk_on,risk_on,0.0,6.566351471785722e-122,1.0,2018-02-01,2000-09-01,2018-01-31,4380.0,risk_on
2018-03-01,risk_on,neutral,5.715796152481357e-104,1.0,0.0,2018-03-01,2000-09-01,2018-02-28,4399.0,risk_on
2018-03-02,risk_on,neutral,1.6342469895499894e-104,1.0,0.0,2018-03-01,2000-09-01,2018-02-28,4399.0,neutral
2018-03-05,risk_on,neutral,4.103017242261793e-103,1.0,0.0,2018-03-01,2000-09-01,2018-02-28,4399.0,neutral
2018-03-06,risk_on,neutral,5.692556739821343e-104,1.0,0.0,2018-03-01,2000-09-01,2018-02-28,4399.0,neutral
2018-03-07,risk_on,neutral,3.37515317959476e-107,1.0,0.0,2018-03-01,2000-09-01,2018-02-28,4399.0,neutral
2018-03-08,risk_on,neutral,6.147669785541365e-107,1.0,0.0,2018-03-01,2000-09-01,2018-02-28,4399.0,neutral
2018-03-09,risk_on,neutral,7.294991827730488e-106,1.0,0.0,2018-03-01,2000-09-01,2018-02-28,4399.0,neutral
2018-03-12,risk_on,neutral,1.6738225430045386e-107,1.0,0.0,2018-03-01,2000-09-01,2018-02-28,4399.0,neutral
2018-03-13,risk_on,neutral,1.4617898588684454e-109,1.0,0.0,2018-03-01,2000-09-01,2018-02-28,4399.0,neutral
2018-03-14,risk_on,neutral,2.4439090075921833e-108,1.0,0.0,2018-03-01,2000-09-01,2018-02-28,4399.0,neutral
2018-03-15,risk_on,neutral,1.739142628254369e-107,1.0,0.0,2018-03-01,2000-09-01,2018-02-28,4399.0,neutral
2018-03-16,risk_on,neutral,4.2052478635338134e-109,1.0,0.0,2018-03-01,2000-09-01,2018-02-28,4399.0,neutral
2018-03-19,risk_on,neutral,1.7785808575080813e-109,1.0,0.0,2018-03-01,2000-09-01,2018-02-28,4399.0,neutral
2018-03-20,risk_on,neutral,3.8398079606511216e-109,1.0,0.0,2018-03-01,2000-09-01,2018-02-28,4399.0,neutral
2018-03-21,risk_on,neutral,3.289756255072863e-110,1.0,0.0,2018-03-01,2000-09-01,2018-02-28,4399.0,neutral
2018-03-22,risk_on,neutral,3.104570959637265e-109,1.0,0.0,2018-03-01,2000-09-01,2018-02-28,4399.0,neutral
2018-03-23,risk_on,neutral,6.981378732121966e-111,1.0,0.0,2018-03-01,2000-09-01,2018-02-28,4399.0,neutral
2018-03-26,risk_on,neutral,2.1128496351345052e-107,1.0,0.0,2018-03-01,2000-09-01,2018-02-28,4399.0,neutral
2018-03-27,risk_on,neutral,1.1987222847367604e-108,1.0,0.0,2018-03-01,2000-09-01,2018-02-28,4399.0,neutral
2018-03-28,risk_on,neutral,1.4986701228914843e-110,1.0,0.0,2018-03-01,2000-09-01,2018-02-28,4399.0,neutral
2018-03-29,risk_on,neutral,1.6892854346029717e-109,1.0,0.0,2018-03-01,2000-09-01,2018-02-28,4399.0,neutral
2018-04-02,risk_on,risk_on,0.0,1.149728292876617e-30,1.0,2018-04-02,2000-09-01,2018-03-29,4420.0,neutral
2018-04-03,risk_on,risk_on,0.0,5.122749254031487e-29,1.0,2018-04-02,2000-09-01,2018-03-29,4420.0,risk_on
2018-04-04,risk_on,risk_on,0.0,1.1349540695659667e-29,1.0,2018-04-02,2000-09-01,2018-03-29,4420.0,risk_on
2018-04-05,risk_on,risk_on,0.0,4.685264027514112e-27,1.0,2018-04-02,2000-09-01,2018-03-29,4420.0,risk_on
2018-04-06,risk_on,risk_on,0.0,1.988064151865024e-26,1.0,2018-04-02,2000-09-01,2018-03-29,4420.0,risk_on
2018-04-09,risk_on,risk_on,0.0,6.8347234093188e-24,1.0,2018-04-02,2000-09-01,2018-03-29,4420.0,risk_on
2018-04-10,risk_on,risk_on,0.0,4.586233779524927e-24,1.0,2018-04-02,2000-09-01,2018-03-29,4420.0,risk_on
2018-04-11,risk_on,risk_on,0.0,1.47501490017239e-22,1.0,2018-04-02,2000-09-01,2018-03-29,4420.0,risk_on
2018-04-12,risk_on,risk_on,0.0,2.205485389690493e-22,1.0,2018-04-02,2000-09-01,2018-03-29,4420.0,risk_on
2018-04-13,risk_on,risk_on,0.0,2.027391517321968e-23,1.0,2018-04-02,2000-09-01,2018-03-29,4420.0,risk_on
2018-04-16,risk_on,risk_on,0.0,4.577657247025298e-23,1.0,2018-04-02,2000-09-01,2018-03-29,4420.0,risk_on
2018-04-17,risk_on,risk_on,0.0,9.516856540822537e-23,1.0,2018-04-02,2000-09-01,2018-03-29,4420.0,risk_on
2018-04-18,risk_on,risk_on,0.0,2.3953919909701167e-22,1.0,2018-04-02,2000-09-01,2018-03-29,4420.0,risk_on
2018-04-19,risk_on,risk_on,0.0,6.453082528000963e-24,1.0,2018-04-02,2000-09-01,2018-03-29,4420.0,risk_on
2018-04-20,risk_on,risk_on,0.0,5.530568449452715e-26,1.0,2018-04-02,2000-09-01,2018-03-29,4420.0,risk_on
2018-04-23,risk_on,risk_on,0.0,2.0223366110017094e-24,1.0,2018-04-02,2000-09-01,2018-03-29,4420.0,risk_on
2018-04-24,risk_on,risk_on,0.0,1.6933900773560248e-28,1.0,2018-04-02,2000-09-01,2018-03-29,4420.0,risk_on
2018-04-25,risk_on,risk_on,0.0,5.0269421330739455e-27,1.0,2018-04-02,2000-09-01,2018-03-29,4420.0,risk_on
2018-04-26,risk_on,risk_on,0.0,4.638891270964252e-26,1.0,2018-04-02,2000-09-01,2018-03-29,4420.0,risk_on
2018-04-27,risk_on,risk_on,0.0,2.1333799173850236e-26,1.0,2018-04-02,2000-09-01,2018-03-29,4420.0,risk_on
2018-04-30,risk_on,risk_on,0.0,4.4947997615922405e-25,1.0,2018-04-02,2000-09-01,2018-03-29,4420.0,risk_on
2018-05-01,risk_on,risk_on,2.271453439633083e-204,0.0,1.0,2018-05-01,2000-09-01,2018-04-30,4441.0,risk_on
2018-05-02,risk_on,risk_on,3.657698175818653e-207,0.0,1.0,2018-05-01,2000-09-01,2018-04-30,4441.0,risk_on
2018-05-03,risk_on,risk_on,2.4205555992056558e-206,0.0,1.0,2018-05-01,2000-09-01,2018-04-30,4441.0,risk_on
2018-05-04,risk_on,risk_on,4.1881795573731226e-204,0.0,1.0,2018-05-01,2000-09-01,2018-04-30,4441.0,risk_on
2018-05-07,risk_on,risk_on,9.084471410493921e-207,0.0,1.0,2018-05-01,2000-09-01,2018-04-30,4441.0,risk_on
2018-05-08,risk_on,risk_on,7.140203570058109e-206,0.0,1.0,2018-05-01,2000-09-01,2018-04-30,4441.0,risk_on
2018-05-09,risk_on,risk_on,2.1581019229758033e-204,0.0,1.0,2018-05-01,2000-09-01,2018-04-30,4441.0,risk_on
2018-05-10,risk_on,risk_on,7.5351951765876e-201,0.0,1.0,2018-05-01,2000-09-01,2018-04-30,4441.0,risk_on
2018-05-11,risk_on,risk_on,2.252341421619931e-201,0.0,1.0,2018-05-01,2000-09-01,2018-04-30,4441.0,risk_on
2018-05-14,risk_on,risk_on,2.0680281885514632e-203,0.0,1.0,2018-05-01,2000-09-01,2018-04-30,4441.0,risk_on
2018-05-15,risk_on,risk_on,2.178672245378537e-209,0.0,1.0,2018-05-01,2000-09-01,2018-04-30,4441.0,risk_on
2018-05-16,risk_on,risk_on,7.731570639234096e-207,0.0,1.0,2018-05-01,2000-09-01,2018-04-30,4441.0,risk_on
2018-05-17,risk_on,risk_on,8.795732461464268e-208,0.0,1.0,2018-05-01,2000-09-01,2018-04-30,4441.0,risk_on
2018-05-18,risk_on,risk_on,1.509465886209779e-209,0.0,1.0,2018-05-01,2000-09-01,2018-04-30,4441.0,risk_on
2018-05-21,risk_on,risk_on,5.622400991055618e-210,0.0,1.0,2018-05-01,2000-09-01,2018-04-30,4441.0,risk_on
2018-05-22,risk_on,risk_on,3.5439053819275387e-211,0.0,1.0,2018-05-01,2000-09-01,2018-04-30,4441.0,risk_on
2018-05-23,risk_on,risk_on,4.165425534450888e-211,0.0,1.0,2018-05-01,2000-09-01,2018-04-30,4441.0,risk_on
2018-05-24,risk_on,risk_on,2.131287831551412e-211,0.0,1.0,2018-05-01,2000-09-01,2018-04-30,4441.0,risk_on
2018-05-25,risk_on,risk_on,3.446632262055915e-210,0.0,1.0,2018-05-01,2000-09-01,2018-04-30,4441.0,risk_on
2018-05-29,risk_on,risk_on,7.396523692194042e-217,0.0,1.0,2018-05-01,2000-09-01,2018-04-30,4441.0,risk_on
2018-05-30,risk_on,risk_on,2.9837439265754396e-213,0.0,1.0,2018-05-01,2000-09-01,2018-04-30,4441.0,risk_on
2018-05-31,risk_on,risk_on,3.764116209878774e-215,0.0,1.0,2018-05-01,2000-09-01,2018-04-30,4441.0,risk_on
2018-06-01,risk_on,neutral,0.0,1.0,5.573828695699241e-123,2018-06-01,2000-09-01,2018-05-31,4463.0,risk_on
2018-06-04,risk_on,neutral,0.0,1.0,8.293725644592663e-121,2018-06-01,2000-09-01,2018-05-31,4463.0,neutral
2018-06-05,risk_on,neutral,0.0,1.0,5.232161918680814e-121,2018-06-01,2000-09-01,2018-05-31,4463.0,neutral
2018-06-06,risk_on,neutral,0.0,1.0,3.8565620660714935e-121,2018-06-01,2000-09-01,2018-05-31,4463.0,neutral
2018-06-07,risk_on,neutral,0.0,1.0,3.0364366670906476e-122,2018-06-01,2000-09-01,2018-05-31,4463.0,neutral
2018-06-08,risk_on,neutral,0.0,1.0,6.268635449535671e-121,2018-06-01,2000-09-01,2018-05-31,4463.0,neutral
2018-06-11,risk_on,neutral,0.0,1.0,1.5177688240298312e-120,2018-06-01,2000-09-01,2018-05-31,4463.0,neutral
2018-06-12,risk_on,neutral,0.0,1.0,2.6649986116665996e-121,2018-06-01,2000-09-01,2018-05-31,4463.0,neutral
2018-06-13,risk_on,neutral,0.0,1.0,7.147350920783254e-122,2018-06-01,2000-09-01,2018-05-31,4463.0,neutral
2018-06-14,risk_on,neutral,0.0,1.0,2.7580254702067523e-121,2018-06-01,2000-09-01,2018-05-31,4463.0,neutral
2018-06-15,risk_on,neutral,0.0,1.0,4.036430865581398e-127,2018-06-01,2000-09-01,2018-05-31,4463.0,neutral
2018-06-18,risk_on,neutral,0.0,1.0,1.6947233249207513e-128,2018-06-01,2000-09-01,2018-05-31,4463.0,neutral
2018-06-19,risk_on,neutral,0.0,1.0,6.545378808959066e-129,2018-06-01,2000-09-01,2018-05-31,4463.0,neutral
2018-06-20,risk_on,neutral,0.0,1.0,1.693113782809728e-129,2018-06-01,2000-09-01,2018-05-31,4463.0,neutral
2018-06-21,risk_on,neutral,0.0,1.0,3.1391277981753574e-132,2018-06-01,2000-09-01,2018-05-31,4463.0,neutral
2018-06-22,risk_on,neutral,0.0,1.0,2.0833383321080094e-133,2018-06-01,2000-09-01,2018-05-31,4463.0,neutral
2018-06-25,risk_on,neutral,0.0,1.0,4.383806476349252e-137,2018-06-01,2000-09-01,2018-05-31,4463.0,neutral
2018-06-26,risk_on,neutral,0.0,1.0,3.284527517191321e-138,2018-06-01,2000-09-01,2018-05-31,4463.0,neutral
2018-06-27,risk_on,neutral,0.0,1.0,1.4874666540040605e-141,2018-06-01,2000-09-01,2018-05-31,4463.0,neutral
2018-06-28,risk_on,neutral,0.0,1.0,8.14217216692206e-139,2018-06-01,2000-09-01,2018-05-31,4463.0,neutral
2018-06-29,risk_on,neutral,0.0,1.0,2.44987198572438e-140,2018-06-01,2000-09-01,2018-05-31,4463.0,neutral
2018-07-02,risk_on,neutral,1.30974638187642e-268,1.0,6.060912978455444e-95,2018-07-02,2000-09-01,2018-06-29,4484.0,neutral
2018-07-03,risk_on,neutral,7.381525775536402e-270,1.0,1.2911694141385201e-92,2018-07-02,2000-09-01,2018-06-29,4484.0,neutral
2018-07-05,risk_on,neutral,1.8067123460933364e-267,1.0,5.160989694896009e-94,2018-07-02,2000-09-01,2018-06-29,4484.0,neutral
2018-07-06,risk_on,neutral,5.9102587026828236e-266,1.0,1.6999259529159455e-95,2018-07-02,2000-09-01,2018-06-29,4484.0,neutral
2018-07-09,risk_on,neutral,1.7170279925252882e-266,1.0,9.391170411026926e-96,2018-07-02,2000-09-01,2018-06-29,4484.0,neutral
2018-07-10,risk_on,neutral,2.099165880894532e-267,1.0,1.3522359824641365e-94,2018-07-02,2000-09-01,2018-06-29,4484.0,neutral
2018-07-11,risk_on,neutral,8.801540173162684e-269,1.0,3.5093428862628086e-94,2018-07-02,2000-09-01,2018-06-29,4484.0,neutral
2018-07-12,risk_on,neutral,2.1669771235853346e-267,1.0,1.574647241092673e-95,2018-07-02,2000-09-01,2018-06-29,4484.0,neutral
2018-07-13,risk_on,neutral,5.289411450328548e-268,1.0,9.303962396491819e-95,2018-07-02,2000-09-01,2018-06-29,4484.0,neutral
2018-07-16,risk_on,neutral,6.813931513609362e-268,1.0,1.7561928803296377e-92,2018-07-02,2000-09-01,2018-06-29,4484.0,neutral
2018-07-17,risk_on,neutral,9.97747902385346e-268,1.0,1.386005339791557e-91,2018-07-02,2000-09-01,2018-06-29,4484.0,neutral
2018-07-18,risk_on,neutral,6.071805413270721e-271,1.0,3.9903086735359857e-91,2018-07-02,2000-09-01,2018-06-29,4484.0,neutral
2018-07-19,risk_on,neutral,4.564142191673582e-272,1.0,1.2757091016723185e-92,2018-07-02,2000-09-01,2018-06-29,4484.0,neutral
2018-07-20,risk_on,neutral,3.1997336761839385e-272,1.0,3.4405507024487685e-93,2018-07-02,2000-09-01,2018-06-29,4484.0,neutral
2018-07-23,risk_on,neutral,4.812326073973837e-272,1.0,1.2696842056253095e-91,2018-07-02,2000-09-01,2018-06-29,4484.0,neutral
2018-07-24,risk_on,neutral,1.0847402786077101e-273,1.0,7.788699857449606e-95,2018-07-02,2000-09-01,2018-06-29,4484.0,neutral
2018-07-25,risk_on,neutral,2.7315522093705177e-274,1.0,1.657861492185913e-93,2018-07-02,2000-09-01,2018-06-29,4484.0,neutral
2018-07-26,risk_on,neutral,1.922837923182637e-273,1.0,9.702840844832106e-93,2018-07-02,2000-09-01,2018-06-29,4484.0,neutral
2018-07-27,risk_on,neutral,3.6710146580433776e-273,1.0,6.961216926177453e-90,2018-07-02,2000-09-01,2018-06-29,4484.0,neutral
2018-07-30,risk_on,neutral,1.220956294596039e-274,1.0,5.398045660701445e-93,2018-07-02,2000-09-01,2018-06-29,4484.0,neutral
2018-07-31,risk_on,neutral,3.538002728465846e-273,1.0,8.85365594324547e-91,2018-07-02,2000-09-01,2018-06-29,4484.0,neutral
2018-08-01,risk_on,risk_on,1.1838137915921468e-251,3.2635933381763013e-46,1.0,2018-08-01,2000-09-01,2018-07-31,4505.0,neutral
2018-08-02,risk_on,risk_on,4.301451208018502e-252,1.8361566348086868e-47,1.0,2018-08-01,2000-09-01,2018-07-31,4505.0,risk_on
2018-08-03,risk_on,risk_on,2.067721917097702e-251,9.331802254221636e-47,1.0,2018-08-01,2000-09-01,2018-07-31,4505.0,risk_on
2018-08-06,risk_on,risk_on,1.2455092104773226e-251,3.4822948847376176e-46,1.0,2018-08-01,2000-09-01,2018-07-31,4505.0,risk_on
2018-08-07,risk_on,risk_on,2.0241964133106288e-252,7.118549480208712e-47,1.0,2018-08-01,2000-09-01,2018-07-31,4505.0,risk_on
2018-08-08,risk_on,risk_on,2.037132658826777e-254,5.3503268968988255e-45,1.0,2018-08-01,2000-09-01,2018-07-31,4505.0,risk_on
2018-08-09,risk_on,risk_on,6.703415239581544e-255,2.623757360413336e-46,1.0,2018-08-01,2000-09-01,2018-07-31,4505.0,risk_on
2018-08-10,risk_on,risk_on,1.4020266061261513e-254,1.0980002779125439e-48,1.0,2018-08-01,2000-09-01,2018-07-31,4505.0,risk_on
2018-08-13,risk_on,risk_on,4.04695692894607e-255,6.713468954177007e-48,1.0,2018-08-01,2000-09-01,2018-07-31,4505.0,risk_on
2018-08-14,risk_on,risk_on,9.275606255609853e-252,1.1703930086267445e-48,1.0,2018-08-01,2000-09-01,2018-07-31,4505.0,risk_on
2018-08-15,risk_on,risk_on,4.620990495583812e-251,5.910247809560774e-55,1.0,2018-08-01,2000-09-01,2018-07-31,4505.0,risk_on
2018-08-16,risk_on,risk_on,1.0191690593690422e-251,5.750160999804641e-52,1.0,2018-08-01,2000-09-01,2018-07-31,4505.0,risk_on
2018-08-17,risk_on,risk_on,4.009736325092879e-253,1.616620142655268e-53,1.0,2018-08-01,2000-09-01,2018-07-31,4505.0,risk_on
2018-08-20,risk_on,risk_on,1.3628634010153067e-251,5.545879526240978e-52,1.0,2018-08-01,2000-09-01,2018-07-31,4505.0,risk_on
2018-08-21,risk_on,risk_on,1.2355439232002245e-250,7.706192774686838e-54,1.0,2018-08-01,2000-09-01,2018-07-31,4505.0,risk_on
2018-08-22,risk_on,risk_on,1.1379641101396779e-251,2.646009857318442e-52,1.0,2018-08-01,2000-09-01,2018-07-31,4505.0,risk_on
2018-08-23,risk_on,risk_on,4.1458141162685703e-253,4.440656776214593e-53,1.0,2018-08-01,2000-09-01,2018-07-31,4505.0,risk_on
2018-08-24,risk_on,risk_on,1.3588383911480818e-251,1.2555920573565404e-53,1.0,2018-08-01,2000-09-01,2018-07-31,4505.0,risk_on
2018-08-27,risk_on,risk_on,6.528629688500016e-254,3.724203530236256e-54,1.0,2018-08-01,2000-09-01,2018-07-31,4505.0,risk_on
2018-08-28,risk_on,risk_on,1.0508490867501095e-257,8.935836391512957e-53,1.0,2018-08-01,2000-09-01,2018-07-31,4505.0,risk_on
2018-08-29,risk_on,risk_on,3.1541365133094e-257,3.5687515869488214e-55,1.0,2018-08-01,2000-09-01,2018-07-31,4505.0,risk_on
2018-08-30,risk_on,risk_on,1.3138192824024835e-257,5.4517396050323e-55,1.0,2018-08-01,2000-09-01,2018-07-31,4505.0,risk_on
2018-08-31,risk_on,risk_on,2.719344616704598e-258,1.2944689654684295e-55,1.0,2018-08-01,2000-09-01,2018-07-31,4505.0,risk_on
2018-09-04,risk_on,risk_on,0.0,2.4606633927007686e-54,1.0,2018-09-04,2000-09-01,2018-08-31,4528.0,risk_on
2018-09-05,risk_on,risk_on,0.0,1.3862264307886808e-54,1.0,2018-09-04,2000-09-01,2018-08-31,4528.0,risk_on
2018-09-06,risk_on,risk_on,0.0,9.242609686466635e-54,1.0,2018-09-04,2000-09-01,2018-08-31,4528.0,risk_on
2018-09-07,risk_on,risk_on,0.0,2.614813429996476e-53,1.0,2018-09-04,2000-09-01,2018-08-31,4528.0,risk_on
2018-09-10,risk_on,risk_on,0.0,4.416653950111655e-52,1.0,2018-09-04,2000-09-01,2018-08-31,4528.0,risk_on
2018-09-11,risk_on,risk_on,0.0,3.47297780920553e-52,1.0,2018-09-04,2000-09-01,2018-08-31,4528.0,risk_on
2018-09-12,risk_on,risk_on,0.0,1.2989431200638962e-51,1.0,2018-09-04,2000-09-01,2018-08-31,4528.0,risk_on
2018-09-13,risk_on,risk_on,0.0,1.7365415963227253e-52,1.0,2018-09-04,2000-09-01,2018-08-31,4528.0,risk_on
2018-09-14,risk_on,risk_on,0.0,7.963065163939693e-52,1.0,2018-09-04,2000-09-01,2018-08-31,4528.0,risk_on
2018-09-17,risk_on,risk_on,0.0,4.3635288378045814e-51,1.0,2018-09-04,2000-09-01,2018-08-31,4528.0,risk_on
2018-09-18,risk_on,risk_on,0.0,1.2251514008493392e-51,1.0,2018-09-04,2000-09-01,2018-08-31,4528.0,risk_on
2018-09-19,risk_on,risk_on,0.0,8.645589779528978e-51,1.0,2018-09-04,2000-09-01,2018-08-31,4528.0,risk_on
2018-09-20,risk_on,risk_on,0.0,2.0812808072452515e-53,1.0,2018-09-04,2000-09-01,2018-08-31,4528.0,risk_on
2018-09-21,risk_on,risk_on,0.0,1.1552846670863768e-52,1.0,2018-09-04,2000-09-01,2018-08-31,4528.0,risk_on
2018-09-24,risk_on,risk_on,0.0,1.8221532129856816e-53,1.0,2018-09-04,2000-09-01,2018-08-31,4528.0,risk_on
2018-09-25,risk_on,risk_on,0.0,1.779212489842127e-53,1.0,2018-09-04,2000-09-01,2018-08-31,4528.0,risk_on
2018-09-26,risk_on,risk_on,0.0,3.687032167524456e-55,1.0,2018-09-04,2000-09-01,2018-08-31,4528.0,risk_on
2018-09-27,risk_on,risk_on,0.0,3.8325523885189786e-55,1.0,2018-09-04,2000-09-01,2018-08-31,4528.0,risk_on
2018-09-28,risk_on,risk_on,0.0,3.671332735802097e-54,1.0,2018-09-04,2000-09-01,2018-08-31,4528.0,risk_on
2018-10-01,risk_on,risk_on,0.0,9.513962270648521e-09,0.9999999904860379,2018-10-01,2000-09-01,2018-09-28,4547.0,risk_on
2018-10-02,risk_on,risk_on,0.0,1.165352107643951e-08,0.9999999883464793,2018-10-01,2000-09-01,2018-09-28,4547.0,risk_on
2018-10-03,risk_on,risk_on,0.0,1.573069286927903e-08,0.9999999842693069,2018-10-01,2000-09-01,2018-09-28,4547.0,risk_on
2018-10-04,risk_on,risk_on,0.0,5.208657881619505e-08,0.999999947913421,2018-10-01,2000-09-01,2018-09-28,4547.0,risk_on
2018-10-05,risk_on,risk_on,0.0,1.0169541126886166e-07,0.9999998983045887,2018-10-01,2000-09-01,2018-09-28,4547.0,risk_on
2018-10-08,risk_on,risk_on,0.0,1.391726170482486e-06,0.9999986082738296,2018-10-01,2000-09-01,2018-09-28,4547.0,risk_on
2018-10-09,risk_on,risk_on,0.0,6.340177333214229e-06,0.9999936598226671,2018-10-01,2000-09-01,2018-09-28,4547.0,risk_on
2018-10-10,risk_on,neutral,0.0,0.9000798384164101,0.09992016158358911,2018-10-01,2000-09-01,2018-09-28,4547.0,risk_on
2018-10-11,risk_on,neutral,0.0,0.9902399219623276,0.009760078037669944,2018-10-01,2000-09-01,2018-09-28,4547.0,neutral
2018-10-12,risk_on,risk_on,0.0,0.3789715737604448,0.6210284262395541,2018-10-01,2000-09-01,2018-09-28,4547.0,neutral
2018-10-15,risk_on,neutral,0.0,0.9950983733101874,0.004901626689812645,2018-10-01,2000-09-01,2018-09-28,4547.0,risk_on
2018-10-16,risk_on,risk_on,0.0,0.03141902733407829,0.9685809726659207,2018-10-01,2000-09-01,2018-09-28,4547.0,neutral
2018-10-17,risk_on,risk_on,0.0,0.06353642761480673,0.936463572385192,2018-10-01,2000-09-01,2018-09-28,4547.0,risk_on
2018-10-18,risk_on,neutral,0.0,0.9565915951748641,0.043408404825134514,2018-10-01,2000-09-01,2018-09-28,4547.0,risk_on
2018-10-19,risk_on,neutral,0.0,0.9887877533347974,0.011212246665201509,2018-10-01,2000-09-01,2018-09-28,4547.0,neutral
2018-10-22,risk_on,neutral,0.0,0.9990488855124996,0.0009511144874993615,2018-10-01,2000-09-01,2018-09-28,4547.0,neutral
2018-10-23,risk_on,neutral,0.0,0.9997118423414362,0.00028815765856257577,2018-10-01,2000-09-01,2018-09-28,4547.0,neutral
2018-10-24,risk_on,neutral,0.0,0.9999999999982023,1.7965218701698787e-12,2018-10-01,2000-09-01,2018-09-28,4547.0,neutral
2018-10-25,risk_on,neutral,0.0,0.9999999999940918,5.908008236213835e-12,2018-10-01,2000-09-01,2018-09-28,4547.0,neutral
2018-10-26,risk_on,neutral,0.0,0.9999999978104768,2.1895219621542957e-09,2018-10-01,2000-09-01,2018-09-28,4547.0,neutral
2018-10-29,risk_on,neutral,0.0,0.9999999999998082,1.9280369442391166e-13,2018-10-01,2000-09-01,2018-09-28,4547.0,neutral
2018-10-30,risk_on,neutral,0.0,0.9999999999999574,4.2823662994335774e-14,2018-10-01,2000-09-01,2018-09-28,4547.0,neutral
2018-10-31,risk_on,neutral,0.0,0.9999999999999858,1.4382151875622026e-14,2018-10-01,2000-09-01,2018-09-28,4547.0,neutral
2018-11-01,risk_on,risk_on,0.0,1.0537753698564442e-28,1.0,2018-11-01,2000-09-01,2018-10-31,4570.0,neutral
2018-11-02,risk_on,risk_on,0.0,4.1170277046267945e-28,1.0,2018-11-01,2000-09-01,2018-10-31,4570.0,risk_on
2018-11-05,risk_on,risk_on,0.0,3.0598359714246614e-25,1.0,2018-11-01,2000-09-01,2018-10-31,4570.0,risk_on
2018-11-06,risk_on,risk_on,0.0,1.04719361186784e-24,1.0,2018-11-01,2000-09-01,2018-10-31,4570.0,risk_on
2018-11-07,risk_on,risk_on,0.0,2.1519867619459032e-23,1.0,2018-11-01,2000-09-01,2018-10-31,4570.0,risk_on
2018-11-08,risk_on,risk_on,0.0,9.298449697598194e-24,1.0,2018-11-01,2000-09-01,2018-10-31,4570.0,risk_on
2018-11-09,risk_on,risk_on,0.0,6.731703193565273e-23,1.0,2018-11-01,2000-09-01,2018-10-31,4570.0,risk_on
2018-11-12,risk_on,risk_on,0.0,1.5481570974927403e-22,1.0,2018-11-01,2000-09-01,2018-10-31,4570.0,risk_on
2018-11-13,risk_on,risk_on,0.0,8.290093616853497e-21,1.0,2018-11-01,2000-09-01,2018-10-31,4570.0,risk_on
2018-11-14,risk_on,risk_on,0.0,1.352050147903917e-19,1.0,2018-11-01,2000-09-01,2018-10-31,4570.0,risk_on
2018-11-15,risk_on,risk_on,0.0,2.9875998898895726e-20,1.0,2018-11-01,2000-09-01,2018-10-31,4570.0,risk_on
2018-11-16,risk_on,risk_on,0.0,6.880472841278066e-18,1.0,2018-11-01,2000-09-01,2018-10-31,4570.0,risk_on
2018-11-19,risk_on,risk_on,0.0,2.1012894174431873e-16,1.0,2018-11-01,2000-09-01,2018-10-31,4570.0,risk_on
2018-11-20,risk_on,risk_on,0.0,7.901577679405273e-15,0.9999999999999929,2018-11-01,2000-09-01,2018-10-31,4570.0,risk_on
2018-11-21,risk_on,risk_on,0.0,9.83278462348175e-12,0.9999999999901661,2018-11-01,2000-09-01,2018-10-31,4570.0,risk_on
2018-11-23,risk_on,risk_on,0.0,2.201104443749795e-10,0.9999999997798881,2018-11-01,2000-09-01,2018-10-31,4570.0,risk_on
2018-11-26,risk_on,risk_on,0.0,1.1450445521879675e-05,0.9999885495544754,2018-11-01,2000-09-01,2018-10-31,4570.0,risk_on
2018-11-27,risk_on,risk_on,0.0,7.2915359746153515e-06,0.9999927084640226,2018-11-01,2000-09-01,2018-10-31,4570.0,risk_on
2018-11-28,risk_on,risk_on,0.0,9.494387561964816e-06,0.9999905056124399,2018-11-01,2000-09-01,2018-10-31,4570.0,risk_on
2018-11-29,risk_on,risk_on,0.0,2.936800684218176e-05,0.9999706319931563,2018-11-01,2000-09-01,2018-10-31,4570.0,risk_on
2018-11-30,risk_on,risk_on,0.0,0.25745252935095797,0.7425474706490444,2018-11-01,2000-09-01,2018-10-31,4570.0,risk_on
2018-12-03,risk_on,risk_on,0.0,1.4010752217723396e-08,0.9999999859892484,2018-12-03,2000-09-01,2018-11-30,4591.0,risk_on
2018-12-04,risk_on,risk_on,0.0,3.87631408732822e-13,0.9999999999996092,2018-12-03,2000-09-01,2018-11-30,4591.0,risk_on
2018-12-06,risk_on,risk_on,0.0,1.420969053620004e-12,0.9999999999985789,2018-12-03,2000-09-01,2018-11-30,4591.0,risk_on
2018-12-07,risk_on,risk_on,0.0,5.7722139432069e-11,0.9999999999422755,2018-12-03,2000-09-01,2018-11-30,4591.0,risk_on
2018-12-10,risk_on,risk_on,0.0,0.0003126904026282544,0.9996873095973685,2018-12-03,2000-09-01,2018-11-30,4591.0,risk_on
2018-12-11,risk_on,risk_on,0.0,0.0010050477322384665,0.9989949522677628,2018-12-03,2000-09-01,2018-11-30,4591.0,risk_on
2018-12-12,risk_on,risk_on,0.0,0.00010110035705857989,0.9998988996429381,2018-12-03,2000-09-01,2018-11-30,4591.0,risk_on
2018-12-13,risk_on,risk_on,0.0,5.165189156078608e-06,0.9999948348108446,2018-12-03,2000-09-01,2018-11-30,4591.0,risk_on
2018-12-14,risk_on,risk_on,0.0,0.00022464913064578125,0.9997753508693541,2018-12-03,2000-09-01,2018-11-30,4591.0,risk_on
2018-12-17,risk_on,risk_on,0.0,0.002098998834269413,0.9979010011657278,2018-12-03,2000-09-01,2018-11-30,4591.0,risk_on
2018-12-18,risk_on,neutral,0.0,0.9999702829971319,2.9717002866000874e-05,2018-12-03,2000-09-01,2018-11-30,4591.0,risk_on
2018-12-19,risk_on,neutral,0.0,0.9999935875459197,6.412454083251068e-06,2018-12-03,2000-09-01,2018-11-30,4591.0,neutral
2018-12-20,risk_on,neutral,0.0,0.9999929640919415,7.035908056603866e-06,2018-12-03,2000-09-01,2018-11-30,4591.0,neutral
2018-12-21,risk_on,risk_on,0.0,0.06721941097410114,0.9327805890259026,2018-12-03,2000-09-01,2018-11-30,4591.0,neutral
2018-12-24,risk_off,neutral,0.0,0.9999999999999858,1.959578068084849e-14,2018-12-03,2000-09-01,2018-11-30,4591.0,risk_on
2018-12-26,risk_on,neutral,0.0,0.9999777425912316,2.225740876994499e-05,2018-12-03,2000-09-01,2018-11-30,4591.0,neutral
2018-12-27,risk_on,neutral,0.0,0.999999999967784,3.222270984821266e-11,2018-12-03,2000-09-01,2018-11-30,4591.0,neutral
2018-12-28,risk_on,neutral,0.0,0.9999999999999929,3.849816171006347e-15,2018-12-03,2000-09-01,2018-11-30,4591.0,neutral
2018-12-31,risk_on,neutral,0.0,1.0,2.8941227199972635e-22,2018-12-03,2000-09-01,2018-11-30,4591.0,neutral
2019-01-02,risk_on,neutral,1.556715230784747e-241,1.0,2.8313381215033475e-121,2019-01-02,2000-09-01,2018-12-31,4610.0,neutral
2019-01-03,risk_on,neutral,1.1684399252429026e-237,1.0,1.1668748389426388e-128,2019-01-02,2000-09-01,2018-12-31,4610.0,neutral
2019-01-04,risk_on,neutral,1.6989626194622188e-224,1.0,1.035942845567104e-133,2019-01-02,2000-09-01,2018-12-31,4610.0,neutral
2019-01-07,risk_on,neutral,3.344426915225289e-226,1.0,4.1464970445021445e-129,2019-01-02,2000-09-01,2018-12-31,4610.0,neutral
2019-01-08,risk_on,neutral,4.777842152812234e-220,1.0,6.351090682185438e-131,2019-01-02,2000-09-01,2018-12-31,4610.0,neutral
2019-01-09,risk_on,neutral,2.4047676289418273e-218,1.0,1.2873014722764816e-130,2019-01-02,2000-09-01,2018-12-31,4610.0,neutral
2019-01-10,risk_on,neutral,1.6259816597078217e-217,1.0,7.932107002132633e-132,2019-01-02,2000-09-01,2018-12-31,4610.0,neutral
2019-01-11,risk_on,neutral,2.1854248046856215e-214,1.0,5.070667046536855e-124,2019-01-02,2000-09-01,2018-12-31,4610.0,neutral
2019-01-14,risk_on,neutral,1.0925509917501646e-214,1.0,6.378931531739219e-125,2019-01-02,2000-09-01,2018-12-31,4610.0,neutral
2019-01-15,risk_on,neutral,1.0819981195459596e-212,1.0,7.961876889220045e-132,2019-01-02,2000-09-01,2018-12-31,4610.0,neutral
2019-01-16,risk_on,neutral,3.9460265735930293e-212,1.0,1.0466374251680854e-129,2019-01-02,2000-09-01,2018-12-31,4610.0,neutral
2019-01-17,risk_on,neutral,1.3169560950575506e-211,1.0,7.883669172842597e-133,2019-01-02,2000-09-01,2018-12-31,4610.0,neutral
2019-01-18,risk_on,neutral,7.138100012110813e-209,1.0,9.040091471438836e-136,2019-01-02,2000-09-01,2018-12-31,4610.0,neutral
2019-01-22,risk_on,neutral,8.060939986394878e-213,1.0,2.1916275318102334e-134,2019-01-02,2000-09-01,2018-12-31,4610.0,neutral
2019-01-23,risk_on,neutral,1.3579872779967553e-211,1.0,4.7369492274837755e-132,2019-01-02,2000-09-01,2018-12-31,4610.0,neutral
2019-01-24,risk_on,neutral,7.070997440376198e-212,1.0,7.654971555490676e-130,2019-01-02,2000-09-01,2018-12-31,4610.0,neutral
2019-01-25,risk_on,neutral,5.144698548554317e-208,1.0,1.3261388382097056e-126,2019-01-02,2000-09-01,2018-12-31,4610.0,neutral
2019-01-28,risk_on,neutral,6.881965796322503e-210,1.0,4.686477488551516e-111,2019-01-02,2000-09-01,2018-12-31,4610.0,neutral
2019-01-29,risk_on,neutral,2.6001759823281532e-211,1.0,1.1750686593332309e-116,2019-01-02,2000-09-01,2018-12-31,4610.0,neutral
2019-01-30,risk_on,neutral,2.0778822261857344e-208,1.0,3.3224299006527336e-117,2019-01-02,2000-09-01,2018-12-31,4610.0,neutral
2019-01-31,risk_on,neutral,1.0337959332695511e-206,1.0,4.687083518766236e-115,2019-01-02,2000-09-01,2018-12-31,4610.0,neutral
2019-02-01,risk_on,neutral,3.538465972853233e-230,1.0,8.833762509177201e-127,2019-02-01,2000-09-01,2019-01-31,4631.0,neutral
2019-02-04,risk_on,neutral,3.881975264025255e-232,1.0,1.0484289678945857e-126,2019-02-01,2000-09-01,2019-01-31,4631.0,neutral
2019-02-05,risk_on,neutral,5.207055640692223e-236,1.0,3.5068325029999976e-124,2019-02-01,2000-09-01,2019-01-31,4631.0,neutral
2019-02-06,risk_on,neutral,4.964904478134486e-237,1.0,1.4299223305507329e-121,2019-02-01,2000-09-01,2019-01-31,4631.0,neutral
2019-02-07,risk_on,neutral,3.347904556831181e-238,1.0,2.3623616397709715e-121,2019-02-01,2000-09-01,2019-01-31,4631.0,neutral
2019-02-08,risk_on,neutral,2.413200170648067e-238,1.0,4.015407340035806e-120,2019-02-01,2000-09-01,2019-01-31,4631.0,neutral
2019-02-11,risk_on,neutral,2.283946439638524e-238,1.0,4.208503809824887e-124,2019-02-01,2000-09-01,2019-01-31,4631.0,neutral
2019-02-12,risk_on,neutral,1.9277183780407144e-236,1.0,3.6689812853444016e-127,2019-02-01,2000-09-01,2019-01-31,4631.0,neutral
2019-02-13,risk_on,neutral,1.6471356750184157e-236,1.0,4.077057790597456e-126,2019-02-01,2000-09-01,2019-01-31,4631.0,neutral
2019-02-14,risk_on,neutral,4.479836561085242e-236,1.0,4.9001162136535866e-123,2019-02-01,2000-09-01,2019-01-31,4631.0,neutral
2019-02-15,risk_on,neutral,8.133435636871979e-239,1.0,4.0999668978688194e-120,2019-02-01,2000-09-01,2019-01-31,4631.0,neutral
2019-02-19,risk_on,neutral,1.7587765465354402e-240,1.0,4.4518393992258865e-118,2019-02-01,2000-09-01,2019-01-31,4631.0,neutral
2019-02-20,risk_on,neutral,3.2545902755328574e-239,1.0,2.323403582348439e-120,2019-02-01,2000-09-01,2019-01-31,4631.0,neutral
2019-02-21,risk_on,neutral,4.746153288100488e-242,1.0,2.5045792157733714e-117,2019-02-01,2000-09-01,2019-01-31,4631.0,neutral
2019-02-22,risk_on,neutral,9.351900501117082e-242,1.0,8.999578601429083e-112,2019-02-01,2000-09-01,2019-01-31,4631.0,neutral
2019-02-25,risk_on,neutral,7.266683918625776e-241,1.0,1.717221797017063e-112,2019-02-01,2000-09-01,2019-01-31,4631.0,neutral
2019-02-26,risk_on,neutral,1.2642965828114096e-241,1.0,1.5108733400776143e-111,2019-02-01,2000-09-01,2019-01-31,4631.0,neutral
2019-02-27,risk_on,neutral,6.108008679078317e-244,1.0,3.860515525675588e-109,2019-02-01,2000-09-01,2019-01-31,4631.0,neutral
2019-02-28,risk_on,neutral,6.563017375957622e-248,1.0,1.2686786506545621e-112,2019-02-01,2000-09-01,2019-01-31,4631.0,neutral
2019-03-01,risk_on,risk_off,1.0,4.928711007310023e-19,4.0725581729532906e-64,2019-03-01,2000-09-01,2019-02-28,4650.0,neutral
2019-03-04,risk_on,risk_off,1.0,4.3007462584767437e-19,1.6728265268622443e-65,2019-03-01,2000-09-01,2019-02-28,4650.0,risk_off
2019-03-05,risk_on,risk_off,1.0,2.441083724203612e-19,6.964133704626515e-64,2019-03-01,2000-09-01,2019-02-28,4650.0,risk_off
2019-03-06,risk_on,risk_off,1.0,3.224406492772666e-20,8.750326589683882e-65,2019-03-01,2000-09-01,2019-02-28,4650.0,risk_off
2019-03-07,risk_on,risk_off,1.0,1.0837288005068534e-20,5.411021223469641e-66,2019-03-01,2000-09-01,2019-02-28,4650.0,risk_off
2019-03-08,risk_on,risk_off,1.0,1.517498049654534e-22,9.666590114953648e-62,2019-03-01,2000-09-01,2019-02-28,4650.0,risk_off
2019-03-11,risk_on,risk_off,1.0,3.950685858578127e-21,4.265370638701089e-63,2019-03-01,2000-09-01,2019-02-28,4650.0,risk_off
2019-03-12,risk_on,risk_off,1.0,9.304546837290254e-22,1.6705891092002704e-59,2019-03-01,2000-09-01,2019-02-28,4650.0,risk_off
2019-03-13,risk_on,risk_off,1.0,2.9422092153587604e-21,6.525341986503406e-62,2019-03-01,2000-09-01,2019-02-28,4650.0,risk_off
2019-03-14,risk_on,risk_off,1.0,8.277471350606795e-20,8.13593665910227e-60,2019-03-01,2000-09-01,2019-02-28,4650.0,risk_off
2019-03-15,risk_on,risk_off,1.0,1.8846225195920267e-20,4.82467303337114e-60,2019-03-01,2000-09-01,2019-02-28,4650.0,risk_off
2019-03-18,risk_on,risk_off,1.0,3.1850672592706064e-20,5.2935297063828805e-59,2019-03-01,2000-09-01,2019-02-28,4650.0,risk_off
2019-03-19,risk_on,risk_off,1.0,1.1606739703102422e-21,5.755752829071638e-56,2019-03-01,2000-09-01,2019-02-28,4650.0,risk_off
2019-03-20,risk_on,risk_off,1.0,6.597028683531211e-23,1.3521342768614154e-53,2019-03-01,2000-09-01,2019-02-28,4650.0,risk_off
2019-03-21,risk_on,risk_off,1.0,2.800085368230104e-22,7.403399716614967e-52,2019-03-01,2000-09-01,2019-02-28,4650.0,risk_off
2019-03-22,risk_on,risk_off,1.0,6.015264574341849e-29,2.4691927403495344e-49,2019-03-01,2000-09-01,2019-02-28,4650.0,risk_off
2019-03-25,risk_on,risk_off,1.0,1.7963650666350947e-25,2.7589476921053774e-43,2019-03-01,2000-09-01,2019-02-28,4650.0,risk_off
2019-03-26,risk_on,risk_off,1.0,2.813650031236323e-22,3.148880248149494e-38,2019-03-01,2000-09-01,2019-02-28,4650.0,risk_off
2019-03-27,risk_on,risk_off,1.0,5.448078660526055e-23,4.688098197918e-34,2019-03-01,2000-09-01,2019-02-28,4650.0,risk_off
2019-03-28,risk_on,risk_off,1.0,1.5421659680424534e-21,1.2289159290424776e-34,2019-03-01,2000-09-01,2019-02-28,4650.0,risk_off
2019-03-29,risk_on,risk_off,1.0,4.926960891229571e-21,2.7132700384989935e-31,2019-03-01,2000-09-01,2019-02-28,4650.0,risk_off
2019-04-01,risk_on,neutral,0.0,1.0,4.7474873160727796e-29,2019-04-01,2000-09-01,2019-03-29,4671.0,risk_off
2019-04-02,risk_on,neutral,0.0,1.0,2.3635084292343015e-27,2019-04-01,2000-09-01,2019-03-29,4671.0,neutral
2019-04-03,risk_on,neutral,0.0,1.0,5.38822281230592e-27,2019-04-01,2000-09-01,2019-03-29,4671.0,neutral
2019-04-04,risk_on,neutral,0.0,1.0,2.3571710920393362e-23,2019-04-01,2000-09-01,2019-03-29,4671.0,neutral
2019-04-05,risk_on,neutral,0.0,1.0,1.8370228199442836e-23,2019-04-01,2000-09-01,2019-03-29,4671.0,neutral
2019-04-08,risk_on,neutral,0.0,1.0,1.806889248104722e-22,2019-04-01,2000-09-01,2019-03-29,4671.0,neutral
2019-04-09,risk_on,neutral,0.0,1.0,6.178276424769182e-21,2019-04-01,2000-09-01,2019-03-29,4671.0,neutral
2019-04-10,risk_on,neutral,0.0,1.0,4.869503708659437e-20,2019-04-01,2000-09-01,2019-03-29,4671.0,neutral
2019-04-11,risk_on,neutral,0.0,1.0,3.0033336053840977e-18,2019-04-01,2000-09-01,2019-03-29,4671.0,neutral
2019-04-12,risk_on,neutral,0.0,1.0,2.5041654247996174e-17,2019-04-01,2000-09-01,2019-03-29,4671.0,neutral
2019-04-15,risk_on,neutral,0.0,0.9999999999999964,3.1639097181017993e-15,2019-04-01,2000-09-01,2019-03-29,4671.0,neutral
2019-04-16,risk_on,neutral,0.0,0.9999999999999982,1.4042918711344187e-15,2019-04-01,2000-09-01,2019-03-29,4671.0,neutral
2019-04-17,risk_on,neutral,0.0,0.999999999999984,1.5440573635012398e-14,2019-04-01,2000-09-01,2019-03-29,4671.0,neutral
2019-04-18,risk_on,neutral,0.0,0.9999999999998863,1.1230464106444503e-13,2019-04-01,2000-09-01,2019-03-29,4671.0,neutral
2019-04-22,risk_on,neutral,0.0,0.9999999999991296,8.709794698442946e-13,2019-04-01,2000-09-01,2019-03-29,4671.0,neutral
2019-04-23,risk_on,neutral,0.0,0.9999999999974811,2.520416709207127e-12,2019-04-01,2000-09-01,2019-03-29,4671.0,neutral
2019-04-24,risk_on,neutral,0.0,0.9999999998818119,1.1818695067630586e-10,2019-04-01,2000-09-01,2019-03-29,4671.0,neutral
2019-04-25,risk_on,neutral,0.0,0.9999999992984385,7.01561981355204e-10,2019-04-01,2000-09-01,2019-03-29,4671.0,neutral
2019-04-26,risk_on,neutral,0.0,0.9999999774548096,2.2545189865974816e-08,2019-04-01,2000-09-01,2019-03-29,4671.0,neutral
2019-04-29,risk_on,neutral,0.0,0.9999990338542815,9.661457189169138e-07,2019-04-01,2000-09-01,2019-03-29,4671.0,neutral
2019-04-30,risk_on,neutral,0.0,0.9999822597342103,1.774026579075847e-05,2019-04-01,2000-09-01,2019-03-29,4671.0,neutral
2019-05-01,risk_on,risk_off,0.9998924744820722,0.0,0.00010752551792728355,2019-05-01,2000-09-01,2019-04-30,4692.0,neutral
2019-05-02,risk_on,risk_off,0.9980405282349584,0.0,0.0019594717650406055,2019-05-01,2000-09-01,2019-04-30,4692.0,risk_off
2019-05-03,risk_on,risk_off,0.9694766339468756,0.0,0.030523366053123526,2019-05-01,2000-09-01,2019-04-30,4692.0,risk_off
2019-05-06,risk_on,risk_off,0.998056733579005,0.0,0.0019432664209964945,2019-05-01,2000-09-01,2019-04-30,4692.0,risk_off
2019-05-07,risk_on,risk_off,0.9998949511969758,0.0,0.00010504880302293069,2019-05-01,2000-09-01,2019-04-30,4692.0,risk_off
2019-05-08,risk_on,risk_off,0.9996321876066991,0.0,0.00036781239330125796,2019-05-01,2000-09-01,2019-04-30,4692.0,risk_off
2019-05-09,risk_on,risk_off,0.9986700178021637,0.0,0.0013299821978372756,2019-05-01,2000-09-01,2019-04-30,4692.0,risk_off
2019-05-10,risk_on,risk_off,0.9226729625798569,0.0,0.07732703742014287,2019-05-01,2000-09-01,2019-04-30,4692.0,risk_off
2019-05-13,risk_on,risk_off,0.9936625677953785,0.0,0.006337432204619648,2019-05-01,2000-09-01,2019-04-30,4692.0,risk_off
2019-05-14,risk_on,risk_off,0.9613436145001412,0.0,0.038656385499857726,2019-05-01,2000-09-01,2019-04-30,4692.0,risk_off
2019-05-15,risk_on,risk_off,0.952690051111469,0.0,0.04730994888853177,2019-05-01,2000-09-01,2019-04-30,4692.0,risk_off
2019-05-16,risk_on,risk_on,0.29075602363916786,0.0,0.7092439763608316,2019-05-01,2000-09-01,2019-04-30,4692.0,risk_off
2019-05-17,risk_on,risk_on,0.16854643380622666,0.0,0.8314535661937746,2019-05-01,2000-09-01,2019-04-30,4692.0,risk_on
2019-05-20,risk_on,risk_on,0.05353467753990122,0.0,0.9464653224600971,2019-05-01,2000-09-01,2019-04-30,4692.0,risk_on
2019-05-21,risk_on,risk_on,0.00974342639188,0.0,0.9902565736081214,2019-05-01,2000-09-01,2019-04-30,4692.0,risk_on
2019-05-22,risk_on,risk_on,0.02573530897071928,0.0,0.9742646910292813,2019-05-01,2000-09-01,2019-04-30,4692.0,risk_on
2019-05-23,risk_on,risk_on,0.44521057634097905,0.0,0.5547894236590201,2019-05-01,2000-09-01,2019-04-30,4692.0,risk_on
2019-05-24,risk_on,risk_on,0.3144026911673382,0.0,0.6855973088326603,2019-05-01,2000-09-01,2019-04-30,4692.0,risk_on
2019-05-28,risk_on,risk_off,0.5479992912916056,0.0,0.45200070870839376,2019-05-01,2000-09-01,2019-04-30,4692.0,risk_on
2019-05-29,risk_on,risk_off,0.9507544910183433,0.0,0.04924550898165718,2019-05-01,2000-09-01,2019-04-30,4692.0,risk_off
2019-05-30,risk_on,risk_off,0.9552270088936877,0.0,0.044772991106313775,2019-05-01,2000-09-01,2019-04-30,4692.0,risk_off
2019-05-31,risk_on,risk_off,0.9999642089832136,0.0,3.5791016786247255e-05,2019-05-01,2000-09-01,2019-04-30,4692.0,risk_off
2019-06-03,risk_on,neutral,2.089841700029012e-143,1.0,7.043430884474053e-49,2019-06-03,2000-09-01,2019-05-31,4714.0,risk_off
2019-06-04,risk_on,neutral,4.620751837544571e-145,1.0,3.017306077905372e-49,2019-06-03,2000-09-01,2019-05-31,4714.0,neutral
2019-06-05,risk_on,neutral,3.1137818015397976e-139,1.0,9.07601336686341e-48,2019-06-03,2000-09-01,2019-05-31,4714.0,neutral
2019-06-06,risk_on,neutral,2.5598265765997123e-146,1.0,1.7518229960449115e-48,2019-06-03,2000-09-01,2019-05-31,4714.0,neutral
2019-06-07,risk_on,neutral,3.99985391457677e-151,1.0,1.1599908759230604e-53,2019-06-03,2000-09-01,2019-05-31,4714.0,neutral
2019-06-10,risk_on,neutral,9.309955540143108e-152,1.0,1.1859040154343463e-54,2019-06-03,2000-09-01,2019-05-31,4714.0,neutral
2019-06-11,risk_on,neutral,3.1632792985337326e-153,1.0,1.5134057535530707e-54,2019-06-03,2000-09-01,2019-05-31,4714.0,neutral
2019-06-12,risk_on,neutral,9.158395384758464e-148,1.0,1.468917066150403e-48,2019-06-03,2000-09-01,2019-05-31,4714.0,neutral
2019-06-13,risk_on,neutral,5.831264806405231e-149,1.0,2.3960755326991504e-48,2019-06-03,2000-09-01,2019-05-31,4714.0,neutral
2019-06-14,risk_on,neutral,2.9446639816579466e-148,1.0,1.578350702495886e-47,2019-06-03,2000-09-01,2019-05-31,4714.0,neutral
2019-06-17,risk_on,neutral,5.254065888031602e-148,1.0,6.477854896408505e-47,2019-06-03,2000-09-01,2019-05-31,4714.0,neutral
2019-06-18,risk_on,neutral,1.5596753820990866e-155,1.0,3.695189002789265e-51,2019-06-03,2000-09-01,2019-05-31,4714.0,neutral
2019-06-19,risk_on,neutral,3.8434234569131954e-151,1.0,7.317301183797611e-49,2019-06-03,2000-09-01,2019-05-31,4714.0,neutral
2019-06-20,risk_on,neutral,3.015405914843582e-163,1.0,5.863913693741261e-53,2019-06-03,2000-09-01,2019-05-31,4714.0,neutral
2019-06-21,risk_on,neutral,5.727402067464511e-167,1.0,1.041253662968589e-53,2019-06-03,2000-09-01,2019-05-31,4714.0,neutral
2019-06-24,risk_on,neutral,7.6029584840387e-170,1.0,1.2978588330374348e-51,2019-06-03,2000-09-01,2019-05-31,4714.0,neutral
2019-06-25,risk_on,neutral,1.4823179291288022e-167,1.0,2.7885020003147716e-52,2019-06-03,2000-09-01,2019-05-31,4714.0,neutral
2019-06-26,risk_on,neutral,2.0793080377248777e-169,1.0,3.398644069839113e-52,2019-06-03,2000-09-01,2019-05-31,4714.0,neutral
2019-06-27,risk_on,neutral,2.231542395149668e-171,1.0,2.15052575006418e-51,2019-06-03,2000-09-01,2019-05-31,4714.0,neutral
2019-06-28,risk_on,neutral,4.838894385877289e-171,1.0,3.1795539858639585e-50,2019-06-03,2000-09-01,2019-05-31,4714.0,neutral
2019-07-01,risk_on,neutral,0.0,1.0,2.7593726181948435e-47,2019-07-01,2000-09-01,2019-06-28,4734.0,neutral
2019-07-02,risk_on,neutral,0.0,1.0,2.1479597816917807e-43,2019-07-01,2000-09-01,2019-06-28,4734.0,neutral
2019-07-03,risk_on,neutral,0.0,1.0,2.4396897653351564e-42,2019-07-01,2000-09-01,2019-06-28,4734.0,neutral
2019-07-05,risk_on,neutral,0.0,1.0,1.3765863760354449e-42,2019-07-01,2000-09-01,2019-06-28,4734.0,neutral
2019-07-08,risk_on,neutral,0.0,1.0,1.8500528095377667e-42,2019-07-01,2000-09-01,2019-06-28,4734.0,neutral
2019-07-09,risk_on,neutral,0.0,1.0,4.617388269016141e-42,2019-07-01,2000-09-01,2019-06-28,4734.0,neutral
2019-07-10,risk_on,neutral,0.0,1.0,1.0796095335386314e-42,2019-07-01,2000-09-01,2019-06-28,4734.0,neutral
2019-07-11,risk_on,neutral,0.0,1.0,2.783819008448001e-42,2019-07-01,2000-09-01,2019-06-28,4734.0,neutral
2019-07-12,risk_on,neutral,0.0,1.0,2.567046458378828e-41,2019-07-01,2000-09-01,2019-06-28,4734.0,neutral
2019-07-15,risk_on,neutral,0.0,1.0,3.440375218050609e-41,2019-07-01,2000-09-01,2019-06-28,4734.0,neutral
2019-07-16,risk_on,neutral,0.0,1.0,5.631692452209918e-41,2019-07-01,2000-09-01,2019-06-28,4734.0,neutral
2019-07-17,risk_on,neutral,0.0,1.0,7.818030877012585e-41,2019-07-01,2000-09-01,2019-06-28,4734.0,neutral
2019-07-18,risk_on,neutral,0.0,1.0,1.0732026884378594e-41,2019-07-01,2000-09-01,2019-06-28,4734.0,neutral
2019-07-19,risk_on,neutral,0.0,1.0,3.2189817903151187e-42,2019-07-01,2000-09-01,2019-06-28,4734.0,neutral
2019-07-22,risk_on,neutral,0.0,1.0,1.4862004890266768e-40,2019-07-01,2000-09-01,2019-06-28,4734.0,neutral
2019-07-23,risk_on,neutral,0.0,1.0,1.429419445063826e-41,2019-07-01,2000-09-01,2019-06-28,4734.0,neutral
2019-07-24,risk_on,neutral,0.0,1.0,3.9745760080350255e-41,2019-07-01,2000-09-01,2019-06-28,4734.0,neutral
2019-07-25,risk_on,neutral,0.0,1.0,3.189778794939061e-41,2019-07-01,2000-09-01,2019-06-28,4734.0,neutral
2019-07-26,risk_on,neutral,0.0,1.0,6.931619855766914e-42,2019-07-01,2000-09-01,2019-06-28,4734.0,neutral
2019-07-29,risk_on,neutral,0.0,1.0,3.344968502914981e-42,2019-07-01,2000-09-01,2019-06-28,4734.0,neutral
2019-07-30,risk_on,neutral,0.0,1.0,1.7609283908051197e-42,2019-07-01,2000-09-01,2019-06-28,4734.0,neutral
2019-07-31,risk_on,neutral,0.0,1.0,1.1570871418177828e-45,2019-07-01,2000-09-01,2019-06-28,4734.0,neutral
2019-08-01,risk_on,risk_on,0.0,1.1686922568004767e-40,1.0,2019-08-01,2000-09-01,2019-07-31,4756.0,neutral
2019-08-02,risk_on,risk_on,0.0,1.7047484863305675e-41,1.0,2019-08-01,2000-09-01,2019-07-31,4756.0,risk_on
2019-08-05,risk_on,risk_on,0.0,2.4231997071129504e-40,1.0,2019-08-01,2000-09-01,2019-07-31,4756.0,risk_on
2019-08-06,risk_on,risk_on,0.0,2.1645160831927548e-38,1.0,2019-08-01,2000-09-01,2019-07-31,4756.0,risk_on
2019-08-07,risk_on,risk_on,0.0,5.85532461270102e-38,1.0,2019-08-01,2000-09-01,2019-07-31,4756.0,risk_on
2019-08-08,risk_on,risk_on,0.0,1.2497414029907196e-38,1.0,2019-08-01,2000-09-01,2019-07-31,4756.0,risk_on
2019-08-09,risk_on,risk_on,0.0,1.0491525107567958e-38,1.0,2019-08-01,2000-09-01,2019-07-31,4756.0,risk_on
2019-08-12,risk_on,risk_on,0.0,1.01126629807108e-36,1.0,2019-08-01,2000-09-01,2019-07-31,4756.0,risk_on
2019-08-13,risk_on,risk_on,0.0,2.838648512697847e-41,1.0,2019-08-01,2000-09-01,2019-07-31,4756.0,risk_on
2019-08-14,risk_on,risk_on,0.0,6.7658004647763975e-40,1.0,2019-08-01,2000-09-01,2019-07-31,4756.0,risk_on
2019-08-15,risk_on,risk_on,0.0,1.1905126296573934e-39,1.0,2019-08-01,2000-09-01,2019-07-31,4756.0,risk_on
2019-08-16,risk_on,risk_on,0.0,1.0034961020165006e-41,1.0,2019-08-01,2000-09-01,2019-07-31,4756.0,risk_on
2019-08-19,risk_on,risk_on,0.0,2.2725196689639082e-41,1.0,2019-08-01,2000-09-01,2019-07-31,4756.0,risk_on
2019-08-20,risk_on,risk_on,0.0,2.001083784916329e-41,1.0,2019-08-01,2000-09-01,2019-07-31,4756.0,risk_on
2019-08-21,risk_on,risk_on,0.0,6.896549013393392e-43,1.0,2019-08-01,2000-09-01,2019-07-31,4756.0,risk_on
2019-08-22,risk_on,risk_on,0.0,5.816780932536807e-44,1.0,2019-08-01,2000-09-01,2019-07-31,4756.0,risk_on
2019-08-23,risk_on,risk_on,0.0,3.891233043505812e-44,1.0,2019-08-01,2000-09-01,2019-07-31,4756.0,risk_on
2019-08-26,risk_on,risk_on,0.0,3.692641574592982e-42,1.0,2019-08-01,2000-09-01,2019-07-31,4756.0,risk_on
2019-08-27,risk_on,risk_on,0.0,1.9551462774043493e-42,1.0,2019-08-01,2000-09-01,2019-07-31,4756.0,risk_on
2019-08-28,risk_on,risk_on,0.0,3.404554763519079e-43,1.0,2019-08-01,2000-09-01,2019-07-31,4756.0,risk_on
2019-08-29,risk_on,risk_on,0.0,2.7071398896239187e-46,1.0,2019-08-01,2000-09-01,2019-07-31,4756.0,risk_on
2019-08-30,risk_on,risk_on,0.0,1.736778099388208e-45,1.0,2019-08-01,2000-09-01,2019-07-31,4756.0,risk_on
2019-09-03,risk_on,risk_on,0.0,1.7306431553549306e-09,0.9999999982693577,2019-09-03,2000-09-01,2019-08-30,4778.0,risk_on
2019-09-04,risk_on,risk_on,0.0,3.994635652797468e-11,0.9999999999600533,2019-09-03,2000-09-01,2019-08-30,4778.0,risk_on
2019-09-05,risk_on,risk_on,0.0,2.3478901014475736e-11,0.9999999999765219,2019-09-03,2000-09-01,2019-08-30,4778.0,risk_on
2019-09-06,risk_on,risk_on,0.0,1.496866825133636e-11,0.9999999999850306,2019-09-03,2000-09-01,2019-08-30,4778.0,risk_on
2019-09-09,risk_on,risk_on,0.0,3.941009625172224e-12,0.9999999999960592,2019-09-03,2000-09-01,2019-08-30,4778.0,risk_on
2019-09-10,risk_on,risk_on,0.0,6.64917221645277e-13,0.9999999999993348,2019-09-03,2000-09-01,2019-08-30,4778.0,risk_on
2019-09-11,risk_on,risk_on,0.0,1.5496424716616645e-13,0.9999999999998455,2019-09-03,2000-09-01,2019-08-30,4778.0,risk_on
2019-09-12,risk_on,risk_on,0.0,4.861004423980297e-14,0.9999999999999512,2019-09-03,2000-09-01,2019-08-30,4778.0,risk_on
2019-09-13,risk_on,risk_on,0.0,1.5837939774729946e-15,0.9999999999999987,2019-09-03,2000-09-01,2019-08-30,4778.0,risk_on
2019-09-16,risk_on,risk_on,0.0,3.154039643514626e-11,0.999999999968459,2019-09-03,2000-09-01,2019-08-30,4778.0,risk_on
2019-09-17,risk_on,risk_on,0.0,2.408255627033867e-13,0.9999999999997593,2019-09-03,2000-09-01,2019-08-30,4778.0,risk_on
2019-09-18,risk_on,risk_on,0.0,1.75700789359624e-13,0.9999999999998246,2019-09-03,2000-09-01,2019-08-30,4778.0,risk_on
2019-09-19,risk_on,risk_on,0.0,6.089914990507191e-14,0.9999999999999392,2019-09-03,2000-09-01,2019-08-30,4778.0,risk_on
2019-09-20,risk_on,risk_on,0.0,8.760238779544178e-14,0.9999999999999125,2019-09-03,2000-09-01,2019-08-30,4778.0,risk_on
2019-09-23,risk_on,risk_on,0.0,2.197261343196984e-13,0.9999999999997806,2019-09-03,2000-09-01,2019-08-30,4778.0,risk_on
2019-09-24,risk_on,risk_on,0.0,2.077607828411948e-12,0.9999999999979226,2019-09-03,2000-09-01,2019-08-30,4778.0,risk_on
2019-09-25,risk_on,risk_on,0.0,3.9588012408891947e-13,0.9999999999996039,2019-09-03,2000-09-01,2019-08-30,4778.0,risk_on
2019-09-26,risk_on,risk_on,0.0,4.49908712777149e-13,0.9999999999995506,2019-09-03,2000-09-01,2019-08-30,4778.0,risk_on
2019-09-27,risk_on,risk_on,0.0,5.538859001341466e-13,0.9999999999994467,2019-09-03,2000-09-01,2019-08-30,4778.0,risk_on
2019-09-30,risk_on,risk_on,0.0,1.0565215186881936e-12,0.999999999998944,2019-09-03,2000-09-01,2019-08-30,4778.0,risk_on
2019-10-01,risk_on,neutral,0.0,1.0,1.402824057892822e-39,2019-10-01,2000-09-01,2019-09-30,4798.0,risk_on
2019-10-02,risk_on,neutral,0.0,1.0,1.0566096664989402e-39,2019-10-01,2000-09-01,2019-09-30,4798.0,neutral
2019-10-03,risk_on,neutral,0.0,1.0,3.349013151445785e-39,2019-10-01,2000-09-01,2019-09-30,4798.0,neutral
2019-10-04,risk_on,neutral,0.0,1.0,1.4224295669321567e-39,2019-10-01,2000-09-01,2019-09-30,4798.0,neutral
2019-10-07,risk_on,neutral,0.0,1.0,2.08390533867448e-38,2019-10-01,2000-09-01,2019-09-30,4798.0,neutral
2019-10-08,risk_on,neutral,0.0,1.0,1.016786228842555e-37,2019-10-01,2000-09-01,2019-09-30,4798.0,neutral
2019-10-09,risk_on,neutral,0.0,1.0,4.8210891938819444e-37,2019-10-01,2000-09-01,2019-09-30,4798.0,neutral
2019-10-10,risk_on,neutral,0.0,1.0,3.597656682005895e-39,2019-10-01,2000-09-01,2019-09-30,4798.0,neutral
2019-10-11,risk_on,neutral,0.0,1.0,3.2746985266176134e-43,2019-10-01,2000-09-01,2019-09-30,4798.0,neutral
2019-10-14,risk_on,neutral,0.0,1.0,4.317934300605911e-41,2019-10-01,2000-09-01,2019-09-30,4798.0,neutral
2019-10-15,risk_on,neutral,0.0,1.0,1.5988109142394174e-41,2019-10-01,2000-09-01,2019-09-30,4798.0,neutral
2019-10-16,risk_on,neutral,0.0,1.0,1.8689021309225347e-42,2019-10-01,2000-09-01,2019-09-30,4798.0,neutral
2019-10-17,risk_on,neutral,0.0,1.0,4.675685821939747e-43,2019-10-01,2000-09-01,2019-09-30,4798.0,neutral
2019-10-18,risk_on,neutral,0.0,1.0,1.5980685422175227e-43,2019-10-01,2000-09-01,2019-09-30,4798.0,neutral
2019-10-21,risk_on,neutral,0.0,1.0,3.99279901672742e-43,2019-10-01,2000-09-01,2019-09-30,4798.0,neutral
2019-10-22,risk_on,neutral,0.0,1.0,4.854072137412533e-44,2019-10-01,2000-09-01,2019-09-30,4798.0,neutral
2019-10-23,risk_on,neutral,0.0,1.0,1.1881741592090255e-44,2019-10-01,2000-09-01,2019-09-30,4798.0,neutral
2019-10-24,risk_on,neutral,0.0,1.0,2.223214148371489e-46,2019-10-01,2000-09-01,2019-09-30,4798.0,neutral
2019-10-25,risk_on,neutral,0.0,1.0,2.603322991867011e-47,2019-10-01,2000-09-01,2019-09-30,4798.0,neutral
2019-10-28,risk_on,neutral,0.0,1.0,3.3485561403226537e-46,2019-10-01,2000-09-01,2019-09-30,4798.0,neutral
2019-10-29,risk_on,neutral,0.0,1.0,2.567849215505139e-45,2019-10-01,2000-09-01,2019-09-30,4798.0,neutral
2019-10-30,risk_on,neutral,0.0,1.0,1.1510468684227363e-47,2019-10-01,2000-09-01,2019-09-30,4798.0,neutral
2019-10-31,risk_on,neutral,0.0,1.0,8.711503027531424e-46,2019-10-01,2000-09-01,2019-09-30,4798.0,neutral
2019-11-01,risk_on,risk_on,0.0,6.166636198702984e-88,1.0,2019-11-01,2000-09-01,2019-10-31,4821.0,neutral
2019-11-04,risk_on,risk_on,0.0,2.3856838438640393e-88,1.0,2019-11-01,2000-09-01,2019-10-31,4821.0,risk_on
2019-11-05,risk_on,risk_on,0.0,1.1829717701147231e-88,1.0,2019-11-01,2000-09-01,2019-10-31,4821.0,risk_on
2019-11-06,risk_on,risk_on,0.0,3.8257242302397656e-89,1.0,2019-11-01,2000-09-01,2019-10-31,4821.0,risk_on
2019-11-07,risk_on,risk_on,0.0,2.996969439794894e-88,1.0,2019-11-01,2000-09-01,2019-10-31,4821.0,risk_on
2019-11-08,risk_on,risk_on,0.0,1.8451102444854508e-88,1.0,2019-11-01,2000-09-01,2019-10-31,4821.0,risk_on
2019-11-11,risk_on,risk_on,0.0,2.2317186246032986e-89,1.0,2019-11-01,2000-09-01,2019-10-31,4821.0,risk_on
2019-11-12,risk_on,risk_on,0.0,1.2203267898110787e-89,1.0,2019-11-01,2000-09-01,2019-10-31,4821.0,risk_on
2019-11-13,risk_on,risk_on,0.0,5.32727409867602e-90,1.0,2019-11-01,2000-09-01,2019-10-31,4821.0,risk_on
2019-11-14,risk_on,risk_on,0.0,2.6996887098671477e-91,1.0,2019-11-01,2000-09-01,2019-10-31,4821.0,risk_on
2019-11-15,risk_on,risk_on,0.0,6.8580160732309985e-90,1.0,2019-11-01,2000-09-01,2019-10-31,4821.0,risk_on
2019-11-18,risk_on,risk_on,0.0,2.526746675940717e-90,1.0,2019-11-01,2000-09-01,2019-10-31,4821.0,risk_on
2019-11-19,risk_on,risk_on,0.0,2.4324154163166395e-91,1.0,2019-11-01,2000-09-01,2019-10-31,4821.0,risk_on
2019-11-20,risk_on,risk_on,0.0,1.9943630664605157e-92,1.0,2019-11-01,2000-09-01,2019-10-31,4821.0,risk_on
2019-11-21,risk_on,risk_on,0.0,2.1460922359370464e-92,1.0,2019-11-01,2000-09-01,2019-10-31,4821.0,risk_on
2019-11-22,risk_on,risk_on,0.0,4.289155334862426e-92,1.0,2019-11-01,2000-09-01,2019-10-31,4821.0,risk_on
2019-11-25,risk_on,risk_on,0.0,3.271574906450792e-92,1.0,2019-11-01,2000-09-01,2019-10-31,4821.0,risk_on
2019-11-26,risk_on,risk_on,0.0,7.44069647074495e-92,1.0,2019-11-01,2000-09-01,2019-10-31,4821.0,risk_on
2019-11-27,risk_on,risk_on,0.0,2.60728080968699e-92,1.0,2019-11-01,2000-09-01,2019-10-31,4821.0,risk_on
2019-11-29,risk_on,risk_on,0.0,7.653853423773243e-93,1.0,2019-11-01,2000-09-01,2019-10-31,4821.0,risk_on
2019-12-02,risk_on,neutral,0.0,1.0,1.4729459826037676e-48,2019-12-02,2000-09-01,2019-11-29,4841.0,risk_on
2019-12-03,risk_on,neutral,0.0,1.0,5.043832841359117e-48,2019-12-02,2000-09-01,2019-11-29,4841.0,neutral
2019-12-04,risk_on,neutral,0.0,1.0,9.268279672468612e-48,2019-12-02,2000-09-01,2019-11-29,4841.0,neutral
2019-12-05,risk_on,neutral,0.0,1.0,4.5051212696181095e-48,2019-12-02,2000-09-01,2019-11-29,4841.0,neutral
2019-12-06,risk_on,neutral,0.0,1.0,1.2458732761434236e-48,2019-12-02,2000-09-01,2019-11-29,4841.0,neutral
2019-12-09,risk_on,neutral,0.0,1.0,6.800529807609344e-48,2019-12-02,2000-09-01,2019-11-29,4841.0,neutral
2019-12-10,risk_on,neutral,0.0,1.0,3.4357734742037846e-50,2019-12-02,2000-09-01,2019-11-29,4841.0,neutral
2019-12-11,risk_on,neutral,0.0,1.0,1.4746524455116035e-50,2019-12-02,2000-09-01,2019-11-29,4841.0,neutral
2019-12-12,risk_on,neutral,0.0,1.0,1.239597979505971e-52,2019-12-02,2000-09-01,2019-11-29,4841.0,neutral
2019-12-13,risk_on,neutral,0.0,1.0,1.1424232413073077e-50,2019-12-02,2000-09-01,2019-11-29,4841.0,neutral
2019-12-16,risk_on,neutral,0.0,1.0,2.005705099617628e-52,2019-12-02,2000-09-01,2019-11-29,4841.0,neutral
2019-12-17,risk_on,neutral,0.0,1.0,1.1854873559546478e-52,2019-12-02,2000-09-01,2019-11-29,4841.0,neutral
2019-12-18,risk_on,neutral,0.0,1.0,2.098814516796155e-52,2019-12-02,2000-09-01,2019-11-29,4841.0,neutral
2019-12-19,risk_on,neutral,0.0,1.0,2.5821676647984173e-52,2019-12-02,2000-09-01,2019-11-29,4841.0,neutral
2019-12-20,risk_on,neutral,0.0,1.0,2.1298093668637024e-53,2019-12-02,2000-09-01,2019-11-29,4841.0,neutral
2019-12-23,risk_on,neutral,0.0,1.0,1.3351205271475397e-53,2019-12-02,2000-09-01,2019-11-29,4841.0,neutral
2019-12-24,risk_on,neutral,0.0,1.0,1.733020536882197e-52,2019-12-02,2000-09-01,2019-11-29,4841.0,neutral
2019-12-26,risk_on,neutral,0.0,1.0,7.444309005237651e-54,2019-12-02,2000-09-01,2019-11-29,4841.0,neutral
2019-12-27,risk_on,neutral,0.0,1.0,1.0123582396254544e-53,2019-12-02,2000-09-01,2019-11-29,4841.0,neutral
2019-12-30,risk_on,neutral,0.0,1.0,3.4378545063307403e-54,2019-12-02,2000-09-01,2019-11-29,4841.0,neutral
2019-12-31,risk_on,neutral,0.0,1.0,2.3698670874978993e-54,2019-12-02,2000-09-01,2019-11-29,4841.0,neutral
2020-01-02,risk_on,neutral,5.633292700392594e-156,1.0,2.592131806423536e-58,2020-01-02,2000-09-01,2019-12-31,4862.0,neutral
2020-01-03,risk_on,neutral,1.8936805999240402e-156,1.0,1.312499844682815e-57,2020-01-02,2000-09-01,2019-12-31,4862.0,neutral
2020-01-06,risk_on,neutral,3.3169984100266884e-159,1.0,2.5600167102535668e-58,2020-01-02,2000-09-01,2019-12-31,4862.0,neutral
2020-01-07,risk_on,neutral,2.970153454634949e-158,1.0,3.7361836425690956e-58,2020-01-02,2000-09-01,2019-12-31,4862.0,neutral
2020-01-08,risk_on,neutral,4.058919199490874e-158,1.0,3.897327324574102e-58,2020-01-02,2000-09-01,2019-12-31,4862.0,neutral
2020-01-09,risk_on,neutral,1.7312619300960135e-158,1.0,1.5580698257350258e-58,2020-01-02,2000-09-01,2019-12-31,4862.0,neutral
2020-01-10,risk_on,neutral,3.0746487701265326e-156,1.0,1.831801820594048e-57,2020-01-02,2000-09-01,2019-12-31,4862.0,neutral
2020-01-13,risk_on,neutral,8.957145022879022e-156,1.0,5.83353252975023e-57,2020-01-02,2000-09-01,2019-12-31,4862.0,neutral
2020-01-14,risk_on,neutral,2.55737933829729e-157,1.0,4.386853748140772e-58,2020-01-02,2000-09-01,2019-12-31,4862.0,neutral
2020-01-15,risk_on,neutral,8.011446804031881e-159,1.0,6.355288584622885e-59,2020-01-02,2000-09-01,2019-12-31,4862.0,neutral
2020-01-16,risk_on,neutral,5.7579724116433165e-158,1.0,1.745943148736665e-58,2020-01-02,2000-09-01,2019-12-31,4862.0,neutral
2020-01-17,risk_on,neutral,5.248576846900967e-155,1.0,1.946651837601838e-58,2020-01-02,2000-09-01,2019-12-31,4862.0,neutral
2020-01-21,risk_on,neutral,1.1361831070143067e-152,1.0,7.583017430565342e-58,2020-01-02,2000-09-01,2019-12-31,4862.0,neutral
2020-01-22,risk_on,neutral,2.0657850057633457e-153,1.0,2.2525413926515326e-57,2020-01-02,2000-09-01,2019-12-31,4862.0,neutral
2020-01-23,risk_on,neutral,7.285039118644695e-153,1.0,2.5413898064253302e-57,2020-01-02,2000-09-01,2019-12-31,4862.0,neutral
2020-01-24,risk_on,neutral,1.3875740032636406e-151,1.0,3.8063465602668874e-56,2020-01-02,2000-09-01,2019-12-31,4862.0,neutral
2020-01-27,risk_on,neutral,2.4312584761090016e-149,1.0,3.7142501429939546e-55,2020-01-02,2000-09-01,2019-12-31,4862.0,neutral
2020-01-28,risk_on,neutral,1.132736773562856e-149,1.0,1.6528353343790952e-54,2020-01-02,2000-09-01,2019-12-31,4862.0,neutral
2020-01-29,risk_on,neutral,3.981543901476602e-151,1.0,2.076247141158588e-55,2020-01-02,2000-09-01,2019-12-31,4862.0,neutral
2020-01-30,risk_on,neutral,1.5601234079516323e-150,1.0,1.0524009229043312e-56,2020-01-02,2000-09-01,2019-12-31,4862.0,neutral
2020-01-31,risk_on,neutral,1.1212939883167875e-153,1.0,1.7941104221383538e-57,2020-01-02,2000-09-01,2019-12-31,4862.0,neutral
2020-02-03,risk_on,risk_on,0.0,0.0,1.0,2020-02-03,2000-09-01,2020-01-31,4883.0,neutral
2020-02-04,risk_on,risk_on,0.0,0.0,1.0,2020-02-03,2000-09-01,2020-01-31,4883.0,risk_on
2020-02-05,risk_on,risk_on,0.0,0.0,1.0,2020-02-03,2000-09-01,2020-01-31,4883.0,risk_on
2020-02-06,risk_on,risk_on,0.0,0.0,1.0,2020-02-03,2000-09-01,2020-01-31,4883.0,risk_on
2020-02-07,risk_on,risk_on,0.0,0.0,1.0,2020-02-03,2000-09-01,2020-01-31,4883.0,risk_on
2020-02-10,risk_on,risk_on,0.0,0.0,1.0,2020-02-03,2000-09-01,2020-01-31,4883.0,risk_on
2020-02-11,risk_on,risk_on,0.0,0.0,1.0,2020-02-03,2000-09-01,2020-01-31,4883.0,risk_on
2020-02-12,risk_on,risk_on,0.0,0.0,1.0,2020-02-03,2000-09-01,2020-01-31,4883.0,risk_on
2020-02-13,risk_on,risk_on,0.0,0.0,1.0,2020-02-03,2000-09-01,2020-01-31,4883.0,risk_on
2020-02-14,risk_on,risk_on,0.0,0.0,1.0,2020-02-03,2000-09-01,2020-01-31,4883.0,risk_on
2020-02-18,risk_on,risk_on,0.0,0.0,1.0,2020-02-03,2000-09-01,2020-01-31,4883.0,risk_on
2020-02-19,risk_on,risk_on,0.0,0.0,1.0,2020-02-03,2000-09-01,2020-01-31,4883.0,risk_on
2020-02-20,risk_on,risk_on,0.0,0.0,1.0,2020-02-03,2000-09-01,2020-01-31,4883.0,risk_on
2020-02-21,risk_on,risk_on,0.0,0.0,1.0,2020-02-03,2000-09-01,2020-01-31,4883.0,risk_on
2020-02-24,risk_off,risk_on,0.0,0.0,1.0,2020-02-03,2000-09-01,2020-01-31,4883.0,risk_on
2020-02-25,risk_off,risk_on,0.0,0.0,1.0,2020-02-03,2000-09-01,2020-01-31,4883.0,risk_on
2020-02-26,risk_off,risk_on,0.0,0.0,1.0,2020-02-03,2000-09-01,2020-01-31,4883.0,risk_on
2020-02-27,risk_off,risk_on,0.0,0.0,1.0,2020-02-03,2000-09-01,2020-01-31,4883.0,risk_on
2020-02-28,risk_off,risk_on,0.0,0.0,1.0,2020-02-03,2000-09-01,2020-01-31,4883.0,risk_on
2020-03-02,risk_off,neutral,0.0,1.0,1.7086777272306673e-64,2020-03-02,2000-09-01,2020-02-28,4902.0,risk_on
2020-03-03,risk_off,neutral,0.0,1.0,2.0597012059664314e-64,2020-03-02,2000-09-01,2020-02-28,4902.0,neutral
2020-03-04,risk_off,neutral,0.0,1.0,2.2081795631960946e-64,2020-03-02,2000-09-01,2020-02-28,4902.0,neutral
2020-03-05,risk_off,neutral,0.0,1.0,2.218500246030448e-69,2020-03-02,2000-09-01,2020-02-28,4902.0,neutral
2020-03-06,risk_off,neutral,0.0,1.0,7.849304246647015e-68,2020-03-02,2000-09-01,2020-02-28,4902.0,neutral
2020-03-09,risk_off,neutral,0.0,1.0,6.300708683096116e-89,2020-03-02,2000-09-01,2020-02-28,4902.0,neutral
2020-03-10,risk_off,neutral,0.0,1.0,1.5176493546268447e-78,2020-03-02,2000-09-01,2020-02-28,4902.0,neutral
2020-03-11,risk_off,neutral,0.0,1.0,2.0058381380221097e-88,2020-03-02,2000-09-01,2020-02-28,4902.0,neutral
2020-03-12,risk_off,neutral,0.0,1.0,1.2223091955509105e-128,2020-03-02,2000-09-01,2020-02-28,4902.0,neutral
2020-03-13,risk_off,neutral,0.0,1.0,1.5662770270096878e-100,2020-03-02,2000-09-01,2020-02-28,4902.0,neutral
2020-03-16,risk_off,neutral,0.0,1.0,3.204107615473407e-151,2020-03-02,2000-09-01,2020-02-28,4902.0,neutral
2020-03-17,risk_off,neutral,0.0,1.0,3.0623446107720726e-133,2020-03-02,2000-09-01,2020-02-28,4902.0,neutral
2020-03-18,risk_off,neutral,0.0,1.0,3.803329986837686e-136,2020-03-02,2000-09-01,2020-02-28,4902.0,neutral
2020-03-19,risk_off,neutral,0.0,1.0,1.010538056684981e-126,2020-03-02,2000-09-01,2020-02-28,4902.0,neutral
2020-03-20,risk_off,neutral,0.0,1.0,3.3827974225135205e-132,2020-03-02,2000-09-01,2020-02-28,4902.0,neutral
2020-03-23,risk_off,neutral,0.0,1.0,2.1093303670338215e-126,2020-03-02,2000-09-01,2020-02-28,4902.0,neutral
2020-03-24,risk_off,neutral,0.0,1.0,4.372804003384277e-116,2020-03-02,2000-09-01,2020-02-28,4902.0,neutral
2020-03-25,risk_off,neutral,0.0,1.0,1.8843732059601506e-110,2020-03-02,2000-09-01,2020-02-28,4902.0,neutral
2020-03-26,risk_off,neutral,0.0,1.0,6.171969558616878e-108,2020-03-02,2000-09-01,2020-02-28,4902.0,neutral
2020-03-27,risk_off,neutral,0.0,1.0,1.3473237740962533e-101,2020-03-02,2000-09-01,2020-02-28,4902.0,neutral
2020-03-30,risk_off,neutral,0.0,1.0,7.700362925094251e-101,2020-03-02,2000-09-01,2020-02-28,4902.0,neutral
2020-03-31,risk_off,neutral,0.0,1.0,5.7343956747292935e-105,2020-03-02,2000-09-01,2020-02-28,4902.0,neutral
2020-04-01,risk_off,risk_off,1.0,1.6951250334533022e-265,2.0919793814561172e-86,2020-04-01,2000-09-01,2020-03-31,4924.0,neutral
2020-04-02,risk_off,risk_off,1.0,8.308591140273244e-247,1.2541136581031867e-82,2020-04-01,2000-09-01,2020-03-31,4924.0,risk_off
2020-04-03,risk_off,risk_off,1.0,3.623506203365086e-233,3.7077499914517935e-80,2020-04-01,2000-09-01,2020-03-31,4924.0,risk_off
2020-04-06,risk_off,risk_off,1.0,4.0480153094107874e-223,5.102062041806982e-80,2020-04-01,2000-09-01,2020-03-31,4924.0,risk_off
2020-04-07,risk_off,risk_off,1.0,3.279794151866417e-215,3.479559897187752e-75,2020-04-01,2000-09-01,2020-03-31,4924.0,risk_off
2020-04-08,risk_off,risk_off,1.0,3.7347597198949504e-205,5.147464077188312e-75,2020-04-01,2000-09-01,2020-03-31,4924.0,risk_off
2020-04-09,risk_off,risk_off,1.0,2.5998682927931153e-192,6.3390760054445124e-71,2020-04-01,2000-09-01,2020-03-31,4924.0,risk_off
2020-04-13,risk_off,risk_off,1.0,3.4341962068183896e-185,2.2228957223478524e-63,2020-04-01,2000-09-01,2020-03-31,4924.0,risk_off
2020-04-14,risk_off,risk_off,1.0,1.292668285815293e-174,9.752643576506821e-64,2020-04-01,2000-09-01,2020-03-31,4924.0,risk_off
2020-04-15,risk_off,risk_off,1.0,1.2843799707048255e-150,2.3396112736237577e-58,2020-04-01,2000-09-01,2020-03-31,4924.0,risk_off
2020-04-16,risk_off,risk_off,1.0,7.455174009723126e-147,3.4717579767271085e-54,2020-04-01,2000-09-01,2020-03-31,4924.0,risk_off
2020-04-17,risk_off,risk_off,1.0,1.5516419620771734e-138,7.953753161537506e-43,2020-04-01,2000-09-01,2020-03-31,4924.0,risk_off
2020-04-20,risk_off,risk_off,1.0,1.3842200519476231e-161,2.8150921619345198e-58,2020-04-01,2000-09-01,2020-03-31,4924.0,risk_off
2020-04-21,risk_off,risk_off,1.0,6.369139194102374e-148,1.6611770861704229e-40,2020-04-01,2000-09-01,2020-03-31,4924.0,risk_off
2020-04-22,risk_off,risk_off,1.0,2.5316770760928215e-139,7.644243656452172e-42,2020-04-01,2000-09-01,2020-03-31,4924.0,risk_off
2020-04-23,risk_off,risk_off,1.0,1.7275603128046368e-134,7.029616623072187e-36,2020-04-01,2000-09-01,2020-03-31,4924.0,risk_off
2020-04-24,risk_off,risk_off,1.0,1.5800478796550014e-129,2.2074202807140337e-26,2020-04-01,2000-09-01,2020-03-31,4924.0,risk_off
2020-04-27,risk_off,risk_off,1.0,8.973643331701052e-124,2.2438172090516654e-23,2020-04-01,2000-09-01,2020-03-31,4924.0,risk_off
2020-04-28,risk_off,risk_off,1.0,1.1278508646420575e-121,3.2497705135639635e-21,2020-04-01,2000-09-01,2020-03-31,4924.0,risk_off
2020-04-29,risk_off,risk_off,1.0,3.079023353380017e-116,1.6706892125472995e-21,2020-04-01,2000-09-01,2020-03-31,4924.0,risk_off
2020-04-30,risk_off,risk_off,1.0,4.775755055968208e-114,3.5512164333270747e-19,2020-04-01,2000-09-01,2020-03-31,4924.0,risk_off
2020-05-01,risk_off,neutral,0.0,1.0,0.0,2020-05-01,2000-09-01,2020-04-30,4945.0,risk_off
2020-05-04,risk_off,neutral,0.0,1.0,0.0,2020-05-01,2000-09-01,2020-04-30,4945.0,neutral
2020-05-05,risk_off,neutral,0.0,1.0,0.0,2020-05-01,2000-09-01,2020-04-30,4945.0,neutral
2020-05-06,risk_off,neutral,0.0,1.0,0.0,2020-05-01,2000-09-01,2020-04-30,4945.0,neutral
2020-05-07,risk_off,neutral,0.0,1.0,0.0,2020-05-01,2000-09-01,2020-04-30,4945.0,neutral
2020-05-08,risk_off,neutral,0.0,1.0,0.0,2020-05-01,2000-09-01,2020-04-30,4945.0,neutral
2020-05-11,risk_off,neutral,0.0,1.0,0.0,2020-05-01,2000-09-01,2020-04-30,4945.0,neutral
2020-05-12,risk_off,neutral,0.0,1.0,0.0,2020-05-01,2000-09-01,2020-04-30,4945.0,neutral
2020-05-13,risk_off,neutral,0.0,1.0,0.0,2020-05-01,2000-09-01,2020-04-30,4945.0,neutral
2020-05-14,risk_off,neutral,0.0,1.0,0.0,2020-05-01,2000-09-01,2020-04-30,4945.0,neutral
2020-05-15,risk_off,neutral,0.0,1.0,0.0,2020-05-01,2000-09-01,2020-04-30,4945.0,neutral
2020-05-18,risk_off,neutral,0.0,1.0,0.0,2020-05-01,2000-09-01,2020-04-30,4945.0,neutral
2020-05-19,risk_off,neutral,0.0,1.0,0.0,2020-05-01,2000-09-01,2020-04-30,4945.0,neutral
2020-05-20,risk_off,neutral,0.0,1.0,0.0,2020-05-01,2000-09-01,2020-04-30,4945.0,neutral
2020-05-21,risk_off,neutral,0.0,1.0,0.0,2020-05-01,2000-09-01,2020-04-30,4945.0,neutral
2020-05-22,risk_off,neutral,0.0,1.0,0.0,2020-05-01,2000-09-01,2020-04-30,4945.0,neutral
2020-05-26,risk_off,neutral,0.0,1.0,0.0,2020-05-01,2000-09-01,2020-04-30,4945.0,neutral
2020-05-27,risk_off,neutral,0.0,1.0,0.0,2020-05-01,2000-09-01,2020-04-30,4945.0,neutral
2020-05-28,risk_off,neutral,0.0,1.0,0.0,2020-05-01,2000-09-01,2020-04-30,4945.0,neutral
2020-05-29,risk_off,neutral,0.0,1.0,0.0,2020-05-01,2000-09-01,2020-04-30,4945.0,neutral
2020-06-01,risk_off,risk_off,1.0,0.0,7.31994440915386e-118,2020-06-01,2000-09-01,2020-05-29,4965.0,neutral
2020-06-02,risk_off,risk_off,1.0,0.0,5.953817839443089e-118,2020-06-01,2000-09-01,2020-05-29,4965.0,risk_off
2020-06-03,risk_off,risk_off,1.0,0.0,1.3495943802613674e-120,2020-06-01,2000-09-01,2020-05-29,4965.0,risk_off
2020-06-04,risk_off,risk_off,1.0,0.0,4.966137324242718e-116,2020-06-01,2000-09-01,2020-05-29,4965.0,risk_off
2020-06-05,risk_off,risk_off,1.0,0.0,3.637124201294226e-113,2020-06-01,2000-09-01,2020-05-29,4965.0,risk_off
2020-06-08,risk_off,risk_off,1.0,0.0,2.783069204562852e-111,2020-06-01,2000-09-01,2020-05-29,4965.0,risk_off
2020-06-09,risk_off,risk_off,1.0,0.0,1.1821244824470334e-108,2020-06-01,2000-09-01,2020-05-29,4965.0,risk_off
2020-06-10,risk_off,risk_off,1.0,0.0,1.307339338108769e-102,2020-06-01,2000-09-01,2020-05-29,4965.0,risk_off
2020-06-11,risk_off,risk_off,1.0,0.0,9.517838416671623e-93,2020-06-01,2000-09-01,2020-05-29,4965.0,risk_off
2020-06-12,risk_off,risk_off,1.0,0.0,3.3283814546444916e-92,2020-06-01,2000-09-01,2020-05-29,4965.0,risk_off
2020-06-15,risk_off,risk_off,1.0,0.0,3.0623699518666705e-80,2020-06-01,2000-09-01,2020-05-29,4965.0,risk_off
2020-06-16,risk_off,risk_off,1.0,0.0,1.2153933126095219e-73,2020-06-01,2000-09-01,2020-05-29,4965.0,risk_off
2020-06-17,risk_off,risk_off,1.0,0.0,6.665652661518039e-76,2020-06-01,2000-09-01,2020-05-29,4965.0,risk_off
2020-06-18,risk_off,risk_off,1.0,0.0,1.6321787596479887e-76,2020-06-01,2000-09-01,2020-05-29,4965.0,risk_off
2020-06-19,risk_off,risk_off,1.0,0.0,3.099724615971669e-77,2020-06-01,2000-09-01,2020-05-29,4965.0,risk_off
2020-06-22,risk_off,risk_off,1.0,0.0,7.944379289252091e-82,2020-06-01,2000-09-01,2020-05-29,4965.0,risk_off
2020-06-23,risk_off,risk_off,1.0,0.0,7.147585761746955e-78,2020-06-01,2000-09-01,2020-05-29,4965.0,risk_off
2020-06-24,risk_off,risk_off,1.0,0.0,6.917896267193762e-75,2020-06-01,2000-09-01,2020-05-29,4965.0,risk_off
2020-06-25,risk_off,risk_off,1.0,0.0,2.3232734443534038e-85,2020-06-01,2000-09-01,2020-05-29,4965.0,risk_off
2020-06-26,risk_off,risk_off,1.0,0.0,3.7603363301805845e-88,2020-06-01,2000-09-01,2020-05-29,4965.0,risk_off
2020-06-29,risk_off,risk_off,1.0,0.0,5.848312845304674e-103,2020-06-01,2000-09-01,2020-05-29,4965.0,risk_off
2020-06-30,risk_off,risk_off,1.0,0.0,1.6089643831282926e-80,2020-06-01,2000-09-01,2020-05-29,4965.0,risk_off
2020-07-01,risk_off,risk_off,1.0,2.1825734856675768e-194,8.804567566054731e-174,2020-07-01,2000-09-01,2020-06-30,4987.0,risk_off
2020-07-02,risk_off,risk_off,1.0,5.307940044925498e-198,2.5727702070476038e-146,2020-07-01,2000-09-01,2020-06-30,4987.0,risk_off
2020-07-06,risk_off,risk_off,1.0,3.9015540826202367e-203,9.600197047837708e-144,2020-07-01,2000-09-01,2020-06-30,4987.0,risk_off
2020-07-07,risk_off,risk_off,1.0,1.2562823445527568e-194,1.1365749460822387e-148,2020-07-01,2000-09-01,2020-06-30,4987.0,risk_off
2020-07-08,risk_off,risk_off,1.0,6.720500324286765e-189,9.233235026159662e-159,2020-07-01,2000-09-01,2020-06-30,4987.0,risk_off
2020-07-09,risk_off,risk_off,1.0,2.0657209953328834e-189,1.6986754317481803e-154,2020-07-01,2000-09-01,2020-06-30,4987.0,risk_off
2020-07-10,risk_off,risk_off,1.0,1.3375776657089396e-189,4.252720033184981e-162,2020-07-01,2000-09-01,2020-06-30,4987.0,risk_off
2020-07-13,risk_off,risk_off,1.0,1.0845237592108558e-173,3.423506765486238e-168,2020-07-01,2000-09-01,2020-06-30,4987.0,risk_off
2020-07-14,risk_off,risk_off,1.0,1.5420821256841728e-165,6.57854825457282e-173,2020-07-01,2000-09-01,2020-06-30,4987.0,risk_off
2020-07-15,risk_off,risk_off,1.0,2.4262359434992474e-167,1.7588055531436635e-169,2020-07-01,2000-09-01,2020-06-30,4987.0,risk_off
2020-07-16,risk_off,risk_off,1.0,1.0810295382900783e-90,1.4298856213305167e-150,2020-07-01,2000-09-01,2020-06-30,4987.0,risk_off
2020-07-17,risk_off,risk_off,1.0,1.7773390018253115e-90,1.3105114356314597e-154,2020-07-01,2000-09-01,2020-06-30,4987.0,risk_off
2020-07-20,risk_off,risk_off,1.0,1.2276269866399667e-156,1.0142039087282755e-41,2020-07-01,2000-09-01,2020-06-30,4987.0,risk_off
2020-07-21,risk_off,risk_off,1.0,8.487675900284074e-94,0.0,2020-07-01,2000-09-01,2020-06-30,4987.0,risk_off
2020-07-22,risk_off,risk_off,1.0,9.768491052941064e-86,4.612861832363822e-237,2020-07-01,2000-09-01,2020-06-30,4987.0,risk_off
2020-07-23,risk_off,risk_off,1.0,1.460808906085123e-82,2.0085932180316996e-212,2020-07-01,2000-09-01,2020-06-30,4987.0,risk_off
2020-07-24,risk_off,risk_off,1.0,5.126423838581069e-81,4.293141820529571e-195,2020-07-01,2000-09-01,2020-06-30,4987.0,risk_off
2020-07-27,risk_off,risk_off,1.0,4.439355793934234e-81,1.9974038652906817e-276,2020-07-01,2000-09-01,2020-06-30,4987.0,risk_off
2020-07-28,risk_off,risk_off,1.0,6.5778097288378535e-81,7.671228053930126e-265,2020-07-01,2000-09-01,2020-06-30,4987.0,risk_off
2020-07-29,risk_off,risk_off,1.0,3.597663885996152e-79,9.333196420668982e-202,2020-07-01,2000-09-01,2020-06-30,4987.0,risk_off
2020-07-30,risk_off,risk_off,1.0,8.503423859830874e-80,1.5158535252973553e-149,2020-07-01,2000-09-01,2020-06-30,4987.0,risk_off
2020-07-31,risk_off,risk_off,1.0,3.575253101614736e-83,4.294152709834119e-157,2020-07-01,2000-09-01,2020-06-30,4987.0,risk_off
2020-08-03,risk_off,risk_off,1.0,0.0,7.35197165406137e-204,2020-08-03,2000-09-01,2020-07-31,5009.0,risk_off
2020-08-04,risk_off,risk_off,1.0,0.0,1.2604958448392568e-179,2020-08-03,2000-09-01,2020-07-31,5009.0,risk_off
2020-08-05,risk_off,risk_off,1.0,0.0,3.603802556558946e-186,2020-08-03,2000-09-01,2020-07-31,5009.0,risk_off
2020-08-06,risk_off,risk_off,1.0,0.0,1.880437241004915e-187,2020-08-03,2000-09-01,2020-07-31,5009.0,risk_off
2020-08-07,risk_off,risk_off,1.0,0.0,2.2035062457161139e-184,2020-08-03,2000-09-01,2020-07-31,5009.0,risk_off
2020-08-10,risk_off,risk_off,1.0,0.0,1.208166321364038e-190,2020-08-03,2000-09-01,2020-07-31,5009.0,risk_off
2020-08-11,risk_off,risk_off,1.0,0.0,1.0627512204980587e-187,2020-08-03,2000-09-01,2020-07-31,5009.0,risk_off
2020-08-12,risk_off,risk_off,1.0,0.0,2.025984449830188e-194,2020-08-03,2000-09-01,2020-07-31,5009.0,risk_off
2020-08-13,risk_off,risk_off,1.0,0.0,1.7926061311985424e-183,2020-08-03,2000-09-01,2020-07-31,5009.0,risk_off
2020-08-14,risk_off,risk_off,1.0,0.0,1.0316709470283606e-176,2020-08-03,2000-09-01,2020-07-31,5009.0,risk_off
2020-08-17,risk_off,risk_off,1.0,0.0,6.856237636970995e-166,2020-08-03,2000-09-01,2020-07-31,5009.0,risk_off
2020-08-18,risk_off,risk_off,1.0,0.0,1.8996688945265002e-166,2020-08-03,2000-09-01,2020-07-31,5009.0,risk_off
2020-08-19,risk_off,risk_off,1.0,0.0,1.8202034872580417e-164,2020-08-03,2000-09-01,2020-07-31,5009.0,risk_off
2020-08-20,risk_off,risk_off,1.0,0.0,2.6984220654767804e-166,2020-08-03,2000-09-01,2020-07-31,5009.0,risk_off
2020-08-21,risk_off,risk_off,1.0,0.0,1.83723448003913e-169,2020-08-03,2000-09-01,2020-07-31,5009.0,risk_off
2020-08-24,risk_off,risk_off,1.0,0.0,7.1437791332639345e-171,2020-08-03,2000-09-01,2020-07-31,5009.0,risk_off
2020-08-25,risk_off,risk_off,1.0,0.0,2.699576092231643e-177,2020-08-03,2000-09-01,2020-07-31,5009.0,risk_off
2020-08-26,risk_off,risk_off,1.0,0.0,3.259532959337451e-179,2020-08-03,2000-09-01,2020-07-31,5009.0,risk_off
2020-08-27,risk_off,risk_off,1.0,0.0,7.868576137422111e-176,2020-08-03,2000-09-01,2020-07-31,5009.0,risk_off
2020-08-28,risk_off,risk_off,1.0,0.0,8.565969367984337e-176,2020-08-03,2000-09-01,2020-07-31,5009.0,risk_off
2020-08-31,risk_off,risk_off,1.0,0.0,4.123437696068533e-177,2020-08-03,2000-09-01,2020-07-31,5009.0,risk_off
2020-09-01,risk_off,risk_off,1.0,0.0,4.369742044722302e-138,2020-09-01,2000-09-01,2020-08-31,5030.0,risk_off
2020-09-02,risk_off,risk_off,1.0,0.0,2.1159476397941853e-144,2020-09-01,2000-09-01,2020-08-31,5030.0,risk_off
2020-09-03,risk_off,risk_off,1.0,0.0,3.0146104123906602e-164,2020-09-01,2000-09-01,2020-08-31,5030.0,risk_off
2020-09-04,risk_off,risk_off,1.0,0.0,2.0592471191597686e-162,2020-09-01,2000-09-01,2020-08-31,5030.0,risk_off
2020-09-08,risk_off,risk_off,1.0,0.0,6.514232244164163e-159,2020-09-01,2000-09-01,2020-08-31,5030.0,risk_off
2020-09-09,risk_off,risk_off,1.0,0.0,2.9646328202251117e-150,2020-09-01,2000-09-01,2020-08-31,5030.0,risk_off
2020-09-10,risk_off,risk_off,1.0,0.0,1.9535541864768064e-157,2020-09-01,2000-09-01,2020-08-31,5030.0,risk_off
2020-09-11,risk_off,risk_off,1.0,0.0,4.154653997211229e-157,2020-09-01,2000-09-01,2020-08-31,5030.0,risk_off
2020-09-14,risk_off,risk_off,1.0,0.0,4.825504926427428e-151,2020-09-01,2000-09-01,2020-08-31,5030.0,risk_off
2020-09-15,risk_off,risk_off,1.0,0.0,8.798137211327777e-110,2020-09-01,2000-09-01,2020-08-31,5030.0,risk_off
2020-09-16,risk_off,risk_off,1.0,0.0,1.7227589630087073e-110,2020-09-01,2000-09-01,2020-08-31,5030.0,risk_off
2020-09-17,risk_off,risk_off,1.0,0.0,2.8260758379625377e-115,2020-09-01,2000-09-01,2020-08-31,5030.0,risk_off
2020-09-18,risk_off,risk_off,1.0,0.0,2.543001489623197e-117,2020-09-01,2000-09-01,2020-08-31,5030.0,risk_off
2020-09-21,risk_off,risk_off,1.0,0.0,1.9321475234417826e-112,2020-09-01,2000-09-01,2020-08-31,5030.0,risk_off
2020-09-22,risk_off,risk_off,1.0,0.0,3.9430004162394306e-111,2020-09-01,2000-09-01,2020-08-31,5030.0,risk_off
2020-09-23,risk_off,risk_off,1.0,0.0,2.9122511906828447e-114,2020-09-01,2000-09-01,2020-08-31,5030.0,risk_off
2020-09-24,risk_off,risk_off,1.0,0.0,2.7317608910154455e-117,2020-09-01,2000-09-01,2020-08-31,5030.0,risk_off
2020-09-25,risk_off,risk_off,1.0,0.0,1.6106835659344358e-116,2020-09-01,2000-09-01,2020-08-31,5030.0,risk_off
2020-09-28,risk_off,risk_off,1.0,0.0,1.841231849333284e-117,2020-09-01,2000-09-01,2020-08-31,5030.0,risk_off
2020-09-29,risk_off,risk_off,1.0,0.0,4.150903312313424e-111,2020-09-01,2000-09-01,2020-08-31,5030.0,risk_off
2020-09-30,risk_off,risk_off,1.0,0.0,2.1680049524424816e-113,2020-09-01,2000-09-01,2020-08-31,5030.0,risk_off
2020-10-01,risk_off,risk_off,1.0,0.0,1.879854865133873e-223,2020-10-01,2000-09-01,2020-09-30,5051.0,risk_off
2020-10-02,risk_off,risk_off,1.0,0.0,3.439182306216332e-225,2020-10-01,2000-09-01,2020-09-30,5051.0,risk_off
2020-10-05,risk_off,risk_off,1.0,0.0,1.1236223336532218e-217,2020-10-01,2000-09-01,2020-09-30,5051.0,risk_off
2020-10-06,risk_off,risk_off,1.0,0.0,1.4808426779744699e-223,2020-10-01,2000-09-01,2020-09-30,5051.0,risk_off
2020-10-07,risk_off,risk_off,1.0,0.0,2.9499837002179324e-212,2020-10-01,2000-09-01,2020-09-30,5051.0,risk_off
2020-10-08,risk_off,risk_off,1.0,0.0,5.212170257348848e-207,2020-10-01,2000-09-01,2020-09-30,5051.0,risk_off
2020-10-09,risk_off,risk_off,1.0,0.0,9.543399079421042e-207,2020-10-01,2000-09-01,2020-09-30,5051.0,risk_off
2020-10-12,risk_off,risk_off,1.0,0.0,2.4464842434104535e-209,2020-10-01,2000-09-01,2020-09-30,5051.0,risk_off
2020-10-13,risk_off,risk_off,1.0,0.0,5.313798377521781e-210,2020-10-01,2000-09-01,2020-09-30,5051.0,risk_off
2020-10-14,risk_off,risk_off,1.0,0.0,1.4790269049542822e-212,2020-10-01,2000-09-01,2020-09-30,5051.0,risk_off
2020-10-15,risk_off,risk_off,1.0,0.0,1.7822552286496948e-215,2020-10-01,2000-09-01,2020-09-30,5051.0,risk_off
2020-10-16,risk_off,risk_off,1.0,5.430808511967324e-291,1.5869325902161725e-211,2020-10-01,2000-09-01,2020-09-30,5051.0,risk_off
2020-10-19,risk_off,risk_off,1.0,1.3959460025661438e-293,1.879965887959124e-216,2020-10-01,2000-09-01,2020-09-30,5051.0,risk_off
2020-10-20,risk_off,risk_off,1.0,2.3803940032606813e-293,4.715921576730239e-215,2020-10-01,2000-09-01,2020-09-30,5051.0,risk_off
2020-10-21,risk_off,risk_off,1.0,7.774020684232676e-295,8.51209475928951e-216,2020-10-01,2000-09-01,2020-09-30,5051.0,risk_off
2020-10-22,risk_off,risk_off,1.0,8.907584878170395e-293,1.593723919334299e-213,2020-10-01,2000-09-01,2020-09-30,5051.0,risk_off
2020-10-23,risk_off,risk_off,1.0,5.383005108384065e-294,6.0228435132356694e-210,2020-10-01,2000-09-01,2020-09-30,5051.0,risk_off
2020-10-26,risk_off,risk_off,1.0,1.15778296552121e-296,4.195331386084586e-223,2020-10-01,2000-09-01,2020-09-30,5051.0,risk_off
2020-10-27,risk_off,risk_off,1.0,6.195979597847993e-297,1.259271310268557e-222,2020-10-01,2000-09-01,2020-09-30,5051.0,risk_off
2020-10-28,risk_off,risk_off,1.0,2.3966569662695142e-304,4.933111818984021e-249,2020-10-01,2000-09-01,2020-09-30,5051.0,risk_off
2020-10-29,risk_off,risk_off,1.0,5.721831853174876e-304,2.876818200035152e-233,2020-10-01,2000-09-01,2020-09-30,5051.0,risk_off
2020-10-30,risk_off,risk_off,1.0,4.873126225978895e-303,2.077462229314972e-232,2020-10-01,2000-09-01,2020-09-30,5051.0,risk_off
2020-11-02,risk_off,neutral,3.0618639030424374e-16,1.0,2.7228404959916537e-243,2020-11-02,2000-09-01,2020-10-30,5073.0,risk_off
2020-11-03,risk_off,neutral,3.761749715409426e-16,1.0,2.644106016679668e-235,2020-11-02,2000-09-01,2020-10-30,5073.0,neutral
2020-11-04,risk_off,neutral,7.899954495957681e-16,1.0,3.763995045650202e-227,2020-11-02,2000-09-01,2020-10-30,5073.0,neutral
2020-11-05,risk_off,neutral,3.761518423306508e-16,1.0,2.3616710660677937e-220,2020-11-02,2000-09-01,2020-10-30,5073.0,neutral
2020-11-06,risk_off,neutral,3.551692608214918e-17,1.0,6.6082785421245e-212,2020-11-02,2000-09-01,2020-10-30,5073.0,neutral
2020-11-09,risk_off,neutral,1.3628764563724661e-15,1.0,2.6276998972505125e-222,2020-11-02,2000-09-01,2020-10-30,5073.0,neutral
2020-11-10,risk_off,neutral,3.915793492166096e-17,1.0,6.654194714226574e-215,2020-11-02,2000-09-01,2020-10-30,5073.0,neutral
2020-11-11,risk_off,neutral,3.835317407203126e-16,1.0,2.7777804332338814e-210,2020-11-02,2000-09-01,2020-10-30,5073.0,neutral
2020-11-12,risk_off,neutral,6.454789013917314e-16,1.0,1.7847915743640522e-215,2020-11-02,2000-09-01,2020-10-30,5073.0,neutral
2020-11-13,risk_off,neutral,2.0607937360284108e-16,1.0,5.137783444369758e-210,2020-11-02,2000-09-01,2020-10-30,5073.0,neutral
2020-11-16,risk_off,neutral,3.3252532047687993e-16,1.0,7.330201811825807e-206,2020-11-02,2000-09-01,2020-10-30,5073.0,neutral
2020-11-17,risk_off,neutral,1.8118225613365845e-16,1.0,8.376281011003083e-206,2020-11-02,2000-09-01,2020-10-30,5073.0,neutral
2020-11-18,risk_off,neutral,2.355363675222244e-16,1.0,1.4275908003213304e-206,2020-11-02,2000-09-01,2020-10-30,5073.0,neutral
2020-11-19,risk_off,neutral,2.784226871021673e-16,1.0,2.1694182066610023e-204,2020-11-02,2000-09-01,2020-10-30,5073.0,neutral
2020-11-20,risk_off,neutral,3.4188638573500047e-16,1.0,6.491200274314832e-206,2020-11-02,2000-09-01,2020-10-30,5073.0,neutral
2020-11-23,risk_off,neutral,7.834087332380078e-16,1.0,1.4846367574574358e-201,2020-11-02,2000-09-01,2020-10-30,5073.0,neutral
2020-11-24,risk_off,neutral,5.404311293274005e-15,0.9999999999999964,1.3897215987913023e-195,2020-11-02,2000-09-01,2020-10-30,5073.0,neutral
2020-11-25,risk_off,neutral,4.3788827507625743e-14,0.9999999999999574,1.1605168127855352e-194,2020-11-02,2000-09-01,2020-10-30,5073.0,neutral
2020-11-27,risk_off,neutral,7.400251502479225e-14,0.9999999999999254,8.178776863964918e-186,2020-11-02,2000-09-01,2020-10-30,5073.0,neutral
2020-11-30,risk_off,neutral,7.235596141388681e-14,0.999999999999929,2.2041217429848947e-184,2020-11-02,2000-09-01,2020-10-30,5073.0,neutral
2020-12-01,risk_off,risk_off,1.0,1.4946454784784817e-172,2.9003810842792005e-46,2020-12-01,2000-09-01,2020-11-30,5093.0,neutral
2020-12-02,risk_off,risk_off,1.0,1.1990293029736164e-171,7.533362835984885e-44,2020-12-01,2000-09-01,2020-11-30,5093.0,risk_off
2020-12-03,risk_off,risk_off,1.0,1.8414423869858585e-171,3.512165587911088e-46,2020-12-01,2000-09-01,2020-11-30,5093.0,risk_off
2020-12-04,risk_off,risk_off,1.0,1.2749086967119404e-168,1.1061163737217018e-44,2020-12-01,2000-09-01,2020-11-30,5093.0,risk_off
2020-12-07,risk_off,risk_off,1.0,2.4370239710869574e-167,7.504867813216595e-49,2020-12-01,2000-09-01,2020-11-30,5093.0,risk_off
2020-12-08,risk_off,risk_off,1.0,5.756583036342383e-167,4.175254181208185e-46,2020-12-01,2000-09-01,2020-11-30,5093.0,risk_off
2020-12-09,risk_off,risk_off,1.0,2.908897170919452e-175,8.491871283871273e-55,2020-12-01,2000-09-01,2020-11-30,5093.0,risk_off
2020-12-10,risk_off,risk_off,1.0,2.1300104371673852e-171,2.657416973532021e-55,2020-12-01,2000-09-01,2020-11-30,5093.0,risk_off
2020-12-11,risk_off,risk_off,1.0,1.580829174470189e-169,4.835956515283345e-56,2020-12-01,2000-09-01,2020-11-30,5093.0,risk_off
2020-12-14,risk_off,risk_off,1.0,6.431803888230735e-167,2.9240800730436947e-55,2020-12-01,2000-09-01,2020-11-30,5093.0,risk_off
2020-12-15,risk_off,risk_off,1.0,1.0751976807028527e-169,3.6997649866029117e-53,2020-12-01,2000-09-01,2020-11-30,5093.0,risk_off
2020-12-16,risk_off,risk_off,1.0,4.62692368573563e-161,2.4179933832831334e-53,2020-12-01,2000-09-01,2020-11-30,5093.0,risk_off
2020-12-17,risk_off,risk_off,1.0,3.978762549164393e-162,1.2340795183628582e-53,2020-12-01,2000-09-01,2020-11-30,5093.0,risk_off
2020-12-18,risk_off,risk_off,1.0,5.258990235507001e-166,9.777908830436746e-57,2020-12-01,2000-09-01,2020-11-30,5093.0,risk_off
2020-12-21,risk_off,risk_off,1.0,9.950433144143108e-162,5.923557965988651e-58,2020-12-01,2000-09-01,2020-11-30,5093.0,risk_off
2020-12-22,risk_off,risk_off,1.0,8.712396442300923e-164,8.804979363529373e-63,2020-12-01,2000-09-01,2020-11-30,5093.0,risk_off
2020-12-23,risk_off,risk_off,1.0,9.227286049071118e-168,1.138620535330931e-63,2020-12-01,2000-09-01,2020-11-30,5093.0,risk_off
2020-12-24,risk_off,risk_off,1.0,5.4968065622071124e-170,1.5130334101596547e-62,2020-12-01,2000-09-01,2020-11-30,5093.0,risk_off
2020-12-28,risk_off,risk_off,1.0,1.502004899341168e-170,9.243311934975589e-62,2020-12-01,2000-09-01,2020-11-30,5093.0,risk_off
2020-12-29,risk_off,risk_off,1.0,1.0760198291248992e-170,2.9221150396289505e-65,2020-12-01,2000-09-01,2020-11-30,5093.0,risk_off
2020-12-30,risk_off,risk_off,1.0,2.2724730103391347e-171,1.332839921609672e-65,2020-12-01,2000-09-01,2020-11-30,5093.0,risk_off
2020-12-31,risk_off,risk_off,1.0,2.0008769179320138e-172,2.1464187534223415e-67,2020-12-01,2000-09-01,2020-11-30,5093.0,risk_off
2021-01-04,risk_off,neutral,5.1579041355809175e-21,1.0,9.06428359875156e-229,2021-01-04,2000-09-01,2020-12-31,5115.0,risk_off
2021-01-05,risk_off,neutral,2.650910757901242e-21,1.0,7.828178006627028e-221,2021-01-04,2000-09-01,2020-12-31,5115.0,neutral
2021-01-06,risk_off,neutral,3.760793862498236e-22,1.0,2.309923445649945e-226,2021-01-04,2000-09-01,2020-12-31,5115.0,neutral
2021-01-07,risk_off,neutral,7.744107442550272e-21,1.0,1.1590640884458337e-218,2021-01-04,2000-09-01,2020-12-31,5115.0,neutral
2021-01-08,risk_off,neutral,1.4213936654931084e-20,1.0,1.7926141782165152e-217,2021-01-04,2000-09-01,2020-12-31,5115.0,neutral
2021-01-11,risk_off,neutral,5.189462365690688e-21,1.0,2.430333232332797e-222,2021-01-04,2000-09-01,2020-12-31,5115.0,neutral
2021-01-12,risk_off,neutral,1.433130344328957e-20,1.0,8.552025436400891e-222,2021-01-04,2000-09-01,2020-12-31,5115.0,neutral
2021-01-13,risk_off,neutral,2.0217451518487083e-21,1.0,7.573361758427893e-219,2021-01-04,2000-09-01,2020-12-31,5115.0,neutral
2021-01-14,risk_off,neutral,1.2359213071621552e-21,1.0,4.0552024007813443e-219,2021-01-04,2000-09-01,2020-12-31,5115.0,neutral
2021-01-15,risk_off,neutral,1.5375097183937782e-21,1.0,2.293439300014182e-223,2021-01-04,2000-09-01,2020-12-31,5115.0,neutral
2021-01-19,risk_off,neutral,1.79384930642233e-20,1.0,3.287629831668011e-221,2021-01-04,2000-09-01,2020-12-31,5115.0,neutral
2021-01-20,risk_off,neutral,9.378629905683235e-19,1.0,1.1850530578358433e-220,2021-01-04,2000-09-01,2020-12-31,5115.0,neutral
2021-01-21,risk_off,neutral,8.024012227110503e-19,1.0,1.1137821129150237e-218,2021-01-04,2000-09-01,2020-12-31,5115.0,neutral
2021-01-22,risk_off,neutral,2.480635249384067e-18,1.0,1.4754523392512396e-223,2021-01-04,2000-09-01,2020-12-31,5115.0,neutral
2021-01-25,risk_off,neutral,6.5412516452122395e-18,1.0,1.808931459592813e-229,2021-01-04,2000-09-01,2020-12-31,5115.0,neutral
2021-01-26,risk_off,neutral,7.390456299624933e-18,1.0,1.1499746058059718e-229,2021-01-04,2000-09-01,2020-12-31,5115.0,neutral
2021-01-27,risk_off,neutral,2.2812379825798985e-13,0.9999999999997726,5.55800673681158e-280,2021-01-04,2000-09-01,2020-12-31,5115.0,neutral
2021-01-28,risk_off,neutral,1.3810842847283513e-16,1.0,5.2442564933340926e-253,2021-01-04,2000-09-01,2020-12-31,5115.0,neutral
2021-01-29,risk_off,neutral,2.639953592791002e-14,0.9999999999999716,8.697694427435593e-273,2021-01-04,2000-09-01,2020-12-31,5115.0,neutral
2021-02-01,risk_off,risk_off,1.0,0.0,4.77205350988611e-116,2021-02-01,2000-09-01,2021-01-29,5134.0,neutral
2021-02-02,risk_off,risk_off,1.0,0.0,1.6173611119826725e-121,2021-02-01,2000-09-01,2021-01-29,5134.0,risk_off
2021-02-03,risk_off,risk_off,1.0,0.0,1.6863248445486538e-124,2021-02-01,2000-09-01,2021-01-29,5134.0,risk_off
2021-02-04,risk_off,risk_off,1.0,0.0,1.3652589123512594e-124,2021-02-01,2000-09-01,2021-01-29,5134.0,risk_off
2021-02-05,risk_off,risk_off,1.0,0.0,2.181931998900634e-121,2021-02-01,2000-09-01,2021-01-29,5134.0,risk_off
2021-02-08,risk_off,risk_off,1.0,0.0,6.0170510586245626e-120,2021-02-01,2000-09-01,2021-01-29,5134.0,risk_off
2021-02-09,risk_off,risk_off,1.0,0.0,1.0449303807571283e-121,2021-02-01,2000-09-01,2021-01-29,5134.0,risk_off
2021-02-10,risk_off,risk_off,1.0,0.0,1.162898287131951e-121,2021-02-01,2000-09-01,2021-01-29,5134.0,risk_off
2021-02-11,risk_off,risk_off,1.0,0.0,9.112659684726082e-123,2021-02-01,2000-09-01,2021-01-29,5134.0,risk_off
2021-02-12,risk_off,risk_off,1.0,0.0,1.7374723377873422e-123,2021-02-01,2000-09-01,2021-01-29,5134.0,risk_off
2021-02-16,neutral,risk_off,1.0,0.0,5.533308301175053e-115,2021-02-01,2000-09-01,2021-01-29,5134.0,risk_off
2021-02-17,neutral,risk_off,1.0,0.0,2.6561577758546846e-118,2021-02-01,2000-09-01,2021-01-29,5134.0,risk_off
2021-02-18,neutral,risk_off,1.0,0.0,3.607803677663541e-117,2021-02-01,2000-09-01,2021-01-29,5134.0,risk_off
2021-02-19,neutral,risk_off,1.0,0.0,2.0591989950174855e-118,2021-02-01,2000-09-01,2021-01-29,5134.0,risk_off
2021-02-22,neutral,risk_off,1.0,0.0,1.4510389497413172e-124,2021-02-01,2000-09-01,2021-01-29,5134.0,risk_off
2021-02-23,neutral,risk_off,1.0,0.0,9.729870833325202e-133,2021-02-01,2000-09-01,2021-01-29,5134.0,risk_off
2021-02-24,neutral,risk_off,1.0,0.0,4.351773036789315e-129,2021-02-01,2000-09-01,2021-01-29,5134.0,risk_off
2021-02-25,risk_off,risk_off,1.0,0.0,1.434745605463911e-135,2021-02-01,2000-09-01,2021-01-29,5134.0,risk_off
2021-02-26,risk_off,risk_off,1.0,0.0,2.982232139198503e-132,2021-02-01,2000-09-01,2021-01-29,5134.0,risk_off
2021-03-01,neutral,risk_off,1.0,1.8366085763984186e-145,0.0,2021-03-01,2000-09-01,2021-02-26,5153.0,risk_off
2021-03-02,neutral,risk_off,1.0,1.447655378723213e-146,0.0,2021-03-01,2000-09-01,2021-02-26,5153.0,risk_off
2021-03-03,neutral,risk_off,1.0,5.645627084304571e-152,0.0,2021-03-01,2000-09-01,2021-02-26,5153.0,risk_off
2021-03-04,risk_off,risk_off,1.0,5.620864960329018e-162,0.0,2021-03-01,2000-09-01,2021-02-26,5153.0,risk_off
2021-03-05,neutral,risk_off,1.0,3.981675661887962e-161,0.0,2021-03-01,2000-09-01,2021-02-26,5153.0,risk_off
2021-03-08,neutral,risk_off,1.0,2.4635306889706124e-159,0.0,2021-03-01,2000-09-01,2021-02-26,5153.0,risk_off
2021-03-09,neutral,risk_off,1.0,1.30737844648506e-154,0.0,2021-03-01,2000-09-01,2021-02-26,5153.0,risk_off
2021-03-10,neutral,risk_off,1.0,1.356333244259352e-155,0.0,2021-03-01,2000-09-01,2021-02-26,5153.0,risk_off
2021-03-11,neutral,risk_off,1.0,3.1424700214600406e-151,0.0,2021-03-01,2000-09-01,2021-02-26,5153.0,risk_off
2021-03-12,neutral,risk_off,1.0,3.769690809649022e-158,0.0,2021-03-01,2000-09-01,2021-02-26,5153.0,risk_off
2021-03-15,neutral,risk_off,1.0,3.6165591142425304e-155,0.0,2021-03-01,2000-09-01,2021-02-26,5153.0,risk_off
2021-03-16,neutral,risk_off,1.0,1.2229987938924792e-155,0.0,2021-03-01,2000-09-01,2021-02-26,5153.0,risk_off
2021-03-17,neutral,risk_off,1.0,1.7370125338667376e-157,0.0,2021-03-01,2000-09-01,2021-02-26,5153.0,risk_off
2021-03-18,neutral,risk_off,1.0,7.116596372489564e-153,0.0,2021-03-01,2000-09-01,2021-02-26,5153.0,risk_off
2021-03-19,neutral,risk_off,1.0,6.67742916398981e-153,0.0,2021-03-01,2000-09-01,2021-02-26,5153.0,risk_off
2021-03-22,neutral,risk_off,1.0,6.2553768854074435e-149,0.0,2021-03-01,2000-09-01,2021-02-26,5153.0,risk_off
2021-03-23,neutral,risk_off,1.0,3.7513603238582834e-146,0.0,2021-03-01,2000-09-01,2021-02-26,5153.0,risk_off
2021-03-24,neutral,risk_off,1.0,7.776802690429693e-149,0.0,2021-03-01,2000-09-01,2021-02-26,5153.0,risk_off
2021-03-25,neutral,risk_off,1.0,1.8861023424885005e-151,0.0,2021-03-01,2000-09-01,2021-02-26,5153.0,risk_off
2021-03-26,neutral,risk_off,1.0,2.7676942048874688e-148,0.0,2021-03-01,2000-09-01,2021-02-26,5153.0,risk_off
2021-03-29,neutral,risk_off,1.0,2.349399323870067e-146,0.0,2021-03-01,2000-09-01,2021-02-26,5153.0,risk_off
2021-03-30,neutral,risk_off,1.0,9.04508794994483e-147,0.0,2021-03-01,2000-09-01,2021-02-26,5153.0,risk_off
2021-03-31,neutral,risk_off,1.0,6.0475951581163745e-145,0.0,2021-03-01,2000-09-01,2021-02-26,5153.0,risk_off
2021-04-01,neutral,risk_off,1.0,4.193794077200987e-128,1.293331783532796e-185,2021-04-01,2000-09-01,2021-03-31,5176.0,risk_off
2021-04-05,neutral,risk_off,1.0,1.1611422148353832e-124,3.2875961549438935e-179,2021-04-01,2000-09-01,2021-03-31,5176.0,risk_off
2021-04-06,neutral,risk_off,1.0,2.10224084361178e-125,1.433927966140323e-180,2021-04-01,2000-09-01,2021-03-31,5176.0,risk_off
2021-04-07,neutral,risk_off,1.0,4.314670132686507e-125,3.0382070680934386e-172,2021-04-01,2000-09-01,2021-03-31,5176.0,risk_off
2021-04-08,neutral,risk_off,1.0,4.2026664533915726e-123,1.3856174169165346e-166,2021-04-01,2000-09-01,2021-03-31,5176.0,risk_off
2021-04-09,neutral,risk_off,1.0,2.1628772062313343e-122,7.614231053526836e-165,2021-04-01,2000-09-01,2021-03-31,5176.0,risk_off
2021-04-12,neutral,risk_off,1.0,3.924805928282138e-123,2.2799251364616094e-162,2021-04-01,2000-09-01,2021-03-31,5176.0,risk_off
2021-04-13,neutral,risk_off,1.0,1.7209572292909832e-121,1.4867059829598062e-161,2021-04-01,2000-09-01,2021-03-31,5176.0,risk_off
2021-04-14,neutral,risk_off,1.0,4.1506900124066454e-122,1.5841236000116983e-165,2021-04-01,2000-09-01,2021-03-31,5176.0,risk_off
2021-04-15,neutral,risk_off,1.0,1.2780251906612072e-128,8.900009128831985e-174,2021-04-01,2000-09-01,2021-03-31,5176.0,risk_off
2021-04-16,neutral,risk_off,1.0,1.1997603073307552e-128,2.1479531226643234e-172,2021-04-01,2000-09-01,2021-03-31,5176.0,risk_off
2021-04-19,neutral,risk_off,1.0,5.26149371514661e-128,2.216460562658427e-171,2021-04-01,2000-09-01,2021-03-31,5176.0,risk_off
2021-04-20,neutral,risk_off,1.0,6.342598630556787e-128,1.6746887774547173e-173,2021-04-01,2000-09-01,2021-03-31,5176.0,risk_off
2021-04-21,neutral,risk_off,1.0,2.748516790234882e-128,5.53439002328631e-169,2021-04-01,2000-09-01,2021-03-31,5176.0,risk_off
2021-04-22,neutral,risk_off,1.0,5.234994790545656e-128,9.74381171429103e-173,2021-04-01,2000-09-01,2021-03-31,5176.0,risk_off
2021-04-23,neutral,risk_off,1.0,7.855493350833664e-129,3.691051539000503e-169,2021-04-01,2000-09-01,2021-03-31,5176.0,risk_off
2021-04-26,neutral,risk_off,1.0,8.342363294042232e-129,1.4041464117875627e-168,2021-04-01,2000-09-01,2021-03-31,5176.0,risk_off
2021-04-27,neutral,risk_off,1.0,1.1126840787140351e-128,4.050749389683553e-168,2021-04-01,2000-09-01,2021-03-31,5176.0,risk_off
2021-04-28,neutral,risk_off,1.0,1.539234190950442e-130,3.9143857223503267e-168,2021-04-01,2000-09-01,2021-03-31,5176.0,risk_off
2021-04-29,neutral,risk_off,1.0,2.1069946294994814e-128,2.8474880356834052e-168,2021-04-01,2000-09-01,2021-03-31,5176.0,risk_off
2021-04-30,neutral,risk_off,1.0,1.0786789261179984e-128,7.164358545612319e-169,2021-04-01,2000-09-01,2021-03-31,5176.0,risk_off
2021-05-03,neutral,neutral,0.0,1.0,1.808595627031889e-24,2021-05-03,2000-09-01,2021-04-30,5197.0,risk_off
2021-05-04,neutral,neutral,0.0,1.0,1.1967008211053286e-28,2021-05-03,2000-09-01,2021-04-30,5197.0,neutral
2021-05-05,neutral,neutral,0.0,1.0,3.4726791085578705e-26,2021-05-03,2000-09-01,2021-04-30,5197.0,neutral
2021-05-06,neutral,neutral,0.0,1.0,6.962234554875847e-24,2021-05-03,2000-09-01,2021-04-30,5197.0,neutral
2021-05-07,neutral,neutral,0.0,1.0,2.143426181839704e-22,2021-05-03,2000-09-01,2021-04-30,5197.0,neutral
2021-05-10,neutral,neutral,0.0,1.0,1.689986240862762e-24,2021-05-03,2000-09-01,2021-04-30,5197.0,neutral
2021-05-11,neutral,neutral,0.0,1.0,1.966170611852105e-26,2021-05-03,2000-09-01,2021-04-30,5197.0,neutral
2021-05-12,neutral,neutral,0.0,1.0,5.100608384610751e-35,2021-05-03,2000-09-01,2021-04-30,5197.0,neutral
2021-05-13,neutral,neutral,0.0,1.0,5.0953289708834583e-26,2021-05-03,2000-09-01,2021-04-30,5197.0,neutral
2021-05-14,neutral,neutral,0.0,1.0,1.0209152608767003e-18,2021-05-03,2000-09-01,2021-04-30,5197.0,neutral
2021-05-17,neutral,neutral,0.0,1.0,5.9161098528826676e-18,2021-05-03,2000-09-01,2021-04-30,5197.0,neutral
2021-05-18,neutral,neutral,0.0,1.0,1.5372251305304899e-18,2021-05-03,2000-09-01,2021-04-30,5197.0,neutral
2021-05-19,neutral,neutral,0.0,1.0,6.836867467355606e-22,2021-05-03,2000-09-01,2021-04-30,5197.0,neutral
2021-05-20,neutral,neutral,0.0,1.0,2.7174604101382705e-18,2021-05-03,2000-09-01,2021-04-30,5197.0,neutral
2021-05-21,neutral,neutral,0.0,1.0,8.625299855204124e-19,2021-05-03,2000-09-01,2021-04-30,5197.0,neutral
2021-05-24,neutral,neutral,0.0,1.0,3.4654669215112836e-15,2021-05-03,2000-09-01,2021-04-30,5197.0,neutral
2021-05-25,neutral,neutral,0.0,1.0,1.5155616574060946e-15,2021-05-03,2000-09-01,2021-04-30,5197.0,neutral
2021-05-26,neutral,neutral,0.0,0.9999999999999503,5.096003549317602e-14,2021-05-03,2000-09-01,2021-04-30,5197.0,neutral
2021-05-27,neutral,neutral,0.0,0.999999999999936,6.43513257684061e-14,2021-05-03,2000-09-01,2021-04-30,5197.0,neutral
2021-05-28,neutral,neutral,0.0,0.9999999999999147,8.287764419625065e-14,2021-05-03,2000-09-01,2021-04-30,5197.0,neutral
2021-06-01,neutral,neutral,5.031397662968538e-67,1.0,4.448637845731276e-18,2021-06-01,2000-09-01,2021-05-28,5217.0,neutral
2021-06-02,neutral,neutral,6.768809982253298e-66,1.0,8.947163889027208e-18,2021-06-01,2000-09-01,2021-05-28,5217.0,neutral
2021-06-03,neutral,neutral,2.7800934060668656e-66,1.0,2.653220853289815e-19,2021-06-01,2000-09-01,2021-05-28,5217.0,neutral
2021-06-04,neutral,neutral,1.0279966307024079e-64,1.0,3.5078165364670016e-18,2021-06-01,2000-09-01,2021-05-28,5217.0,neutral
2021-06-07,neutral,neutral,3.4341899708048757e-65,1.0,7.309569806451619e-19,2021-06-01,2000-09-01,2021-05-28,5217.0,neutral
2021-06-08,neutral,neutral,2.290282687544101e-66,1.0,1.3834876835216412e-17,2021-06-01,2000-09-01,2021-05-28,5217.0,neutral
2021-06-09,neutral,neutral,4.806618213102013e-68,1.0,2.9947090862659335e-17,2021-06-01,2000-09-01,2021-05-28,5217.0,neutral
2021-06-10,neutral,neutral,8.797310943888877e-68,1.0,2.260963550717125e-16,2021-06-01,2000-09-01,2021-05-28,5217.0,neutral
2021-06-11,neutral,neutral,2.8428277649644467e-69,0.9999999999999218,7.935143449264103e-14,2021-06-01,2000-09-01,2021-05-28,5217.0,neutral
2021-06-14,neutral,neutral,1.1890391493240451e-68,0.9999999999999893,9.703122296799438e-15,2021-06-01,2000-09-01,2021-05-28,5217.0,neutral
2021-06-15,neutral,neutral,5.781719918233682e-65,0.9999999999998934,1.0461423832425056e-13,2021-06-01,2000-09-01,2021-05-28,5217.0,neutral
2021-06-16,neutral,neutral,1.2606626777019437e-65,1.0,4.0212224238401995e-16,2021-06-01,2000-09-01,2021-05-28,5217.0,neutral
2021-06-17,neutral,neutral,9.37454507240264e-66,1.0,3.764661392127375e-17,2021-06-01,2000-09-01,2021-05-28,5217.0,neutral
2021-06-18,neutral,neutral,2.843312228995703e-66,1.0,6.463978233860518e-20,2021-06-01,2000-09-01,2021-05-28,5217.0,neutral
2021-06-21,neutral,neutral,5.175987770388746e-68,1.0,8.741613465587808e-16,2021-06-01,2000-09-01,2021-05-28,5217.0,neutral
2021-06-22,neutral,neutral,5.4040593122744636e-70,0.9999999999999929,4.818386074133722e-15,2021-06-01,2000-09-01,2021-05-28,5217.0,neutral
2021-06-23,neutral,neutral,5.28798678192951e-69,0.9999999999999929,7.935733511238304e-15,2021-06-01,2000-09-01,2021-05-28,5217.0,neutral
2021-06-24,neutral,neutral,1.095116069434217e-70,1.0,1.7189703098036964e-15,2021-06-01,2000-09-01,2021-05-28,5217.0,neutral
2021-06-25,neutral,neutral,5.1868839551710844e-71,0.9999999999999716,2.9934849171258133e-14,2021-06-01,2000-09-01,2021-05-28,5217.0,neutral
2021-06-28,neutral,neutral,1.488082323275831e-69,0.9999999999999929,7.884069425595712e-15,2021-06-01,2000-09-01,2021-05-28,5217.0,neutral
2021-06-29,neutral,neutral,1.2636637977367817e-70,0.9999999999999929,4.7538861782279016e-15,2021-06-01,2000-09-01,2021-05-28,5217.0,neutral
2021-06-30,neutral,neutral,1.680376123242564e-72,1.0,3.077803614058712e-15,2021-06-01,2000-09-01,2021-05-28,5217.0,neutral
2021-07-01,neutral,neutral,1.9219256818693462e-08,0.9999999807807429,1.826021347630588e-222,2021-07-01,2000-09-01,2021-06-30,5239.0,neutral
2021-07-02,neutral,neutral,7.264581488784285e-08,0.9999999273541844,1.5236707506551632e-225,2021-07-01,2000-09-01,2021-06-30,5239.0,neutral
2021-07-06,neutral,neutral,1.379208846175902e-08,0.9999999862079109,7.780744769362727e-227,2021-07-01,2000-09-01,2021-06-30,5239.0,neutral
2021-07-07,neutral,neutral,9.479247033164401e-09,0.9999999905207524,3.651028847799349e-226,2021-07-01,2000-09-01,2021-06-30,5239.0,neutral
2021-07-08,neutral,neutral,3.505397922186576e-08,0.9999999649460214,2.8428036123983464e-230,2021-07-01,2000-09-01,2021-06-30,5239.0,neutral
2021-07-09,neutral,neutral,4.819300923499053e-08,0.9999999518069924,1.4880730036268156e-228,2021-07-01,2000-09-01,2021-06-30,5239.0,neutral
2021-07-12,neutral,neutral,3.338174474831731e-08,0.9999999666182552,1.6905150236048785e-226,2021-07-01,2000-09-01,2021-06-30,5239.0,neutral
2021-07-13,neutral,neutral,6.776566293443319e-08,0.9999999322343373,1.9414815971515517e-229,2021-07-01,2000-09-01,2021-06-30,5239.0,neutral
2021-07-14,neutral,neutral,5.85914513684135e-09,0.9999999941408539,2.3451768837682607e-227,2021-07-01,2000-09-01,2021-06-30,5239.0,neutral
2021-07-15,neutral,neutral,2.495978948678171e-08,0.9999999750402114,5.59891799979517e-231,2021-07-01,2000-09-01,2021-06-30,5239.0,neutral
2021-07-16,neutral,neutral,6.03313852029639e-08,0.9999999396686139,3.0383026051014465e-233,2021-07-01,2000-09-01,2021-06-30,5239.0,neutral
2021-07-19,neutral,neutral,6.234431536490499e-07,0.9999993765568458,2.1275987055189578e-234,2021-07-01,2000-09-01,2021-06-30,5239.0,neutral
2021-07-20,neutral,neutral,1.9856053423043988e-08,0.9999999801439474,1.2670249409043965e-231,2021-07-01,2000-09-01,2021-06-30,5239.0,neutral
2021-07-21,neutral,neutral,1.8123358501451695e-08,0.9999999818766413,2.0918287320394034e-231,2021-07-01,2000-09-01,2021-06-30,5239.0,neutral
2021-07-22,neutral,neutral,7.929101519212608e-09,0.9999999920708973,1.9483375257763422e-234,2021-07-01,2000-09-01,2021-06-30,5239.0,neutral
2021-07-23,neutral,neutral,2.164537846738029e-08,0.9999999783546232,3.066328030971085e-234,2021-07-01,2000-09-01,2021-06-30,5239.0,neutral
2021-07-26,neutral,neutral,3.046948665125805e-08,0.999999969530514,2.986773983507643e-234,2021-07-01,2000-09-01,2021-06-30,5239.0,neutral
2021-07-27,neutral,neutral,2.4302742019861455e-07,0.9999997569725789,2.2199455294108734e-240,2021-07-01,2000-09-01,2021-06-30,5239.0,neutral
2021-07-28,neutral,neutral,2.7457365519053548e-08,0.999999972542636,1.0176557945553175e-237,2021-07-01,2000-09-01,2021-06-30,5239.0,neutral
2021-07-29,neutral,neutral,2.7267276177987547e-08,0.9999999727327239,3.5663427064489793e-234,2021-07-01,2000-09-01,2021-06-30,5239.0,neutral
2021-07-30,neutral,neutral,3.53472518509996e-08,0.9999999646527484,5.923462467741748e-239,2021-07-01,2000-09-01,2021-06-30,5239.0,neutral
2021-08-02,neutral,risk_off,1.0,1.2939860953e-313,1.4576013845127776e-30,2021-08-02,2000-09-01,2021-07-30,5260.0,neutral
2021-08-03,neutral,risk_off,1.0,6.1514226e-317,2.0494288674389216e-31,2021-08-02,2000-09-01,2021-07-30,5260.0,risk_off
2021-08-04,neutral,risk_off,1.0,2.793165e-317,1.8240082479383186e-31,2021-08-02,2000-09-01,2021-07-30,5260.0,risk_off
2021-08-05,neutral,risk_off,1.0,8.5093e-320,3.429508016000726e-31,2021-08-02,2000-09-01,2021-07-30,5260.0,risk_off
2021-08-06,neutral,risk_off,1.0,0.0,8.735300740475373e-33,2021-08-02,2000-09-01,2021-07-30,5260.0,risk_off
2021-08-09,neutral,risk_off,1.0,0.0,2.2556013679940315e-33,2021-08-02,2000-09-01,2021-07-30,5260.0,risk_off
2021-08-10,neutral,risk_off,1.0,0.0,9.83432882087674e-35,2021-08-02,2000-09-01,2021-07-30,5260.0,risk_off
2021-08-11,neutral,risk_off,1.0,0.0,6.574083112299161e-37,2021-08-02,2000-09-01,2021-07-30,5260.0,risk_off
2021-08-12,neutral,risk_off,1.0,0.0,1.2557053698475241e-36,2021-08-02,2000-09-01,2021-07-30,5260.0,risk_off
2021-08-13,neutral,risk_off,1.0,0.0,6.077335736062461e-36,2021-08-02,2000-09-01,2021-07-30,5260.0,risk_off
2021-08-16,neutral,risk_off,1.0,0.0,1.2019057890814416e-33,2021-08-02,2000-09-01,2021-07-30,5260.0,risk_off
2021-08-17,neutral,risk_off,1.0,0.0,1.737392309154379e-35,2021-08-02,2000-09-01,2021-07-30,5260.0,risk_off
2021-08-18,neutral,risk_off,1.0,0.0,4.237235655706816e-36,2021-08-02,2000-09-01,2021-07-30,5260.0,risk_off
2021-08-19,neutral,risk_off,1.0,0.0,1.6142096183374345e-35,2021-08-02,2000-09-01,2021-07-30,5260.0,risk_off
2021-08-20,neutral,risk_off,1.0,0.0,5.430560545681442e-36,2021-08-02,2000-09-01,2021-07-30,5260.0,risk_off
2021-08-23,neutral,risk_off,1.0,0.0,1.3270440938094565e-34,2021-08-02,2000-09-01,2021-07-30,5260.0,risk_off
2021-08-24,neutral,risk_off,1.0,0.0,1.2118268897857779e-34,2021-08-02,2000-09-01,2021-07-30,5260.0,risk_off
2021-08-25,neutral,risk_off,1.0,0.0,2.782914561226313e-35,2021-08-02,2000-09-01,2021-07-30,5260.0,risk_off
2021-08-26,neutral,risk_off,1.0,0.0,6.787755382975797e-37,2021-08-02,2000-09-01,2021-07-30,5260.0,risk_off
2021-08-27,neutral,risk_off,1.0,0.0,3.8986304931945524e-37,2021-08-02,2000-09-01,2021-07-30,5260.0,risk_off
2021-08-30,neutral,risk_off,1.0,0.0,3.546980800095415e-37,2021-08-02,2000-09-01,2021-07-30,5260.0,risk_off
2021-08-31,neutral,risk_off,1.0,0.0,6.91800472408074e-38,2021-08-02,2000-09-01,2021-07-30,5260.0,risk_off
2021-09-01,neutral,neutral,1.410023312123768e-23,1.0,1.663078763693036e-256,2021-09-01,2000-09-01,2021-08-31,5282.0,risk_off
2021-09-02,neutral,neutral,2.0373155813035364e-23,1.0,8.16306232192859e-258,2021-09-01,2000-09-01,2021-08-31,5282.0,neutral
2021-09-03,neutral,neutral,1.379387152308321e-23,1.0,1.391013872998657e-259,2021-09-01,2000-09-01,2021-08-31,5282.0,neutral
2021-09-07,neutral,neutral,1.7639245805325534e-23,1.0,2.485115431131703e-260,2021-09-01,2000-09-01,2021-08-31,5282.0,neutral
2021-09-08,neutral,neutral,2.2071160726565517e-23,1.0,2.7860600067894824e-265,2021-09-01,2000-09-01,2021-08-31,5282.0,neutral
2021-09-09,neutral,neutral,1.399405291678975e-22,1.0,1.5357645107131463e-265,2021-09-01,2000-09-01,2021-08-31,5282.0,neutral
2021-09-10,neutral,neutral,1.5411328964259037e-22,1.0,1.8221954190060594e-270,2021-09-01,2000-09-01,2021-08-31,5282.0,neutral
2021-09-13,neutral,neutral,6.008814913350989e-23,1.0,1.5621347151339517e-273,2021-09-01,2000-09-01,2021-08-31,5282.0,neutral
2021-09-14,neutral,neutral,9.658688233791727e-23,1.0,1.3369805443901267e-273,2021-09-01,2000-09-01,2021-08-31,5282.0,neutral
2021-09-15,neutral,neutral,5.30403553838086e-23,1.0,9.864648870188225e-273,2021-09-01,2000-09-01,2021-08-31,5282.0,neutral
2021-09-16,neutral,neutral,2.0628290415689325e-23,1.0,4.034598445343136e-274,2021-09-01,2000-09-01,2021-08-31,5282.0,neutral
2021-09-17,neutral,neutral,9.503155897253197e-23,1.0,1.1908211757855757e-281,2021-09-01,2000-09-01,2021-08-31,5282.0,neutral
2021-09-20,neutral,neutral,2.99594112330512e-19,1.0,4.4634919092202515e-285,2021-09-01,2000-09-01,2021-08-31,5282.0,neutral
2021-09-21,neutral,neutral,1.6762141955921334e-20,1.0,1.1142770437486273e-275,2021-09-01,2000-09-01,2021-08-31,5282.0,neutral
2021-09-22,neutral,neutral,7.517090747394694e-23,1.0,2.5160353005838388e-278,2021-09-01,2000-09-01,2021-08-31,5282.0,neutral
2021-09-23,neutral,neutral,7.542687339437184e-24,1.0,2.4140034194499752e-278,2021-09-01,2000-09-01,2021-08-31,5282.0,neutral
2021-09-24,neutral,neutral,3.7605137964787344e-24,1.0,1.8620383873431774e-276,2021-09-01,2000-09-01,2021-08-31,5282.0,neutral
2021-09-27,neutral,neutral,2.8533181331531453e-24,1.0,8.412500841829841e-280,2021-09-01,2000-09-01,2021-08-31,5282.0,neutral
2021-09-28,neutral,neutral,7.519031422916241e-23,1.0,1.2118417687284653e-294,2021-09-01,2000-09-01,2021-08-31,5282.0,neutral
2021-09-29,neutral,neutral,5.583693462827538e-25,1.0,7.897417894801753e-284,2021-09-01,2000-09-01,2021-08-31,5282.0,neutral
2021-09-30,neutral,neutral,1.4603548016099017e-24,1.0,7.418921885003186e-283,2021-09-01,2000-09-01,2021-08-31,5282.0,neutral
2021-10-01,neutral,risk_on,1.0708836178210865e-144,0.0,1.0,2021-10-01,2000-09-01,2021-09-30,5303.0,neutral
2021-10-04,neutral,risk_on,2.6890704455957525e-142,0.0,1.0,2021-10-01,2000-09-01,2021-09-30,5303.0,risk_on
2021-10-05,neutral,risk_on,8.178511152000175e-147,0.0,1.0,2021-10-01,2000-09-01,2021-09-30,5303.0,risk_on
2021-10-06,neutral,risk_on,1.3887118654360677e-147,0.0,1.0,2021-10-01,2000-09-01,2021-09-30,5303.0,risk_on
2021-10-07,neutral,risk_on,1.495738518560304e-149,0.0,1.0,2021-10-01,2000-09-01,2021-09-30,5303.0,risk_on
2021-10-08,neutral,risk_on,3.9583956766957625e-151,0.0,1.0,2021-10-01,2000-09-01,2021-09-30,5303.0,risk_on
2021-10-11,neutral,risk_on,5.417454969400025e-150,0.0,1.0,2021-10-01,2000-09-01,2021-09-30,5303.0,risk_on
2021-10-12,neutral,risk_on,5.412810998963875e-151,0.0,1.0,2021-10-01,2000-09-01,2021-09-30,5303.0,risk_on
2021-10-13,neutral,risk_on,3.782688523323668e-152,0.0,1.0,2021-10-01,2000-09-01,2021-09-30,5303.0,risk_on
2021-10-14,neutral,risk_on,2.1092217497836925e-152,0.0,1.0,2021-10-01,2000-09-01,2021-09-30,5303.0,risk_on
2021-10-15,neutral,risk_on,3.628269731259375e-154,0.0,1.0,2021-10-01,2000-09-01,2021-09-30,5303.0,risk_on
2021-10-18,neutral,risk_on,3.020408269530969e-141,0.0,1.0,2021-10-01,2000-09-01,2021-09-30,5303.0,risk_on
2021-10-19,neutral,risk_on,2.1951174726992403e-142,0.0,1.0,2021-10-01,2000-09-01,2021-09-30,5303.0,risk_on
2021-10-20,neutral,risk_on,2.1790077853113358e-142,0.0,1.0,2021-10-01,2000-09-01,2021-09-30,5303.0,risk_on
2021-10-21,neutral,risk_on,1.9411523462891325e-142,0.0,1.0,2021-10-01,2000-09-01,2021-09-30,5303.0,risk_on
2021-10-22,neutral,risk_on,8.494170337207076e-142,0.0,1.0,2021-10-01,2000-09-01,2021-09-30,5303.0,risk_on
2021-10-25,neutral,risk_on,2.449964075773179e-142,0.0,1.0,2021-10-01,2000-09-01,2021-09-30,5303.0,risk_on
2021-10-26,neutral,risk_on,5.168262661270101e-140,0.0,1.0,2021-10-01,2000-09-01,2021-09-30,5303.0,risk_on
2021-10-27,neutral,risk_on,4.62784686227078e-137,0.0,1.0,2021-10-01,2000-09-01,2021-09-30,5303.0,risk_on
2021-10-28,neutral,risk_on,2.1182712609454174e-137,0.0,1.0,2021-10-01,2000-09-01,2021-09-30,5303.0,risk_on
2021-10-29,neutral,risk_on,2.4977111898421588e-138,0.0,1.0,2021-10-01,2000-09-01,2021-09-30,5303.0,risk_on
2021-11-01,neutral,neutral,7.845081568522965e-13,0.9999999999992149,2.3677442780184638e-278,2021-11-01,2000-09-01,2021-10-29,5324.0,risk_on
2021-11-02,neutral,neutral,3.0436054612464095e-13,0.9999999999996962,2.938206242233946e-278,2021-11-01,2000-09-01,2021-10-29,5324.0,neutral
2021-11-03,neutral,neutral,2.494818227405237e-13,0.9999999999997513,3.123926592629452e-278,2021-11-01,2000-09-01,2021-10-29,5324.0,neutral
2021-11-04,neutral,neutral,2.509625282247037e-13,0.9999999999997478,6.106058786574133e-280,2021-11-01,2000-09-01,2021-10-29,5324.0,neutral
2021-11-05,neutral,neutral,8.715670280537572e-13,0.9999999999991296,1.500742262679554e-283,2021-11-01,2000-09-01,2021-10-29,5324.0,neutral
2021-11-08,neutral,neutral,1.39512609750169e-13,0.9999999999998614,1.5977474075541317e-280,2021-11-01,2000-09-01,2021-10-29,5324.0,neutral
2021-11-09,neutral,neutral,4.3787302403268897e-13,0.999999999999563,7.969000154313983e-287,2021-11-01,2000-09-01,2021-10-29,5324.0,neutral
2021-11-10,neutral,neutral,1.2942727582817071e-12,0.999999999998705,7.454619553914206e-287,2021-11-01,2000-09-01,2021-10-29,5324.0,neutral
2021-11-11,neutral,neutral,5.327798805036926e-13,0.9999999999994671,2.2886824560721954e-282,2021-11-01,2000-09-01,2021-10-29,5324.0,neutral
2021-11-12,neutral,neutral,9.889903943997882e-13,0.9999999999990123,4.019339898639454e-284,2021-11-01,2000-09-01,2021-10-29,5324.0,neutral
2021-11-15,neutral,neutral,1.601215806943418e-11,0.9999999999839879,3.7223024832385183e-295,2021-11-01,2000-09-01,2021-10-29,5324.0,neutral
2021-11-16,neutral,neutral,1.7318350772529848e-11,0.9999999999826805,1.8682270612113234e-295,2021-11-01,2000-09-01,2021-10-29,5324.0,neutral
2021-11-17,neutral,neutral,5.435248407677488e-12,0.9999999999945643,4.874334342868592e-297,2021-11-01,2000-09-01,2021-10-29,5324.0,neutral
2021-11-18,neutral,neutral,2.7512305047027444e-11,0.9999999999724878,1.8649639155082242e-303,2021-11-01,2000-09-01,2021-10-29,5324.0,neutral
2021-11-19,neutral,neutral,3.497342140858202e-11,0.9999999999650271,9.590735450238775e-300,2021-11-01,2000-09-01,2021-10-29,5324.0,neutral
2021-11-22,neutral,neutral,2.4360772396417145e-10,0.999999999756394,3.279813359898819e-303,2021-11-01,2000-09-01,2021-10-29,5324.0,neutral
2021-11-23,neutral,neutral,4.191576262587713e-09,0.9999999958084231,3.475066185538293e-305,2021-11-01,2000-09-01,2021-10-29,5324.0,neutral
2021-11-24,neutral,neutral,2.8106113008435832e-11,0.9999999999718945,1.7810096140611684e-303,2021-11-01,2000-09-01,2021-10-29,5324.0,neutral
2021-11-26,neutral,neutral,1.6814355450532998e-07,0.9999998318564421,7.50291824831803e-302,2021-11-01,2000-09-01,2021-10-29,5324.0,neutral
2021-11-29,neutral,neutral,1.2923430850003196e-09,0.9999999987076578,2.4543665057891103e-299,2021-11-01,2000-09-01,2021-10-29,5324.0,neutral
2021-11-30,neutral,neutral,7.702956009644626e-08,0.9999999229704416,1.1960343976609395e-304,2021-11-01,2000-09-01,2021-10-29,5324.0,neutral
2021-12-01,neutral,risk_on,0.0,1.991985598954623e-121,1.0,2021-12-01,2000-09-01,2021-11-30,5345.0,neutral
2021-12-02,neutral,risk_on,0.0,3.3823076936452756e-128,1.0,2021-12-01,2000-09-01,2021-11-30,5345.0,risk_on
2021-12-03,neutral,risk_on,0.0,1.8918937256794706e-123,1.0,2021-12-01,2000-09-01,2021-11-30,5345.0,risk_on
2021-12-06,neutral,risk_on,0.0,2.1346770209573553e-130,1.0,2021-12-01,2000-09-01,2021-11-30,5345.0,risk_on
2021-12-07,neutral,risk_on,0.0,2.404359189513428e-137,1.0,2021-12-01,2000-09-01,2021-11-30,5345.0,risk_on
2021-12-08,neutral,risk_on,0.0,8.037195787212179e-142,1.0,2021-12-01,2000-09-01,2021-11-30,5345.0,risk_on
2021-12-09,neutral,risk_on,0.0,9.772387606934627e-140,1.0,2021-12-01,2000-09-01,2021-11-30,5345.0,risk_on
2021-12-10,neutral,risk_on,0.0,2.4284346735809743e-145,1.0,2021-12-01,2000-09-01,2021-11-30,5345.0,risk_on
2021-12-13,neutral,risk_on,0.0,3.566423323069936e-143,1.0,2021-12-01,2000-09-01,2021-11-30,5345.0,risk_on
2021-12-14,neutral,risk_on,0.0,2.769112510803025e-142,1.0,2021-12-01,2000-09-01,2021-11-30,5345.0,risk_on
2021-12-15,neutral,risk_on,0.0,1.4906996631491717e-144,1.0,2021-12-01,2000-09-01,2021-11-30,5345.0,risk_on
2021-12-16,neutral,risk_on,0.0,7.0068408906789e-146,1.0,2021-12-01,2000-09-01,2021-11-30,5345.0,risk_on
2021-12-17,neutral,risk_on,0.0,6.942316044029728e-144,1.0,2021-12-01,2000-09-01,2021-11-30,5345.0,risk_on
2021-12-20,neutral,risk_on,0.0,1.277009534071886e-141,1.0,2021-12-01,2000-09-01,2021-11-30,5345.0,risk_on
2021-12-21,neutral,risk_on,0.0,2.8826526752121e-141,1.0,2021-12-01,2000-09-01,2021-11-30,5345.0,risk_on
2021-12-22,neutral,risk_on,0.0,5.10912759003531e-145,1.0,2021-12-01,2000-09-01,2021-11-30,5345.0,risk_on
2021-12-23,neutral,risk_on,0.0,2.2297209693002984e-145,1.0,2021-12-01,2000-09-01,2021-11-30,5345.0,risk_on
2021-12-27,neutral,risk_on,0.0,8.970433685135695e-143,1.0,2021-12-01,2000-09-01,2021-11-30,5345.0,risk_on
2021-12-28,neutral,risk_on,0.0,8.096623316585886e-146,1.0,2021-12-01,2000-09-01,2021-11-30,5345.0,risk_on
2021-12-29,neutral,risk_on,0.0,7.985682349241127e-149,1.0,2021-12-01,2000-09-01,2021-11-30,5345.0,risk_on
2021-12-30,neutral,risk_on,0.0,3.0707416774148188e-149,1.0,2021-12-01,2000-09-01,2021-11-30,5345.0,risk_on
2021-12-31,neutral,risk_on,0.0,1.617630575456508e-151,1.0,2021-12-01,2000-09-01,2021-11-30,5345.0,risk_on
2022-01-03,neutral,risk_on,0.0,8.167137459163752e-35,1.0,2022-01-03,2000-09-01,2021-12-31,5367.0,risk_on
2022-01-04,neutral,risk_on,0.0,1.0728372531099534e-36,1.0,2022-01-03,2000-09-01,2021-12-31,5367.0,risk_on
2022-01-05,neutral,risk_on,0.0,4.968386259444652e-35,1.0,2022-01-03,2000-09-01,2021-12-31,5367.0,risk_on
2022-01-06,neutral,risk_on,0.0,1.8060042143069115e-36,1.0,2022-01-03,2000-09-01,2021-12-31,5367.0,risk_on
2022-01-07,neutral,risk_on,0.0,8.959968183137662e-37,1.0,2022-01-03,2000-09-01,2021-12-31,5367.0,risk_on
2022-01-10,neutral,risk_on,0.0,5.246399855647738e-37,1.0,2022-01-03,2000-09-01,2021-12-31,5367.0,risk_on
2022-01-11,neutral,risk_on,0.0,4.3048658230060503e-36,1.0,2022-01-03,2000-09-01,2021-12-31,5367.0,risk_on
2022-01-12,neutral,risk_on,0.0,1.21354710996999e-35,1.0,2022-01-03,2000-09-01,2021-12-31,5367.0,risk_on
2022-01-13,neutral,risk_on,0.0,5.238916456385955e-35,1.0,2022-01-03,2000-09-01,2021-12-31,5367.0,risk_on
2022-01-14,neutral,risk_on,0.0,1.7113277662100553e-36,1.0,2022-01-03,2000-09-01,2021-12-31,5367.0,risk_on
2022-01-18,neutral,risk_on,0.0,6.646186572614821e-36,1.0,2022-01-03,2000-09-01,2021-12-31,5367.0,risk_on
2022-01-19,neutral,risk_on,0.0,1.1186800941475915e-35,1.0,2022-01-03,2000-09-01,2021-12-31,5367.0,risk_on
2022-01-20,neutral,risk_on,0.0,1.601131456400652e-33,1.0,2022-01-03,2000-09-01,2021-12-31,5367.0,risk_on
2022-01-21,neutral,risk_on,0.0,7.250159200029414e-35,1.0,2022-01-03,2000-09-01,2021-12-31,5367.0,risk_on
2022-01-24,neutral,risk_on,0.0,3.849013996741141e-40,1.0,2022-01-03,2000-09-01,2021-12-31,5367.0,risk_on
2022-01-25,neutral,risk_on,0.0,5.91646421202208e-28,1.0,2022-01-03,2000-09-01,2021-12-31,5367.0,risk_on
2022-01-26,neutral,risk_on,0.0,8.157393044053352e-27,1.0,2022-01-03,2000-09-01,2021-12-31,5367.0,risk_on
2022-01-27,neutral,risk_on,0.0,1.556437097029353e-23,1.0,2022-01-03,2000-09-01,2021-12-31,5367.0,risk_on
2022-01-28,neutral,risk_on,0.0,7.121647267355344e-31,1.0,2022-01-03,2000-09-01,2021-12-31,5367.0,risk_on
2022-01-31,neutral,risk_on,0.0,3.921083959276742e-32,1.0,2022-01-03,2000-09-01,2021-12-31,5367.0,risk_on
2022-02-01,neutral,neutral,1.5943173246134267e-19,1.0,1.2252967619997028e-40,2022-02-01,2000-09-01,2022-01-31,5387.0,risk_on
2022-02-02,neutral,neutral,1.0005340607361423e-19,1.0,1.0807978363439578e-39,2022-02-01,2000-09-01,2022-01-31,5387.0,neutral
2022-02-03,neutral,neutral,1.0884108375912098e-18,1.0,4.2534290756937685e-43,2022-02-01,2000-09-01,2022-01-31,5387.0,neutral
2022-02-04,neutral,neutral,7.116751358352344e-20,1.0,7.042427136017773e-42,2022-02-01,2000-09-01,2022-01-31,5387.0,neutral
2022-02-07,neutral,neutral,1.1121370003913014e-20,1.0,1.284052431667093e-41,2022-02-01,2000-09-01,2022-01-31,5387.0,neutral
2022-02-08,neutral,neutral,1.040193739167369e-20,1.0,2.7246694023715035e-43,2022-02-01,2000-09-01,2022-01-31,5387.0,neutral
2022-02-09,neutral,neutral,4.254383813399358e-21,1.0,1.1756205937157628e-44,2022-02-01,2000-09-01,2022-01-31,5387.0,neutral
2022-02-10,neutral,neutral,2.1859161879289833e-18,1.0,4.9647109307017616e-49,2022-02-01,2000-09-01,2022-01-31,5387.0,neutral
2022-02-11,neutral,neutral,4.6679262658174765e-18,1.0,1.2320790106247281e-51,2022-02-01,2000-09-01,2022-01-31,5387.0,neutral
2022-02-14,neutral,neutral,5.8007976401283e-19,1.0,4.3430448291337054e-52,2022-02-01,2000-09-01,2022-01-31,5387.0,neutral
2022-02-15,neutral,neutral,8.492767671964827e-23,1.0,1.3153530524028892e-55,2022-02-01,2000-09-01,2022-01-31,5387.0,neutral
2022-02-16,neutral,neutral,3.342509660905136e-23,1.0,3.472589534449157e-54,2022-02-01,2000-09-01,2022-01-31,5387.0,neutral
2022-02-17,neutral,neutral,3.839488258257361e-22,1.0,3.369253931095313e-57,2022-02-01,2000-09-01,2022-01-31,5387.0,neutral
2022-02-18,neutral,neutral,1.8560209290290754e-21,1.0,5.337345718809325e-60,2022-02-01,2000-09-01,2022-01-31,5387.0,neutral
2022-02-22,neutral,neutral,4.211486305896682e-21,1.0,3.9897265656046154e-62,2022-02-01,2000-09-01,2022-01-31,5387.0,neutral
2022-02-23,neutral,neutral,2.4687003398138405e-20,1.0,2.1798743053205696e-67,2022-02-01,2000-09-01,2022-01-31,5387.0,neutral
2022-02-24,neutral,neutral,2.5024395087728257e-19,1.0,1.4411413294924314e-71,2022-02-01,2000-09-01,2022-01-31,5387.0,neutral
2022-02-25,neutral,neutral,1.4224092849835414e-20,1.0,8.391251709153468e-75,2022-02-01,2000-09-01,2022-01-31,5387.0,neutral
2022-02-28,neutral,neutral,8.263051962669057e-20,1.0,1.500889883210451e-74,2022-02-01,2000-09-01,2022-01-31,5387.0,neutral
2022-03-01,neutral,neutral,1.8479959135779558e-184,1.0,7.696036124888901e-102,2022-03-01,2000-09-01,2022-02-28,5406.0,neutral
2022-03-02,neutral,neutral,7.978307463973836e-185,1.0,1.2883864318877965e-102,2022-03-01,2000-09-01,2022-02-28,5406.0,neutral
2022-03-03,neutral,neutral,4.395930083798054e-187,1.0,1.4355938618383374e-107,2022-03-01,2000-09-01,2022-02-28,5406.0,neutral
2022-03-04,neutral,neutral,3.94205467827003e-189,1.0,3.1231807070049063e-115,2022-03-01,2000-09-01,2022-02-28,5406.0,neutral
2022-03-07,neutral,neutral,8.414468965090097e-190,1.0,8.365805313656557e-124,2022-03-01,2000-09-01,2022-02-28,5406.0,neutral
2022-03-08,neutral,neutral,5.463299539908552e-193,1.0,7.465420754604221e-127,2022-03-01,2000-09-01,2022-02-28,5406.0,neutral
2022-03-09,neutral,neutral,7.069396597882209e-203,1.0,1.6678479109084628e-131,2022-03-01,2000-09-01,2022-02-28,5406.0,neutral
2022-03-10,neutral,neutral,3.4372631899398136e-207,1.0,5.0620392231177105e-135,2022-03-01,2000-09-01,2022-02-28,5406.0,neutral
2022-03-11,neutral,neutral,2.3656052349461343e-208,1.0,1.1157580779593961e-143,2022-03-01,2000-09-01,2022-02-28,5406.0,neutral
2022-03-14,neutral,neutral,2.2604579133854983e-213,1.0,1.1406109329018916e-149,2022-03-01,2000-09-01,2022-02-28,5406.0,neutral
2022-03-15,neutral,neutral,7.434683115846336e-222,1.0,9.036532292473495e-151,2022-03-01,2000-09-01,2022-02-28,5406.0,neutral
2022-03-16,neutral,neutral,2.511366020603434e-223,1.0,5.345140908266419e-158,2022-03-01,2000-09-01,2022-02-28,5406.0,neutral
2022-03-17,neutral,neutral,2.8578073764103163e-229,1.0,2.1776314501959954e-164,2022-03-01,2000-09-01,2022-02-28,5406.0,neutral
2022-03-18,neutral,neutral,2.090328368905597e-232,1.0,5.255965993190844e-172,2022-03-01,2000-09-01,2022-02-28,5406.0,neutral
2022-03-21,neutral,neutral,7.244484232634458e-232,1.0,3.13141534745552e-178,2022-03-01,2000-09-01,2022-02-28,5406.0,neutral
2022-03-22,neutral,neutral,1.2128828308028552e-238,1.0,2.795501304230723e-184,2022-03-01,2000-09-01,2022-02-28,5406.0,neutral
2022-03-23,neutral,neutral,1.1010419180642263e-241,1.0,4.581593321692336e-190,2022-03-01,2000-09-01,2022-02-28,5406.0,neutral
2022-03-24,neutral,neutral,3.659892352580808e-249,1.0,2.514947461832914e-197,2022-03-01,2000-09-01,2022-02-28,5406.0,neutral
2022-03-25,neutral,neutral,8.085770548693508e-248,1.0,1.962227669442634e-203,2022-03-01,2000-09-01,2022-02-28,5406.0,neutral
2022-03-28,neutral,neutral,9.29612650320517e-254,1.0,2.2787083255947288e-216,2022-03-01,2000-09-01,2022-02-28,5406.0,neutral
2022-03-29,neutral,neutral,3.445579838591663e-257,1.0,1.6611129739908932e-228,2022-03-01,2000-09-01,2022-02-28,5406.0,neutral
2022-03-30,neutral,neutral,1.2464658896176867e-259,1.0,5.213376817692663e-232,2022-03-01,2000-09-01,2022-02-28,5406.0,neutral
2022-03-31,neutral,neutral,4.533590891132975e-264,1.0,9.583951027672464e-236,2022-03-01,2000-09-01,2022-02-28,5406.0,neutral
2022-04-01,neutral,neutral,5.12163439424916e-67,1.0,7.301944174038933e-238,2022-04-01,2000-09-01,2022-03-31,5429.0,neutral
2022-04-04,neutral,neutral,2.6916756305742965e-70,1.0,5.003930815581254e-252,2022-04-01,2000-09-01,2022-03-31,5429.0,neutral
2022-04-05,neutral,neutral,6.015338638668046e-70,1.0,9.798440003568006e-255,2022-04-01,2000-09-01,2022-03-31,5429.0,neutral
2022-04-06,neutral,neutral,1.8532687015853e-67,1.0,7.688197128118354e-260,2022-04-01,2000-09-01,2022-03-31,5429.0,neutral
2022-04-07,neutral,neutral,1.0308757547060096e-68,1.0,1.15998108163838e-266,2022-04-01,2000-09-01,2022-03-31,5429.0,neutral
2022-04-08,neutral,neutral,5.970171409463907e-70,1.0,1.2155089241320706e-267,2022-04-01,2000-09-01,2022-03-31,5429.0,neutral
2022-04-11,neutral,neutral,1.6743042496898948e-68,1.0,3.170881507105161e-269,2022-04-01,2000-09-01,2022-03-31,5429.0,neutral
2022-04-12,neutral,neutral,2.192984534467272e-71,1.0,3.165618434648815e-275,2022-04-01,2000-09-01,2022-03-31,5429.0,neutral
2022-04-13,neutral,neutral,3.0836439657871e-73,1.0,1.7199782206388145e-282,2022-04-01,2000-09-01,2022-03-31,5429.0,neutral
2022-04-14,neutral,neutral,2.507832037114356e-73,1.0,3.3842219782677374e-287,2022-04-01,2000-09-01,2022-03-31,5429.0,neutral
2022-04-18,neutral,neutral,6.593630538436002e-78,1.0,1.1852073234743788e-303,2022-04-01,2000-09-01,2022-03-31,5429.0,neutral
2022-04-19,neutral,neutral,2.1265891756697583e-75,1.0,2.31936949e-315,2022-04-01,2000-09-01,2022-03-31,5429.0,neutral
2022-04-20,neutral,neutral,3.7233042369490044e-74,1.0,9.2852038e-315,2022-04-01,2000-09-01,2022-03-31,5429.0,neutral
2022-04-21,neutral,neutral,5.823955962421564e-75,1.0,9.975e-321,2022-04-01,2000-09-01,2022-03-31,5429.0,neutral
2022-04-22,neutral,neutral,9.732105994228762e-73,1.0,1.41663e-319,2022-04-01,2000-09-01,2022-03-31,5429.0,neutral
2022-04-25,neutral,neutral,4.61714805208165e-74,1.0,0.0,2022-04-01,2000-09-01,2022-03-31,5429.0,neutral
2022-04-26,neutral,neutral,5.183973609073017e-74,1.0,0.0,2022-04-01,2000-09-01,2022-03-31,5429.0,neutral
2022-04-27,neutral,neutral,2.2434498953171155e-75,1.0,0.0,2022-04-01,2000-09-01,2022-03-31,5429.0,neutral
2022-04-28,neutral,neutral,2.772016673528082e-76,1.0,0.0,2022-04-01,2000-09-01,2022-03-31,5429.0,neutral
2022-04-29,neutral,neutral,1.6438204963920852e-74,1.0,0.0,2022-04-01,2000-09-01,2022-03-31,5429.0,neutral
2022-05-02,neutral,risk_off,1.0,0.0,0.0,2022-05-02,2000-09-01,2022-04-29,5449.0,neutral
2022-05-03,neutral,risk_off,1.0,0.0,0.0,2022-05-02,2000-09-01,2022-04-29,5449.0,risk_off
2022-05-04,neutral,risk_off,1.0,0.0,0.0,2022-05-02,2000-09-01,2022-04-29,5449.0,risk_off
2022-05-05,neutral,risk_off,1.0,0.0,0.0,2022-05-02,2000-09-01,2022-04-29,5449.0,risk_off
2022-05-06,neutral,risk_off,1.0,0.0,0.0,2022-05-02,2000-09-01,2022-04-29,5449.0,risk_off
2022-05-09,neutral,risk_off,1.0,0.0,0.0,2022-05-02,2000-09-01,2022-04-29,5449.0,risk_off
2022-05-10,neutral,risk_off,1.0,0.0,0.0,2022-05-02,2000-09-01,2022-04-29,5449.0,risk_off
2022-05-11,neutral,risk_off,1.0,0.0,0.0,2022-05-02,2000-09-01,2022-04-29,5449.0,risk_off
2022-05-12,neutral,risk_off,1.0,0.0,0.0,2022-05-02,2000-09-01,2022-04-29,5449.0,risk_off
2022-05-13,neutral,risk_off,1.0,0.0,0.0,2022-05-02,2000-09-01,2022-04-29,5449.0,risk_off
2022-05-16,neutral,risk_off,1.0,0.0,0.0,2022-05-02,2000-09-01,2022-04-29,5449.0,risk_off
2022-05-17,neutral,risk_off,1.0,0.0,0.0,2022-05-02,2000-09-01,2022-04-29,5449.0,risk_off
2022-05-18,neutral,risk_off,1.0,0.0,0.0,2022-05-02,2000-09-01,2022-04-29,5449.0,risk_off
2022-05-19,neutral,risk_off,1.0,0.0,0.0,2022-05-02,2000-09-01,2022-04-29,5449.0,risk_off
2022-05-20,neutral,risk_off,1.0,0.0,0.0,2022-05-02,2000-09-01,2022-04-29,5449.0,risk_off
2022-05-23,neutral,risk_off,1.0,5e-324,0.0,2022-05-02,2000-09-01,2022-04-29,5449.0,risk_off
2022-05-24,neutral,risk_off,1.0,1e-323,0.0,2022-05-02,2000-09-01,2022-04-29,5449.0,risk_off
2022-05-25,neutral,risk_off,1.0,7.4e-323,0.0,2022-05-02,2000-09-01,2022-04-29,5449.0,risk_off
2022-05-26,neutral,risk_off,1.0,6.136e-321,0.0,2022-05-02,2000-09-01,2022-04-29,5449.0,risk_off
2022-05-27,neutral,risk_off,1.0,0.0,0.0,2022-05-02,2000-09-01,2022-04-29,5449.0,risk_off
2022-05-31,neutral,risk_off,1.0,0.0,0.0,2022-05-02,2000-09-01,2022-04-29,5449.0,risk_off
2022-06-01,neutral,risk_off,1.0,3.79694272733411e-68,0.0,2022-06-01,2000-09-01,2022-05-31,5470.0,risk_off
2022-06-02,neutral,risk_off,1.0,1.2535516003698367e-69,0.0,2022-06-01,2000-09-01,2022-05-31,5470.0,risk_off
2022-06-03,neutral,risk_off,1.0,2.6515206570311725e-71,0.0,2022-06-01,2000-09-01,2022-05-31,5470.0,risk_off
2022-06-06,neutral,risk_off,1.0,9.924923609816491e-71,0.0,2022-06-01,2000-09-01,2022-05-31,5470.0,risk_off
2022-06-07,neutral,risk_off,1.0,1.9733716442836645e-69,0.0,2022-06-01,2000-09-01,2022-05-31,5470.0,risk_off
2022-06-08,neutral,risk_off,1.0,1.960998808075892e-68,0.0,2022-06-01,2000-09-01,2022-05-31,5470.0,risk_off
2022-06-09,neutral,risk_off,1.0,5.097539484395009e-67,0.0,2022-06-01,2000-09-01,2022-05-31,5470.0,risk_off
2022-06-10,neutral,risk_off,1.0,5.816697520943573e-70,0.0,2022-06-01,2000-09-01,2022-05-31,5470.0,risk_off
2022-06-13,neutral,risk_off,1.0,6.96872021784858e-73,0.0,2022-06-01,2000-09-01,2022-05-31,5470.0,risk_off
2022-06-14,neutral,risk_off,1.0,1.6844489633655464e-74,0.0,2022-06-01,2000-09-01,2022-05-31,5470.0,risk_off
2022-06-15,neutral,risk_off,1.0,5.682476309397854e-74,0.0,2022-06-01,2000-09-01,2022-05-31,5470.0,risk_off
2022-06-16,neutral,risk_off,1.0,2.904100067548624e-73,0.0,2022-06-01,2000-09-01,2022-05-31,5470.0,risk_off
2022-06-17,neutral,risk_off,1.0,1.7792641469203268e-76,0.0,2022-06-01,2000-09-01,2022-05-31,5470.0,risk_off
2022-06-21,neutral,risk_off,1.0,2.7271416346545466e-77,0.0,2022-06-01,2000-09-01,2022-05-31,5470.0,risk_off
2022-06-22,neutral,risk_off,1.0,6.02846084771306e-76,0.0,2022-06-01,2000-09-01,2022-05-31,5470.0,risk_off
2022-06-23,neutral,risk_off,1.0,2.83961808716987e-78,0.0,2022-06-01,2000-09-01,2022-05-31,5470.0,risk_off
2022-06-24,neutral,risk_off,1.0,1.2202072608918831e-85,0.0,2022-06-01,2000-09-01,2022-05-31,5470.0,risk_off
2022-06-27,neutral,risk_off,1.0,2.0928302893543205e-85,0.0,2022-06-01,2000-09-01,2022-05-31,5470.0,risk_off
2022-06-28,neutral,risk_off,1.0,5.115321250778058e-88,0.0,2022-06-01,2000-09-01,2022-05-31,5470.0,risk_off
2022-06-29,neutral,risk_off,1.0,3.947621940759781e-92,0.0,2022-06-01,2000-09-01,2022-05-31,5470.0,risk_off
2022-06-30,neutral,risk_off,1.0,5.47584810989886e-92,0.0,2022-06-01,2000-09-01,2022-05-31,5470.0,risk_off
2022-07-01,neutral,risk_off,1.0,8.781374571864243e-132,0.0,2022-07-01,2000-09-01,2022-06-30,5491.0,risk_off
2022-07-05,neutral,risk_off,1.0,3.191846612466825e-141,0.0,2022-07-01,2000-09-01,2022-06-30,5491.0,risk_off
2022-07-06,neutral,risk_off,1.0,4.761230435778961e-143,0.0,2022-07-01,2000-09-01,2022-06-30,5491.0,risk_off
2022-07-07,neutral,risk_off,1.0,6.895773028035936e-143,0.0,2022-07-01,2000-09-01,2022-06-30,5491.0,risk_off
2022-07-08,neutral,risk_off,1.0,1.311757411435416e-146,0.0,2022-07-01,2000-09-01,2022-06-30,5491.0,risk_off
2022-07-11,neutral,risk_off,1.0,4.578250027849295e-150,0.0,2022-07-01,2000-09-01,2022-06-30,5491.0,risk_off
2022-07-12,neutral,risk_off,1.0,2.5806279284733667e-148,0.0,2022-07-01,2000-09-01,2022-06-30,5491.0,risk_off
2022-07-13,neutral,risk_off,1.0,1.5827774772688098e-151,0.0,2022-07-01,2000-09-01,2022-06-30,5491.0,risk_off
2022-07-14,neutral,risk_off,1.0,3.066147995649239e-154,0.0,2022-07-01,2000-09-01,2022-06-30,5491.0,risk_off
2022-07-15,neutral,risk_off,1.0,6.975834390707162e-154,0.0,2022-07-01,2000-09-01,2022-06-30,5491.0,risk_off
2022-07-18,neutral,risk_off,1.0,6.62953885593698e-149,0.0,2022-07-01,2000-09-01,2022-06-30,5491.0,risk_off
2022-07-19,neutral,risk_off,1.0,6.472050283323259e-155,0.0,2022-07-01,2000-09-01,2022-06-30,5491.0,risk_off
2022-07-20,neutral,risk_off,1.0,8.281176180751022e-156,0.0,2022-07-01,2000-09-01,2022-06-30,5491.0,risk_off
2022-07-21,neutral,risk_off,1.0,5.854182892455283e-155,0.0,2022-07-01,2000-09-01,2022-06-30,5491.0,risk_off
2022-07-22,neutral,risk_off,1.0,2.155903839611004e-152,0.0,2022-07-01,2000-09-01,2022-06-30,5491.0,risk_off
2022-07-25,neutral,risk_off,1.0,6.659528127487765e-152,0.0,2022-07-01,2000-09-01,2022-06-30,5491.0,risk_off
2022-07-26,neutral,risk_off,1.0,3.778904724134162e-157,0.0,2022-07-01,2000-09-01,2022-06-30,5491.0,risk_off
2022-07-27,neutral,risk_off,1.0,2.4052286829531458e-157,0.0,2022-07-01,2000-09-01,2022-06-30,5491.0,risk_off
2022-07-28,neutral,risk_off,1.0,1.2539725538845583e-154,0.0,2022-07-01,2000-09-01,2022-06-30,5491.0,risk_off
2022-07-29,neutral,risk_off,1.0,5.164085185812168e-155,0.0,2022-07-01,2000-09-01,2022-06-30,5491.0,risk_off
2022-08-01,neutral,neutral,1.8027533741589803e-254,1.0,0.0,2022-08-01,2000-09-01,2022-07-29,5511.0,risk_off
2022-08-02,neutral,neutral,3.996704175030305e-254,1.0,0.0,2022-08-01,2000-09-01,2022-07-29,5511.0,neutral
2022-08-03,neutral,neutral,3.120525109560639e-251,1.0,0.0,2022-08-01,2000-09-01,2022-07-29,5511.0,neutral
2022-08-04,neutral,neutral,7.754205360204426e-250,1.0,0.0,2022-08-01,2000-09-01,2022-07-29,5511.0,neutral
2022-08-05,neutral,neutral,5.243401889952363e-244,1.0,0.0,2022-08-01,2000-09-01,2022-07-29,5511.0,neutral
2022-08-08,neutral,neutral,2.547174500636774e-242,1.0,0.0,2022-08-01,2000-09-01,2022-07-29,5511.0,neutral
2022-08-09,neutral,neutral,1.2904540622271844e-239,1.0,0.0,2022-08-01,2000-09-01,2022-07-29,5511.0,neutral
2022-08-10,neutral,neutral,1.1356147305122739e-237,1.0,0.0,2022-08-01,2000-09-01,2022-07-29,5511.0,neutral
2022-08-11,neutral,neutral,3.7614415604398082e-230,1.0,0.0,2022-08-01,2000-09-01,2022-07-29,5511.0,neutral
2022-08-12,neutral,neutral,3.4689216628469005e-225,1.0,0.0,2022-08-01,2000-09-01,2022-07-29,5511.0,neutral
2022-08-15,neutral,neutral,2.5933335148763634e-222,1.0,0.0,2022-08-01,2000-09-01,2022-07-29,5511.0,neutral
2022-08-16,neutral,neutral,4.905928792896216e-217,1.0,0.0,2022-08-01,2000-09-01,2022-07-29,5511.0,neutral
2022-08-17,neutral,neutral,1.5739978860080434e-220,1.0,0.0,2022-08-01,2000-09-01,2022-07-29,5511.0,neutral
2022-08-18,neutral,neutral,9.177537707408712e-216,1.0,0.0,2022-08-01,2000-09-01,2022-07-29,5511.0,neutral
2022-08-19,neutral,neutral,5.9786564281221086e-214,1.0,0.0,2022-08-01,2000-09-01,2022-07-29,5511.0,neutral
2022-08-22,neutral,neutral,9.217321606407291e-211,1.0,0.0,2022-08-01,2000-09-01,2022-07-29,5511.0,neutral
2022-08-23,neutral,neutral,1.3988555839463862e-212,1.0,0.0,2022-08-01,2000-09-01,2022-07-29,5511.0,neutral
2022-08-24,neutral,neutral,3.4727965003236e-207,1.0,0.0,2022-08-01,2000-09-01,2022-07-29,5511.0,neutral
2022-08-25,neutral,neutral,6.497526583441652e-208,1.0,0.0,2022-08-01,2000-09-01,2022-07-29,5511.0,neutral
2022-08-26,neutral,neutral,2.0507322613892015e-204,1.0,0.0,2022-08-01,2000-09-01,2022-07-29,5511.0,neutral
2022-08-29,neutral,neutral,3.443345256752904e-205,1.0,0.0,2022-08-01,2000-09-01,2022-07-29,5511.0,neutral
2022-08-30,neutral,neutral,7.816878241125604e-202,1.0,0.0,2022-08-01,2000-09-01,2022-07-29,5511.0,neutral
2022-08-31,neutral,neutral,5.122942902248519e-201,1.0,0.0,2022-08-01,2000-09-01,2022-07-29,5511.0,neutral
2022-09-01,neutral,risk_off,1.0,2.156320460021108e-126,0.0,2022-09-01,2000-09-01,2022-08-31,5534.0,neutral
2022-09-02,neutral,risk_off,1.0,5.257420615162447e-126,0.0,2022-09-01,2000-09-01,2022-08-31,5534.0,risk_off
2022-09-06,neutral,risk_off,1.0,2.1928777752117933e-125,0.0,2022-09-01,2000-09-01,2022-08-31,5534.0,risk_off
2022-09-07,neutral,risk_off,1.0,1.033613795176476e-123,0.0,2022-09-01,2000-09-01,2022-08-31,5534.0,risk_off
2022-09-08,neutral,risk_off,1.0,2.6435085961173306e-120,0.0,2022-09-01,2000-09-01,2022-08-31,5534.0,risk_off
2022-09-09,neutral,risk_off,1.0,5.096840788840408e-119,0.0,2022-09-01,2000-09-01,2022-08-31,5534.0,risk_off
2022-09-12,neutral,risk_off,1.0,3.561261012523219e-113,0.0,2022-09-01,2000-09-01,2022-08-31,5534.0,risk_off
2022-09-13,neutral,risk_off,1.0,3.5648170085814427e-109,0.0,2022-09-01,2000-09-01,2022-08-31,5534.0,risk_off
2022-09-14,neutral,risk_off,1.0,2.5502671246506425e-106,0.0,2022-09-01,2000-09-01,2022-08-31,5534.0,risk_off
2022-09-15,neutral,risk_off,1.0,1.4032261569669575e-104,0.0,2022-09-01,2000-09-01,2022-08-31,5534.0,risk_off
2022-09-16,neutral,risk_off,1.0,1.0618011556520593e-102,0.0,2022-09-01,2000-09-01,2022-08-31,5534.0,risk_off
2022-09-19,neutral,risk_off,1.0,1.7083478844681675e-99,0.0,2022-09-01,2000-09-01,2022-08-31,5534.0,risk_off
2022-09-20,neutral,risk_off,1.0,1.4576248246668498e-99,0.0,2022-09-01,2000-09-01,2022-08-31,5534.0,risk_off
2022-09-21,neutral,risk_off,1.0,7.225352022365983e-93,0.0,2022-09-01,2000-09-01,2022-08-31,5534.0,risk_off
2022-09-22,neutral,risk_off,1.0,2.5199529386914866e-99,0.0,2022-09-01,2000-09-01,2022-08-31,5534.0,risk_off
2022-09-23,neutral,risk_off,1.0,2.2338349022144854e-100,0.0,2022-09-01,2000-09-01,2022-08-31,5534.0,risk_off
2022-09-26,neutral,risk_off,1.0,2.0119805164334084e-108,0.0,2022-09-01,2000-09-01,2022-08-31,5534.0,risk_off
2022-09-27,neutral,risk_off,1.0,9.653650565590827e-106,0.0,2022-09-01,2000-09-01,2022-08-31,5534.0,risk_off
2022-09-28,neutral,risk_off,1.0,8.944602442374467e-100,0.0,2022-09-01,2000-09-01,2022-08-31,5534.0,risk_off
2022-09-29,neutral,risk_off,1.0,9.787107769614223e-98,0.0,2022-09-01,2000-09-01,2022-08-31,5534.0,risk_off
2022-09-30,neutral,risk_off,1.0,4.328207146831614e-98,0.0,2022-09-01,2000-09-01,2022-08-31,5534.0,risk_off
2022-10-03,neutral,risk_off,1.0,2.385440326900984e-34,0.0,2022-10-03,2000-09-01,2022-09-30,5555.0,risk_off
2022-10-04,neutral,risk_off,1.0,6.680388717091599e-34,0.0,2022-10-03,2000-09-01,2022-09-30,5555.0,risk_off
2022-10-05,neutral,risk_off,1.0,6.354985744209159e-33,0.0,2022-10-03,2000-09-01,2022-09-30,5555.0,risk_off
2022-10-06,neutral,risk_off,1.0,2.9476201469520595e-31,0.0,2022-10-03,2000-09-01,2022-09-30,5555.0,risk_off
2022-10-07,neutral,risk_off,1.0,1.1294580309339138e-29,0.0,2022-10-03,2000-09-01,2022-09-30,5555.0,risk_off
2022-10-10,neutral,risk_off,1.0,2.636804139990967e-29,0.0,2022-10-03,2000-09-01,2022-09-30,5555.0,risk_off
2022-10-11,neutral,risk_off,1.0,6.0499793830685265e-30,0.0,2022-10-03,2000-09-01,2022-09-30,5555.0,risk_off
2022-10-12,neutral,risk_off,1.0,2.0426746794434775e-30,0.0,2022-10-03,2000-09-01,2022-09-30,5555.0,risk_off
2022-10-13,neutral,risk_off,1.0,5.374470846923518e-34,0.0,2022-10-03,2000-09-01,2022-09-30,5555.0,risk_off
2022-10-14,neutral,risk_off,1.0,5.958554318525402e-28,0.0,2022-10-03,2000-09-01,2022-09-30,5555.0,risk_off
2022-10-17,neutral,risk_off,1.0,5.577463393645549e-29,0.0,2022-10-03,2000-09-01,2022-09-30,5555.0,risk_off
2022-10-18,neutral,risk_off,1.0,1.133307204800546e-28,0.0,2022-10-03,2000-09-01,2022-09-30,5555.0,risk_off
2022-10-19,neutral,risk_off,1.0,1.1504287256820543e-29,0.0,2022-10-03,2000-09-01,2022-09-30,5555.0,risk_off
2022-10-20,neutral,risk_off,1.0,3.934250693252708e-30,0.0,2022-10-03,2000-09-01,2022-09-30,5555.0,risk_off
2022-10-21,neutral,risk_off,1.0,9.379953721996246e-33,0.0,2022-10-03,2000-09-01,2022-09-30,5555.0,risk_off
2022-10-24,neutral,risk_off,1.0,1.0759425430819948e-32,0.0,2022-10-03,2000-09-01,2022-09-30,5555.0,risk_off
2022-10-25,neutral,risk_off,1.0,9.609388088333683e-34,0.0,2022-10-03,2000-09-01,2022-09-30,5555.0,risk_off
2022-10-26,neutral,risk_off,1.0,2.0024948475308257e-33,0.0,2022-10-03,2000-09-01,2022-09-30,5555.0,risk_off
2022-10-27,neutral,risk_off,1.0,5.248305146031704e-31,0.0,2022-10-03,2000-09-01,2022-09-30,5555.0,risk_off
2022-10-28,neutral,risk_off,1.0,6.798086676171783e-31,0.0,2022-10-03,2000-09-01,2022-09-30,5555.0,risk_off
2022-10-31,neutral,risk_off,1.0,6.0163772792027826e-30,0.0,2022-10-03,2000-09-01,2022-09-30,5555.0,risk_off
2022-11-01,neutral,neutral,9.517113978994455e-67,1.0,0.0,2022-11-01,2000-09-01,2022-10-31,5576.0,risk_off
2022-11-02,neutral,neutral,1.496844124240611e-65,1.0,0.0,2022-11-01,2000-09-01,2022-10-31,5576.0,neutral
2022-11-03,neutral,neutral,2.2343445149002093e-63,1.0,0.0,2022-11-01,2000-09-01,2022-10-31,5576.0,neutral
2022-11-04,neutral,neutral,2.3587957684780756e-66,1.0,0.0,2022-11-01,2000-09-01,2022-10-31,5576.0,neutral
2022-11-07,neutral,neutral,2.0227124879545416e-67,1.0,0.0,2022-11-01,2000-09-01,2022-10-31,5576.0,neutral
2022-11-08,neutral,neutral,2.329220662476153e-69,1.0,0.0,2022-11-01,2000-09-01,2022-10-31,5576.0,neutral
2022-11-09,neutral,neutral,8.394568265373854e-68,1.0,0.0,2022-11-01,2000-09-01,2022-10-31,5576.0,neutral
2022-11-10,neutral,neutral,5.4469645172704e-65,1.0,0.0,2022-11-01,2000-09-01,2022-10-31,5576.0,neutral
2022-11-11,neutral,neutral,8.035499808638113e-67,1.0,0.0,2022-11-01,2000-09-01,2022-10-31,5576.0,neutral
2022-11-14,neutral,neutral,3.1962735217506853e-68,1.0,0.0,2022-11-01,2000-09-01,2022-10-31,5576.0,neutral
2022-11-15,neutral,neutral,8.547050881841736e-69,1.0,0.0,2022-11-01,2000-09-01,2022-10-31,5576.0,neutral
2022-11-16,neutral,neutral,3.0497438571632764e-66,1.0,0.0,2022-11-01,2000-09-01,2022-10-31,5576.0,neutral
2022-11-17,neutral,neutral,1.2219642803519426e-65,1.0,0.0,2022-11-01,2000-09-01,2022-10-31,5576.0,neutral
2022-11-18,neutral,neutral,1.8517206284424177e-63,1.0,0.0,2022-11-01,2000-09-01,2022-10-31,5576.0,neutral
2022-11-21,neutral,neutral,3.733943443279124e-63,1.0,0.0,2022-11-01,2000-09-01,2022-10-31,5576.0,neutral
2022-11-22,neutral,neutral,3.454889882731503e-62,1.0,0.0,2022-11-01,2000-09-01,2022-10-31,5576.0,neutral
2022-11-23,neutral,neutral,3.2911410475793244e-61,1.0,0.0,2022-11-01,2000-09-01,2022-10-31,5576.0,neutral
2022-11-25,neutral,neutral,8.303949362957808e-59,1.0,0.0,2022-11-01,2000-09-01,2022-10-31,5576.0,neutral
2022-11-28,neutral,neutral,4.452430136094619e-60,1.0,0.0,2022-11-01,2000-09-01,2022-10-31,5576.0,neutral
2022-11-29,neutral,neutral,3.2224508713110366e-61,1.0,0.0,2022-11-01,2000-09-01,2022-10-31,5576.0,neutral
2022-11-30,neutral,neutral,4.32563423112593e-61,1.0,0.0,2022-11-01,2000-09-01,2022-10-31,5576.0,neutral
2022-12-01,neutral,neutral,2.804151889322903e-70,1.0,0.0,2022-12-01,2000-09-01,2022-11-30,5597.0,neutral
2022-12-02,neutral,neutral,9.815130101966127e-69,1.0,0.0,2022-12-01,2000-09-01,2022-11-30,5597.0,neutral
2022-12-05,neutral,neutral,5.018164679280893e-67,1.0,0.0,2022-12-01,2000-09-01,2022-11-30,5597.0,neutral
2022-12-06,neutral,neutral,2.192059698439458e-67,1.0,0.0,2022-12-01,2000-09-01,2022-11-30,5597.0,neutral
2022-12-07,neutral,neutral,4.042614830601853e-66,1.0,0.0,2022-12-01,2000-09-01,2022-11-30,5597.0,neutral
2022-12-08,neutral,neutral,2.6378257546755883e-66,1.0,0.0,2022-12-01,2000-09-01,2022-11-30,5597.0,neutral
2022-12-09,neutral,neutral,1.496484651382021e-67,1.0,0.0,2022-12-01,2000-09-01,2022-11-30,5597.0,neutral
2022-12-12,neutral,neutral,3.2807366917859127e-71,1.0,0.0,2022-12-01,2000-09-01,2022-11-30,5597.0,neutral
2022-12-13,neutral,neutral,2.712148553768706e-70,1.0,0.0,2022-12-01,2000-09-01,2022-11-30,5597.0,neutral
2022-12-14,neutral,neutral,4.48676942347881e-69,1.0,0.0,2022-12-01,2000-09-01,2022-11-30,5597.0,neutral
2022-12-15,neutral,neutral,2.0041078931689585e-67,1.0,0.0,2022-12-01,2000-09-01,2022-11-30,5597.0,neutral
2022-12-16,neutral,neutral,1.983883186359707e-64,1.0,0.0,2022-12-01,2000-09-01,2022-11-30,5597.0,neutral
2022-12-19,neutral,neutral,7.502753285671214e-63,1.0,0.0,2022-12-01,2000-09-01,2022-11-30,5597.0,neutral
2022-12-20,neutral,neutral,1.8994873887896898e-61,1.0,0.0,2022-12-01,2000-09-01,2022-11-30,5597.0,neutral
2022-12-21,neutral,neutral,1.8233750088345239e-60,1.0,0.0,2022-12-01,2000-09-01,2022-11-30,5597.0,neutral
2022-12-22,neutral,neutral,3.175292949845481e-57,1.0,0.0,2022-12-01,2000-09-01,2022-11-30,5597.0,neutral
2022-12-23,neutral,neutral,7.0838848951872605e-56,1.0,0.0,2022-12-01,2000-09-01,2022-11-30,5597.0,neutral
2022-12-27,neutral,neutral,1.724100302788273e-53,1.0,0.0,2022-12-01,2000-09-01,2022-11-30,5597.0,neutral
2022-12-28,neutral,neutral,2.6325261261626287e-55,1.0,0.0,2022-12-01,2000-09-01,2022-11-30,5597.0,neutral
2022-12-29,neutral,neutral,7.546666082579335e-55,1.0,0.0,2022-12-01,2000-09-01,2022-11-30,5597.0,neutral
2022-12-30,neutral,neutral,1.012725183914748e-55,1.0,0.0,2022-12-01,2000-09-01,2022-11-30,5597.0,neutral
2023-01-03,neutral,neutral,7.11856694471668e-71,1.0,0.0,2023-01-03,2000-09-01,2022-12-30,5618.0,neutral
2023-01-04,neutral,neutral,1.3196286698343448e-69,1.0,0.0,2023-01-03,2000-09-01,2022-12-30,5618.0,neutral
2023-01-05,neutral,neutral,3.3714570850481994e-67,1.0,0.0,2023-01-03,2000-09-01,2022-12-30,5618.0,neutral
2023-01-06,neutral,neutral,1.3178387442859581e-67,1.0,0.0,2023-01-03,2000-09-01,2022-12-30,5618.0,neutral
2023-01-09,neutral,neutral,2.2547215281251186e-66,1.0,0.0,2023-01-03,2000-09-01,2022-12-30,5618.0,neutral
2023-01-10,neutral,neutral,3.6005050560629126e-66,1.0,0.0,2023-01-03,2000-09-01,2022-12-30,5618.0,neutral
2023-01-11,neutral,neutral,1.052208997958238e-66,1.0,0.0,2023-01-03,2000-09-01,2022-12-30,5618.0,neutral
2023-01-12,neutral,neutral,1.0589103418128567e-65,1.0,0.0,2023-01-03,2000-09-01,2022-12-30,5618.0,neutral
2023-01-13,neutral,neutral,5.156380127621052e-66,1.0,0.0,2023-01-03,2000-09-01,2022-12-30,5618.0,neutral
2023-01-17,neutral,neutral,7.328950926142776e-62,1.0,0.0,2023-01-03,2000-09-01,2022-12-30,5618.0,neutral
2023-01-18,neutral,neutral,4.348815448761335e-62,1.0,0.0,2023-01-03,2000-09-01,2022-12-30,5618.0,neutral
2023-01-19,neutral,neutral,3.642360841423914e-61,1.0,1.0123e-320,2023-01-03,2000-09-01,2022-12-30,5618.0,neutral
2023-01-20,neutral,neutral,8.735636983800106e-62,1.0,3.85e-322,2023-01-03,2000-09-01,2022-12-30,5618.0,neutral
2023-01-23,neutral,neutral,4.725400622747018e-62,1.0,3.27e-321,2023-01-03,2000-09-01,2022-12-30,5618.0,neutral
2023-01-24,neutral,neutral,6.344495501112795e-62,1.0,1.980239e-317,2023-01-03,2000-09-01,2022-12-30,5618.0,neutral
2023-01-25,neutral,neutral,1.5051809175089582e-61,1.0,3.2992249125395e-311,2023-01-03,2000-09-01,2022-12-30,5618.0,neutral
2023-01-26,neutral,neutral,8.692334315439094e-62,1.0,5.40423376e-316,2023-01-03,2000-09-01,2022-12-30,5618.0,neutral
2023-01-27,neutral,neutral,9.657983242407208e-62,1.0,4.666851692398453e-309,2023-01-03,2000-09-01,2022-12-30,5618.0,neutral
2023-01-30,neutral,neutral,2.3145331652727105e-59,1.0,4.858380275360658e-301,2023-01-03,2000-09-01,2022-12-30,5618.0,neutral
2023-01-31,neutral,neutral,1.3988504424538874e-60,1.0,2.171368846237053e-302,2023-01-03,2000-09-01,2022-12-30,5618.0,neutral
2023-02-01,neutral,risk_off,1.0,5.44389219234888e-170,3.7211527086603485e-21,2023-02-01,2000-09-01,2023-01-31,5638.0,neutral
2023-02-02,neutral,risk_off,1.0,9.645201270057948e-173,9.400711184387751e-23,2023-02-01,2000-09-01,2023-01-31,5638.0,risk_off
2023-02-03,neutral,risk_off,1.0,1.991832947451215e-162,6.627585761362305e-23,2023-02-01,2000-09-01,2023-01-31,5638.0,risk_off
2023-02-06,neutral,risk_off,1.0,5.705474290951487e-153,1.477633268050741e-24,2023-02-01,2000-09-01,2023-01-31,5638.0,risk_off
2023-02-07,neutral,risk_off,1.0,1.9754891220886653e-158,3.6194103719389063e-22,2023-02-01,2000-09-01,2023-01-31,5638.0,risk_off
2023-02-08,neutral,risk_off,1.0,6.309916091741717e-152,1.7057172901341642e-19,2023-02-01,2000-09-01,2023-01-31,5638.0,risk_off
2023-02-09,neutral,risk_off,1.0,8.769539914513202e-149,2.9364416858531574e-19,2023-02-01,2000-09-01,2023-01-31,5638.0,risk_off
2023-02-10,neutral,risk_off,1.0,3.1524908942000164e-147,8.885842151498043e-19,2023-02-01,2000-09-01,2023-01-31,5638.0,risk_off
2023-02-13,neutral,risk_off,1.0,1.632947821473574e-145,2.2124743363423096e-22,2023-02-01,2000-09-01,2023-01-31,5638.0,risk_off
2023-02-14,neutral,risk_off,1.0,4.721918520830087e-147,1.3846154473229906e-20,2023-02-01,2000-09-01,2023-01-31,5638.0,risk_off
2023-02-15,neutral,risk_off,1.0,3.721598882964147e-140,2.752573027652949e-20,2023-02-01,2000-09-01,2023-01-31,5638.0,risk_off
2023-02-16,neutral,risk_off,1.0,1.0968522529976609e-142,4.340126699860821e-20,2023-02-01,2000-09-01,2023-01-31,5638.0,risk_off
2023-02-17,neutral,risk_off,1.0,2.734937501516009e-140,8.491559025573905e-20,2023-02-01,2000-09-01,2023-01-31,5638.0,risk_off
2023-02-21,neutral,risk_off,1.0,4.361570370443812e-138,7.639827996211488e-20,2023-02-01,2000-09-01,2023-01-31,5638.0,risk_off
2023-02-22,neutral,risk_off,1.0,2.523891205137884e-137,1.0521007606567705e-17,2023-02-01,2000-09-01,2023-01-31,5638.0,risk_off
2023-02-23,neutral,risk_off,1.0,8.546581096749676e-140,3.312632313619218e-16,2023-02-01,2000-09-01,2023-01-31,5638.0,risk_off
2023-02-24,neutral,risk_off,1.0,1.2686037286319475e-137,5.291630593726193e-17,2023-02-01,2000-09-01,2023-01-31,5638.0,risk_off
2023-02-27,neutral,risk_off,1.0,1.6250100161339989e-131,3.392693242712027e-17,2023-02-01,2000-09-01,2023-01-31,5638.0,risk_off
2023-02-28,neutral,risk_off,1.0,1.057031520873478e-130,7.997112723672411e-17,2023-02-01,2000-09-01,2023-01-31,5638.0,risk_off
2023-03-01,neutral,risk_off,1.0,0.0,1.7983317689071903e-68,2023-03-01,2000-09-01,2023-02-28,5657.0,risk_off
2023-03-02,neutral,risk_off,1.0,0.0,6.748730904031916e-68,2023-03-01,2000-09-01,2023-02-28,5657.0,risk_off
2023-03-03,neutral,risk_off,1.0,0.0,7.972650049727851e-72,2023-03-01,2000-09-01,2023-02-28,5657.0,risk_off
2023-03-06,neutral,risk_off,1.0,0.0,6.73650689922548e-70,2023-03-01,2000-09-01,2023-02-28,5657.0,risk_off
2023-03-07,neutral,risk_off,1.0,0.0,1.7678432865513564e-66,2023-03-01,2000-09-01,2023-02-28,5657.0,risk_off
2023-03-08,neutral,risk_off,1.0,0.0,1.1509974900192843e-61,2023-03-01,2000-09-01,2023-02-28,5657.0,risk_off
2023-03-09,neutral,risk_off,1.0,0.0,8.796430105861362e-59,2023-03-01,2000-09-01,2023-02-28,5657.0,risk_off
2023-03-10,neutral,risk_off,1.0,0.0,3.0046357125929824e-53,2023-03-01,2000-09-01,2023-02-28,5657.0,risk_off
2023-03-13,neutral,risk_off,1.0,0.0,6.51473128510917e-51,2023-03-01,2000-09-01,2023-02-28,5657.0,risk_off
2023-03-14,neutral,risk_off,1.0,0.0,1.7016788416502585e-51,2023-03-01,2000-09-01,2023-02-28,5657.0,risk_off
2023-03-15,neutral,risk_off,1.0,0.0,7.991552907802143e-51,2023-03-01,2000-09-01,2023-02-28,5657.0,risk_off
2023-03-16,neutral,risk_off,1.0,0.0,4.975862627161498e-53,2023-03-01,2000-09-01,2023-02-28,5657.0,risk_off
2023-03-17,neutral,risk_off,1.0,0.0,5.781561730388692e-51,2023-03-01,2000-09-01,2023-02-28,5657.0,risk_off
2023-03-20,neutral,risk_off,1.0,0.0,1.1519563194652624e-47,2023-03-01,2000-09-01,2023-02-28,5657.0,risk_off
2023-03-21,neutral,risk_off,1.0,0.0,5.291826806632142e-47,2023-03-01,2000-09-01,2023-02-28,5657.0,risk_off
2023-03-22,neutral,risk_off,1.0,0.0,8.773694845637462e-43,2023-03-01,2000-09-01,2023-02-28,5657.0,risk_off
2023-03-23,neutral,risk_off,1.0,0.0,2.436338765550669e-40,2023-03-01,2000-09-01,2023-02-28,5657.0,risk_off
2023-03-24,neutral,risk_off,1.0,0.0,5.561888257683736e-38,2023-03-01,2000-09-01,2023-02-28,5657.0,risk_off
2023-03-27,neutral,risk_off,1.0,0.0,2.992224615914591e-35,2023-03-01,2000-09-01,2023-02-28,5657.0,risk_off
2023-03-28,neutral,risk_off,1.0,0.0,1.808506306698095e-33,2023-03-01,2000-09-01,2023-02-28,5657.0,risk_off
2023-03-29,neutral,risk_off,1.0,0.0,1.1207439946785388e-33,2023-03-01,2000-09-01,2023-02-28,5657.0,risk_off
2023-03-30,neutral,risk_off,1.0,0.0,7.317482671344028e-33,2023-03-01,2000-09-01,2023-02-28,5657.0,risk_off
2023-03-31,neutral,risk_off,1.0,0.0,1.3889145591460872e-31,2023-03-01,2000-09-01,2023-02-28,5657.0,risk_off
2023-04-03,neutral,neutral,1.1767052251760683e-29,1.0,1.3828834626876135e-48,2023-04-03,2000-09-01,2023-03-31,5680.0,risk_off
2023-04-04,neutral,neutral,9.192386673454526e-32,1.0,1.0423296956249318e-45,2023-04-03,2000-09-01,2023-03-31,5680.0,neutral
2023-04-05,neutral,neutral,1.7772467649704246e-32,1.0,2.2381943572779254e-42,2023-04-03,2000-09-01,2023-03-31,5680.0,neutral
2023-04-06,neutral,neutral,6.855053312831292e-33,1.0,2.877903036828872e-39,2023-04-03,2000-09-01,2023-03-31,5680.0,neutral
2023-04-10,neutral,neutral,1.5204255932350277e-30,1.0,8.255508320044378e-37,2023-04-03,2000-09-01,2023-03-31,5680.0,neutral
2023-04-11,neutral,neutral,1.1379968437363072e-29,1.0,4.2732707626934394e-33,2023-04-03,2000-09-01,2023-03-31,5680.0,neutral
2023-04-12,neutral,neutral,1.605102447619727e-30,1.0,1.4622489817356388e-32,2023-04-03,2000-09-01,2023-03-31,5680.0,neutral
2023-04-13,neutral,neutral,3.25029451252337e-30,1.0,1.0355231512541926e-33,2023-04-03,2000-09-01,2023-03-31,5680.0,neutral
2023-04-14,neutral,neutral,5.982005911413566e-29,1.0,4.704029576625359e-32,2023-04-03,2000-09-01,2023-03-31,5680.0,neutral
2023-04-17,neutral,neutral,3.844079569533963e-24,1.0,1.6745075390521817e-23,2023-04-03,2000-09-01,2023-03-31,5680.0,neutral
2023-04-18,neutral,neutral,3.904673244198893e-24,1.0,2.0018991189096178e-22,2023-04-03,2000-09-01,2023-03-31,5680.0,neutral
2023-04-19,neutral,neutral,2.9274847809110307e-24,1.0,1.6561969579434892e-20,2023-04-03,2000-09-01,2023-03-31,5680.0,neutral
2023-04-20,neutral,neutral,9.891774349236153e-25,1.0,1.1693251067794996e-19,2023-04-03,2000-09-01,2023-03-31,5680.0,neutral
2023-04-21,neutral,neutral,9.985636700285264e-25,1.0,2.4400621201526778e-18,2023-04-03,2000-09-01,2023-03-31,5680.0,neutral
2023-04-24,neutral,neutral,7.424819430560096e-25,1.0,1.43454134732906e-16,2023-04-03,2000-09-01,2023-03-31,5680.0,neutral
2023-04-25,neutral,neutral,1.7011523567884542e-24,0.9999999999999964,3.3589135682967974e-15,2023-04-03,2000-09-01,2023-03-31,5680.0,neutral
2023-04-26,neutral,neutral,4.646201295842478e-25,0.9999999999999964,2.2037181473525735e-15,2023-04-03,2000-09-01,2023-03-31,5680.0,neutral
2023-04-27,neutral,neutral,1.5562019929131405e-24,1.0,4.73021432345456e-17,2023-04-03,2000-09-01,2023-03-31,5680.0,neutral
2023-04-28,neutral,neutral,1.0885840166727896e-24,0.9999999999999964,2.2682227661882232e-15,2023-04-03,2000-09-01,2023-03-31,5680.0,neutral
2023-05-01,neutral,neutral,2.8480407304638133e-20,1.0,3.488260034821467e-232,2023-05-01,2000-09-01,2023-04-28,5699.0,neutral
2023-05-02,neutral,neutral,1.5260429465720903e-19,1.0,5.967977319676697e-231,2023-05-01,2000-09-01,2023-04-28,5699.0,neutral
2023-05-03,neutral,neutral,6.081508569986796e-19,1.0,7.251240824174783e-232,2023-05-01,2000-09-01,2023-04-28,5699.0,neutral
2023-05-04,neutral,neutral,3.700164217796785e-20,1.0,3.7869745302182368e-233,2023-05-01,2000-09-01,2023-04-28,5699.0,neutral
2023-05-05,neutral,neutral,1.85085137059862e-21,1.0,1.2673912387850297e-239,2023-05-01,2000-09-01,2023-04-28,5699.0,neutral
2023-05-08,neutral,neutral,1.821753243086478e-22,1.0,3.113200270061935e-238,2023-05-01,2000-09-01,2023-04-28,5699.0,neutral
2023-05-09,neutral,neutral,4.243881117086567e-22,1.0,7.604505084028982e-236,2023-05-01,2000-09-01,2023-04-28,5699.0,neutral
2023-05-10,neutral,neutral,1.7822085661769492e-20,1.0,2.2276472387438236e-239,2023-05-01,2000-09-01,2023-04-28,5699.0,neutral
2023-05-11,neutral,neutral,1.8541965531903978e-20,1.0,3.555643660612888e-234,2023-05-01,2000-09-01,2023-04-28,5699.0,neutral
2023-05-12,neutral,neutral,1.6724105630005495e-20,1.0,4.634132474949174e-232,2023-05-01,2000-09-01,2023-04-28,5699.0,neutral
2023-05-15,neutral,neutral,1.0133725452706886e-20,1.0,9.004249011277251e-231,2023-05-01,2000-09-01,2023-04-28,5699.0,neutral
2023-05-16,neutral,neutral,6.990035420996276e-21,1.0,1.012145637093282e-232,2023-05-01,2000-09-01,2023-04-28,5699.0,neutral
2023-05-17,neutral,neutral,2.761948952714401e-21,1.0,2.3256718003098363e-238,2023-05-01,2000-09-01,2023-04-28,5699.0,neutral
2023-05-18,neutral,neutral,1.464856989051711e-19,1.0,1.2520870317016271e-240,2023-05-01,2000-09-01,2023-04-28,5699.0,neutral
2023-05-19,neutral,neutral,3.3045785321344405e-20,1.0,6.558655209158472e-240,2023-05-01,2000-09-01,2023-04-28,5699.0,neutral
2023-05-22,neutral,neutral,1.7819090800526175e-20,1.0,1.1397647178176404e-233,2023-05-01,2000-09-01,2023-04-28,5699.0,neutral
2023-05-23,neutral,neutral,2.4767967764589563e-20,1.0,4.6744441384912055e-236,2023-05-01,2000-09-01,2023-04-28,5699.0,neutral
2023-05-24,neutral,neutral,1.0920019429777933e-20,1.0,4.0796729708021565e-238,2023-05-01,2000-09-01,2023-04-28,5699.0,neutral
2023-05-25,neutral,neutral,1.8045177880800398e-20,1.0,1.7628882925356074e-238,2023-05-01,2000-09-01,2023-04-28,5699.0,neutral
2023-05-26,neutral,neutral,1.9949786080314858e-20,1.0,2.2606592387793424e-239,2023-05-01,2000-09-01,2023-04-28,5699.0,neutral
2023-05-30,neutral,neutral,4.0860843413761724e-19,1.0,4.034678779997536e-238,2023-05-01,2000-09-01,2023-04-28,5699.0,neutral
2023-05-31,neutral,neutral,4.4504614337312796e-18,1.0,6.88672910596215e-233,2023-05-01,2000-09-01,2023-04-28,5699.0,neutral
2023-06-01,neutral,neutral,5.5201649199156025e-36,1.0,5.036944921172044e-231,2023-06-01,2000-09-01,2023-05-31,5721.0,neutral
2023-06-02,neutral,neutral,4.9695742936387555e-36,1.0,1.383863251701295e-232,2023-06-01,2000-09-01,2023-05-31,5721.0,neutral
2023-06-05,neutral,neutral,4.890090023454017e-36,1.0,1.6605824642119748e-232,2023-06-01,2000-09-01,2023-05-31,5721.0,neutral
2023-06-06,neutral,neutral,1.4796499362600283e-38,1.0,4.7351305589591165e-236,2023-06-01,2000-09-01,2023-05-31,5721.0,neutral
2023-06-07,neutral,neutral,1.470720784647115e-39,1.0,9.276426281160889e-243,2023-06-01,2000-09-01,2023-05-31,5721.0,neutral
2023-06-08,neutral,neutral,3.613623627772199e-39,1.0,4.345669021447149e-240,2023-06-01,2000-09-01,2023-05-31,5721.0,neutral
2023-06-09,neutral,neutral,5.8202012172702706e-39,1.0,5.043320652874043e-241,2023-06-01,2000-09-01,2023-05-31,5721.0,neutral
2023-06-12,neutral,neutral,2.5492701425708393e-36,1.0,4.292741186769969e-239,2023-06-01,2000-09-01,2023-05-31,5721.0,neutral
2023-06-13,neutral,neutral,3.762978020819977e-38,1.0,1.677520504384884e-247,2023-06-01,2000-09-01,2023-05-31,5721.0,neutral
2023-06-14,neutral,neutral,1.2043104105136368e-38,1.0,3.6424137187676665e-254,2023-06-01,2000-09-01,2023-05-31,5721.0,neutral
2023-06-15,neutral,neutral,3.490536953803619e-38,1.0,6.170787699113129e-248,2023-06-01,2000-09-01,2023-05-31,5721.0,neutral
2023-06-16,neutral,neutral,4.1408630921367215e-39,1.0,1.8071014268098628e-253,2023-06-01,2000-09-01,2023-05-31,5721.0,neutral
2023-06-20,neutral,neutral,5.190700098856332e-40,1.0,1.9742684439720621e-249,2023-06-01,2000-09-01,2023-05-31,5721.0,neutral
2023-06-21,neutral,neutral,8.78998002621571e-42,1.0,6.053849846114213e-254,2023-06-01,2000-09-01,2023-05-31,5721.0,neutral
2023-06-22,neutral,neutral,1.3278861102732818e-40,1.0,2.8138039092237913e-252,2023-06-01,2000-09-01,2023-05-31,5721.0,neutral
2023-06-23,neutral,neutral,2.448106745452556e-41,1.0,6.351542605690063e-255,2023-06-01,2000-09-01,2023-05-31,5721.0,neutral
2023-06-26,neutral,neutral,4.00579120367979e-43,1.0,1.341807546711963e-259,2023-06-01,2000-09-01,2023-05-31,5721.0,neutral
2023-06-27,neutral,neutral,1.451907080089497e-43,1.0,2.2800514115735188e-259,2023-06-01,2000-09-01,2023-05-31,5721.0,neutral
2023-06-28,neutral,neutral,2.372295283915275e-44,1.0,4.825197968312405e-262,2023-06-01,2000-09-01,2023-05-31,5721.0,neutral
2023-06-29,neutral,neutral,1.1244320623088205e-46,1.0,1.1902268618226725e-265,2023-06-01,2000-09-01,2023-05-31,5721.0,neutral
2023-06-30,neutral,neutral,1.1325673498082951e-45,1.0,1.9770350657543953e-269,2023-06-01,2000-09-01,2023-05-31,5721.0,neutral
2023-07-03,neutral,risk_on,1.0292894509175757e-29,5.01509548835822e-241,1.0,2023-07-03,2000-09-01,2023-06-30,5742.0,neutral
2023-07-05,neutral,risk_on,3.040745917117223e-31,4.255011462092078e-248,1.0,2023-07-03,2000-09-01,2023-06-30,5742.0,risk_on
2023-07-06,neutral,risk_on,2.4629736371563427e-32,3.31000197711865e-256,1.0,2023-07-03,2000-09-01,2023-06-30,5742.0,risk_on
2023-07-07,neutral,risk_on,2.159462164481067e-33,9.082667653818824e-262,1.0,2023-07-03,2000-09-01,2023-06-30,5742.0,risk_on
2023-07-10,neutral,risk_on,1.3749694316160255e-34,5.2886830037551246e-266,1.0,2023-07-03,2000-09-01,2023-06-30,5742.0,risk_on
2023-07-11,neutral,risk_on,2.2578449730780006e-34,1.0845063802548187e-268,1.0,2023-07-03,2000-09-01,2023-06-30,5742.0,risk_on
2023-07-12,neutral,risk_on,4.0556322525795073e-35,2.4556844282572904e-277,1.0,2023-07-03,2000-09-01,2023-06-30,5742.0,risk_on
2023-07-13,neutral,risk_on,2.5997154023697582e-34,1.5586133374229622e-276,1.0,2023-07-03,2000-09-01,2023-06-30,5742.0,risk_on
2023-07-14,neutral,risk_on,1.5374911634067317e-35,4.931855437718633e-286,1.0,2023-07-03,2000-09-01,2023-06-30,5742.0,risk_on
2023-07-17,neutral,risk_on,4.947143729699134e-35,1.6874803618190202e-275,1.0,2023-07-03,2000-09-01,2023-06-30,5742.0,risk_on
2023-07-18,neutral,risk_on,4.632777687745297e-35,8.463202090418213e-284,1.0,2023-07-03,2000-09-01,2023-06-30,5742.0,risk_on
2023-07-19,neutral,risk_on,1.4004887412339087e-35,1.3427568142070735e-290,1.0,2023-07-03,2000-09-01,2023-06-30,5742.0,risk_on
2023-07-20,neutral,risk_on,6.797733710963704e-36,3.5824161319155895e-304,1.0,2023-07-03,2000-09-01,2023-06-30,5742.0,risk_on
2023-07-21,neutral,risk_on,7.300663499054852e-37,8.3219690032604e-311,1.0,2023-07-03,2000-09-01,2023-06-30,5742.0,risk_on
2023-07-24,neutral,risk_on,1.1051727158199122e-35,8.70263707129874e-309,1.0,2023-07-03,2000-09-01,2023-06-30,5742.0,risk_on
2023-07-25,neutral,risk_on,5.998275894541418e-36,1.7042449077e-313,1.0,2023-07-03,2000-09-01,2023-06-30,5742.0,risk_on
2023-07-26,neutral,risk_on,1.0935068496361318e-37,0.0,1.0,2023-07-03,2000-09-01,2023-06-30,5742.0,risk_on
2023-07-27,neutral,risk_on,3.418579225835514e-37,0.0,1.0,2023-07-03,2000-09-01,2023-06-30,5742.0,risk_on
2023-07-28,neutral,risk_on,1.553543963373342e-38,0.0,1.0,2023-07-03,2000-09-01,2023-06-30,5742.0,risk_on
2023-07-31,neutral,risk_on,6.207856382577433e-39,0.0,1.0,2023-07-03,2000-09-01,2023-06-30,5742.0,risk_on
2023-08-01,neutral,neutral,2.4789549994302306e-12,0.999999999997522,0.0,2023-08-01,2000-09-01,2023-07-31,5762.0,risk_on
2023-08-02,neutral,neutral,2.802005202581266e-12,0.9999999999971987,0.0,2023-08-01,2000-09-01,2023-07-31,5762.0,neutral
2023-08-03,neutral,neutral,7.460721338775311e-12,0.9999999999925393,0.0,2023-08-01,2000-09-01,2023-07-31,5762.0,neutral
2023-08-04,neutral,neutral,3.2119253918849416e-12,0.9999999999967883,0.0,2023-08-01,2000-09-01,2023-07-31,5762.0,neutral
2023-08-07,neutral,neutral,2.9670285743512708e-12,0.9999999999970335,0.0,2023-08-01,2000-09-01,2023-07-31,5762.0,neutral
2023-08-08,neutral,neutral,1.547448122116221e-12,0.9999999999984528,0.0,2023-08-01,2000-09-01,2023-07-31,5762.0,neutral
2023-08-09,neutral,neutral,5.756864761536926e-12,0.9999999999942446,0.0,2023-08-01,2000-09-01,2023-07-31,5762.0,neutral
2023-08-10,neutral,neutral,3.2845719554455375e-12,0.9999999999967173,0.0,2023-08-01,2000-09-01,2023-07-31,5762.0,neutral
2023-08-11,neutral,neutral,3.8616701207942375e-11,0.999999999961382,0.0,2023-08-01,2000-09-01,2023-07-31,5762.0,neutral
2023-08-14,neutral,neutral,3.169281053375165e-11,0.9999999999683062,0.0,2023-08-01,2000-09-01,2023-07-31,5762.0,neutral
2023-08-15,neutral,neutral,1.0868833725052967e-11,0.9999999999891322,0.0,2023-08-01,2000-09-01,2023-07-31,5762.0,neutral
2023-08-16,neutral,neutral,5.197938038152222e-11,0.9999999999480202,0.0,2023-08-01,2000-09-01,2023-07-31,5762.0,neutral
2023-08-17,neutral,neutral,2.783032763180644e-11,0.999999999972168,0.0,2023-08-01,2000-09-01,2023-07-31,5762.0,neutral
2023-08-18,neutral,neutral,7.613434498008673e-12,0.9999999999923865,0.0,2023-08-01,2000-09-01,2023-07-31,5762.0,neutral
2023-08-21,neutral,neutral,1.8823454003560618e-12,0.9999999999981171,0.0,2023-08-01,2000-09-01,2023-07-31,5762.0,neutral
2023-08-22,neutral,neutral,9.23682705378046e-12,0.9999999999907629,0.0,2023-08-01,2000-09-01,2023-07-31,5762.0,neutral
2023-08-23,neutral,neutral,7.806880666402135e-13,0.9999999999992184,0.0,2023-08-01,2000-09-01,2023-07-31,5762.0,neutral
2023-08-24,neutral,neutral,9.439718688598982e-12,0.9999999999905604,0.0,2023-08-01,2000-09-01,2023-07-31,5762.0,neutral
2023-08-25,neutral,neutral,5.20490063285961e-12,0.9999999999947953,0.0,2023-08-01,2000-09-01,2023-07-31,5762.0,neutral
2023-08-28,neutral,neutral,2.6454143738813703e-11,0.9999999999735465,0.0,2023-08-01,2000-09-01,2023-07-31,5762.0,neutral
2023-08-29,neutral,neutral,8.477458525132933e-13,0.9999999999991509,0.0,2023-08-01,2000-09-01,2023-07-31,5762.0,neutral
2023-08-30,neutral,neutral,4.414154481449202e-12,0.9999999999955875,0.0,2023-08-01,2000-09-01,2023-07-31,5762.0,neutral
2023-08-31,neutral,neutral,6.0442910175118575e-12,0.9999999999939568,0.0,2023-08-01,2000-09-01,2023-07-31,5762.0,neutral
2023-09-01,neutral,risk_on,0.0,1.0525451129902559e-219,1.0,2023-09-01,2000-09-01,2023-08-31,5785.0,neutral
2023-09-05,neutral,risk_on,0.0,5.658171889169323e-213,1.0,2023-09-01,2000-09-01,2023-08-31,5785.0,risk_on
2023-09-06,neutral,risk_on,0.0,2.5298912649924147e-216,1.0,2023-09-01,2000-09-01,2023-08-31,5785.0,risk_on
2023-09-07,neutral,risk_on,0.0,2.9607048223181293e-220,1.0,2023-09-01,2000-09-01,2023-08-31,5785.0,risk_on
2023-09-08,neutral,risk_on,0.0,1.0356800243041415e-214,1.0,2023-09-01,2000-09-01,2023-08-31,5785.0,risk_on
2023-09-11,neutral,risk_on,0.0,2.9695865579314105e-214,1.0,2023-09-01,2000-09-01,2023-08-31,5785.0,risk_on
2023-09-12,neutral,risk_on,0.0,5.50278477153555e-216,1.0,2023-09-01,2000-09-01,2023-08-31,5785.0,risk_on
2023-09-13,neutral,risk_on,0.0,7.344544255433205e-216,1.0,2023-09-01,2000-09-01,2023-08-31,5785.0,risk_on
2023-09-14,neutral,risk_on,0.0,8.976268057215054e-212,1.0,2023-09-01,2000-09-01,2023-08-31,5785.0,risk_on
2023-09-15,neutral,risk_on,0.0,3.127406028900909e-215,1.0,2023-09-01,2000-09-01,2023-08-31,5785.0,risk_on
2023-09-18,neutral,risk_on,0.0,2.4734805514239035e-207,1.0,2023-09-01,2000-09-01,2023-08-31,5785.0,risk_on
2023-09-19,neutral,risk_on,0.0,1.1453061400618763e-205,1.0,2023-09-01,2000-09-01,2023-08-31,5785.0,risk_on
2023-09-20,neutral,risk_on,0.0,1.1092424543763328e-206,1.0,2023-09-01,2000-09-01,2023-08-31,5785.0,risk_on
2023-09-21,neutral,risk_on,0.0,3.7929180581611003e-206,1.0,2023-09-01,2000-09-01,2023-08-31,5785.0,risk_on
2023-09-22,neutral,risk_on,0.0,3.2154478975082656e-198,1.0,2023-09-01,2000-09-01,2023-08-31,5785.0,risk_on
2023-09-25,neutral,risk_on,0.0,1.463437642910703e-193,1.0,2023-09-01,2000-09-01,2023-08-31,5785.0,risk_on
2023-09-26,neutral,risk_on,0.0,1.3678781264496076e-189,1.0,2023-09-01,2000-09-01,2023-08-31,5785.0,risk_on
2023-09-27,neutral,risk_on,0.0,5.6174016229783084e-185,1.0,2023-09-01,2000-09-01,2023-08-31,5785.0,risk_on
2023-09-28,neutral,risk_on,0.0,1.1110502836401648e-181,1.0,2023-09-01,2000-09-01,2023-08-31,5785.0,risk_on
2023-09-29,neutral,risk_on,0.0,5.186521386492228e-177,1.0,2023-09-01,2000-09-01,2023-08-31,5785.0,risk_on
2023-10-02,neutral,risk_on,0.0,5.311099589523627e-19,1.0,2023-10-02,2000-09-01,2023-09-29,5805.0,risk_on
2023-10-03,neutral,risk_on,0.0,4.964202957090175e-19,1.0,2023-10-02,2000-09-01,2023-09-29,5805.0,risk_on
2023-10-04,neutral,risk_on,0.0,9.067664796769346e-19,1.0,2023-10-02,2000-09-01,2023-09-29,5805.0,risk_on
2023-10-05,neutral,risk_on,0.0,1.4431650878781224e-17,1.0,2023-10-02,2000-09-01,2023-09-29,5805.0,risk_on
2023-10-06,neutral,risk_on,0.0,4.508934612526557e-21,1.0,2023-10-02,2000-09-01,2023-09-29,5805.0,risk_on
2023-10-09,neutral,risk_on,0.0,2.519734626795881e-18,1.0,2023-10-02,2000-09-01,2023-09-29,5805.0,risk_on
2023-10-10,neutral,risk_on,0.0,9.787275342650003e-19,1.0,2023-10-02,2000-09-01,2023-09-29,5805.0,risk_on
2023-10-11,neutral,risk_on,0.0,5.675734460189344e-17,1.0,2023-10-02,2000-09-01,2023-09-29,5805.0,risk_on
2023-10-12,neutral,risk_on,0.0,1.1363588321805904e-18,1.0,2023-10-02,2000-09-01,2023-09-29,5805.0,risk_on
2023-10-13,neutral,risk_on,0.0,2.3445864487405366e-17,1.0,2023-10-02,2000-09-01,2023-09-29,5805.0,risk_on
2023-10-16,neutral,risk_on,0.0,9.68163118878064e-18,1.0,2023-10-02,2000-09-01,2023-09-29,5805.0,risk_on
2023-10-17,neutral,risk_on,0.0,7.721338317854143e-19,1.0,2023-10-02,2000-09-01,2023-09-29,5805.0,risk_on
2023-10-18,neutral,risk_on,0.0,2.287773326968139e-19,1.0,2023-10-02,2000-09-01,2023-09-29,5805.0,risk_on
2023-10-19,neutral,risk_on,0.0,3.556785747806083e-21,1.0,2023-10-02,2000-09-01,2023-09-29,5805.0,risk_on
2023-10-20,neutral,risk_on,0.0,2.840868469113181e-20,1.0,2023-10-02,2000-09-01,2023-09-29,5805.0,risk_on
2023-10-23,neutral,risk_on,0.0,6.739278881098537e-19,1.0,2023-10-02,2000-09-01,2023-09-29,5805.0,risk_on
2023-10-24,neutral,risk_on,0.0,7.168877158278823e-18,1.0,2023-10-02,2000-09-01,2023-09-29,5805.0,risk_on
2023-10-25,neutral,risk_on,0.0,2.731012604723362e-19,1.0,2023-10-02,2000-09-01,2023-09-29,5805.0,risk_on
2023-10-26,neutral,risk_on,0.0,5.862851944279845e-19,1.0,2023-10-02,2000-09-01,2023-09-29,5805.0,risk_on
2023-10-27,neutral,risk_on,0.0,5.028203534785093e-18,1.0,2023-10-02,2000-09-01,2023-09-29,5805.0,risk_on
2023-10-30,neutral,risk_on,0.0,4.830706474541643e-18,1.0,2023-10-02,2000-09-01,2023-09-29,5805.0,risk_on
2023-10-31,neutral,risk_on,0.0,2.1591127464733323e-17,1.0,2023-10-02,2000-09-01,2023-09-29,5805.0,risk_on
2023-11-01,neutral,neutral,8.186986666187535e-55,1.0,1.2611418864759824e-29,2023-11-01,2000-09-01,2023-10-31,5827.0,risk_on
2023-11-02,neutral,neutral,5.836340227985296e-55,1.0,6.9823386620170265e-28,2023-11-01,2000-09-01,2023-10-31,5827.0,neutral
2023-11-03,neutral,neutral,6.746981362293785e-54,1.0,3.7817056637089095e-25,2023-11-01,2000-09-01,2023-10-31,5827.0,neutral
2023-11-06,neutral,neutral,5.981305643876865e-54,1.0,1.3127102328108193e-23,2023-11-01,2000-09-01,2023-10-31,5827.0,neutral
2023-11-07,neutral,neutral,3.1827425432419986e-52,1.0,4.803420788589201e-24,2023-11-01,2000-09-01,2023-10-31,5827.0,neutral
2023-11-08,neutral,neutral,2.826041462116156e-49,1.0,3.7280231490905765e-20,2023-11-01,2000-09-01,2023-10-31,5827.0,neutral
2023-11-09,neutral,neutral,4.579514083130963e-50,1.0,9.165316778259515e-22,2023-11-01,2000-09-01,2023-10-31,5827.0,neutral
2023-11-10,neutral,neutral,2.4373751743780254e-49,1.0,2.941586870254085e-22,2023-11-01,2000-09-01,2023-10-31,5827.0,neutral
2023-11-13,neutral,neutral,2.3552480282054785e-49,1.0,1.8703833093717347e-19,2023-11-01,2000-09-01,2023-10-31,5827.0,neutral
2023-11-14,neutral,neutral,2.3009638040775612e-49,1.0,8.883938878353008e-21,2023-11-01,2000-09-01,2023-10-31,5827.0,neutral
2023-11-15,neutral,neutral,3.780124153222336e-46,1.0,2.225169069310351e-17,2023-11-01,2000-09-01,2023-10-31,5827.0,neutral
2023-11-16,neutral,neutral,2.7473383943772347e-44,1.0,5.3285248903680085e-16,2023-11-01,2000-09-01,2023-10-31,5827.0,neutral
2023-11-17,neutral,neutral,1.291118458998407e-44,1.0,1.40900594483702e-15,2023-11-01,2000-09-01,2023-10-31,5827.0,neutral
2023-11-20,neutral,neutral,4.359507257116943e-45,0.9999999999999964,5.216107915098341e-15,2023-11-01,2000-09-01,2023-10-31,5827.0,neutral
2023-11-21,neutral,neutral,5.923279939509568e-46,1.0,6.3021245008975915e-16,2023-11-01,2000-09-01,2023-10-31,5827.0,neutral
2023-11-22,neutral,neutral,6.650366049599158e-46,1.0,3.804489460987477e-16,2023-11-01,2000-09-01,2023-10-31,5827.0,neutral
2023-11-24,neutral,neutral,5.586656823768926e-44,0.9999999999937295,6.271417072457157e-12,2023-11-01,2000-09-01,2023-10-31,5827.0,neutral
2023-11-27,neutral,neutral,4.558870260420728e-45,0.9999999999999041,9.494506310738457e-14,2023-11-01,2000-09-01,2023-10-31,5827.0,neutral
2023-11-28,neutral,neutral,7.354836234787172e-45,0.9999999999999538,4.7475736697302346e-14,2023-11-01,2000-09-01,2023-10-31,5827.0,neutral
2023-11-29,neutral,neutral,2.628533686207144e-45,0.9999999999998543,1.4406517992821774e-13,2023-11-01,2000-09-01,2023-10-31,5827.0,neutral
2023-11-30,neutral,neutral,5.260251974613003e-45,1.0,3.3731278839857055e-16,2023-11-01,2000-09-01,2023-10-31,5827.0,neutral
2023-12-01,neutral,risk_off,1.0,0.0,2.855750570712372e-95,2023-12-01,2000-09-01,2023-11-30,5848.0,neutral
2023-12-04,neutral,risk_off,1.0,0.0,2.534418648217755e-97,2023-12-01,2000-09-01,2023-11-30,5848.0,risk_off
2023-12-05,neutral,risk_off,1.0,0.0,2.1171189028873368e-96,2023-12-01,2000-09-01,2023-11-30,5848.0,risk_off
2023-12-06,neutral,risk_off,1.0,0.0,3.6341729460554356e-96,2023-12-01,2000-09-01,2023-11-30,5848.0,risk_off
2023-12-07,neutral,risk_off,1.0,0.0,8.131637023810546e-94,2023-12-01,2000-09-01,2023-11-30,5848.0,risk_off
2023-12-08,neutral,risk_off,1.0,0.0,4.48311288826566e-92,2023-12-01,2000-09-01,2023-11-30,5848.0,risk_off
2023-12-11,neutral,risk_off,1.0,0.0,1.4735216109533664e-90,2023-12-01,2000-09-01,2023-11-30,5848.0,risk_off
2023-12-12,neutral,risk_off,1.0,0.0,2.543269666117489e-90,2023-12-01,2000-09-01,2023-11-30,5848.0,risk_off
2023-12-13,neutral,risk_off,1.0,0.0,3.250623607619637e-92,2023-12-01,2000-09-01,2023-11-30,5848.0,risk_off
2023-12-14,neutral,risk_off,1.0,0.0,7.999387593204537e-94,2023-12-01,2000-09-01,2023-11-30,5848.0,risk_off
2023-12-15,neutral,risk_off,1.0,0.0,3.872867502572157e-92,2023-12-01,2000-09-01,2023-11-30,5848.0,risk_off
2023-12-18,neutral,risk_off,1.0,0.0,2.8264601906051277e-87,2023-12-01,2000-09-01,2023-11-30,5848.0,risk_off
2023-12-19,neutral,risk_off,1.0,0.0,2.159189783835981e-87,2023-12-01,2000-09-01,2023-11-30,5848.0,risk_off
2023-12-20,neutral,risk_off,1.0,0.0,3.486415799843339e-92,2023-12-01,2000-09-01,2023-11-30,5848.0,risk_off
2023-12-21,neutral,risk_off,1.0,0.0,6.107640411492205e-91,2023-12-01,2000-09-01,2023-11-30,5848.0,risk_off
2023-12-22,neutral,risk_off,1.0,0.0,1.539300025359105e-92,2023-12-01,2000-09-01,2023-11-30,5848.0,risk_off
2023-12-26,neutral,risk_off,1.0,0.0,1.7475899330256398e-94,2023-12-01,2000-09-01,2023-11-30,5848.0,risk_off
2023-12-27,neutral,risk_off,1.0,0.0,3.4574132267523405e-97,2023-12-01,2000-09-01,2023-11-30,5848.0,risk_off
2023-12-28,neutral,risk_off,1.0,0.0,2.6433842467246163e-97,2023-12-01,2000-09-01,2023-11-30,5848.0,risk_off
2023-12-29,neutral,risk_off,1.0,0.0,2.0788858423628185e-102,2023-12-01,2000-09-01,2023-11-30,5848.0,risk_off
2024-01-02,neutral,neutral,2.84581377144674e-59,1.0,3.7623173426480466e-77,2024-01-02,2000-09-01,2023-12-29,5868.0,risk_off
2024-01-03,neutral,neutral,7.728675986988921e-61,1.0,5.411349797168047e-76,2024-01-02,2000-09-01,2023-12-29,5868.0,neutral
2024-01-04,neutral,neutral,9.852268693905578e-61,1.0,8.070380797486694e-75,2024-01-02,2000-09-01,2023-12-29,5868.0,neutral
2024-01-05,neutral,neutral,6.945241782246813e-62,1.0,8.719179193744677e-77,2024-01-02,2000-09-01,2023-12-29,5868.0,neutral
2024-01-08,neutral,neutral,8.137348772624182e-61,1.0,5.259117739494475e-78,2024-01-02,2000-09-01,2023-12-29,5868.0,neutral
2024-01-09,neutral,neutral,7.380585191224283e-61,1.0,3.6210768871132226e-77,2024-01-02,2000-09-01,2023-12-29,5868.0,neutral
2024-01-10,neutral,neutral,6.33309962965873e-61,1.0,1.6990216419673463e-76,2024-01-02,2000-09-01,2023-12-29,5868.0,neutral
2024-01-11,neutral,neutral,4.860355592802355e-62,1.0,2.012817075511752e-80,2024-01-02,2000-09-01,2023-12-29,5868.0,neutral
2024-01-12,neutral,neutral,1.1589821909392675e-61,1.0,9.396389851690008e-77,2024-01-02,2000-09-01,2023-12-29,5868.0,neutral
2024-01-16,neutral,neutral,1.3367907984568885e-62,1.0,2.314642056989263e-79,2024-01-02,2000-09-01,2023-12-29,5868.0,neutral
2024-01-17,neutral,neutral,8.224950868639083e-63,1.0,1.0598660094567581e-82,2024-01-02,2000-09-01,2023-12-29,5868.0,neutral
2024-01-18,neutral,neutral,6.165609859229055e-63,1.0,1.722226117122416e-84,2024-01-02,2000-09-01,2023-12-29,5868.0,neutral
2024-01-19,neutral,neutral,1.4465167054541862e-63,1.0,6.46636759132573e-89,2024-01-02,2000-09-01,2023-12-29,5868.0,neutral
2024-01-22,neutral,neutral,5.726742142724559e-64,1.0,1.2893553997280617e-84,2024-01-02,2000-09-01,2023-12-29,5868.0,neutral
2024-01-23,neutral,neutral,2.295730243929638e-65,1.0,1.7886773214883968e-81,2024-01-02,2000-09-01,2023-12-29,5868.0,neutral
2024-01-24,neutral,neutral,6.952685456301951e-66,1.0,4.385740827324157e-85,2024-01-02,2000-09-01,2023-12-29,5868.0,neutral
2024-01-25,neutral,neutral,4.995723846444797e-66,1.0,4.020927847347039e-85,2024-01-02,2000-09-01,2023-12-29,5868.0,neutral
2024-01-26,neutral,neutral,4.169927150416733e-68,1.0,3.02700796727522e-84,2024-01-02,2000-09-01,2023-12-29,5868.0,neutral
2024-01-29,neutral,neutral,9.901540937686103e-69,1.0,5.407309904025917e-87,2024-01-02,2000-09-01,2023-12-29,5868.0,neutral
2024-01-30,neutral,neutral,5.096204528528948e-69,1.0,1.6344275409675563e-87,2024-01-02,2000-09-01,2023-12-29,5868.0,neutral
2024-01-31,neutral,neutral,2.4765881092661833e-71,1.0,8.75596069155868e-94,2024-01-02,2000-09-01,2023-12-29,5868.0,neutral
2024-02-01,neutral,risk_on,2.61436370437372e-24,1.6937183577498644e-213,1.0,2024-02-01,2000-09-01,2024-01-31,5889.0,neutral
2024-02-02,neutral,risk_on,3.235845256999609e-25,1.9368312957697033e-219,1.0,2024-02-01,2000-09-01,2024-01-31,5889.0,risk_on
2024-02-05,neutral,risk_on,5.86935488637771e-25,7.985648920466757e-216,1.0,2024-02-01,2000-09-01,2024-01-31,5889.0,risk_on
2024-02-06,neutral,risk_on,9.053883803392816e-25,1.215877879557966e-217,1.0,2024-02-01,2000-09-01,2024-01-31,5889.0,risk_on
2024-02-07,neutral,risk_on,6.614330265234928e-25,1.106792805789972e-218,1.0,2024-02-01,2000-09-01,2024-01-31,5889.0,risk_on
2024-02-08,neutral,risk_on,1.659646414544893e-24,1.196695152517245e-218,1.0,2024-02-01,2000-09-01,2024-01-31,5889.0,risk_on
2024-02-09,neutral,risk_on,1.0042545742898584e-24,1.6537298406169646e-223,1.0,2024-02-01,2000-09-01,2024-01-31,5889.0,risk_on
2024-02-12,neutral,risk_on,2.5208771612683325e-24,3.4812102610731634e-224,1.0,2024-02-01,2000-09-01,2024-01-31,5889.0,risk_on
2024-02-13,neutral,risk_on,2.8293581709378855e-24,9.785583947453197e-235,1.0,2024-02-01,2000-09-01,2024-01-31,5889.0,risk_on
2024-02-14,neutral,risk_on,9.769161819466605e-24,7.773835373289766e-233,1.0,2024-02-01,2000-09-01,2024-01-31,5889.0,risk_on
2024-02-15,neutral,risk_on,3.303688842176992e-23,1.6388508758965011e-229,1.0,2024-02-01,2000-09-01,2024-01-31,5889.0,risk_on
2024-02-16,neutral,risk_on,1.986877529489154e-23,7.088064305499384e-237,1.0,2024-02-01,2000-09-01,2024-01-31,5889.0,risk_on
2024-02-20,neutral,risk_on,1.8100159719533844e-23,5.0399611213259044e-239,1.0,2024-02-01,2000-09-01,2024-01-31,5889.0,risk_on
2024-02-21,neutral,risk_on,1.4481772877774937e-23,4.263905688574267e-239,1.0,2024-02-01,2000-09-01,2024-01-31,5889.0,risk_on
2024-02-22,neutral,risk_on,6.640243234624177e-23,1.689299864003344e-239,1.0,2024-02-01,2000-09-01,2024-01-31,5889.0,risk_on
2024-02-23,neutral,risk_on,1.370327421714127e-22,2.9957655471318703e-239,1.0,2024-02-01,2000-09-01,2024-01-31,5889.0,risk_on
2024-02-26,neutral,risk_on,1.6788612526805784e-22,4.3724875608688e-239,1.0,2024-02-01,2000-09-01,2024-01-31,5889.0,risk_on
2024-02-27,neutral,risk_on,5.075225596545874e-23,1.6977105044808027e-240,1.0,2024-02-01,2000-09-01,2024-01-31,5889.0,risk_on
2024-02-28,neutral,risk_on,5.517946162511213e-23,4.518084856376208e-242,1.0,2024-02-01,2000-09-01,2024-01-31,5889.0,risk_on
2024-02-29,neutral,risk_on,8.58194705106843e-24,7.062698828225012e-246,1.0,2024-02-01,2000-09-01,2024-01-31,5889.0,risk_on
2024-03-01,neutral,neutral,7.419779453921189e-294,1.0,4.487465706687368e-40,2024-03-01,2000-09-01,2024-02-29,5909.0,risk_on
2024-03-04,neutral,neutral,2.647835782533131e-290,1.0,5.522631321994518e-39,2024-03-01,2000-09-01,2024-02-29,5909.0,neutral
2024-03-05,neutral,neutral,1.2739526456081933e-287,1.0,7.970153406282947e-44,2024-03-01,2000-09-01,2024-02-29,5909.0,neutral
2024-03-06,neutral,neutral,4.5806805539753594e-285,1.0,6.612427676493222e-43,2024-03-01,2000-09-01,2024-02-29,5909.0,neutral
2024-03-07,neutral,neutral,6.885181325985222e-288,1.0,1.1520841611322135e-42,2024-03-01,2000-09-01,2024-02-29,5909.0,neutral
2024-03-08,neutral,neutral,6.062003763544062e-286,1.0,6.2233480867428095e-49,2024-03-01,2000-09-01,2024-02-29,5909.0,neutral
2024-03-11,neutral,neutral,2.483909960511478e-287,1.0,5.5633036762400676e-45,2024-03-01,2000-09-01,2024-02-29,5909.0,neutral
2024-03-12,neutral,neutral,3.7949506489155274e-289,1.0,1.415541492865247e-47,2024-03-01,2000-09-01,2024-02-29,5909.0,neutral
2024-03-13,neutral,neutral,4.6278341644654494e-287,1.0,4.898518082435702e-46,2024-03-01,2000-09-01,2024-02-29,5909.0,neutral
2024-03-14,neutral,neutral,5.016226651382693e-286,1.0,2.3513862431566916e-48,2024-03-01,2000-09-01,2024-02-29,5909.0,neutral
2024-03-15,neutral,neutral,1.8903248777224567e-287,1.0,1.2836452122917008e-52,2024-03-01,2000-09-01,2024-02-29,5909.0,neutral
2024-03-18,neutral,neutral,8.584344303366915e-287,1.0,2.7071303895724027e-49,2024-03-01,2000-09-01,2024-02-29,5909.0,neutral
2024-03-19,neutral,neutral,3.2088038798713907e-286,1.0,7.280728085529677e-49,2024-03-01,2000-09-01,2024-02-29,5909.0,neutral
2024-03-20,neutral,neutral,4.247490162291431e-292,1.0,8.221089189728065e-49,2024-03-01,2000-09-01,2024-02-29,5909.0,neutral
2024-03-21,neutral,neutral,1.0162834651512656e-293,1.0,1.721381193150129e-47,2024-03-01,2000-09-01,2024-02-29,5909.0,neutral
2024-03-22,neutral,neutral,3.4301720983427065e-297,1.0,3.496096884638039e-46,2024-03-01,2000-09-01,2024-02-29,5909.0,neutral
2024-03-25,neutral,neutral,4.917089524678503e-300,1.0,4.1583341911500786e-46,2024-03-01,2000-09-01,2024-02-29,5909.0,neutral
2024-03-26,neutral,neutral,2.3739044441783352e-299,1.0,5.732634726247409e-48,2024-03-01,2000-09-01,2024-02-29,5909.0,neutral
2024-03-27,neutral,neutral,1.5320650363365896e-301,1.0,4.953726660553459e-49,2024-03-01,2000-09-01,2024-02-29,5909.0,neutral
2024-03-28,neutral,neutral,2.5937126804056086e-298,1.0,1.0119112978307238e-48,2024-03-01,2000-09-01,2024-02-29,5909.0,neutral
2024-04-01,neutral,neutral,9.094364254852904e-21,1.0,2.506942612048039e-161,2024-04-01,2000-09-01,2024-03-28,5929.0,neutral
2024-04-02,neutral,neutral,2.3038291227649414e-21,1.0,1.4890298239195654e-162,2024-04-01,2000-09-01,2024-03-28,5929.0,neutral
2024-04-03,neutral,neutral,6.1763442829951895e-21,1.0,1.2639780725867287e-161,2024-04-01,2000-09-01,2024-03-28,5929.0,neutral
2024-04-04,neutral,neutral,1.1112310541061324e-20,1.0,1.9734041477968567e-166,2024-04-01,2000-09-01,2024-03-28,5929.0,neutral
2024-04-05,neutral,neutral,7.27258931213744e-21,1.0,6.479143393359437e-167,2024-04-01,2000-09-01,2024-03-28,5929.0,neutral
2024-04-08,neutral,neutral,2.42797083617851e-20,1.0,1.7220602146487944e-157,2024-04-01,2000-09-01,2024-03-28,5929.0,neutral
2024-04-09,neutral,neutral,3.768438581481502e-21,1.0,6.453507882651772e-161,2024-04-01,2000-09-01,2024-03-28,5929.0,neutral
2024-04-10,neutral,neutral,8.883762803533965e-21,1.0,2.5315914968589047e-167,2024-04-01,2000-09-01,2024-03-28,5929.0,neutral
2024-04-11,neutral,neutral,2.3433837317890855e-21,1.0,9.774676681504242e-164,2024-04-01,2000-09-01,2024-03-28,5929.0,neutral
2024-04-12,neutral,neutral,2.881883712572455e-21,1.0,6.0733288688801594e-170,2024-04-01,2000-09-01,2024-03-28,5929.0,neutral
2024-04-15,neutral,neutral,2.1903499400867137e-21,1.0,5.155102113163249e-177,2024-04-01,2000-09-01,2024-03-28,5929.0,neutral
2024-04-16,neutral,neutral,3.2427027830174244e-21,1.0,7.337296253272992e-171,2024-04-01,2000-09-01,2024-03-28,5929.0,neutral
2024-04-17,neutral,neutral,4.155540628084571e-21,1.0,3.1298342829892085e-172,2024-04-01,2000-09-01,2024-03-28,5929.0,neutral
2024-04-18,neutral,neutral,5.508237534012704e-21,1.0,5.632089743545523e-167,2024-04-01,2000-09-01,2024-03-28,5929.0,neutral
2024-04-19,neutral,neutral,3.524332078485997e-21,1.0,4.9867305197917733e-172,2024-04-01,2000-09-01,2024-03-28,5929.0,neutral
2024-04-22,neutral,neutral,5.663300756269689e-21,1.0,3.067964705135027e-163,2024-04-01,2000-09-01,2024-03-28,5929.0,neutral
2024-04-23,neutral,neutral,1.3694239174910343e-21,1.0,3.872101824403776e-161,2024-04-01,2000-09-01,2024-03-28,5929.0,neutral
2024-04-24,neutral,neutral,6.178616479129298e-22,1.0,2.3856677378815767e-162,2024-04-01,2000-09-01,2024-03-28,5929.0,neutral
2024-04-25,neutral,neutral,6.36179608828991e-22,1.0,1.3909365494373477e-162,2024-04-01,2000-09-01,2024-03-28,5929.0,neutral
2024-04-26,neutral,neutral,2.7562309587207844e-21,1.0,1.3633971497604969e-160,2024-04-01,2000-09-01,2024-03-28,5929.0,neutral
2024-04-29,neutral,neutral,1.4959902489011925e-20,1.0,4.726984195627566e-158,2024-04-01,2000-09-01,2024-03-28,5929.0,neutral
2024-04-30,neutral,neutral,7.554702759818305e-21,1.0,1.2538994208576791e-162,2024-04-01,2000-09-01,2024-03-28,5929.0,neutral
2024-05-01,neutral,risk_on,2.5211619645206442e-28,0.0,1.0,2024-05-01,2000-09-01,2024-04-30,5951.0,neutral
2024-05-02,neutral,risk_on,1.0259226866365615e-27,0.0,1.0,2024-05-01,2000-09-01,2024-04-30,5951.0,risk_on
2024-05-03,neutral,risk_on,4.207405008650072e-29,0.0,1.0,2024-05-01,2000-09-01,2024-04-30,5951.0,risk_on
2024-05-06,neutral,risk_on,3.0500187506571626e-27,0.0,1.0,2024-05-01,2000-09-01,2024-04-30,5951.0,risk_on
2024-05-07,neutral,risk_on,1.757273251416419e-27,0.0,1.0,2024-05-01,2000-09-01,2024-04-30,5951.0,risk_on
2024-05-08,neutral,risk_on,2.8537476014570856e-27,0.0,1.0,2024-05-01,2000-09-01,2024-04-30,5951.0,risk_on
2024-05-09,neutral,risk_on,1.676313976417936e-27,0.0,1.0,2024-05-01,2000-09-01,2024-04-30,5951.0,risk_on
2024-05-10,neutral,risk_on,1.5839081001673455e-27,0.0,1.0,2024-05-01,2000-09-01,2024-04-30,5951.0,risk_on
2024-05-13,neutral,risk_on,7.786252087162446e-27,0.0,1.0,2024-05-01,2000-09-01,2024-04-30,5951.0,risk_on
2024-05-14,neutral,risk_on,1.7737042333126697e-28,0.0,1.0,2024-05-01,2000-09-01,2024-04-30,5951.0,risk_on
2024-05-15,neutral,risk_on,1.293887565517496e-29,0.0,1.0,2024-05-01,2000-09-01,2024-04-30,5951.0,risk_on
2024-05-16,neutral,risk_on,4.96486494024729e-28,0.0,1.0,2024-05-01,2000-09-01,2024-04-30,5951.0,risk_on
2024-05-17,neutral,risk_on,1.186458356558326e-28,0.0,1.0,2024-05-01,2000-09-01,2024-04-30,5951.0,risk_on
2024-05-20,neutral,risk_on,4.757682449339366e-28,0.0,1.0,2024-05-01,2000-09-01,2024-04-30,5951.0,risk_on
2024-05-21,neutral,risk_on,3.120595022465674e-28,0.0,1.0,2024-05-01,2000-09-01,2024-04-30,5951.0,risk_on
2024-05-22,neutral,risk_on,1.183050255623446e-27,0.0,1.0,2024-05-01,2000-09-01,2024-04-30,5951.0,risk_on
2024-05-23,neutral,risk_on,2.561647698283146e-28,0.0,1.0,2024-05-01,2000-09-01,2024-04-30,5951.0,risk_on
2024-05-24,neutral,risk_on,8.293556573264239e-28,0.0,1.0,2024-05-01,2000-09-01,2024-04-30,5951.0,risk_on
2024-05-28,neutral,risk_on,2.131400638749745e-27,0.0,1.0,2024-05-01,2000-09-01,2024-04-30,5951.0,risk_on
2024-05-29,neutral,risk_on,2.6154319839587986e-27,0.0,1.0,2024-05-01,2000-09-01,2024-04-30,5951.0,risk_on
2024-05-30,neutral,risk_on,3.898782381856477e-27,0.0,1.0,2024-05-01,2000-09-01,2024-04-30,5951.0,risk_on
2024-05-31,neutral,risk_on,8.313312974159905e-30,0.0,1.0,2024-05-01,2000-09-01,2024-04-30,5951.0,risk_on
2024-06-03,neutral,risk_on,1.2325022263383565e-241,5.067151289753106e-248,1.0,2024-06-03,2000-09-01,2024-05-31,5973.0,risk_on
2024-06-04,neutral,risk_on,3.3080877182632116e-242,1.6144054137465115e-247,1.0,2024-06-03,2000-09-01,2024-05-31,5973.0,risk_on
2024-06-05,neutral,risk_on,9.135405071023064e-247,5.030949173635705e-247,1.0,2024-06-03,2000-09-01,2024-05-31,5973.0,risk_on
2024-06-06,neutral,risk_on,2.1495086826773242e-246,1.6275455795464755e-245,1.0,2024-06-03,2000-09-01,2024-05-31,5973.0,risk_on
2024-06-07,neutral,risk_on,2.668077546974085e-246,1.6854384229127895e-247,1.0,2024-06-03,2000-09-01,2024-05-31,5973.0,risk_on
2024-06-10,neutral,risk_on,1.6809322678662547e-249,8.788473200691647e-247,1.0,2024-06-03,2000-09-01,2024-05-31,5973.0,risk_on
2024-06-11,neutral,risk_on,5.9045614165560886e-251,2.023320941280758e-245,1.0,2024-06-03,2000-09-01,2024-05-31,5973.0,risk_on
2024-06-12,neutral,risk_on,2.2815356467673202e-251,1.239999488163309e-246,1.0,2024-06-03,2000-09-01,2024-05-31,5973.0,risk_on
2024-06-13,neutral,risk_on,1.8918451157306756e-255,9.802107453383492e-245,1.0,2024-06-03,2000-09-01,2024-05-31,5973.0,risk_on
2024-06-14,neutral,risk_on,5.0738830222195236e-257,1.0244908222926524e-242,1.0,2024-06-03,2000-09-01,2024-05-31,5973.0,risk_on
2024-06-17,neutral,risk_on,2.2449363579507354e-258,7.059174869054328e-244,1.0,2024-06-03,2000-09-01,2024-05-31,5973.0,risk_on
2024-06-18,neutral,risk_on,4.594063973912039e-257,2.1937662799188716e-243,1.0,2024-06-03,2000-09-01,2024-05-31,5973.0,risk_on
2024-06-20,neutral,risk_on,6.643251189948954e-257,2.7419741678866465e-245,1.0,2024-06-03,2000-09-01,2024-05-31,5973.0,risk_on
2024-06-21,neutral,risk_on,3.130674054524098e-255,2.868612150011277e-245,1.0,2024-06-03,2000-09-01,2024-05-31,5973.0,risk_on
2024-06-24,neutral,risk_on,4.153423695736616e-251,6.333685054511049e-249,1.0,2024-06-03,2000-09-01,2024-05-31,5973.0,risk_on
2024-06-25,neutral,risk_on,2.086565374997624e-256,1.4487146840330782e-246,1.0,2024-06-03,2000-09-01,2024-05-31,5973.0,risk_on
2024-06-26,neutral,risk_on,2.571728761666176e-258,4.838913668843058e-246,1.0,2024-06-03,2000-09-01,2024-05-31,5973.0,risk_on
2024-06-27,neutral,risk_on,5.617152184473335e-258,8.099512983163482e-249,1.0,2024-06-03,2000-09-01,2024-05-31,5973.0,risk_on
2024-06-28,neutral,risk_on,1.769566689535461e-259,1.3561414426842457e-250,1.0,2024-06-03,2000-09-01,2024-05-31,5973.0,risk_on
2024-07-01,neutral,neutral,2.853269355785282e-26,1.0,7.994810314076913e-155,2024-07-01,2000-09-01,2024-06-28,5992.0,risk_on
2024-07-02,neutral,neutral,1.84810969658684e-26,1.0,1.1431256709510629e-156,2024-07-01,2000-09-01,2024-06-28,5992.0,neutral
2024-07-03,neutral,neutral,3.365560614846242e-26,1.0,1.9270420047900957e-155,2024-07-01,2000-09-01,2024-06-28,5992.0,neutral
2024-07-05,neutral,neutral,1.1231575473135626e-26,1.0,4.3107635183200517e-159,2024-07-01,2000-09-01,2024-06-28,5992.0,neutral
2024-07-08,neutral,neutral,6.238041721848413e-27,1.0,1.5960220466223001e-156,2024-07-01,2000-09-01,2024-06-28,5992.0,neutral
2024-07-09,neutral,neutral,2.638620459038169e-27,1.0,1.088950144402074e-158,2024-07-01,2000-09-01,2024-06-28,5992.0,neutral
2024-07-10,neutral,neutral,3.450097824458807e-27,1.0,2.0823783959332305e-162,2024-07-01,2000-09-01,2024-06-28,5992.0,neutral
2024-07-11,neutral,neutral,3.415284013377595e-26,1.0,2.9540852893284625e-168,2024-07-01,2000-09-01,2024-06-28,5992.0,neutral
2024-07-12,neutral,neutral,4.733886137485825e-26,1.0,8.200629871568666e-164,2024-07-01,2000-09-01,2024-06-28,5992.0,neutral
2024-07-15,neutral,neutral,6.330883855543263e-26,1.0,3.582419477419217e-162,2024-07-01,2000-09-01,2024-06-28,5992.0,neutral
2024-07-16,neutral,neutral,1.4633599314878193e-25,1.0,6.624688385861162e-162,2024-07-01,2000-09-01,2024-06-28,5992.0,neutral
2024-07-17,neutral,neutral,4.406047397472593e-24,1.0,1.188746286363236e-173,2024-07-01,2000-09-01,2024-06-28,5992.0,neutral
2024-07-18,neutral,neutral,4.26487093316773e-24,1.0,6.2924123809649084e-176,2024-07-01,2000-09-01,2024-06-28,5992.0,neutral
2024-07-19,neutral,neutral,1.3425987183440137e-23,1.0,2.32113475877e-173,2024-07-01,2000-09-01,2024-06-28,5992.0,neutral
2024-07-22,neutral,neutral,5.581422126232969e-24,1.0,1.432213932418547e-174,2024-07-01,2000-09-01,2024-06-28,5992.0,neutral
2024-07-23,neutral,neutral,1.2714224679850101e-23,1.0,4.372430886035197e-167,2024-07-01,2000-09-01,2024-06-28,5992.0,neutral
2024-07-24,neutral,neutral,6.752056748795836e-23,1.0,1.0470891866021098e-181,2024-07-01,2000-09-01,2024-06-28,5992.0,neutral
2024-07-25,neutral,neutral,2.276804085355226e-22,1.0,6.208540961699443e-182,2024-07-01,2000-09-01,2024-06-28,5992.0,neutral
2024-07-26,neutral,neutral,9.986452076203539e-23,1.0,5.407386223450561e-176,2024-07-01,2000-09-01,2024-06-28,5992.0,neutral
2024-07-29,neutral,neutral,4.911146544253497e-22,1.0,2.3814369954907744e-173,2024-07-01,2000-09-01,2024-06-28,5992.0,neutral
2024-07-30,neutral,neutral,2.1254564788691174e-22,1.0,2.4715533876881435e-178,2024-07-01,2000-09-01,2024-06-28,5992.0,neutral
2024-07-31,neutral,neutral,1.5620165849033591e-22,1.0,1.202682695179553e-185,2024-07-01,2000-09-01,2024-06-28,5992.0,neutral
2024-08-01,neutral,neutral,1.439803746146325e-23,1.0,5.0809056219920766e-191,2024-08-01,2000-09-01,2024-07-31,6014.0,neutral
2024-08-02,neutral,neutral,4.315956625302049e-22,1.0,1.131889931831745e-193,2024-08-01,2000-09-01,2024-07-31,6014.0,neutral
2024-08-05,neutral,neutral,6.151553266721628e-11,0.9999999999384812,4.367463662423826e-223,2024-08-01,2000-09-01,2024-07-31,6014.0,neutral
2024-08-06,neutral,neutral,9.999057420050086e-19,1.0,3.430350653127198e-198,2024-08-01,2000-09-01,2024-07-31,6014.0,neutral
2024-08-07,neutral,neutral,1.84006163542559e-18,1.0,5.8173007274743114e-195,2024-08-01,2000-09-01,2024-07-31,6014.0,neutral
2024-08-08,neutral,neutral,4.415888868990184e-20,1.0,2.499601531652579e-193,2024-08-01,2000-09-01,2024-07-31,6014.0,neutral
2024-08-09,neutral,neutral,2.0957280836530145e-21,1.0,6.297733500658267e-187,2024-08-01,2000-09-01,2024-07-31,6014.0,neutral
2024-08-12,neutral,neutral,7.658436464535023e-21,1.0,7.866042448669056e-187,2024-08-01,2000-09-01,2024-07-31,6014.0,neutral
2024-08-13,neutral,neutral,6.711024201199404e-23,1.0,6.092120156914855e-190,2024-08-01,2000-09-01,2024-07-31,6014.0,neutral
2024-08-14,neutral,neutral,2.2270959590179726e-23,1.0,1.4467714629620244e-186,2024-08-01,2000-09-01,2024-07-31,6014.0,neutral
2024-08-15,neutral,neutral,1.0593469198514762e-23,1.0,1.686270431101246e-192,2024-08-01,2000-09-01,2024-07-31,6014.0,neutral
2024-08-16,neutral,neutral,1.0391135593882524e-23,1.0,6.630274032710757e-192,2024-08-01,2000-09-01,2024-07-31,6014.0,neutral
2024-08-19,neutral,neutral,1.237298874216464e-22,1.0,1.754025452756954e-188,2024-08-01,2000-09-01,2024-07-31,6014.0,neutral
2024-08-20,neutral,neutral,1.2987607531032756e-22,1.0,2.015521755459649e-189,2024-08-01,2000-09-01,2024-07-31,6014.0,neutral
2024-08-21,neutral,neutral,1.9153942676813775e-22,1.0,8.799675302614932e-188,2024-08-01,2000-09-01,2024-07-31,6014.0,neutral
2024-08-22,neutral,neutral,9.504690242934801e-23,1.0,1.598057666463594e-189,2024-08-01,2000-09-01,2024-07-31,6014.0,neutral
2024-08-23,neutral,neutral,1.0748021875649378e-23,1.0,3.4066282441441194e-188,2024-08-01,2000-09-01,2024-07-31,6014.0,neutral
2024-08-26,neutral,neutral,3.116035814888333e-23,1.0,1.87350919434236e-186,2024-08-01,2000-09-01,2024-07-31,6014.0,neutral
2024-08-27,neutral,neutral,3.285157810966703e-24,1.0,7.034877711856939e-182,2024-08-01,2000-09-01,2024-07-31,6014.0,neutral
2024-08-28,neutral,neutral,3.970730259669719e-24,1.0,1.2636131315472252e-185,2024-08-01,2000-09-01,2024-07-31,6014.0,neutral
2024-08-29,neutral,neutral,1.0044563855372741e-25,1.0,1.567917561401027e-183,2024-08-01,2000-09-01,2024-07-31,6014.0,neutral
2024-08-30,neutral,neutral,1.0845895419240344e-26,1.0,1.3352147006081238e-181,2024-08-01,2000-09-01,2024-07-31,6014.0,neutral
2024-09-03,neutral,risk_on,2.3354419403828155e-56,0.0,1.0,2024-09-03,2000-09-01,2024-08-30,6036.0,neutral
2024-09-04,neutral,risk_on,3.1371623770717448e-56,0.0,1.0,2024-09-03,2000-09-01,2024-08-30,6036.0,risk_on
2024-09-05,neutral,risk_on,1.795268546291661e-57,0.0,1.0,2024-09-03,2000-09-01,2024-08-30,6036.0,risk_on
2024-09-06,neutral,risk_on,2.9892483002176752e-55,0.0,1.0,2024-09-03,2000-09-01,2024-08-30,6036.0,risk_on
2024-09-09,neutral,risk_on,3.9526927314279794e-58,0.0,1.0,2024-09-03,2000-09-01,2024-08-30,6036.0,risk_on
2024-09-10,neutral,risk_on,1.1437738191703646e-58,0.0,1.0,2024-09-03,2000-09-01,2024-08-30,6036.0,risk_on
2024-09-11,neutral,risk_on,1.3297756277828782e-60,0.0,1.0,2024-09-03,2000-09-01,2024-08-30,6036.0,risk_on
2024-09-12,neutral,risk_on,6.306889062747517e-62,0.0,1.0,2024-09-03,2000-09-01,2024-08-30,6036.0,risk_on
2024-09-13,neutral,risk_on,9.074193720687068e-63,0.0,1.0,2024-09-03,2000-09-01,2024-08-30,6036.0,risk_on
2024-09-16,neutral,risk_on,2.292708828606599e-62,0.0,1.0,2024-09-03,2000-09-01,2024-08-30,6036.0,risk_on
2024-09-17,neutral,risk_on,5.110733046164831e-63,0.0,1.0,2024-09-03,2000-09-01,2024-08-30,6036.0,risk_on
2024-09-18,neutral,risk_on,6.835991027493482e-64,0.0,1.0,2024-09-03,2000-09-01,2024-08-30,6036.0,risk_on
2024-09-19,neutral,risk_on,1.0589459004894934e-66,0.0,1.0,2024-09-03,2000-09-01,2024-08-30,6036.0,risk_on
2024-09-20,neutral,risk_on,1.6756588983344305e-68,0.0,1.0,2024-09-03,2000-09-01,2024-08-30,6036.0,risk_on
2024-09-23,neutral,risk_on,5.313141786162132e-68,0.0,1.0,2024-09-03,2000-09-01,2024-08-30,6036.0,risk_on
2024-09-24,neutral,risk_on,3.9871607410842166e-69,0.0,1.0,2024-09-03,2000-09-01,2024-08-30,6036.0,risk_on
2024-09-25,neutral,risk_on,4.883976356332283e-68,0.0,1.0,2024-09-03,2000-09-01,2024-08-30,6036.0,risk_on
2024-09-26,neutral,risk_on,3.68163111294533e-67,0.0,1.0,2024-09-03,2000-09-01,2024-08-30,6036.0,risk_on
2024-09-27,neutral,risk_on,2.54938997574875e-66,0.0,1.0,2024-09-03,2000-09-01,2024-08-30,6036.0,risk_on
2024-09-30,neutral,risk_on,2.8995560390047233e-66,0.0,1.0,2024-09-03,2000-09-01,2024-08-30,6036.0,risk_on
2024-10-01,neutral,neutral,2.808521626247905e-54,1.0,1.6702441116076982e-39,2024-10-01,2000-09-01,2024-09-30,6056.0,risk_on
2024-10-02,neutral,neutral,1.215143726614659e-53,1.0,1.005936207688427e-36,2024-10-01,2000-09-01,2024-09-30,6056.0,neutral
2024-10-03,neutral,neutral,6.954880364128465e-55,1.0,1.1150299762219871e-36,2024-10-01,2000-09-01,2024-09-30,6056.0,neutral
2024-10-04,neutral,neutral,1.077262670777722e-56,1.0,2.0919727597850667e-39,2024-10-01,2000-09-01,2024-09-30,6056.0,neutral
2024-10-07,neutral,neutral,1.2886258635295458e-56,1.0,1.7370894888944441e-38,2024-10-01,2000-09-01,2024-09-30,6056.0,neutral
2024-10-08,neutral,neutral,6.907396431746952e-60,1.0,5.986842923429032e-40,2024-10-01,2000-09-01,2024-09-30,6056.0,neutral
2024-10-09,neutral,neutral,1.882087914731953e-61,1.0,6.272303747765428e-41,2024-10-01,2000-09-01,2024-09-30,6056.0,neutral
2024-10-10,neutral,neutral,1.5646661224472785e-63,1.0,1.64065768116071e-42,2024-10-01,2000-09-01,2024-09-30,6056.0,neutral
2024-10-11,neutral,neutral,1.5432292802720882e-64,1.0,1.0660221984923429e-42,2024-10-01,2000-09-01,2024-09-30,6056.0,neutral
2024-10-14,neutral,neutral,3.565472068136995e-67,1.0,2.1640435492848994e-45,2024-10-01,2000-09-01,2024-09-30,6056.0,neutral
2024-10-15,neutral,neutral,4.443754483336053e-66,1.0,1.2096091703610655e-46,2024-10-01,2000-09-01,2024-09-30,6056.0,neutral
2024-10-16,neutral,neutral,2.983020580801981e-67,1.0,2.6720457495510693e-45,2024-10-01,2000-09-01,2024-09-30,6056.0,neutral
2024-10-17,neutral,neutral,1.6125446626700201e-68,1.0,1.0184827129137855e-46,2024-10-01,2000-09-01,2024-09-30,6056.0,neutral
2024-10-18,neutral,neutral,5.1720186372872864e-70,1.0,1.5848264333123556e-48,2024-10-01,2000-09-01,2024-09-30,6056.0,neutral
2024-10-21,neutral,neutral,1.1549365426495458e-70,1.0,2.2912891001553044e-49,2024-10-01,2000-09-01,2024-09-30,6056.0,neutral
2024-10-22,neutral,neutral,9.881759048027332e-71,1.0,2.6790128118759804e-48,2024-10-01,2000-09-01,2024-09-30,6056.0,neutral
2024-10-23,neutral,neutral,9.547603166857363e-71,1.0,3.193454993572426e-51,2024-10-01,2000-09-01,2024-09-30,6056.0,neutral
2024-10-24,neutral,neutral,2.013919021133044e-70,1.0,1.2415823680211633e-48,2024-10-01,2000-09-01,2024-09-30,6056.0,neutral
2024-10-25,neutral,neutral,3.9151377788559287e-72,1.0,1.8039418512132768e-51,2024-10-01,2000-09-01,2024-09-30,6056.0,neutral
2024-10-28,neutral,neutral,9.487956078164983e-70,1.0,4.54763382429034e-49,2024-10-01,2000-09-01,2024-09-30,6056.0,neutral
2024-10-29,neutral,neutral,2.098448913660125e-72,1.0,6.004505388791099e-51,2024-10-01,2000-09-01,2024-09-30,6056.0,neutral
2024-10-30,neutral,neutral,7.112703512552248e-70,1.0,1.008597862765243e-49,2024-10-01,2000-09-01,2024-09-30,6056.0,neutral
2024-10-31,neutral,neutral,1.7410066811582108e-68,1.0,7.299522427708814e-50,2024-10-01,2000-09-01,2024-09-30,6056.0,neutral
2024-11-01,neutral,neutral,8.225688260102665e-72,1.0,2.0734400867351578e-44,2024-11-01,2000-09-01,2024-10-31,6079.0,neutral
2024-11-04,neutral,neutral,4.868907197999222e-74,1.0,2.7415930721805714e-42,2024-11-01,2000-09-01,2024-10-31,6079.0,neutral
2024-11-05,neutral,neutral,1.890278588003065e-75,1.0,9.510235949622742e-42,2024-11-01,2000-09-01,2024-10-31,6079.0,neutral
2024-11-06,neutral,neutral,3.556433388131028e-78,1.0,4.488012656968215e-46,2024-11-01,2000-09-01,2024-10-31,6079.0,neutral
2024-11-07,neutral,neutral,2.1494623856170915e-79,1.0,5.618263411922517e-44,2024-11-01,2000-09-01,2024-10-31,6079.0,neutral
2024-11-08,neutral,neutral,4.328626909840004e-77,1.0,3.985913906020191e-43,2024-11-01,2000-09-01,2024-10-31,6079.0,neutral
2024-11-11,neutral,neutral,1.0761667478640744e-76,1.0,1.58176749400351e-42,2024-11-01,2000-09-01,2024-10-31,6079.0,neutral
2024-11-12,neutral,neutral,1.351735999659854e-75,1.0,1.3779585559024732e-42,2024-11-01,2000-09-01,2024-10-31,6079.0,neutral
2024-11-13,neutral,neutral,1.5715530587811122e-78,1.0,2.691537449837756e-42,2024-11-01,2000-09-01,2024-10-31,6079.0,neutral
2024-11-14,neutral,neutral,8.423651559001398e-79,1.0,3.469500915795923e-42,2024-11-01,2000-09-01,2024-10-31,6079.0,neutral
2024-11-15,neutral,neutral,5.11598595770026e-77,1.0,2.1993255543449048e-45,2024-11-01,2000-09-01,2024-10-31,6079.0,neutral
2024-11-18,neutral,neutral,1.7457085870548442e-78,1.0,1.2904180801448911e-42,2024-11-01,2000-09-01,2024-10-31,6079.0,neutral
2024-11-19,neutral,neutral,2.0054357073921812e-77,1.0,8.118462750788325e-42,2024-11-01,2000-09-01,2024-10-31,6079.0,neutral
2024-11-20,neutral,neutral,7.851758781682413e-77,1.0,2.824552126752662e-42,2024-11-01,2000-09-01,2024-10-31,6079.0,neutral
2024-11-21,neutral,neutral,1.4472633605842036e-76,1.0,3.622515932206494e-43,2024-11-01,2000-09-01,2024-10-31,6079.0,neutral
2024-11-22,neutral,neutral,2.2489791208001666e-77,1.0,1.6368170832136504e-42,2024-11-01,2000-09-01,2024-10-31,6079.0,neutral
2024-11-25,neutral,neutral,1.2893869321002576e-78,1.0,4.330929288224657e-43,2024-11-01,2000-09-01,2024-10-31,6079.0,neutral
2024-11-26,neutral,neutral,4.3772571425730725e-80,1.0,2.5954384156157593e-43,2024-11-01,2000-09-01,2024-10-31,6079.0,neutral
2024-11-27,neutral,neutral,2.9692995166485503e-81,1.0,1.5719317830347347e-43,2024-11-01,2000-09-01,2024-10-31,6079.0,neutral
2024-11-29,neutral,neutral,1.5475527220543985e-82,1.0,6.108574785489414e-42,2024-11-01,2000-09-01,2024-10-31,6079.0,neutral
2024-12-02,neutral,neutral,4.1202567493129645e-93,1.0,1.1842514348396088e-43,2024-12-02,2000-09-01,2024-11-29,6099.0,neutral
2024-12-03,neutral,neutral,1.763965476951894e-93,1.0,1.6374602197410802e-42,2024-12-02,2000-09-01,2024-11-29,6099.0,neutral
2024-12-04,neutral,neutral,1.0134032265659242e-92,1.0,8.638439217135854e-44,2024-12-02,2000-09-01,2024-11-29,6099.0,neutral
2024-12-05,neutral,neutral,3.147052475835616e-94,1.0,5.881342853470046e-42,2024-12-02,2000-09-01,2024-11-29,6099.0,neutral
2024-12-06,neutral,neutral,4.0967012313417705e-96,1.0,3.0232206390891434e-42,2024-12-02,2000-09-01,2024-11-29,6099.0,neutral
2024-12-09,neutral,neutral,1.2933808763213944e-95,1.0,1.684298582454767e-40,2024-12-02,2000-09-01,2024-11-29,6099.0,neutral
2024-12-10,neutral,neutral,2.8976995610929484e-96,1.0,1.1606283253323513e-40,2024-12-02,2000-09-01,2024-11-29,6099.0,neutral
2024-12-11,neutral,neutral,1.2939302710354384e-97,1.0,1.4504996615225684e-41,2024-12-02,2000-09-01,2024-11-29,6099.0,neutral
2024-12-12,neutral,neutral,4.823353423261266e-96,1.0,1.0953786285722074e-40,2024-12-02,2000-09-01,2024-11-29,6099.0,neutral
2024-12-13,neutral,neutral,1.9886286376256185e-94,1.0,1.3467326083405893e-41,2024-12-02,2000-09-01,2024-11-29,6099.0,neutral
2024-12-16,neutral,neutral,4.0117737773223436e-94,1.0,5.041696915155982e-42,2024-12-02,2000-09-01,2024-11-29,6099.0,neutral
2024-12-17,neutral,neutral,5.453808466751097e-94,1.0,3.3115217292058613e-40,2024-12-02,2000-09-01,2024-11-29,6099.0,neutral
2024-12-18,neutral,neutral,1.6454593313361783e-79,1.0,6.903400072651228e-37,2024-12-02,2000-09-01,2024-11-29,6099.0,neutral
2024-12-19,neutral,neutral,8.786749205982756e-85,1.0,1.3881292380224897e-38,2024-12-02,2000-09-01,2024-11-29,6099.0,neutral
2024-12-20,neutral,neutral,3.8692438623866734e-92,1.0,2.7297701833383884e-44,2024-12-02,2000-09-01,2024-11-29,6099.0,neutral
2024-12-23,neutral,neutral,5.2210427804997745e-92,1.0,1.6535231672017645e-41,2024-12-02,2000-09-01,2024-11-29,6099.0,neutral
2024-12-24,neutral,neutral,1.698595927410368e-95,1.0,2.808712325097815e-41,2024-12-02,2000-09-01,2024-11-29,6099.0,neutral
2024-12-26,neutral,neutral,9.01371537110458e-96,1.0,6.023530507496575e-41,2024-12-02,2000-09-01,2024-11-29,6099.0,neutral
2024-12-27,neutral,neutral,7.745958496452951e-95,1.0,1.1891757481795562e-42,2024-12-02,2000-09-01,2024-11-29,6099.0,neutral
2024-12-30,neutral,neutral,2.456230450488816e-94,1.0,2.0155954976752144e-41,2024-12-02,2000-09-01,2024-11-29,6099.0,neutral
2024-12-31,neutral,neutral,1.1623812965901708e-92,1.0,2.3419764442727154e-40,2024-12-02,2000-09-01,2024-11-29,6099.0,neutral
2025-01-02,neutral,neutral,7.319349722008101e-91,1.0,6.437207390035599e-44,2025-01-02,2000-09-01,2024-12-31,6120.0,neutral
2025-01-03,neutral,neutral,7.809381045468545e-94,1.0,3.347921115204311e-45,2025-01-02,2000-09-01,2024-12-31,6120.0,neutral
2025-01-06,neutral,neutral,4.064969379633436e-95,1.0,6.190820375192053e-46,2025-01-02,2000-09-01,2024-12-31,6120.0,neutral
2025-01-07,neutral,neutral,3.480674988043985e-92,1.0,1.4522702384327074e-44,2025-01-02,2000-09-01,2024-12-31,6120.0,neutral
2025-01-08,neutral,neutral,2.991370890081276e-93,1.0,9.397113971275739e-44,2025-01-02,2000-09-01,2024-12-31,6120.0,neutral
2025-01-10,neutral,neutral,5.907803525312718e-88,1.0,8.814506686347333e-42,2025-01-02,2000-09-01,2024-12-31,6120.0,neutral
2025-01-13,neutral,neutral,2.2224667788378642e-85,1.0,3.40755074444415e-39,2025-01-02,2000-09-01,2024-12-31,6120.0,neutral
2025-01-14,neutral,neutral,4.479617214239412e-91,1.0,1.2910280393890011e-42,2025-01-02,2000-09-01,2024-12-31,6120.0,neutral
2025-01-15,neutral,neutral,6.569797195458393e-95,1.0,3.445178172167449e-45,2025-01-02,2000-09-01,2024-12-31,6120.0,neutral
2025-01-16,neutral,neutral,2.848192905307271e-98,1.0,3.3762587832501325e-45,2025-01-02,2000-09-01,2024-12-31,6120.0,neutral
2025-01-17,neutral,neutral,2.0206610150311284e-99,1.0,1.2353668906939461e-49,2025-01-02,2000-09-01,2024-12-31,6120.0,neutral
2025-01-21,neutral,neutral,2.074602067263695e-100,1.0,3.4039709091439583e-46,2025-01-02,2000-09-01,2024-12-31,6120.0,neutral
2025-01-22,neutral,neutral,3.479104001749059e-103,1.0,4.177991677527357e-47,2025-01-02,2000-09-01,2024-12-31,6120.0,neutral
2025-01-23,neutral,neutral,6.016787438267101e-104,1.0,1.3211094312223347e-45,2025-01-02,2000-09-01,2024-12-31,6120.0,neutral
2025-01-24,neutral,neutral,2.7478717729904092e-104,1.0,1.8142944718503804e-45,2025-01-02,2000-09-01,2024-12-31,6120.0,neutral
2025-01-27,neutral,neutral,9.222578393476402e-104,1.0,3.237645897995124e-50,2025-01-02,2000-09-01,2024-12-31,6120.0,neutral
2025-01-28,neutral,neutral,3.6360120327614264e-105,1.0,2.0486824913540687e-47,2025-01-02,2000-09-01,2024-12-31,6120.0,neutral
2025-01-29,neutral,neutral,1.535189228839005e-104,1.0,2.5293098519642037e-46,2025-01-02,2000-09-01,2024-12-31,6120.0,neutral
2025-01-30,neutral,neutral,4.56307313954694e-108,1.0,1.1476866289286302e-46,2025-01-02,2000-09-01,2024-12-31,6120.0,neutral
2025-01-31,neutral,neutral,7.73039338235354e-108,1.0,5.429479115308902e-48,2025-01-02,2000-09-01,2024-12-31,6120.0,neutral
2025-02-03,neutral,neutral,1.423780029030295e-51,1.0,1.7084627858492724e-249,2025-02-03,2000-09-01,2025-01-31,6140.0,neutral
2025-02-04,neutral,neutral,2.5768225650513524e-50,1.0,9.270520886663785e-243,2025-02-03,2000-09-01,2025-01-31,6140.0,neutral
2025-02-05,neutral,neutral,5.147983628763618e-50,1.0,3.3309648463624547e-236,2025-02-03,2000-09-01,2025-01-31,6140.0,neutral
2025-02-06,neutral,neutral,7.093893456384751e-50,1.0,1.5547662904893327e-235,2025-02-03,2000-09-01,2025-01-31,6140.0,neutral
2025-02-07,neutral,neutral,7.381080644400078e-51,1.0,1.515345535827807e-240,2025-02-03,2000-09-01,2025-01-31,6140.0,neutral
2025-02-10,neutral,neutral,2.3940445291227124e-48,1.0,3.8403214381729087e-236,2025-02-03,2000-09-01,2025-01-31,6140.0,neutral
2025-02-11,neutral,neutral,9.979529811890548e-50,1.0,1.5446043979911188e-234,2025-02-03,2000-09-01,2025-01-31,6140.0,neutral
2025-02-12,neutral,neutral,5.377582694062829e-51,1.0,2.2561277820991211e-234,2025-02-03,2000-09-01,2025-01-31,6140.0,neutral
2025-02-13,neutral,neutral,1.3380673885368806e-48,1.0,1.0556753521486e-236,2025-02-03,2000-09-01,2025-01-31,6140.0,neutral
2025-02-14,neutral,neutral,3.6134687030727664e-48,1.0,1.1119141450818789e-228,2025-02-03,2000-09-01,2025-01-31,6140.0,neutral
2025-02-18,neutral,neutral,3.8540244734906e-48,1.0,1.0534419210495116e-231,2025-02-03,2000-09-01,2025-01-31,6140.0,neutral
2025-02-19,neutral,neutral,5.934365024523476e-48,1.0,4.3419129065599495e-231,2025-02-03,2000-09-01,2025-01-31,6140.0,neutral
2025-02-20,neutral,neutral,5.79188237843274e-47,1.0,7.714943628510295e-236,2025-02-03,2000-09-01,2025-01-31,6140.0,neutral
2025-02-21,neutral,neutral,1.8430384694396744e-48,1.0,1.0530890475678626e-243,2025-02-03,2000-09-01,2025-01-31,6140.0,neutral
2025-02-24,neutral,neutral,1.3718323619439014e-48,1.0,2.7400179539521772e-241,2025-02-03,2000-09-01,2025-01-31,6140.0,neutral
2025-02-25,neutral,neutral,2.3055373860178817e-48,1.0,7.707753054334108e-243,2025-02-03,2000-09-01,2025-01-31,6140.0,neutral
2025-02-26,neutral,neutral,7.879981366027933e-48,1.0,1.972996084197031e-235,2025-02-03,2000-09-01,2025-01-31,6140.0,neutral
2025-02-27,neutral,neutral,1.3208919010557675e-48,1.0,5.858436659753848e-244,2025-02-03,2000-09-01,2025-01-31,6140.0,neutral
2025-02-28,neutral,neutral,3.275759981468347e-50,1.0,3.4449657477466593e-243,2025-02-03,2000-09-01,2025-01-31,6140.0,neutral
2025-03-03,neutral,neutral,7.511024784075478e-104,1.0,1.2258048945869788e-65,2025-03-03,2000-09-01,2025-02-28,6159.0,neutral
2025-03-04,neutral,neutral,3.631885178911185e-102,1.0,2.2136778802019084e-68,2025-03-03,2000-09-01,2025-02-28,6159.0,neutral
2025-03-05,neutral,neutral,4.1459122537457703e-100,1.0,1.1034618057660218e-66,2025-03-03,2000-09-01,2025-02-28,6159.0,neutral
2025-03-06,neutral,neutral,3.8916606032853694e-95,1.0,6.9707861779362945e-65,2025-03-03,2000-09-01,2025-02-28,6159.0,neutral
2025-03-07,neutral,neutral,1.056327940434794e-97,1.0,4.041393336474223e-67,2025-03-03,2000-09-01,2025-02-28,6159.0,neutral
2025-03-10,neutral,neutral,1.1095361950583832e-88,1.0,1.4918341949758725e-66,2025-03-03,2000-09-01,2025-02-28,6159.0,neutral
2025-03-11,neutral,neutral,1.3924334401616224e-87,1.0,3.2950623111998143e-66,2025-03-03,2000-09-01,2025-02-28,6159.0,neutral
2025-03-12,neutral,neutral,1.304721257293136e-88,1.0,4.6757080790770495e-66,2025-03-03,2000-09-01,2025-02-28,6159.0,neutral
2025-03-13,neutral,neutral,8.72128953963398e-84,1.0,1.2345918355059486e-64,2025-03-03,2000-09-01,2025-02-28,6159.0,neutral
2025-03-14,neutral,neutral,5.158507749064544e-90,1.0,1.281634558318337e-71,2025-03-03,2000-09-01,2025-02-28,6159.0,neutral
2025-03-17,neutral,neutral,7.659848429972253e-91,1.0,7.611839404241818e-76,2025-03-03,2000-09-01,2025-02-28,6159.0,neutral
2025-03-18,neutral,neutral,2.4160296199475877e-88,1.0,1.7378119559904657e-78,2025-03-03,2000-09-01,2025-02-28,6159.0,neutral
2025-03-19,neutral,neutral,6.022450817005086e-90,1.0,1.910172049568289e-83,2025-03-03,2000-09-01,2025-02-28,6159.0,neutral
2025-03-20,neutral,neutral,5.461590647459487e-91,1.0,4.804002874159088e-87,2025-03-03,2000-09-01,2025-02-28,6159.0,neutral
2025-03-21,neutral,neutral,7.660916275160781e-91,1.0,1.9780609310827443e-91,2025-03-03,2000-09-01,2025-02-28,6159.0,neutral
2025-03-24,neutral,neutral,5.445629994848277e-97,1.0,3.300329564324861e-97,2025-03-03,2000-09-01,2025-02-28,6159.0,neutral
2025-03-25,neutral,neutral,6.361435025537808e-98,1.0,6.254655342521347e-98,2025-03-03,2000-09-01,2025-02-28,6159.0,neutral
2025-03-26,neutral,neutral,1.778793936500429e-95,1.0,9.816660262687853e-100,2025-03-03,2000-09-01,2025-02-28,6159.0,neutral
2025-03-27,neutral,neutral,3.554311717322489e-94,1.0,1.23559315671571e-100,2025-03-03,2000-09-01,2025-02-28,6159.0,neutral
2025-03-28,neutral,neutral,4.319910726131149e-89,1.0,2.5807656960193723e-100,2025-03-03,2000-09-01,2025-02-28,6159.0,neutral
2025-03-31,neutral,neutral,2.621020135976097e-88,1.0,4.782902690445669e-103,2025-03-03,2000-09-01,2025-02-28,6159.0,neutral
2025-04-01,neutral,neutral,1.399659856265453e-78,1.0,4.004439521719296e-84,2025-04-01,2000-09-01,2025-03-31,6180.0,neutral
2025-04-02,neutral,neutral,8.865566704069238e-78,1.0,1.4846559952125565e-90,2025-04-01,2000-09-01,2025-03-31,6180.0,neutral
2025-04-03,neutral,neutral,8.641779518842012e-68,1.0,2.8082114772531925e-91,2025-04-01,2000-09-01,2025-03-31,6180.0,neutral
2025-04-04,neutral,neutral,4.795140699604007e-39,1.0,4.535599446669034e-86,2025-04-01,2000-09-01,2025-03-31,6180.0,neutral
2025-04-07,neutral,neutral,2.186519130482048e-28,1.0,1.6202888279705944e-95,2025-04-01,2000-09-01,2025-03-31,6180.0,neutral
2025-04-08,neutral,neutral,4.5402309738148215e-27,1.0,1.5420977654620967e-99,2025-04-01,2000-09-01,2025-03-31,6180.0,neutral
2025-04-09,neutral,neutral,1.4256970077324877e-44,1.0,9.187802402168045e-130,2025-04-01,2000-09-01,2025-03-31,6180.0,neutral
2025-04-10,neutral,neutral,8.729752464107808e-37,1.0,4.4345580913684884e-129,2025-04-01,2000-09-01,2025-03-31,6180.0,neutral
2025-04-11,neutral,neutral,1.1598003411697915e-43,1.0,1.5912005780181015e-136,2025-04-01,2000-09-01,2025-03-31,6180.0,neutral
2025-04-14,neutral,neutral,8.572216846462287e-51,1.0,4.5396844881480414e-150,2025-04-01,2000-09-01,2025-03-31,6180.0,neutral
2025-04-15,neutral,neutral,2.7280248684376664e-51,1.0,1.1410447224375632e-156,2025-04-01,2000-09-01,2025-03-31,6180.0,neutral
2025-04-16,neutral,neutral,7.378423051608918e-51,1.0,1.5477562805419822e-164,2025-04-01,2000-09-01,2025-03-31,6180.0,neutral
2025-04-17,neutral,neutral,2.6527564140207065e-55,1.0,5.795122784674903e-177,2025-04-01,2000-09-01,2025-03-31,6180.0,neutral
2025-04-21,neutral,neutral,3.419036965551289e-46,1.0,1.4846198378182174e-182,2025-04-01,2000-09-01,2025-03-31,6180.0,neutral
2025-04-22,neutral,neutral,4.386390239530333e-53,1.0,8.640277358654568e-202,2025-04-01,2000-09-01,2025-03-31,6180.0,neutral
2025-04-23,neutral,neutral,8.589318022279653e-54,1.0,8.365362164732794e-222,2025-04-01,2000-09-01,2025-03-31,6180.0,neutral
2025-04-24,neutral,neutral,2.6301732440795444e-56,1.0,1.7676502241019975e-235,2025-04-01,2000-09-01,2025-03-31,6180.0,neutral
2025-04-25,neutral,neutral,1.1733511527442985e-58,1.0,1.1321193957836169e-244,2025-04-01,2000-09-01,2025-03-31,6180.0,neutral
2025-04-28,neutral,neutral,3.529744762901391e-58,1.0,3.3113585513203307e-249,2025-04-01,2000-09-01,2025-03-31,6180.0,neutral
2025-04-29,neutral,neutral,2.269750665725011e-58,1.0,1.2916554328946965e-260,2025-04-01,2000-09-01,2025-03-31,6180.0,neutral
2025-04-30,neutral,neutral,3.23431108688052e-54,1.0,7.769536764084439e-267,2025-04-01,2000-09-01,2025-03-31,6180.0,neutral
2025-05-01,neutral,neutral,5.054907271006348e-73,1.0,1.0925038694152646e-299,2025-05-01,2000-09-01,2025-04-30,6201.0,neutral
2025-05-02,neutral,neutral,1.205727846433687e-72,1.0,2.79361639844e-313,2025-05-01,2000-09-01,2025-04-30,6201.0,neutral
2025-05-05,neutral,neutral,5.998553703597481e-74,1.0,2.47734799613e-312,2025-05-01,2000-09-01,2025-04-30,6201.0,neutral
2025-05-06,neutral,neutral,5.0657634451185145e-78,1.0,2.60766789943502e-309,2025-05-01,2000-09-01,2025-04-30,6201.0,neutral
2025-05-07,neutral,neutral,5.140447293314987e-78,1.0,3.42204866e-316,2025-05-01,2000-09-01,2025-04-30,6201.0,neutral
2025-05-08,neutral,neutral,7.165507125794661e-79,1.0,0.0,2025-05-01,2000-09-01,2025-04-30,6201.0,neutral
2025-05-09,neutral,neutral,8.384007901687469e-83,1.0,7.345592322583768e-308,2025-05-01,2000-09-01,2025-04-30,6201.0,neutral
2025-05-12,neutral,neutral,2.473492116170237e-84,1.0,0.0,2025-05-01,2000-09-01,2025-04-30,6201.0,neutral
2025-05-13,neutral,neutral,1.2416815646875742e-84,1.0,0.0,2025-05-01,2000-09-01,2025-04-30,6201.0,neutral
2025-05-14,neutral,neutral,8.827223199601156e-86,1.0,0.0,2025-05-01,2000-09-01,2025-04-30,6201.0,neutral
2025-05-15,neutral,neutral,8.380752093323705e-85,1.0,0.0,2025-05-01,2000-09-01,2025-04-30,6201.0,neutral
2025-05-16,neutral,neutral,1.0106262528507859e-84,1.0,0.0,2025-05-01,2000-09-01,2025-04-30,6201.0,neutral
2025-05-19,neutral,neutral,5.743985132345168e-85,1.0,0.0,2025-05-01,2000-09-01,2025-04-30,6201.0,neutral
2025-05-20,neutral,neutral,2.0481080392320575e-85,1.0,0.0,2025-05-01,2000-09-01,2025-04-30,6201.0,neutral
2025-05-21,neutral,neutral,7.402910186586965e-84,1.0,0.0,2025-05-01,2000-09-01,2025-04-30,6201.0,neutral
2025-05-22,neutral,neutral,6.026437436979911e-85,1.0,0.0,2025-05-01,2000-09-01,2025-04-30,6201.0,neutral
2025-05-23,neutral,neutral,2.8093624362702855e-84,1.0,0.0,2025-05-01,2000-09-01,2025-04-30,6201.0,neutral
2025-05-27,neutral,neutral,6.922318149726961e-86,1.0,0.0,2025-05-01,2000-09-01,2025-04-30,6201.0,neutral
2025-05-28,neutral,neutral,1.0755500409952431e-85,1.0,0.0,2025-05-01,2000-09-01,2025-04-30,6201.0,neutral
2025-05-29,neutral,neutral,1.166465300868983e-85,1.0,0.0,2025-05-01,2000-09-01,2025-04-30,6201.0,neutral
2025-05-30,neutral,neutral,1.1124621073160723e-82,1.0,0.0,2025-05-01,2000-09-01,2025-04-30,6201.0,neutral
2025-06-02,neutral,neutral,0.0,1.0,0.0,2025-06-02,2000-09-01,2025-05-30,6222.0,neutral
2025-06-03,neutral,neutral,0.0,1.0,0.0,2025-06-02,2000-09-01,2025-05-30,6222.0,neutral
2025-06-04,neutral,neutral,0.0,1.0,0.0,2025-06-02,2000-09-01,2025-05-30,6222.0,neutral
2025-06-05,neutral,neutral,0.0,1.0,0.0,2025-06-02,2000-09-01,2025-05-30,6222.0,neutral
2025-06-06,neutral,neutral,0.0,1.0,0.0,2025-06-02,2000-09-01,2025-05-30,6222.0,neutral
2025-06-09,neutral,neutral,0.0,1.0,0.0,2025-06-02,2000-09-01,2025-05-30,6222.0,neutral
2025-06-10,neutral,neutral,0.0,1.0,0.0,2025-06-02,2000-09-01,2025-05-30,6222.0,neutral
2025-06-11,neutral,neutral,0.0,1.0,0.0,2025-06-02,2000-09-01,2025-05-30,6222.0,neutral
2025-06-12,neutral,neutral,0.0,1.0,7.307e-321,2025-06-02,2000-09-01,2025-05-30,6222.0,neutral
2025-06-13,neutral,neutral,0.0,1.0,7.2e-322,2025-06-02,2000-09-01,2025-05-30,6222.0,neutral
2025-06-16,neutral,neutral,0.0,1.0,7.9337e-320,2025-06-02,2000-09-01,2025-05-30,6222.0,neutral
2025-06-17,neutral,neutral,0.0,1.0,5.0123707047754e-311,2025-06-02,2000-09-01,2025-05-30,6222.0,neutral
2025-06-18,neutral,neutral,0.0,1.0,1.5259639152587107e-307,2025-06-02,2000-09-01,2025-05-30,6222.0,neutral
2025-06-20,neutral,neutral,0.0,1.0,1.4986196073833496e-304,2025-06-02,2000-09-01,2025-05-30,6222.0,neutral
2025-06-23,neutral,neutral,0.0,1.0,3.641186300195019e-298,2025-06-02,2000-09-01,2025-05-30,6222.0,neutral
2025-06-24,neutral,neutral,0.0,1.0,9.247721805227311e-299,2025-06-02,2000-09-01,2025-05-30,6222.0,neutral
2025-06-25,neutral,neutral,0.0,1.0,5.0746930224200855e-295,2025-06-02,2000-09-01,2025-05-30,6222.0,neutral
2025-06-26,neutral,neutral,0.0,1.0,1.0276335749193201e-290,2025-06-02,2000-09-01,2025-05-30,6222.0,neutral
2025-06-27,neutral,neutral,0.0,1.0,3.003209703261826e-288,2025-06-02,2000-09-01,2025-05-30,6222.0,neutral
2025-06-30,neutral,neutral,0.0,1.0,2.907731470701418e-281,2025-06-02,2000-09-01,2025-05-30,6222.0,neutral
2025-07-01,neutral,risk_on,4.3763418426183547e-113,0.0,1.0,2025-07-01,2000-09-01,2025-06-30,6242.0,neutral
2025-07-02,neutral,risk_on,8.259713782153299e-113,0.0,1.0,2025-07-01,2000-09-01,2025-06-30,6242.0,risk_on
2025-07-03,neutral,risk_on,2.299302084458252e-111,0.0,1.0,2025-07-01,2000-09-01,2025-06-30,6242.0,risk_on
2025-07-07,neutral,risk_on,8.75947934763466e-108,0.0,1.0,2025-07-01,2000-09-01,2025-06-30,6242.0,risk_on
2025-07-08,neutral,risk_on,2.6486870862574775e-103,0.0,1.0,2025-07-01,2000-09-01,2025-06-30,6242.0,risk_on
2025-07-09,neutral,risk_on,1.9412498003529825e-104,0.0,1.0,2025-07-01,2000-09-01,2025-06-30,6242.0,risk_on
2025-07-10,neutral,risk_on,1.4692050368904106e-102,0.0,1.0,2025-07-01,2000-09-01,2025-06-30,6242.0,risk_on
2025-07-11,neutral,risk_on,2.1861930661251283e-106,0.0,1.0,2025-07-01,2000-09-01,2025-06-30,6242.0,risk_on
2025-07-14,neutral,risk_on,9.445100042449394e-104,0.0,1.0,2025-07-01,2000-09-01,2025-06-30,6242.0,risk_on
2025-07-15,neutral,risk_on,5.4342163830671485e-104,0.0,1.0,2025-07-01,2000-09-01,2025-06-30,6242.0,risk_on
2025-07-16,neutral,risk_on,3.3539687888245066e-103,0.0,1.0,2025-07-01,2000-09-01,2025-06-30,6242.0,risk_on
2025-07-17,neutral,risk_on,9.074664268893416e-103,0.0,1.0,2025-07-01,2000-09-01,2025-06-30,6242.0,risk_on
2025-07-18,neutral,risk_on,5.509269832724877e-99,0.0,1.0,2025-07-01,2000-09-01,2025-06-30,6242.0,risk_on
2025-07-21,neutral,risk_on,1.7465516456342318e-97,0.0,1.0,2025-07-01,2000-09-01,2025-06-30,6242.0,risk_on
2025-07-22,neutral,risk_on,1.2105561641367985e-95,0.0,1.0,2025-07-01,2000-09-01,2025-06-30,6242.0,risk_on
2025-07-23,neutral,risk_on,1.7245070275841046e-97,0.0,1.0,2025-07-01,2000-09-01,2025-06-30,6242.0,risk_on
2025-07-24,neutral,risk_on,5.568102637200039e-99,0.0,1.0,2025-07-01,2000-09-01,2025-06-30,6242.0,risk_on
2025-07-25,neutral,risk_on,1.768037678094777e-98,0.0,1.0,2025-07-01,2000-09-01,2025-06-30,6242.0,risk_on
2025-07-28,neutral,risk_on,1.3651211032059895e-98,0.0,1.0,2025-07-01,2000-09-01,2025-06-30,6242.0,risk_on
2025-07-29,neutral,risk_on,6.93608095506669e-97,0.0,1.0,2025-07-01,2000-09-01,2025-06-30,6242.0,risk_on
2025-07-30,neutral,risk_on,2.348229213935539e-96,0.0,1.0,2025-07-01,2000-09-01,2025-06-30,6242.0,risk_on
2025-07-31,neutral,risk_on,4.62817030386494e-96,0.0,1.0,2025-07-01,2000-09-01,2025-06-30,6242.0,risk_on
2025-08-01,neutral,neutral,2.462986721186581e-70,1.0,9.863574030448929e-298,2025-08-01,2000-09-01,2025-07-31,6264.0,risk_on
2025-08-04,neutral,neutral,4.452334320325136e-70,1.0,1.785219034811411e-285,2025-08-01,2000-09-01,2025-07-31,6264.0,neutral
2025-08-05,neutral,neutral,6.945585697112309e-70,1.0,5.0247816265319696e-285,2025-08-01,2000-09-01,2025-07-31,6264.0,neutral
2025-08-06,neutral,neutral,9.627230685211597e-70,1.0,2.06288354766177e-279,2025-08-01,2000-09-01,2025-07-31,6264.0,neutral
2025-08-07,neutral,neutral,1.077856800047908e-68,1.0,7.10760944473027e-279,2025-08-01,2000-09-01,2025-07-31,6264.0,neutral
2025-08-08,neutral,neutral,1.8381847933896759e-66,1.0,1.3158435771254379e-270,2025-08-01,2000-09-01,2025-07-31,6264.0,neutral
2025-08-11,neutral,neutral,2.4006692661790337e-66,1.0,8.70257974689911e-271,2025-08-01,2000-09-01,2025-07-31,6264.0,neutral
2025-08-12,neutral,neutral,3.67560199901066e-65,1.0,9.689484577098445e-267,2025-08-01,2000-09-01,2025-07-31,6264.0,neutral
2025-08-13,neutral,neutral,4.890299301446095e-65,1.0,9.900879491172157e-264,2025-08-01,2000-09-01,2025-07-31,6264.0,neutral
2025-08-14,neutral,neutral,3.892537791453019e-64,1.0,3.375321804167305e-267,2025-08-01,2000-09-01,2025-07-31,6264.0,neutral
2025-08-15,neutral,neutral,5.191653514556482e-65,1.0,4.044023468886629e-270,2025-08-01,2000-09-01,2025-07-31,6264.0,neutral
2025-08-18,neutral,neutral,7.533995919076595e-64,1.0,1.4483988875716513e-263,2025-08-01,2000-09-01,2025-07-31,6264.0,neutral
2025-08-19,neutral,neutral,1.712142890569305e-65,1.0,2.6011109267294157e-271,2025-08-01,2000-09-01,2025-07-31,6264.0,neutral
2025-08-20,neutral,neutral,6.103703502374399e-65,1.0,5.4458845224674155e-279,2025-08-01,2000-09-01,2025-07-31,6264.0,neutral
2025-08-21,neutral,neutral,1.2082264250094964e-65,1.0,4.366994233149868e-273,2025-08-01,2000-09-01,2025-07-31,6264.0,neutral
2025-08-22,neutral,neutral,1.2222195479036094e-65,1.0,1.3722060102562386e-270,2025-08-01,2000-09-01,2025-07-31,6264.0,neutral
2025-08-25,neutral,neutral,8.872839640114058e-66,1.0,4.758532193583389e-269,2025-08-01,2000-09-01,2025-07-31,6264.0,neutral
2025-08-26,neutral,neutral,2.6681207598152042e-67,1.0,1.9147407839680944e-265,2025-08-01,2000-09-01,2025-07-31,6264.0,neutral
2025-08-27,neutral,neutral,2.923667839355406e-67,1.0,7.227629051809814e-266,2025-08-01,2000-09-01,2025-07-31,6264.0,neutral
2025-08-28,neutral,neutral,1.059301407568478e-66,1.0,3.6618307914544696e-271,2025-08-01,2000-09-01,2025-07-31,6264.0,neutral
2025-08-29,neutral,neutral,6.154634703526417e-67,1.0,1.5342854283312362e-274,2025-08-01,2000-09-01,2025-07-31,6264.0,neutral
2025-09-02,neutral,neutral,3.0562475415802095e-82,1.0,1.0581789541879403e-273,2025-09-02,2000-09-01,2025-08-29,6285.0,neutral
2025-09-03,neutral,neutral,2.5727600805362177e-82,1.0,4.382784312548029e-264,2025-09-02,2000-09-01,2025-08-29,6285.0,neutral
2025-09-04,neutral,neutral,1.3623714957582524e-82,1.0,1.7053768166564596e-261,2025-09-02,2000-09-01,2025-08-29,6285.0,neutral
2025-09-05,neutral,neutral,4.850629738156338e-82,1.0,7.97458825594989e-263,2025-09-02,2000-09-01,2025-08-29,6285.0,neutral
2025-09-08,neutral,neutral,6.655957258530939e-82,1.0,5.385193874245147e-257,2025-09-02,2000-09-01,2025-08-29,6285.0,neutral
2025-09-09,neutral,neutral,7.263760128365942e-82,1.0,3.770145944666898e-256,2025-09-02,2000-09-01,2025-08-29,6285.0,neutral
2025-09-10,neutral,neutral,2.642611949244846e-81,1.0,9.139843106959544e-260,2025-09-02,2000-09-01,2025-08-29,6285.0,neutral
2025-09-11,neutral,neutral,2.9523189293698886e-81,1.0,3.0111215981982745e-254,2025-09-02,2000-09-01,2025-08-29,6285.0,neutral
2025-09-12,neutral,neutral,1.4425654075420088e-81,1.0,1.3693748150018255e-257,2025-09-02,2000-09-01,2025-08-29,6285.0,neutral
2025-09-15,neutral,neutral,3.6404017259478284e-80,1.0,3.3145236629635138e-261,2025-09-02,2000-09-01,2025-08-29,6285.0,neutral
2025-09-16,neutral,neutral,3.321096510873455e-80,1.0,2.3022994570211933e-260,2025-09-02,2000-09-01,2025-08-29,6285.0,neutral
2025-09-17,neutral,neutral,9.459912029205406e-80,1.0,1.664334769916442e-264,2025-09-02,2000-09-01,2025-08-29,6285.0,neutral
2025-09-18,neutral,neutral,3.832124101504158e-80,1.0,8.928391897040873e-263,2025-09-02,2000-09-01,2025-08-29,6285.0,neutral
2025-09-19,neutral,neutral,1.0174972251251488e-80,1.0,3.2099519365158893e-261,2025-09-02,2000-09-01,2025-08-29,6285.0,neutral
2025-09-22,neutral,neutral,1.6384977623691114e-80,1.0,7.98403462818938e-267,2025-09-02,2000-09-01,2025-08-29,6285.0,neutral
2025-09-23,neutral,neutral,7.399902896501897e-82,1.0,5.187468547650993e-270,2025-09-02,2000-09-01,2025-08-29,6285.0,neutral
2025-09-24,neutral,neutral,5.292601942278553e-83,1.0,2.0832173992196483e-266,2025-09-02,2000-09-01,2025-08-29,6285.0,neutral
2025-09-25,neutral,neutral,2.132183661294595e-82,1.0,1.4225723339618564e-274,2025-09-02,2000-09-01,2025-08-29,6285.0,neutral
2025-09-26,neutral,neutral,8.276139638624436e-84,1.0,1.275007606456764e-265,2025-09-02,2000-09-01,2025-08-29,6285.0,neutral
2025-09-29,neutral,neutral,1.0938240380138936e-82,1.0,1.959608903046272e-268,2025-09-02,2000-09-01,2025-08-29,6285.0,neutral
2025-09-30,neutral,neutral,4.442003117593483e-83,1.0,1.720958740345981e-265,2025-09-02,2000-09-01,2025-08-29,6285.0,neutral
2025-10-01,neutral,neutral,0.0,1.0,9.045960648042282e-111,2025-10-01,2000-09-01,2025-09-30,6306.0,neutral
2025-10-02,neutral,neutral,0.0,1.0,6.985725110463503e-110,2025-10-01,2000-09-01,2025-09-30,6306.0,neutral
2025-10-03,neutral,neutral,0.0,1.0,1.5108750451087068e-113,2025-10-01,2000-09-01,2025-09-30,6306.0,neutral
2025-10-06,neutral,neutral,0.0,1.0,1.8261360629834991e-112,2025-10-01,2000-09-01,2025-09-30,6306.0,neutral
2025-10-07,neutral,neutral,0.0,1.0,1.9238126471676683e-114,2025-10-01,2000-09-01,2025-09-30,6306.0,neutral
2025-10-08,neutral,neutral,0.0,1.0,2.103309698220264e-113,2025-10-01,2000-09-01,2025-09-30,6306.0,neutral
2025-10-09,neutral,neutral,0.0,1.0,2.9585351347396388e-114,2025-10-01,2000-09-01,2025-09-30,6306.0,neutral
2025-10-10,neutral,neutral,0.0,1.0,7.728617033739711e-117,2025-10-01,2000-09-01,2025-09-30,6306.0,neutral
2025-10-13,neutral,neutral,0.0,1.0,2.4626065455535067e-112,2025-10-01,2000-09-01,2025-09-30,6306.0,neutral
2025-10-14,neutral,neutral,0.0,1.0,5.8837267730342525e-114,2025-10-01,2000-09-01,2025-09-30,6306.0,neutral
2025-10-15,neutral,neutral,0.0,1.0,3.993780704283619e-114,2025-10-01,2000-09-01,2025-09-30,6306.0,neutral
2025-10-16,neutral,neutral,0.0,1.0,2.1351460208913575e-113,2025-10-01,2000-09-01,2025-09-30,6306.0,neutral
2025-10-17,neutral,neutral,0.0,1.0,1.0117325514021899e-117,2025-10-01,2000-09-01,2025-09-30,6306.0,neutral
2025-10-20,neutral,neutral,0.0,1.0,1.5855499589633616e-117,2025-10-01,2000-09-01,2025-09-30,6306.0,neutral
2025-10-21,neutral,neutral,0.0,1.0,6.565759196599893e-119,2025-10-01,2000-09-01,2025-09-30,6306.0,neutral
2025-10-22,neutral,neutral,0.0,1.0,3.104053632860809e-123,2025-10-01,2000-09-01,2025-09-30,6306.0,neutral
2025-10-23,neutral,neutral,0.0,1.0,1.1515801289792346e-121,2025-10-01,2000-09-01,2025-09-30,6306.0,neutral
2025-10-24,neutral,neutral,0.0,1.0,4.127690806848017e-124,2025-10-01,2000-09-01,2025-09-30,6306.0,neutral
2025-10-27,neutral,neutral,0.0,1.0,3.2975270242110977e-125,2025-10-01,2000-09-01,2025-09-30,6306.0,neutral
2025-10-28,neutral,neutral,0.0,1.0,1.3310827792886826e-125,2025-10-01,2000-09-01,2025-09-30,6306.0,neutral
2025-10-29,neutral,neutral,0.0,1.0,2.4356023683423386e-128,2025-10-01,2000-09-01,2025-09-30,6306.0,neutral
2025-10-30,neutral,neutral,0.0,1.0,3.37760147648767e-136,2025-10-01,2000-09-01,2025-09-30,6306.0,neutral
2025-10-31,neutral,neutral,0.0,1.0,6.61651031375307e-134,2025-10-01,2000-09-01,2025-09-30,6306.0,neutral
2025-11-03,neutral,risk_on,3.353879838130722e-20,0.0,1.0,2025-11-03,2000-09-01,2025-10-31,6329.0,neutral
2025-11-04,neutral,risk_on,6.71734440052807e-22,0.0,1.0,2025-11-03,2000-09-01,2025-10-31,6329.0,risk_on
2025-11-05,neutral,risk_on,2.995513481088938e-22,0.0,1.0,2025-11-03,2000-09-01,2025-10-31,6329.0,risk_on
2025-11-06,neutral,risk_on,1.5208232793470458e-22,0.0,1.0,2025-11-03,2000-09-01,2025-10-31,6329.0,risk_on
2025-11-07,neutral,risk_on,3.450586840792112e-21,0.0,1.0,2025-11-03,2000-09-01,2025-10-31,6329.0,risk_on
2025-11-10,neutral,risk_on,5.7848195364686935e-22,0.0,1.0,2025-11-03,2000-09-01,2025-10-31,6329.0,risk_on
2025-11-11,neutral,risk_on,4.0436386560560624e-22,0.0,1.0,2025-11-03,2000-09-01,2025-10-31,6329.0,risk_on
2025-11-12,neutral,risk_on,1.761913732375845e-21,0.0,1.0,2025-11-03,2000-09-01,2025-10-31,6329.0,risk_on
2025-11-13,neutral,risk_on,3.048771791976793e-21,0.0,1.0,2025-11-03,2000-09-01,2025-10-31,6329.0,risk_on
2025-11-14,neutral,risk_on,4.839460977742805e-22,0.0,1.0,2025-11-03,2000-09-01,2025-10-31,6329.0,risk_on
2025-11-17,neutral,risk_on,1.5582909164126756e-22,0.0,1.0,2025-11-03,2000-09-01,2025-10-31,6329.0,risk_on
2025-11-18,neutral,risk_on,9.072666717553861e-23,0.0,1.0,2025-11-03,2000-09-01,2025-10-31,6329.0,risk_on
2025-11-19,neutral,risk_on,1.091197884751471e-22,0.0,1.0,2025-11-03,2000-09-01,2025-10-31,6329.0,risk_on
2025-11-20,neutral,risk_on,4.499341710976856e-20,0.0,1.0,2025-11-03,2000-09-01,2025-10-31,6329.0,risk_on
2025-11-21,neutral,risk_on,1.2794215560025943e-22,0.0,1.0,2025-11-03,2000-09-01,2025-10-31,6329.0,risk_on
2025-11-24,neutral,risk_on,2.2582833640729464e-24,0.0,1.0,2025-11-03,2000-09-01,2025-10-31,6329.0,risk_on
2025-11-25,neutral,risk_on,2.6827287267755815e-24,0.0,1.0,2025-11-03,2000-09-01,2025-10-31,6329.0,risk_on
2025-11-26,neutral,risk_on,3.362825647866195e-23,0.0,1.0,2025-11-03,2000-09-01,2025-10-31,6329.0,risk_on
2025-11-28,neutral,risk_on,1.8365666961694295e-22,0.0,1.0,2025-11-03,2000-09-01,2025-10-31,6329.0,risk_on
2025-12-01,neutral,neutral,4.1013362816861866e-44,1.0,0.0,2025-12-01,2000-09-01,2025-11-28,6348.0,risk_on
2025-12-02,neutral,neutral,6.935746721024965e-46,1.0,0.0,2025-12-01,2000-09-01,2025-11-28,6348.0,neutral
2025-12-03,neutral,neutral,4.22921408782293e-44,1.0,0.0,2025-12-01,2000-09-01,2025-11-28,6348.0,neutral
2025-12-04,neutral,neutral,2.816134637774003e-44,1.0,0.0,2025-12-01,2000-09-01,2025-11-28,6348.0,neutral
2025-12-05,neutral,neutral,1.6595932278059744e-43,1.0,0.0,2025-12-01,2000-09-01,2025-11-28,6348.0,neutral
2025-12-08,neutral,neutral,2.314032064711049e-43,1.0,0.0,2025-12-01,2000-09-01,2025-11-28,6348.0,neutral
2025-12-09,neutral,neutral,5.277025688834872e-43,1.0,0.0,2025-12-01,2000-09-01,2025-11-28,6348.0,neutral
2025-12-10,neutral,neutral,8.735350549715587e-44,1.0,0.0,2025-12-01,2000-09-01,2025-11-28,6348.0,neutral
2025-12-11,neutral,neutral,2.3507829913979646e-44,1.0,0.0,2025-12-01,2000-09-01,2025-11-28,6348.0,neutral
2025-12-12,neutral,neutral,1.530776059813845e-44,1.0,0.0,2025-12-01,2000-09-01,2025-11-28,6348.0,neutral
2025-12-15,neutral,neutral,2.6224520685656643e-44,1.0,0.0,2025-12-01,2000-09-01,2025-11-28,6348.0,neutral
2025-12-16,neutral,neutral,1.6831317882458237e-47,1.0,0.0,2025-12-01,2000-09-01,2025-11-28,6348.0,neutral
2025-12-17,neutral,neutral,6.394447884135131e-48,1.0,0.0,2025-12-01,2000-09-01,2025-11-28,6348.0,neutral
2025-12-18,neutral,neutral,9.995883078631021e-48,1.0,0.0,2025-12-01,2000-09-01,2025-11-28,6348.0,neutral
2025-12-19,neutral,neutral,3.7717405083871216e-47,1.0,0.0,2025-12-01,2000-09-01,2025-11-28,6348.0,neutral
2025-12-22,neutral,neutral,2.2235449259278107e-45,1.0,0.0,2025-12-01,2000-09-01,2025-11-28,6348.0,neutral
2025-12-23,neutral,neutral,1.958131335316401e-42,1.0,0.0,2025-12-01,2000-09-01,2025-11-28,6348.0,neutral
2025-12-24,neutral,neutral,4.470713332289965e-40,1.0,3.388e-320,2025-12-01,2000-09-01,2025-11-28,6348.0,neutral
2025-12-26,neutral,neutral,5.988561306578504e-42,1.0,0.0,2025-12-01,2000-09-01,2025-11-28,6348.0,neutral
2025-12-29,neutral,neutral,3.522048040153764e-42,1.0,0.0,2025-12-01,2000-09-01,2025-11-28,6348.0,neutral
2025-12-30,neutral,neutral,5.3142974848968675e-43,1.0,0.0,2025-12-01,2000-09-01,2025-11-28,6348.0,neutral
2025-12-31,neutral,neutral,4.792292450693804e-45,1.0,0.0,2025-12-01,2000-09-01,2025-11-28,6348.0,neutral
2026-01-02,neutral,neutral,6.680337134815107e-46,1.0,0.0,2026-01-02,2000-09-01,2025-12-31,6370.0,neutral
2026-01-05,neutral,neutral,3.908243553244402e-45,1.0,0.0,2026-01-02,2000-09-01,2025-12-31,6370.0,neutral
2026-01-06,neutral,neutral,4.0116895707978966e-46,1.0,0.0,2026-01-02,2000-09-01,2025-12-31,6370.0,neutral
2026-01-07,neutral,neutral,3.4285576001306942e-46,1.0,0.0,2026-01-02,2000-09-01,2025-12-31,6370.0,neutral
2026-01-08,neutral,neutral,6.852292809072966e-45,1.0,0.0,2026-01-02,2000-09-01,2025-12-31,6370.0,neutral
2026-01-09,neutral,neutral,1.082284704315894e-42,1.0,0.0,2026-01-02,2000-09-01,2025-12-31,6370.0,neutral
2026-01-12,neutral,neutral,5.911859575557661e-43,1.0,0.0,2026-01-02,2000-09-01,2025-12-31,6370.0,neutral
2026-01-13,neutral,neutral,5.137571687033396e-45,1.0,0.0,2026-01-02,2000-09-01,2025-12-31,6370.0,neutral
2026-01-14,neutral,neutral,3.041772868835779e-49,1.0,0.0,2026-01-02,2000-09-01,2025-12-31,6370.0,neutral
2026-01-15,neutral,neutral,8.83065531088522e-47,1.0,0.0,2026-01-02,2000-09-01,2025-12-31,6370.0,neutral
2026-01-16,neutral,neutral,2.9580169490741736e-49,1.0,0.0,2026-01-02,2000-09-01,2025-12-31,6370.0,neutral
2026-01-20,neutral,neutral,1.7052102294704124e-50,1.0,0.0,2026-01-02,2000-09-01,2025-12-31,6370.0,neutral
2026-01-21,neutral,neutral,1.927072289360174e-49,1.0,0.0,2026-01-02,2000-09-01,2025-12-31,6370.0,neutral
2026-01-22,neutral,neutral,6.685421604657464e-46,1.0,0.0,2026-01-02,2000-09-01,2025-12-31,6370.0,neutral
2026-01-23,neutral,neutral,6.583515397990076e-45,1.0,0.0,2026-01-02,2000-09-01,2025-12-31,6370.0,neutral
2026-01-26,neutral,neutral,7.668871706779537e-44,1.0,0.0,2026-01-02,2000-09-01,2025-12-31,6370.0,neutral
2026-01-27,neutral,neutral,1.726337210986608e-44,1.0,0.0,2026-01-02,2000-09-01,2025-12-31,6370.0,neutral
2026-01-28,neutral,neutral,3.7071414591471684e-47,1.0,0.0,2026-01-02,2000-09-01,2025-12-31,6370.0,neutral
2026-01-29,neutral,neutral,7.147215477892488e-49,1.0,0.0,2026-01-02,2000-09-01,2025-12-31,6370.0,neutral
2026-01-30,neutral,neutral,5.727099205865951e-51,1.0,0.0,2026-01-02,2000-09-01,2025-12-31,6370.0,neutral
2026-02-02,neutral,neutral,1.3234175642702854e-46,1.0,0.0,2026-02-02,2000-09-01,2026-01-30,6390.0,neutral
2026-02-03,neutral,neutral,4.80070863967087e-49,1.0,0.0,2026-02-02,2000-09-01,2026-01-30,6390.0,neutral
2026-02-04,neutral,neutral,1.451025369574178e-51,1.0,0.0,2026-02-02,2000-09-01,2026-01-30,6390.0,neutral
2026-02-05,neutral,neutral,9.182817127677119e-53,1.0,0.0,2026-02-02,2000-09-01,2026-01-30,6390.0,neutral
2026-02-06,neutral,neutral,1.7844134859554003e-53,1.0,0.0,2026-02-02,2000-09-01,2026-01-30,6390.0,neutral
2026-02-09,neutral,neutral,1.8611216080676552e-52,1.0,0.0,2026-02-02,2000-09-01,2026-01-30,6390.0,neutral
2026-02-10,neutral,neutral,1.4864760733670962e-51,1.0,0.0,2026-02-02,2000-09-01,2026-01-30,6390.0,neutral
2026-02-11,neutral,neutral,9.130530111574903e-52,1.0,0.0,2026-02-02,2000-09-01,2026-01-30,6390.0,neutral
2026-02-12,neutral,neutral,1.5607343127720384e-51,1.0,0.0,2026-02-02,2000-09-01,2026-01-30,6390.0,neutral
2026-02-13,neutral,neutral,6.913703214285416e-52,1.0,0.0,2026-02-02,2000-09-01,2026-01-30,6390.0,neutral
2026-02-17,neutral,neutral,2.4739349037747863e-51,1.0,0.0,2026-02-02,2000-09-01,2026-01-30,6390.0,neutral
2026-02-18,neutral,neutral,8.971311675788949e-54,1.0,0.0,2026-02-02,2000-09-01,2026-01-30,6390.0,neutral
2026-02-19,neutral,neutral,1.8571349892664442e-54,1.0,0.0,2026-02-02,2000-09-01,2026-01-30,6390.0,neutral
2026-02-20,neutral,neutral,1.0008468166806726e-54,1.0,0.0,2026-02-02,2000-09-01,2026-01-30,6390.0,neutral
2026-02-23,neutral,neutral,9.316109352656368e-55,1.0,0.0,2026-02-02,2000-09-01,2026-01-30,6390.0,neutral
2026-02-24,neutral,neutral,4.212262747244151e-54,1.0,0.0,2026-02-02,2000-09-01,2026-01-30,6390.0,neutral
2026-02-25,neutral,neutral,2.6083834806623402e-54,1.0,0.0,2026-02-02,2000-09-01,2026-01-30,6390.0,neutral
2026-02-26,neutral,neutral,1.4595023154955354e-54,1.0,0.0,2026-02-02,2000-09-01,2026-01-30,6390.0,neutral
2026-02-27,neutral,neutral,6.084833675346231e-56,1.0,0.0,2026-02-02,2000-09-01,2026-01-30,6390.0,neutral
2026-03-02,neutral,neutral,0.0,1.0,2.6092721247823113e-84,2026-03-02,2000-09-01,2026-02-27,6409.0,neutral
2026-03-03,neutral,neutral,0.0,1.0,2.4562174998871218e-88,2026-03-02,2000-09-01,2026-02-27,6409.0,neutral
2026-03-04,neutral,neutral,0.0,1.0,5.155559163427383e-85,2026-03-02,2000-09-01,2026-02-27,6409.0,neutral
2026-03-05,neutral,neutral,0.0,1.0,3.450793538360434e-89,2026-03-02,2000-09-01,2026-02-27,6409.0,neutral
2026-03-06,neutral,neutral,0.0,1.0,2.4699671858888935e-90,2026-03-02,2000-09-01,2026-02-27,6409.0,neutral
2026-03-09,neutral,neutral,0.0,1.0,7.715944754808502e-97,2026-03-02,2000-09-01,2026-02-27,6409.0,neutral
2026-03-10,neutral,neutral,0.0,1.0,4.0330361952473323e-88,2026-03-02,2000-09-01,2026-02-27,6409.0,neutral
2026-03-11,neutral,neutral,0.0,1.0,3.873645748760085e-92,2026-03-02,2000-09-01,2026-02-27,6409.0,neutral
2026-03-12,neutral,neutral,0.0,1.0,4.961551181623724e-105,2026-03-02,2000-09-01,2026-02-27,6409.0,neutral
2026-03-13,neutral,neutral,0.0,1.0,2.743141360382646e-109,2026-03-02,2000-09-01,2026-02-27,6409.0,neutral
2026-03-16,neutral,neutral,0.0,1.0,2.1255259994167534e-102,2026-03-02,2000-09-01,2026-02-27,6409.0,neutral
2026-03-17,neutral,neutral,0.0,1.0,3.0698676812630945e-108,2026-03-02,2000-09-01,2026-02-27,6409.0,neutral
2026-03-18,neutral,neutral,0.0,1.0,1.643762131461325e-113,2026-03-02,2000-09-01,2026-02-27,6409.0,neutral
2026-03-19,neutral,neutral,0.0,1.0,6.654914132681914e-118,2026-03-02,2000-09-01,2026-02-27,6409.0,neutral
2026-03-20,neutral,neutral,0.0,1.0,4.361981541822968e-128,2026-03-02,2000-09-01,2026-02-27,6409.0,neutral
2026-03-23,neutral,neutral,0.0,1.0,1.8680507557374364e-127,2026-03-02,2000-09-01,2026-02-27,6409.0,neutral
2026-03-24,neutral,neutral,0.0,1.0,4.921677360362628e-126,2026-03-02,2000-09-01,2026-02-27,6409.0,neutral
2026-03-25,neutral,neutral,0.0,1.0,5.381543001042227e-132,2026-03-02,2000-09-01,2026-02-27,6409.0,neutral
2026-03-26,neutral,neutral,0.0,1.0,5.572818860477731e-153,2026-03-02,2000-09-01,2026-02-27,6409.0,neutral
2026-03-27,neutral,neutral,0.0,1.0,1.144586635752576e-167,2026-03-02,2000-09-01,2026-02-27,6409.0,neutral
2026-03-30,neutral,neutral,0.0,1.0,6.831703923070837e-174,2026-03-02,2000-09-01,2026-02-27,6409.0,neutral
2026-03-31,neutral,neutral,0.0,1.0,8.188690138316786e-175,2026-03-02,2000-09-01,2026-02-27,6409.0,neutral
2026-04-01,neutral,risk_on,5.567159371188015e-114,0.0,1.0,2026-04-01,2000-09-01,2026-03-31,6431.0,neutral
2026-04-02,neutral,risk_on,1.3823212164828664e-111,0.0,1.0,2026-04-01,2000-09-01,2026-03-31,6431.0,risk_on
2026-04-06,neutral,risk_on,2.0142301615661083e-112,0.0,1.0,2026-04-01,2000-09-01,2026-03-31,6431.0,risk_on
2026-04-07,neutral,risk_on,2.263204087769177e-115,0.0,1.0,2026-04-01,2000-09-01,2026-03-31,6431.0,risk_on
