date,qqq_close,qqq_volume,qqq_1d_return,qqq_21d_return,qqq_63d_return,qqq_126d_return,qqq_252d_return,qqq_realized_vol_21d,qqq_realized_vol_63d,qqq_sma50,qqq_sma65,qqq_sma200,qqq_sma222,qqq_vs_sma200,qqq_drawdown_252d,dxy_level,dxy_21d_return,dxy_63d_return,dxy_252d_return,wti_level,wti_21d_return,wti_63d_return,wti_252d_return,gold_level,gold_21d_return,gold_63d_return,gold_252d_return,wilshire_level,wilshire_63d_return,wilshire_252d_return,nominal_gdp_level,cape_level,cape_21d_change,cape_63d_change,cape_252d_change,market_cap_to_gdp_anchor_level,market_cap_to_gdp_anchor_252d_drift,wilshire_to_gdp_raw,buffett_indicator_proxy_level,buffett_indicator_proxy_63d_change,buffett_indicator_proxy_252d_drift,buffett_indicator_proxy_rolling_z,cape_rolling_z,us2y_level,us2y_21d_change_pp,us2y_63d_change_pp,us2y_252d_change_pp,us10y_level,us10y_21d_change_pp,us10y_63d_change_pp,us10y_252d_change_pp,us30y_level,us30y_21d_change_pp,us30y_63d_change_pp,us30y_252d_change_pp,curve_10y2y_level,curve_30y2y_level,curve_10y2y_63d_change_pp,curve_10y2y_252d_change_pp,cpi_yoy_pct,cpi_mom_pct,cpi_yoy_3m_change_pp,cpi_yoy_6m_change_pp,unemployment_rate_pct,unemployment_3m_change_pp,unemployment_6m_change_pp,vix_level,vix_21d_change,vix_63d_change,hy_oas_level,hy_oas_21d_change_pp,hy_oas_63d_change_pp,nfci_level,nfci_21d_change,nfci_63d_change,t10y3m_level,t10y3m_63d_change_pp,external_shock_score,qqq_feedback_score,latent_sentiment_index,sentiment_black_box_pc1,sentiment_black_box_pc2,sentiment_black_box_pc1_explained_var,qqq_fwd_21d_return,qqq_fwd_21d_min_return,qqq_fwd_21d_end_date,qqq_fwd_63d_return,qqq_fwd_63d_min_return,qqq_fwd_63d_end_date,qqq_fwd_126d_return,qqq_fwd_126d_min_return,qqq_fwd_126d_end_date,qqq_fwd_252d_return,qqq_fwd_252d_min_return,qqq_fwd_252d_end_date,risk_off_target,jump_in_target,volatility_shock,credit_spread_shock,financial_conditions_shock,equity_drawdown_shock,oil_up_shock,dollar_up_shock,rate_up_shock,shock_count,major_shock,gmm_regime,gmm_prob_risk_off,gmm_prob_neutral,gmm_prob_risk_on,qqq_fwd_42d_return,qqq_fwd_42d_min_return,qqq_fwd_42d_end_date,qqq_fwd_21d_path_cvar20,qqq_fwd_42d_path_cvar20,hedge_strong_target,hedge_light_target,is_quarter_end_month,is_turn_of_quarter_month,month_sin,month_cos
1999-03-31,44.26060104370117,8256600.0,-0.0146711664392152,,,,,,,,,,,,,100.0999984741211,,,,16.66,,,,,,,,11707.669921875,,,9411.682,41.35,,,,,,1.2439508604174043,1.2439508604174043,,,,,4.99,,,,5.25,,,,5.63,,,,0.2599999999999998,0.6399999999999997,,,1.6666666666666607,0.0,,,4.4,,,23.26,,,5.19,,,-0.40517,,,0.76,,,,,,,,0.0238242105187858,-0.0559856536234693,1999-04-30,0.0982724551483966,-0.0559856536234693,1999-06-30,0.1351992747174761,-0.0559856536234693,1999-09-29,1.096486053058047,-0.0559856536234693,2000-03-29,0.0,1.0,False,True,False,False,False,False,False,1,False,unknown,,,,-0.0303752995759331,-0.0559856536234693,1999-06-01,-0.016081100776021005,-0.028290728079681485,0.0,0.0,1.0,0.0,0.8660254037844386,0.5000000000000001
1999-04-30,45.3150749206543,15295200.0,0.006440620124144,0.0238242105187858,,,,0.3961347239969269,,,,,,,,101.0,0.0089910243716095,,,18.69,0.1218487394957983,,,,,,,12259.3603515625,,,9411.682,42.7,1.3500000000000014,,,,,1.302568483674066,1.302568483674066,,,,,5.08,0.0899999999999998,,,5.36,0.1100000000000003,,,5.68,0.0499999999999998,,,0.2800000000000002,0.5999999999999996,,,1.728395061728394,0.0607164541590821,,,4.2,,,25.07,1.8099999999999987,,4.76,-0.4300000000000006,,-0.42684,-0.02167,,0.81,,,,,,,,-0.0529382969633578,-0.0721354987656867,1999-06-01,0.0535185609990676,-0.0721354987656867,1999-07-30,0.1826639700481729,-0.0721354987656867,1999-10-28,0.7638152802301525,-0.0721354987656867,2000-04-28,0.0,0.0,True,False,False,False,False,False,False,1,False,unknown,,,,0.07271584698303535,-0.0721354987656867,1999-06-30,-0.051832992046939676,-0.04901159765759912,0.0,0.0,0.0,1.0,1.0,6.123233995736766e-17
1999-05-28,43.891544342041016,12969800.0,0.0164834946400946,-0.0251757680383791,,,,0.3247182886181335,,44.91765441894531,,,,,,102.51000213623048,0.0155537909337337,,,16.85,-0.0906637884511603,,,,,,,11976.75,,,9526.21,42.55,-0.1500000000000056,,,,,1.2572418621886354,1.2572418621886354,,,,,5.42,0.4699999999999997,,,5.64,0.4199999999999999,,,5.84,0.3099999999999996,,,0.2199999999999997,0.4199999999999999,,,2.281134401972884,0.6674757281553312,,,4.3,,,25.39,0.3300000000000018,,4.74,-0.2400000000000002,,-0.40218,0.02221,,0.98,,,,,,,,0.0906904758904232,-0.0235736345815474,1999-06-29,0.1507508535834425,-0.0235736345815474,1999-08-27,0.4930931552103028,-0.0235736345815474,1999-11-26,0.4942947990618729,-0.0235736345815474,2000-05-26,0.0,1.0,True,False,False,False,False,False,False,1,False,unknown,,,,0.09309289447461988,-0.023573634581547487,1999-07-29,-0.01606618514580118,-0.006556671938838712,0.0,0.0,0.0,0.0,0.8660254037844387,-0.4999999999999998
1999-06-30,48.610198974609375,19467600.0,0.0154183700375341,0.1326778852354582,0.0982724551483966,,,0.3391042056432508,0.3553871894774058,45.245192260742186,45.2554331265963,,,,0.0,102.8499984741211,0.0076418025044475,0.0274725278913061,,19.33,0.1851624770079705,0.1602641056422566,,,,,,12583.599609375,0.0748167392269389,,9526.21,42.18,0.0,0.8299999999999983,,,,1.3209450147933963,1.3209450147933963,0.076994154375992,,,,5.53,-0.0099999999999997,0.54,,5.81,0.0299999999999993,0.5599999999999996,,5.98,0.04,0.3500000000000005,,0.2799999999999993,0.4500000000000002,0.0199999999999995,,2.091020910209096,0.0602772754671354,0.4243542435424352,,4.2,-0.2000000000000001,,21.09,-5.530000000000001,-2.1700000000000017,4.87,0.2199999999999997,-0.3200000000000003,-0.33224,0.06994,0.07293,1.03,0.27,,,,,,,-0.0178959656818337,-0.0303684287184239,1999-07-30,0.0336226401709127,-0.0607376421892961,1999-09-29,0.6052065813734926,-0.0607376421892961,1999-12-29,0.6312366631321416,-0.0607376421892961,2000-06-28,0.0,0.0,False,False,False,False,True,False,True,2,True,unknown,,,,0.024403525359118383,-0.060737642189296115,1999-08-30,-0.015916207900385393,-0.03946710146835205,0.0,0.0,1.0,0.0,0.49999999999999994,-0.8660254037844387
1999-07-30,47.740272521972656,10947400.0,-0.0049452879270396,-0.0178959656818337,0.0535185609990676,,,0.2550791599505116,0.311527274378613,46.83965461730957,46.50394357534555,,,,-0.0779024483117164,99.75,-0.0301409676238459,-0.0123762376237623,,20.52,0.0615623383341956,0.0979133226324235,,,,,,12189.83984375,-0.0056708103701054,,9526.21,43.83,1.6499999999999986,1.1299999999999957,,,,1.27961065772747,1.27961065772747,-0.0229578259465959,,,,5.63,0.0999999999999996,0.5499999999999998,,5.92,0.1100000000000003,0.5599999999999996,,6.11,0.1299999999999999,0.4300000000000006,,0.29,0.4800000000000004,0.0099999999999997,,1.96560196560196,0.0,0.2372069038735658,,4.3,0.0999999999999996,,24.64,3.5500000000000007,-0.4299999999999997,4.81,-0.0600000000000005,0.0499999999999998,-0.21195,0.1202899999999999,0.21489,1.17,0.3599999999999999,,,,,,,0.0430702752079812,-0.0436223404144812,1999-08-30,0.1225848445675552,-0.0436223404144812,1999-10-28,0.5196025897603371,-0.0436223404144812,2000-01-28,0.535064250993182,-0.0436223404144812,2000-07-28,0.0,1.0,False,False,False,False,False,False,True,1,False,unknown,,,,0.05245738134912936,-0.04362234041448121,1999-09-29,-0.030369643173624606,-0.020859854099804856,0.0,0.0,0.0,1.0,1.2246467991473532e-16,-1.0
1999-08-31,50.350059509277344,14590400.0,0.0111172625563216,0.0575858967244158,0.1537302540424587,,,0.2916760939992865,0.294696889432051,48.71842384338379,47.76522956261268,,,,-0.029471594856767,99.9499969482422,0.0011017689742223,-0.0276291851540994,,22.15,0.0826001955034212,0.3335340156532209,,,,,,12042.23046875,0.0124081792029646,,9686.626,41.93,0.0,-0.25,,,,1.24318111061065,1.24318111061065,-0.00544133718732,,,,5.73,0.08,0.1800000000000006,,5.98,0.0600000000000005,0.1800000000000006,,6.07,-0.0599999999999996,0.1299999999999999,,0.25,0.3399999999999998,0.0,,2.1446078431372584,0.4216867469879481,-0.1365265588356257,,4.3,0.0,,24.45,-1.1400000000000006,-1.7600000000000016,4.9,0.2400000000000002,0.25,-0.15008,0.06187,0.2521,1.0,-0.06,,,,,,,0.0083769440727401,-0.0020944822495944,1999-09-30,0.231413354652175,-0.0095548393715083,1999-11-30,0.8031412460642751,-0.0095548393715083,2000-03-01,0.6586388661051177,-0.0095548393715083,2000-08-29,0.0,1.0,False,False,False,False,False,False,False,0,False,unknown,,,,0.10157053211592482,-0.009554839371508361,1999-10-29,0.004109715867136887,0.0020359338922626303,0.0,0.0,0.0,0.0,-0.4999999999999997,-0.8660254037844388
1999-09-30,50.7718391418457,17604200.0,0.0104934045719484,0.0083769440727401,0.0374360757942626,0.1236870826075757,,0.3000639756941223,0.2791761092191619,49.901648712158206,49.92837500939002,,,,-0.0515818616184443,98.54000091552734,-0.0141070142647927,-0.0493922686253341,,24.54,0.107900677200903,0.2656008251676121,,,,,,11713.7998046875,-0.0735325853478741,,9686.626,41.32,-0.6099999999999994,-2.509999999999998,,,,1.209275531509888,1.209275531509888,-0.1179584645520297,,,,5.63,-0.1000000000000005,0.0499999999999998,,5.9,-0.08,0.0500000000000007,,6.06,-0.0100000000000006,0.04,,0.2700000000000004,0.4299999999999997,8.881784197001252e-16,,2.2643818849449104,0.2399520095980767,0.1733609747358144,0.5977152182782497,4.2,0.0,-0.2000000000000001,25.41,0.9600000000000009,5.719999999999999,5.07,0.1699999999999999,0.2800000000000002,-0.10104,0.0490399999999999,0.2311999999999999,1.02,-0.1499999999999999,,,,,,,0.0924193959322239,-0.0177828177742975,1999-10-29,0.5202492829763448,-0.0177828177742975,1999-12-30,0.7819308911890448,-0.0177828177742975,2000-03-30,0.521288237536208,-0.0177828177742975,2000-09-28,0.0,1.0,True,True,False,False,False,False,False,2,True,unknown,,,,0.22118356819882412,-0.017782817774297577,1999-11-30,-0.0034785893689883497,0.0073555131081191666,0.0,0.0,1.0,0.0,-0.8660254037844385,-0.5000000000000004
1999-10-29,55.464141845703125,19000000.0,0.0349234540877563,0.0924193959322239,0.1650054590130123,0.2304094323430572,,0.2983420948604739,0.2929673105468375,51.86134857177734,50.850615574763374,,,,0.0,99.05999755859376,0.0052770107391431,-0.0078124880599665,,21.79,-0.1120619396903015,0.0650048875855326,,,,,,12449.400390625,0.0252107449654186,,9686.626,40.55,-0.7700000000000031,-1.3800000000000026,,,,1.2852153464606768,1.2852153464606768,0.0104943644935564,,,,5.79,0.1600000000000001,0.1399999999999996,,6.02,0.1199999999999992,0.0999999999999996,,6.16,0.1000000000000005,0.0300000000000002,,0.2299999999999995,0.3700000000000001,-0.04,,2.629969418960254,0.418910831837227,0.6643674533582944,0.9015743572318602,4.2,-0.0999999999999996,0.0,22.2,-3.210000000000001,-3.390000000000001,5.17,0.0999999999999996,0.5099999999999998,-0.11147,-0.0104299999999999,0.10048,0.9,-0.17,,,,,,,0.1178706390110533,-0.0052283447843652,1999-11-30,0.3640686753796118,-0.0052283447843652,2000-01-31,0.4543724473148902,-0.0052283447843652,2000-05-01,0.2124531417387778,-0.0052283447843652,2000-10-27,0.0,1.0,False,True,False,False,False,False,False,1,False,unknown,,,,0.3916351985667823,-0.00522834478436518,1999-12-30,0.013807058685002982,0.03624050951513786,0.0,0.0,0.0,1.0,-1.0,-1.8369701987210297e-16
1999-11-30,62.00173568725586,23702400.0,-0.0380365233294172,0.1178706390110533,0.231413354652175,0.4207188424941301,,0.2763863385259487,0.2890139336911908,55.64366271972656,54.8158579312838,,,,-0.0539020947661231,101.98999786376952,0.0295780373247303,0.0204102148855864,,24.87,0.1413492427719138,0.1227990970654628,,,,,,12851.9296875,0.0672383094519903,,9900.169,43.21,2.660000000000004,1.2800000000000011,,,,1.2981525555270823,1.2981525555270823,0.0549714449164324,,,,6.01,0.2199999999999997,0.2799999999999993,,6.18,0.1600000000000001,0.1999999999999993,,6.29,0.1299999999999999,0.2199999999999997,,0.1699999999999999,0.2800000000000002,-0.08,,2.56253813300793,0.1787842669844996,0.4179302898706716,0.2814037310350459,4.1,-0.2000000000000001,-0.2000000000000001,24.18,1.9800000000000004,-0.2699999999999996,4.91,-0.2599999999999998,0.0099999999999997,-0.16878,-0.05731,-0.0187,0.88,-0.12,,,,,,,0.2448982467219285,0.0216842241396759,1999-12-30,0.4642859274281545,0.0216842241396759,2000-03-01,0.1309522454494549,0.0178572670071208,2000-05-31,-0.1094811461712309,-0.1094811461712309,2000-11-28,0.0,1.0,False,False,False,False,False,False,False,0,False,unknown,,,,0.22023839590810113,0.02168422413967619,2000-01-31,0.0607359095641812,0.07172413138715661,0.0,0.0,0.0,0.0,-0.8660254037844386,0.5000000000000001
1999-12-31,77.0804214477539,14464400.0,-0.001365931711915,0.2168121728369412,0.5175814074634244,0.5553197630785929,,0.2811676690848342,0.2843893359990312,64.0063890838623,61.234834993802586,51.852418384552,,0.4865347432033737,-0.0121619508869788,101.87000274658205,-0.0021548986110301,0.0398081196007451,,25.76,0.0299880047980807,0.0509995920032639,,,,,,13812.669921875,0.1802372110763699,,9900.169,44.19,0.0,3.640000000000001,,,,1.3951953670563604,1.3951953670563604,0.1870038043091768,,,,6.24,0.2000000000000001,0.5099999999999998,,6.45,0.2400000000000002,0.4500000000000002,,6.48,0.1800000000000006,0.33,,0.2099999999999999,0.2400000000000002,-0.0599999999999996,,2.620353443022561,0.1784651992861485,0.3559715580776501,0.5293325328134646,4.1,-0.1000000000000005,-0.1000000000000005,24.64,2.41,-0.2899999999999991,4.76,-0.1000000000000005,-0.2999999999999998,-0.17234,-0.0035599999999999,-0.0816499999999999,1.12,0.1,,,,,,,0.0078659142232297,-0.1234613981768935,2000-02-01,0.1983580262860305,-0.1234613981768935,2000-03-31,0.0225714224912489,-0.1812587937248869,2000-06-30,-0.3611491935384093,-0.3900481387615763,2000-12-29,1.0,0.0,False,False,False,False,False,False,False,0,False,unknown,,,,0.15056381293436605,-0.1234613981768935,2000-03-02,-0.06723698751420978,-0.04746194960362219,1.0,1.0,1.0,0.0,-0.5000000000000004,0.8660254037844384
2000-01-31,75.65689849853516,36014600.0,0.0428782616825438,-0.019808728045655,0.3640686753796118,0.5891474532858965,,0.745259912876685,0.4838128549524356,71.91912376403809,68.73451761099008,55.00595275878906,53.99328614999582,0.3754311070713416,-0.0681818502158267,105.12999725341795,0.0325083241849784,0.0612759927763355,,27.65,0.0733695652173911,0.2689307021569527,,,,,,13230.6201171875,0.0627515946190304,,9900.169,43.77,-0.4199999999999946,3.220000000000006,,153.433,,1.3364034611113709,1.3364034611113709,0.051188114650694,,,,6.61,0.4199999999999999,0.8200000000000003,,6.68,0.29,0.6600000000000001,,6.49,0.0600000000000005,0.33,,0.0699999999999994,-0.1200000000000001,-0.1600000000000001,,2.676399026763998,0.2375296912114022,0.046429607803744,0.7107970611620384,4.0,-0.2000000000000001,-0.2999999999999998,24.95,0.1899999999999977,2.75,4.87,0.1600000000000001,-0.2999999999999998,-0.21105,-0.0422799999999999,-0.0995799999999999,0.92,0.02,,,,,,,0.1999998789895749,0.0268294229991001,2000-03-01,0.0662017782280262,-0.103832793441961,2000-05-01,-0.0027873742966395,-0.1658537623300799,2000-07-31,-0.2557492809207602,-0.4041813236342133,2001-01-30,1.0,0.0,False,False,False,False,False,True,True,2,True,unknown,,,,0.1958183637555222,0.026829422999100183,2000-03-30,0.0638326159600044,0.08161047261865179,0.0,0.0,0.0,1.0,0.0,1.0
2000-02-29,90.0501708984375,23978600.0,0.0264427548469252,0.2412796130229522,0.3971379109318449,0.8083649389685474,,0.4086837719644859,0.5172832697532064,79.45027923583984,76.45097433236928,58.94093463897705,57.57812398618406,0.5278035791256053,0.0,105.91999816894533,0.0137824920151685,0.0398586052843705,,30.57,0.121012101210121,0.1830495356037151,,,,,,13511.0,0.0378499310388698,,10002.179,42.18,-1.5900000000000034,-1.0300000000000011,,153.433,,1.3508056594468063,1.3508056594468063,0.0358523727276605,,,,6.53,-0.0499999999999998,0.4900000000000002,,6.42,-0.2400000000000002,0.2099999999999999,,6.15,-0.2999999999999998,-0.1599999999999992,,-0.1100000000000003,-0.3799999999999999,-0.2800000000000002,,2.792956891317555,0.2962085308056972,0.2304187583096251,0.6483490481802967,4.0,-0.0999999999999996,-0.2999999999999998,23.37,-2.77,-0.1999999999999993,5.08,0.2800000000000002,0.1799999999999997,-0.19025,0.0207999999999999,-0.0214699999999999,0.64,-0.2099999999999999,,,,,,,0.0304448271701838,-0.03629992096962,2000-03-29,-0.1984777501691087,-0.2991804834273429,2000-05-30,-0.0772832052986954,-0.2991804834273429,2000-08-28,-0.5555035916122062,-0.5555035916122062,2001-02-28,1.0,0.0,False,True,False,False,False,False,False,1,False,unknown,,,,-0.11241232779036214,-0.2470727072717439,2000-04-28,-0.005723331313517432,-0.17951484579737467,0.0,1.0,0.0,0.0,0.49999999999999994,0.8660254037844387
2000-03-31,92.36994171142578,31349900.0,0.0209792539154318,0.0415398197078451,0.1983580262860305,0.8186058601762456,0.9729724686785192,0.4836502450934513,0.5572784018125625,87.67407653808594,85.06675274188702,64.62571296691894,62.59932535188692,0.4293063468206339,-0.0700634266587061,105.44000244140624,-0.0019876865256951,0.0350446608282239,0.046654801243817,26.86,-0.1475721993018089,0.0427018633540372,0.5855962219598583,,,,,14296.1796875,0.03500480127012,0.1923568813008007,10002.179,43.22,0.0,-0.9699999999999988,0.519999999999996,153.433,,1.429306522858669,1.429306522858669,0.0341111558023086,0.1553738071788362,2.156611022781678,0.6269938949368772,6.5,-0.0199999999999995,0.2599999999999998,1.54,6.03,-0.3700000000000001,-0.4199999999999999,0.8300000000000001,5.84,-0.3100000000000005,-0.6400000000000006,0.25,-0.4699999999999997,-0.6600000000000001,-0.6799999999999997,-0.71,3.217972070431085,0.4134672179562759,0.5976186274085249,0.953590185486175,4.1,0.0,-0.1000000000000005,24.11,3.0500000000000007,-0.5300000000000011,5.75,0.6399999999999997,0.9900000000000002,-0.08934,0.10091,0.0829999999999999,0.15,-0.97,,,,,,,-0.1769406959363475,-0.2659816588810231,2000-05-02,-0.1466895534881024,-0.3167808048045806,2000-06-30,-0.1894974466662696,-0.3167808048045806,2000-09-29,-0.6584474143422961,-0.6584474143422961,2001-04-02,1.0,0.0,False,True,False,False,False,False,False,1,False,unknown,,,,-0.20205485816478297,-0.3167808048045806,2000-06-01,-0.21872140782034494,-0.2730846734477492,1.0,1.0,1.0,0.0,0.8660254037844386,0.5000000000000001
2000-04-28,79.92742156982422,24828400.0,0.0383559197182272,-0.1386363939085039,0.1017444822843223,0.4913917434707238,0.7638152802301525,0.7856201432873202,0.5818082472279797,87.02558868408204,85.72619042029747,67.51082391738892,65.59156878359683,0.1839201024657784,-0.1953287925323725,110.13999938964844,0.036611758961397,0.0541730077609079,0.0904950434618656,25.71,-0.024658573596358,-0.0572057205720571,0.3756019261637238,,,,,13541.7001953125,0.0402609238004258,0.104600876960645,10002.179,43.53,0.3100000000000023,-0.240000000000002,0.8299999999999983,153.433,,1.3538750101665349,1.3538750101665349,0.0389884047585866,0.0513065264924688,0.7864761937314256,0.8681049594600626,6.68,0.0899999999999998,0.0999999999999996,1.5999999999999996,6.23,0.0500000000000007,-0.4299999999999997,0.8700000000000001,5.97,-0.0200000000000004,-0.4800000000000004,0.29,-0.4499999999999993,-0.71,-0.5299999999999994,-0.7299999999999995,3.762135922330101,0.588235294117645,1.0857368955661029,1.132166503369847,4.0,0.0,-0.2000000000000001,26.2,2.099999999999998,0.0599999999999987,5.71,0.0300000000000002,0.91,-0.03253,0.07755,0.1785199999999999,0.41,-0.6000000000000001,0.953755160147992,,,,,,-0.0969655450086276,-0.2104222055856452,2000-05-30,-0.0831133515656895,-0.2104222055856452,2000-07-28,-0.1569920984108145,-0.2104222055856452,2000-10-26,-0.5129288666065243,-0.6406333059921172,2001-04-30,1.0,0.0,True,True,False,True,False,True,False,4,True,unknown,,,,-0.007915716382021154,-0.21042220558564528,2000-06-28,-0.1777044202947869,-0.15493991099844992,1.0,1.0,0.0,1.0,1.0,6.123233995736766e-17
2000-05-31,70.12100219726562,29675400.0,-0.0284883998709569,-0.1307190179202838,-0.2276424813862417,0.1309522454494549,0.6067651650710872,0.7383699272008725,0.6724250714303385,78.81760528564453,81.94516941950872,70.13209064483642,67.94190846692335,-0.0001581080425357,-0.2940551515524389,108.73999786376952,-0.0081182104528484,0.0367051053153217,0.0578849780644703,29.03,0.1234520123839009,-0.0845159255755282,0.7477423239012644,,,,,13052.9599609375,-0.0467630047456346,0.0973817069483193,10247.72,41.96,0.0,-1.259999999999998,-0.2199999999999988,153.433,,1.273742838498466,1.273742838498466,-0.0952888299697245,0.0251203907004959,-0.5716441689086366,-0.6089945513275513,6.69,-0.04,0.1700000000000008,1.1400000000000006,6.29,0.0,-0.0999999999999996,0.4900000000000002,6.02,0.0399999999999991,-0.1400000000000005,0.0799999999999991,-0.4000000000000003,-0.6700000000000008,-0.2700000000000004,-0.6500000000000004,3.013863773357439,-0.0584795321637354,0.220906882039884,0.4513256403495091,3.8,-0.2000000000000001,-0.2999999999999998,23.65,-2.2300000000000004,2.009999999999998,6.16,0.33,1.0499999999999998,0.02469,0.05722,0.21494,0.66,0.03,0.4965646222926008,,,,,,0.1024441567202341,0.051127963529143,2000-06-29,0.1909779238159483,0.0428569563372467,2000-08-29,-0.2125937612203374,-0.2125937612203374,2000-11-28,-0.4618946457909454,-0.5903758881067143,2001-05-31,0.0,1.0,False,True,True,True,False,False,False,3,True,unknown,,,,0.07594033228519503,0.04511320980535105,2000-07-31,0.0887597079720158,0.08573560079353852,0.0,0.0,0.0,0.0,0.8660254037844387,-0.4999999999999998
2000-06-30,78.82023620605469,15153100.0,0.0196074909395098,0.0693848508800294,-0.1466895534881024,0.0225714224912489,0.5904255425600289,0.455348571831178,0.674245526278814,75.39907165527343,76.94615501990685,73.19915975570679,71.00637765832849,0.07679154336071,-0.2064754073743965,106.83999633789062,-0.0202659940579577,0.0132776352813759,0.0323702632454481,32.44,0.0745279894004635,0.2077438570364853,0.6467005076142132,,,,,13618.5,-0.0474028518326847,0.0693001344470853,10247.72,42.78,0.0,-0.4399999999999977,-1.0499999999999972,153.433,,1.328929752179021,1.328929752179021,-0.1003767706796476,-0.0080028149830506,0.3645541642179766,0.1900909515771963,6.38,-0.2300000000000004,-0.1200000000000001,0.7999999999999998,6.03,-0.1699999999999999,0.0,0.2099999999999999,5.9,-0.0499999999999998,0.0600000000000005,-0.0999999999999996,-0.3499999999999996,-0.4799999999999995,0.1200000000000001,-0.5899999999999999,3.1325301204819134,0.1755412521942556,-0.085441949949172,0.5121766774593528,4.0,-0.0999999999999996,-0.0999999999999996,19.54,-2.8200000000000003,-4.57,6.17,-0.0499999999999998,0.4199999999999999,-0.00125,-0.02594,0.08809,0.15,0.0,0.0515307139902588,-1.4657524249837557,,,,,-0.0555184401003336,-0.0702338738294354,2000-08-01,-0.050166845317732,-0.0722411090523917,2000-09-29,-0.3752506745150529,-0.4035117275696763,2000-12-29,-0.5135782875942081,-0.635585293413322,2001-07-02,1.0,0.0,False,True,False,True,False,False,False,2,True,unknown,,,,0.05819375351728362,-0.07224110905239178,2000-08-30,-0.041069947264218844,-0.04362684613898279,0.0,0.0,1.0,0.0,0.49999999999999994,-0.8660254037844387
2000-07-31,75.44601440429688,27609900.0,0.0294964432471249,-0.024040967765558,-0.0647055312919494,-0.0027873742966395,0.5847179045210371,0.4196527778047685,0.5589529547871774,77.84355850219727,77.10209397536057,76.05003458023072,73.6816922952463,-0.0079424050135916,-0.2404454651863093,109.56999969482422,0.0255522599261397,-0.0005472731925283,0.0974559666849759,27.5,-0.1597922395355941,0.0642414860681115,0.3440860215053762,,,,,13330.3095703125,-0.0288858405049876,0.0977538014996424,10247.72,42.75,-0.0300000000000011,0.7899999999999991,0.8200000000000003,153.433,,1.3008073571792067,1.3008073571792067,-0.0715756318174909,0.0260863752120863,-0.1755692112741547,0.154919564369789,6.3,-0.0700000000000002,-0.4300000000000006,0.6499999999999995,6.04,0.0,-0.25,0.1200000000000001,5.79,-0.0899999999999998,-0.1900000000000004,-0.3399999999999998,-0.2599999999999998,-0.5099999999999998,0.1800000000000006,-0.5299999999999994,3.7349397590361377,0.5841121495327117,-0.0271961632939632,1.0585407322721396,4.0,0.0,0.0,20.74,1.0399999999999991,-5.140000000000001,6.26,0.1499999999999994,0.4299999999999997,-0.11604,-0.13286,-0.08351,-0.23,-0.52,0.4095520435077758,-1.035524275790715,,,,,0.106918188749765,-0.0307483370176138,2000-08-29,-0.1086650028415813,-0.1600282034531785,2000-10-27,-0.2536689770104946,-0.4025159118442368,2001-01-30,-0.5330818719245697,-0.6192873344349096,2001-07-31,1.0,0.0,False,True,False,True,False,False,False,2,True,unknown,,,,0.023759867163656967,-0.030748337017613814,2000-09-28,-0.004193304384934193,-0.0037272805516061305,0.0,0.0,0.0,1.0,1.2246467991473532e-16,-1.0
2000-08-31,85.72689056396484,15588700.0,0.0278130935089517,0.1723147101544384,0.0854473825756463,-0.0849748808538457,0.6964004390919896,0.2562299586248721,0.3607342043578443,79.86362014770508,79.68590440016527,78.82778791427613,76.52393098779626,0.0875212007368693,-0.1369425012379708,112.5999984741211,0.0174392368040841,0.0414354015328646,0.134508800746812,33.09,0.1704987619384508,0.0906394199077127,0.5362116991643455,278.29998779296875,,,,14280.0400390625,0.0397302473443712,0.1880993609524839,10318.165,42.87,0.0,0.0899999999999963,1.5499999999999972,153.433,,1.3839708939586155,1.3839708939586155,0.0437342250032282,0.1431641911138892,1.2961982684059592,0.2709641209563352,6.18,-0.0500000000000007,-0.3399999999999998,0.4399999999999995,5.73,-0.25,-0.4199999999999999,-0.2999999999999998,5.67,-0.0999999999999996,-0.2700000000000004,-0.4800000000000004,-0.4499999999999993,-0.5099999999999998,-0.08,-0.7399999999999993,3.5992801439711952,0.2903600464576161,0.5854163706137561,0.8063232526536401,4.0,0.2000000000000001,0.0,16.84,-3.16,-4.640000000000001,6.43,0.0999999999999996,0.2199999999999997,-0.19853,-0.08249,-0.2306,-0.58,-0.86,0.2621372470742346,-0.2837153046661691,,,,,-0.1463711448378238,-0.1463711448378238,2000-10-02,-0.3802275106918188,-0.3806888241290912,2000-11-30,-0.5321033124947993,-0.5404672495048457,2001-03-05,-0.6395571488898353,-0.6649446508421963,2001-08-31,1.0,0.0,False,True,False,False,True,False,False,2,True,unknown,,,,-0.19603315832168589,-0.26076259334065777,2000-10-31,-0.12964303942679126,-0.23358260268430303,1.0,1.0,0.0,0.0,-0.4999999999999997,-0.8660254037844388
2000-09-29,74.86607360839844,27198800.0,-0.030716869860758,-0.1024014727688956,-0.050166845317732,-0.1894974466662696,0.473984693180532,0.4844407028281265,0.3974066499217488,78.97524612426758,79.52348116361178,80.14433689117432,78.64399593800037,-0.0658594666513129,-0.2462840328684615,113.25,0.0098983468556539,0.059996292416907,0.1559660976718238,30.87,-0.071578947368421,-0.0483970406905054,0.259485924112607,273.6000061035156,-0.0010952457088484,,,13613.330078125,-0.0003796249128024,0.163204421429286,10318.165,41.89,-0.9799999999999968,-0.8900000000000006,1.3400000000000034,153.433,,1.319355726345237,1.319355726345237,-0.0095740258337846,0.1111641635980531,0.0948440478986923,-0.7518685093345538,5.98,-0.2599999999999998,-0.3999999999999994,0.25,5.8,-0.0099999999999997,-0.2300000000000004,-0.2000000000000001,5.88,0.1399999999999996,-0.0200000000000004,-0.2700000000000004,-0.1800000000000006,-0.1000000000000005,0.169999999999999,-0.4500000000000002,3.3512866546977715,0.0,0.2187565342158581,0.133314584266686,4.1,0.0999999999999996,0.0,20.57,2.879999999999999,1.0300000000000011,6.72,0.4399999999999995,0.5499999999999998,-0.19672,0.00181,-0.19547,-0.43,-0.58,0.4601295783207214,-0.9448055897487068,0.4100629738140869,,,,-0.1350358499460808,-0.1535214656380014,2000-10-30,-0.3422536132738657,-0.3720073157165617,2000-12-29,-0.5785915981968941,-0.5785915981968941,2001-04-02,-0.6421410006842052,-0.682366333885195,2001-10-05,1.0,0.0,False,True,False,True,False,True,False,3,True,unknown,,,,-0.2908453877702758,-0.2908453877702758,2000-11-29,-0.13278193706494526,-0.22599799849661922,1.0,1.0,1.0,0.0,-0.8660254037844385,-0.5000000000000004
2000-10-31,68.92157745361328,43863800.0,0.0643195613448071,-0.0581775243228241,-0.0574978450241079,-0.0832747802381578,0.2484182967154646,0.6588263173098902,0.4930358768449833,74.95146354675293,75.57496590247521,79.44839910507203,79.01851662644395,-0.1324988517079723,-0.3061303885335059,116.6500015258789,0.0251340239681929,0.0540345482594541,0.1761443957143387,32.7,0.0202808112324495,0.1567032189600283,0.4539795464650957,264.8999938964844,-0.0300256756637461,,,13314.6796875,-0.0038977663185677,0.0764207857311696,10318.165,39.37,0.0,-3.5,-3.8400000000000034,153.433,,1.2904115884462013,1.2904115884462013,-0.0139546777513042,0.0134550516061291,-0.3810733299234264,-2.652758735625039,5.94,-0.04,-0.29,0.1300000000000007,5.77,-0.0600000000000005,-0.2100000000000008,-0.2700000000000004,5.79,-0.1399999999999996,0.0200000000000004,-0.3600000000000003,-0.1700000000000008,-0.1500000000000003,0.0799999999999991,-0.4000000000000012,3.45649582836709,0.5211349160393786,-0.2784439306690478,-0.305640093963011,3.9,-0.1,-0.1,23.63,2.3999999999999986,3.629999999999999,7.79,1.0200000000000005,1.46,-0.16821,0.02851,-0.0521699999999999,-0.61,-0.3399999999999999,0.5985832562953973,-0.870890664288361,0.4335688911635055,,,,-0.2291069019533437,-0.229680698549618,2000-11-30,-0.2026010636407784,-0.3459552902474282,2001-02-01,-0.4271944163674441,-0.5832473035102271,2001-05-03,-0.5325760605661762,-0.6549703836384007,2001-11-06,1.0,0.0,False,True,False,True,False,True,False,3,True,unknown,,,,-0.3459552902474282,-0.3459552902474282,2001-01-02,-0.19816411656411903,-0.2831643430619663,1.0,1.0,0.0,1.0,-1.0,-1.8369701987210297e-16
2000-11-30,53.13116836547852,74792600.0,0.0007448814993911,-0.2291069019533437,-0.3802275106918188,-0.327269573688042,-0.187052472290185,0.5651061215080762,0.5650052143256107,66.91970512390137,70.05531821617713,77.48131914138794,77.79176583161225,-0.3142712468727495,-0.4651007055761647,115.23999786376952,-0.0120874722988886,0.0234458208296972,0.1240733675108192,33.61,0.0278287461773698,0.015714717437292,0.2986862442040185,270.1000061035156,0.0196300956090744,-0.0294645420378286,,11976.240234375,-0.1613300661892784,-0.0834897946936487,10435.744,38.78,-0.5899999999999963,-4.089999999999996,-5.409999999999997,153.433,,1.1476172886547429,1.1476172886547429,-0.2363536053038728,-0.1722813642432532,-2.7841008855751097,-2.5405205812530376,5.61,-0.33,-0.5699999999999994,-0.4499999999999993,5.48,-0.2899999999999991,-0.25,-0.7599999999999998,5.6,-0.1900000000000004,-0.0700000000000002,-0.71,-0.1299999999999999,-0.0100000000000006,0.3199999999999994,-0.3100000000000005,3.4503271861986877,0.1728110599078514,-0.1489529577725079,0.4364634128412481,3.9,-0.1,0.1,29.65,6.02,12.81,9.06,1.2700000000000005,2.630000000000001,-0.10692,0.06129,0.09161,-0.73,-0.15,1.319900743395864,-2.2834018071863724,-0.3841398335653841,,,,-0.1515753462966048,-0.1515753462966048,2001-01-02,-0.2450508927437409,-0.2585460658182712,2001-03-05,-0.2723592310376991,-0.4593897681198982,2001-06-04,-0.3187199584836807,-0.5524287125726512,2001-12-06,1.0,0.0,True,True,False,True,False,False,False,3,True,risk_off,1.0,2.6228107756310222e-222,0.0,0.03438328657984813,-0.15157534629660496,2001-02-01,-0.1022078448066226,-0.09316684014194805,1.0,1.0,0.0,0.0,-0.8660254037844386,0.5000000000000001
2000-12-29,49.24288940429688,49191000.0,-0.049847721437658,-0.0724922670134685,-0.3422536132738657,-0.3752506745150529,-0.3611491935384093,0.7379197930437711,0.6517065890884015,60.09581962585449,62.2965826181265,73.86135406494141,75.44323610185504,-0.3333064357173732,-0.5042460460014369,109.55999755859376,-0.0604579625663082,-0.0325828030146246,0.075488314564414,26.72,-0.2272990167727009,-0.134434726271461,0.0372670807453414,272.0,0.0210210444137308,-0.0058479753940877,,12175.8798828125,-0.1055913716234877,-0.1184991785310333,10435.744,37.27,-1.509999999999998,-4.619999999999997,-6.919999999999995,153.433,,1.1667476590852075,1.1667476590852075,-0.1526080672600291,-0.2284477079711528,-2.144205991502861,-2.839213600067668,5.11,-0.5800000000000001,-0.8700000000000001,-1.13,5.12,-0.4299999999999997,-0.6799999999999997,-1.33,5.46,-0.2000000000000001,-0.4199999999999999,-1.0200000000000005,0.0099999999999997,0.3499999999999996,0.1900000000000004,-0.2000000000000001,3.444180522565321,0.1725129384703816,0.0928938678675495,0.3116504020834076,3.9,-0.1999999999999997,-0.1,26.85,-0.639999999999997,6.280000000000001,9.0,0.3100000000000005,2.28,-0.09087,0.0160499999999999,0.10585,-0.77,-0.34,0.8042157759692155,-1.8807831666186328,-0.2433263235118751,,,,0.1014986914280011,-0.0845826947473058,2001-01-31,-0.3593147597501473,-0.3593147597501473,2001-04-02,-0.2214129850749043,-0.4167025209610118,2001-07-02,-0.2940474073045772,-0.5170879346129224,2002-01-07,1.0,0.0,True,True,False,True,False,False,False,3,True,risk_off,1.0,7.312773896921576e-223,0.0,-0.19999995351982014,-0.19999995351982014,2001-03-02,-0.024411390494865338,-0.14200337941894828,0.0,1.0,1.0,0.0,-0.5000000000000004,0.8660254037844384
2001-01-31,54.2409782409668,59322200.0,-0.0367040889452185,0.1014986914280011,-0.1623851876113368,-0.2713880358179782,-0.3017986644805749,0.8077357671227278,0.7212680003644122,54.25078338623047,56.91425405649039,70.1152306175232,71.97558100588687,-0.2264023413564742,-0.453927668400325,110.5199966430664,0.0087623138541896,-0.0573987493128664,0.0533739856257318,28.62,0.0711077844311378,-0.1290322580645161,0.0120226308345119,265.6000061035156,-0.0235293893253102,0.0049187225523643,,12631.3603515625,-0.0257864857827635,-0.0568530138126105,10435.744,36.98,-0.2900000000000062,-2.390000000000001,-5.200000000000003,147.379,-6.054000000000002,1.2103938494047477,1.2103938494047477,-0.0461958829083621,-0.14238914585902,-1.2878884332597724,-2.492334814121985,4.62,-0.4900000000000002,-1.3499999999999996,-1.9799999999999995,5.19,0.0700000000000002,-0.5499999999999998,-1.4299999999999995,5.54,0.08,-0.2199999999999997,-0.8899999999999997,0.5700000000000003,0.92,0.7999999999999998,0.5499999999999998,3.4360189573459543,0.2296211251435087,-0.0204768710211356,-0.2989208016901834,3.9,0.0,-0.1,22.02,-4.830000000000002,-3.4400000000000013,7.87,-1.13,0.25,-0.22533,-0.13446,-0.05712,0.2,0.8500000000000001,0.0593124399229321,-0.9822105750441936,0.969149773139043,-2.8419479692451013,-0.6151553897700828,0.4223056878550494,-0.2737167527243754,-0.2737167527243754,2001-03-02,-0.2382582198245763,-0.4704510467617608,2001-05-02,-0.3297047945955491,-0.4704510467617608,2001-08-01,-0.4391915238167777,-0.56158634672455,2002-02-06,1.0,0.0,False,True,False,True,False,False,False,2,True,risk_off,1.0,3.966812616107299e-199,3.7462526739915616e-278,-0.41835133783113476,-0.41835133783113476,2001-04-02,-0.2443233384300539,-0.37608426824980623,1.0,1.0,0.0,1.0,0.0,1.0
2001-02-28,40.0269775390625,102187900.0,-0.0316328787912207,-0.2917913093647233,-0.3178794885099891,-0.5182742842220802,-0.5555035916122062,0.4442091359440862,0.6947932814202045,50.394098052978514,51.92039020244892,67.49603178024292,68.19991355758529,-0.4069728770220979,-0.597027456722099,112.01000213623048,0.0021473159199467,-0.0434670914108978,0.0574962620143877,27.35,-0.0591675266597866,-0.2453090507726268,-0.1053320248609748,266.79998779296875,0.0152207008592069,-0.0122177646648483,,11425.2900390625,-0.0781365644171102,-0.1543712501619051,10470.231,35.83,-1.1499999999999986,-2.950000000000003,-6.350000000000001,147.379,-6.054000000000002,1.091216615857138,1.091216615857138,-0.0964026310013033,-0.2595890435896684,-2.80298647672421,-2.5933523358623,4.41,-0.3599999999999994,-1.4500000000000002,-2.12,4.92,-0.4000000000000003,-0.7199999999999998,-1.5,5.34,-0.3500000000000005,-0.3700000000000001,-0.8100000000000005,0.5099999999999998,0.9299999999999996,0.7300000000000004,0.6200000000000001,3.7212049616065945,0.572737686139746,0.2708777754079072,0.1219248176353993,4.2,0.3000000000000002,0.2000000000000001,28.35,5.740000000000002,1.4200000000000017,7.7,-0.3299999999999992,-0.7199999999999998,-0.27888,-0.05355,-0.17196,0.07,0.76,0.7744614605502543,-1.5762042355214416,0.2626288525872328,-4.045312937533603,2.180240226960901,0.4410548933114077,-0.1791357185552956,-0.1791357185552956,2001-03-29,-0.0636460204451953,-0.2824026440145043,2001-05-30,-0.1966285174488641,-0.2824026440145043,2001-08-28,-0.2075871413932863,-0.405901047496043,2002-03-06,1.0,0.0,True,True,False,True,False,False,False,3,True,risk_off,1.0,9.103596462848608e-159,4.528829062367723e-230,-0.027397465241033148,-0.2824026440145043,2001-04-30,-0.1546890677369084,-0.21737499783979514,1.0,1.0,0.0,0.0,0.49999999999999994,0.8660254037844387
2001-03-30,33.02540969848633,63661300.0,0.0051342179686948,-0.1977461792596376,-0.3627675253204466,-0.5724235165033587,-0.6349650380905109,0.6651277853214146,0.6685608498056003,44.22934432983399,45.79308894230769,63.4561887550354,64.46167959608474,-0.4795557321291899,-0.6424658380573469,117.37000274658205,0.0547268514925449,0.063326740959378,0.1128283055669767,26.37,-0.050755939524838,0.0213013168086755,-0.0112485939257592,257.8999938964844,-0.0275264629507182,-0.0507913790597531,,10645.849609375,-0.1362863295177763,-0.2467877055600359,10470.231,32.32,0.0,-4.950000000000003,-10.9,147.379,-6.054000000000002,1.0167731360821934,1.0167731360821934,-0.1643280793055161,-0.3963119214337738,-3.052893732445661,-3.1023490120054507,4.18,-0.2300000000000004,-1.0,-2.34,4.93,0.0599999999999996,-0.2000000000000001,-1.13,5.46,0.1699999999999999,0.0199999999999995,-0.4299999999999997,0.75,1.2800000000000002,0.7999999999999998,1.21,3.529411764705892,0.2277904328018332,0.0852312421405709,0.1781251100081204,4.2,0.3000000000000002,0.1000000000000005,28.64,0.5600000000000023,2.0700000000000003,8.2,0.5199999999999996,-0.8000000000000007,-0.2548,0.0240799999999999,-0.18401,0.63,1.37,0.6354663359573872,-1.6385868703007205,-0.2843363902912425,-3.5683568407310893,-0.28779383157205,0.4387536270053261,0.2273308435210379,-0.1302680719979513,2001-05-01,0.1673055218689463,-0.1302680719979513,2001-06-29,-0.2005107645898376,-0.2799488138084668,2001-10-04,-0.1111109057636501,-0.2799488138084668,2002-04-08,1.0,0.0,True,True,False,True,False,True,False,4,True,risk_off,1.0,5.903099635766338e-133,3.081724596311542e-249,0.14252895177808922,-0.13026807199795132,2001-05-31,-0.08546586607338699,-0.04223053956444286,1.0,1.0,1.0,0.0,0.8660254037844386,0.5000000000000001
2001-04-30,38.93033981323242,73859100.0,0.0221482455017527,0.1848518162432482,-0.3111944323498009,-0.4222223392268568,-0.5129288666065243,0.8048602693297259,0.6700257557322796,37.2130248260498,40.53086547851562,58.97005708694458,61.04334968704361,-0.3398286904176791,-0.5503046805639499,115.8499984741211,-0.0064322470824599,0.0365035515218277,0.0518431007455526,28.48,0.0759350207782396,-0.0202958376332988,0.1077401789187086,264.0,0.0200927838187963,0.0045662567076547,,11512.4599609375,-0.0892509795638544,-0.1498512155126155,10470.231,32.17,-0.1499999999999985,-4.809999999999995,-11.36,147.379,-6.054000000000002,1.0995421171641295,1.0995421171641295,-0.1117419456324473,-0.2543328930024051,-1.784058909513116,-2.6470603007789903,4.3,0.0300000000000002,-0.4699999999999997,-2.38,5.35,0.3699999999999992,0.0299999999999993,-0.8800000000000008,5.78,0.2999999999999998,0.0899999999999998,-0.1899999999999995,1.0499999999999998,1.4800000000000004,0.4999999999999991,1.4999999999999991,2.9824561403508643,0.0568181818181745,-0.45356281699509,-0.4740396880162256,4.3,0.3999999999999999,0.3999999999999999,25.48,-3.690000000000001,2.870000000000001,8.06,-0.0700000000000002,0.0300000000000011,-0.33452,-0.0832199999999999,-0.1091899999999999,1.4,1.19,0.1922117029277122,-1.3257723377193695,0.1247037186159675,-3.3416857667253126,-1.7566631966382786,0.4510697790972273,-0.0372696491204862,-0.0372696491204862,2001-05-30,-0.0964245731775131,-0.1300104699934495,2001-07-30,-0.2342362416594033,-0.3891657370076787,2001-11-01,-0.3722643161359894,-0.3891657370076787,2002-05-06,1.0,0.0,True,True,False,True,False,False,False,3,True,risk_off,1.0,2.210419578071337e-149,8.609915507098916e-228,-0.03900295482126781,-0.09382446764468266,2001-06-28,-0.021798496965563685,-0.07321523302662616,0.0,1.0,0.0,1.0,1.0,6.123233995736766e-17
2001-05-31,37.73248672485352,68018300.0,0.0067521594136592,-0.0690945658137821,-0.0834017831295469,-0.316610248042966,-0.4618946457909454,0.4977236603413765,0.674025386312805,37.20965003967285,37.452686720628,54.68768743515015,57.08988892495096,-0.3100368932294399,-0.564141418948466,119.06999969482422,0.032697281381459,0.0700036035314608,0.0949972598307038,28.39,0.0007049700387733,0.0219582433405327,-0.0220461591457113,265.29998779296875,0.0034039104283667,0.000376981830074,,11610.2197265625,0.0158161178500202,-0.1105297372161232,10599.0,34.07,0.0,1.75,-7.890000000000001,147.379,-6.054000000000002,1.0954070880802431,1.0954070880802431,0.0037931403734066,-0.1783357504182228,-1.710159832854547,-1.876179570317213,4.22,-0.0100000000000006,-0.1900000000000004,-2.4700000000000006,5.43,0.1299999999999999,0.5599999999999996,-0.8600000000000003,5.78,0.0300000000000002,0.4900000000000002,-0.2399999999999993,1.21,1.5600000000000005,0.75,1.6100000000000003,3.2182562902282053,0.1703577512776943,-0.5029486713783893,-0.232070895970482,4.4,0.2000000000000001,0.5000000000000004,22.64,-1.5599999999999987,-5.439999999999998,7.68,-0.2700000000000004,0.0,-0.42331,-0.08879,-0.14443,1.8,1.77,0.2637638524269354,-0.3700460160378708,0.6882946338092661,-2.215547652625077,-4.449571537235783,0.453422642533677,0.0216857262586636,-0.0650570776775049,2001-06-29,-0.1602946313165701,-0.1797448678617518,2001-08-29,-0.0871895581440137,-0.3697742319168929,2001-12-04,-0.3543483216893153,-0.3697742319168929,2002-06-06,1.0,0.0,False,True,False,True,False,True,True,4,True,risk_off,1.0,2.2039988413139104e-130,9.320834247631446e-211,-0.0663983512858971,-0.10239183852145506,2001-07-31,-0.05446011639468662,-0.0838610365369367,0.0,1.0,0.0,0.0,0.8660254037844387,-0.4999999999999998
2001-06-29,38.550743103027344,59719600.0,0.0304395208638121,0.0216857262586636,0.1673055218689463,-0.2561550135923439,-0.5013130086748976,0.3656658685425051,0.5870112859762981,38.79993041992188,37.54807275625376,50.08514934539795,53.18747793661581,-0.2302959338870462,-0.554689509072293,119.43000030517578,0.0030234367285986,0.0175513121784751,0.1178398015614694,26.37,-0.0711518140190208,0.0,-0.1943171402383133,270.6000061035156,0.0199774540309547,0.0492439414796139,,11407.150390625,0.0715115100423342,-0.1572389373073499,10599.0,33.07,-1.0,0.75,-9.71,147.379,-6.054000000000002,1.07624779607746,1.07624779607746,0.0594746599952666,-0.2445777334366661,-1.764981022977179,-1.9657859810737388,4.25,0.0300000000000002,0.0700000000000002,-2.12,5.42,-0.0099999999999997,0.4900000000000002,-0.6200000000000001,5.75,-0.0300000000000002,0.29,-0.1299999999999999,1.17,1.5,0.4199999999999999,1.5,3.56308411214954,0.5102040816326481,0.0336723474436473,0.1189035895842183,4.3,0.0999999999999996,0.3999999999999999,19.06,-3.580000000000002,-9.580000000000002,8.16,0.4800000000000004,-0.0399999999999991,-0.46082,-0.0375099999999999,-0.2060199999999999,1.77,1.14,0.0,0.67109831771749,1.078997454246333,-1.3594925823338078,-3.6495518148611774,0.4394264668907158,-0.0862144544850574,-0.1214439642163556,2001-07-31,-0.3150985578050566,-0.3831510494024943,2001-10-04,-0.0881836117431434,-0.3831510494024943,2002-01-04,-0.4446388258835529,-0.4759297242408008,2002-07-08,1.0,0.0,False,True,False,True,False,False,False,2,True,risk_off,1.0,3.7321923049495486e-107,1.882326762231553e-218,-0.17811774491714982,-0.19715514168729675,2001-08-29,-0.1126476892681721,-0.16892785511365294,1.0,1.0,1.0,0.0,0.49999999999999994,-0.8660254037844387
2001-07-31,35.22711181640625,55732500.0,0.0014388414311723,-0.0862144544850574,-0.130905151846829,-0.3743819917800791,-0.5330818719245697,0.4245041032302979,0.4271817138497321,37.26886817932129,37.81139467679537,46.09918050765991,48.84296296953081,-0.2358408234490663,-0.5930817101240984,117.18000030517578,-0.0188394875177982,0.0163052662936533,0.0694533232777863,26.7,0.012514220705347,-0.0588649982375749,-0.0290909090909091,266.20001220703125,-0.0162601396793804,0.0068079362787414,,11208.509765625,-0.0393384060779191,-0.1591710825240616,10599.0,32.16,-0.9100000000000036,-1.910000000000004,-10.590000000000003,147.379,-6.054000000000002,1.0575063464123975,1.0575063464123975,-0.0568425379985577,-0.2433010107668092,-1.7915826948013347,-2.0098700674996803,3.79,-0.4599999999999999,-0.4400000000000004,-2.51,5.07,-0.3499999999999996,-0.2299999999999995,-0.9699999999999998,5.51,-0.2400000000000002,-0.2400000000000002,-0.2800000000000002,1.2800000000000002,1.7199999999999998,0.2100000000000008,1.54,3.193960511033689,0.2256063169768563,0.2115043706828245,-0.2420584463122654,4.5,0.2000000000000001,0.6000000000000001,21.62,2.5600000000000023,-2.5799999999999983,8.27,0.1099999999999994,0.3199999999999994,-0.4999,-0.03908,-0.16538,1.53,0.1500000000000001,0.1679729594089994,-0.5904313354305267,0.930633463669812,-2.538620644117469,-2.554472057270822,0.4227132898963771,-0.1005742440151015,-0.121407793925785,2001-08-29,-0.1475094254462793,-0.3249521688922155,2001-11-02,-0.1305073995817458,-0.3249521688922155,2002-02-05,-0.4612069899040302,-0.4865899636323313,2002-08-06,1.0,0.0,False,True,False,True,False,False,False,2,True,risk_off,1.0,7.217673041450104e-91,7.348829282875717e-175,-0.25047901495423286,-0.32495216889221556,2001-10-04,-0.10431034408076778,-0.3078171645346792,1.0,1.0,0.0,1.0,1.2246467991473532e-16,-1.0
2001-08-31,30.89964485168457,54309000.0,0.0127178020097433,-0.1657936161787597,-0.2007418058130208,-0.2296529111329551,-0.6395571488898353,0.4113021549461495,0.4030596639327192,34.7786754989624,35.506135999239405,42.19636549949646,44.6861677341633,-0.2677178594432901,-0.6430694998116677,113.41999816894533,-0.0245958087407615,-0.048410136372784,0.0072824130189723,26.65,-0.0434314429289304,-0.0529495380241649,-0.1946207313387732,274.3999938964844,0.0261780110687281,0.035862590482778,-0.0140136330131125,10515.08984375,-0.1036882674248189,-0.2636512352215836,10598.02,31.4,0.0,-1.6700000000000017,-11.47,147.379,-6.054000000000002,0.9921749386913782,0.9921749386913782,-0.1146756854830722,-0.3917959552672373,-2.19884164027488,-1.9931490008007136,3.64,-0.25,-0.5500000000000003,-2.54,4.85,-0.3200000000000003,-0.5,-0.8800000000000008,5.39,-0.1800000000000006,-0.3000000000000007,-0.2800000000000002,1.2099999999999995,1.7499999999999996,0.0500000000000002,1.6599999999999988,2.7214823393167498,-0.1688238604389269,-0.4967739509114555,-0.9997226222898448,4.6,0.1999999999999993,0.3999999999999994,24.92,4.830000000000002,3.5400000000000027,8.05,0.1000000000000005,0.3600000000000003,-0.43229,0.06761,0.00234,1.48,-0.1899999999999999,0.4203541618413085,-0.8664509788914792,1.2704417666622756,-3.2433300845206645,-1.173932456277527,0.4129155623572751,-0.1302213728833511,-0.2304123383295124,2001-10-08,0.1714440332109632,-0.2304123383295124,2001-12-06,0.0518705410197939,-0.2304123383295124,2002-03-11,-0.3699154454608376,-0.4146873582010422,2002-09-09,1.0,0.0,False,True,False,True,False,False,False,2,True,risk_off,1.0,5.382734386195996e-85,2.379057148802025e-155,0.0425878808637834,-0.23041233832951247,2001-11-06,-0.21981985162879258,-0.21087759230330919,1.0,1.0,0.0,0.0,-0.4999999999999997,-0.8660254037844388
2001-09-28,24.44639587402344,84810800.0,0.0175555789319079,-0.2234726961811156,-0.3316421910620875,-0.3068644739483466,-0.6881776025577658,0.4966076388007936,0.4350146607108014,31.680443954467773,32.81050485464243,39.82762565612793,41.82283786395649,-0.3861949972842008,-0.6834951003662848,113.4800033569336,0.003448642954039,-0.0409059867340613,-0.0007044223615704,23.44,-0.0854467420991025,-0.135374400590188,-0.2823025107164726,292.3999938964844,0.0621140823165424,0.0683229114191932,0.0757910486707111,9562.9501953125,-0.1502001691188671,-0.3008594055328604,10598.02,27.67,-3.729999999999997,-5.399999999999999,-14.22,147.379,-6.054000000000002,0.9023336618833044,0.9023336618833044,-0.1593872257004297,-0.4233042195253566,-2.690932274549524,-2.6107228195655376,2.86,-0.8600000000000003,-1.1,-3.23,4.6,-0.29,-0.5600000000000005,-1.25,5.42,0.0099999999999997,-0.1699999999999999,-0.5,1.7399999999999998,2.56,0.5399999999999996,1.98,2.7214823393167498,0.0,-0.8416017728327896,-0.8079294253891423,4.9,0.6000000000000005,0.7000000000000002,31.93,9.7,11.259999999999998,10.25,2.1,1.8000000000000007,-0.33815,0.1486,0.1159399999999999,2.2,0.5000000000000002,1.003942849023021,-1.382645999011198,0.2787627580907195,-5.177816407269826,-0.0981333562210099,0.4167515557799086,0.1746040712331606,-0.0086267000141687,2001-10-29,0.3916495903238148,-0.0086267000141687,2001-12-28,0.2108346040462663,-0.0086267000141687,2002-04-02,-0.2850237716424311,-0.2850237716424311,2002-09-30,0.0,1.0,True,True,False,True,False,False,False,3,True,risk_off,1.0,1.8168332522331017e-82,4.0952138523256074e-271,0.3371289835524076,-0.008626700014168875,2001-11-28,0.04168413831931321,0.07165877746215399,0.0,0.0,1.0,0.0,-0.8660254037844385,-0.5000000000000004
2001-10-31,28.59671974182129,106175500.0,0.0155782697967397,0.1762661858120158,-0.1918950282377468,-0.2491694896207236,-0.5646872315754803,0.5605094805145571,0.489893236999586,28.424466247558595,29.959656465970557,37.039244937896726,38.52956368042542,-0.2279345923555116,-0.5918737261805702,114.86000061035156,0.0163702189111629,-0.0177869145513049,-0.0306354740388421,21.2,-0.0660792951541849,-0.2142327650111194,-0.3694229625223081,279.5,-0.035874419163313,0.0452505848156443,0.0499623861122326,9796.8603515625,-0.1225539909552604,-0.2306364077476685,10598.02,28.58,0.0,-3.5799999999999983,-10.79,147.379,-6.054000000000002,0.9244047804743244,0.9244047804743244,-0.1290153719280248,-0.3097022265916122,-2.2521154928079343,-2.1602666639721257,2.44,-0.33,-1.4300000000000002,-3.43,4.3,-0.2300000000000004,-0.8300000000000001,-1.37,4.89,-0.4500000000000002,-0.6600000000000001,-0.8600000000000003,1.86,2.45,0.6000000000000001,2.06,2.5921658986175045,0.3945885005636862,-0.6017946124161844,-0.3902902417333598,5.0,0.5,0.7000000000000002,33.56,2.3800000000000026,11.560000000000002,9.61,-0.5600000000000005,1.33,-0.38304,-0.0448899999999999,0.11686,2.25,0.6699999999999999,0.4163800453509388,-0.7553273085804405,0.5319266730247381,-4.189675310146117,0.018989132835447,0.4424172625639445,0.169617226587728,0.0424777246482455,2001-11-30,0.1250739265747953,0.0424777246482455,2002-02-01,-0.1227138788269154,-0.1227138788269154,2002-05-03,-0.2758111713684535,-0.4082595801737581,2002-10-31,0.0,1.0,True,True,False,True,False,False,False,3,True,risk_off,1.0,2.8727023519879005e-62,7.586352664857845e-206,0.18318590038216054,0.04247772464824573,2002-01-02,0.0807080303319228,0.10104891529780367,0.0,0.0,0.0,1.0,-1.0,-1.8369701987210297e-16
2001-11-30,33.44721603393555,66018200.0,-0.0075086698796659,0.169617226587728,0.0076244230686575,-0.1402856299334004,-0.4370894166939573,0.3736851395913143,0.486959294975806,29.494102478027344,29.439764462984524,34.814822149276736,36.67893518843093,-0.0392822950373624,-0.46689059159606,116.12999725341795,0.0110569095970556,0.0241643696844369,-0.0198346221888261,19.46,-0.0820754716981131,-0.2708879730236043,-0.4603438713255685,273.8999938964844,-0.0200358000125783,0.0047688472628835,0.0285392656849243,10531.4501953125,-0.0341911679428492,-0.1474849822579218,10660.465,30.01,1.4300000000000033,-1.389999999999997,-8.77,147.379,-6.054000000000002,0.9878978257808172,0.9878978257808172,-0.0410000507506008,-0.1958596186752271,-1.6626819987942976,-1.7462286320775051,2.84,0.3999999999999999,-0.94,-3.0200000000000005,4.78,0.4800000000000004,-0.1600000000000001,-0.8499999999999996,5.27,0.3799999999999999,-0.2000000000000001,-0.4000000000000003,1.9400000000000004,2.43,0.7799999999999998,2.170000000000001,2.127659574468077,-0.2807411566535633,-0.5938227648486727,-1.0905967157601282,5.3,0.7000000000000002,0.8999999999999995,23.84,-9.720000000000002,3.280000000000001,8.39,-1.2199999999999989,0.25,-0.37454,0.0085,0.08835,3.0,1.51,0.3862191058181886,0.1009849482337665,0.9684035680493688,-1.9187284661672577,2.371500820136617,0.4737907046019732,0.0116009524192952,-0.0216903834369279,2002-01-02,-0.0562424419652994,-0.1556119437677086,2002-03-05,-0.2595213701845132,-0.2761668670357289,2002-06-04,-0.2938214894707303,-0.4940734401180111,2002-12-02,1.0,0.0,False,True,False,True,False,False,False,2,True,risk_off,1.0,8.123190110063484e-42,5.661050128107735e-130,-0.03808365591782925,-0.056746833680296316,2002-02-01,-0.014023355645942459,-0.03351589645883879,0.0,0.0,0.0,0.0,-0.8660254037844386,0.5000000000000001
2001-12-31,32.822967529296875,46176900.0,-0.035209303780642,-0.0260322213784172,0.3543340103683314,-0.1057226576851718,-0.3568592546039644,0.3971227060582054,0.4486268879702513,32.61477180480957,31.32324080834022,33.94468848228455,34.88045445863191,-0.0330455515469847,-0.4258150161254513,116.75,0.005338868175714,0.0331858407079646,0.0535101996165474,19.96,0.076010781671159,-0.1366782006920415,-0.2370030581039754,278.70001220703125,0.0190128417076096,-0.0462012301027383,0.0182681760211904,10707.6796875,0.1249429816488629,-0.106321568801329,10660.465,30.5,0.4899999999999984,1.9200000000000017,-6.770000000000003,147.379,-6.054000000000002,1.0044289519734833,1.0044289519734833,0.1062970441383405,-0.1437000245637909,-1.4678787672242986,-1.5661147840766605,3.07,0.1999999999999997,0.25,-2.03,5.07,0.2800000000000002,0.5200000000000005,0.0500000000000007,5.48,0.2400000000000002,0.1000000000000005,0.08,2.0000000000000004,2.4100000000000006,0.2700000000000004,2.0800000000000005,1.894374282433997,-0.0563063063063085,-0.8271080568827527,-1.6687098297155425,5.5,0.5999999999999996,1.2000000000000002,23.8,-1.379999999999999,-8.52,8.24,-0.0899999999999998,-1.9000000000000004,-0.3714,0.0167999999999999,-0.03325,3.33,1.15,0.146267052860183,1.5477288183883644,0.9103728210743052,-0.9033219049803988,3.831020998501754,0.4732516772254666,-0.0102801561629799,-0.0388074326177567,2002-01-31,-0.099717421804614,-0.1395528235505229,2002-04-03,-0.3844767828901309,-0.3844767828901309,2002-07-02,-0.3736831070445346,-0.4844514003624216,2002-12-31,1.0,0.0,False,True,False,True,False,False,True,3,True,risk_off,1.0,6.290608748579367e-68,1.2936959804618824e-169,-0.045232443054345595,-0.1395528235505229,2002-03-04,-0.02035477661051206,-0.11413811571354085,0.0,1.0,1.0,0.0,-0.5000000000000004,0.8660254037844384
2002-01-31,32.48554229736328,69655500.0,0.0062715538505804,-0.0102801561629799,0.1536851477240028,-0.0630169922236887,-0.4029455719947848,0.330686396839796,0.3681284121391521,33.737552375793456,33.17648089482234,33.91879121780396,33.910777152121604,-0.042255306541949,-0.4252240666300532,120.23999786376952,0.0298929153213665,0.0515085218036222,0.077322795504201,19.71,-0.0125250501002004,-0.097114063215758,-0.3764631445745017,282.1000061035156,0.0121994752334588,0.0053456876955542,0.0665406657977907,10564.6904296875,0.0804032456110477,-0.1574340213147737,10660.465,30.28,-0.2199999999999988,1.7000000000000028,-6.699999999999996,132.14700000000002,-15.231999999999973,0.9910159106274914,0.9910159106274914,0.0683464189146526,-0.2104997609851411,-1.4930109619170464,-1.5294693772690733,3.16,0.0900000000000003,0.6800000000000002,-1.62,5.07,0.0,0.6299999999999999,-0.2199999999999997,5.44,-0.04,0.2200000000000006,-0.1699999999999999,1.91,2.28,-0.0500000000000002,1.4000000000000004,1.603665521191311,-0.0563380281690117,-0.9885003774261936,-1.590294989842378,5.7,0.7000000000000002,1.2000000000000002,21.09,-2.710000000000001,-12.37,7.89,-0.3500000000000005,-1.8400000000000007,-0.4635,-0.0921,-0.08046,3.31,0.92,0.160731081444747,0.6615355212637756,1.1711167056941023,-0.9987226848987708,4.322000508708125,0.4521006776981895,-0.0353153340402471,-0.1306154142432558,2002-03-04,-0.2077382399255979,-0.2077382399255979,2002-05-02,-0.4097637475354895,-0.4222280348853731,2002-08-01,-0.3653598155917936,-0.4790964303202601,2003-01-31,1.0,0.0,False,True,False,True,False,True,True,4,True,risk_off,1.0,7.368873368963939e-58,1.8890522886620223e-141,-0.09036624474952115,-0.13061541424325585,2002-04-03,-0.11716440677369011,-0.10557161050955591,1.0,1.0,0.0,1.0,0.0,1.0
2002-02-28,28.495494842529297,95711200.0,-0.0180236582492548,-0.110584534155811,-0.1597013590592607,-0.1037407929264142,-0.3376471245431314,0.3419146652989427,0.3654786140336573,32.21627460479736,32.695001426109904,33.12419889450073,33.556253321535955,-0.1397378414105552,-0.3522531979034292,119.16000366210938,-0.0038455030422226,0.019420004143331,0.0513499868737252,21.78,0.1284974093264248,0.1129279509453244,-0.2363253856942495,296.70001220703125,0.0543710683809579,0.0860175657027118,0.1477756758492505,10332.8896484375,-0.0264820877924278,-0.104938131661968,10783.5,29.09,-1.1900000000000013,-0.9200000000000016,-6.739999999999998,132.14700000000002,-15.231999999999973,0.958212978016182,0.958212978016182,-0.0374255543144901,-0.1443730182359541,-1.6397109197072923,-1.6694004229095791,3.06,0.0100000000000002,-0.0499999999999998,-1.5699999999999998,4.88,-0.1399999999999996,-0.1000000000000005,-0.2700000000000004,5.54,0.1399999999999996,0.1699999999999999,0.0200000000000004,1.82,2.48,-0.0500000000000007,1.2999999999999994,1.1958997722095743,0.1691093573844337,-0.9317598022585027,-1.5255825671071754,5.7,0.4000000000000003,1.1000000000000003,21.59,-2.7600000000000016,-2.41,8.19,-0.0700000000000002,0.0099999999999997,-0.49268,-0.0291799999999999,-0.10448,3.09,0.0299999999999998,0.2167753599072273,-0.68352202359531,0.9882041343742404,-1.5030326172391677,2.7954198793866247,0.4330222486167182,0.0879217228879065,0.0526937158522249,2002-04-01,-0.0959145763617643,-0.1503848834854121,2002-05-30,-0.3049144549415034,-0.3653048364755566,2002-08-28,-0.2551807428269341,-0.4061575333507453,2003-02-28,1.0,0.0,False,True,False,True,False,False,False,2,True,risk_off,1.0,2.149496498212542e-52,1.6809536274486215e-148,-0.060686904001553965,-0.08111308510141269,2002-04-30,0.05896955028853714,-0.03976719557736921,0.0,1.0,0.0,0.0,0.49999999999999994,0.8660254037844387
2002-03-28,30.418800354003903,59539400.0,0.0126366458730113,0.0482549068595041,-0.0914594449248761,0.2577604039291004,-0.1574771011469422,0.357211420226895,0.3471905619037678,31.05114757537842,31.774481347891,32.266929664611816,33.01470220411146,-0.0572762679876174,-0.2936339763387358,118.62000274658205,-0.0079451112374914,0.006533765654906,0.019948406138835,26.21,0.224766355140187,0.2293621013133209,0.0007636502481862,302.6000061035156,0.0212622968953641,0.0818734104292209,0.1589429300263858,10775.740234375,0.0067585852261831,0.0500715822202022,10783.5,30.29,1.1999999999999993,-0.2100000000000008,-2.030000000000001,132.14700000000002,-15.231999999999973,0.9992804037997868,0.9992804037997868,-0.0047471307050401,0.0191768935477205,-1.2984644068677298,-1.3749243196220475,3.72,0.6300000000000003,0.4600000000000004,-0.4499999999999997,5.42,0.5800000000000001,0.2000000000000001,0.6899999999999995,5.91,0.4000000000000003,0.3900000000000005,0.6600000000000001,1.6999999999999995,2.19,-0.2600000000000002,1.1399999999999992,1.1363636363636465,0.1688238604389491,-0.7580106460703506,-1.5851187029531033,5.7,0.2000000000000001,0.7999999999999998,17.4,-4.09,-4.890000000000001,7.11,-1.2000000000000002,-1.1499999999999997,-0.49596,-0.00328,-0.13782,3.63,0.1599999999999997,0.6174808639795837,-0.3816815315139477,1.0768160358831629,-0.0369595188231199,2.894694513727968,0.4241216229602649,-0.1369934134309225,-0.1392120320447207,2002-04-29,-0.2731553229916933,-0.2939544570889827,2002-06-27,-0.4009979300500896,-0.4170823663492811,2002-09-26,-0.276760492022554,-0.4437047237646452,2003-03-28,1.0,0.0,False,True,False,True,True,False,False,3,True,risk_off,1.0,5.138894447406952e-45,1.5174166214993988e-102,-0.1602879996829738,-0.20410394594704395,2002-05-29,-0.11214608885309507,-0.1664814700091632,1.0,1.0,1.0,0.0,0.8660254037844386,0.5000000000000001
2002-04-30,26.766191482543945,95357900.0,0.0196013168827613,-0.1365986391879154,-0.1645604051489947,-0.118855652042873,-0.2837473468188213,0.3395180906148387,0.348325594109477,29.65403949737549,30.015719927274265,31.31180729866028,31.892499640181256,-0.1451725789175645,-0.3784525350753371,115.19000244140624,-0.0219070584631119,-0.037033942513451,-8.67578741380326e-05,27.32,0.0186428038777031,0.4155440414507771,0.0824088748019018,308.8999938964844,0.0187994111476521,0.0977256595468021,0.1696326647391637,10241.1796875,-0.00741643063512,-0.0773213572734873,10783.5,29.01,0.0,-1.2699999999999996,-3.16,132.14700000000002,-15.231999999999973,0.9497083217415496,0.9497083217415496,-0.0181387839252763,-0.1103829399149505,-1.534102651958578,-1.5006606286185802,3.24,-0.5,0.1900000000000004,-0.92,5.11,-0.33,0.0900000000000007,-0.1099999999999994,5.72,-0.2000000000000001,0.3199999999999994,-0.0300000000000002,1.87,2.4799999999999995,-0.0999999999999996,0.8100000000000005,1.362862010221466,0.2808988764045006,-0.2408035109698447,-1.2293038883960383,5.7,0.0,0.7000000000000002,21.91,3.18,-2.4400000000000013,6.88,-0.1200000000000001,-1.38,-0.58035,-0.07616,-0.11685,3.34,0.04,0.2674524451265216,-0.6894055050930246,1.5283277456815796,-1.0691335579645758,1.7916846212763342,0.4123721604196113,-0.0375036529462682,-0.0954931639577678,2002-05-30,-0.2338477779077078,-0.2987707786816586,2002-07-30,-0.2281752271204422,-0.3677907087859476,2002-10-28,-0.1348881897370042,-0.3677907087859476,2003-04-30,1.0,0.0,False,True,False,True,False,False,False,2,True,risk_off,1.0,1.8205412546535214e-42,7.802836711643717e-96,-0.17743460094933483,-0.19760499267700515,2002-06-28,-0.07185624825369397,-0.17067602980067806,0.0,1.0,0.0,1.0,1.0,6.123233995736766e-17
2002-05-31,25.34057235717773,79907400.0,-0.016372302239367,-0.0481623847641881,-0.1594851293977424,-0.2247740944961925,-0.3979963052630291,0.5615809716807335,0.412134562407831,27.730551414489742,28.55493149390588,30.30282382011413,30.807383588842445,-0.1637554140958508,-0.3868138106482003,111.80999755859376,-0.0238344974254623,-0.0635678716104546,-0.0553396672691886,25.37,-0.0455229495861548,0.1341081805990165,-0.0929567393636038,326.5,0.0562924411287693,0.0956375838926173,0.1698315759939617,10106.490234375,-0.0429468855915549,-0.1557084793201709,10887.46,28.13,0.0,-2.16,-5.940000000000001,132.14700000000002,-15.231999999999973,0.9282688739499388,0.9282688739499388,-0.0510059223244618,-0.2011187930764316,-1.5680406095934558,-1.5444891426166851,3.22,0.0100000000000002,0.04,-1.1,5.08,0.0,0.0999999999999996,-0.4399999999999995,5.75,0.0599999999999996,0.1500000000000003,-0.1200000000000001,1.86,2.53,0.0599999999999996,0.6600000000000006,1.643990929705219,0.4481792717086819,0.4480911574956447,-0.483668644762858,5.9,0.2000000000000001,0.6000000000000005,19.98,-0.0799999999999983,0.0199999999999995,7.28,0.3900000000000005,-0.71,-0.62535,-0.0449999999999999,-0.1332099999999999,3.34,0.1299999999999999,0.0073598028449858,-0.6573576569253542,1.1682956387540728,-1.0637907479906077,0.688031498149662,0.4064930889843451,-0.1727697433597691,-0.1727697433597691,2002-07-01,-0.2080556487631342,-0.2862847569555309,2002-08-29,-0.0709052505698206,-0.3322236488125103,2002-11-27,-0.0153128635942337,-0.3322236488125103,2003-06-02,1.0,0.0,False,True,False,True,False,False,False,2,True,risk_off,1.0,7.436559398822738e-61,1.1074823579014417e-130,-0.20605832200165008,-0.25932077040692725,2002-07-31,-0.14860180352524843,-0.22373854937160687,1.0,1.0,0.0,0.0,0.8660254037844387,-0.4999999999999998
2002-06-28,22.016942977905277,87842000.0,-0.0041972509533187,-0.1453833548889874,-0.2897959151027205,-0.3476632398962339,-0.3965320726427138,0.3767819746713757,0.4309810995647788,25.217921409606934,26.136117700430063,29.417590799331663,29.708094270379693,-0.2515721927029635,-0.4288840835294739,106.11000061035156,-0.0455158553740736,-0.0990065073029898,-0.1076444593184091,26.79,0.0811138014527843,-0.0011185682326622,-0.0085122131754256,313.5,-0.0368663594470045,0.0339709346249488,0.1513037607565222,9384.0302734375,-0.1282978504916386,-0.1704695260057463,10887.46,26.39,-1.7399999999999984,-2.620000000000001,-6.68,132.14700000000002,-15.231999999999973,0.8619118025175294,0.8619118025175294,-0.136389276677537,-0.2054020913344849,-1.8557952165112344,-1.7206358447382886,2.9,-0.27,-0.8400000000000003,-1.0300000000000002,4.86,-0.1999999999999993,-0.5800000000000001,-0.2799999999999993,5.7,-0.04,-0.2199999999999997,0.1200000000000001,1.9600000000000004,2.8000000000000003,0.2600000000000002,0.7500000000000009,1.2408347433727984,0.1115448968209698,0.1044711070091519,-0.6535395390611987,5.8,0.0999999999999996,0.2999999999999998,25.4,4.789999999999999,6.669999999999998,9.23,2.0100000000000007,2.2300000000000004,-0.53949,0.0918599999999999,-0.0353,3.16,-0.4899999999999997,0.6273140108690234,-1.1965824476770912,1.104959787323102,-2.477958211114799,-0.0230584751634322,0.3993229606164439,-0.0685819960619303,-0.1475094598828974,2002-07-30,-0.1835249768717027,-0.1946359156834848,2002-09-27,-0.04904229920614,-0.2314175967726159,2002-12-27,0.1475094598828974,-0.2314175967726159,2003-06-30,1.0,0.0,True,True,False,True,False,False,False,3,True,risk_off,1.0,6.196677333964026e-54,5.379659873334968e-204,-0.10038343723704835,-0.17854387064821364,2002-08-28,-0.12383133335683934,-0.14159206562937282,1.0,1.0,1.0,0.0,0.49999999999999994,-0.8660254037844387
2002-07-31,20.11893653869629,93831300.0,-0.018922366815166,-0.0402410071134021,-0.2442964465777318,-0.3767961960647845,-0.4111110850576622,0.5856338876255105,0.5169873852515255,22.50367965698242,23.379360815194936,28.81237787246704,28.53482233511435,-0.3017259239154349,-0.4568434240317858,107.41000366210938,0.0084499249631764,-0.0622489715071358,-0.0791323368984705,27.02,0.0085852930197836,0.0165537998495108,0.0116061400224634,303.20001220703125,-0.0343948655827029,-0.0190876537689504,0.1326111258170035,8616.9404296875,-0.1648997410868898,-0.2173049575182392,10887.46,23.46,0.0,-4.669999999999998,-8.699999999999996,132.14700000000002,-15.231999999999973,0.7914555304623393,0.7914555304623393,-0.1654184154098265,-0.2472575851617761,-2.0717731459424447,-2.024299227006364,2.23,-0.6499999999999999,-0.98,-1.75,4.51,-0.3399999999999998,-0.5700000000000003,-0.6900000000000004,5.51,-0.1600000000000001,-0.1800000000000006,-0.0700000000000002,2.28,3.28,0.4099999999999997,1.0599999999999996,1.0692177827799745,0.0557103064066755,-0.2936442274414919,-0.5344477384113366,5.8,0.0999999999999996,0.0999999999999996,32.03,4.920000000000002,11.970000000000002,9.71,1.0200000000000014,2.820000000000001,-0.44057,0.09892,0.13978,2.8,-0.5100000000000002,0.7091560390315752,-0.9355168014733394,0.5636878435634519,-2.845632623526672,1.2396883256456896,0.3995685267180872,-0.0025157096759544,-0.1010482724072932,2002-08-29,0.0029348366158623,-0.1589100689725,2002-10-29,0.0272537742992422,-0.1589100689725,2003-01-30,0.3333330489223811,-0.1589100689725,2003-07-31,1.0,0.0,True,True,False,True,False,False,False,3,True,risk_off,1.0,2.8436128381163343e-39,1.7008709142895923e-220,-0.13123678851874698,-0.13123678851874698,2002-09-30,-0.06482199619135812,-0.1044026257114053,1.0,1.0,0.0,1.0,1.2246467991473532e-16,-1.0
2002-08-30,19.815242767333984,59474900.0,-0.0126109374627254,0.0334355472429799,-0.189441140140027,-0.3676989527334776,-0.4022904321652841,0.4628463063744681,0.490364621419663,20.52012985229492,21.306406490619366,27.72279191017151,27.955120988794278,-0.285236392079841,-0.4525753302813399,106.9800033569336,-0.0003736991906867,-0.0388140123663365,-0.056031045367733,28.97,0.0927951716333457,0.1541832669322709,0.0222300635144672,312.3999938964844,0.0276315588700144,-0.0437710981825274,0.1464219959504014,8654.0400390625,-0.1227611531034111,-0.2095619441036138,10984.04,23.59,0.0,-2.8000000000000007,-7.809999999999999,132.14700000000002,-15.231999999999973,0.7878740462582529,0.7878740462582529,-0.11822249450975,-0.2451878045638819,-1.9114310210383845,-1.8437530364267416,2.14,-0.0099999999999997,-1.0499999999999998,-1.6199999999999997,4.14,-0.33,-0.92,-0.79,5.11,-0.3999999999999994,-0.6499999999999995,-0.3399999999999998,2.0,2.97,0.1299999999999999,0.8299999999999996,1.465614430665152,0.222717149220486,-0.1783764990400671,0.2697146584555776,5.8,-0.1000000000000005,0.0999999999999996,32.64,-4.310000000000002,9.27,9.5,-0.0399999999999991,2.2300000000000004,-0.39096,0.04961,0.23439,2.45,-0.8399999999999999,0.5312501731426182,-0.6524495407118552,0.5105530759160254,-2.356653499786073,1.154952137670878,0.4037010785319173,-0.0642822036686484,-0.1179218885090174,2002-10-01,0.1800769167536025,-0.1460192971455864,2002-11-29,0.0429977435519122,-0.1460192971455864,2003-03-04,0.4418909269841429,-0.1460192971455864,2003-09-02,1.0,0.0,True,True,False,True,False,False,False,3,True,risk_off,1.0,3.357199582979459e-29,1.830992460772454e-190,0.04555162464839868,-0.14601929714558648,2002-10-30,-0.10038275489190669,-0.12321993937842553,1.0,1.0,0.0,0.0,-0.4999999999999997,-0.8660254037844388
2002-09-30,17.478591918945312,91502500.0,-0.0276860394174911,-0.1290457204102691,-0.1661966950918262,-0.4095178433385361,-0.2850237716424311,0.3257471221596828,0.4740086096964069,19.50465156555176,19.865864064143253,26.199151916503908,26.956337095380903,-0.3328565758674486,-0.5171286811509894,106.87000274658205,0.0015933064967406,0.0033799699852705,-0.0582481531090621,30.59,0.0610475199445024,0.1418439716312056,0.3050341296928327,323.8999938964844,0.0351550022836979,0.0315286429824344,0.1077291404156173,7773.6298828125,-0.1521363186201381,-0.1871096550703648,10984.04,22.36,-1.2300000000000004,-1.1000000000000014,-5.310000000000002,132.14700000000002,-15.231999999999973,0.7077204637649261,0.7077204637649261,-0.1343942475061141,-0.1946131981183784,-2.1715446192792407,-1.8818384107193364,1.72,-0.4200000000000001,-1.16,-1.14,3.63,-0.5300000000000002,-1.2199999999999998,-0.9699999999999998,4.88,-0.2999999999999998,-0.79,-0.54,1.91,3.16,-0.0599999999999998,0.1700000000000001,1.747463359639223,0.2777777777777768,0.5066286162664246,0.6110997232755766,5.7,-0.0999999999999996,0.0,39.69,6.019999999999996,12.579999999999998,10.33,0.8200000000000003,1.6400000000000006,-0.35461,0.04475,0.18488,2.06,-1.0699999999999998,0.6664815502203592,-0.5143907417001242,-0.0654030717008422,-2.6053610450010427,1.997637284220694,0.4066279146808312,0.1544398097910302,-0.0318536513609614,2002-10-29,0.1887063205983183,-0.0318536513609614,2002-12-30,0.2282815368619362,-0.0318536513609614,2003-04-01,0.5646713116020663,-0.0318536513609614,2003-09-30,0.0,1.0,True,True,False,True,False,False,False,3,True,risk_off,1.0,6.582500324378844e-29,4.3353496134279085e-222,0.34700740390247886,-0.03185365136096141,2002-11-27,-0.020174193807470608,0.00836518323807462,0.0,0.0,1.0,0.0,-0.8660254037844385,-0.5000000000000004
2002-10-31,20.70942497253418,81493100.0,-0.000407102661772,0.1552938014419329,0.1033707180083096,-0.1745123840974713,-0.2758111713684535,0.4194331238089313,0.4294579001142056,19.217671546936035,19.37867502065805,24.495495948791504,25.440776842134493,-0.1545619237174135,-0.4278722567889993,106.63999938964844,-0.0048525966283146,-0.0002812297723054,-0.0715653941931314,27.18,-0.1114743380189604,0.0115370301451431,0.2820754716981133,318.0,-0.0108864696734058,0.0358306188925081,0.1377459749552771,8357.3203125,0.0208586088276474,-0.1469389158775655,10984.04,21.96,0.0,-1.629999999999999,-6.619999999999997,132.14700000000002,-15.231999999999973,0.7608603312169292,0.7608603312169292,0.0089347160051396,-0.1635444492573952,-1.7207301747617407,-1.782134843606738,1.68,-0.07,-0.31,-0.76,3.93,0.2200000000000002,-0.3999999999999999,-0.3699999999999996,5.28,0.2999999999999998,-0.1600000000000001,0.3900000000000005,2.25,3.6000000000000005,-0.0899999999999998,0.3900000000000001,1.516002245929271,0.1662049861495873,0.4467844631492967,0.1531402357078048,5.7,-0.0999999999999996,0.0,31.14,-5.689999999999998,-10.15,10.59,0.25,0.8300000000000001,-0.38776,-0.03315,0.0384999999999999,2.49,-0.2099999999999999,0.3206693130998948,0.6788478712045429,0.223879384767147,-1.2034714389159695,0.8680289857530875,0.4049182242698738,0.1405292629573677,-0.009775640390974,2002-12-02,-0.0024440712736386,-0.009775640390974,2003-02-03,0.1507126323127461,-0.0305501080661351,2003-05-05,0.4329942530201829,-0.0305501080661351,2003-10-31,0.0,0.0,True,True,False,True,False,False,False,3,True,risk_off,1.0,1.107222234943521e-25,6.561179947547914e-244,0.034623437388184186,-0.009775640390974005,2003-01-02,0.016619205738082975,0.011314783205578141,0.0,0.0,0.0,1.0,-1.0,-1.8369701987210297e-16
2002-11-29,23.38351058959961,34652100.0,-0.0068078298549676,0.128664418794665,0.1800769167536025,-0.0434781998091278,-0.3061326388298546,0.3810328341345046,0.406796958835407,20.22134063720703,19.99330670283391,23.545097465515138,24.36698443610389,-0.0068628671489763,-0.3539967836035443,106.41000366210938,-0.0061641546147006,-0.0053280956902052,-0.0836992492998832,26.87,0.0007448789571693,-0.0724887814981014,0.4485175202156335,316.79998779296875,0.000947828729759,0.0140844877799273,0.1583180540876372,8846.7099609375,0.0222635810564,-0.1610349823784609,11061.433,23.35,1.3900000000000006,-0.2399999999999984,-6.66,132.14700000000002,-15.231999999999973,0.7997797356759743,0.7997797356759743,0.0119056894177214,-0.189369427992074,-1.429415514594542,-1.4932511345191348,2.08,0.3400000000000001,-0.06,-0.79,4.22,0.2299999999999995,0.08,-0.5700000000000003,5.23,-0.0699999999999994,0.1200000000000001,-0.0099999999999997,2.14,3.1500000000000004,0.1400000000000001,0.2199999999999997,2.027027027027017,0.221238938053081,0.5614125963618655,0.3830360973217983,5.7,-0.0999999999999996,-0.2000000000000001,27.5,-3.73,-5.140000000000001,9.01,-1.6099999999999994,-0.4900000000000002,-0.45598,-0.06822,-0.06502,3.0,0.5499999999999998,0.1410827743806345,1.046024506101897,1.3436719301727356,0.4256304468799936,0.1519431845332661,0.3965528795985233,-0.1208514666026737,-0.1208514666026737,2002-12-31,-0.1161612190320574,-0.1410530311767976,2003-03-04,0.0772008665142864,-0.1414142147430434,2003-06-03,0.2950939069115428,-0.1414142147430434,2003-12-01,1.0,0.0,True,True,False,True,False,False,False,3,True,risk_off,0.9999999999390744,6.092551874489428e-11,1.613760934085686e-154,-0.11832611809071258,-0.12085146660267376,2003-01-31,-0.10591633037496695,-0.11087052145564702,1.0,1.0,0.0,0.0,-0.8660254037844386,0.5000000000000001
2002-12-31,20.557579040527344,46015400.0,-0.0105566044369795,-0.1208514666026737,0.1087348073612861,0.0175357737052987,-0.3736831070445346,0.3005455456893598,0.3832167940179383,21.67344654083252,20.88890891441932,22.61422779083252,23.40198058051032,-0.090944902887151,-0.4151670661019443,101.8499984741211,-0.0428531625886224,-0.0487531636833978,-0.1276231394079563,31.21,0.1615184220320058,0.0162813415825464,0.563627254509018,347.6000061035156,0.0972222837668634,0.0832035298063735,0.2472191994211405,8343.1904296875,0.0371142836020432,-0.2208218145125103,11061.433,23.1,-0.25,1.1400000000000006,-7.399999999999999,132.14700000000002,-15.231999999999973,0.7542594553244141,0.7542594553244141,0.0218677199349308,-0.2501694966490692,-1.5566700229526749,-1.446033173469378,1.61,-0.47,-0.1899999999999999,-1.4599999999999995,3.83,-0.3899999999999997,0.1099999999999998,-1.2400000000000002,5.03,-0.2000000000000001,0.0200000000000004,-0.4500000000000002,2.22,3.42,0.2999999999999996,0.2199999999999993,2.2535211267605604,0.16556291390728,0.5060577671213373,1.012686383387762,5.9,0.2000000000000001,0.1000000000000005,28.62,1.120000000000001,-5.4999999999999964,8.9,-0.1099999999999994,-1.3100000000000005,-0.47237,-0.01639,-0.11776,2.61,0.48,0.3168912894627164,0.771783969471856,0.634679071029292,-0.2043241935202757,0.5557521629438882,0.3915355314139682,0.0028724935730739,0.0028724935730739,2003-01-31,0.0730409426826195,-0.023389390255715,2003-04-02,0.2708249289391851,-0.023389390255715,2003-07-02,0.4966866120645472,-0.023389390255715,2003-12-31,0.0,1.0,True,True,False,True,True,False,False,4,True,risk_off,1.0,7.545846125435082e-16,6.805793331868871e-149,0.005334988790223649,-0.022978556872589095,2003-03-04,0.01001258849896618,-0.013176131318563187,0.0,0.0,1.0,0.0,-0.5000000000000004,0.8660254037844384
2003-01-31,20.61663055419922,90505600.0,-0.0024494275486353,0.0028724935730739,-0.004886060508418,0.0752307770969484,-0.3653598155917936,0.3436819226615383,0.3467302236934736,21.8983402633667,21.78191566467285,21.77458958625793,22.567159059885388,-0.053179373483554,-0.3679853523460324,99.91000366210938,-0.0190475683954443,-0.0668721028590884,-0.1690784644282329,33.51,0.073694328740788,0.24804469273743,0.7001522070015218,368.2999877929688,0.0595511545626632,0.1636650483190165,0.305565330820384,8125.06982421875,-0.0317592457469343,-0.2309221099951258,11061.433,22.9,-0.2000000000000028,0.9399999999999976,-7.380000000000003,101.147,-31.00000000000001,0.7345404365075257,0.7345404365075257,-0.0294389443145579,-0.2564754741199657,-1.5713083503115313,-1.3979612885545496,1.72,0.1099999999999998,-0.02,-1.4400000000000002,4.0,0.1699999999999999,0.0099999999999997,-1.0700000000000005,5.03,0.0,-0.2699999999999996,-0.4100000000000001,2.28,3.3100000000000005,0.0300000000000002,0.3700000000000001,2.480270574971821,0.1652892561983643,0.9642683290425502,1.411052792191847,6.0,0.2999999999999998,0.2000000000000001,31.17,2.5500000000000007,-0.0599999999999987,8.29,-0.6100000000000012,-2.33,-0.52502,-0.05265,-0.13726,2.82,0.3399999999999998,0.1914622323176902,0.3188869211217825,0.8183779029387043,-0.4366735005865951,-0.0885389827981811,0.3863087411863764,0.0024554419758551,-0.0257770061611323,2003-03-04,0.1571195142737771,-0.0261866628081722,2003-05-02,0.2872341626259176,-0.0261866628081722,2003-08-01,0.5132754472825183,-0.0261866628081722,2004-02-02,0.0,1.0,True,True,False,True,False,False,False,3,True,risk_off,0.9999999991183444,8.816553295164577e-10,9.360965102062192e-123,0.06996746800736986,-0.026186662808172056,2003-04-02,-0.02070338823423181,-0.018821344266720958,0.0,0.0,0.0,1.0,0.0,1.0
2003-02-28,21.2239933013916,50185800.0,0.0157445871991088,0.0003974624258207,-0.0698706736076294,0.0715504911131246,-0.2551807428269341,0.2415237409091634,0.3006656286224887,21.20881328582764,21.484463178194485,21.209530334472657,21.78017764048533,0.0006819088726088,-0.3493662985847594,99.70999908447266,0.0043311876557501,-0.0640195228853192,-0.1632259481359973,36.76,0.096004770423375,0.3819548872180449,0.687786960514233,350.20001220703125,-0.0439529787673297,0.1022977612566824,0.1803168109163029,7972.60009765625,-0.0767794370508753,-0.2284249257552232,11174.129,21.21,-1.6899999999999975,-2.140000000000001,-7.879999999999999,101.147,-31.00000000000001,0.7134873865923912,0.7134873865923912,-0.0672107063615234,-0.2447255914237909,-1.5849305162893317,-1.5524074845926596,1.53,-0.24,-0.4399999999999999,-1.53,3.71,-0.3499999999999996,-0.3700000000000001,-1.17,4.9,-0.2099999999999999,-0.25,-0.6399999999999997,2.18,3.37,0.0699999999999994,0.3599999999999999,2.757456387169399,0.4400440044004305,0.7304293601423817,1.2918419565042472,5.8,0.0999999999999996,0.0,29.63,-1.6300000000000026,3.66,8.38,0.1400000000000005,-0.7599999999999998,-0.53855,-0.0206399999999999,-0.0888999999999999,2.51,-0.3500000000000001,0.0565441874491534,0.0594999771216987,1.505215150405381,-0.4939268949186742,-0.0133253055298527,0.3810299841165421,0.0035771784909168,-0.0540540832002919,2003-03-31,0.1840226250585823,-0.0540540832002919,2003-05-30,0.3151834399237563,-0.0540540832002919,2003-08-28,0.4731514803210248,-0.0540540832002919,2004-03-01,0.0,1.0,True,True,False,True,False,False,False,3,True,risk_off,0.9999999999979448,2.0548921690270257e-12,2.5848738580554752e-120,0.09101751204337738,-0.0540540832002917,2003-04-30,-0.0379171573810255,-0.02835165957686456,0.0,0.0,0.0,0.0,0.49999999999999994,0.8660254037844387
2003-03-31,21.299915313720703,89345300.0,-0.0318254726718226,0.0035771784909168,0.0173248649257777,0.1848897848749304,-0.3129251922507455,0.3438861129174058,0.3049460019065829,21.111972618103028,21.301994294386645,20.795426301956176,21.27202727343585,0.0242596138419664,-0.2826705622118584,99.05999755859376,-0.0065189201870139,-0.0327117076820796,-0.1588689786684662,31.14,-0.1528835690968443,-0.0471236230110159,0.1610738255033557,335.8999938964844,-0.0408338601144678,-0.0380871072325783,0.1078495394885568,8051.85986328125,-0.0305330025546807,-0.2520459391281061,11174.129,21.31,0.0999999999999978,-1.7900000000000027,-7.700000000000003,101.147,-31.00000000000001,0.720580535921972,0.720580535921972,-0.0302670437101153,-0.2777205432730945,-1.4730239034682309,-1.458055473324532,1.51,-0.02,-0.09,-2.2300000000000004,3.83,0.1200000000000001,0.0,-1.6100000000000003,5.07,0.1699999999999999,0.0100000000000006,-0.8499999999999996,2.3200000000000003,3.5600000000000005,0.0900000000000003,0.6200000000000001,3.146067415730336,0.5476451259583737,0.8925462889697755,1.3986040560911128,5.9,0.0,0.2000000000000001,29.15,-0.4800000000000004,-0.4000000000000021,7.72,-0.660000000000001,-1.3899999999999997,-0.5893,-0.05075,-0.11693,2.69,0.02,0.2504318295311104,0.6337621937499668,0.9980530557820256,-0.0001118506319538,0.0421376219321965,0.3773505526471803,0.0871286587883004,0.0079209906790278,2003-04-30,0.1861385349534219,0.0079209906790278,2003-06-30,0.3124749155793394,0.0079209906790278,2003-09-29,0.4227343428889194,0.0079209906790278,2004-03-30,0.0,1.0,True,True,False,True,False,False,False,3,True,risk_off,0.999992913821652,7.0861783475530044e-06,2.0682927415852176e-116,0.179802261784193,0.00792099067902785,2003-05-30,0.01560396479360704,0.023410434502113824,0.0,0.0,1.0,0.0,0.8660254037844386,0.5000000000000001
2003-04-30,23.15574836730957,60202100.0,-0.010097424869642,0.0871286587883004,0.091451150510327,0.1208655651662988,-0.1348881897370042,0.2276014988419289,0.2729655397280789,21.820394744873045,21.525992232102613,20.85392713546753,20.9579716759759,0.1103783098928736,-0.1664139187801087,97.19000244140624,-0.0188773991850887,-0.0210515346856194,-0.1562635612335894,26.09,-0.1621708413615928,-0.2221228384019081,-0.04502196193265,339.1000061035156,0.0095266813491441,-0.0742560267428303,0.0977663088499496,8701.9697265625,0.0619708658142281,-0.1502961580506395,11174.129,22.43,1.120000000000001,-0.4699999999999988,-6.580000000000002,101.147,-31.00000000000001,0.7787604498357321,0.7787604498357321,0.0379730742872838,-0.1709478719058175,-1.1331028338071667,-1.2404559518579934,1.51,0.0,-0.26,-1.7300000000000002,3.89,0.06,-0.1699999999999994,-1.2200000000000002,5.0,-0.0700000000000002,-0.1100000000000003,-0.7199999999999998,2.38,3.49,0.0900000000000003,0.5099999999999998,3.025210084033625,0.1633986928104569,0.5449395090618037,1.509207838104354,5.9,-0.0999999999999996,0.2000000000000001,21.21,-7.939999999999998,-10.05,6.44,-1.2799999999999994,-1.7999999999999998,-0.68346,-0.0941599999999999,-0.1655499999999999,2.76,-0.1200000000000001,0.2310941436811036,1.0945813898824042,3.0015198468599684,1.112603798939254,0.994395193123808,0.3732126107357317,0.0852462146469261,0.0087432902088511,2003-05-30,0.1446268830186055,0.0087432902088511,2003-07-30,0.2881604635016273,0.0087432902088511,2003-10-28,0.2988682881392943,0.0087432902088511,2004-04-29,0.0,1.0,False,True,False,True,False,False,False,2,True,neutral,8.435566639190417e-15,0.9999999999999928,1.3633309312889455e-99,0.09107466293407884,0.008743290208851118,2003-06-30,0.009908996340364861,0.01732453035202952,0.0,0.0,0.0,1.0,1.0,6.123233995736766e-17
2003-05-30,25.129688262939453,78093700.0,0.0163768884467383,0.0852462146469261,0.1840226250585823,0.1012941666790656,-0.0245580461596768,0.2466820747897729,0.2743170308185347,23.04389591217041,22.60925439687876,21.30624455451965,21.15582857046041,0.1794517892928595,-0.0083219941233311,93.2699966430664,-0.0403334262770816,-0.0645873282573233,-0.1610146786066887,29.56,0.133001149865849,-0.1958650707290533,0.1928974979822435,364.5,0.0749041387180944,0.0408337729711867,0.1198156682027649,9218.8896484375,0.1563215933968178,-0.0860605235632101,11312.766,23.59,1.16,2.379999999999999,-4.539999999999999,101.147,-31.00000000000001,0.8149103100371298,0.8149103100371298,0.1014229234447385,-0.1115666155956625,-0.9003890006922052,-1.0220672764038985,1.33,-0.1799999999999999,-0.1999999999999999,-1.84,3.37,-0.52,-0.3399999999999998,-1.6899999999999995,4.59,-0.4100000000000001,-0.3100000000000005,-1.1500000000000004,2.04,3.26,-0.1399999999999996,0.1500000000000003,2.175125488008911,-0.3806416530723333,-0.5823308991604881,0.1480984609818936,6.0,0.2000000000000001,0.2999999999999998,19.47,-1.740000000000002,-10.16,6.81,0.3699999999999992,-1.5700000000000012,-0.71305,-0.02959,-0.1745,2.26,-0.25,0.1072080921765699,1.5576848415596554,3.530412769744929,1.5107611803363774,2.1845966963246077,0.3690119991026255,0.0053706230056271,-0.0090633200543385,2003-06-30,0.1107755984465959,-0.0090633200543385,2003-08-28,0.1863037462674173,-0.0090633200543385,2003-11-26,0.2274012815295167,-0.0090633200543385,2004-05-28,0.0,1.0,False,True,False,False,False,False,False,1,False,neutral,5.58336588436643e-22,1.0,1.4554993658741326e-131,0.05471631005964683,-0.00906332005433852,2003-07-30,-0.004095332486185788,-0.0003356981983634692,0.0,0.0,0.0,0.0,0.8660254037844387,-0.4999999999999998
2003-06-30,25.264650344848636,72043000.0,0.0040226995132679,0.0053706230056271,0.1861385349534219,0.2066882248547501,0.1475094598828974,0.2299286143517046,0.2327482191855095,24.47946872711181,23.88783390338604,21.852703676223754,21.69031199893436,0.1561338459156958,-0.0313715063235665,94.7300033569336,0.0156535516930966,-0.0437108248372303,-0.1072471698045376,30.15,0.0199594046008118,-0.0317919075144509,0.1254199328107503,346.0,-0.0507544581618655,0.0300684914767463,0.1036682615629984,9342.419921875,0.1602809885550875,-0.0044341663816114,11312.766,24.83,1.2399999999999984,3.52,-1.5600000000000025,101.147,-31.00000000000001,0.8258298564537621,0.8258298564537621,0.10524932053179,-0.0360819460637673,-0.8028510039849368,-0.7954546298420128,1.32,-0.01,-0.1899999999999999,-1.5799999999999998,3.54,0.1699999999999999,-0.29,-1.3200000000000005,4.81,0.2199999999999997,-0.2600000000000007,-0.8900000000000006,2.22,3.4899999999999998,-0.1000000000000005,0.2599999999999993,1.8941504178273003,-0.16375545851528,-1.2519169979030351,-0.3593707089332598,6.1,0.1999999999999993,0.1999999999999993,19.52,0.0500000000000007,-9.63,6.13,-0.6799999999999997,-1.59,-0.71448,-0.00143,-0.1251799999999999,2.64,-0.0499999999999998,0.2520929192227867,1.471708501879776,3.1517001264426123,1.6580696637918773,2.531811472549065,0.36161424822745,0.0490820856755267,0.0133560794002516,2003-07-30,0.1065106451759265,0.0040066577316104,2003-09-29,0.217170331194743,0.0040066577316104,2003-12-29,0.2605928014390508,0.0040066577316104,2004-06-30,0.0,1.0,False,True,False,False,False,False,False,1,False,neutral,7.914148909119899e-17,1.0,2.0110240544572142e-105,0.10484190907215196,0.004006657731610241,2003-08-28,0.028113749157950174,0.01591559491583731,0.0,0.0,1.0,0.0,0.49999999999999994,-0.8660254037844387
2003-07-31,26.82524299621582,85544100.0,0.0120941196992649,0.0477756354138054,0.1484290887456398,0.2979587734607603,0.3333330489223811,0.2569083859218255,0.2426475022420253,25.809259338378908,25.35498173053448,22.79449748039245,22.32560485118144,0.1768297598703618,-0.0148698814452508,96.88999938964844,0.027465495801406,0.0019648650196746,-0.097942499895585,30.56,0.0049325879644852,0.1731285988483684,0.1310140636565506,354.0,0.0073989930241191,0.0347851320788448,0.1675461271363059,9555.1904296875,0.0984997241545624,0.1088843549118079,11312.766,24.87,0.0,1.2800000000000011,1.41,101.147,-31.00000000000001,0.844637856885531,0.844637856885531,0.0661968356099577,0.0531823264231916,-0.6618986318068103,-0.7479164179184662,1.8,0.5,0.3,-0.4299999999999999,4.49,0.9300000000000002,0.6100000000000003,-0.0199999999999995,5.56,0.6999999999999993,0.5499999999999998,0.0499999999999998,2.6900000000000004,3.76,0.3100000000000005,0.4100000000000006,1.948775055679297,0.1093493712411186,-1.0764350283543278,-0.5314955192925241,6.3,0.3999999999999994,0.2999999999999998,19.49,0.0299999999999975,-2.1000000000000014,5.67,-0.4800000000000004,-0.7000000000000002,-0.71225,0.0022299999999999,-0.02879,3.53,0.75,0.696776627291328,1.1993732717512962,1.9013911529393792,2.774753193613672,2.898756636113824,0.3526774055264646,0.049999811577704,-0.0544027073653138,2003-08-29,0.1106916996707871,-0.0544027073653138,2003-10-29,0.1661789373309576,-0.0544027073653138,2004-01-30,0.099800748754653,-0.0544027073653138,2004-08-02,0.0,1.0,False,True,False,False,False,False,True,2,True,neutral,2.2199926310892534e-07,0.9999997780007364,1.6175846843751449e-102,0.01949687265205391,-0.05440270736531394,2003-09-30,-0.04918249964999675,-0.039203395722128165,0.0,0.0,0.0,1.0,1.2246467991473532e-16,-1.0
2003-08-29,28.16650009155273,53148800.0,0.0090657235919819,0.049999811577704,0.1288031208543747,0.3545630202344814,0.4035303249578177,0.2026538772051935,0.2281213444987124,26.45053337097168,26.244224753746614,23.416328506469725,23.14382095165081,0.2028572320280943,0.0,98.0999984741211,0.0124883795241506,0.0509963822903878,-0.080599800563188,31.76,0.0392670157068064,0.0338541666666667,0.1016302462712452,375.7000122070313,0.0612994695113877,0.0265027655929814,0.2007031624657773,9770.5595703125,0.0557095116443455,0.1260777170715741,11566.669,24.64,-0.2300000000000004,-0.1899999999999977,1.0500000000000007,101.147,-31.00000000000001,0.8447167953291047,0.8447167953291047,0.0266171611138738,0.054786142963263,-0.6187381437800029,-0.7501635247422564,1.95,0.1499999999999999,0.6199999999999999,-0.1900000000000001,4.45,-0.04,1.02,0.29,5.3,-0.2599999999999998,0.6600000000000001,0.1200000000000001,2.5,3.35,0.3999999999999999,0.48,2.055555555555544,0.3276897870016393,-0.1195699324533672,-0.7019008316138553,6.2,0.2000000000000001,0.4000000000000003,18.63,-0.8599999999999994,-2.2200000000000024,5.43,-0.2400000000000002,-1.2300000000000004,-0.66957,0.04268,0.0434799999999999,3.47,1.1800000000000002,0.2126424104558225,1.0831586921322982,1.0668224906467916,3.801253721179561,-2.0765270825186786,0.3502561870984863,-0.0290504232375216,-0.0290504232375216,2003-09-30,0.0595984738773178,-0.0290504232375216,2003-11-28,0.0971647061038269,-0.0290504232375216,2004-03-02,0.0192666826388308,-0.0290504232375216,2004-08-31,0.0,0.0,False,True,False,False,False,True,True,3,True,neutral,0.0009669030939693,0.9990330969060308,1.4009609504286394e-97,0.05780180855641226,-0.029050423237521272,2003-10-29,-0.016771192247116783,-0.010615093701181126,0.0,0.0,0.0,0.0,-0.4999999999999997,-0.8660254037844388
2003-09-30,27.34825134277344,119122500.0,-0.02172563320149,-0.0290504232375216,0.0682039835453931,0.2738702525803265,0.5646713116020663,0.2662923964461033,0.241183991770921,27.430076904296875,27.220938638540414,24.04942131996155,23.885508966875506,0.1371687900063436,-0.0678550425513684,92.8499984741211,-0.0535168204042832,-0.0153765061581266,-0.1311874605796184,29.19,-0.0809193954659949,-0.0401183821111476,-0.0457665903890159,385.3999938964844,0.0258184226092277,0.0967558354881923,0.1898734212994608,9649.6796875,0.0254914953799147,0.2413351076612802,11566.669,25.24,0.5999999999999979,0.3699999999999974,2.879999999999999,101.147,-31.00000000000001,0.8342660871077058,0.8342660871077058,0.0024792747302111,0.1265456233427796,-0.6496749646868745,-0.6089365370976624,1.5,-0.4499999999999999,0.1999999999999999,-0.2199999999999999,3.96,-0.4900000000000002,0.3999999999999999,0.33,5.07,-0.2299999999999995,0.2099999999999999,0.1900000000000004,2.46,3.5700000000000003,0.2000000000000001,0.55,2.216066481994461,0.4354926510615087,0.3219160641671603,-0.930000933735875,6.1,0.0,0.1999999999999993,22.72,4.09,3.259999999999998,5.51,0.08,-0.6400000000000006,-0.68209,-0.0125199999999999,0.03239,3.01,0.3399999999999998,0.2078487959950296,0.7388518441899422,0.8999969796541692,2.339240494452496,-1.0005464936235664,0.3564528175723775,0.089450815853417,0.0225170103135923,2003-10-29,0.1281400383307436,0.0225170103135923,2003-12-30,0.1059221556719178,0.0225170103135923,2004-03-31,0.084322614301775,0.0019336939510514,2004-09-30,0.0,1.0,False,True,False,False,False,False,False,1,False,neutral,1.5720081832580808e-07,0.9999998427991822,9.368301645116618e-89,0.09130123668257717,0.022517010313592323,2003-11-28,0.04238122072538264,0.045822209327519424,0.0,0.0,1.0,0.0,-0.8660254037844385,-0.5000000000000004
2003-10-31,29.67648696899414,55473200.0,-0.0059335299740345,0.0577275300067396,0.1186012238234701,0.2453102649443386,0.4329942530201829,0.2090507905871896,0.2285450749155407,28.754299240112303,28.181429848304163,24.912721614837647,24.60451178507762,0.191218182734369,-0.0078961995518547,92.7300033569336,0.0033543085277019,-0.0358702114503584,-0.1304388232588933,29.24,-0.0197787462286288,-0.0805031446540881,0.0757910228108902,384.5,0.0036543823392842,0.1010881631127789,0.2091194968553458,10224.51953125,0.0803363538647541,0.2234208034311238,11566.669,25.68,0.0,1.0399999999999991,3.719999999999999,101.147,-31.00000000000001,0.883964046282469,0.883964046282469,0.047369335907261,0.1231037150655398,-0.2801635386130117,-0.4797499475022664,1.85,0.3700000000000001,0.1400000000000001,0.1700000000000001,4.33,0.2999999999999998,-0.0199999999999995,0.3999999999999999,5.28,0.1800000000000006,-0.1899999999999995,0.0,2.48,3.43,-0.1599999999999997,0.2299999999999999,2.378318584070782,0.3252032520325132,0.429543528391485,-0.6468914999628428,6.1,-0.2000000000000001,0.1999999999999993,16.1,-4.699999999999999,-5.169999999999998,4.73,-0.6299999999999999,-1.1099999999999994,-0.71642,-0.0343299999999999,-0.0138199999999999,3.37,-0.0099999999999997,0.2456352565231819,0.968061652644366,1.6021686268245754,3.0757537098052152,-1.0469441462056714,0.3625662796241219,0.0147810666297492,-0.036952955795562,2003-12-02,0.0501535893056543,-0.036952955795562,2004-02-03,0.0023813187277919,-0.036952955795562,2004-05-04,0.0566944229028218,-0.0766718945003369,2004-11-02,0.0,0.0,False,False,False,False,False,False,False,0,False,neutral,1.4231568005602998e-07,0.9999998576843202,3.229940745209584e-80,0.03394537678643883,-0.036952955795562015,2004-01-02,-0.02853904865253134,-0.022487661574131387,0.0,0.0,0.0,1.0,-1.0,-1.8369701987210297e-16
2003-11-28,29.84518051147461,24802600.0,0.0011316856498702,0.0016984895529321,0.0595984738773178,0.1960780641652491,0.2676453985376217,0.2034438284957365,0.2297634504481716,29.238165702819824,29.0907893547645,25.76391697883606,25.285326399244703,0.1584100560481982,-0.0155817399326486,90.20999908447266,-0.0179621327554505,-0.0804281295858514,-0.155099729130404,30.33,0.0476683937823834,-0.0450251889168766,0.1287681429103087,396.7999877929688,0.0258531549006988,0.0561617644406948,0.2525252622556306,10352.2197265625,0.059531918521571,0.1667378221491553,11772.234,25.95,0.2699999999999996,1.3099999999999987,2.599999999999998,101.147,-31.00000000000001,0.8793759728665349,0.8793759728665349,0.0346591775374302,0.0772384885946056,-0.2649348966483162,-0.383181721301443,2.06,0.27,0.1100000000000001,-0.0699999999999998,4.34,0.0300000000000002,-0.1100000000000003,0.08,5.23,-0.0899999999999998,-0.0699999999999994,-0.0499999999999998,2.28,3.1700000000000004,-0.2200000000000002,0.1499999999999999,2.041942604856528,-0.1080497028633109,-0.0136129506990156,-0.1331828831523829,6.0,-0.2000000000000001,0.0,16.32,-0.1099999999999994,-2.3099999999999987,4.46,-0.3099999999999996,-0.9699999999999998,-0.71637,-0.0044599999999999,-0.0467999999999999,3.41,-0.06,0.0353787946812569,0.6088518259326251,1.6471002690551897,2.851538925467821,-1.1934689496391846,0.36695013667226,0.0337567670684142,-0.0268510500419556,2003-12-30,0.0354532713595232,-0.0268510500419556,2004-03-02,0.0320600710530201,-0.0377810598135034,2004-06-01,0.1061416318420804,-0.0818908104632889,2004-11-30,0.0,0.0,False,False,False,False,False,False,False,0,False,neutral,2.3452157807511678e-07,0.9999997654784218,5.5641985060009876e-68,0.048177053542841186,-0.02685105004195565,2004-01-30,-0.019049865569322044,-0.012938626997065815,0.0,0.0,0.0,0.0,-0.8660254037844386,0.5000000000000001
2003-12-31,30.768253326416016,60494600.0,-0.002735712221769,0.0159956995626817,0.1002787831323961,0.1777284014359861,0.4966866120645472,0.1773936796990013,0.1960162444575612,29.72221424102783,29.574094566932093,26.74359003067017,26.176654240032573,0.1504907639972894,-0.002735712221769,86.91999816894531,-0.0379634793924013,-0.0592055553289244,-0.1465881249764508,32.51,0.0876547340247573,0.1046551138294256,0.0416533162447931,415.7000122070313,0.0322820948744262,0.0817070658638126,0.1959148587679695,10799.6298828125,0.0953460756330928,0.2944244739259785,11772.234,26.64,0.0,0.9600000000000009,3.539999999999999,101.147,-31.00000000000001,0.91738151678029,0.91738151678029,0.0649701985077172,0.1631220614558758,0.0732052260840874,-0.1776331387803403,1.84,-0.28,0.3700000000000001,0.2299999999999999,4.27,-0.1300000000000007,0.3099999999999996,0.4399999999999995,5.23,-0.0499999999999998,0.1800000000000006,0.2000000000000001,2.43,3.390000000000001,-0.0600000000000005,0.2099999999999999,1.9283746556473915,0.0540832882639286,-0.2876918263470696,0.0342242378200907,5.8,-0.2999999999999998,-0.2999999999999998,18.31,1.5399999999999991,-2.7600000000000016,4.18,-0.1900000000000004,-1.2800000000000002,-0.72475,-0.00838,-0.04266,3.32,0.31,0.0757869097314174,0.7906600464383919,1.284948463792652,3.3683591688312786,-0.914085265940592,0.3687301398543566,0.0139880380073031,-0.0027426589564989,2004-02-02,-0.0082283488142957,-0.0666484165751992,2004-04-01,0.0098732746875571,-0.0666484165751992,2004-07-02,0.1053851035860065,-0.10943483855674,2004-12-31,0.0,0.0,False,False,False,False,False,False,False,0,False,neutral,5.235683363323891e-11,0.9999999999476428,8.816845841606237e-52,-0.0010969272028399368,-0.0035649049253302367,2004-03-03,0.012561716490532126,6.114359222381744e-05,0.0,0.0,1.0,0.0,-0.5000000000000004,0.8660254037844384
2004-01-30,31.28303337097168,84264700.0,-0.0045644937531127,0.0139493998335031,0.0499573713179066,0.1661789373309576,0.5136521831338627,0.1674191822162022,0.1825208020618209,30.608214797973638,30.44238516000601,27.72927219390869,27.17093733194712,0.1281591940896178,-0.0393887466179246,87.19999694824219,0.0022988154970366,-0.050729410310762,-0.1237942133279056,33.16,0.0045440775522569,0.1454231433506043,-0.0183540556542334,402.2000122070313,-0.0352602108531167,0.03981392166513,0.0911557394116797,11029.2001953125,0.0805198097832196,0.3750045503139321,11772.234,27.66,1.0199999999999996,1.9800000000000004,4.760000000000002,124.526,23.37899999999999,0.9368825148491357,0.9368825148491357,0.0544063611429562,0.2117314461822188,0.2854822696750724,0.1260871955048842,1.84,-0.02,0.05,0.1400000000000001,4.16,-0.1299999999999999,-0.1499999999999994,0.1600000000000001,5.11,-0.1200000000000001,-0.2099999999999999,0.0500000000000007,2.3200000000000003,3.2700000000000005,-0.1999999999999993,0.0200000000000004,2.0352035203520247,0.2702702702702675,-0.3431150637187574,0.0864284646727275,5.7,-0.3999999999999994,-0.5999999999999996,16.63,-1.0500000000000007,0.1999999999999993,4.03,-0.1399999999999996,-0.7399999999999993,-0.78713,-0.0623799999999999,-0.0752199999999999,3.24,-0.1099999999999998,0.05264312396982,0.4697126014610555,1.5596515511468343,3.059616589615953,-0.5496958873404797,0.3715631416836596,-0.0121389627261075,-0.0199618091691283,2004-03-02,-0.0620449489458744,-0.0820072458806514,2004-04-30,-0.0569193855689289,-0.0820072458806514,2004-08-02,0.0185647873808199,-0.1240895930382184,2005-01-31,1.0,0.0,False,False,False,False,False,False,False,0,False,neutral,1.1017537549671458e-09,0.9999999988982466,1.72733437961393e-49,-0.033180806982657796,-0.08200724588065145,2004-03-31,-0.017102843984682002,-0.06294399587957257,0.0,1.0,0.0,1.0,0.0,1.0
2004-02-27,30.861082077026367,99383900.0,-0.002726891089602,-0.0142858866062586,0.0399169588122032,0.1153746251143115,0.4769594312297314,0.1383217044988049,0.1618001116694625,31.237243156433102,30.88290648827186,28.46622449874878,27.94311524296666,0.0841297931302007,-0.0523456474573141,87.30999755859375,0.0039093518813206,-0.0453750444721299,-0.1252379551723947,36.08,0.0728516205768656,0.201865423051299,-0.0203638338311159,396.3999938964844,-0.0436670834825467,0.0135514899265072,0.145333680745225,11172.8896484375,0.0846454787521224,0.4072127989140846,11923.447,27.65,-0.0100000000000015,1.6999999999999993,6.439999999999998,124.526,23.37899999999999,0.937051982403872,0.937051982403872,0.0620303033463965,0.2265062225984545,0.3597631938702928,0.1896210015328537,1.66,-0.2100000000000002,-0.2299999999999999,0.0799999999999998,3.99,-0.2299999999999995,-0.2000000000000001,0.2300000000000004,5.01,-0.1299999999999999,-0.1600000000000001,0.0299999999999993,2.33,3.35,0.0299999999999993,0.1500000000000003,2.026286966046009,0.431266846361189,-0.0156556388105189,-0.0292685895095345,5.7,-0.2999999999999998,-0.5,14.55,-2.2300000000000004,-2.16,4.34,0.5299999999999998,-0.2800000000000002,-0.81573,-0.0409299999999999,-0.0980699999999999,3.03,-0.2100000000000004,0.0738217985123749,0.3791805751414701,1.0488141048126003,3.1226344264443533,-0.7232472947910631,0.3762622431902894,-0.0213284285413651,-0.0694558962725496,2004-03-29,-0.004101582839903,-0.0694558962725496,2004-05-27,-0.0549631507107961,-0.1121136186159599,2004-08-27,0.0275222117051847,-0.1121136186159599,2005-02-28,0.0,0.0,False,False,False,False,False,False,False,0,False,neutral,3.551604050229086e-12,0.9999999999964492,6.463376082401612e-47,-0.010117493129675803,-0.06945589627254967,2004-04-28,-0.05725999754636792,-0.05013200204050442,0.0,0.0,0.0,0.0,0.49999999999999994,0.8660254037844387
2004-03-31,30.245037078857425,85993900.0,-0.0019496997970869,-0.0213004091290183,-0.0196942594925542,0.1059221556719178,0.4088013357799651,0.2094128116757097,0.1749382423581761,30.724544830322262,30.947422966590292,29.063420286178587,28.641368324692184,0.0406564946948369,-0.0712626032017643,87.61000061035156,-0.0137341122993944,0.0070115012684086,-0.1163893165701597,35.75,-0.023224043715847,0.0830051499545592,0.2126865671641791,427.2999877929688,0.0858957758398188,0.0249460159480516,0.2781932497634272,11039.419921875,0.022221474691207,0.3557977005196937,11923.447,26.89,0.0,0.25,4.460000000000001,124.526,23.37899999999999,0.9258580947166536,0.9258580947166536,0.0084926711540996,0.1971767019376281,0.3090161035036679,0.038125674424053,1.6,-0.1399999999999999,-0.26,0.1,3.86,-0.1899999999999999,-0.4300000000000001,0.02,4.93,-0.1299999999999999,-0.3000000000000007,-0.1299999999999999,2.26,3.33,-0.1699999999999999,-0.08,1.688453159041381,0.2147074610842514,-0.2399214966060103,-0.5276133229530799,5.6,-0.2000000000000001,-0.5,16.74,1.879999999999999,-0.9400000000000012,4.41,0.1900000000000004,0.2400000000000002,-0.80394,0.0117899999999999,-0.0791899999999999,2.91,-0.4399999999999999,0.1267650828333462,-0.0123552164009662,0.6861772699385755,2.408425739065535,-0.3986528664637238,0.3795370580632314,-0.0298547465458711,-0.0298547465458711,2004-04-30,0.0334821414494823,-0.0396203974116342,2004-07-01,-0.0195307972259762,-0.0940287353748571,2004-09-30,0.0197191039224675,-0.0940287353748571,2005-04-01,0.0,0.0,False,False,False,False,False,False,False,0,False,neutral,6.797508713916717e-13,0.9999999999993197,3.742943343968465e-44,0.018415650771168135,-0.039620397411634256,2004-06-01,-0.005747478575856601,-0.030071725974447308,0.0,0.0,1.0,0.0,0.8660254037844386,0.5000000000000001
2004-04-30,29.342079162597656,150829200.0,-0.0244108776503418,-0.0298547465458711,-0.0620449489458744,-0.0151871801808572,0.256178638879732,0.2322315803748206,0.1971275718118907,30.43796001434326,30.63466418339656,29.55913825035095,29.216851071194487,-0.0073432143357805,-0.0989898227908478,90.4800033569336,0.0327588486084649,0.037614753709662,-0.0643225831189817,37.31,0.0436363636363636,0.1251507840772017,0.4322456813819577,387.0,-0.094313103075712,-0.0377921724159647,0.1312481528658555,10793.66015625,-0.0213560398661188,0.2408787445428746,11923.447,26.9,0.009999999999998,-0.7600000000000016,3.3099999999999987,124.526,23.37899999999999,0.9052466250950753,0.9052466250950753,-0.0316358897540604,0.126805603819502,0.1519895859958983,0.0851795404593732,2.31,0.71,0.47,0.81,4.53,0.6700000000000004,0.3700000000000001,0.6500000000000004,5.39,0.4599999999999999,0.2799999999999993,0.3799999999999999,2.22,3.08,-0.1,-0.1599999999999997,1.7400761283306032,0.2142474558114671,-0.2951273920214214,-0.6382424557401789,5.8,0.0999999999999996,-0.2999999999999998,17.19,0.4500000000000028,0.5600000000000023,3.91,-0.5,-0.1200000000000001,-0.74064,0.0633,0.04649,3.55,0.3099999999999996,0.7235693534602914,-0.3303712347025972,-0.0930679750986088,2.644896908058969,-0.316247042005519,0.3810380497542808,0.0497558454728055,-0.0100661739373493,2004-06-01,0.0054646151446011,-0.0204199249855366,2004-08-02,0.0612597099527421,-0.0661488458563284,2004-10-29,0.019740114536815,-0.0661488458563284,2005-05-02,0.0,0.0,False,False,False,False,False,False,False,0,False,neutral,1.7121654609739352e-21,1.0,6.479570586107582e-47,0.06528598451607848,-0.010066173937349099,2004-07-01,-0.0033937479280016893,0.0005752697841076878,0.0,0.0,0.0,1.0,1.0,6.123233995736766e-17
2004-05-28,30.84421157836914,56379500.0,0.0035695643671846,0.0255332328891559,-0.0134952808518008,0.0346433494721807,0.2274012815295167,0.1595648514869693,0.1955493701296166,30.17517147064209,30.192984801072345,29.91139054298401,29.554866481471706,0.0311861474325183,-0.0528636915570701,88.94999694824219,-0.0178867478418972,0.0163391265999217,-0.0463171421711996,39.9,0.064,0.0827679782903663,0.3497970230040594,394.0,0.0191412151568952,-0.0132731979839596,0.0809327846364882,10926.3603515625,-0.0321644665751129,0.1852143553333884,12112.815,25.9,-1.0,-0.990000000000002,2.3099999999999987,124.526,23.37899999999999,0.9020496351642868,0.9020496351642868,-0.0447806286637824,0.0871393251271569,0.1869631221188021,-0.1544675968040167,2.54,0.2000000000000001,0.8700000000000001,1.21,4.66,0.1100000000000003,0.6600000000000001,1.29,5.42,0.0099999999999997,0.4299999999999997,0.8300000000000001,2.12,2.88,-0.2099999999999999,0.08,2.2925764192139875,0.1603420630678753,0.2662894531679782,0.2506338143574593,5.6,-0.1000000000000005,-0.4000000000000003,15.5,-1.1000000000000014,1.0600000000000005,4.24,0.4100000000000001,-0.0499999999999998,-0.69633,0.05957,0.1193999999999999,3.58,0.5500000000000003,0.298037198223307,-0.0544726980757356,-0.1624023617402521,3.1744038197829507,-0.0557590923739649,0.3841900785104566,0.0325579655252377,-0.0155947746772822,2004-06-30,-0.0703147252067712,-0.1116279817577491,2004-08-30,0.0725037334776224,-0.1116279817577491,2004-11-29,0.0518385406199273,-0.1116279817577491,2005-05-31,1.0,0.0,False,False,False,False,False,False,True,1,False,neutral,2.098602765609297e-25,1.0,1.915069770246056e-36,-0.04541702094766953,-0.06812608796475239,2004-07-30,-0.009411876014531995,-0.056087707093349835,0.0,1.0,0.0,0.0,0.8660254037844387,-0.4999999999999998
2004-06-30,31.84843635559082,97809500.0,0.0099007176340417,0.0325579655252377,0.0509605719052268,0.0356749331884267,0.2605928014390508,0.1643640231519192,0.1795319686211401,30.43222164154053,30.53041194035457,30.243929586410523,29.99831255491789,0.0530521923282498,-0.0220268602790842,88.80000305175781,-0.0016862720812869,0.0041841314633623,-0.0625989664840621,36.92,-0.0746867167919799,0.0213001383125865,0.2245439469320067,392.6000061035156,-0.0035532840012293,-0.0690064151319709,0.134682098565074,11138.91015625,0.0092280543824785,0.1922938863161749,12112.815,26.4,0.5,-0.490000000000002,1.5700000000000005,124.526,23.37899999999999,0.9195971503114676,0.9195971503114676,-0.0060629855798145,0.0937672938577055,0.4337868965654708,0.0642813357515657,2.7,0.1600000000000001,1.0700000000000005,1.38,4.62,-0.04,0.71,1.08,5.41,-0.0099999999999997,0.4500000000000002,0.6000000000000005,1.92,2.71,-0.3600000000000003,-0.2999999999999998,2.8977583378895444,0.4268943436499306,1.2093051788481637,0.9693836822421532,5.6,0.0,-0.2000000000000001,14.34,-1.16,-1.9400000000000013,4.1,-0.1400000000000005,-0.2300000000000004,-0.68761,0.0087199999999999,0.1163299999999999,3.29,0.3399999999999998,0.2424946700836745,0.3494528838783076,-0.4259976125301072,3.220648930586845,0.4844153021857448,0.3879726270203038,-0.0755163284544933,-0.0975093475152015,2004-07-30,-0.0704818786096548,-0.139639567072288,2004-09-29,0.0705702737368314,-0.139639567072288,2004-12-29,-0.0074288438689924,-0.139639567072288,2005-06-29,1.0,0.0,False,False,False,False,False,False,True,1,False,neutral,4.136160174289384e-37,1.0,4.8683484102860005e-46,-0.09962897403021831,-0.13963956707228797,2004-08-30,-0.09072602762778922,-0.1273920242774914,1.0,1.0,1.0,0.0,0.49999999999999994,-0.8660254037844387
2004-07-30,29.443359375,83007800.0,0.0031629578334675,-0.0755163284544933,-0.021043431431502,-0.0631034721761129,0.1108734743552359,0.2037630011092688,0.1782885965867124,30.319310035705566,30.16130696810209,30.3569629573822,30.18700846251067,-0.0300953551797917,-0.095879801117921,89.95999908447266,0.0130630179374964,-0.0067351287667766,-0.063599465283237,43.72,0.1841820151679305,0.1658666666666666,0.4245682632779406,391.0,-0.004075410286911,0.0113812566658528,0.0976978848971579,10701.650390625,-0.0152247816526194,0.1231991232919844,12112.815,25.7,-0.6999999999999993,-1.1999999999999993,0.8299999999999983,124.526,23.37899999999999,0.8834982116564151,0.8834982116564151,-0.0279076602676182,0.0412788925151016,0.1129311754414516,-0.1138433384969686,2.68,-0.02,0.3400000000000003,1.0400000000000005,4.5,-0.1200000000000001,-0.0499999999999998,0.1600000000000001,5.31,-0.1000000000000005,-0.1000000000000005,-0.1200000000000001,1.82,2.6299999999999994,-0.3900000000000001,-0.8800000000000003,3.1676679410158397,0.3719447396386854,1.427591812685236,1.1324644206638146,5.6,-0.2000000000000001,-0.1000000000000005,15.32,0.9800000000000004,-1.2800000000000011,3.99,-0.1099999999999994,0.1600000000000001,-0.69674,-0.0091299999999999,0.0591599999999999,3.05,-0.5300000000000002,0.6918805870922596,-0.0935551138118952,-0.8847866063833172,2.538853441021902,0.2370679455520683,0.3927633628266984,-0.0260822838930347,-0.0693611370232172,2004-08-30,0.0593293299129353,-0.0693611370232172,2004-10-28,0.0683173973880597,-0.0693611370232172,2005-01-28,0.1463462634742951,-0.0693611370232172,2005-07-29,0.0,0.0,False,False,False,False,True,False,False,1,False,neutral,9.019486434116465e-44,1.0,2.489088567314893e-44,0.005445688225538925,-0.06936113702321711,2004-09-29,-0.06334206571310115,-0.056113155288372935,0.0,1.0,0.0,1.0,1.2246467991473532e-16,-1.0
2004-08-31,28.70917510986328,81262000.0,0.0011775173799051,-0.0268875285545436,-0.0679450266327057,-0.0709993887258934,0.0192666826388308,0.1972509229358179,0.1893857599339703,29.3844482421875,29.718460259070763,30.219039278030397,30.16550013396117,-0.0499640029676523,-0.1184244712201757,88.94000244140625,-0.0090250424355849,0.0006751258983186,-0.0933740690641423,42.23,-0.0365046771617614,-0.0023623907394283,0.3296599496221661,410.3999938964844,0.0477405695856076,0.0400405158352277,0.0923608745328747,10719.150390625,-0.0201945219707994,0.0970866421197369,12305.307,25.17,0.0,-1.2299999999999969,0.5300000000000011,124.526,23.37899999999999,0.8710997938226978,0.8710997938226978,-0.0320825034488282,0.026382998493593,0.0347571502452037,-0.2504726874490473,2.41,-0.25,-0.1899999999999999,0.4600000000000002,4.13,-0.3500000000000005,-0.5800000000000001,-0.3200000000000003,5.01,-0.25,-0.4700000000000006,-0.29,1.7199999999999998,2.6,-0.3900000000000001,-0.7800000000000002,2.939575394665228,0.1058761249338235,0.6469989754512406,0.9132884286192188,5.5,-0.0999999999999996,-0.2000000000000001,15.29,-0.08,-1.0100000000000016,4.06,0.0199999999999995,-0.1900000000000004,-0.70224,-0.0054999999999999,-0.0059099999999999,2.54,-1.0,0.0358949505990263,-0.4189777136488128,-0.2588863328395197,1.831701067794524,-0.3933980410596572,0.3949040804792241,0.032921610568676,0.0035268693417351,2004-09-30,0.1499110144144158,0.0035268693417351,2004-11-30,0.1161138983605765,0.0035268693417351,2005-03-02,0.1471463092042479,0.0035268693417351,2005-08-30,0.0,1.0,False,False,False,False,False,False,False,0,False,neutral,1.891758108493545e-36,1.0,9.589533689599382e-43,0.08465556054275236,0.0035268693417354058,2004-10-29,0.009053050928668326,0.013716998170563969,0.0,0.0,0.0,0.0,-0.4999999999999997,-0.8660254037844388
2004-09-30,29.654327392578125,74514600.0,0.0017102140705569,0.032921610568676,-0.051295456930786,-0.0195307972259762,0.084322614301775,0.1541408324051414,0.1831864484177668,28.971615829467773,29.240687267596904,30.21493461608887,30.1498326825666,-0.0185539777144587,-0.0894015849748117,87.36000061035156,-0.0177648053483649,-0.0161054205477061,-0.0591276031663015,49.56,0.1735732891309496,0.2852697095435683,0.6978417266187051,418.7000122070313,0.02022421645708,0.0573232631490687,0.0864037852566521,10895.48046875,-0.0116716406539973,0.1291028118647073,12305.307,25.67,0.5,-0.0299999999999975,0.4300000000000032,124.526,23.37899999999999,0.8854293898356212,0.8854293898356212,-0.0246935164107797,0.0511633027279154,0.2205560540377588,-0.0307279564230395,2.63,0.2199999999999997,-0.0100000000000002,1.13,4.14,0.0099999999999997,-0.4300000000000006,0.1799999999999997,4.97,-0.04,-0.3799999999999999,-0.1000000000000005,1.5099999999999998,2.34,-0.4200000000000004,-0.9500000000000002,2.5474254742547275,0.0528820729772672,-0.3503328636348168,0.8589723152133466,5.4,-0.1999999999999993,-0.1999999999999993,13.34,-1.9499999999999995,-1.8599999999999997,3.83,-0.2299999999999995,-0.2999999999999998,-0.70091,0.0013299999999999,-0.0132999999999999,2.43,-0.92,0.2555416076823075,-0.3657216907895312,-0.3218282654709274,2.418618495672804,-1.336454170009408,0.394105481242252,0.0500850688423433,0.0088214704341713,2004-10-29,0.1489189709307172,0.0088214704341713,2004-12-30,0.0400317532028489,0.0088214704341713,2005-04-01,0.1272632711510497,-0.0030638547595843,2005-09-29,0.0,1.0,False,False,False,False,True,False,False,1,False,neutral,5.409823036105531e-40,1.0,3.230511554702322e-38,0.11326067985094368,0.008821470434171363,2004-11-30,0.012520955261481692,0.014860890852889084,0.0,0.0,1.0,0.0,-0.8660254037844385,-0.5000000000000004
2004-10-29,31.13956642150879,100779200.0,-0.0016238341724936,0.0500850688423433,0.0554918531868144,0.0612597099527421,0.0451421675190055,0.1939707437521008,0.1815753552271166,29.79559116363525,29.440105438232425,30.178041954040527,30.235504433915423,0.0318617247909129,-0.0437942006705464,84.91000366210938,-0.0280448366658079,-0.0539275357982241,-0.0756585772051366,51.78,0.0447941888619853,0.1813826146475017,0.7886010362694302,428.5,0.0234057499576165,0.093949417018446,0.1078076874949407,11068.9501953125,0.0302054774848403,0.0844140778786648,12305.307,25.41,-0.2600000000000015,0.2399999999999984,-0.2699999999999996,124.526,23.37899999999999,0.8995265372340974,0.8995265372340974,0.0124981993745659,0.0170503835279179,0.4043775563321436,-0.0987040592538976,2.56,-0.0699999999999998,-0.1,0.77,4.05,-0.0899999999999998,-0.4300000000000006,-0.2599999999999998,4.87,-0.0999999999999996,-0.3899999999999997,-0.4500000000000002,1.4899999999999998,2.31,-0.3300000000000005,-1.0299999999999998,2.539168017287952,0.3171247357294016,-0.6284999237278877,0.7990918889573484,5.4,-0.1999999999999993,-0.3999999999999994,16.27,2.93,0.9000000000000004,3.56,-0.27,-0.48,-0.70662,-0.0057099999999999,-0.00988,2.14,-0.8399999999999999,0.1353729636763797,0.3284648206158655,0.4276038344525101,2.468315305196359,-1.6136439247442145,0.392158705377542,0.060162374347678,0.0037938635807777,2004-11-30,0.0232575432431785,-0.0005453843511075,2005-01-31,-0.0391229357211498,-0.0506139218420859,2005-05-02,0.0493983836067166,-0.0506139218420859,2005-10-28,0.0,0.0,False,False,False,False,False,False,False,0,False,neutral,4.155174584708063e-30,1.0,3.156910834805228e-46,0.09411990039752904,0.003793863580777712,2004-12-30,0.0136586439101412,0.02134907232970757,0.0,0.0,0.0,1.0,-1.0,-1.8369701987210297e-16
2004-11-30,33.012996673583984,87663100.0,-0.0020415451673994,0.060162374347678,0.1499110144144158,0.0717802799147866,0.1061416318420804,0.111581044845895,0.1545427527385702,31.13383270263672,30.7296997657189,30.26150265693665,30.400786485757912,0.0909239057901387,-0.0053396213165112,81.81999969482422,-0.0363915184785706,-0.0800539976516494,-0.0930052042434014,49.16,-0.0505986867516417,0.1641013497513617,0.6208374546653479,451.2999877929688,0.0532088396568699,0.0996588560057352,0.1373487945479361,11568.5400390625,0.079240389161848,0.1174936723357091,12527.214,26.47,1.0599999999999987,1.2999999999999972,0.5199999999999996,124.526,23.37899999999999,0.9234726922572328,0.9234726922572328,0.0523728984345351,0.044096719390698,0.7159759298937588,0.3682702387100605,3.02,0.4599999999999999,0.6099999999999999,0.96,4.36,0.3100000000000005,0.2300000000000004,0.0200000000000004,5.07,0.2000000000000001,0.0600000000000005,-0.1600000000000001,1.3400000000000003,2.0500000000000003,-0.3799999999999994,-0.9399999999999996,3.1909140075716547,0.5268703898840821,0.2513386129064265,0.8983375883576672,5.5,0.0,-0.0999999999999996,13.24,-3.03,-2.049999999999999,3.17,-0.3900000000000001,-0.8899999999999997,-0.71701,-0.01039,-0.01477,2.13,-0.4100000000000001,0.1646039704804771,0.9543107027977976,0.272907796974139,3.34605692231402,-1.5357092213412071,0.3933649652709446,0.0320304953953354,0.011642841320572,2004-12-30,-0.0293910708134667,-0.0572626987787028,2005-03-02,-0.0092608652094328,-0.1044899336839084,2005-06-01,0.0678555825008531,-0.1044899336839084,2005-11-29,0.0,0.0,False,False,False,False,False,False,False,0,False,neutral,1.4411717072584144e-39,1.0,2.425745075614304e-66,-0.03481054600452804,-0.057262698778702825,2005-01-31,0.01602027418262133,-0.041462896625772676,0.0,0.0,0.0,0.0,-0.8660254037844386,0.5000000000000001
2004-12-31,34.01076889038086,44112300.0,-0.0017507979751338,0.009577244888288,0.1164077035060264,0.0945780339894624,0.1053851035860065,0.107747964719466,0.1375951359416149,32.80415420532226,32.22631436861479,30.61870276451111,30.615125286686528,0.11078412276177,-0.0043887115830003,80.8499984741211,-0.0087052367058076,-0.0773707519320094,-0.0698343283789081,43.36,-0.04828797190518,-0.1355661881977671,0.333743463549677,437.5,-0.0363436123348017,0.0429082240762812,0.0524416337570654,11971.1396484375,0.0825087430719715,0.1084768439601291,12527.214,27.14,0.0,1.7300000000000004,0.5,133.613,32.465999999999994,0.9556106927236576,0.9556106927236576,0.0569171294251149,0.0382291759433676,1.1494718414013598,0.7198699767752215,3.08,0.0700000000000002,0.4500000000000002,1.24,4.24,-0.1399999999999996,0.0300000000000002,-0.0299999999999993,4.86,-0.2199999999999997,-0.1999999999999993,-0.3700000000000001,1.16,1.7800000000000002,-0.4199999999999999,-1.2699999999999996,3.621621621621607,0.4716981132075304,1.0741961473668793,0.7238632837320624,5.4,0.0,-0.1999999999999993,13.29,0.3199999999999985,0.5399999999999991,3.1,-0.0499999999999998,-0.6799999999999997,-0.69834,0.01867,0.00184,2.02,-0.48,0.070873600003867,0.7685423396157911,-0.0520913712389502,3.333512648012769,-1.3807449214787753,0.3957369933674525,-0.0601203335367568,-0.0849197355816171,2005-02-01,-0.0866733799035164,-0.0969438920181311,2005-04-04,-0.0790587949216434,-0.1307614674711035,2005-07-01,0.0156543740330981,-0.1307614674711035,2005-12-30,1.0,0.0,False,False,False,False,False,False,False,0,False,neutral,8.296512632725343e-47,1.0,7.181643384935869e-70,-0.0656308818167105,-0.08491973558161714,2005-03-03,-0.07660307598299136,-0.07481602624159271,1.0,1.0,1.0,0.0,-0.5000000000000004,0.8660254037844384
2005-01-31,31.86379623413086,89139900.0,0.0130009564984225,-0.064766537130532,0.0232575432431785,0.0800400006051293,0.0185647873808199,0.1601043100874517,0.1385924479838624,33.091847343444826,32.83269060575045,30.81526874542236,30.7635119498313,0.0340262321698641,-0.0672379291168528,83.5999984741211,0.0381224356309499,-0.0154281607759824,-0.0412843876159523,48.25,0.1127767527675276,-0.0681730397837002,0.4550663449939687,421.7999877929688,-0.0358857421874999,-0.0156359678110413,0.0487319119618734,11642.5703125,0.0518224499221631,0.055613290748697,12527.214,26.59,-0.5500000000000007,1.1799999999999995,-1.0700000000000005,133.613,9.087000000000003,0.9293822483195384,0.9293822483195384,0.0298557110854411,-0.0075002665295971,0.8750889438383828,0.5560922470087559,3.29,0.1899999999999999,0.73,1.45,4.14,-0.1299999999999999,0.0899999999999998,-0.0200000000000004,4.62,-0.3200000000000003,-0.25,-0.4900000000000002,0.8499999999999996,1.33,-0.6400000000000001,-1.4700000000000006,3.3423180592991875,0.0,0.8031500420112359,0.1746501182833482,5.4,0.0,-0.1999999999999993,12.82,0.2599999999999998,-3.4499999999999997,3.29,0.2999999999999998,-0.27,-0.70351,-0.0010799999999999,0.00311,1.63,-0.5100000000000002,0.5690157426749359,0.1137288067527358,-1.1158559518919795,2.928963112702641,-0.6971176337669803,0.4001546461047371,0.0056149341133255,-0.013635738377424,2005-03-02,-0.060962637779943,-0.0721924461471658,2005-05-02,0.0611406597203392,-0.0721924461471658,2005-08-01,0.1267446778682812,-0.0721924461471658,2006-01-31,1.0,0.0,False,False,False,False,False,False,False,0,False,neutral,5.3366104156875284e-67,1.0,1.1132124893656315e-68,-0.032085132558105856,-0.03609625300329722,2005-04-01,-0.00941131484467137,-0.028787589709163938,0.0,0.0,0.0,1.0,0.0,1.0
2005-02-28,31.710447311401367,95731300.0,-0.0106325976349311,0.0032344694356185,-0.0416608783440028,0.0872826942970754,0.0275222117051847,0.151900267030978,0.1453874939672358,32.50689044952392,32.76533082815317,30.97979245185852,30.911465292578345,0.023584885556553,-0.0717269754841418,82.51000213623047,-0.0110271864506782,0.008926429051481,-0.0549764695519777,51.75,0.0604508196721311,0.0531135531135531,0.4343126385809313,436.5,0.0239268414241307,-0.0284887338988016,0.1011604609509335,11863.48046875,0.0195812887986004,0.0618095087343029,12767.286,26.74,0.1499999999999985,0.2699999999999996,-0.91,133.613,9.087000000000003,0.9292092672436412,0.9292092672436412,0.0003802675604316,-0.0078427151602307,0.8896756079641087,0.6750994625016513,3.59,0.31,0.56,1.93,4.36,0.1400000000000005,0.1200000000000001,0.3700000000000001,4.71,0.0,-0.2300000000000004,-0.2999999999999998,0.7700000000000005,1.12,-0.4399999999999999,-1.5599999999999996,2.8448738593666034,-0.0521648408972286,-0.3460401482050512,-0.0947015352986246,5.3,-0.2000000000000001,-0.2000000000000001,12.08,-1.16,-0.7099999999999991,2.83,-0.3999999999999999,-0.3199999999999998,-0.7107,-0.0117,0.00631,1.6,-0.4299999999999997,0.1347878283347423,-0.387959208445878,-0.8549461660814284,2.701788038157836,-0.5203044121344692,0.4043372705560821,-0.0131647303431429,-0.0314348996087734,2005-03-30,0.0265981458378732,-0.0677056507548957,2005-05-27,0.0342708602562331,-0.0677056507548957,2005-08-26,0.1079317336411673,-0.0677056507548957,2006-02-28,0.0,0.0,False,False,False,False,False,False,False,0,False,neutral,2.635265459389102e-66,1.0,1.335477487229795e-63,-0.06636192425244081,-0.06770565075489576,2005-04-28,-0.027135768766442837,-0.060988715778339864,0.0,1.0,0.0,0.0,0.49999999999999994,0.8660254037844387
2005-03-31,31.15667152404785,86578900.0,-0.0043561292455482,-0.0281690568192972,-0.0862071396037998,0.0524587419875595,0.0281331541047074,0.129454226988146,0.1460476366845539,31.68897838592529,32.03354307321402,31.112193307876588,31.030593365162343,0.0014296072196235,-0.0879378828858004,84.05999755859375,0.0155853687066134,0.0381622365234761,-0.0494176493441248,55.31,0.0704470679311013,0.2659647516594188,0.5300138312586447,428.7000122070313,-0.0097019675413935,-0.016743091268277,0.0165994778216023,11638.26953125,-0.0286856532938295,0.0544719322304498,12767.286,26.34,0.0,-0.8000000000000007,-0.5500000000000007,133.613,9.087000000000003,0.9115695795684376,0.9115695795684376,-0.0449064947406625,-0.0140905563228445,0.7196571097244568,0.5846193812365622,3.8,0.2099999999999999,0.6799999999999997,2.17,4.5,0.1200000000000001,0.1699999999999999,0.5899999999999999,4.76,0.0699999999999994,-0.2099999999999999,-0.2000000000000001,0.7000000000000002,0.96,-0.5099999999999998,-1.58,3.0530262453133394,0.4175365344467607,-0.5685953763082674,0.5056007710586119,5.4,0.0,0.0,14.02,1.9800000000000004,2.4000000000000004,3.52,0.71,0.56,-0.66596,0.04474,0.03647,1.71,-0.3999999999999999,0.5113765588642243,-0.7355009295107853,-1.5222544189405425,2.1250393544139228,-0.059662338487657,0.4055429053065953,-0.0434782369147017,-0.0511351375375274,2005-04-29,0.0146089985907007,-0.0511351375375274,2005-06-29,0.0586748057201349,-0.0511351375375274,2005-09-28,0.1544979699810267,-0.0511351375375274,2006-03-30,0.0,0.0,False,False,False,False,False,False,False,0,False,neutral,2.6452543425343294e-74,1.0,3.242371880867334e-58,0.04129000006060579,-0.05113513753752741,2005-05-31,-0.0488379571583077,-0.04551408179951165,0.0,0.0,1.0,0.0,0.8660254037844386,0.5000000000000001
2005-04-29,29.80203437805176,144435900.0,0.0066186865151671,-0.0434782369147017,-0.0525457447462622,-0.0445069011729287,-0.0091179155368388,0.1830366004355917,0.1562029270632208,31.06823173522949,31.27489392207219,31.0763516998291,31.04407154976785,-0.0410060142865595,-0.1275927356946159,84.43000030517578,0.0044016506938882,0.0113799342362301,-0.0677928608848092,49.2,-0.1104682697523051,0.0434782608695654,0.312,435.0,0.0146955624296234,0.0216064172634604,0.1251939812011406,11363.51953125,-0.0145457317073171,0.0456809949038048,12767.286,25.41,-0.9299999999999996,-1.1799999999999995,-1.4899999999999984,133.613,9.087000000000003,0.8900497358052447,0.8900497358052447,-0.0304462340089534,-0.0213561361187886,0.4741955704812962,0.1680945481783882,3.66,-0.1399999999999996,0.4100000000000001,1.3200000000000005,4.21,-0.29,0.0499999999999998,-0.3399999999999998,4.53,-0.2299999999999995,-0.1099999999999994,-0.8799999999999999,0.5499999999999998,0.8700000000000001,-0.3600000000000003,-1.66,3.2068412613575736,0.3638253638253541,-0.1354767979416138,0.667673244069622,5.2,-0.2000000000000001,-0.2000000000000001,15.31,1.290000000000001,2.0700000000000003,4.15,0.6300000000000003,0.8800000000000003,-0.61042,0.05554,0.09309,1.31,-0.3899999999999999,0.5929393622760477,-0.5063777701747794,-1.8282701964064243,1.5809972257801588,-0.4169236278030543,0.4062696796149493,0.0886213364365953,0.0040017666730731,2005-05-31,0.1325496969602715,0.0040017666730731,2005-07-29,0.0881973963396383,0.0040017666730731,2005-10-27,0.1894664710039757,0.0040017666730731,2006-05-01,0.0,1.0,False,False,False,False,False,False,False,0,False,neutral,1.0916264268189842e-88,1.0,4.4667300772008486e-55,0.06072756287116765,0.004001766673072948,2005-06-29,0.015894336002862986,0.020805193061385605,0.0,0.0,0.0,1.0,1.0,6.123233995736766e-17
2005-05-31,32.44313049316406,75281500.0,-0.0034022334231642,0.0886213364365953,0.0119578428835325,-0.0192681780143436,0.0518385406199273,0.0866172979595255,0.1433198659648527,30.86529109954834,31.076055438701925,31.34710114479065,31.08994163478817,0.0349642968040619,-0.0502788380148787,87.76000213623047,0.0394409785504945,0.0602876126077753,-0.0133782445513084,52.08,0.0585365853658534,0.0079349719372943,0.3052631578947369,416.2999877929688,-0.0429885338092672,-0.0383460529858197,0.0565989537892608,11787.8095703125,-0.0120636478041779,0.07884136995599,12922.656,25.65,0.2399999999999984,-0.6900000000000013,-0.25,133.613,9.087000000000003,0.912181642095286,0.912181642095286,-0.0223748486107262,0.0101320069309992,0.8066751421851823,0.3491644317881777,3.6,-0.06,0.0100000000000002,1.06,4.0,-0.2099999999999999,-0.3799999999999999,-0.6600000000000001,4.36,-0.1699999999999999,-0.33,-1.0599999999999996,0.3999999999999999,0.7600000000000002,-0.3900000000000001,-1.7200000000000002,3.3617929562433257,0.3107198342827466,0.5169190968767223,0.170878948671671,5.2,-0.0999999999999996,-0.2999999999999998,13.29,-2.0200000000000014,1.25,4.13,-0.0200000000000004,1.3199999999999998,-0.6001,0.0103199999999999,0.1106,1.01,-0.6199999999999999,0.6585852775912923,-0.0273061715844942,-1.1974470629646778,2.29798516680601,-0.0309746588528854,0.4057225150238506,-0.0256230266960713,-0.0327198071858951,2005-06-29,0.0187981523784528,-0.0345593038825732,2005-08-29,0.0918698349585385,-0.0345593038825732,2005-11-28,0.0235543057474085,-0.0345593038825732,2006-05-31,0.0,0.0,False,True,False,False,False,True,False,2,True,neutral,8.371098307771054e-71,1.0,6.554558125703662e-56,0.04035228692785653,-0.03455930388257322,2005-07-29,-0.025465397543873003,-0.028631063439051235,0.0,0.0,0.0,0.0,0.8660254037844387,-0.4999999999999998
2005-06-30,31.364538192749023,87803700.0,-0.0078230532358841,-0.041052942064242,0.0169608179397169,-0.0794202470487124,0.003417797369301,0.1070668791090085,0.1373212504288566,31.46022705078125,31.27548622718224,31.691264734268188,31.42238848059027,-0.0103096719004044,-0.0818529160180546,89.11000061035156,0.0113494494730772,0.0554305375845045,0.003604005986312,56.63,0.0409926470588235,-0.011002444987775,0.4686203319502073,435.8999938964844,0.0496027130002829,0.0234796904045753,0.1007575603446575,11876.740234375,0.0266234692594116,0.0773383719869285,12922.656,26.07,0.0,0.6600000000000001,0.370000000000001,133.613,9.087000000000003,0.9190634057251852,0.9190634057251852,0.0129397209910138,0.0089404994787841,0.877739966472247,0.5939323392943293,3.66,0.1600000000000001,-0.0899999999999998,1.02,3.94,0.0299999999999998,-0.52,-0.6300000000000003,4.19,-0.0799999999999991,-0.5299999999999994,-1.1599999999999993,0.2799999999999998,0.5300000000000002,-0.4300000000000001,-1.6500000000000004,2.869287991498415,-0.0516262261228694,-0.1837382538149246,-0.752333630123192,5.1,-0.3000000000000007,-0.3000000000000007,12.04,-0.3200000000000003,-2.0500000000000007,3.85,-0.2799999999999998,0.3000000000000002,-0.60485,-0.00475,0.0468499999999999,0.81,-0.8499999999999999,0.3632755590244039,-0.0550925194100621,-0.7970245211795141,2.075713362345037,-0.2500688964541641,0.4059301783344557,0.0780318061528755,-0.0013588500789738,2005-08-01,0.0657971080240507,-0.0013588500789738,2005-09-29,0.1097941741971002,-0.0013588500789738,2005-12-29,0.0581013157889136,-0.0013588500789738,2006-06-30,0.0,0.0,False,False,False,False,False,True,False,1,False,neutral,9.19781002556658e-67,1.0,2.268074286480184e-46,0.05002739288512292,-0.00135885007897385,2005-08-30,0.009244267121282946,0.02371481063611121,0.0,0.0,1.0,0.0,0.49999999999999994,-0.8660254037844387
2005-07-29,33.75228500366211,74725700.0,-0.008268243162814,0.0677102553031585,0.1325496969602715,0.0730390296713403,0.1463462634742951,0.1105016172933646,0.1078964137530468,32.46528030395508,32.02134003272423,31.98808977127075,31.786466014277828,0.0551516281530453,-0.0119554171849979,89.3499984741211,0.0026932764238096,0.0582731037683497,-0.0067807983165804,60.71,0.0608072689149048,0.2339430894308942,0.3886093321134491,429.8999938964844,-0.0148945923256401,-0.0117241519621048,0.0994884754385789,12360.8095703125,0.0877624257449396,0.1550376922367953,12922.656,26.29,0.2199999999999988,0.879999999999999,0.5899999999999999,133.613,9.087000000000003,0.9565223720504902,0.9565223720504902,0.0664726362452454,0.0730241603940751,1.3348124503482437,0.6794108603268696,4.02,0.3699999999999996,0.3599999999999994,1.3399999999999994,4.28,0.29,0.0700000000000002,-0.2199999999999997,4.42,0.1799999999999997,-0.1100000000000003,-0.8899999999999997,0.2600000000000007,0.4000000000000003,-0.2899999999999991,-1.5599999999999992,2.541026998411855,0.0516528925619708,-0.6658142629457187,-0.8012910608873325,5.0,-0.2000000000000001,-0.4000000000000003,11.57,-0.1999999999999993,-3.74,3.25,-0.56,-0.9000000000000004,-0.61446,-0.00961,-0.00404,0.86,-0.45,0.2078316928088564,0.936175883946352,-0.3319696059793437,2.952585252254319,0.4692377686952387,0.4061228966202085,-0.0207181113746118,-0.0282971473986261,2005-08-29,-0.0391614608521581,-0.0528053418873211,2005-10-27,0.0685136538268316,-0.0528053418873211,2006-01-30,-0.059104930300875,-0.0946106893126426,2006-07-31,0.0,0.0,False,False,False,False,False,True,False,1,False,neutral,4.7983508656497626e-61,1.0,5.387248423806254e-45,-0.022739255459931496,-0.0282971473986261,2005-09-28,-0.024557957377514983,-0.02478822768304219,0.0,0.0,0.0,1.0,1.2246467991473532e-16,-1.0
2005-08-31,33.24061584472656,93426300.0,0.0093215242468973,-0.0274451381286197,0.0092090697651254,0.0460059017552514,0.149394033545847,0.1086055035475842,0.1131264629969785,32.95016807556152,32.8025572850154,32.23685801506043,32.1395977896613,0.0311369622063415,-0.0274451381286197,87.58000183105469,-0.0132942798194697,-0.0019373010706018,-0.0145155944149777,68.63,0.1092613544528851,0.2837635615413392,0.5636819321029847,433.7999877929688,0.0043991524041089,0.0262597001783404,0.0611546006519474,12217.1298828125,0.0247301351320912,0.1365966608227264,13142.642,26.1,0.0,0.0300000000000011,0.4299999999999997,133.613,9.087000000000003,0.9295794470253774,0.9295794470253774,0.0069912392248681,0.0560644573394232,0.9000339732150324,0.5312939709615802,3.84,-0.2199999999999997,0.3199999999999998,1.4299999999999995,4.02,-0.3200000000000003,0.1299999999999994,-0.1100000000000003,4.23,-0.2899999999999991,0.0300000000000002,-0.7799999999999994,0.1799999999999997,0.3900000000000005,-0.1900000000000004,-1.54,3.067160232681121,0.6195147134744561,-0.2946327235622048,0.2222863733145175,5.0,-0.2000000000000001,-0.2999999999999998,12.6,0.8499999999999996,0.7599999999999998,3.66,0.3700000000000001,-0.3399999999999998,-0.59924,0.01522,0.0008599999999999,0.5,-0.42,0.2231990540592099,-0.3394000672530284,-0.931669519374008,2.560548084342189,-0.4754645754574734,0.4074989304695376,0.0123143353300065,-0.0123135320091238,2005-09-30,0.0579788813825565,-0.0382252782588777,2005-11-30,0.0659308400395326,-0.0382252782588777,2006-03-03,0.0009580175325929,-0.080674130818281,2006-08-31,0.0,0.0,False,False,False,False,False,False,False,0,False,neutral,9.059934732031952e-76,1.0,4.9205032184139485e-48,-0.002822066260660616,-0.03822527825887778,2005-10-31,-0.008517152277965545,-0.0257968713635385,0.0,0.0,0.0,0.0,-0.4999999999999997,-0.8660254037844388
2005-09-30,33.64995193481445,79248500.0,0.0066326517221078,0.0123143353300065,0.0743260170411039,0.0832828858928325,0.1045638422264345,0.1060829258328021,0.1108327449927164,33.3997444152832,33.19234020526593,32.23032633781433,32.344420072194694,0.04404626816746,-0.0154687714327074,89.5199966430664,0.022151116367342,-0.0067680087533612,0.0215679498902954,66.21,-0.0352615474282383,0.1201150397563863,0.3199760765550239,469.0,0.0811434144710729,0.0963067166494866,0.1179976162097735,12289.259765625,0.0313052333393075,0.1112752447013711,13142.642,25.73,-0.370000000000001,-0.5599999999999987,0.3200000000000003,133.613,9.087000000000003,0.9350676801228398,0.9350676801228398,0.0129492141849939,0.0363741168242972,0.9311064426670266,0.2749209049993087,4.18,0.3399999999999998,0.4199999999999999,1.5499999999999998,4.34,0.3200000000000003,0.2800000000000002,0.1299999999999999,4.53,0.2999999999999998,0.25,-0.5299999999999994,0.1600000000000001,0.3500000000000005,-0.1399999999999996,-1.42,3.646934460887952,0.6157003591585442,0.7776464693895369,0.5939082155746123,4.9,-0.1999999999999993,-0.5,11.92,-0.6799999999999997,0.5199999999999996,3.54,-0.1200000000000001,-0.2099999999999999,-0.56736,0.03188,0.0394499999999999,0.79,-0.0999999999999999,0.4751407581289206,0.298664660173539,-0.7590329955216643,2.825800891380009,-0.3442850374021897,0.4102013788173197,-0.0149522742713436,-0.0499248225823145,2005-10-31,0.0265448894149991,-0.0499248225823145,2005-12-30,0.0671761779354194,-0.0499248225823145,2006-04-03,0.0216755602709992,-0.0918573044981863,2006-10-02,0.0,0.0,False,False,False,False,False,False,False,0,False,neutral,1.261014895568949e-73,1.0,9.535579802717604e-49,0.04510905798608866,-0.049924822582314565,2005-11-30,-0.041308151685276705,-0.037647601504251185,0.0,0.0,1.0,0.0,-0.8660254037844385,-0.5000000000000004
2005-10-31,33.14680862426758,115279100.0,0.0143521841188696,-0.0149522742713436,-0.0301897523909484,0.102151248216616,0.0604363914171555,0.1689463364270719,0.1296269574756049,33.05556865692139,33.171609937227686,32.169347229003904,32.2911891249923,0.0303848688102192,-0.0301897523909484,90.06999969482422,0.0061439127835403,0.0147588725446754,0.0571596586974116,59.8,-0.0968131702159794,-0.0334572490706319,0.1936127744510978,465.1000061035156,-0.0083155520180903,0.0768696751011959,0.0884624839466678,12063.240234375,-0.0326082334303406,0.0888275187794034,13142.642,24.88,-0.8500000000000014,-1.2200000000000024,-1.59,133.613,9.087000000000003,0.9178702603612728,0.9178702603612728,-0.0470908398616611,0.0175180504113301,0.6547387170906486,-0.2978349426652156,4.4,0.2200000000000006,0.3400000000000007,1.7900000000000005,4.57,0.2300000000000004,0.2300000000000004,0.4599999999999999,4.73,0.2000000000000001,0.2100000000000008,-0.1899999999999995,0.1699999999999999,0.33,-0.1100000000000003,-1.3300000000000003,4.741833508956805,1.37684854665987,2.2008065105449504,1.5349922475992317,5.0,0.0,-0.2000000000000001,15.32,3.4000000000000004,3.5700000000000003,3.61,0.0699999999999998,0.3199999999999998,-0.58418,-0.01682,0.0302799999999999,0.59,-0.26,0.6651982782068246,-0.9342263612787404,-2.361282549344218,2.165910202323364,-0.2470032857240049,0.4122409852347313,0.0609730175388241,-0.0007715291918035,2005-11-30,0.0869996985926382,-0.0007715291918035,2006-02-01,0.0707293402170985,-0.0007715291918035,2006-05-03,0.1002327361999677,-0.0780723900153719,2006-10-31,0.0,1.0,False,False,False,False,False,False,False,0,False,neutral,6.719988469129545e-120,1.0,4.296628266509793e-79,0.04212705902716207,-0.000771529191803566,2005-12-30,0.02053018003767195,0.028120919401016894,0.0,0.0,0.0,1.0,-1.0,-1.8369701987210297e-16
2005-11-30,35.167869567871094,88044400.0,-0.0024180339931473,0.0609730175388241,0.0579788813825565,0.067721882711238,0.0439246751920279,0.0968748268008293,0.1280703307187004,33.66460842132568,33.6124205662654,32.468351440429686,32.41611673166086,0.0831430610942556,-0.0155164049345886,91.56999969482422,0.0166537138345987,0.0455583213102277,0.1227317611067748,57.33,-0.0413043478260869,-0.1646510272475593,0.2583406496927127,494.6000061035156,0.0634272191203417,0.1401568004182696,0.0894273262191973,12521.919921875,0.024947761216101,0.0670056578790576,13324.204,25.93,1.0500000000000007,-0.1700000000000017,-1.2100000000000009,133.613,9.087000000000003,0.939787466619019,0.939787466619019,0.0102080195936415,0.0029813808843935,0.937163055863488,0.3278040992558469,4.42,0.0199999999999995,0.5800000000000001,1.41,4.49,-0.08,0.4700000000000006,0.1100000000000003,4.66,-0.0700000000000002,0.4299999999999997,-0.4199999999999999,0.0700000000000002,0.2400000000000002,-0.1099999999999994,-1.2999999999999998,4.350104821802936,0.1509054325955716,1.282944589121815,0.98831186555961,5.0,0.0,-0.2000000000000001,12.06,-3.26,-0.5399999999999991,3.67,0.06,0.0099999999999997,-0.58219,0.00199,0.01705,0.54,0.04,0.2828608577934546,0.1185229294483819,-1.2478335577056343,2.825380721636206,0.4780874647072541,0.4136412099248662,-0.0177629008467904,-0.0177629008467904,2005-12-30,0.0075161790059405,-0.0177629008467904,2006-03-03,-0.0358026199240137,-0.0613427896986303,2006-06-02,0.0725593515858364,-0.1310546123752934,2006-11-30,0.0,0.0,False,False,False,False,False,False,False,0,False,neutral,1.7395870201643322e-85,1.0,4.745592556914941e-74,0.024530954721345255,-0.01776290084679044,2006-02-01,-0.008331816545876869,-0.004313075826332187,0.0,0.0,0.0,0.0,-0.8660254037844386,0.5000000000000001
2005-12-30,34.54318618774414,60026500.0,-0.007613025488024,-0.0177629008467904,0.0265448894149991,0.1028438823591166,0.0156543740330981,0.1155380025086143,0.1314289850200704,34.74386978149414,34.29633821340708,32.845207405090335,32.74783586381792,0.0516963939886905,-0.0380554574402256,91.16999816894533,-0.004368259552386,0.0184316531250305,0.1276437834210659,61.06,0.0650619222047794,-0.0777828122640083,0.408210332103321,517.0999755859375,0.0454912438430354,0.102558583338886,0.1819428013392856,12517.6904296875,0.0185878294070613,0.0456557017377485,13324.204,26.44,0.5100000000000016,0.7100000000000009,-0.6999999999999993,133.613,0.0,0.9394700373611437,0.9394700373611437,0.0044023572383038,-0.0161406553625138,0.8788407275199962,0.6152466894032684,4.41,-0.0099999999999997,0.2300000000000004,1.33,4.39,-0.1000000000000005,0.0499999999999998,0.1499999999999994,4.51,-0.1500000000000003,-0.0200000000000004,-0.3500000000000005,-0.0200000000000004,0.0999999999999996,-0.1800000000000006,-1.1800000000000006,3.338549817423053,-0.5022601707684538,-0.3083846434648984,0.4692618259246384,5.0,0.0999999999999996,-0.0999999999999996,12.07,0.0099999999999997,0.1500000000000003,3.65,-0.02,0.1099999999999998,-0.56483,0.0173599999999999,0.0025299999999999,0.31,-0.48,0.2032983358103726,-0.2280023608945324,-0.8962263391064653,2.2229501976002712,-0.1150616582581123,0.4161665069105498,0.0430587030408415,0.0207871885701274,2006-02-01,0.0395806252014707,0.001979947851471,2006-04-03,-0.0335651352485824,-0.0775518042549497,2006-07-03,0.0734269221004431,-0.1153404932741517,2007-01-03,0.0,0.0,False,False,False,False,False,False,False,0,False,neutral,1.4859518814725215e-73,1.0,3.516410629616321e-53,0.025736229953566392,0.0019799478514710422,2006-03-03,0.022123402135481297,0.009843602635616245,0.0,0.0,1.0,0.0,-0.5000000000000004,0.8660254037844384
2006-01-31,35.90236282348633,100988100.0,-0.0045034119882612,0.0314345939770883,0.0986771172404583,0.0618240546594754,0.1267446778682812,0.1765102264268377,0.135400318101024,35.666279296875,35.27011014498197,33.3548783493042,33.117925789979125,0.0763751690983238,-0.0280026368593736,88.95999908447266,-0.023490663287512,-0.0070320044555188,0.0641148410069742,67.86,0.1261201460338532,0.1070146818923327,0.4064248704663211,570.7999877929688,0.1068450150895425,0.2067653018878832,0.3532479950500458,12953.6298828125,0.0842252599435822,0.1126091176709396,13324.204,26.47,0.0299999999999975,1.59,-0.120000000000001,130.38299999999998,-3.230000000000018,0.9721878982648796,0.9721878982648796,0.0631347298408669,0.0428056499453409,1.3482750705759814,0.594649838503734,4.54,0.1600000000000001,0.1399999999999996,1.25,4.53,0.1600000000000001,-0.0499999999999998,0.3900000000000005,4.69,0.2000000000000001,-0.0499999999999998,0.0700000000000002,-0.0099999999999997,0.1500000000000003,-0.1899999999999995,-0.8599999999999994,3.338549817423053,0.0,-1.403283691533752,0.7975228190111983,4.9,-0.0999999999999996,-0.0999999999999996,12.95,1.34,-1.3000000000000007,3.42,-0.2600000000000002,-0.1600000000000001,-0.60357,-0.04053,-0.01939,0.06,-0.5900000000000001,0.3528990394076943,0.6927613788086318,-0.4252242463380037,2.1262897289599136,-0.3478134900766659,0.4184284200009077,-0.0073814315521002,-0.0359525899399134,2006-03-02,-0.0100201995646006,-0.0359525899399134,2006-05-02,-0.1302342781861809,-0.1488315628742393,2006-08-01,0.0509419822731316,-0.1488315628742393,2007-02-01,0.0,0.0,False,False,False,False,False,False,False,0,False,neutral,6.823691568361233e-70,1.0,4.6048314564265105e-54,-0.0009665742947339018,-0.03595258993991346,2006-03-31,-0.031476427625558245,-0.031746239190380665,0.0,0.0,0.0,1.0,0.0,1.0
2006-02-28,35.13301086425781,117564600.0,-0.0148610918871021,-0.023984780368948,-0.0164922337884317,0.071220099313912,0.1079317336411673,0.1508414174468375,0.1487202241519233,35.504331512451174,35.53190072866587,33.83231728553772,33.46580838727522,0.0384452997334623,-0.0488315744803816,90.11000061035156,0.0088446139523792,-0.0209691469576048,0.0921100263889571,61.37,-0.0949712431794721,0.0517566409597256,0.1858937198067631,561.5999755859375,0.0051905554242794,0.1412313932542448,0.2865978822129151,12922.26953125,0.0173084770760469,0.0892477604096868,13599.16,26.25,-0.2199999999999988,0.3200000000000003,-0.4899999999999984,130.38299999999998,-3.230000000000018,0.950225567700505,0.950225567700505,-0.0031079414719753,0.0210163004568637,0.9857533420738528,0.4053956930180029,4.69,0.1800000000000006,0.3600000000000003,1.1000000000000003,4.55,0.0300000000000002,0.1200000000000001,0.1899999999999995,4.51,-0.1900000000000004,-0.1500000000000003,-0.2000000000000001,-0.1400000000000005,-0.1800000000000006,-0.2400000000000002,-0.910000000000001,4.018789144050117,0.6057546693589266,-0.3313156777528192,0.9516289113689956,4.7,-0.2999999999999998,-0.2999999999999998,12.34,0.3699999999999992,1.459999999999999,3.37,-0.0299999999999998,-0.3500000000000001,-0.63356,-0.0299899999999999,-0.05137,-0.07,-0.55,0.2756753178734762,-0.8058093164433185,-0.878957948795531,2.0720929599765245,-0.8316386047511467,0.4191801117567656,0.0206670902684369,-0.0141116501923798,2006-03-29,-0.0591941852187882,-0.0604114612219796,2006-05-30,-0.0592922318007954,-0.1301924514338254,2006-08-28,0.0527211563894014,-0.1301924514338254,2007-03-01,1.0,0.0,False,False,False,False,False,False,False,0,False,neutral,8.744632564969092e-85,1.0,5.05886685007374e-60,0.018961861508280053,-0.01411165019237981,2006-04-28,-0.009829457579815149,-0.0051457263923447355,0.0,0.0,0.0,0.0,0.49999999999999994,0.8660254037844387
2006-03-31,35.86766052246094,71074600.0,-0.0028538395117738,0.0064625602031573,0.0304376358118507,0.0729750310709411,0.1629696301710139,0.1236243691506488,0.1524006963444228,35.29577110290527,35.46363261296199,34.19957106590271,33.99929917825235,0.0487751572481365,-0.0289421445251344,89.7300033569336,0.0018982336196315,-0.0150383659729332,0.0627739314532835,66.25,0.0456123737373737,0.0994025887819449,0.1570031435557108,581.7999877929688,0.0239351905909184,0.1281752453389533,0.3660483590764645,13155.4404296875,0.0460160463704339,0.1371541034863785,13599.16,26.33,0.0,-0.1100000000000029,0.9199999999999982,130.38299999999998,-3.230000000000018,0.9673715457195518,0.9673715457195518,0.0234720106375686,0.0612478609853803,1.3701567359891582,0.4404428114710372,4.82,0.1000000000000005,0.4400000000000004,1.0700000000000005,4.86,0.2200000000000006,0.4900000000000002,0.4000000000000003,4.9,0.2800000000000002,0.4100000000000001,0.1800000000000006,0.04,0.08,0.0499999999999998,-0.6699999999999999,3.63825363825363,0.0501756146512821,0.2997038208305769,-0.0086808226343215,4.8,-0.2000000000000001,-0.1000000000000005,11.39,-0.33,-0.2199999999999988,3.13,-0.1899999999999999,-0.5500000000000003,-0.62901,0.00455,-0.0659699999999999,0.23,-0.1299999999999999,0.1401167910609476,-0.2062367299342503,-0.769054992424826,2.600001770570311,-0.3411981684269058,0.4190435707719669,-0.0090623847380034,-0.0116857318251374,2006-05-02,-0.0747414621570536,-0.1116147719136586,2006-06-30,-0.0293162706227242,-0.1480080493554262,2006-09-29,0.0564490775424217,-0.1480080493554262,2007-04-03,1.0,0.0,False,False,False,False,False,False,False,0,False,neutral,4.717656167541374e-78,1.0,5.493121032949119e-56,-0.05222955786614869,-0.07965632940714018,2006-06-01,-0.0061531772640699865,-0.0700110731873588,0.0,1.0,1.0,0.0,0.8660254037844386,0.5000000000000001
2006-04-28,35.799198150634766,88876600.0,-0.0097026410194827,-0.0016707002473338,-0.0054777149443305,0.081689310627937,0.2091839558183863,0.1210014965296982,0.1333863595883925,35.59276870727539,35.52099615243765,34.590949354171755,34.331064696784495,0.03492962231513,-0.0307956505246298,86.11000061035156,-0.0458725694143871,-0.0359381896041214,0.0208654673155737,71.8,0.0878787878787878,0.0588408789264118,0.3828967642526963,651.7999877929688,0.1375217937050066,0.1666367881721802,0.505311750099235,13280.9296875,0.0244935188675579,0.1810110723326807,13599.16,26.15,-0.1799999999999997,-0.3200000000000003,0.7399999999999984,130.38299999999998,-3.230000000000018,0.976599266976784,0.976599266976784,0.0036773456184798,0.0958020757462044,1.6268505115366028,0.2018557073604404,4.87,0.0499999999999998,0.3600000000000003,1.2800000000000002,5.07,0.2600000000000007,0.5500000000000007,0.8799999999999999,5.17,0.33,0.4699999999999997,0.6500000000000004,0.2000000000000001,0.2999999999999998,0.1900000000000004,-0.4000000000000003,3.4179181771103018,0.1504513540621754,0.0793683596872485,-1.3239153318465036,4.7,-0.2000000000000001,-0.2999999999999998,11.59,0.6400000000000006,-0.3800000000000008,3.0,-0.1400000000000001,-0.3999999999999999,-0.61972,0.0118099999999999,-0.0161499999999999,0.3,0.2299999999999999,0.2244511021973576,-0.6699621949858177,-0.6857001332773687,2.6338086081095717,-0.6785243182700745,0.4200724222296987,-0.0767016408360767,-0.0778962645498529,2006-05-30,-0.112664279408325,-0.1463787002992685,2006-07-28,0.0244568063768675,-0.1463787002992685,2006-10-26,0.1006550663884078,-0.1463787002992685,2007-05-01,1.0,0.0,False,False,False,False,False,False,True,1,False,neutral,6.732565566445529e-78,1.0,6.977052216335059e-47,-0.0959263342016049,-0.10991582436868286,2006-06-28,-0.07240086759667093,-0.09688596161738972,0.0,1.0,0.0,1.0,1.0,6.123233995736766e-17
2006-05-31,33.207305908203125,137066200.0,0.0046580766751667,-0.0632244931648425,-0.0675168220038322,-0.0625674663992563,0.0235543057474085,0.1572803440675826,0.1358898858700101,35.242519302368166,35.23682039701021,34.68210743904114,34.57609491949683,-0.0425234116303397,-0.1009668656497841,84.72000122070312,-0.0145399555920789,-0.0609620918375458,-0.0346399366628128,71.42,-0.031593220338983,0.1517497177874536,0.371351766513057,642.5,-0.0228136882129277,0.1401952085181899,0.5433582004319524,12841.6904296875,-0.0150333374654837,0.0894042996783042,13753.424,25.65,0.0,-0.6799999999999997,0.0,130.38299999999998,-3.230000000000018,0.9337086117382478,0.9337086117382478,-0.0250043109487049,0.0215269696429618,0.5539623906116169,-0.5402551906420319,5.04,0.0999999999999996,0.33,1.44,5.12,-0.0199999999999995,0.5300000000000002,1.12,5.21,-0.0200000000000004,0.6500000000000004,0.8499999999999996,0.08,0.1699999999999999,0.2000000000000001,-0.3199999999999998,3.613835828600931,0.5007511266900355,-0.4049533154491858,-0.736268993202005,4.7,0.0,-0.2999999999999998,16.44,3.900000000000002,4.900000000000002,3.12,0.1600000000000001,-0.2099999999999999,-0.58254,0.0371800000000001,0.05102,0.26,0.27,0.7734943601968417,-1.4514886806687015,-2.1860362810760576,1.640472756653565,-1.1363743312224113,0.4220332254177737,0.0042822043547825,-0.0404430921841643,2006-06-29,-0.0016460473267612,-0.0797519636773678,2006-08-29,0.1289196580945231,-0.0797519636773678,2006-11-28,0.2258394393353042,-0.0797519636773678,2007-06-01,0.0,0.0,False,False,False,False,False,False,True,1,False,neutral,9.728645076730121e-123,1.0,3.874803924842288e-55,-0.04366350468736935,-0.07975196367736781,2006-07-31,-0.03312344860987178,-0.06755041338238352,0.0,1.0,0.0,0.0,0.8660254037844387,-0.4999999999999998
2006-06-30,33.186859130859375,82719200.0,-0.0048770511164417,-0.023752486140231,-0.0747414621570536,-0.0465787797503846,0.0581013157889136,0.2157149785584741,0.1756590926261548,33.90008407592774,34.41151833167443,34.63142121315003,34.496974592810275,-0.0417124689570098,-0.1015204284824188,85.22000122070312,0.0050713562982995,-0.050261918728458,-0.0436539037482236,73.94,0.0546284410212523,0.1160754716981131,0.3056683736535404,613.5,-0.0224665011702295,0.0544860998146179,0.4074329171605615,12849.2900390625,-0.0232717705090373,0.0818869307145941,13753.424,24.75,0.0,-1.5799999999999983,-1.3200000000000005,130.38299999999998,-3.230000000000018,0.9342611730040824,0.9342611730040824,-0.0331103727154693,0.0151977672788972,0.5386580015065245,-1.7667090026764758,5.16,0.1200000000000001,0.3399999999999998,1.5,5.15,0.04,0.29,1.2100000000000004,5.19,-0.0099999999999997,0.29,1.0,-0.0099999999999997,0.0300000000000002,-0.0499999999999998,-0.2899999999999996,3.977272727272729,0.2989536621823774,0.3390190890190991,0.6387229098496761,4.6,-0.2000000000000001,-0.4000000000000003,13.08,-1.4399999999999995,1.6899999999999995,3.35,0.2200000000000002,0.2200000000000002,-0.52983,0.0527099999999999,0.0991799999999999,0.14,-0.09,0.4743611880183714,-1.4982040391012128,-2.227538124810974,1.6877700881365727,-0.9464943849617108,0.4226521988484691,-0.0590659877495133,-0.0791849890617371,2006-08-01,0.0490945932152424,-0.0791849890617371,2006-09-29,0.1152298184680546,-0.0791849890617371,2006-12-29,0.2500657491215825,-0.0791849890617371,2007-07-03,0.0,0.0,False,False,False,False,False,False,False,0,False,neutral,9.63258548209087e-125,1.0,1.2663213134605668e-46,0.0036111440623025626,-0.0791849890617371,2006-08-30,-0.07196259748571679,-0.06729114794083661,0.0,1.0,1.0,0.0,0.49999999999999994,-0.8660254037844387
2006-07-31,31.75735855102539,78015300.0,-0.0002691167135528,-0.0477412711628753,-0.1041273948985522,-0.1194356138273449,-0.059104930300875,0.1894360994986188,0.1933052052065728,32.409720268249515,33.03135801462027,34.48507563591004,34.3473843067616,-0.0790984805625368,-0.140221803125585,85.30000305175781,-0.0066379373074715,-0.0077933948985912,-0.0453273138391412,74.56,0.014421768707483,0.0109830508474577,0.2281337506176906,634.2000122070312,0.0813299440870098,-0.0354372437915874,0.4752268462691356,12789.669921875,-0.0333864394455255,0.0346951669405628,13753.424,24.7,-0.0500000000000007,-0.9499999999999992,-1.59,130.38299999999998,-3.230000000000018,0.9299262439575048,0.9299262439575048,-0.0430323742126617,-0.0265961280929855,0.3814650889772922,-1.810004955810094,4.97,-0.2400000000000002,0.0299999999999993,0.9500000000000002,4.99,-0.2299999999999995,-0.1499999999999994,0.71,5.07,-0.1899999999999995,-0.1600000000000001,0.6500000000000004,0.0200000000000004,0.1000000000000005,-0.1799999999999988,-0.2400000000000002,4.1817243159525175,0.2483854942871399,0.7638061388422157,0.8431744985294642,4.6,-0.1000000000000005,-0.3000000000000007,14.95,1.92,2.41,3.45,0.1200000000000001,0.4900000000000002,-0.55974,-0.0259,0.05998,-0.11,-0.43,0.6554147035069109,-1.811145160980124,-2.132728674429537,1.1857332176050832,-0.8598412248250757,0.4220200265155495,0.0439358505782763,-0.0167115295241405,2006-08-29,0.1383906140071333,-0.0167115295241405,2006-10-27,0.190002619819505,-0.0167115295241405,2007-01-31,0.2952494540240895,-0.0167115295241405,2007-08-01,0.0,1.0,False,False,False,False,False,False,False,0,False,neutral,3.2476410526005863e-112,1.0,7.205093297418083e-44,0.10117236021953624,-0.016711529524140567,2006-09-28,-0.014932790999064171,-0.01129090288130631,0.0,0.0,0.0,1.0,1.2246467991473532e-16,-1.0
2006-08-31,33.2724609375,61207200.0,-0.001028043034871,0.0536729340538721,-0.018765257656109,-0.060954069500916,0.0009580175325929,0.1426168095980496,0.1890446716890002,32.07047813415527,32.25100889939528,34.360186080932614,34.26836733775096,-0.0316565556679631,-0.0992029005040003,85.05000305175781,0.0,0.0118976795204184,-0.0288878594017084,70.38,-0.0758928571428572,-0.0323112883266878,0.0254990528923211,625.9000244140625,-0.0394413016187805,-0.015106177161192,0.4428308944830437,13062.5400390625,0.0020527935469676,0.0691987532554068,13870.188,25.05,0.0,0.3000000000000007,-1.0500000000000007,130.38299999999998,-3.230000000000018,0.9417709434841476,0.9417709434841476,-0.0060497790819203,0.01219149645877,0.7111349641637951,-1.386235140062556,4.79,-0.1799999999999997,-0.1299999999999999,0.9500000000000002,4.74,-0.2199999999999997,-0.2599999999999998,0.7200000000000006,4.88,-0.1699999999999999,-0.2199999999999997,0.6499999999999995,-0.0499999999999998,0.0899999999999998,-0.1299999999999999,-0.2299999999999995,4.104669061056954,0.5450941526263575,0.4908332324560227,0.0858799170068369,4.7,0.0,0.0,12.31,-2.03,-2.01,3.49,0.0700000000000002,0.27,-0.60386,-0.0441199999999999,-0.0354099999999999,-0.31,-0.5,0.1599266371998086,-0.5373414168233297,-1.178980365599082,1.4209283681886722,-0.6267660310661058,0.4209896517769141,0.0332669278858852,-0.0097758862008746,2006-10-02,0.1336590777347304,-0.0097758862008746,2006-11-30,0.1043710881321358,-0.0097758862008746,2007-03-06,0.2822082471163158,-0.0097758862008746,2007-09-04,0.0,1.0,False,False,False,False,False,False,False,0,False,neutral,3.652489410371258e-88,1.0,9.005846544369284e-51,0.09607774481964126,-0.009775886200874662,2006-10-31,-0.0022124524889201914,0.00856390525585461,0.0,0.0,0.0,0.0,-0.4999999999999997,-0.8660254037844388
2006-09-29,34.81615447998047,85438200.0,-0.0044086232518087,0.0453197928520772,0.0490945932152424,-0.0293162706227242,0.0415194046886395,0.1438154334541888,0.1660247810694942,32.8868473815918,32.668863912729115,34.2252710723877,34.34234268600876,0.0172645355048621,-0.0574099394065579,85.97000122070312,0.0117688594284302,0.0088007508713552,-0.0383668931390664,62.9,-0.1039886039886041,-0.149310251555315,-0.0588059254825676,598.5999755859375,-0.0309212178138861,-0.02428691836033,0.2676831006168789,13345.9697265625,0.0386542514014445,0.0886199902355939,13870.188,25.64,0.5899999999999999,0.8900000000000006,-0.0899999999999998,130.38299999999998,-3.230000000000018,0.9622053952377936,0.9622053952377936,0.027944222233711,0.0293997787234351,1.3631420389216813,-0.5877921371722992,4.71,-0.1200000000000001,-0.4500000000000002,0.5800000000000001,4.64,-0.1200000000000001,-0.5100000000000007,0.3499999999999996,4.77,-0.1400000000000005,-0.4200000000000008,0.2699999999999996,-0.0700000000000002,0.0599999999999996,-0.0600000000000005,-0.2300000000000004,3.926568077511483,0.4435682602267121,-0.0507046497612462,0.2883144392578529,4.7,0.1000000000000005,-0.0999999999999996,11.98,-0.2400000000000002,-1.0999999999999996,3.42,0.0,0.0699999999999998,-0.60617,-0.00231,-0.0763399999999999,-0.25,-0.39,0.248354605042584,0.4569432258103902,-0.0985384178716024,1.5781719790008415,-0.6814555253736806,0.4197709137864839,0.0450183995654138,-0.0125465029211624,2006-10-30,0.0630402879592797,-0.0125465029211624,2006-12-29,0.0883556049921299,-0.0125465029211624,2007-04-03,0.283493991242977,-0.0125465029211624,2007-10-02,0.0,0.0,False,False,False,False,False,False,False,0,False,neutral,3.4376922137267543e-66,1.0,2.416181550808985e-46,0.08413278804090707,-0.012546502921162439,2006-11-29,0.006937336293392038,0.014541545287873214,0.0,0.0,1.0,0.0,-0.8660254037844385,-0.5000000000000004
2006-10-31,36.46920394897461,135811800.0,0.0023549648438065,0.0607885680249826,0.154907453335263,0.0275544854098117,0.1002327361999677,0.1360576742256823,0.1417299286033897,34.70891792297363,34.06703200707069,34.24057041168213,34.387840116346204,0.0650875119922687,-0.0126563466443506,85.31999969482422,-0.0031545350463682,0.0031745635905751,-0.0527367604762294,58.72,-0.036745406824147,-0.2289915966386554,-0.0180602006688962,604.0999755859375,0.0107076514107371,-0.0728974858497909,0.2988603905790643,13829.0703125,0.0809484185454558,0.1463810753841368,13870.188,26.54,0.0,1.4899999999999984,1.66,130.38299999999998,-3.230000000000018,0.997035534954537,0.997035534954537,0.0668337204145723,0.0791652745932641,2.4011135397662327,0.643373555915114,4.71,0.0499999999999998,-0.2599999999999998,0.3099999999999996,4.61,-0.0099999999999997,-0.3499999999999996,0.04,4.72,-0.04,-0.33,-0.0100000000000006,-0.0999999999999996,0.0099999999999997,-0.0899999999999998,-0.2699999999999996,2.012072434607637,-0.4906771344455385,-2.1696518813448806,-1.405845742502665,4.5,-0.0999999999999996,-0.2000000000000001,11.1,-1.4700000000000006,-3.24,3.29,-0.1499999999999999,-0.1299999999999999,-0.6283,-0.0221299999999999,-0.0685599999999999,-0.47,-0.3299999999999999,0.0099547673382996,1.9167207460252065,1.9282305709766328,2.0108470900260063,-0.3999468316178141,0.4186776353934666,0.0342871051736144,-0.0152659211648982,2006-11-30,0.0383694538064804,-0.0152659211648982,2007-02-02,0.0971395631234255,-0.0152659211648982,2007-05-04,0.2721998104011189,-0.0152659211648982,2007-11-01,0.0,0.0,False,False,False,False,False,False,False,0,False,neutral,5.4293315222707095e-53,1.0,6.855047133760916e-36,0.016736918111295518,-0.015265921164898222,2007-01-03,-0.007328144241590362,-2.0943346191441375e-05,0.0,0.0,0.0,1.0,-1.0,-1.8369701987210297e-16
2006-11-30,37.71962738037109,123457100.0,-0.0006810707900269,0.0342871051736144,0.1336590777347304,0.1123856730468513,0.0725593515858364,0.1294047875567994,0.1376314030233544,36.29667694091797,35.70851141122671,34.44065647125244,34.53834014755112,0.0952063997925127,-0.0154263226185984,82.91999816894531,-0.028129413202805,-0.0250441482232077,-0.0944632691351622,62.97,0.0723773841961852,-0.1052855924978686,0.0983778126635268,646.9000244140625,0.0708492808439724,0.033551684264047,0.3079256296625918,14116.7099609375,0.0807017562221885,0.1273598656605767,14039.56,26.93,0.3900000000000005,1.879999999999999,1.0,130.38299999999998,-3.230000000000018,1.0054951836765185,1.0054951836765185,0.063724240192371,0.0657077170574994,2.462549977474491,1.1339377376894542,4.62,-0.0899999999999998,-0.1699999999999999,0.2000000000000001,4.46,-0.1500000000000003,-0.2800000000000002,-0.0300000000000002,4.56,-0.1600000000000001,-0.3200000000000003,-0.1000000000000005,-0.1600000000000001,-0.0600000000000005,-0.1100000000000003,-0.2300000000000004,1.4063284781516971,-0.4437869822485285,-2.6983405829052565,-2.2075073504492337,4.4,-0.2999999999999998,-0.2999999999999998,10.91,-0.1899999999999995,-1.4000000000000004,3.2,-0.0899999999999998,-0.29,-0.62819,0.0001099999999999,-0.02433,-0.57,-0.2599999999999999,0.001336926254039,1.572887908421729,2.067466396595633,2.244589447602917,-0.758049905570099,0.4180004187009834,-0.0169683900867861,-0.0240161432463313,2007-01-03,-0.0258349182552461,-0.0417489973173472,2007-03-06,0.0823797675843402,-0.0417489973173472,2007-06-05,0.1589577399778761,-0.0417489973173472,2007-12-03,0.0,0.0,False,False,False,False,False,False,False,0,False,neutral,9.252592915043202e-51,1.0,8.385440450416044e-30,0.003947016850975205,-0.024016143246331167,2007-02-02,-0.01987836942127863,-0.016311655170434338,0.0,0.0,0.0,0.0,-0.8660254037844386,0.5000000000000001
2006-12-29,37.0109748840332,75152500.0,0.0009270398203113,-0.0194556426245006,0.0630402879592797,0.1152298184680546,0.0632837743825698,0.1113241342627927,0.129398546677312,37.18690971374512,36.797933197021486,34.67025735855103,34.72258488766782,0.0675137049395124,-0.0339238699901293,83.72000122070312,0.0033556899700895,-0.0261719200657422,-0.0810098504613522,60.85,-0.0256204963971177,-0.032591414944356,0.0097909060736807,635.2000122070312,-0.0004720500282749,0.0611427298928102,0.2317238649822368,14257.5498046875,0.0683037723598818,0.1336470228677124,14039.56,27.28,0.3500000000000014,1.6400000000000006,0.8399999999999999,130.38299999999998,-3.230000000000018,1.015526825960892,1.015526825960892,0.0533214307230985,0.0716272908789089,2.495253105988528,1.5522768417587791,4.82,0.1299999999999999,0.1100000000000003,0.4400000000000004,4.71,0.1900000000000004,0.0700000000000002,0.3399999999999998,4.81,0.1999999999999993,0.04,0.3199999999999994,-0.1100000000000003,-0.0100000000000006,-0.04,-0.1000000000000005,1.9687026754164672,0.0495294700346704,-1.957865402095016,-2.008570051856262,4.5,-0.2000000000000001,-0.0999999999999996,11.56,0.7300000000000004,-0.4199999999999999,2.82,-0.33,-0.6000000000000001,-0.63503,-0.0068399999999999,-0.0288599999999999,-0.31,-0.06,0.2393709928109432,0.5720309176061905,1.2844616362423984,2.214615905861408,-0.8253435317640093,0.4183137424459284,0.0194624830128822,0.0018538053978451,2007-02-01,0.0238140711312531,-0.0234012783691954,2007-04-03,0.1209041655994693,-0.0234012783691954,2007-07-03,0.1714571069153867,-0.0234012783691954,2008-01-02,0.0,0.0,False,False,False,False,False,False,False,0,False,neutral,1.1264528968057895e-47,1.0,6.379335603449806e-28,-0.023401278369195477,-0.023401278369195477,2007-03-05,0.008480257838295558,-0.00041180787712120144,0.0,0.0,1.0,0.0,-0.5000000000000004,0.8660254037844384
2007-01-31,37.79133987426758,157772500.0,0.010084765662,0.0220312777416873,0.0453376944410122,0.190002619819505,0.0478739264652139,0.1485411314864433,0.130234638504604,37.7197412109375,37.47239203819862,34.879062786102295,34.9642844157176,0.0834964260945019,-0.0273669876452061,84.61000061035156,0.0094249692007113,-0.0111032839568702,-0.0537910719871186,58.17,-0.0367610531544957,-0.0424691358024691,-0.1490637799882972,652.0,0.0282290255531425,0.089936453853413,0.1523506788030766,14531.919921875,0.0514817931743041,0.1196115909368611,14039.56,27.21,-0.0700000000000002,0.6700000000000017,0.740000000000002,141.644,11.261000000000024,1.0350694695471223,1.0350694695471223,0.0386576024639222,0.0609452601384403,2.7685750316777384,1.5118359434782007,4.94,0.1200000000000001,0.1800000000000006,0.4200000000000008,4.83,0.1299999999999999,0.1500000000000003,0.29,4.93,0.1200000000000001,0.1299999999999999,0.2599999999999998,-0.1100000000000003,-0.0100000000000006,-0.0300000000000002,-0.1300000000000007,2.5239777889954462,0.544554455445545,0.5119053543878094,-1.6577465269570713,4.4,-0.0999999999999996,-0.1999999999999993,10.42,-0.5700000000000003,-0.3800000000000008,2.72,-0.1099999999999998,-0.5099999999999998,-0.68103,-0.0544299999999999,-0.05273,-0.29,0.14,0.1414932903233114,0.3460821253222756,0.8052532726878109,2.438872955820894,-0.4426377167172909,0.419150559790883,-0.0360791551396201,-0.0360791551396201,2007-03-02,0.0539877112355355,-0.0435673654781431,2007-05-02,0.0884425231101995,-0.0435673654781431,2007-08-01,0.0271015597107151,-0.0435673654781431,2008-01-31,0.0,0.0,False,False,False,False,False,False,False,0,False,neutral,4.922028948320117e-64,1.0,1.2795748180093168e-46,-0.010268934192799173,-0.043567365478143105,2007-04-02,-0.02046767398425302,-0.03139735254299706,0.0,0.0,0.0,1.0,0.0,1.0
2007-02-28,37.156768798828125,214978700.0,0.0032424744897565,-0.0064201437812717,-0.0283811089998217,0.132770508126635,0.0418856153521474,0.1792380876770408,0.1532978497375148,37.82419235229492,37.80322805551382,35.089676456451414,35.16554071237375,0.0589088458806996,-0.0460143843799196,83.56999969482422,-0.0179788343916615,-0.0016724332956588,-0.0778991258143009,61.78,0.1438622477319016,0.0785614525139664,0.012620881822652,669.4000244140625,0.0408957391176427,0.0647367765496857,0.206778456251812,14271.6103515625,0.0095754073083385,0.0927801325442214,14215.651,27.32,0.1099999999999994,0.3900000000000005,1.0700000000000005,141.644,11.261000000000024,1.0039364607053525,1.0039364607053525,-0.0029505072623048,0.0435896336770652,1.688985225426618,1.7129451267795233,4.65,-0.3399999999999998,-0.08,-0.0899999999999998,4.56,-0.3400000000000007,0.0099999999999997,-0.0300000000000002,4.68,-0.3100000000000005,0.0499999999999998,0.1299999999999999,-0.0900000000000007,0.0299999999999993,0.0899999999999998,0.0599999999999996,2.075765178123423,0.1659281142294633,0.6694366999717261,-2.0289038829335304,4.6,0.1999999999999993,-0.1000000000000005,15.42,3.9700000000000006,4.69,2.82,0.2399999999999997,-0.33,-0.66258,0.01845,-0.0343899999999999,-0.6,-0.1099999999999999,0.4428510776379668,-0.6598124006193986,-0.9997918212599964,1.829206765914742,-0.3404316106327208,0.4197749393819375,0.0061720105818801,-0.0272332087391677,2007-03-29,0.0897692954639346,-0.0272332087391677,2007-05-30,0.0802217644734972,-0.0272332087391677,2007-08-28,0.0212637560746842,-0.0272332087391677,2008-02-28,0.0,1.0,False,False,False,False,False,False,False,0,False,neutral,1.5437416490904738e-99,1.0,1.3334123600470216e-64,0.061364885142576986,-0.02723320873916779,2007-04-30,-0.01901707769600174,-0.014855353775610227,0.0,0.0,0.0,0.0,0.49999999999999994,0.8660254037844387
2007-03-30,37.351783752441406,120418700.0,-0.0009179084177181,0.0099098908613459,0.0052484368236946,0.0709851507673999,0.0416261269647084,0.1585189691761664,0.159616911951786,37.56054084777832,37.6148558983436,35.5065838432312,35.29098137864121,0.0519678242592174,-0.0410074511456242,82.93000030517578,-0.008962715072476,-0.0120324291976938,-0.0811080298595481,65.94,0.0640632564143941,0.0933510197313878,-0.0009090909090909,663.0,0.0010569412953849,0.0570790610589968,0.1570680628272251,14409.26953125,0.0043507755064366,0.0912038058703219,14215.651,26.23,0.0,-1.0500000000000007,-0.0999999999999978,141.644,11.261000000000024,1.0136200959949002,1.0136200959949002,-0.0082673142497939,0.042609409489263,1.8110011369121053,0.2063458046539907,4.58,-0.0499999999999998,-0.1899999999999995,-0.2400000000000002,4.65,0.0900000000000007,-0.0099999999999997,-0.1599999999999992,4.84,0.1600000000000001,0.0599999999999996,0.0,0.0700000000000002,0.2599999999999998,0.1799999999999997,0.0800000000000009,2.420260782347028,0.3878350545869269,0.4515581069305607,-1.5063072951644552,4.5,0.0,-0.2000000000000001,14.64,-1.1799999999999995,4.0,2.8,-0.0300000000000002,-0.0700000000000002,-0.60648,0.0560999999999999,0.02012,-0.39,-0.08,0.0869182290605074,-0.1888527643217888,-0.2032454664526267,1.871071420136516,-0.4469069556870069,0.4209916827863675,0.05490460852658,0.0013782297504398,2007-05-01,0.0943530265802765,0.0013782297504398,2007-06-29,0.1825624880892149,0.0013782297504398,2007-09-28,0.0506007937868033,-0.0499243939618933,2008-04-01,0.0,1.0,False,False,False,False,False,False,False,0,False,neutral,1.5534366119243477e-72,1.0,8.512384066177316e-36,0.08913331970252703,0.0013782297504398855,2007-05-31,0.014242898925256542,0.018965169885668026,0.0,0.0,1.0,0.0,0.8660254037844386,0.5000000000000001
2007-04-30,39.4368896484375,93290500.0,-0.0130984582384081,0.054854313159415,0.0545507699755685,0.0851990070640873,0.0909252073446587,0.1024068979466396,0.1494110748139685,37.930957565307615,37.89860475980319,36.11360395431519,35.76017104827606,0.0920230973991509,-0.0130984582384081,81.44999694824219,-0.0197376274152099,-0.0428907355032311,-0.0597945338728659,65.78,-0.004841149773071,0.2179226069246436,-0.0703787450537026,680.5,0.0287226001511715,0.0581558479768045,0.0745302591454672,14952.349609375,0.0412898409060289,0.1268659072635176,14215.651,26.98,0.75,-0.2300000000000004,0.8300000000000018,141.644,11.261000000000024,1.0518230652521647,1.0518230652521647,0.0290381492496332,0.0761032614876306,2.47570637046287,1.2795279771144743,4.6,0.0199999999999995,-0.3900000000000005,-0.3100000000000005,4.63,-0.0099999999999997,-0.2700000000000004,-0.4599999999999999,4.81,-0.0200000000000004,-0.1800000000000006,-0.3700000000000001,0.0300000000000002,0.2099999999999999,0.1200000000000001,-0.1499999999999994,2.798197295943927,0.5200121434097538,0.2742195069484809,0.7861248613362903,4.4,0.0,-0.0999999999999996,14.22,-0.92,2.7700000000000014,2.74,-0.0799999999999996,0.1600000000000001,-0.58797,0.02432,0.09306,-0.28,-0.04,0.3088948331406187,0.4732456178988165,0.9877598379503876,1.9434412225356037,-0.975587553146938,0.4212093563662227,0.026762153825677,-0.0008702722655052,2007-05-30,0.0571794124748117,-0.0008702722655052,2007-07-30,0.1749400085740728,-0.0103234197550353,2007-10-26,0.0389243949397493,-0.100156759279035,2008-04-29,0.0,0.0,False,False,False,False,False,False,False,0,False,neutral,1.8039593838713758e-54,1.0,1.0543642269408184e-24,0.03475120872760118,-0.0008702722655052897,2007-06-28,0.003916467017677472,0.006599991900544944,0.0,0.0,0.0,1.0,1.0,6.123233995736766e-17
2007-05-31,40.68107223510742,109457700.0,0.0046617863806388,0.0324472098228441,0.0999265120342345,0.0883971280756639,0.2307703582394613,0.1223876920727717,0.1284481404581134,39.11133888244629,38.578377239520734,37.07564767837525,36.49960215456851,0.0972450862627836,0.0,82.30000305175781,0.0085784876314516,-0.016491362910913,-0.0234930678241234,64.02,-0.0063634952661805,0.033080522833629,-0.1089770354906054,661.0,-0.0198695491236151,-0.001962838316366,0.0108578916055241,15462.16015625,0.0861286369347142,0.2151755069092291,14402.082,27.55,0.0,1.3200000000000005,1.900000000000002,141.644,11.261000000000024,1.0736058964426116,1.0736058964426116,0.0721723164090626,0.148438481654665,2.637054540607612,1.9254238699074384,4.92,0.29,0.29,-0.0700000000000002,4.9,0.2600000000000007,0.3400000000000007,-0.1899999999999995,5.01,0.2000000000000001,0.33,-0.1800000000000006,-0.0199999999999995,0.0899999999999998,0.0500000000000007,-0.1199999999999992,2.5929247633283525,0.3000662483924943,0.5171595852049293,1.1865962851766554,4.5,-0.0999999999999996,0.0999999999999996,13.05,-0.4599999999999991,-2.77,2.46,-0.2800000000000002,-0.3700000000000001,-0.5531,0.0348699999999999,0.1094799999999999,0.17,0.76,0.5366185331843594,1.071945278614537,0.1319024404540347,2.233603845798707,0.1587179738887947,0.4218338757782178,0.0047925325424578,-0.0225687595593484,2007-06-29,0.0149255942655022,-0.0405915100467456,2007-08-29,0.0872615255817563,-0.0405915100467456,2007-11-28,0.0581418431722515,-0.1276774028935234,2008-05-30,0.0,0.0,False,False,False,False,False,False,False,0,False,neutral,3.2544976609366857e-71,1.0,3.4023976099315462e-31,0.0033149858232595086,-0.02256875955934845,2007-07-31,-0.015116174068262688,-0.010896449921368463,0.0,0.0,0.0,0.0,0.8660254037844387,-0.4999999999999998
2007-06-29,40.87603759765625,124794700.0,0.0016827442388609,0.0047925325424578,0.0943530265802765,0.1000966693031022,0.2629660361702528,0.1305795929219393,0.1180774076677169,40.1754867553711,39.705113278902495,37.86910137176514,37.38161381730088,0.079403421707098,-0.0035592457021468,81.91999816894531,-0.004617313107188,-0.0121789718137433,-0.054369147336973,70.47,0.1007497656982192,0.0686988171064604,-0.0232848232848233,648.0999755859375,-0.0195159219577344,-0.0224736416501696,0.1206985807821894,15210.650390625,0.055615647804839,0.2116467777607589,14402.082,27.42,-0.129999999999999,1.1900000000000013,2.6700000000000017,141.644,11.261000000000024,1.0561424654175,1.0561424654175,0.0425223694225997,0.1433733836737466,2.047554450525157,1.6450111920588468,4.87,-0.0499999999999998,0.29,-0.4199999999999999,5.03,0.1299999999999999,0.3799999999999999,-0.2199999999999997,5.12,0.1100000000000003,0.2800000000000002,-0.1600000000000001,0.1600000000000001,0.25,0.0899999999999998,0.2000000000000001,2.709885742672613,0.4132994016629032,0.2896249603255851,0.7411830672561459,4.4,-0.0999999999999996,-0.0999999999999996,16.23,3.18,1.59,2.89,0.4300000000000001,0.0900000000000003,-0.52245,0.03065,0.08403,0.21,0.6,0.6276962632844185,0.960666269847706,-0.7253253435766751,2.0801206515072392,0.3299024656637658,0.4221351641834019,-0.001470499303433,-0.001470499303433,2007-07-31,0.0806042103109838,-0.0451675755136902,2007-09-28,0.0903572687106268,-0.0451675755136902,2007-12-28,-0.048160741989479,-0.1318380970654593,2008-06-30,0.0,1.0,False,False,False,False,False,False,False,0,False,neutral,8.429655454126774e-83,1.0,3.4163959630688693e-25,0.010084730324780855,-0.04516757551369022,2007-08-29,0.00983242075336752,-0.02091455593664746,0.0,0.0,1.0,0.0,0.49999999999999994,-0.8660254037844387
2007-07-31,40.8159294128418,260224500.0,-0.0210098146509836,-0.001470499303433,0.0358697576866704,0.0909258214557033,0.2848973285512779,0.1572472874348043,0.1357519707394586,41.204258575439454,40.89448876014123,38.64560316085815,38.26117467450666,0.0561597199803014,-0.0554452312950206,80.7699966430664,-0.0140381048777276,-0.0101715912570502,-0.0546583060030045,78.2,0.1096920675464736,0.2137203166226913,0.0668485675306957,666.9000244140625,0.0290079455891478,-0.0111209960386882,0.050567166412049,14682.66015625,-0.0201009394098933,0.147207372748674,14402.082,27.41,-0.0100000000000015,-0.1400000000000005,2.710000000000001,141.644,11.261000000000024,1.0194817774437055,1.0194817774437055,-0.0345571553758323,0.0889054822925855,1.1789155823045865,1.5255720262449777,4.56,-0.3100000000000005,-0.0700000000000002,-0.4200000000000008,4.78,-0.25,0.1400000000000005,-0.2199999999999997,4.92,-0.2000000000000001,0.1100000000000003,-0.1500000000000003,0.2200000000000006,0.3600000000000003,0.2100000000000008,0.200000000000001,2.692765113974227,0.231675171096235,-0.1054321819697001,0.1687873249787808,4.6,0.1999999999999993,0.1999999999999993,23.52,7.289999999999999,10.01,4.19,1.3000000000000005,1.4500000000000002,-0.29104,0.2314099999999999,0.2969299999999999,-0.18,0.08,1.7209586110506254,0.1041809307492255,-3.497413244897664,0.502518073669864,0.6681817537039462,0.4230725834522924,0.0115722466087913,-0.0437614273587054,2007-08-29,0.1398736276538366,-0.0437614273587054,2007-10-29,-0.0650248311837461,-0.0730321951622534,2008-01-30,-0.0383173245557261,-0.1305595855416218,2008-07-30,0.0,1.0,True,True,False,False,False,False,False,2,True,neutral,1.1073348970213347e-183,1.0,2.0267851526742856e-57,0.08219557815483891,-0.043761427358705474,2007-09-28,-0.02827636153739963,-0.019472691212077817,0.0,0.0,0.0,1.0,1.2246467991473532e-16,-1.0
2007-08-31,41.96665191650391,94687200.0,0.0111731479000656,0.0109639812402062,0.0279151412893179,0.1610679755204158,0.2600062397264415,0.2390835891517164,0.180119998829192,41.36536918640137,41.1819325373723,39.15926555633545,38.87967810759673,0.0716914967705326,-0.0288154217102313,80.79000091552734,0.0009912257708113,-0.0154764401760989,-0.0491938360024092,73.98,-0.0372201978136387,0.1180293184222458,0.0538461538461538,673.0,0.0126392186618073,0.0034292347563857,0.0895256381740756,14847.7001953125,-0.0463408959915638,0.1374227665370375,14564.117,26.15,0.0,-1.2700000000000031,1.099999999999998,141.644,11.261000000000024,1.019471362068329,1.019471362068329,-0.0615661177687878,0.0783298598541913,1.1326166321564597,-0.1144331808427768,4.15,-0.4399999999999995,-0.8199999999999994,-0.6799999999999997,4.54,-0.2299999999999995,-0.3899999999999997,-0.2199999999999997,4.83,-0.08,-0.1899999999999995,-0.08,0.3899999999999997,0.6799999999999997,0.4299999999999997,0.4599999999999999,2.317890586495808,0.1780595848171584,-0.2750341768325448,0.2421254083723845,4.7,0.2000000000000001,0.1000000000000005,23.38,2.16,10.09,4.55,0.3700000000000001,2.11,0.2054,0.49644,0.7521300000000001,0.53,0.41,1.6012376694168038,-0.032243022031481,-2.338145951948377,-0.643386969515262,1.285273739807959,0.4231857977274758,0.0648055785376755,-0.0137095541202107,2007-10-02,0.0504746436468543,-0.0137095541202107,2007-11-30,-0.1205835016315335,-0.1255024630712026,2008-03-04,-0.0650971802802321,-0.1543995776501444,2008-09-02,0.0,0.0,False,True,True,False,False,False,False,2,True,neutral,1.894690876953711e-114,1.0,6.403285677018433e-88,0.12663460138278104,-0.01370955412021102,2007-10-31,-0.005074397530620667,2.6259508523196473e-07,0.0,0.0,0.0,0.0,-0.4999999999999997,-0.8660254037844388
2007-09-28,44.17081832885742,75546000.0,-0.0032960025671824,0.0698154103998069,0.0806042103109838,0.1825624880892149,0.2665068645980994,0.1524063912117769,0.1854470940983159,41.74852699279785,41.82713728684645,39.63071939468384,39.43782266840204,0.1145600938746169,-0.0032960025671824,77.72000122070312,-0.0369268381689074,-0.0512694951430595,-0.0926920628292993,81.64,0.1104461371055496,0.1585071661700015,0.2966963151207116,742.7999877929688,0.1148131493344255,0.1461194503539586,0.2435961878010819,15362.01953125,0.0099515232246936,0.149677048838027,14564.117,26.73,0.5800000000000018,-0.6900000000000013,1.09,141.644,11.261000000000024,1.05478550682132,1.05478550682132,-0.0013569585961801,0.0914221931129909,1.74681737562191,0.6088103796121211,3.97,-0.1699999999999994,-0.8999999999999999,-0.69,4.59,0.0199999999999995,-0.4400000000000004,-0.0099999999999997,4.83,-0.0499999999999998,-0.29,0.0999999999999996,0.6199999999999997,0.8599999999999999,0.4599999999999995,0.6800000000000002,1.897448478900876,0.0308280708853025,-0.812437263771737,-0.5228123034461518,4.6,0.1999999999999993,0.0999999999999996,18.0,-5.809999999999999,1.7699999999999996,4.16,-0.2699999999999996,1.27,0.07623,-0.07725,0.59868,0.77,0.56,0.8955757873683109,0.681568531253063,-0.4203728713205961,0.4288602246960372,0.4571834479198988,0.4195564496993961,0.0532972511284324,0.0046684915038843,2007-10-29,0.0090255602435938,-0.0521302362054439,2007-12-28,-0.111589616304873,-0.1965958538282071,2008-04-01,-0.2619920434333712,-0.2619920434333712,2008-09-29,0.0,0.0,False,True,True,False,False,False,False,2,True,neutral,5.635179230774415e-70,1.0,5.0128400225858e-70,0.0013616757411942793,-0.05213023620544399,2007-11-28,0.010970423905453863,-0.03555300498642021,0.0,0.0,1.0,0.0,-0.8660254037844385,-0.5000000000000004
2007-10-31,47.28108215332031,148431900.0,0.0141912038282234,0.0580660207753769,0.1389870020169095,0.1826930811542717,0.2995191094896663,0.1974542037029407,0.1970908001355746,43.8618229675293,43.111631481464094,40.55186075210571,40.27027032182024,0.1659411251767326,0.0,76.4800033569336,-0.0232439287853049,-0.0524098101291249,-0.1064375904982256,94.16,0.177,0.2254034357105674,0.6120527306967984,792.0,0.0852288479685152,0.1916942959586203,0.3097403406845687,15673.3603515625,0.0568813391724971,0.1329364478509318,14564.117,27.32,0.0,1.1700000000000017,0.7800000000000011,141.644,11.261000000000024,1.0761627602663792,1.0761627602663792,0.0464630048768459,0.078751602361562,2.008986926830653,1.2947934025063823,3.94,-0.04,-0.6499999999999999,-0.8400000000000003,4.48,-0.0599999999999996,-0.2899999999999991,-0.1999999999999993,4.74,-0.0299999999999993,-0.1699999999999999,-0.04,0.5400000000000005,0.8000000000000003,0.3600000000000007,0.640000000000001,2.8338264299802685,0.4237553390765036,0.1410613160060414,0.0356291340363412,4.7,0.1000000000000005,0.2999999999999998,18.53,0.0400000000000027,-2.6899999999999977,4.36,0.1600000000000001,0.1800000000000006,-0.00087,-0.0771,0.29017,0.54,0.66,0.5288312190698942,1.4759771169905769,-0.8618676147828082,0.6740166808884248,0.8450116936600879,0.4152830300869829,-0.0675995195269625,-0.1144833995081024,2007-11-30,-0.1706791877527138,-0.1997845487642374,2008-02-01,-0.1121391248277858,-0.2494457197462219,2008-05-02,-0.4013254075291106,-0.4769801843599055,2008-10-30,1.0,0.0,False,False,False,False,True,False,False,1,False,neutral,1.0619372327536155e-90,1.0,1.5535536798155792e-63,-0.08299963564343138,-0.11448339950810249,2008-01-02,-0.10397973222212645,-0.09972348022235178,1.0,1.0,0.0,1.0,-1.0,-1.8369701987210297e-16
2007-11-30,44.084903717041016,171417400.0,-0.0075433484040567,-0.0675995195269625,0.0504746436468543,0.0797987917451021,0.1679563621501705,0.312136156831467,0.2315597882912416,44.74818969726562,44.15782241821289,41.20176626205444,40.86364075944231,0.0699760645368705,-0.0675995195269625,76.1500015258789,-0.0043148773087072,-0.0574328423946911,-0.0873681771599488,88.6,-0.0590484282073067,0.1976209786428764,0.4187349879903921,782.2000122070312,-0.012373721960819,0.1622585619718146,0.2308418760142112,14932.669921875,0.0057227533856945,0.0594476120214142,14715.058,25.73,-1.59,-0.4199999999999981,-1.1999999999999993,141.644,11.261000000000024,1.0147883835643052,1.0147883835643052,-0.0046829785040234,0.0108559575302984,0.8037884098302505,-0.7355869438533708,3.04,-0.8999999999999999,-1.1100000000000003,-1.6500000000000004,3.97,-0.5100000000000002,-0.5699999999999998,-0.5499999999999994,4.4,-0.3399999999999998,-0.4299999999999997,-0.2099999999999999,0.9300000000000002,1.3600000000000003,0.5400000000000005,1.100000000000001,3.610698365527476,0.3083237831280172,1.2928077790316683,1.0177736021991235,4.7,0.0,0.2000000000000001,22.87,4.34,-0.509999999999998,5.75,1.3899999999999997,1.2000000000000002,0.48013,0.481,0.27473,0.82,0.2899999999999999,0.9727528983745438,0.254664617808278,-1.916081307973576,-1.2381335897734989,1.1638729968600436,0.4118040950167284,-0.0165166325404035,-0.0307935046254549,2008-01-02,-0.1628389093567628,-0.1675215178037333,2008-03-04,-0.0407398616529975,-0.1950301442648365,2008-06-03,-0.4734719393509834,-0.5002577316688405,2008-12-01,1.0,0.0,False,True,True,False,False,False,False,2,True,neutral,5.1580922541312355e-112,1.0,1.0217655268982393e-198,-0.11055299775634564,-0.14176851257113576,2008-02-01,-0.023065656115085063,-0.13142850819249047,0.0,1.0,0.0,0.0,-0.8660254037844386,0.5000000000000001
2007-12-31,44.05344009399414,70135600.0,-0.0115784290540699,-0.0082516698325577,-0.0139729385153478,0.0680833794154813,0.1913838942460703,0.2011468042938407,0.2415114763620502,44.43861999511719,44.641977104773886,41.885239124298096,41.44329229131476,0.0517652761456541,-0.0682649785565348,76.69999694824219,0.0146844908602694,-0.0154044230312122,-0.0849439605405019,95.95,0.0546273906353045,0.1947453617233221,0.5888392117900314,834.9000244140625,0.0497925779314891,0.1173715347621429,0.3166693842600712,14819.580078125,-0.0485484945118924,0.0345372262288055,14715.058,25.96,0.2300000000000004,-1.3599999999999994,-1.3200000000000005,141.644,11.261000000000024,1.0071030693949694,1.0071030693949694,-0.0623582488315319,-0.0132166445953552,0.6198170316844644,-0.4047897593699844,3.05,-0.0100000000000002,-0.9699999999999998,-1.7700000000000005,4.04,0.1,-0.5199999999999996,-0.6600000000000001,4.45,0.1000000000000005,-0.3399999999999998,-0.3599999999999994,0.9900000000000002,1.4000000000000004,0.4500000000000002,1.1100000000000003,4.373267326732666,0.7858884267890387,2.47581884783179,1.663381584060053,4.7,0.1000000000000005,0.2999999999999998,22.5,-1.4699999999999989,4.66,5.92,0.1899999999999995,1.7299999999999995,0.51995,0.13318,0.44372,0.68,0.04,0.822643854285705,-0.6627323240621406,-1.676212908784639,-1.066412364079131,1.5387232055029894,0.4086463638523244,-0.1188986820189386,-0.141155550860318,2008-01-31,-0.1111761901813636,-0.194455222804653,2008-04-02,-0.1042995338293062,-0.194455222804653,2008-07-01,-0.4221698866807322,-0.4999008082976391,2008-12-30,1.0,0.0,False,True,True,False,False,False,False,2,True,neutral,2.013152812047553e-88,1.0,1.1770653256489159e-185,-0.16692694927281793,-0.16692694927281793,2008-03-03,-0.13752431192521528,-0.15451854308512988,1.0,1.0,1.0,0.0,-0.5000000000000004,0.8660254037844384
2008-01-31,38.81554412841797,246824100.0,0.0171287061016554,-0.1188986820189386,-0.1673967338735446,-0.0563566399668068,0.0271015597107151,0.2807503159227511,0.268929050386095,42.19210700988769,42.83643188476562,42.09265573501587,41.67366656741581,-0.077854712404657,-0.1790470445970503,75.18000030517578,-0.0198174276863676,-0.0207111685217746,-0.111452549783129,91.67,-0.0446065659197498,0.0148344957378501,0.5758982293278323,922.7000122070312,0.1051622771895202,0.1764631219790302,0.4151840678021952,13896.650390625,-0.1024001017309783,-0.0437154577416659,14715.058,24.02,-1.9400000000000013,-3.3000000000000007,-3.1900000000000013,137.64,-4.004000000000019,0.9443829844656404,0.9443829844656404,-0.1186412802820952,-0.090686485081482,-0.5714295339562618,-2.570661274349932,2.17,-0.8799999999999999,-1.65,-2.7700000000000005,3.67,-0.3700000000000001,-0.7300000000000004,-1.16,4.35,-0.1000000000000005,-0.33,-0.5800000000000001,1.5,2.18,0.9199999999999996,1.6100000000000003,4.108813392417532,0.2898014551732553,1.2749869624372634,1.4160482784433048,5.0,0.2999999999999998,0.4000000000000003,26.2,3.6999999999999993,5.129999999999999,6.95,1.0300000000000002,2.5700000000000003,0.41141,-0.10854,0.41228,1.71,1.27,1.4077810707964669,-2.7087710167151444,-2.1821865771857385,-2.440566985386573,0.6563570010607863,0.4050623845287484,-0.0545093580882732,-0.0545093580882732,2008-03-03,0.0799480150977931,-0.085752386523315,2008-05-01,0.008802623460703,-0.085752386523315,2008-07-31,-0.3537583110882059,-0.432415794305837,2009-01-30,0.0,0.0,True,True,True,True,False,False,False,4,True,neutral,3.551059977619507e-96,1.0,1.3028799808187997e-210,0.008764590042005693,-0.08575238652331507,2008-04-02,-0.046931115876917964,-0.06521916694735834,0.0,1.0,0.0,1.0,0.0,1.0
2008-02-29,36.940555572509766,188724500.0,-0.0265188123860145,-0.0320037929177277,-0.1648259119842703,-0.1053012573601627,-0.0012088125737136,0.2189975480592959,0.2324131385362173,39.81242736816407,40.80393371582032,41.90843120574951,41.6731667561574,-0.1185411978045646,-0.2187032552951917,73.70999908447266,-0.0175929590337198,-0.0182472391205426,-0.1191443736178674,101.78,0.1022308858566167,0.1220372616029104,0.6424076165886721,972.0999755859376,0.0559417785854507,0.2149731349185946,0.4677638434289244,13455.9599609375,-0.0918462390411453,-0.0547954940750234,14706.538,23.5,-0.5199999999999996,-2.2300000000000004,-2.7300000000000004,137.64,-4.004000000000019,0.91496448456717,0.91496448456717,-0.0919517014325723,-0.0864690954663789,-1.1240079140878778,-2.7608808788335897,1.65,-0.6499999999999999,-1.52,-2.98,3.53,-0.25,-0.5000000000000004,-1.0299999999999998,4.41,-0.0300000000000002,0.0,-0.2699999999999996,1.88,2.76,1.0199999999999996,1.95,4.294695655165981,0.3447705076970342,0.6839972896385049,1.9768050686701728,5.0,0.2999999999999998,0.2999999999999998,26.54,-1.0800000000000018,2.43,7.67,0.8899999999999997,1.9399999999999995,0.78682,0.3754099999999999,0.4000499999999999,1.68,0.7,0.6904635172415181,-2.4564909315367784,-1.9388970861665575,-2.588581216828299,1.0948568176691915,0.4048016960752286,0.0622962500561508,-0.0393480001796825,2008-04-01,0.1652868802307372,-0.0393480001796825,2008-05-30,0.0984794622328448,-0.0393480001796825,2008-08-28,-0.3775050355002119,-0.4036069723025545,2009-03-02,0.0,1.0,True,True,True,True,False,False,False,4,True,neutral,9.783764286019851e-91,1.0,0.0,0.10004362981470494,-0.03934800017968254,2008-04-30,-0.025704353016317592,-0.017720853060693202,0.0,0.0,0.0,0.0,0.49999999999999994,0.8660254037844387
2008-03-31,37.63220977783203,113644800.0,0.005288305106111,-0.0082918976366221,-0.1564647384239468,-0.1508381475176128,0.0065829012313809,0.3299990752044243,0.271973434354452,37.58477424621582,38.64167867807242,41.58515087127685,41.44674196329203,-0.0950565528950658,-0.2040746940647315,71.80000305175781,-0.0260444674057617,-0.0627855047679483,-0.1358766853258887,101.54,-0.0103313840155944,0.0508123771085584,0.5361573373676249,916.2000122070312,-0.0500777478413362,0.1057205397081362,0.3850340320590042,13332.009765625,-0.1049801262260651,-0.0750158477982604,14706.538,22.61,-0.8900000000000006,-3.3500000000000014,-3.620000000000001,137.64,-4.004000000000019,0.9065362470504614,0.9065362470504614,-0.105744474591954,-0.107362481101348,-1.2563491569332783,-3.0960671262193857,1.62,-0.25,-1.62,-2.96,3.45,-0.2599999999999998,-0.7599999999999998,-1.1899999999999995,4.3,-0.25,-0.3100000000000005,-0.5300000000000002,1.83,2.68,0.8600000000000003,1.7700000000000005,4.142959270611968,0.2417826877939788,-0.2303080561206982,2.245510791711092,4.9,0.2000000000000001,0.3000000000000007,25.61,2.0799999999999983,5.349999999999998,8.21,0.8400000000000007,2.570000000000001,0.94434,0.2577699999999999,0.3849399999999999,2.07,1.0299999999999998,0.6269059040829064,-2.184126880043105,-1.19467081199766,-3.024840183248747,0.2419930083417039,0.4046508430929496,0.0887467666180978,0.0082337072929525,2008-04-29,0.0448731269496844,0.0082337072929525,2008-06-27,-0.0590947361890826,-0.0796418024100821,2008-09-26,-0.3093596104554074,-0.4145682671100362,2009-03-30,0.0,0.0,True,True,True,True,False,False,False,4,True,neutral,1.5223150558541696e-61,1.0,0.0,0.1365504389330503,0.008233707292952586,2008-05-29,0.01861835987178182,0.027955605194279334,0.0,0.0,1.0,0.0,0.8660254037844386,0.5000000000000001
2008-04-30,40.63622283935547,132152700.0,-0.0081939937898897,0.035533759774224,0.0648380612856496,-0.1265723480578047,0.0313089744971195,0.2118587545897626,0.2641447940667085,38.229142608642576,38.164529418945314,41.38844575881958,41.38282226012634,-0.0181747080778894,-0.1405394929925099,72.51000213623047,-0.000689021830836,-0.0335865211790694,-0.1113970160278061,113.7,0.1266349583828776,0.2313190383365821,0.7647058823529411,862.7999877929688,-0.0227659259998697,-0.0627851285311849,0.2793593661901086,13991.1201171875,0.0244951537996953,-0.0662533005914831,14706.538,23.36,0.0,-0.6600000000000001,-4.190000000000001,137.64,-4.004000000000019,0.9513537528130346,0.9513537528130346,0.0232840429026149,-0.1026851800065035,-0.452786009984617,-2.1903476797704453,2.29,0.49,-0.0099999999999997,-2.34,3.77,0.2000000000000001,-0.0099999999999997,-0.8699999999999997,4.49,0.0899999999999998,0.0499999999999998,-0.3199999999999994,1.48,2.2,0.0,1.4700000000000002,3.9749035501344334,0.3578027806118822,-0.1339098422830975,1.1410771201541658,5.1,0.0999999999999996,0.3999999999999994,20.79,-1.8900000000000008,-6.830000000000002,6.86,-1.1599999999999993,0.08,0.65001,-0.29433,0.2385999999999999,2.34,0.7699999999999998,0.416794319846951,0.5639010299671583,-0.5754338607374536,-0.8343604790927424,0.4043099635018429,0.4045181492938202,0.0593096934046353,0.0175814373695968,2008-05-30,-0.034064451470832,-0.0624678128469242,2008-07-30,-0.3242168864483238,-0.3914556732092678,2008-10-28,-0.270626203585961,-0.4578460239818814,2009-04-30,0.0,0.0,False,True,True,False,False,False,False,2,True,neutral,6.54439627729361e-58,1.0,1.885587629330741e-257,-0.04254346051862545,-0.04254346051862545,2008-06-30,0.02088573788303307,-0.010715439250712833,0.0,0.0,0.0,1.0,1.0,6.123233995736766e-17
2008-05-30,43.04634475708008,94153600.0,0.0064398969117034,0.0593096934046353,0.1652868802307372,-0.0267825925265992,0.0581418431722515,0.1945314155885851,0.2562398936919192,40.41312980651856,39.54454856285682,41.43294069290161,41.46838612599416,0.0389401292111251,-0.0895651538285032,72.87999725341797,0.0051026769588609,-0.0112603695748726,-0.1144593614706876,127.35,0.1200527704485487,0.2512281391235997,0.9892221180880976,887.2999877929688,0.0283959206613697,-0.0872338133141658,0.3423600420468513,14260.759765625,0.0598099137500278,-0.0776993886031751,14865.701,23.7,0.3399999999999998,0.1999999999999993,-3.8500000000000014,137.64,-4.004000000000019,0.9593062423107394,0.9593062423107394,0.0443417577435693,-0.1142996541318722,-0.3408670086898941,-1.7737489945518063,2.66,0.3700000000000001,1.0100000000000002,-2.26,4.06,0.2899999999999996,0.5299999999999998,-0.8400000000000007,4.72,0.2299999999999995,0.3099999999999996,-0.29,1.3999999999999997,2.06,-0.4800000000000004,1.419999999999999,3.903760975988813,0.2314381020201539,-0.3909346791771684,0.2930626104613365,5.0,0.0,0.2999999999999998,17.83,-2.960000000000001,-8.71,6.57,-0.29,-1.0999999999999996,0.50388,-0.1461299999999999,-0.2829399999999999,2.17,0.49,0.4013040135092651,1.7525296539918442,-0.1926817611936907,0.3708553085498713,1.404325573733386,0.4031790145590168,-0.0961504974016648,-0.0961504974016648,2008-06-30,-0.0573313053903634,-0.1149593051113928,2008-08-28,-0.4123118930914973,-0.4882006844706306,2008-11-26,-0.2690823504890538,-0.4882006844706306,2009-06-01,1.0,0.0,False,True,True,False,False,False,True,3,True,neutral,7.927163341456996e-44,1.0,1.1537005767239947e-173,-0.08814621961530589,-0.11495930511139285,2008-07-30,-0.07822133343896649,-0.10884551334356947,1.0,1.0,0.0,0.0,0.8660254037844387,-0.4999999999999998
2008-06-30,38.90741729736328,132912400.0,-0.0105152111996681,-0.0961504974016648,-0.0085214298504345,-0.127039104223065,-0.048160741989479,0.2598715986950223,0.226437791517536,41.54772476196289,40.93428432758038,41.451838397979735,41.41632506224486,-0.0613825875751861,-0.1771039171397008,72.45999908447266,-0.0057628730073204,-0.0013781488076862,-0.1154785070302748,139.96,0.0990184530820574,0.3868410622275069,0.9860933730665532,926.2000122070312,0.04384089366531,0.0490429115365635,0.4291005201314313,13073.5400390625,-0.0516930615647353,-0.1405009185458431,14865.701,22.42,-1.2799999999999976,-0.9399999999999976,-5.0,137.64,-4.004000000000019,0.8794432256549827,0.8794432256549827,-0.0579759296681463,-0.1766992397625173,-1.8989775192436436,-2.4762153409017427,2.63,-0.0300000000000002,0.8299999999999998,-2.24,3.99,-0.0699999999999994,0.4200000000000004,-1.04,4.53,-0.1899999999999995,0.1299999999999999,-0.5899999999999999,1.3600000000000003,1.9000000000000004,-0.4099999999999995,1.2000000000000002,4.088413823123993,0.5917491656617146,-0.0545454474879747,-0.284853503608673,5.4,0.5,0.7000000000000002,23.95,6.120000000000001,1.2699999999999996,7.35,0.7799999999999994,-0.6699999999999999,0.71187,0.20799,-0.2324699999999999,2.09,-0.08,0.7491622412504638,-0.421937136593079,-1.1251946678654072,-1.396756631882183,1.6475575176391135,0.4010598424400137,0.0088557638891748,-0.0208096676002559,2008-07-30,-0.1621542204764894,-0.1621542204764894,2008-09-29,-0.3590557669089763,-0.4337560467112303,2008-12-29,-0.1905563846936853,-0.4337560467112303,2009-06-30,1.0,0.0,True,True,True,True,False,False,False,4,True,neutral,2.496333197285665e-54,1.0,2.8582426615910946e-255,0.04294873416393563,-0.020809667600255932,2008-08-28,-0.01686943456962826,-0.014832737532604686,0.0,0.0,1.0,0.0,0.49999999999999994,-0.8660254037844387
2008-07-31,39.157222747802734,180473100.0,-0.0024138774532008,-0.0076399927377193,-0.0658785336353876,0.008802623460703,-0.048050102787242,0.2490944638083834,0.2303869777100975,40.3137629699707,40.72003426185021,40.84507265090942,41.18645846736324,-0.0413232195112549,-0.1718205048516868,73.2300033569336,0.0118833850727217,-0.0006822519540953,-0.0944725996064262,124.17,-0.1197362824330072,0.102753108348135,0.6233494574454179,913.9000244140624,-0.0303448016826922,0.0765696762052339,0.3771851386931082,12946.8896484375,-0.089544941924356,-0.1225660229007785,14865.701,20.91,0.0,-2.789999999999999,-5.239999999999998,137.64,-4.004000000000019,0.8709235876893731,0.8709235876893731,-0.0960096384971705,-0.1536088646758475,-1.8985890952784847,-2.9781123751996432,2.52,-0.1099999999999998,0.1499999999999999,-2.04,3.99,-0.0199999999999995,0.2100000000000004,-0.7699999999999996,4.59,0.04,0.0999999999999996,-0.3100000000000005,1.4700000000000002,2.07,0.0600000000000005,1.27,4.935966105947864,1.04782350098509,0.96106255581343,0.8271527135303325,5.6,0.5,0.5999999999999996,22.94,-0.7099999999999973,4.060000000000002,8.0,0.5199999999999996,1.1900000000000004,0.7148,0.0029299999999999,0.06479,2.31,-0.02,0.427445993379874,-1.0872251320037365,-1.0376147145217385,-1.661873244514438,1.2154844664593272,0.3985012208862323,0.0145182127206964,-0.0226577524754182,2008-08-29,-0.3004526815882307,-0.368470459961786,2008-10-29,-0.3593972954839685,-0.4373684281796748,2009-01-30,-0.1278487682846409,-0.4373684281796748,2009-07-31,1.0,0.0,False,True,True,True,False,False,False,3,True,neutral,1.1803267404079264e-59,1.0,2.974286098834881e-256,-0.14350591841210047,-0.16749929930653507,2008-09-30,0.0014516751420456941,-0.11135612245128808,0.0,1.0,0.0,1.0,1.2246467991473532e-16,-1.0
2008-08-29,39.72571563720703,133184300.0,-0.0210142614803718,0.0145182127206964,-0.0657453657593071,0.0824524211809742,-0.0428214999524345,0.2218120932703692,0.2440639157510994,39.61735404968262,40.17466864952674,40.289794254302976,40.82108121304898,-0.0140005335727347,-0.1597968187702045,77.37999725341797,0.0566706774033138,0.061017371858236,-0.0422082389338603,115.55,-0.0694209551421438,-0.0954990215264187,0.5748943709963199,829.2999877929688,-0.0925703406949072,-0.0712286200942029,0.2470676508164944,13124.490234375,-0.0708252906013439,-0.1057930493202232,14898.999,21.4,0.4899999999999984,-1.0200000000000031,-4.75,137.64,-4.004000000000019,0.88089745051832,0.88089745051832,-0.0692689525619989,-0.1268698061148834,-1.6281290633985372,-2.372991888414086,2.36,-0.1600000000000001,-0.1499999999999999,-1.7200000000000002,3.83,-0.1600000000000001,-0.1499999999999999,-0.6799999999999997,4.43,-0.1600000000000001,-0.25,-0.4000000000000003,1.4700000000000002,2.07,0.0,1.0400000000000005,5.497512078341837,0.7141444751521009,1.5937511023530249,1.2028164231758565,5.8,0.7999999999999998,0.7999999999999998,20.65,-2.2900000000000027,0.8200000000000003,8.28,0.2799999999999993,1.6099999999999994,0.84013,0.12533,0.33625,2.11,-0.02,0.7704138470636149,-1.0462839697200006,-0.9270655229247888,-1.7185668239580107,2.007064762963372,0.3973328009621893,-0.1557627346176604,-0.1794127594211482,2008-09-30,-0.368178152611645,-0.4454199394691189,2008-11-28,-0.4215824241121781,-0.4454199394691189,2009-03-03,-0.1276913896847834,-0.4454199394691189,2009-08-31,1.0,0.0,False,True,True,True,False,True,False,4,True,neutral,2.2366010708860965e-51,1.0,1.7495286437918474e-275,-0.31046351889952806,-0.37750793221878,2008-10-29,-0.13934708923436445,-0.33461977619949623,1.0,1.0,0.0,0.0,-0.4999999999999997,-0.8660254037844388
2008-09-30,33.53792953491211,195436700.0,0.0288208536935143,-0.1557627346176604,-0.1500495269753317,-0.1434736260434563,-0.2493365776422738,0.4589184667075485,0.3277363781540156,38.4059220123291,38.48256084735577,39.51382181167602,39.92505176647289,-0.1512354918551078,-0.2906691639130152,79.44999694824219,0.0267510954807224,0.0978305089534425,0.0198972450834722,100.7,-0.128515794028559,-0.2861193818233376,0.2538911717096253,874.2000122070312,0.0541420777462637,-0.0724668305495689,0.1699678773088822,11875.41015625,-0.0940327278313516,-0.2375710504691722,14898.999,20.36,-1.0399999999999991,-0.5500000000000007,-6.960000000000001,137.64,-4.004000000000019,0.7970609405537916,0.7970609405537916,-0.0846997133417092,-0.2724003776727097,-2.8530131581961835,-2.595183545359523,2.0,-0.3599999999999999,-0.6299999999999999,-2.02,3.85,0.02,-0.1599999999999997,-0.7099999999999995,4.31,-0.1200000000000001,-0.2400000000000002,-0.4800000000000004,1.85,2.31,0.4700000000000002,1.31,5.308017162091239,-0.1488475727800642,1.2196033389672456,1.1650578914792709,6.1,0.6999999999999993,1.1999999999999993,39.39,18.74,15.740000000000002,10.96,2.680000000000001,3.4800000000000004,1.79301,0.95288,1.08114,2.93,0.79,2.6281474965876166,-1.9447083524674316,-2.324807665482329,-5.242787980476132,4.34053904842405,0.396088437965166,-0.1832432547404862,-0.2626574384876214,2008-10-29,-0.2409965482479232,-0.3430992882318195,2008-12-30,-0.2067429675968437,-0.3430992882318195,2009-04-01,0.0916086606935784,-0.3430992882318195,2009-09-30,1.0,0.0,True,True,True,True,False,True,False,5,True,neutral,7.724616642192682e-52,1.0,0.0,-0.25160630394322325,-0.34309928823181957,2008-11-28,-0.22950394386020467,-0.28704413016303904,1.0,1.0,1.0,0.0,-0.8660254037844385,-0.5000000000000004
2008-10-31,28.349082946777344,224261000.0,0.0015226589262198,-0.105033479314275,-0.2592349893887246,-0.3227403221629026,-0.3889772162102364,0.8178259079261886,0.5561716155649705,33.01963352203369,34.72475260221041,37.86706820487976,38.31823224419946,-0.2513525791488624,-0.3965758440562346,85.62999725341797,0.0645200727808554,0.1656683680999078,0.1180310921500211,68.1,-0.274296675191816,-0.4392754219843557,-0.271891371752379,716.7999877929688,-0.1456495973862113,-0.203644031512884,-0.0934615192527821,9768.6396484375,-0.2331350986021914,-0.3598989489968744,14898.999,16.39,0.0,-5.009999999999998,-9.34,137.64,-4.004000000000019,0.6556574470833577,0.6556574470833577,-0.2012419454343581,-0.3921980352469477,-3.7794143140995526,-3.530729337231615,1.56,-0.06,-0.9699999999999998,-2.21,4.01,0.3499999999999996,0.0299999999999998,-0.3500000000000005,4.35,0.1899999999999995,-0.2300000000000004,-0.29,2.45,2.79,0.9999999999999996,1.8599999999999997,4.953319875136075,0.0855091682290032,0.0173537691882108,0.9784163250016408,6.1,0.5,1.0,59.89,14.630000000000004,36.400000000000006,16.17,4.170000000000002,8.030000000000001,2.78457,0.99156,2.10043,3.55,1.3199999999999998,3.06420841139463,-2.6987777091460816,-2.3185742740328097,-9.035268972043305,-6.764930927787416,0.3982696494322325,-0.1538463349867362,-0.2228641108399844,2008-12-02,-0.0905028189304454,-0.2228641108399844,2009-02-03,0.0680703278000716,-0.2228641108399844,2009-05-05,0.2571762361028169,-0.2228641108399844,2009-11-02,1.0,0.0,True,True,True,True,False,True,False,5,True,neutral,4.343083832859697e-22,1.0,0.0,-0.05518255834388075,-0.22286411083998448,2009-01-02,-0.18607489535819077,-0.1673593298522553,1.0,1.0,0.0,1.0,-1.0,-1.8369701987210297e-16
2008-11-28,25.09957504272461,41238200.0,-0.0078366348883607,-0.0837006239611961,-0.368178152611645,-0.4097175110629135,-0.4349485174501012,0.6008050652475165,0.6332901779268273,28.202545585632325,30.346647438636197,36.66392691612244,36.82368525084075,-0.3154149826845899,-0.444138180982585,86.5199966430664,0.0170447508339466,0.1181183731464232,0.1445958570538645,55.21,-0.1814677538917717,-0.5221981826049329,-0.3931633326005715,816.2000122070312,0.0842189498434189,-0.0157964256345893,0.0262794225259099,8945.2197265625,-0.3184329778284543,-0.3965314826070796,14608.209,15.26,-1.1300000000000008,-6.139999999999999,-10.47,137.64,-4.004000000000019,0.6123419870678534,0.6123419870678534,-0.2685554634504666,-0.3949941556524131,-3.4381319616361363,-3.2967749720491804,1.0,-0.5800000000000001,-1.36,-2.06,2.93,-1.0,-0.8999999999999999,-1.0099999999999998,3.45,-0.8099999999999996,-0.9799999999999996,-0.8999999999999995,1.93,2.45,0.4599999999999999,1.0500000000000005,3.7310578899565128,-0.8598436564828615,-1.7664541883853246,-0.1727030860322997,6.5,0.7000000000000002,1.5,55.84,-14.11999999999999,35.190000000000005,19.78,3.5700000000000003,11.500000000000002,3.06181,0.39859,2.22168,2.92,0.81,1.803882581995916,-3.165945652044211,-1.315200233791515,-9.943930068133374,-3.960983907918745,0.4150496764846246,0.0141767037205173,-0.0752059021509025,2008-12-30,-0.0845242558820663,-0.0845242558820663,2009-03-03,0.2552634214644642,-0.1147877799347478,2009-06-02,0.5038276043766716,-0.1147877799347478,2009-11-30,1.0,0.0,True,True,True,True,False,True,False,5,True,risk_off,1.0,1.723514197405847e-30,0.0,-0.0006116537478971784,-0.0752059021509025,2009-01-30,-0.037623886670872506,-0.028785552917645188,0.0,0.0,0.0,0.0,-0.8660254037844386,0.5000000000000001
2008-12-31,25.67119407653809,89189700.0,0.0084771702124455,0.105947858709565,-0.2264112043388246,-0.3334096546177101,-0.4079080536670058,0.3685677928004258,0.6361717576818424,25.57451160430908,26.43797090970553,35.360241870880124,35.52835636310749,-0.2740096583536427,-0.4103642387993687,81.30999755859375,-0.0623847276978337,0.0232821356083126,0.0702908549702034,44.6,-0.0960680989055533,-0.5459635549221216,-0.5523885989562425,883.5999755859375,0.1407177942621909,0.0032927936172488,0.0310384779299153,9087.169921875,-0.2304747245975116,-0.3781690765806824,14608.209,15.38,0.0,-1.0099999999999998,-8.639999999999999,78.4725,-59.16749999999999,0.6220591396162938,0.6220591396162938,-0.1705310071907165,-0.3710440008878074,-2.7794237849041186,-2.771515390421885,0.76,-0.14,-1.06,-2.12,2.25,-0.4700000000000002,-1.52,-1.66,2.69,-0.5300000000000002,-1.5299999999999998,-1.6599999999999997,1.49,1.93,-0.4599999999999999,0.4599999999999997,1.0999174706166848,-1.7705477084725474,-4.208099691474554,-2.9884963525073083,6.8,0.7000000000000002,1.3999999999999997,40.0,-28.510000000000005,0.1899999999999977,18.12,-2.0799999999999983,6.880000000000001,2.70697,-0.3548399999999998,0.91396,2.14,-0.7799999999999998,0.4814616583943367,-1.6995728467802842,0.0688286122862657,-7.347403536470451,-0.8492492625980108,0.434422871817329,-0.0110959879260862,-0.0598522233917738,2009-02-02,0.0696880972493032,-0.1344987506221627,2009-04-02,0.2004953674833656,-0.1344987506221627,2009-07-02,0.546841285586799,-0.1344987506221627,2009-12-31,1.0,0.0,True,True,True,True,False,False,False,4,True,risk_off,1.0,6.751221025607667e-38,0.0,-0.08103573649320805,-0.10490910275643273,2009-03-04,-0.03624752295826057,-0.06990209539451514,0.0,1.0,1.0,0.0,-0.5000000000000004,0.8660254037844384
2009-01-30,25.0842227935791,140334200.0,-0.0175795523448702,-0.0145816379080325,-0.0842610819087461,-0.3593972954839685,-0.3537583110882059,0.3871052964566988,0.4840472677518133,25.161662521362302,25.54873126103328,34.0792617893219,34.490525486233,-0.263944655003097,-0.4234993285227307,86.0,0.0630407710497962,0.0109321771307395,0.1439212510096161,41.73,0.0713735558408215,-0.3813194959229059,-0.5447801898112796,927.2999877929688,0.0667203506435722,0.2318012789978818,0.0049853425003589,8335.6396484375,-0.1050342156302929,-0.4001691476630286,14608.209,15.17,-0.2100000000000008,-1.2200000000000006,-8.85,78.4725,-59.16749999999999,0.5706133892551442,0.5706133892551442,-0.0545239049936171,-0.3737695952104963,-2.8317985560004235,-2.51054811399491,0.94,0.1899999999999999,-0.6400000000000001,-1.23,2.87,0.7600000000000002,-1.06,-0.7999999999999998,3.58,1.0,-0.6799999999999997,-0.7699999999999996,1.93,2.64,-0.4199999999999999,0.4300000000000001,-0.022228002553859,-0.8233522399403226,-4.975547877689934,-4.958194108501724,7.3,1.2000000000000002,1.7000000000000002,44.84,3.210000000000001,-25.11999999999999,16.22,-2.2600000000000016,0.009999999999998,2.12894,-0.57803,-0.5342799999999999,2.63,-0.6800000000000002,0.7476091239563777,-0.5319773733944161,0.278083251935795,-6.40040208641348,-1.363904230942352,0.455536777265061,-0.0839639590043825,-0.0839639590043825,2009-03-03,0.1846815503525605,-0.1142460051841037,2009-05-01,0.3614541830170072,-0.1142460051841037,2009-07-31,0.4968780788172657,-0.1142460051841037,2010-02-01,1.0,0.0,True,True,True,True,False,False,False,4,True,risk_off,1.0,3.4174606901387336e-29,0.0,0.06059488766064214,-0.11424600518410377,2009-04-01,-0.06097702313152931,-0.07566706276436377,0.0,1.0,0.0,1.0,0.0,1.0
2009-02-27,23.763551712036133,204492600.0,-0.0093560173439396,-0.0929159179798415,-0.0213003040038962,-0.4096179857530557,-0.373767660392889,0.331568991762829,0.3971144176280428,25.527541160583496,25.378390209491435,32.59770891189575,33.400678583093594,-0.2710054631058995,-0.4538517843901305,88.01000213623047,0.0394473135646078,0.0354117898380055,0.1938415718787891,44.15,0.0501902949571835,-0.1173530587764895,-0.5696881091617934,941.5,0.0601283930661422,0.1504154104517183,-0.0238465526179367,7473.97021484375,-0.1225705973186701,-0.4590629581156366,14430.902,14.12,-1.0500000000000007,-1.1400000000000006,-9.38,78.4725,-59.16749999999999,0.5179142797064071,0.5179142797064071,-0.0651845980162144,-0.4215801112194178,-2.881642867128897,-2.4994235147580217,1.0,0.1099999999999999,-0.1499999999999999,-0.8700000000000001,3.02,0.31,-0.0899999999999998,-0.69,3.71,0.27,0.08,-0.8399999999999999,2.02,2.71,0.06,0.1800000000000001,-0.1135860190221271,0.2530771341261451,-3.84464390897864,-5.611098097363964,7.8,1.2999999999999998,2.0,46.35,6.690000000000005,-14.549999999999995,17.39,0.990000000000002,-2.469999999999999,2.13223,-0.0563299999999999,-0.9026400000000004,2.76,-0.25,0.6542129354550577,-0.0211297892953685,0.0993616893146358,-6.215065404341703,-3.055050831314731,0.4617037876128797,0.0937053659037743,-0.0650197910015655,2009-03-30,0.2872690263902762,-0.0650197910015655,2009-05-29,0.4717246123166929,-0.0650197910015655,2009-08-27,0.6585964541941554,-0.0650197910015655,2010-03-01,0.0,1.0,True,True,True,True,False,False,False,4,True,risk_off,1.0,4.86138833680775e-41,0.0,0.23487582616345137,-0.06501979100156552,2009-04-29,-0.04242648153595665,-0.0213505325780883,0.0,0.0,0.0,0.0,0.49999999999999994,0.8660254037844387
2009-03-31,26.215126037597656,150243800.0,0.0086494503506608,0.140020562094165,0.0512337675449412,-0.1958159396331089,-0.3319593669917174,0.4244628659480699,0.3861963401689757,25.127776641845703,25.279740318885217,30.683390550613403,31.82658321793015,-0.1456248619475471,-0.3975082310541097,85.43000030517578,-0.039464830671023,0.0588745659647114,0.1773704958601911,49.64,0.2388320439231346,0.244422160942592,-0.5081252477209671,922.5999755859376,-0.0174654147114616,0.0548822334094423,0.0449653982037454,8113.14013671875,-0.068670125695847,-0.4115023887057495,14430.902,13.32,0.0,-2.0600000000000005,-10.04,78.4725,-59.16749999999999,0.5622060309687329,0.5622060309687329,-0.0341264564275659,-0.3752131243543961,-2.247555518164856,-2.387629000633151,0.81,-0.0799999999999999,0.03,-0.99,2.71,-0.2000000000000001,0.5800000000000001,-0.8599999999999999,3.56,-0.08,0.9300000000000002,-0.8400000000000003,1.9,2.75,0.55,0.1300000000000001,0.0084631406715107,0.3642660652187324,-1.091454329945174,-5.299554021419728,8.3,1.5000000000000009,2.200000000000001,44.14,-8.509999999999998,0.240000000000002,17.03,-0.8099999999999987,-2.219999999999999,1.92152,-0.2107099999999999,-0.7854500000000002,2.5,0.4300000000000001,0.2406526656441119,0.560588295445782,-0.137979448595603,-4.763759026734266,-3.4602636490554755,0.4670840410449006,0.1306066612748464,0.0148415238459995,2009-04-30,0.2013430900252584,0.0148415238459995,2009-06-30,0.3955412420414141,0.0148415238459995,2009-09-29,0.5962410824695312,0.0148415238459995,2010-03-31,0.0,1.0,True,True,True,True,True,True,True,7,True,risk_off,1.0,6.277114058346822e-34,0.0,0.20019766774182934,0.014841523845999571,2009-06-01,0.04313968956967975,0.05412620901643386,0.0,0.0,1.0,0.0,0.8660254037844386,0.5000000000000001
2009-04-30,29.638996124267575,144120400.0,0.0100173867827952,0.1306066612748464,0.1608075753459275,0.0793016010428393,-0.270626203585961,0.2658264943117523,0.3531488450015329,26.23364677429199,26.1771545116718,29.485881900787355,30.508752668226087,0.005192797827632,-0.3188187926665108,84.61000061035156,-0.0095984980907759,-0.0078564514368633,0.1668735087248769,50.35,0.0143029814665591,0.2109187109187109,-0.5571679859278804,890.7000122070312,-0.0345761589237488,-0.0159098041844317,0.0323366073351836,8962.6103515625,0.0520656978143103,-0.3594072328381834,14430.902,14.98,1.66,-0.1899999999999995,-8.379999999999999,78.4725,-59.16749999999999,0.6210706961742586,0.6210706961742586,0.037901358282632,-0.330283056638776,-1.7163879054658722,-1.841052148334089,0.91,0.0999999999999999,-0.0399999999999999,-1.38,3.16,0.4500000000000002,0.29,-0.6099999999999999,4.05,0.4899999999999997,0.48,-0.4400000000000004,2.25,3.14,0.3299999999999998,0.77,-0.4464787676623838,-0.0987282856538485,-0.4242507651085248,-5.399798642798459,8.7,1.3999999999999997,2.6,36.5,-7.640000000000001,-6.130000000000003,13.45,-3.580000000000002,-2.77,1.37615,-0.5453699999999999,-0.8124099999999999,3.02,0.3799999999999999,0.2319822117903811,1.3936558716437482,0.8890749185112649,-3.246123499444958,-3.5335027939641903,0.4643644229463378,0.0615519161973747,-0.0367561876704138,2009-06-01,0.1557370729958807,-0.0367561876704138,2009-07-30,0.2100641145683512,-0.0367561876704138,2009-10-28,0.4435060108614441,-0.0367561876704138,2010-04-30,0.0,1.0,True,True,True,True,False,False,False,4,True,risk_off,1.0,2.000578664968808e-19,0.0,0.06256502033222722,-0.036756187670413776,2009-06-30,-0.02584593841320455,-0.01601196759513975,0.0,0.0,0.0,1.0,1.0,6.123233995736766e-17
2009-05-29,30.59008407592773,111535700.0,0.0123036635665552,0.0424279098487188,0.2872690263902762,0.2598498047933637,-0.2847922108686516,0.2445633776535751,0.326553345590456,28.47368755340576,27.40386340801533,28.52152974128723,29.577883514198096,0.072526065516258,-0.2969603182270965,80.43000030517578,-0.0478276412589557,-0.0861265952399549,0.1014791016539027,66.31,0.3211795178322376,0.5019252548131372,-0.47663772691397,978.7999877929688,0.0877972894773775,0.0396176184736789,0.1158230439718217,9408.2900390625,0.2588075371744291,-0.3382389336527122,14381.236,16.0,1.0199999999999996,1.8800000000000008,-7.699999999999999,78.4725,-59.16749999999999,0.6542059416216033,0.6542059416216033,0.1362916619151961,-0.3021599777983756,-1.4193360935910198,-1.5129338300982125,0.92,-0.0199999999999999,-0.0799999999999999,-1.75,3.47,0.3500000000000001,0.4500000000000002,-0.6099999999999999,4.34,0.33,0.6299999999999999,-0.4199999999999999,2.5500000000000003,3.42,0.5300000000000002,1.14,-0.5763244243767063,0.1007082519588697,-0.4627384053545791,-4.30738231433322,9.0,1.2000000000000002,2.5,28.92,-7.159999999999997,-17.43,11.76,-2.700000000000001,-5.630000000000001,0.87247,-0.50368,-1.25976,3.33,0.5700000000000003,0.5445378653526748,2.28774398397044,1.1358663191309692,-1.2303026205516925,-3.2599135595535507,0.4586434917538895,0.0315095123373754,-0.0095241842287954,2009-06-29,0.1432921806902027,-0.0228246464930134,2009-08-27,0.2514732809186972,-0.0228246464930134,2009-11-25,0.2952331878498173,-0.0228246464930134,2010-05-28,0.0,1.0,True,True,True,True,True,False,False,5,True,risk_off,1.0,6.140840926191389e-18,0.0,0.11329495035981396,-0.0228246464930133,2009-07-29,0.0015257250679542977,-0.00790061108009442,0.0,0.0,0.0,0.0,0.8660254037844387,-0.4999999999999998
2009-06-30,31.49336051940918,97843000.0,-0.0019205888234098,0.0009543613641445,0.2013430900252584,0.262892422641334,-0.1905563846936853,0.1791135654709607,0.2375732238515591,30.276795310974123,29.680144970233624,27.63416477203369,28.80076588811101,0.1396530627653007,-0.2422268270647375,80.12999725341797,0.0121257939456316,-0.0620391318368837,0.1058514803457801,69.82,0.0179326432424549,0.4065269943593874,-0.5011431837667906,927.0999755859376,-0.052626202007786,0.0048775201810968,0.0009716728212534,9428.1201171875,0.1620802745064595,-0.2788395423873587,14381.236,16.38,0.0,3.0599999999999987,-6.040000000000003,78.4725,-59.16749999999999,0.6555848271447252,0.6555848271447252,0.0933787961759923,-0.2238583985102574,-1.3315264441548793,-1.3425789314616223,1.11,0.1400000000000001,0.3,-1.5199999999999998,3.53,-0.1800000000000001,0.8199999999999998,-0.4600000000000004,4.32,-0.2299999999999995,0.7600000000000002,-0.2099999999999999,2.42,3.21,0.52,1.0599999999999996,-1.015761495855172,0.1471493918921984,-1.0242246365266827,-2.1156789664718567,9.4,1.0999999999999996,2.6000000000000005,26.35,-3.6899999999999977,-17.79,10.55,-0.8099999999999987,-6.48,0.72264,-0.14983,-1.19888,3.34,0.8399999999999999,0.0655697864704675,1.458711756045859,1.583856499568138,-1.050411199065953,-3.831063350461617,0.4507548027339307,0.0876859776868261,-0.0508514897201608,2009-07-30,0.1616508669576419,-0.0508514897201608,2009-09-29,0.2685938017723428,-0.0508514897201608,2009-12-29,0.1829056327763931,-0.0508514897201608,2010-06-30,0.0,1.0,True,True,True,True,False,False,True,5,True,risk_off,1.0,9.385223587147875e-17,0.0,0.11160045085903603,-0.05085148972016085,2009-08-28,-0.041560828390189666,-0.02983891740050974,0.0,0.0,1.0,0.0,0.49999999999999994,-0.8660254037844387
2009-07-31,34.15102005004883,78208300.0,-0.0030321681773125,0.0837916731610541,0.1492153166493048,0.3614541830170072,-0.1278487682846409,0.2095220042834106,0.2168244499366009,31.551024284362796,31.096086149949294,27.587874822616577,28.09038671716913,0.2378996305308656,-0.1782799169255896,78.3499984741211,-0.0160743290650048,-0.0733294423873804,0.0699166309228733,69.26,-0.0008655510675128,0.3273284783441932,-0.4422163163405008,953.7000122070312,0.0134962935250066,0.0744705255061084,0.0435496079765247,10158.3896484375,0.1289106071586943,-0.2153799156183069,14381.236,16.69,0.0,0.6900000000000013,-4.219999999999999,78.4725,-59.16749999999999,0.7063641573253856,0.7063641573253856,0.0828133639913999,-0.1645594303639874,-0.973454249176358,-1.203724865586013,1.13,0.0799999999999998,0.2099999999999998,-1.39,3.52,-0.0299999999999998,0.31,-0.4700000000000002,4.31,-0.0300000000000002,0.2199999999999997,-0.2800000000000002,2.39,3.18,0.1,0.92,-1.2291746182109151,0.8299612246622345,-0.7826958505485315,-1.2069466156570563,9.5,0.8000000000000007,2.2,25.92,-0.2999999999999971,-9.379999999999995,9.22,-1.2799999999999994,-4.119999999999999,0.41582,-0.3068199999999999,-0.8252999999999999,3.34,0.29,0.0053268541852041,1.027180235605974,1.8319271955956025,-0.4464767617627105,-3.143751352178262,0.4414881389531138,0.014701281264364,-0.0245888152842479,2009-08-31,0.0679524176806773,-0.0245888152842479,2009-10-29,0.0994700354147479,-0.0245888152842479,2010-02-01,0.1919927260419871,-0.0245888152842479,2010-08-02,0.0,0.0,True,True,True,True,False,False,False,4,True,risk_off,1.0,2.3065965660446636e-20,0.0,0.07201173752315704,-0.024588815284247945,2009-09-30,-0.009125890744301701,-0.005520838317207153,0.0,0.0,0.0,1.0,1.2246467991473532e-16,-1.0
2009-08-31,34.65308380126953,96415300.0,-0.0101390998900965,0.014701281264364,0.0998682024861667,0.5080949242876946,-0.1276913896847834,0.1799037417524756,0.1888542879035295,33.01021537780762,32.65463262704702,28.369652280807497,28.24503957043897,0.2214842627702162,-0.1167755226174586,78.16999816894531,-0.0022973874751922,-0.0029337162303201,0.0102093686168029,69.97,0.0102512272596013,0.0202682997958587,-0.3944612721765469,951.7000122070312,-0.002097095495859,-0.0320382420757813,0.1475943882982657,10512.3095703125,0.0845057978104772,-0.1990310189130857,14448.882,18.09,1.3999999999999986,1.7100000000000009,-3.3099999999999987,78.4725,-59.16749999999999,0.72755176285006,0.72755176285006,0.053536004573094,-0.15334568766826,-0.8131132318074625,-0.8667360093661105,0.97,-0.1599999999999999,0.01,-1.39,3.4,-0.1200000000000001,-0.25,-0.4300000000000001,4.18,-0.1299999999999999,-0.3200000000000003,-0.25,2.43,3.21,-0.2600000000000002,0.9599999999999996,-1.958761003762277,-0.0297965454630122,-1.3824365793855709,-1.84517498474015,9.5,0.5,1.7000000000000002,26.01,0.0899999999999998,-3.619999999999997,9.12,-0.1000000000000014,-2.0700000000000003,0.22995,-0.18587,-0.64252,3.25,-0.2599999999999998,0.0,0.6228557542774276,1.7354654885328376,-0.5224810063528119,-2.5742948839169646,0.4359642907140576,0.0564801260400316,-0.0194852587455574,2009-09-30,0.0892373684211684,-0.0194852587455574,2009-11-30,0.1421508222390379,-0.0194852587455574,2010-03-03,0.0939246802489361,-0.0194852587455574,2010-08-31,0.0,1.0,True,True,True,False,False,False,False,3,True,risk_off,1.0,4.839841297489269e-17,0.0,0.05247961877998231,-0.0194852587455574,2009-10-29,-0.005045828435580502,0.00879688635875326,0.0,0.0,0.0,0.0,-0.4999999999999997,-0.8660254037844388
2009-09-30,36.610294342041016,173102700.0,0.0007108185392985,0.0564801260400316,0.1618373946585112,0.3761096543784452,0.0916086606935784,0.1466280969034455,0.1788027105326241,35.01734893798828,34.15444752619817,29.56510252952576,29.072681616018485,0.2382941782623431,-0.0093786868950653,76.6500015258789,-0.0194447573067777,-0.0374230293899847,-0.0352422344860169,70.46,0.0070030012862654,0.0164454702827467,-0.3002979145978154,1008.0,0.0591572838823515,0.0712008501594048,0.1530542049012024,10945.1103515625,0.1543794771268891,-0.0783383304195085,14448.882,18.83,0.7399999999999984,2.139999999999997,-1.5300000000000011,78.4725,-59.16749999999999,0.7575056915519485,0.7575056915519485,0.0982174438093692,-0.0395552490018431,-0.6109880420080552,-0.6753473304269171,0.95,-0.02,-0.1,-1.05,3.31,-0.0899999999999998,-0.2399999999999997,-0.54,4.03,-0.1499999999999994,-0.3099999999999996,-0.2799999999999993,2.3600000000000003,3.08,-0.1399999999999996,0.5100000000000002,-1.4838355663267633,0.3348453377792992,-0.4680740704715913,-1.492298706998274,9.6,0.1999999999999993,1.299999999999999,25.61,-0.4000000000000021,-0.6099999999999994,7.93,-1.1899999999999995,-2.5700000000000003,0.10314,-0.1268099999999999,-0.6194999999999999,3.17,-0.2099999999999999,0.0,1.0275697795236096,1.7876812071962278,0.5007912995644647,-2.1811145393141262,0.4320378305606185,-0.0037866374969535,-0.032425708039527,2009-10-29,0.0946048777509285,-0.032425708039527,2009-12-30,0.1430025875338862,-0.032425708039527,2010-04-01,0.1718392163355673,-0.032425708039527,2010-09-30,0.0,1.0,True,True,True,False,False,False,False,3,True,risk_off,0.9999999999902088,9.790215985761622e-12,0.0,0.031006018545677305,-0.032425708039527046,2009-11-30,-0.022863846619768792,-0.024063068320807228,0.0,0.0,1.0,0.0,-0.8660254037844385,-0.5000000000000004
2009-10-30,35.49250030517578,162796500.0,-0.0268472563254981,-0.0009754938968011,0.0239666507307203,0.1711858070217176,0.2538868839007777,0.1799771518388348,0.1762879669830309,36.14033531188965,35.70509919386644,30.77350553512573,30.27201847557549,0.1533460256799037,-0.054259870346999,76.30000305175781,-0.0115299826596588,-0.0172590977385979,-0.0976820570638307,77.04,0.0901372576765247,0.0761279508311216,0.1709986320109437,1039.699951171875,0.0402200612024763,0.0868701418636739,0.4103363184425603,10655.4697265625,0.0312816332795664,0.1116875423905212,14448.882,19.36,0.0,1.2699999999999996,2.969999999999999,78.4725,-59.16749999999999,0.7374598066869464,0.7374598066869464,0.0190055816380703,0.0941313390957679,-0.688858648996196,-0.5274354600303041,0.9,0.03,-0.2799999999999999,-0.6900000000000001,3.41,0.2000000000000001,-0.25,-0.5899999999999999,4.23,0.2600000000000002,-0.1899999999999995,-0.0699999999999994,2.51,3.3300000000000005,0.0299999999999998,0.1,-1.377942862886472,0.1930887233400513,-0.1487682446755567,-0.9314640952240882,9.8,0.3000000000000007,1.1000000000000014,30.69,2.4200000000000017,5.130000000000003,7.66,-0.4499999999999993,-1.33,0.02218,-0.08096,-0.39364,3.36,-0.1100000000000003,0.1372309899650972,0.0604766375903121,1.368691429869216,0.0032772859649489,-1.483333653398366,0.4291791942824544,0.0744628254973642,0.0041499778700806,2009-12-01,0.0674516500493436,0.0041499778700806,2010-02-02,0.1856098345834211,0.0041499778700806,2010-05-04,0.2863391223654488,0.0041499778700806,2010-11-01,0.0,0.0,True,True,True,False,False,False,False,3,True,risk_off,0.9999990347963004,9.652037006179008e-07,0.0,0.11880714253624136,0.0041499778700806456,2009-12-31,0.01889615661663093,0.03811273430623771,0.0,0.0,0.0,1.0,-1.0,-1.8369701987210297e-16
2009-11-30,37.74543380737305,84819400.0,0.0011494044698681,0.0349249039936707,0.0892373684211684,0.1980175464861533,0.5038276043766716,0.1902519477200021,0.1732825479248869,37.04026268005371,36.676511735182544,31.9595858669281,31.333417909639376,0.181036386533161,-0.0233185756282783,74.87999725341797,-0.0136986425264792,-0.0420877701495759,-0.1345353657105261,77.19,-0.0331913827655311,0.1031870801772187,0.398116283282014,1181.0999755859375,0.1287270145538279,0.2410423037054694,0.4470717445742311,11207.2197265625,0.0661044227818856,0.2528724915815175,14651.249,19.81,0.4499999999999993,1.7199999999999989,4.549999999999999,78.4725,-59.16749999999999,0.7649327184707939,0.7649327184707939,0.0373809556207339,0.1525907314029405,-0.5030166618008358,-0.3997752411313629,0.67,-0.3099999999999999,-0.2999999999999999,-0.3299999999999999,3.21,-0.3199999999999998,-0.1899999999999999,0.2799999999999998,4.2,-0.1499999999999994,0.0200000000000004,0.75,2.54,3.53,0.1100000000000003,0.6099999999999999,-0.2239682942003384,0.3001931798703783,1.7347927095619389,0.3523561301763678,10.0,0.5,1.0,24.51,-0.25,-1.5,7.65,0.0900000000000007,-1.4699999999999989,-0.03097,-0.0611,-0.26092,3.15,-0.1,0.0,0.5334754585635841,1.3704149946123343,0.7433378493279575,-0.8340475656624206,0.4272655249102853,0.0616862152705595,0.0018369357696044,2009-12-30,0.0485784415334249,-0.0199463573521242,2010-03-03,0.0646608263239687,-0.0199463573521242,2010-06-02,0.2065496624014033,-0.0199463573521242,2010-11-30,0.0,0.0,False,True,False,False,False,False,False,1,False,neutral,0.0156000666911988,0.9843999333088,0.0,-0.005230052050892886,-0.016037512459904146,2010-02-01,0.006749404911034063,0.002847326802208314,0.0,0.0,0.0,0.0,-0.8660254037844386,0.5000000000000001
2009-12-31,39.70926284790039,50079200.0,-0.0090968127124442,0.0412711505568843,0.1177157529969996,0.2885025027872356,0.546841285586799,0.1199604450931787,0.1549258395661542,37.96768943786621,37.66631006094126,33.56697022438049,32.63407015585685,0.182986208837478,-0.010168608649869,77.86000061035156,0.0470683159127458,0.008679856817648,-0.0424301691284155,79.39,0.0127567291746395,0.1233904061129191,0.7800448430493274,1095.199951171875,-0.0866483416975235,0.0957478250844172,0.2394748544958029,11548.41015625,0.0840493136535114,0.2708478278204311,14651.249,20.32,0.0,0.9600000000000009,4.94,78.4725,0.0,0.7882201822008486,0.7882201822008486,0.0509292088620462,0.1661610425845547,-0.3367974316981414,-0.2547563126768816,1.14,0.4699999999999998,0.2699999999999999,0.3799999999999999,3.85,0.5700000000000003,0.6400000000000001,1.6,4.63,0.3700000000000001,0.6599999999999997,1.94,2.71,3.49,0.3700000000000001,1.22,1.9145871744709275,0.3348590589767664,3.398422740797691,2.9303486703260995,9.9,0.3000000000000007,0.5,21.68,-0.240000000000002,-6.59,6.39,-1.1900000000000004,-1.7199999999999998,-0.14913,-0.11816,-0.25227,3.79,0.6800000000000002,0.4819624356579046,0.7414792434376654,1.1674246707536249,1.9279749483205169,-0.5444028976906992,0.4259520076563861,-0.045902006283656,-0.064699561796409,2010-02-02,0.0636475465546284,-0.0684150940314874,2010-04-05,-0.0671112906471896,-0.0684150940314874,2010-07-02,0.2014378150053628,-0.0684150940314874,2010-12-31,0.0,0.0,False,True,False,False,False,False,True,2,True,neutral,2.0756978163939577e-14,0.9999999999999788,0.0,0.0,-0.06841509403148727,2010-03-04,-0.04957407840592456,-0.05853092842514566,0.0,1.0,1.0,0.0,-0.5000000000000004,0.8660254037844384
2010-01-29,37.14009094238281,212099600.0,-0.0174508516120541,-0.0703887455767077,0.0355500431459152,0.0842275248663293,0.45458701550473,0.1971307363483015,0.1775875882349809,38.91327003479004,38.44646964439979,34.74835693359375,33.95906477575904,0.0688301324105717,-0.0815622339200197,79.45999908447266,0.0209430452919197,0.0396441026717055,-0.0682457760099912,72.85,-0.0763281349055409,-0.0586639100659001,0.7520442520442521,1083.0,-0.0127620783956243,0.0515583788010369,0.196552899362189,11151.150390625,0.0402163152706522,0.3089649507188443,14651.249,20.53,0.2100000000000008,1.1700000000000017,5.360000000000001,104.139,25.6665,0.7611057863138494,0.7611057863138494,0.0191777760056816,0.1779364484222229,-0.4644325873609227,-0.1768726165054855,0.82,-0.2700000000000001,-0.13,-0.13,3.63,-0.1899999999999999,0.1899999999999999,0.7599999999999998,4.51,-0.1299999999999999,0.2599999999999998,0.94,2.81,3.69,0.3199999999999998,0.8899999999999999,2.8141231232083674,0.0520176399642746,4.192065986094839,4.043297741419282,9.9,0.0999999999999996,0.4000000000000003,24.62,4.609999999999999,-3.289999999999999,6.46,-0.0300000000000002,-1.13,-0.19843,-0.0492999999999999,-0.2285599999999999,3.55,0.1799999999999997,0.3093951237276323,0.1570976355438841,0.8441262190440214,0.9637484438929568,0.606072477228396,0.4251563816966618,0.0645008880396282,-0.0039725547891485,2010-03-02,0.1519645745523956,-0.0039725547891485,2010-04-30,0.0758625775622399,-0.0039725547891485,2010-07-30,0.3145028395493368,-0.0039725547891485,2011-01-28,0.0,1.0,False,True,False,False,False,False,False,1,False,neutral,6.986184152131675e-27,1.0,0.0,0.1266978648018724,-0.003972554789148375,2010-03-31,0.002103172826110744,0.009425700593126604,0.0,0.0,0.0,1.0,0.0,1.0
2010-02-26,38.8499641418457,66222400.0,0.0035870532221298,0.0013420006379147,0.0192020743744503,0.1135999840793773,0.6195593853098116,0.1952678100647944,0.1670471554379948,38.90168907165528,38.72391175490159,35.58966479301453,34.94664118311427,0.0916080375522698,-0.0392787585232852,80.36000061035156,0.0213523169631364,0.0704675760894144,-0.0840077791470819,79.72,0.082563824008691,0.0646367521367521,0.8462251042149143,1118.300048828125,0.0312615489218379,-0.0404975986030673,0.1874071600369944,11512.259765625,0.017596215424352,0.5109161703304896,14764.61,19.92,-0.6099999999999994,0.1100000000000029,5.8000000000000025,104.139,25.6665,0.7797198683625913,0.7797198683625913,0.0075542714440283,0.2517286078912257,-0.323161380785639,-0.2758115137944776,0.81,-0.0899999999999999,0.08,-0.27,3.61,-0.0500000000000002,0.29,0.6299999999999999,4.55,0.0,0.2999999999999998,0.8899999999999997,2.8,3.74,0.2099999999999999,0.8999999999999999,2.621111388976716,0.0648732211624647,2.845079683177054,4.579872392738993,9.8,-0.1999999999999993,0.3000000000000007,19.5,-3.640000000000001,-0.9699999999999988,6.66,0.25,-0.8999999999999995,-0.24374,-0.0412,-0.23124,3.48,0.2099999999999999,0.1052270371335674,0.0431441910508978,0.872314499329329,1.2208359597059597,-0.0713108294297634,0.4249966902603856,0.0786748406981934,0.0145219816609609,2010-03-29,0.0258929321007808,-0.011456965314698,2010-05-27,-0.0224543009155773,-0.0464772932022228,2010-08-26,0.2999426076548328,-0.0464772932022228,2011-02-25,0.0,0.0,False,True,False,False,False,True,False,2,True,neutral,5.152779503412416e-25,1.0,0.0,0.1041713777648603,0.01452198166096097,2010-04-28,0.02211807701767965,0.033859879870473626,0.0,0.0,0.0,0.0,0.49999999999999994,0.8660254037844387
2010-03-31,41.84566116333008,59947400.0,-0.0047533201838507,0.0584282995543434,0.0473910154545136,0.1438150549635717,0.5962410824695312,0.0804475331802555,0.1592178743458277,39.51728767395019,39.6542597257174,36.79692568778992,36.18444184140042,0.1372053610776362,-0.0047533201838507,81.06999969482422,0.0068306392782888,0.0416291634015708,-0.0510359428160672,83.45,0.0481034915850289,0.0580702421706604,0.6811039484286865,1113.300048828125,-0.0207581802085899,0.0148587500712169,0.2066985457278762,12222.1904296875,0.0478450416227849,0.5064685465460972,14764.61,21.0,0.0,0.6799999999999997,7.68,104.139,25.6665,0.827803133959346,0.827803133959346,0.0316853342285858,0.2655971029906131,-0.008726940822835,0.0022649437752753,1.02,0.2199999999999999,-0.07,0.2099999999999999,3.84,0.2199999999999997,0.02,1.13,4.72,0.1499999999999994,0.08,1.1599999999999997,2.82,3.7,0.0900000000000003,0.92,2.151336357866529,-0.0951776649746216,0.2367491833956014,3.635171924193292,9.8,-0.0999999999999996,0.200000000000001,17.59,-1.4699999999999989,-2.4200000000000017,5.84,-0.7400000000000002,-0.6500000000000004,-0.41543,-0.17169,-0.2663,3.68,-0.04,0.1360373456576279,0.2256493584421331,1.192388235437864,1.4573777112797788,-0.5392383980623576,0.4241162291827255,0.022425452767647,0.0,2010-04-30,-0.109736290028733,-0.109736290028733,2010-06-30,0.0298257300250719,-0.1147392121983786,2010-09-29,0.2022940877730241,-0.1147392121983786,2011-03-30,1.0,0.0,False,True,False,False,False,False,False,1,False,neutral,8.831338017830743e-19,1.0,0.0,-0.06187706759113765,-0.08222596124613235,2010-06-01,0.00867945006873092,-0.06605306725712327,0.0,1.0,1.0,0.0,0.8660254037844386,0.5000000000000001
2010-04-30,42.7840690612793,110897000.0,-0.0197092372906688,0.022425452767647,0.1519645745523956,0.1929169648802993,0.4435060108614441,0.1464914111683657,0.1329631793574276,41.56652458190918,40.69005484947792,38.06693260192871,37.35511233355548,0.1239169046972696,-0.0253364498919236,81.87000274658203,0.0098680529760615,0.0303297720850379,-0.0323838534925422,86.07,0.0313960455362491,0.1814687714481813,0.7094339622641508,1180.0999755859375,0.0600017280409959,0.0896583338743652,0.3249129442154304,12477.2099609375,0.1189168403133855,0.3921401769700141,14764.61,21.8,0.8000000000000007,1.2699999999999996,6.82,104.139,25.6665,0.8450754852947352,0.8450754852947352,0.0839696989808858,0.2240047891204766,0.1285117375642727,0.2245247470977056,0.97,-0.05,0.15,0.0599999999999999,3.69,-0.1499999999999999,0.06,0.5299999999999998,4.53,-0.1899999999999995,0.0200000000000004,0.4800000000000004,2.72,3.5600000000000005,-0.0900000000000003,0.4699999999999997,2.2861714393279886,0.0331368136192278,-0.5279516838803788,3.6641143022144607,9.9,0.0,0.0999999999999996,22.05,4.460000000000001,-2.5700000000000003,5.61,-0.2299999999999995,-0.8499999999999996,-0.34966,0.06577,-0.15123,3.53,-0.02,0.1215957222691317,0.9478834048207088,1.1459213679928455,1.2332871177707614,-0.898090942471717,0.4241825948772955,-0.082453464094211,-0.1023560336164304,2010-06-01,-0.0660627927900697,-0.1341561525045457,2010-07-30,0.0687467361271416,-0.1341561525045457,2010-10-28,0.2113964253498279,-0.1341561525045457,2011-04-29,1.0,0.0,False,True,False,False,False,False,False,1,False,neutral,5.735545528154951e-19,1.0,0.0,-0.12926296233982226,-0.12926296233982226,2010-06-30,-0.09524801510611973,-0.10505770030385192,1.0,1.0,0.0,1.0,1.0,6.123233995736766e-17
2010-05-28,39.62129211425781,128535300.0,-0.0058864933394818,-0.0921764217754929,0.0052557151292644,0.0349667129121575,0.2952331878498173,0.3531673533197233,0.2237258757136781,41.74469841003418,41.44510145920974,38.72546676635742,38.22242418065802,0.0231327191820611,-0.0973876473357361,86.4800033569336,0.054634187279678,0.0721547164714326,0.0752207264553308,74.0,-0.1311494657743337,-0.0598399186888577,0.1159704418639722,1212.199951171875,0.0374870984616571,0.0844515103060843,0.2384552168877569,11466.1904296875,-0.0156931556625031,0.2187326689633031,14980.193,20.48,-1.3200000000000005,-0.5199999999999996,4.48,104.139,25.6665,0.7654234114131574,0.7654234114131574,-0.0235578078672705,0.1112174697915541,-0.3216077317606099,-0.0434623272601368,0.76,-0.25,-0.04,-0.16,3.31,-0.4499999999999997,-0.2999999999999998,-0.1600000000000001,4.22,-0.3799999999999999,-0.3399999999999998,-0.1200000000000001,2.55,3.46,-0.2599999999999998,-4.440892098500626e-16,2.2067707525304403,0.0230040533141906,-0.4143406364462754,2.430739046730779,9.9,0.0999999999999996,-0.0999999999999996,32.07,13.63,12.81,6.9,1.3600000000000003,0.2400000000000002,-0.06933,0.33923,0.17441,3.15,-0.33,0.7042785902481116,-0.0853608546067368,0.65309341292713,-0.7570208953566051,0.2306846964728755,0.4242496793096724,-0.0452267581599317,-0.0452267581599317,2010-06-29,-0.0298167310516244,-0.0650400077639362,2010-08-27,0.1644309084768243,-0.0650400077639362,2010-11-26,0.2715634087531449,-0.0650400077639362,2011-05-27,0.0,0.0,True,True,False,False,False,True,False,3,True,neutral,5.0250098617666905e-20,1.0,0.0,0.006287305694593126,-0.06504000776393626,2010-07-29,-0.031194348347332902,-0.04732888113693396,0.0,0.0,0.0,0.0,0.8660254037844387,-0.4999999999999998
2010-06-30,37.2536735534668,101313200.0,-0.0152177071954212,-0.0510159391527771,-0.109736290028733,-0.0675457887908921,0.1829056327763931,0.2721311375970205,0.26695506585255,40.5193968963623,41.002978985126205,39.25120361328125,38.80575174898715,-0.050890925014553,-0.1513243476635413,86.0199966430664,-0.0071560797662714,0.061058307226788,0.0735055483781037,75.59,0.0397524071526822,-0.0941881366087477,0.0826410770552852,1245.5,0.016900677944682,0.1187460211746425,0.343436557867268,10823.2001953125,-0.114463135100307,0.1479701213799518,14980.193,19.74,0.0,-1.2600000000000016,3.3599999999999994,104.139,25.6665,0.7225007178020003,0.7225007178020003,-0.1053024161573457,0.0669158906572751,-0.554250971123302,-0.1764968949372332,0.61,-0.17,-0.41,-0.5000000000000001,2.97,-0.3199999999999998,-0.8699999999999997,-0.5599999999999996,3.91,-0.2800000000000002,-0.8099999999999996,-0.4100000000000001,2.3600000000000003,3.3000000000000003,-0.4599999999999995,-0.0599999999999996,2.003548929218568,-0.0519772036264409,-0.1477874286479608,0.0889617547476406,9.6,-0.200000000000001,-0.3000000000000007,34.54,-1.0,16.95,7.13,0.0899999999999998,1.29,-0.07069,-0.00136,0.34474,2.79,-0.8900000000000001,0.1596883373104642,-0.8672694637177054,0.7028680825935391,-1.0725523031301172,0.9445239098952252,0.4233158617513405,0.0725823834479149,-0.0056195957597856,2010-07-30,0.156764808551288,-0.0056195957597856,2010-09-29,0.2883909370911444,-0.0056195957597856,2010-12-29,0.3287399008808982,-0.0056195957597856,2011-06-29,0.0,1.0,True,True,False,True,False,True,False,4,True,neutral,6.9991791774751e-17,1.0,0.0,0.021071743335203452,-0.005619595759785656,2010-08-30,0.010629432612312284,0.016050993143972587,0.0,0.0,1.0,0.0,0.49999999999999994,-0.8660254037844387
2010-07-30,39.95763397216797,98958100.0,0.0021878555313077,0.0725823834479149,-0.0660627927900697,0.0758625775622399,0.1664798195666164,0.1996859074126204,0.2803945287224824,39.3049422454834,39.811725792518025,39.53238161087036,39.22866536045934,0.0107570640565879,-0.0897254460427472,81.54000091552734,-0.0520808637801797,-0.0040308027358465,0.0283768441672369,78.85,0.0431273978039421,-0.0838852097130242,0.1786248131539609,1181.699951171875,-0.051224447071959,0.0013557966435369,0.2639853677536177,11568.3701171875,-0.0728399895966576,0.1390148770819861,14980.193,19.67,-0.0699999999999967,-2.129999999999999,2.9800000000000004,104.139,25.6665,0.7722443974645387,0.7722443974645387,-0.0728310878301965,0.0660137420074903,-0.1827645890502807,-0.1463367771455191,0.55,-0.0599999999999999,-0.4199999999999999,-0.6399999999999999,2.94,-0.0300000000000002,-0.75,-0.73,3.98,0.0699999999999998,-0.5500000000000003,-0.4600000000000004,2.39,3.43,-0.33,-0.0900000000000003,1.1215605940686268,-0.0418795158543816,-1.1646108452593618,-1.6925625291397406,9.4,-0.5,-0.5,23.5,-11.04,1.4499999999999993,6.57,-0.5599999999999996,0.96,-0.24488,-0.1741899999999999,0.10478,2.79,-0.7399999999999998,0.0498237814910405,-0.5239893232104983,0.9811248212120324,0.107948363025331,0.7484227803145636,0.4225674547926255,-0.0480248798671536,-0.0495529494339384,2010-08-30,0.1443453884013734,-0.0512985918198347,2010-10-28,0.2218129591679114,-0.0512985918198347,2011-01-28,0.2762298401455552,-0.0512985918198347,2011-07-29,0.0,1.0,False,True,False,False,False,False,False,1,False,neutral,3.367201615187487e-11,0.9999999999663274,0.0,0.07848574282262688,-0.05129859181983476,2010-09-29,-0.04413911905825245,-0.038638019822792136,0.0,0.0,0.0,1.0,1.2246467991473532e-16,-1.0
2010-08-31,37.90786361694336,72066900.0,-0.0034388629318635,-0.0687805802799791,-0.0566917913177232,-0.0422239699443203,0.0939246802489361,0.1677705367828839,0.217308595015382,39.2805867767334,39.38578092134916,39.807112312316896,39.52399559708329,-0.0477112903963616,-0.1364212488301824,83.19999694824219,0.0279218487604071,-0.0413642577418487,0.0643469220560266,71.93,-0.1147076923076921,-0.0130351262349065,0.0280120051450623,1248.300048828125,0.0548420002325049,0.0226938176275894,0.311652866256948,11001.080078125,-0.0467290463030612,0.0464950641477324,15141.607,19.77,0.0,0.0300000000000011,1.6799999999999995,104.139,25.6665,0.726546401456926,0.726546401456926,-0.0438274922155388,-0.001005361393134,-0.4551361791671023,-0.0730749221651689,0.47,-0.09,-0.35,-0.5,2.47,-0.52,-0.8799999999999999,-0.9299999999999996,3.52,-0.5399999999999996,-0.7200000000000002,-0.6599999999999997,2.0,3.05,-0.5300000000000002,-0.4299999999999997,1.3407784804821077,0.186925354168288,-0.8659922720483326,-1.280332908494608,9.4,-0.5,-0.4000000000000003,26.05,4.039999999999999,-4.120000000000001,6.92,0.3799999999999999,-0.1200000000000001,-0.26809,-0.02321,-0.19876,2.33,-0.8599999999999999,0.3068980119805525,-0.4497530685355945,0.8265436765233211,-0.3056919364828506,1.105145882739606,0.4217558282344389,0.1317276822853326,0.0299123938760546,2010-09-30,0.2013797685271048,0.0299123938760546,2010-11-30,0.3204635978778583,0.0299123938760546,2011-03-02,0.2749612848294394,0.0299123938760546,2011-08-30,0.0,1.0,True,True,False,False,False,False,False,2,True,neutral,5.881892439847004e-10,0.999999999411811,0.0,0.20345497613591745,0.0299123938760546,2010-10-29,0.04914830649997248,0.06281608192757468,0.0,0.0,0.0,0.0,-0.4999999999999997,-0.8660254037844388
2010-09-30,42.9013786315918,122458600.0,-0.0044637557743301,0.1317276822853326,0.1548465330592838,0.0252288394761188,0.1718392163355673,0.1517718819645104,0.18526763140729,40.46435096740723,40.02803820096529,40.17259214401245,39.970821878931545,0.0679265723704629,-0.0226640214677203,78.72000122070312,-0.0538461044695232,-0.0708215287245979,0.0270058663224597,79.95,0.1114972890310022,0.0959561343385879,0.1346863468634687,1307.800048828125,0.047664822296416,0.0841415865800581,0.2974206833612351,12020.580078125,0.1147714066702216,0.0982602908529806,15141.607,20.38,0.6099999999999994,0.7099999999999973,1.5500000000000007,104.139,25.6665,0.7938774317762309,0.7938774317762309,0.0740602705420598,0.0363717402242824,0.0662975464088464,0.1521286732663941,0.42,-0.0499999999999999,-0.21,-0.53,2.53,0.0599999999999996,-0.4300000000000001,-0.7800000000000002,3.69,0.1699999999999999,-0.1899999999999999,-0.3400000000000003,2.11,3.27,-0.2200000000000002,-0.2500000000000004,1.1501775395112546,0.1461363479699606,-0.8533713897073136,-1.0011588183552744,9.5,-0.0999999999999996,-0.3000000000000007,23.7,-2.3500000000000014,-9.16,6.26,-0.6600000000000001,-0.91,-0.33086,-0.0627699999999999,-0.26017,2.37,-0.4199999999999999,0.0560576343629373,1.0309760973780269,0.9831644130376236,1.249228467051826,-0.4254733365144936,0.4209129933866502,0.0633785803540156,-0.0120234682593153,2010-10-29,0.1161277461047545,-0.0120234682593153,2010-12-30,0.1743442021443599,-0.0120234682593153,2011-03-31,0.1062714719874617,-0.0120234682593153,2011-09-29,0.0,1.0,False,True,False,False,False,False,False,1,False,neutral,2.9334549599743076e-09,0.9999999970665456,0.0,0.06154491697253661,-0.012023468259315329,2010-11-30,0.0017933480397486878,0.00953283058997635,0.0,0.0,1.0,0.0,-0.8660254037844385,-0.5000000000000004
2010-10-29,45.62040710449219,46668700.0,-0.0022947249024787,0.0633785803540156,0.1206806445364607,0.0515592276482741,0.25084521968181,0.1367592501658203,0.1624209726593881,42.23942924499512,41.73728221012996,40.66404228210449,40.55837902722058,0.1218856892780899,-0.0022947249024787,77.2699966430664,-0.0184197733123938,-0.0453422990813056,0.0177818559889442,81.45,0.0187617260787993,0.0024615384615385,0.0201653306613225,1357.0999755859375,0.0376968381382065,0.1467804187834787,0.2969227292840071,12489.0595703125,0.0575694404302917,0.1389556904559805,15141.607,21.24,0.8599999999999994,1.4699999999999989,1.879999999999999,104.139,25.6665,0.824817311023361,0.824817311023361,0.0364956945436867,0.065910126954552,0.3644910695793092,0.4841519019280358,0.34,-0.0799999999999999,-0.22,-0.6399999999999999,2.63,0.1,-0.3600000000000003,-0.8999999999999999,3.99,0.3000000000000002,-0.0699999999999994,-0.3599999999999994,2.29,3.65,-0.1400000000000001,-0.2599999999999998,1.1183122472331777,0.1615249422961318,-0.0032483468354493,-1.1678591920948111,9.5,0.0999999999999996,-0.4000000000000003,21.2,-2.5,-0.8100000000000023,5.82,-0.4399999999999995,-0.7199999999999998,-0.43122,-0.10036,-0.18634,2.51,-0.3200000000000003,0.0648259856711085,0.7789449846820761,1.090095078993408,1.559987086630558,-0.0326079551758164,0.4204576206742964,-0.001724374945439,-0.0139895791628745,2010-11-30,0.0753362539505428,-0.0139895791628745,2011-01-31,0.1339650020954725,-0.0139895791628745,2011-05-02,0.1380365404934611,-0.0357893509854742,2011-10-28,0.0,1.0,False,True,False,False,False,False,False,1,False,neutral,5.356302834346785e-08,0.999999946436972,0.0,0.04960525510413971,-0.013989579162874577,2010-12-30,-0.005633944850104289,-0.0010004083913894598,0.0,0.0,0.0,1.0,-1.0,-1.8369701987210297e-16
2010-11-30,45.54174041748047,118862100.0,-0.0121371038709996,-0.001724374945439,0.2013797685271048,0.1332713973964314,0.2065496624014033,0.1634937878951751,0.1536719125257783,44.86416175842285,43.84416028536283,41.49523904800415,41.17964902654425,0.0975172444432741,-0.03070345868173,81.19999694824219,0.0508606247691409,-0.024038462420187,0.0844017084220143,84.12,0.032780847145488,0.1694703183650772,0.0897784687135641,1385.0,0.0205585623137429,0.1095088887485069,0.1726357028437908,12541.0302734375,0.1399817276464154,0.1190135090966142,15309.474,21.7,0.4600000000000008,1.93,1.8900000000000008,104.139,25.6665,0.8191679396325112,0.8191679396325112,0.0926215381755852,0.0542352211617173,0.3764202590366878,0.6960699033812685,0.45,0.1099999999999999,-0.0199999999999999,-0.22,2.81,0.1800000000000001,0.3399999999999998,-0.3999999999999999,4.12,0.1299999999999999,0.6000000000000001,-0.08,2.36,3.67,0.3599999999999999,-0.1800000000000001,1.1666951489314623,0.348184629481163,-0.1740833315506451,-1.0400756035989778,9.4,0.0,-0.5,23.54,2.34,-2.5100000000000016,6.22,0.3999999999999994,-0.7000000000000002,-0.44849,-0.01727,-0.1804,2.64,0.31,0.3441379835223748,1.3055305437633,0.921832904372536,1.6681466176843238,-0.6674412184374664,0.4206156250813819,0.0514182944682972,0.0211170688698256,2010-12-30,0.0991225526435746,0.0211170688698256,2011-03-02,0.0997098964073692,0.0211170688698256,2011-06-01,0.0518042728002376,-0.0341238182973497,2011-11-29,0.0,1.0,False,True,False,False,False,False,False,1,False,neutral,3.0247786456518487e-05,0.9999697522135444,0.0,0.07719373984691869,0.021117068869825673,2011-01-31,0.030984678637020747,0.034939368771676284,0.0,0.0,0.0,0.0,-0.8660254037844386,0.5000000000000001
2010-12-31,47.70820999145508,38540100.0,-0.0036590754990838,0.0259069282890096,0.1134051208857656,0.2878683201545637,0.2014378150053628,0.0619596404738283,0.1334294274629334,46.65758209228515,45.9814956665039,42.33741552352905,42.09592951525439,0.1268569278854823,-0.0078337716588761,79.02999877929688,-0.020815268544576,0.0120374245804664,0.0150269478522166,91.38,0.053371757925072,0.1202648032364841,0.1510265776546164,1421.0999755859375,0.0243638186175829,0.0797811731234576,0.297571255427236,13360.080078125,0.1066658782358056,0.156876132503358,15309.474,22.4,0.0,1.16,2.0799999999999983,104.139,25.6665,0.8726674788516575,0.8726674788516575,0.0753696677813068,0.0844472966508089,0.8906485163555291,1.0101986238226504,0.61,0.0799999999999999,0.19,-0.5299999999999999,3.3,0.3299999999999996,0.7599999999999998,-0.5500000000000003,4.34,0.0999999999999996,0.6299999999999999,-0.29,2.69,3.73,0.5699999999999998,-0.02,1.084544776600338,0.25338416234848,-0.0656327629109165,-0.9190041526182302,9.8,0.3000000000000007,0.200000000000001,17.75,-3.61,-4.75,5.41,-0.6099999999999994,-0.8099999999999996,-0.52165,-0.0731599999999999,-0.1668599999999999,3.18,0.8000000000000003,0.1425513025171205,0.6715584835465804,0.7308993806382396,2.0025256230397157,-1.1950768732236834,0.4213604410223303,0.04755733075034,0.0148734797909009,2011-02-01,0.0565749385855474,-0.0056921160738152,2011-04-01,0.06723738150187,-0.0086911355374971,2011-07-01,0.0347575057644389,-0.0779850606340535,2011-12-30,0.0,0.0,False,True,False,False,False,False,True,2,True,neutral,1.562189288623694e-11,0.9999999999843788,0.0,0.06995974307917519,0.014873479790900923,2011-03-03,0.01994116462255664,0.023380967442421907,0.0,0.0,1.0,0.0,-0.5000000000000004,0.8660254037844384
2011-01-31,49.05727767944336,70571300.0,0.0048447156242645,0.024514929514001,0.0753362539505428,0.2051085261707175,0.3065209155470965,0.1422186777378512,0.1342814408817377,47.98405197143555,47.56368977473333,43.03954160690308,42.953198853913726,0.1398187770562848,-0.0206370286870279,77.73999786376953,-0.0223842914290676,0.0060825836821787,-0.0189298339277951,90.99,0.0126878130217027,0.1171270718232042,0.2228195135062491,1333.800048828125,-0.0510813375106115,-0.0171689095696524,0.2078239516909772,13617.33984375,0.0903414918541596,0.2039736903953779,15309.474,22.98,0.5800000000000018,1.740000000000002,3.0599999999999987,114.848,10.709000000000003,0.8894714373433078,0.8894714373433078,0.0646541263199468,0.1175010696207334,1.06165330304284,1.2364353761608988,0.58,-0.08,0.2399999999999999,-0.28,3.42,0.04,0.79,-0.2600000000000002,4.58,0.1500000000000003,0.5899999999999999,0.0200000000000004,2.84,4.0,0.5499999999999998,0.0199999999999995,1.437793022217937,0.4016576346828282,0.3194807749847594,0.3162324281493101,9.3,-0.1999999999999993,-0.0999999999999996,19.53,2.0100000000000016,-1.6699999999999982,5.08,-0.2400000000000002,-0.7400000000000002,-0.59284,-0.09227,-0.16162,3.27,0.7600000000000002,0.0585902865321947,0.3731295980283012,0.6129620613651651,1.9171109865684988,-0.6432621266780411,0.4223380979897886,0.0203573526149272,0.0099999447903513,2011-03-02,0.054521316406418,-0.0330354319194661,2011-05-02,0.0346626391098463,-0.0359519788032274,2011-08-01,0.0910165270471679,-0.1033403314802849,2012-01-31,0.0,0.0,False,True,False,False,False,False,True,2,True,neutral,4.9859028069269415e-14,0.9999999999999504,0.0,0.02698289923904773,-0.03303543191946612,2011-03-31,0.015178594270591539,-0.0117222698243441,0.0,0.0,0.0,1.0,0.0,1.0
2011-02-28,50.60784912109375,51402800.0,0.0020815793596276,0.0103180574115244,0.0969214284727992,0.3165442616514997,0.2840022837385447,0.1723801154682638,0.1292114390249332,49.4781583404541,48.88503494262695,43.81187568664551,43.69229055524946,0.155117153236143,-0.0188518996743618,76.88999938964844,-0.0108066889361613,-0.0431807017713752,-0.0467394507971231,97.1,0.1497927767910005,0.1577441278168592,0.2336424850717824,1409.300048828125,0.0689472259790509,0.0345004758976776,0.2607800923837868,14072.099609375,0.1136840616482794,0.2080092376491544,15351.448,23.49,0.509999999999998,1.7899999999999991,2.4899999999999984,114.848,10.709000000000003,0.91666268936813,0.91666268936813,0.0913155949602815,0.1276814700877019,1.3087094291176702,1.4151589080305085,0.69,0.0999999999999999,0.1799999999999999,-0.1100000000000001,3.42,0.0,0.5499999999999998,-0.1899999999999999,4.49,-0.08,0.2800000000000002,-0.0699999999999994,2.73,3.8,0.3699999999999996,-0.0799999999999996,1.7007834915029774,0.3243042200370194,0.5340883425715148,0.3600050110208697,9.1,-0.3000000000000007,-0.3000000000000007,18.35,2.200000000000003,-3.869999999999997,4.78,-0.2099999999999999,-1.16,-0.57195,0.0089,-0.1234599999999999,3.27,0.56,0.1184673167068438,0.4867688088931947,0.5254522867208599,2.307160866690497,-0.5150023984851443,0.4230387615313046,-0.0105500724227801,-0.0626622125551311,2011-03-29,-0.0044827801422887,-0.0626622125551311,2011-05-27,-0.0769555356692744,-0.1308130436984944,2011-08-26,0.1304478393167052,-0.1308130436984944,2012-02-28,0.0,0.0,False,False,False,False,False,False,True,1,False,neutral,1.0787150303633963e-16,1.0,5.296e-321,0.024985633032988952,-0.06266221255513116,2011-04-28,-0.05038955134057523,-0.042002063402663325,0.0,0.0,0.0,0.0,0.49999999999999994,0.8660254037844387
2011-03-31,50.380985260009766,50004300.0,0.0013952124975129,0.0064933590247973,0.0521593126259773,0.1743442021443599,0.2039715435099711,0.1846313455369837,0.1597941987358311,49.886074981689454,49.66880422738882,44.957242012023926,44.41182138253976,0.1206422592946259,-0.0232501708951459,75.86000061035156,-0.0105647264632625,-0.0460261089942333,-0.0609061431455018,106.19,0.0383299110198493,0.1818586533110739,0.2562403880279189,1438.9000244140625,0.0011829065543742,0.0236909856335503,0.2789085909140669,14101.1904296875,0.0544089367166342,0.1451255777525095,15351.448,22.9,0.0,0.5,1.099999999999998,114.848,10.709000000000003,0.9185576780566562,0.9185576780566562,0.0450103697240839,0.0845295791515717,1.3284194841565662,1.204061313308687,0.8,0.1100000000000001,0.14,-0.25,3.47,0.0100000000000002,0.0900000000000003,-0.4199999999999999,4.51,-0.0300000000000002,0.08,-0.2300000000000004,2.67,3.71,-0.0499999999999998,-0.1699999999999999,2.124898173333145,0.321447463006419,1.0403533967328071,0.9747206338218906,9.0,-0.8000000000000007,-0.5,17.74,-2.960000000000001,0.2199999999999988,4.77,0.0499999999999998,-0.5500000000000007,-0.5474,0.0245499999999999,-0.04683,3.38,0.1200000000000001,0.0158677597027823,0.136616982684481,0.7459974935987529,1.9573664601381249,0.4102120985540334,0.4240474006429845,0.0268148741208593,-0.0205467933735203,2011-05-02,-0.0043892390085221,-0.0612813300872948,2011-06-30,-0.0579665910834292,-0.1268991244312801,2011-09-29,0.1875707054848565,-0.1268991244312801,2012-03-30,0.0,0.0,False,False,False,False,False,False,False,0,False,neutral,7.3706359034942e-18,1.0,5.299710050673159e-303,-0.005920539698690219,-0.02054679337352039,2011-06-01,-0.015775970951322837,-0.014084935986783596,0.0,0.0,1.0,0.0,0.8660254037844386,0.5000000000000001
2011-04-29,51.82846832275391,44831200.0,-0.0008453438468271,0.0301660394617442,0.061607267596953,0.1334738010425289,0.2113964253498279,0.1060936712589786,0.1507260820405392,50.01052680969238,50.10578032273513,46.0967702293396,45.41461736661894,0.1243405571561324,-0.002363806156734,72.93000030517578,-0.0419075450118725,-0.0665557037123113,-0.1091975344019331,113.39,0.0923892100192678,0.2863301191151446,0.3174160566980366,1556.0,0.0928500819203397,0.1605877949349787,0.3185323550468022,14495.2802734375,0.0724232671108759,0.1617405108047382,15351.448,23.14,0.240000000000002,0.1600000000000001,1.34,114.848,10.709000000000003,0.9442288618922136,0.9442288618922136,0.0613520313222999,0.0991533765974784,1.5663551325324576,1.293395121583863,0.61,-0.19,0.0699999999999999,-0.36,3.32,-0.1500000000000003,-0.04,-0.3700000000000001,4.4,-0.1199999999999992,-0.1299999999999999,-0.1299999999999999,2.71,3.790000000000001,-0.1099999999999998,-0.0099999999999997,2.619241510354109,0.51735482068338,1.181448488136172,1.5009292631209314,9.0,-0.3000000000000007,-0.5,14.75,-2.960000000000001,-5.289999999999999,4.71,-0.0499999999999998,-0.3200000000000003,-0.59869,-0.05129,-0.00585,3.28,0.0699999999999998,0.0206745153205166,0.1985180003416644,0.9323359668236516,2.3977164256401413,0.4005768061808274,0.4251482862165236,-0.0121870041501422,-0.0424848979010228,2011-05-31,-0.0160788758153116,-0.0874981838619184,2011-07-29,0.0001921021435802,-0.1512833821635882,2011-10-27,0.1409033158007619,-0.1512833821635882,2012-04-30,0.0,0.0,False,False,False,False,False,False,False,0,False,neutral,3.373277134118164e-18,1.0,2.0361883563582472e-303,-0.04491789731029039,-0.08749818386191854,2011-06-29,-0.03581593582228049,-0.0774342804991268,0.0,1.0,0.0,1.0,1.0,6.123233995736766e-17
2011-05-31,51.19683456420898,47590100.0,0.016193595658932,-0.0121870041501422,0.0281906701547103,0.1105296548092442,0.3041661488104499,0.1335298815852664,0.1436624841657396,50.50151466369629,50.267515153151294,47.24188512802124,46.52622963501526,0.0837170114077834,-0.0145220025914341,74.63999938964844,0.0234471284425772,-0.0312784369455568,-0.1385041561003719,102.7,-0.0942763912161566,0.0308140118438222,0.4126547455295735,1535.9000244140625,-0.0129177220989316,0.0735304933476925,0.2540006231087224,14287.3095703125,0.0319330487269418,0.2704901661270704,15557.539,23.06,-0.0800000000000018,0.1600000000000001,3.3200000000000003,114.848,10.709000000000003,0.918352804406436,0.918352804406436,0.0164710776997761,0.1676608897144823,1.371487370865473,1.2826789377940035,0.45,-0.1599999999999999,-0.21,-0.33,3.05,-0.27,-0.3600000000000003,-0.2400000000000002,4.22,-0.1800000000000006,-0.2600000000000007,0.0299999999999993,2.6,3.77,-0.1500000000000003,0.0899999999999998,3.0772344447868694,0.4694098975099203,1.376450953283892,1.9105392958554068,9.1,0.0,-0.3000000000000007,15.45,0.6999999999999993,-5.560000000000002,5.09,0.3799999999999999,0.33,-0.56038,0.03831,0.0115699999999999,2.99,-0.2799999999999998,0.1531901216424722,-0.0196297054291021,0.4677668034042996,1.5768886466846048,0.9011153837220685,0.4263597764462757,-0.0331347059591863,-0.0762403208179931,2011-06-29,-0.0621581508840325,-0.1408124600484481,2011-08-29,-0.058526066312926,-0.1408124600484481,2011-11-28,0.0783378634422335,-0.1408124600484481,2012-05-30,1.0,0.0,False,True,False,False,False,False,False,1,False,neutral,1.4716931337923546e-23,1.0,0.0,-0.003939887085430471,-0.07624032081799303,2011-07-29,-0.07137151241906015,-0.06605225546040647,0.0,1.0,0.0,0.0,0.8660254037844387,-0.4999999999999998
2011-06-30,50.15985107421875,50347200.0,0.0133212661537498,0.0015404208127425,-0.0043892390085221,0.0475411339278195,0.3502347001309458,0.1856641023757327,0.1504091001102935,50.00496086120606,49.99510028545673,48.24896970748901,47.38023546579722,0.0396046045814972,-0.0344826978523816,74.30000305175781,-0.0050883402767156,-0.0205641648568729,-0.1229933666053697,95.3,-0.0498504486540378,-0.1025520293812977,0.3063742289239204,1502.300048828125,-0.0259984277432638,0.0440614520386013,0.2453784199773123,14023.0498046875,-0.0055414204488359,0.30047758552235,15557.539,22.1,0.0,-0.7999999999999972,2.43,114.848,10.709000000000003,0.9013668424477356,0.9013668424477356,-0.0171908356089207,0.1815496812135644,1.2484725112099837,0.9487962244016888,0.45,0.01,-0.35,-0.18,3.18,0.2200000000000002,-0.29,0.2200000000000002,4.38,0.2299999999999995,-0.1299999999999999,0.5,2.73,3.93,0.06,0.3999999999999999,3.4589718808965,0.3181714734507679,1.3340737075633546,2.3744271042961618,9.0,0.0,-0.8000000000000007,16.52,-1.7800000000000011,-1.2199999999999989,5.42,0.2699999999999996,0.6500000000000004,-0.51883,0.0415499999999999,0.0285699999999999,3.15,-0.2299999999999999,0.1628169384913701,-0.2288086046859234,0.187954031750896,1.4361231067055775,1.3389700016742712,0.4265078051879509,0.0119195193832217,0.0007011884612062,2011-08-01,-0.0538135526192506,-0.1230499812002399,2011-09-29,-0.0129974635534101,-0.1230499812002399,2011-12-29,0.1355492359023093,-0.1230499812002399,2012-06-29,1.0,0.0,False,True,False,False,False,False,False,1,False,neutral,2.8791270858327573e-27,1.0,1.2791105495353e-311,-0.036459290306016134,-0.12304998120023991,2011-08-30,0.008378730596396534,-0.09928912266569645,0.0,1.0,1.0,0.0,0.49999999999999994,-0.8660254037844387
2011-07-29,50.99512481689453,82860500.0,-0.003265318904313,0.0301953323319135,-0.0160788758153116,0.0445378161766292,0.2762298401455552,0.1848553512420767,0.1711806298190729,49.99371315002441,50.31157508263221,49.08355100631714,48.466908652503214,0.0389453039029585,-0.0273351807664776,73.9000015258789,-0.0105770637261271,0.013300441747486,-0.0936963368146539,95.68,0.0087506589351609,-0.1561866125760648,0.2134432466708942,1628.300048828125,0.0784158040265012,0.0464653270103632,0.3779301989590191,13701.4697265625,-0.0547633803486816,0.1843906780096693,15557.539,22.61,0.509999999999998,-0.5300000000000011,2.9399999999999977,114.848,10.709000000000003,0.8806964730451583,0.8806964730451583,-0.0635323888470553,0.1084520755806196,1.038882946781368,1.0992199170559973,0.36,-0.1099999999999999,-0.25,-0.19,2.82,-0.3200000000000003,-0.5,-0.1200000000000001,4.12,-0.2699999999999996,-0.2800000000000002,0.1400000000000001,2.46,3.76,-0.25,0.0700000000000002,3.502318150636041,0.0,0.8830766402819323,2.0645251284181043,9.1,0.0999999999999996,-0.200000000000001,25.25,7.98,10.5,5.51,-0.0200000000000004,0.7999999999999998,-0.39378,0.12505,0.20491,2.72,-0.5599999999999996,0.2370039763057974,-0.3213317658661847,-0.3574635134582137,0.605332179324735,0.6678167563738316,0.4262732734920191,-0.0584485444640981,-0.1374139684828007,2011-08-29,0.0165368722745684,-0.1374139684828007,2011-10-27,0.0481701691179561,-0.1374139684828007,2012-01-30,0.1284392970531414,-0.1374139684828007,2012-07-30,1.0,0.0,True,True,False,False,False,False,False,2,True,neutral,1.771018901354552e-28,1.0,0.0,-0.05808416864488852,-0.13741396848280074,2011-09-28,-0.12882770028215002,-0.11404230050928832,1.0,1.0,0.0,1.0,1.2246467991473532e-16,-1.0
2011-08-31,48.41018295288086,60900400.0,0.0016371346528649,-0.0215035846889807,-0.0354228513571146,-0.0516335887058474,0.2399584427989534,0.482499582318902,0.3152341893530971,48.966741790771486,48.86399905865009,49.22029621124268,48.88257372057116,-0.0164589269208171,-0.0766395411326483,74.12999725341797,-0.0051000519650733,-0.0026907651380301,-0.1016723186010137,88.81,-0.0529963744934953,-0.1155263419978089,0.2006218737325944,1828.5,0.1136488049280153,0.1935378590078329,0.4671426850374498,12856.2001953125,-0.0775906446499622,0.1344941042237766,15647.68,20.05,0.0,-2.0500000000000007,-0.3299999999999983,114.848,10.709000000000003,0.821604237517159,0.821604237517159,-0.0742720243268575,0.0731962508764412,0.5384454463600679,0.2191633253725909,0.2,-0.13,-0.25,-0.3,2.23,-0.4300000000000001,-0.81,-0.3500000000000001,3.6,-0.33,-0.6499999999999999,-0.0499999999999998,2.03,3.4,-0.56,-0.0500000000000002,3.5798809769996165,0.2620036831757044,0.5026465322127471,1.8790974854966391,9.0,-0.0999999999999996,-0.0999999999999996,31.62,6.830000000000002,13.53,7.3,1.5,2.1499999999999995,-0.13749,0.25629,0.42289,2.21,-0.79,0.2981724180293332,-0.452130133410344,-1.6202236905306435,-1.0231881325721603,0.9560397189528296,0.4261746903385195,-0.0449081391116572,-0.0449081391116572,2011-09-30,0.0260548118154146,-0.0694724587541849,2011-11-30,0.1848719339023654,-0.0694724587541849,2012-03-02,0.2416925056729715,-0.0694724587541849,2012-08-30,0.0,0.0,True,True,True,False,False,False,False,3,True,neutral,1.4993632959972781e-34,1.0,0.0,0.05444027586437317,-0.06947245875418495,2011-10-31,-0.03372042527449211,-0.037357879336474414,0.0,0.0,0.0,0.0,-0.4999999999999997,-0.8660254037844388
2011-09-30,46.23617172241211,104870100.0,-0.0257982475430623,-0.0449081391116572,-0.0919124588306866,-0.0827484788637723,0.0790509720466912,0.2587511986659794,0.3299972402610844,47.98270439147949,48.703982426570015,49.38161403656006,49.09580015921378,-0.0636966283001442,-0.1181059410696669,78.55000305175781,0.0596250635654251,0.0564896390562619,0.0058907252585436,78.93,-0.11124873325076,-0.1674928804978377,-0.032364840014711,1620.4000244140625,-0.1138091198173024,0.0931660062314079,0.2312134750193641,11842.080078125,-0.1675929713467585,-0.0190757934711292,15647.68,19.7,-0.3500000000000014,-2.91,-1.5399999999999991,114.848,10.709000000000003,0.756794622469593,0.756794622469593,-0.1576372533118207,-0.0405031886007577,-0.0393197997790549,0.1008587053117912,0.25,0.0499999999999999,-0.25,-0.1699999999999999,1.92,-0.31,-1.3000000000000005,-0.6200000000000001,2.9,-0.7000000000000002,-1.5000000000000004,-0.81,1.67,2.65,-1.0500000000000005,-0.4500000000000002,3.75499603070808,0.3154462166418792,0.2960241498115801,1.6300978573749347,9.0,0.0,0.0,42.96,11.34,27.090000000000003,8.41,1.1100000000000003,3.0700000000000003,-0.0387,0.09879,0.473,1.9,-1.3000000000000005,0.7766364612086141,-0.8950866423943821,-2.158008775484253,-2.027373937703211,1.0609777406202396,0.4251307359560476,0.1040197483031895,-0.0257193267458903,2011-10-31,0.0677014669731987,-0.0257193267458903,2011-12-30,0.3074393993334452,-0.0257193267458903,2012-04-02,0.31841779261394,-0.0257193267458903,2012-10-01,0.0,0.0,True,True,True,False,False,True,False,4,True,neutral,6.368294205771945e-32,1.0,0.0,0.07429960806185543,-0.025719326745890392,2011-11-30,0.011087728388227136,0.016595701244027452,0.0,0.0,1.0,0.0,-0.8660254037844385,-0.5000000000000004
2011-10-31,51.04564666748047,60520200.0,-0.0167966564954025,0.1040197483031895,0.0317660300928515,-0.0085592671999423,0.118063930117986,0.2767690032391642,0.3516819620543409,48.524598083496095,48.18546248215896,49.508739700317385,49.40068571417181,0.0310431446339813,-0.0263715430296554,76.16999816894531,-0.0302992334862708,0.022278834856021,-0.0146184325769803,93.19,0.1806664132775877,-0.0062913201108978,0.1235833132384855,1724.199951171875,0.0640582110552279,0.0501248099969926,0.2769960106096842,13191.0498046875,-0.0069336402305963,0.0559141506403704,15647.68,20.16,0.4600000000000008,0.1099999999999994,-1.5399999999999991,114.848,10.709000000000003,0.8430035509856733,0.8430035509856733,-0.010804393228704,0.0179563787098044,0.7164891731910714,0.2296759945944265,0.25,0.0,-0.08,-0.09,2.17,0.25,-0.4900000000000002,-0.4900000000000002,3.16,0.2600000000000002,-0.77,-0.8499999999999996,1.92,2.91,-0.4100000000000001,-0.4000000000000003,3.812621692818685,0.2171547858084377,0.3103035421826439,1.1933801824645762,9.0,-0.0999999999999996,0.0,29.96,-13.0,5.170000000000002,7.07,-1.34,1.2700000000000005,-0.10379,-0.06509,0.28999,2.16,-0.4399999999999999,0.4221215938130552,-0.0439366730010242,-1.614742668077524,0.0551600711111315,-0.2567676327860795,0.4240563209397682,-0.0269199353426532,-0.0874892667459315,2011-11-30,0.0570067504601567,-0.0874892667459315,2012-02-01,0.1636052075618903,-0.0874892667459315,2012-05-02,0.1488503741412463,-0.0874892667459315,2012-11-01,0.0,0.0,True,True,False,False,True,False,False,3,True,neutral,3.0839887383614105e-39,1.0,0.0,-0.032896405508877735,-0.0874892667459315,2011-12-30,-0.07019838864804717,-0.06386682453196119,0.0,1.0,0.0,1.0,-1.0,-1.8369701987210297e-16
2011-11-30,49.67150115966797,66918600.0,0.0369617357196117,-0.0269199353426532,0.0260548118154146,-0.0102909752677748,0.0681251127918232,0.308644716505516,0.2818630583331119,49.34312896728515,49.09164422842173,49.460883159637454,49.51866959236764,0.0042582741466774,-0.0525815581390645,78.38999938964844,0.0291453495348543,0.0574666436539501,-0.0287448856540818,100.36,0.076939585792467,0.1300529219682467,0.1568876080691643,1745.5,0.0123535839411479,-0.0453923981405524,0.2581993358065924,13101.1298828125,0.0190514836249442,0.023413024260938,15842.259,20.35,0.1900000000000012,0.3000000000000007,-2.049999999999997,114.848,10.709000000000003,0.826973595294238,0.826973595294238,0.0053693577770789,-0.0092021058598317,0.5290940020709382,0.255871882819415,0.25,0.0,0.0499999999999999,-0.28,2.08,-0.0899999999999998,-0.1499999999999999,-0.8900000000000001,3.06,-0.1,-0.54,-1.1800000000000002,1.83,2.81,-0.1999999999999997,-0.6100000000000003,3.5222681306640524,0.0675207527019328,-0.057612846335564,0.445033685877183,8.8,-0.1999999999999993,-0.2999999999999989,27.8,-2.16,-3.82,7.79,0.7199999999999998,0.4900000000000002,-0.07309,0.0306999999999999,0.0644,2.07,-0.1400000000000001,0.3313801041506443,-0.2194998498272521,-1.7830185311667126,-0.1613576490112822,-0.0876506872385228,0.4233020466253253,-0.0061418072194592,-0.0338666836237776,2011-12-30,0.1547842476426313,-0.0338666836237776,2012-03-02,0.0772149880585997,-0.0338666836237776,2012-06-01,0.1770482892133575,-0.0338666836237776,2012-12-03,0.0,1.0,True,True,False,False,False,True,False,3,True,neutral,3.3813211171497476e-39,1.0,0.0,0.08624848956530973,-0.03386668362377765,2012-02-01,-0.02669001648556808,-0.01914203708593208,0.0,0.0,0.0,0.0,-0.8660254037844386,0.5000000000000001
2011-12-30,49.36642837524414,21832400.0,-0.0028575613611718,-0.0061418072194592,0.0677014669731987,-0.0304336001534389,0.0347575057644389,0.1872036177909544,0.261773636085048,49.718638534545896,49.4662730877216,49.40043872833252,49.460782231511295,-0.0006884625716667,-0.0584004195651348,80.16999816894531,0.0227069625354778,0.0206237435295841,0.0144248944357452,98.83,-0.0152451175767237,0.2521221335360444,0.0815276865834975,1565.800048828125,-0.1029504160251361,-0.0336953682814716,0.1018225851298926,13189.599609375,0.1137907801974058,-0.0127604376435688,15842.259,20.52,0.1699999999999981,0.8200000000000003,-1.879999999999999,114.848,10.709000000000003,0.8325580088909669,0.8325580088909669,0.0757633864213739,-0.0401094699606906,0.5428708627460147,0.2757019303311879,0.25,0.0,0.0,-0.36,1.89,-0.1900000000000001,-0.03,-1.41,2.89,-0.1699999999999999,-0.0099999999999997,-1.4499999999999995,1.64,2.64,-0.03,-1.05,3.451432214581729,0.1847850055126887,-0.3035638161263509,-0.0075396663147708,8.6,-0.4000000000000003,-0.4000000000000003,23.4,-4.400000000000002,-19.56,7.38,-0.4100000000000001,-1.0300000000000002,-0.14972,-0.0766299999999999,-0.11102,1.87,-0.0299999999999998,0.1580855828426117,0.1046849717620958,-0.6735740715612136,0.4182918352182229,-0.0700026994821661,0.4223634915771372,0.0929612468417515,0.019165507634467,2012-02-01,0.2245364830675691,0.019165507634467,2012-04-02,0.157216461984375,0.019165507634467,2012-07-02,0.2123173640474354,0.019165507634467,2013-01-03,0.0,1.0,False,True,False,False,False,False,False,1,False,neutral,7.858023977421303e-26,1.0,2.47507e-319,0.16192053960119202,0.019165507634467005,2012-03-02,0.028407927509789932,0.03458936560471179,0.0,0.0,1.0,0.0,-0.5000000000000004,0.8660254037844384
2012-01-31,53.52230072021485,51449600.0,0.0013232935636349,0.0810860582427499,0.0309068148939402,0.0544659542223393,0.0910165270471679,0.0979674176270186,0.2178593925553643,50.2538941192627,50.3969008225661,49.644085597991946,49.63091324471139,0.0781203858527663,0.0,79.27999877929688,-0.0149105930365661,0.0557997422526437,0.0198096341374489,98.46,-0.0122391653290531,0.0550792970424347,0.0820969337289811,1737.800048828125,0.1285148524426864,-0.0048103897483864,0.3028939760160856,13839.0703125,0.0237036173388329,0.0162829503628616,15842.259,21.21,0.6900000000000013,1.0500000000000007,-1.7699999999999996,100.263,-14.584999999999994,0.8735541006178474,0.8735541006178474,0.0096158118227992,-0.0159173367254603,0.9128988273190364,0.4992928830163051,0.22,-0.06,-0.06,-0.36,1.83,-0.0799999999999998,-0.5099999999999998,-1.59,2.94,0.04,-0.4199999999999999,-1.64,1.61,2.72,-0.4499999999999995,-1.2299999999999998,3.062066838419386,0.0237708490154808,-0.750554854399299,-0.4402513122166551,8.5,-0.5,-0.5999999999999996,19.44,-3.2099999999999973,-5.09,6.61,-0.75,-0.2399999999999993,-0.32437,-0.20864,-0.22058,1.77,-0.56,0.0554470664260119,-0.3606836125499094,0.2404939327324806,0.8634323615107133,0.2910684181994881,0.421922755186424,0.0725260948430388,0.0080955486420704,2012-03-01,0.1066164904440667,0.0080955486420704,2012-05-01,0.0748257908635086,-0.0002880143686455,2012-07-31,0.1317326833231769,-0.0002880143686455,2013-02-01,0.0,1.0,False,True,False,False,False,True,False,2,True,neutral,2.9155331026341803e-17,1.0,2.97593329277e-311,0.11787014764210935,0.008095548642070183,2012-03-30,0.019032154833559512,0.02615805430926706,0.0,0.0,0.0,1.0,0.0,1.0
2012-02-29,56.953125,59784400.0,-0.004481922415053,0.0655089548906908,0.181588208683683,0.1861642769261131,0.1437947728528623,0.0974241101380921,0.152502403519285,52.95799293518066,52.09427783672626,50.0937265586853,50.19241310669495,0.1369312868604184,-0.004481922415053,78.7300033569336,-0.00543203998589,-0.0070626504241102,0.0218040264586005,107.08,0.0843544303797467,0.0903166683637104,0.0747766736926629,1709.9000244140625,-0.0121894717423093,-0.000526083930544,0.1951492855042715,14400.330078125,0.1489683551622136,0.0400962089511707,16068.805,21.8,0.5899999999999999,1.4499999999999993,-1.099999999999998,100.263,-14.584999999999994,0.8961668324511375,0.8961668324511375,0.1050378948892657,-0.0057148942555222,1.123221902031851,0.7041373434920286,0.3,0.0799999999999999,0.0399999999999999,-0.36,1.98,0.1099999999999998,0.01,-1.4300000000000002,3.08,0.0899999999999998,0.1499999999999999,-1.4000000000000004,1.68,2.78,-0.03,-1.07,3.0087663379855023,0.2724196054096683,-0.5135017926785501,-0.5711146390141142,8.3,-0.5,-0.6999999999999993,18.43,-0.9699999999999988,-13.700000000000005,5.98,-0.6699999999999999,-1.97,-0.40844,-0.08407,-0.33535,1.9,-0.04,0.0756206153284483,1.3638605418532987,0.7941633635781106,1.977328583126658,-0.5420813046411347,0.4214937828546555,0.0525523244598764,-0.0130417979466734,2012-03-29,-0.0306504656421467,-0.0542895742241084,2012-05-30,0.0661944605195472,-0.0605101032021605,2012-08-28,0.0638725458676268,-0.0605101032021605,2013-03-04,0.0,0.0,False,True,False,False,False,False,False,1,False,neutral,1.5193863154695814e-13,0.999999999999848,1.7597557873485014e-285,0.03824454518175591,-0.013041797946673483,2012-04-30,-0.0018633723422496029,0.002742375340554067,0.0,0.0,0.0,0.0,0.49999999999999994,0.8660254037844387
2012-03-30,59.83098220825195,39480900.0,-0.0019210892956209,0.0422778084534218,0.2085138315416492,0.2606460601547851,0.1875707054848565,0.11659401212722,0.1037384280635533,56.58488822937012,55.29822111863356,51.083066902160645,50.93781732438921,0.1712488273823924,-0.0096762251760543,78.93000030517578,0.0019040559558669,-0.0192594804560762,0.0404692811774813,103.03,-0.0526848105921294,0.033607544141252,-0.0297579809774931,1669.300048828125,-0.0300969888400455,0.084031445134433,0.1601223299081422,14805.349609375,0.118036267445029,0.0499361513624425,16068.805,22.05,0.0,1.5300000000000011,-0.8499999999999979,100.263,-14.584999999999994,0.9213721623589932,0.9213721623589932,0.0854888282058587,0.0028144843023368,1.4340222973193542,0.8071156449494151,0.33,0.03,0.0499999999999999,-0.47,2.23,0.2000000000000001,0.32,-1.2400000000000002,3.35,0.2000000000000001,0.4500000000000002,-1.1599999999999997,1.9,3.02,0.27,-0.77,2.898178442347388,0.2137446124946151,-0.5532537722343411,-0.8568175883606921,8.3,-0.2999999999999989,-0.6999999999999993,15.5,-1.7600000000000016,-7.149999999999999,5.95,0.0099999999999997,-1.41,-0.43649,-0.0280499999999999,-0.32076,2.16,0.2700000000000002,0.1281257478458656,1.5886021290196124,1.0332370347798627,2.1570076661980844,-0.5922560627798971,0.4215543769874612,-0.0100670522616422,-0.0417468820637766,2012-05-01,-0.0480019137568681,-0.105699362542226,2012-06-29,0.0203343043022614,-0.105699362542226,2012-09-28,0.0262924792530228,-0.105699362542226,2013-04-04,1.0,0.0,False,True,False,False,False,False,False,1,False,neutral,1.0462698416949287e-10,0.9999999998953726,1.2425372984087818e-275,-0.08127314052819457,-0.09977803965269039,2012-05-31,-0.032420428716987824,-0.0812731546966149,0.0,1.0,1.0,0.0,0.8660254037844386,0.5000000000000001
2012-04-30,59.13127136230469,37787700.0,-0.0071381941683098,-0.0135934137863054,0.1062588602575733,0.1406841879231137,0.1409033158007619,0.1826059966149973,0.1375330043332596,58.42852897644043,57.60022688645583,52.01814008712768,51.76904805501302,0.1367432834634778,-0.0218312581068873,78.79000091552734,-0.0049254785065079,-0.0046741122974345,0.0803510295602683,104.89,0.0204300029185717,0.0621772151898734,-0.0749625187406296,1663.4000244140625,0.0067788848645369,-0.0390525566643197,0.0690231519370581,14689.5400390625,0.0610425256020314,0.0134015874105573,16068.805,21.78,-0.2699999999999996,0.5700000000000003,-1.3599999999999994,100.263,-14.584999999999994,0.9141650570196416,0.9141650570196416,0.0402719821944224,-0.0300638048725722,1.338675584037956,0.6485036682068929,0.27,-0.06,0.05,-0.3399999999999999,1.95,-0.2300000000000002,0.0799999999999998,-1.37,3.12,-0.1499999999999999,0.1299999999999999,-1.2800000000000002,1.68,2.85,0.0299999999999998,-1.03,2.5828752813320977,0.2093470387029228,-0.4791915570872884,-1.2297464114865877,8.2,-0.3000000000000007,-0.8000000000000007,17.15,1.6699999999999982,-2.25,6.04,0.0200000000000004,-0.6100000000000003,-0.3795,0.05908,-0.05513,1.85,0.03,0.1355103503025384,0.3971958619591274,0.2414553129195268,1.6419609320086177,-0.0874456164580096,0.4222559781696019,-0.0663572095260484,-0.0891255531611439,2012-05-30,-0.0268279122745583,-0.0951169441170801,2012-07-30,-0.0160728003804679,-0.0951169441170801,2012-10-26,0.0816859244632637,-0.0951169441170801,2013-05-02,0.0,0.0,False,True,False,False,False,False,False,1,False,neutral,1.105454012221605e-15,0.9999999999999992,2.8827953158975847e-267,-0.0661634144270774,-0.09511694411708016,2012-06-28,-0.07438613273493397,-0.07980517442376063,0.0,1.0,0.0,1.0,1.0,6.123233995736766e-17
2012-05-31,54.96833038330078,55260100.0,-0.0043319273611519,-0.0719302134848959,-0.0424313823424317,0.1475404196191132,0.0975512001023697,0.1721928304437732,0.1612766787524245,57.943317565917965,57.92009330162635,52.76302556991577,52.44184427003603,0.0417964055238413,-0.0906959830856134,83.04000091552734,0.0530053293535872,0.0540746661873519,0.1119443033769265,86.52,-0.1850805312235095,-0.2044869437293123,-0.1373878364905284,1562.5999755859375,-0.0596377074670126,-0.0920922678800455,0.0130964411645082,13740.240234375,-0.0519611324444097,-0.0253461837955247,16207.115,20.94,0.0,-1.1099999999999994,-1.16,100.263,-14.584999999999994,0.8477906298792228,0.8477906298792228,-0.054163814033999,-0.0583655154026562,0.4028815032163598,0.1218268366060487,0.27,0.0,-0.0299999999999999,-0.1699999999999999,1.59,-0.3899999999999999,-0.4399999999999997,-1.37,2.67,-0.4900000000000002,-0.48,-1.4800000000000004,1.32,2.4,-0.4099999999999997,-1.2,2.2731633741348567,0.1660788350006825,-0.7356029638506456,-1.2491047565291955,8.2,-0.1000000000000014,-0.6000000000000014,24.06,7.459999999999997,6.799999999999997,6.96,1.0,1.0199999999999996,-0.2625,0.1169999999999999,0.14594,1.52,-0.4299999999999999,1.3767325945571212,-1.293654400270486,-2.6670069523493822,-0.145129770983577,0.8400013526267557,0.4225180928430757,0.0362144922925784,-0.0265870337437119,2012-06-29,0.1046925740848925,-0.0265870337437119,2012-08-29,0.0657316522894639,-0.0265870337437119,2012-11-30,0.1916836379701392,-0.0265870337437119,2013-06-04,0.0,1.0,True,True,False,False,False,True,False,3,True,neutral,1.6459283365398005e-59,1.0,1.009016243380634e-309,0.04655078295621706,-0.026587033743711963,2012-07-31,-0.012761753989592228,-0.005289221870188802,0.0,0.0,0.0,0.0,0.8660254037844387,-0.4999999999999998
2012-06-29,56.958980560302734,44761300.0,0.0315115767774309,0.0362144922925784,-0.0480019137568681,0.1505028548260047,0.1355492359023093,0.2376988823192692,0.1994105130842162,56.27190055847168,56.97563018798828,53.66386898040771,52.99835981764235,0.0614027956332787,-0.0577659997734567,81.6500015258789,-0.0167389134672869,0.0344609300669769,0.0989232593840008,85.04,-0.0171058714748033,-0.1746093370862854,-0.1076600209863587,1603.5,0.0261743408761581,-0.03941774810006,0.0673633414648533,14258.26953125,-0.0369515136460255,0.0167737924230912,16207.115,20.55,-0.3900000000000005,-1.5,-1.5500000000000007,100.263,-14.584999999999994,0.8797537088649029,0.8797537088649029,-0.0416184534940902,-0.0216131335828325,0.8411818678587137,-0.2071404956418703,0.33,0.06,0.0,-0.12,1.67,0.0799999999999998,-0.56,-1.5100000000000002,2.76,0.0899999999999998,-0.5900000000000003,-1.62,1.34,2.43,-0.56,-1.39,1.7379429374660749,-0.2068180132381081,-1.1602355048813129,-1.713489277115654,8.2,-0.1000000000000014,-0.4000000000000003,17.08,-6.98,1.5799999999999983,6.36,-0.5999999999999996,0.4100000000000001,-0.2765,-0.014,0.1599899999999999,1.58,-0.5800000000000001,0.294667147198055,-1.3397944196515277,-0.939620453400601,0.2791676636269571,0.5653612312651359,0.4221287195123123,0.0099750493170289,-0.0269638826222896,2012-07-31,0.0717818859582002,-0.0269638826222896,2012-09-28,0.0562181649410589,-0.0304412396514606,2013-01-02,0.1383447895734206,-0.0304412396514606,2013-07-03,0.0,1.0,False,True,False,False,False,False,False,1,False,neutral,8.822671399693933e-33,1.0,4.267495058800586e-274,0.06608485241391415,-0.02696388262228966,2012-08-29,-0.020729460055969096,-0.016815746057939784,0.0,0.0,1.0,0.0,0.49999999999999994,-0.8660254037844387
2012-07-31,57.52714920043945,34588300.0,-0.0003085173527089,0.0099750493170289,-0.0287278382846084,0.0748257908635086,0.13336720318567,0.1659376564316256,0.1948749460685475,55.9674568939209,56.2154545710637,54.54990686416626,53.93073683386451,0.0545783211635313,-0.0483671691530154,82.63999938964844,0.0121248970639118,0.0479330300537772,0.1128467144135656,88.08,0.0357478833490121,-0.1703871150042385,-0.0726468730259002,1610.5,0.0043654505768631,-0.030811790742226,-0.0052501544163063,14370.2099609375,-0.0264151095694407,0.0529778615606741,16207.115,21.0,0.4499999999999993,0.0599999999999987,0.9499999999999992,100.263,-14.584999999999994,0.8866605784519639,0.8866605784519639,-0.0318955686526278,0.0094517884924787,0.9321509530674528,0.0195123660065457,0.23,-0.1,-0.04,-0.15,1.51,-0.1599999999999999,-0.47,-1.26,2.56,-0.1999999999999997,-0.6000000000000001,-1.5100000000000002,1.28,2.33,-0.4299999999999999,-1.11,1.653870448297634,-0.0826363171310684,-0.9290048330344636,-1.408196390121752,8.2,0.0,-0.3000000000000007,18.93,1.8500000000000012,2.3299999999999983,6.16,-0.2000000000000001,0.2000000000000001,-0.36836,-0.09186,0.0111399999999999,1.4,-0.49,0.2301811331734679,-1.0324871879121964,-0.8130911178692075,0.5065772515624197,0.3219590416159978,0.4214434788369165,0.0555556329186823,-0.006481526978368,2012-08-29,0.0051728744276426,-0.006481526978368,2012-10-31,0.0529452241874004,-0.0400171162602681,2013-02-01,0.2044009186230309,-0.0400171162602681,2013-08-02,0.0,0.0,False,True,False,False,False,False,False,1,False,neutral,8.772832658041573e-31,1.0,1.6712370133109747e-294,0.06119639953775735,-0.006481526978368013,2012-09-28,0.010215752277609158,0.01964999845678983,0.0,0.0,0.0,1.0,1.2246467991473532e-16,-1.0
2012-08-31,60.510040283203125,42128000.0,0.0066457358448035,0.0587139674128474,0.1223371956499375,0.0659289861549834,0.2613987433362899,0.1004119986733403,0.1654333452915622,57.99819145202637,57.38811616163987,55.57687879562378,55.10157121194376,0.0887628379729701,-0.0039456385388195,81.25,-0.0249610198649908,-0.0157480678824776,0.0908968359013395,96.47,0.1060536574180233,0.149136390708755,0.0847857865737096,1684.5999755859375,0.0612321719018198,0.0449075962081728,-0.077437034180757,14680.580078125,0.0978958737706845,0.1573792220562495,16319.541,21.41,0.0,0.8599999999999994,1.7100000000000009,100.263,-14.584999999999994,0.8995706483488108,0.8995706483488108,0.074528093254181,0.0889501552070159,1.0960724435021214,0.2815690693322633,0.22,-0.0199999999999999,-0.03,0.03,1.57,0.06,0.04,-0.5799999999999998,2.68,0.1300000000000003,0.1200000000000001,-0.8299999999999996,1.35,2.46,0.07,-0.6099999999999999,1.4175114798464783,0.0288809928060018,-0.8556518942883784,-1.591254858139024,8.2,0.0,-0.1000000000000014,17.47,-0.1000000000000014,-8.650000000000002,5.98,-0.1499999999999994,-1.1899999999999995,-0.46244,-0.09408,-0.21881,1.48,0.03,0.1765635117095098,0.916574522981009,0.2074679868681755,1.5966469661434195,-0.7960216723924863,0.4208935651502778,0.0103552161017312,-0.0020544252476178,2012-10-02,-0.0343727887883404,-0.0873402442917642,2012-12-04,0.0162785525266631,-0.0873402442917642,2013-03-07,0.1430948666855289,-0.0873402442917642,2013-09-05,0.0,0.0,False,True,False,False,False,False,False,1,False,neutral,1.019474971714197e-16,1.0,1.8480897452707226e-295,-0.04114095621681135,-0.044377930525274056,2012-11-02,0.0019789887295345253,-0.037511585088979685,0.0,0.0,0.0,0.0,-0.4999999999999997,-0.8660254037844388
2012-09-28,61.04760360717773,30112600.0,-0.0082443946092464,0.0053438837737789,0.0717818859582002,0.0203343043022614,0.2862804207594194,0.1437903967476872,0.1365209349199435,59.940483016967775,59.17964600783128,56.760279960632325,56.0256104855924,0.0755338706842003,-0.0232166412876848,79.94000244140625,-0.0197424960159686,-0.0209430379977478,0.0259240800812288,92.18,-0.0347643979057591,0.0839604891815615,0.1259313545865397,1771.0999755859375,0.0670562257401992,0.1045213443005534,0.0963169146307258,15044.1396484375,0.0551167948863009,0.2387054718072105,16319.541,21.78,0.370000000000001,1.2300000000000004,2.080000000000002,100.263,-14.584999999999994,0.921848209360637,0.921848209360637,0.0420945004957341,0.1456916286606546,1.4056916607902066,0.5530456755614518,0.23,-0.04,-0.1,-0.04,1.65,-0.01,-0.02,-0.3400000000000001,2.82,0.0499999999999998,0.06,-0.2099999999999999,1.42,2.59,0.08,-0.3,1.6859349154821237,0.580952797585188,-0.0520080219839513,-1.2122435268652645,8.1,-0.0999999999999996,-0.200000000000001,15.73,-1.3299999999999983,-1.349999999999998,5.72,-0.1200000000000001,-0.6400000000000006,-0.5292,-0.0841,-0.2527,1.55,-0.03,0.0202063905486078,0.2895852986894695,0.2745347746331994,1.4439801325214296,0.0663767471592255,0.4209424976081001,-0.0527927960691516,-0.0527927960691516,2012-10-31,-0.0145213510519698,-0.0953767990940347,2013-01-02,0.0058394341204039,-0.0953767990940347,2013-04-04,0.1779896387380499,-0.0953767990940347,2013-10-02,0.0,0.0,False,True,False,False,False,False,False,1,False,neutral,4.7874240515726164e-17,1.0,7.772770686551393e-283,-0.0403965741236646,-0.09537679909403463,2012-11-30,-0.04911757058544861,-0.08100379278900796,0.0,1.0,1.0,0.0,-0.8660254037844385,-0.5000000000000004
2012-10-31,57.8247299194336,38524500.0,-0.0061211931864935,-0.0527927960691516,0.0051728744276426,-0.0237035693569896,0.1137770114734768,0.1359725540764732,0.1287497997171867,60.58958076477051,60.19549325796274,57.79569831848144,57.00668625359063,0.0005023142170923,-0.0747837659479251,79.91999816894531,-0.0002502410789341,-0.0329138581896436,0.0643228401466502,86.23,-0.0645476242134953,-0.0210036330608537,-0.0759751393056149,1717.5,-0.0302636645727494,0.0664389941012109,-0.0164356614215998,14773.0595703125,0.0280336620320833,0.0927926645210455,16319.541,21.58,-0.2000000000000028,0.5799999999999983,1.4199999999999982,100.263,-14.584999999999994,0.9052374432781228,0.9052374432781228,0.0185768648261589,0.0412991544830746,1.0453738297006048,0.33550864902981,0.3,0.0699999999999999,0.0699999999999999,0.0199999999999999,1.72,0.07,0.2099999999999999,-0.6199999999999999,2.85,0.0300000000000002,0.29,-0.5099999999999998,1.42,2.5500000000000003,0.1399999999999999,-0.6399999999999997,1.9497168982819613,0.4771266277542318,0.2958464499843272,-0.6331583830501364,7.8,-0.3999999999999994,-0.3999999999999994,18.6,2.870000000000001,-0.3299999999999983,5.63,-0.0899999999999998,-0.5300000000000002,-0.55111,-0.0219099999999999,-0.1827499999999999,1.61,0.2100000000000002,0.344198357524525,-0.5646943554584996,-0.8803657588645399,1.1713190838428835,0.5703916545340549,0.4213607000121445,0.0130871280265221,-0.0449574315399653,2012-11-30,0.0475265011373886,-0.0449574315399653,2013-02-01,0.1191617377183327,-0.0449574315399653,2013-05-03,0.2926729894950697,-0.0449574315399653,2013-10-31,0.0,0.0,False,True,False,False,False,False,False,1,False,neutral,6.440160845509127e-32,1.0,3.824781403693057e-257,0.04040451218947405,-0.04495743153996545,2013-01-02,-0.03707443909339818,-0.029783342654894032,0.0,0.0,0.0,1.0,-1.0,-1.8369701987210297e-16
2012-11-30,58.58148956298828,33497400.0,-0.0016691087336415,0.0130871280265221,-0.0352685649468614,0.0657316522894639,0.2229701474696221,0.1713803753242814,0.1504533286548403,59.00224647521973,59.502621049147386,58.13742681503296,57.71337058952263,0.0076381562150682,-0.0626753426406689,80.1500015258789,0.0028779199474877,-0.0171674000427732,0.0145569813402393,88.54,0.0267888205960802,-0.0728795811518323,-0.112736747169055,1710.9000244140625,-0.0038427805449418,0.0307868261734391,-0.0014590871742603,14848.0400390625,0.0085243442821019,0.1829976263630788,16420.419,20.9,-0.6799999999999997,-0.5100000000000016,0.5499999999999972,100.263,-14.584999999999994,0.9042424580677568,0.9042424580677568,0.0021006613675617,0.1119816955519755,0.9862750388699356,-0.3155848480808934,0.25,-0.0499999999999999,-0.02,-0.02,1.62,-0.0999999999999998,-0.0399999999999998,-0.3799999999999999,2.81,-0.04,0.04,-0.1499999999999999,1.37,2.56,-0.0199999999999997,-0.3599999999999999,2.1556780595369363,0.2696794580438588,0.738166579690458,-0.1174853145979204,7.8,-0.3999999999999994,-0.3999999999999994,15.87,-2.730000000000002,-1.1899999999999995,5.65,0.0200000000000004,-0.1899999999999995,-0.55695,-0.0058399999999999,-0.1118499999999999,1.54,0.0,0.0041508667471882,-1.0460931484822211,-0.651107139223633,1.207359352687695,0.8415658158590951,0.4217419985406175,0.0269644963470871,-0.0253003460489714,2013-01-02,0.0495827707698732,-0.0253003460489714,2013-03-05,0.1181835834659674,-0.0253003460489714,2013-06-04,0.3174333483581786,-0.0253003460489714,2013-12-02,0.0,0.0,False,True,False,False,False,False,False,1,False,neutral,7.052463654792667e-32,1.0,2.993239907390251e-267,0.03399448296017149,-0.025300346048971467,2013-02-01,-0.017193897212606845,-0.013807374074815434,0.0,0.0,0.0,0.0,-0.8660254037844386,0.5000000000000001
2012-12-31,58.307952880859375,57544000.0,0.0211665301778016,-0.0063306515127845,-0.0527516938985443,0.0559410969640383,0.1862246551061135,0.1466012371969733,0.1518674023354443,57.890296630859375,58.52508544921875,58.27182943344116,58.12541269182085,0.0006199127051516,-0.0670520267906342,79.7699966430664,-0.0053616000191781,0.0027654755860342,-0.0089452259884729,91.83,0.047809219534459,-0.0006529546196539,-0.0765285599356395,1674.800048828125,-0.030338063817219,-0.0578307426697208,0.0715976854987985,14995.0703125,-0.0074833597003372,0.1446085266333832,16420.419,21.24,0.3399999999999998,-0.5400000000000027,0.7199999999999989,114.854,0.0060000000000002,0.9131965702275928,0.9131965702275928,-0.0125727196570002,0.0862557689465064,1.0903061913444585,-0.023242878850912,0.25,0.0,0.0,-0.03,1.78,0.1599999999999999,0.1200000000000001,-0.1499999999999999,2.95,0.1600000000000001,0.1200000000000001,0.04,1.53,2.7,0.1200000000000001,-0.1199999999999998,1.7960197033926262,-0.1679344494426637,0.1100847879105026,0.0580767659265513,7.7,-0.3999999999999994,-0.4999999999999991,18.02,2.959999999999999,3.18,5.34,-0.2400000000000002,-0.3900000000000005,-0.60124,-0.0499399999999999,-0.08511,1.73,0.1599999999999999,0.1941154969107821,-1.212669390684454,-0.7179373739813714,1.1551437837725615,0.6857071903326692,0.4216442395132614,0.0267155945536432,0.0213418575499768,2013-01-31,0.0527918728590233,0.0181176022631219,2013-04-03,0.1075312657833651,0.0181176022631219,2013-07-02,0.3663416874494605,0.0181176022631219,2013-12-31,0.0,0.0,False,True,False,False,False,False,False,1,False,neutral,2.1502627933743117e-30,1.0,5.99648932752803e-248,0.03915269007424227,0.01811760226312198,2013-03-04,0.02284652746338258,0.02173424454871463,0.0,0.0,1.0,0.0,-0.5000000000000004,0.8660254037844384
2013-01-31,59.865684509277344,34870500.0,-0.0022382743321337,0.0267155945536432,0.0289582877784964,0.0403299266273611,0.1199986468748803,0.1340884863463289,0.1499061524189036,58.871820220947264,58.456236912654,58.31248201370239,58.43377654616897,0.0266358495117731,-0.0421277669987296,79.20999908447266,-0.0070201527160578,-0.0107406096369343,0.0006315742805758,97.65,0.0633779810519439,0.1375815470643058,-0.011139240506329,1660.5999755859375,-0.0084786677980595,-0.0293997592555715,-0.040670146975195,15824.2099609375,0.0725216736668976,0.1430010509492789,16420.419,21.9,0.6600000000000001,0.3200000000000003,0.6899999999999977,114.854,14.590999999999994,0.9636909972234872,0.9636909972234872,0.0596085870051177,0.0897979223982682,1.859252506306876,0.5600005282065873,0.27,0.02,-0.0299999999999999,0.05,2.02,0.24,0.24,0.1499999999999999,3.17,0.2199999999999997,0.25,0.1799999999999997,1.75,2.9,0.27,0.0999999999999998,1.7595049796895523,-0.0121081604677164,-0.1902119185924089,0.1056345313919182,7.9,0.1000000000000005,-0.2999999999999989,14.28,-3.74,-3.53,4.95,-0.3899999999999997,-0.4599999999999999,-0.6446,-0.0433599999999999,-0.0934899999999999,1.95,0.29,0.164257756204547,-0.1209554246474717,0.1478395259759474,1.6519190072718744,0.1277355232078232,0.4216080242798874,0.0121134767861454,-0.0083742687226437,2013-03-04,0.0684161461197456,-0.0083742687226437,2013-05-02,0.1508877281766956,-0.0083742687226437,2013-08-01,0.3052202099859622,-0.0083742687226437,2014-01-31,0.0,0.0,False,False,False,False,False,False,False,0,False,neutral,7.868722489398079e-20,1.0,4.685661537861567e-252,0.02539776199339472,-0.008374268722643796,2013-04-03,-0.0042768470627517095,-0.00016594346947871073,0.0,0.0,0.0,1.0,0.0,1.0
2013-02-28,60.07158660888672,28557300.0,-0.002082474137955,-0.0008938238976584,0.0386961905495,-0.0091357630222423,0.0606835874577316,0.142275271659505,0.14040366780064,59.757985000610354,59.400745333158056,58.50426128387451,58.49210636035816,0.026789934452932,-0.0388332602115916,81.9800033569336,0.030417368936664,0.0196517636948816,0.0435336800486665,92.03,-0.0572628559721368,0.0601313212763505,-0.1517190524472301,1577.699951171875,-0.0499789260193757,-0.0944208498509889,-0.1104533305766108,15993.4501953125,0.0917589771020701,0.1067932656379311,16648.189,22.05,0.1500000000000021,1.150000000000002,0.25,114.854,14.590999999999994,0.9606720704163378,0.9606720704163378,0.0685358831485222,0.0613979946138746,1.6974798333169685,0.6614162333504318,0.25,-0.0499999999999999,-0.02,-0.0499999999999999,1.89,-0.1399999999999999,0.25,-0.03,3.1,-0.08,0.31,0.06,1.64,2.85,0.27,0.02,1.684061762098299,0.1980788942180789,-0.4716162974386373,0.2665502822518206,8.0,0.2000000000000001,-0.1999999999999993,15.51,2.1999999999999997,-0.4100000000000001,4.98,0.2000000000000001,-0.6699999999999999,-0.65185,-0.00725,-0.10055,1.78,0.24,0.2356215454459555,-0.005938320931258,-0.2012582973567995,1.2997480337125444,0.1525408342868393,0.4219452850593975,0.0232274445708708,0.0041730682500977,2013-04-01,0.1043390892442857,0.0033606169803457,2013-05-30,0.1303095887665561,0.0033606169803457,2013-08-28,0.3677663483115885,0.0033606169803457,2014-02-28,0.0,1.0,False,False,False,False,False,False,False,0,False,neutral,9.56894860003823e-24,1.0,4.34970191895533e-283,0.056388842708443576,0.003360616980345732,2013-04-30,0.01351228259435242,0.013033561068901016,0.0,0.0,0.0,0.0,0.49999999999999994,0.8660254037844387
2013-03-28,61.88864517211914,23662800.0,0.002471121486405,0.0281027546553709,0.0717772765264552,-0.0032312566776416,0.0258861500848215,0.0877209033379258,0.130110539487538,60.68460067749024,60.33681740394005,59.12802585601807,58.75059442262392,0.0466888463826513,-0.0097596772779864,82.98999786376953,0.0170343065642246,0.0423259859449347,0.0514379518927674,97.24,0.0473933649289097,0.0719876529599823,-0.0918090968525263,1594.800048828125,-0.0002506910456311,-0.0391613435882787,-0.0538118962752151,16598.169921875,0.1135167552355485,0.112979144597618,16648.189,22.42,0.370000000000001,1.1800000000000033,0.370000000000001,114.854,14.590999999999994,0.9969955243705488,0.9969955243705488,0.0892184403555185,0.0689065797702813,2.13988212942156,0.9676812291573876,0.25,-0.02,-0.01,-0.1099999999999999,1.87,-0.0399999999999998,0.1,-0.3899999999999997,3.1,-0.0099999999999997,0.1600000000000001,-0.2299999999999999,1.62,2.85,0.1100000000000001,-0.2799999999999998,2.0181404902574807,0.5429926752100966,0.2221207868648544,0.3322055747753571,7.7,0.0,-0.3999999999999994,12.7,-2.030000000000001,-6.780000000000001,4.8,-0.1800000000000006,-0.4400000000000004,-0.66045,-0.0085999999999999,-0.0712599999999999,1.8,0.1200000000000001,0.0968602292956942,0.4313449072901407,0.5613245459373191,1.887562762690436,0.1981960974020739,0.4223122300891446,0.0179789033808919,-0.0260981794761588,2013-04-29,0.0351619975101913,-0.0260981794761588,2013-06-27,0.1549792751201526,-0.0260981794761588,2013-09-26,0.282185109386327,-0.0260981794761588,2014-03-28,0.0,0.0,False,False,False,False,False,False,False,0,False,neutral,6.4712060764867e-20,1.0,1.1765489031751707e-236,0.06626062786890596,-0.02609817947615889,2013-05-29,-0.015659043289471476,-0.011889328169788112,0.0,0.0,1.0,0.0,0.8660254037844386,0.5000000000000001
2013-04-30,63.45895385742188,30135800.0,0.0072636351647568,0.0324086285151197,0.0554446171156111,0.0938990185187207,0.0719035782002461,0.1709090751606318,0.1369860269748574,61.41144561767578,61.17442304171049,59.76178430557251,59.40604642919592,0.0618651132125689,0.0,81.7300033569336,-0.012087513107978,0.0272750862861916,0.0357369099474305,93.22,-0.0399588053553037,-0.0450727309977464,-0.1084544758990053,1472.199951171875,-0.0798750305175781,-0.1135063560801484,-0.1129187919805188,16864.279296875,0.0600425010881857,0.1468749142866667,16648.189,22.6,0.0,0.7000000000000028,0.8200000000000003,114.854,14.590999999999994,1.0129798080064445,1.0129798080064445,0.0441214877460115,0.0978806575290132,2.200282177630545,1.0947633105055887,0.22,-0.01,-0.0799999999999999,-0.04,1.7,-0.1600000000000001,-0.3299999999999998,-0.28,2.88,-0.2000000000000001,-0.3000000000000002,-0.25,1.48,2.66,-0.2499999999999997,-0.24,1.5187472411246183,-0.2811919102589932,-0.240757738564934,-0.4309696571573429,7.5,-0.4000000000000003,-0.2999999999999998,13.52,-0.0600000000000005,0.209999999999999,4.55,-0.3200000000000003,-0.2300000000000004,-0.70539,-0.0402799999999999,-0.06079,1.65,-0.31,0.0007032081555387,0.2336256390010344,0.9801025973714692,1.4222434631017782,0.5857466837564691,0.4224703714803702,0.0453907165593532,-0.0046664387188176,2013-05-30,0.0728120252589299,-0.0108796406503149,2013-07-30,0.1797525082679185,-0.0108796406503149,2013-10-28,0.2553409046644188,-0.0108796406503149,2014-04-30,0.0,1.0,False,False,False,False,False,False,False,0,False,neutral,4.101069322917059e-18,1.0,4.8521266853393837e-231,0.010965060980858476,-0.010879640650315103,2013-06-28,0.013998931434344941,0.0019959529905917797,0.0,0.0,0.0,1.0,1.0,6.123233995736766e-17
2013-05-31,65.72920989990234,38347600.0,-0.0091980231018403,0.0406312304638383,0.0896342347598555,0.1268083651528868,0.1805467637650319,0.0932116775372506,0.1227860026724994,63.50328857421875,62.985912205622746,60.673020343780514,60.341791599720445,0.0833350561332344,-0.0141315389350262,83.37999725341797,0.021313055815507,0.0129996322021819,0.0114021686581076,91.93,0.0131143927705532,0.0134494543049279,0.0130027548209368,1392.5999755859375,-0.0371292756891616,-0.1140658095574242,-0.1007361503676731,17212.259765625,0.0738755484575923,0.2304666212700505,16728.687,23.41,0.0,0.9899999999999984,2.469999999999999,114.854,14.590999999999994,1.028906797384935,1.028906797384935,0.066149231269185,0.1658043642483156,2.1908824946220857,1.709675584529058,0.3,0.0999999999999999,0.0499999999999999,0.0,2.16,0.5000000000000002,0.3,0.4200000000000001,3.3,0.4699999999999997,0.2399999999999997,0.4499999999999997,1.86,3.0,0.25,0.4200000000000001,1.138808047576867,-0.2087979266581219,-0.545253714521432,-1.016870011960069,7.6,-0.4000000000000003,-0.2000000000000001,16.3,1.8100000000000005,0.9400000000000012,4.62,0.1200000000000001,-0.3799999999999999,-0.69214,0.0132499999999999,-0.03983,2.12,0.3700000000000001,0.5099585289105847,0.677170944520459,0.997276336447516,1.79265251693486,-0.3339738434193259,0.4225236003965119,-0.0179270292396316,-0.0450433933559049,2013-07-01,0.0402770247534056,-0.0450433933559049,2013-08-29,0.170598121310108,-0.0450433933559049,2013-11-27,0.2650990527388672,-0.0450433933559049,2014-06-02,0.0,0.0,False,False,False,False,False,False,False,0,False,neutral,1.0363110337634093e-13,0.999999999999896,8.654146750548742e-216,0.037674781454626105,-0.045043393355904904,2013-07-31,-0.03565953153584818,-0.029401456957552474,0.0,0.0,0.0,0.0,0.8660254037844387,-0.4999999999999998
2013-06-28,64.15478515625,28301100.0,0.0014050092067521,-0.0329308984986954,0.0437290520839526,0.1127467651340856,0.1558785964691864,0.1592414203515074,0.1440331883255607,64.73945190429687,64.03767166137695,61.09332830429077,61.02604701067951,0.0501111485809198,-0.0377462408529548,83.16999816894531,0.0019274307745742,0.005318443057634,0.0097122179881981,96.36,0.0298172491183073,-0.007621009268795,0.2145197882530878,1223.800048828125,-0.1329790656548883,-0.2351249694824219,-0.2224904391180908,16992.08984375,0.02938375055167,0.2305457728175968,16728.687,22.93,-0.4800000000000004,0.3299999999999983,2.379999999999999,114.854,14.590999999999994,1.0157455778657345,1.0157455778657345,0.0242232698687502,0.163738291058366,1.8728685695182443,1.2212603429629294,0.36,0.0499999999999999,0.1299999999999999,0.0499999999999999,2.52,0.3900000000000001,0.6599999999999999,0.8600000000000001,3.52,0.2400000000000002,0.4399999999999999,0.81,2.16,3.16,0.53,0.8100000000000003,1.3903888279197083,0.0414155489501633,-0.6277516623377721,-0.4056308754729176,7.5,-0.2000000000000001,-0.2000000000000001,16.86,2.33,3.28,5.16,0.6200000000000001,0.29,-0.63125,0.07694,0.03386,2.48,0.7,0.5640475237864776,0.0436457987080754,-0.5589840817951768,1.504077555087964,-0.416459727659243,0.4228424502167621,0.0611761639102208,0.0061740566181338,2013-07-30,0.1127743760893225,0.0061740566181338,2013-09-27,0.2356065528697226,0.0061740566181338,2013-12-27,0.3379542332310923,0.0061740566181338,2014-06-30,0.0,1.0,False,True,False,False,False,False,True,2,True,neutral,1.401432523746994e-25,1.0,1.8373249226255545e-200,0.05836985021577146,0.006174056618133861,2013-08-28,0.01223563711574025,0.022824412516353032,0.0,0.0,1.0,0.0,0.49999999999999994,-0.8660254037844387
2013-07-31,68.2055435180664,25007600.0,0.0018509926798546,0.0566167813896845,0.0798367846464218,0.1367594200005277,0.1843441422383505,0.0949740429829323,0.1200725789752863,65.89306953430176,65.73514914879432,61.69207864761353,61.66652488708496,0.1055802464957929,0.0,81.44999694824219,-0.0184382543600314,-0.0023273204657855,-0.0152339759421785,105.1,0.073105983255054,0.1582543530967599,0.1660934206146678,1312.4000244140625,0.0449876573785081,-0.0925810826892773,-0.1888250172384042,17890.390625,0.0724959379855054,0.2374795588597773,16728.687,23.49,0.0,0.0799999999999983,2.4899999999999984,114.854,14.590999999999994,1.0694438018357326,1.0694438018357326,0.0674681468185411,0.1774207541071578,2.435543420366359,1.6386028598838838,0.31,-0.03,0.1099999999999999,0.06,2.6,0.1,0.9400000000000002,1.02,3.64,0.1600000000000001,0.81,1.0100000000000002,2.29,3.33,0.8300000000000001,0.96,1.7157935271568725,0.2380408205508555,0.1970462860322541,-0.0437114525326798,7.5,0.0,-0.4000000000000003,13.45,-2.9200000000000017,-1.040000000000001,4.71,-0.4599999999999999,0.2099999999999999,-0.66225,-0.031,0.0431399999999999,2.56,0.96,0.2215323009326378,0.4800927722648079,0.3867401926020988,2.479882565814784,-0.5656447641512029,0.4231619486180464,0.0025077638440162,-0.0083148048448757,2013-08-29,0.0995041632190834,-0.0083148048448757,2013-10-29,0.1486784378730843,-0.0083148048448757,2014-01-30,0.2733671766051215,-0.0083148048448757,2014-07-31,0.0,1.0,False,False,False,False,False,False,True,1,False,neutral,3.574026406575058e-18,1.0,1.2593367809007391e-182,0.04417127515859631,-0.00831480484487579,2013-09-30,-0.005358330358819741,-0.0037392304928055196,0.0,0.0,0.0,1.0,1.2246467991473532e-16,-1.0
2013-08-30,67.9355239868164,26228500.0,-0.0064504963928725,-0.0139793335790141,0.0317359990897447,0.1212172456352906,0.1187755046142786,0.1199132575518983,0.1292663395818284,67.23427406311035,66.77747409527119,62.8212560081482,62.37575436497594,0.0814098332896251,-0.021141258834737,82.08999633789062,-0.0030361915365419,-0.0071359937724652,0.0088483908935204,107.98,0.0004632632261651,0.1559790172358421,0.1212876427829698,1396.0999755859375,0.064912262079281,-0.0110504895696763,-0.1622562402724647,17352.080078125,0.0034437288049447,0.1799769045403383,16953.838,23.36,0.0,0.4299999999999997,1.9499999999999995,114.854,14.590999999999994,1.0234897890451118,1.0234897890451118,-0.0102153246242993,0.1223957919965734,1.6621832521823103,1.4480487079825477,0.39,0.04,0.09,0.12,2.78,0.0399999999999995,0.6499999999999999,1.14,3.7,-0.0699999999999998,0.4300000000000001,0.9500000000000002,2.39,3.31,0.5599999999999998,1.0199999999999998,1.885471805415806,0.1957452300544337,0.746663757838939,0.201410043317507,7.3,-0.2999999999999998,-0.7000000000000002,17.01,4.070000000000002,0.7300000000000004,4.76,0.1299999999999999,0.0,-0.66615,-0.0039,0.0259899999999999,2.75,0.6699999999999999,0.2440605181250106,-0.2207902481122131,0.3210486625648394,2.0710528579994567,0.3212765126305933,0.4242012656396598,0.0589533654259193,0.0056977161406466,2013-10-01,0.1393589381483069,0.0056977161406466,2013-11-29,0.2157313566426655,0.0056977161406466,2014-03-04,0.3463731877730729,0.0056977161406466,2014-09-02,0.0,1.0,False,False,False,False,False,False,True,1,False,neutral,2.880692621626882e-15,0.9999999999999972,1.3291930461424077e-153,0.10281089950019351,0.005697716140646625,2013-10-30,0.018179145359424397,0.02282408143099067,0.0,0.0,0.0,0.0,-0.4999999999999997,-0.8660254037844388
2013-09-30,71.21826934814453,28031900.0,-0.0024027476583816,0.0415592904286599,0.1032888919776384,0.1495819540657164,0.1729313775683456,0.0850373396964855,0.1022166341159538,69.17716125488282,68.51892594557542,64.10863943099976,63.45070027875471,0.1108997161731513,-0.0048192282987337,80.22000122070312,-0.0211103818421334,-0.0332610511517875,0.0041307026358226,102.36,-0.0566768039811999,0.0451296712272819,0.1383451957295374,1326.5,-0.0611508407680104,0.0562146462405523,-0.2422597860736222,17982.4296875,0.0510957671465988,0.2018307972565061,16953.838,23.44,0.0800000000000018,-0.0499999999999971,1.66,114.854,14.590999999999994,1.0606701377882697,1.0606701377882697,0.0379796223132655,0.1438226435212738,2.029440397706473,1.441501962464162,0.33,-0.06,-0.01,0.07,2.64,-0.1099999999999998,0.1400000000000001,1.0000000000000002,3.69,-0.0100000000000002,0.2099999999999999,0.8999999999999999,2.31,3.36,0.1499999999999999,0.9300000000000002,1.538809488600279,0.2387290682696274,0.1484206606805704,-0.4793310016572016,7.2,-0.2999999999999998,-0.5,16.6,-0.2099999999999973,0.2300000000000004,4.83,0.0700000000000002,-0.3399999999999998,-0.67847,-0.00853,-0.04722,2.62,0.1600000000000001,0.0003793589432195,0.7726298090329932,1.2412109945526344,2.005816517367054,0.1521831460069927,0.4253920527020882,0.0529921569160984,-0.0240869545003005,2013-10-29,0.1114046150924061,-0.0240869545003005,2013-12-30,0.1418659432885032,-0.0240869545003005,2014-04-01,0.2709017227188686,-0.0240869545003005,2014-09-30,0.0,1.0,False,False,False,False,False,False,False,0,False,neutral,1.7649759503593215e-09,0.9999999982350244,5.133222793061532e-146,0.08037572842294916,-0.024086954500300517,2013-11-27,-0.010471507396953817,-0.002662223232072103,0.0,0.0,1.0,0.0,-0.8660254037844385,-0.5000000000000004
2013-10-31,74.74846649169922,31309900.0,-0.0022900392559246,0.0394226975444838,0.0788432692589331,0.1550367975682223,0.2926729894950697,0.1468045421559042,0.1196627447941396,71.24337631225586,70.65686880258413,65.69448417663574,65.03606557416487,0.1378195205965788,-0.0032511688418445,80.19999694824219,0.0040060053308341,-0.0208766528801684,0.0035034883097091,96.29,-0.0754680748919827,-0.0995885543295305,0.1166647338513278,1323.5999755859375,0.0022716947262315,0.0099191211980513,-0.2293449923808224,18711.919921875,0.0307076663088068,0.2666245494249488,16953.838,23.83,0.0,0.4699999999999988,2.25,114.854,14.590999999999994,1.1036981668619814,1.1036981668619814,0.0184701717942872,0.1984607235838585,2.369186993190389,1.663957052446386,0.31,0.0,0.01,0.01,2.57,-0.06,-0.06,0.8499999999999999,3.63,-0.0700000000000002,-0.06,0.7799999999999998,2.26,3.32,-0.0700000000000002,0.8399999999999999,1.0947341081747997,0.03769446919335,-0.6210594189820728,-0.4240131329498187,7.2,-0.2999999999999998,-0.2999999999999998,13.75,-2.8500000000000014,1.7699999999999996,4.36,-0.4199999999999999,-0.3799999999999999,-0.72776,-0.0492899999999999,-0.05735,2.53,-0.06,0.0748305594412608,0.4539633025331663,1.2180094820582474,1.777697358195182,0.1620403150741964,0.4263811284588581,0.0324921910651885,-0.0163056009274268,2013-12-02,0.0213527403254996,-0.0163056009274268,2014-02-03,0.0725720854783258,-0.0163056009274268,2014-05-05,0.2428708097051155,-0.0163056009274268,2014-10-31,0.0,0.0,False,False,False,False,False,False,False,0,False,neutral,4.846471729261355e-12,0.9999999999951537,7.931251520274385e-154,0.057461695826181325,-0.016305600927426833,2014-01-02,-0.005604162968843562,-0.0024691506715722854,0.0,0.0,0.0,1.0,-1.0,-1.8369701987210297e-16
2013-11-29,77.40294647216797,16708900.0,0.0059844287648416,0.0331408028925697,0.1393589381483069,0.175517632372274,0.3190813875621072,0.1131564477836599,0.1155708261976121,73.58234420776367,72.70798093355619,67.19629968643189,66.50654107171135,0.1518929886521263,0.0,80.68000030517578,0.0116614458329251,-0.0171762223853825,0.0059850794912543,92.55,-0.0440037186241091,-0.1428968327468049,0.0560246462802374,1250.5999755859375,-0.0729429387798832,-0.1042188973171024,-0.2759379278945514,19201.9609375,0.1066085939579695,0.293964949876548,17192.019,24.64,0.8100000000000023,1.2800000000000011,3.740000000000002,114.854,14.590999999999994,1.1169113376096198,1.1169113376096198,0.093421548564508,0.2131810562561111,2.309216611595826,2.1662991194924635,0.28,-0.0499999999999999,-0.1099999999999999,0.03,2.75,0.2000000000000001,-0.0299999999999998,1.13,3.82,0.1899999999999999,0.1199999999999996,1.0299999999999998,2.47,3.54,0.08,1.0999999999999996,0.8767991434911471,0.0535231048539142,-1.0086726619246589,-0.2620089040857198,7.2,-0.0999999999999996,-0.3999999999999994,13.7,0.0499999999999989,-3.3100000000000023,4.23,-0.1999999999999993,-0.5299999999999994,-0.77104,-0.0432799999999999,-0.1048899999999999,2.69,-0.06,0.1955467079949837,1.4011897799016426,2.2160015693084167,2.062980984676431,-0.168464659205535,0.426906462876134,0.0292707236875502,-0.0102648905770609,2013-12-31,0.0670310434554362,-0.0136738384516506,2014-03-04,0.0738287329211317,-0.0136738384516506,2014-06-03,0.2406107068266387,-0.0136738384516506,2014-12-01,0.0,0.0,False,False,False,False,False,False,False,0,False,neutral,2.0319061055241146e-12,0.9999999999979678,6.0544706570651745e-151,0.00949517902717889,-0.010264890577060926,2014-01-31,-0.007442141771424771,-0.0060142223103632425,0.0,0.0,0.0,0.0,-0.8660254037844386,0.5000000000000001
2013-12-31,79.66858673095703,24890500.0,0.0065225320328816,0.0292707236875502,0.1074225146223637,0.2336822712476987,0.3663416874494605,0.0918040015397539,0.1173273427584746,76.26592346191406,75.1920622605544,68.99193771362305,68.17983070579734,0.1547521256998378,0.0,80.04000091552734,-0.007932565533312,-0.000749033205202,0.0033847848041046,98.17,0.0607239330091842,-0.038397492408659,0.069040618534248,1201.9000244140625,-0.0389412698885252,-0.0653965595536061,-0.2823620794284999,19706.029296875,0.0859356753281166,0.31416718202701,17192.019,24.86,0.2199999999999988,1.0300000000000011,3.620000000000001,114.854,0.0,1.1462312423500114,1.1462312423500114,0.0758783320679856,0.2330346721224186,2.424217658016788,2.139595077254183,0.38,0.0999999999999999,0.0499999999999999,0.13,3.04,0.29,0.3799999999999999,1.26,3.96,0.1400000000000001,0.2399999999999997,1.0099999999999998,2.66,3.58,0.33,1.13,1.2328701961954458,0.184448942735238,-0.3059392924048332,-0.1575186317242627,6.9,-0.2999999999999998,-0.5999999999999996,13.72,0.0200000000000013,-1.8199999999999985,4.0,-0.2300000000000004,-0.7800000000000002,-0.7803,-0.00926,-0.1018299999999999,2.97,0.33,0.1880938734459049,0.9658379705259328,1.3727546342138623,2.501263887391335,-0.2194086287062341,0.4271838463388624,-0.0192131615184019,-0.0344476098752375,2014-01-31,0.0233819665187462,-0.0417232912108332,2014-04-02,0.091067972340632,-0.0417232912108332,2014-07-02,0.1918146358458048,-0.0417232912108332,2014-12-31,0.0,0.0,False,False,False,False,False,False,False,0,False,neutral,1.167715042476924e-11,0.9999999999883232,1.2859800781542765e-119,0.03668647995019492,-0.04172329121083329,2014-03-04,-0.024647604684820544,-0.029078784304753708,0.0,0.0,1.0,0.0,-0.5000000000000004,0.8660254037844384
2014-01-31,78.13790130615234,45187000.0,-0.0026591688887269,-0.0192131615184019,0.0429506597763178,0.1340986423182819,0.3052202099859622,0.155756211822547,0.1224495895455873,78.00413986206054,77.28214486929086,70.79962015151978,69.89443966289899,0.1036485949914385,-0.0282722297498659,81.2699966430664,0.0153672627869805,0.0190595190353153,0.0260067867996929,97.55,-0.0063155750229194,0.0076438384464414,-0.0010240655401946,1240.0999755859375,0.0317829689624125,-0.0807264821453391,-0.2532217308094491,19105.240234375,0.0172279841912852,0.207342438045047,17192.019,24.86,0.0,1.0300000000000011,2.960000000000001,142.69799999999998,27.84399999999998,1.111285430429957,1.111285430429957,0.0034731508815148,0.1475944332064698,1.836463899062802,1.987669811635078,0.34,-0.0399999999999999,0.01,0.07,2.67,-0.3700000000000001,0.1200000000000001,0.6499999999999999,3.61,-0.3500000000000001,-0.02,0.4399999999999999,2.33,3.27,0.1100000000000003,0.5800000000000001,1.5128383667573295,0.2644169158479315,0.4181042585825301,-0.2029551603995427,6.7,-0.5,-0.7999999999999998,18.41,4.69,4.76,4.21,0.2099999999999999,-0.2199999999999997,-0.76446,0.0158399999999999,-0.0367,2.65,0.1400000000000001,0.297930495002012,-0.0068379100769135,0.1118833538802576,1.771687204172035,0.7032795841383056,0.4280308712862796,0.0569946896464657,-0.0229510927443524,2014-03-04,0.0206798857727694,-0.0229510927443524,2014-05-02,0.1074116569226701,-0.0229510927443524,2014-08-01,0.2002142029084845,-0.0229510927443524,2015-02-02,0.0,0.0,False,False,False,False,False,False,False,0,False,neutral,1.6961757262014668e-18,1.0,1.2279809181768544e-117,0.04342954693712198,-0.022951092744352475,2014-04-02,-0.01017726467240616,0.001693253367805952,0.0,0.0,0.0,1.0,0.0,1.0
2014-02-28,82.16389465332031,48609800.0,-0.0011058953973028,0.0681151146608098,0.0753064997946117,0.2100811688275206,0.3677663483115885,0.1419295708142693,0.1292376934391548,79.37741775512696,78.84578599196215,72.38477350234986,71.48847152091362,0.1350991469311289,-0.0011058953973028,79.77999877929688,-0.0090672380768088,-0.0102965119063416,-0.0268358683526529,102.88,0.0569139100061639,0.1013810084573385,0.117896338150603,1321.4000244140625,0.0469022940360788,0.0644433691208921,-0.1624516287570646,19946.83984375,0.0413467216149467,0.2471880426148569,17197.738,24.59,-0.2699999999999996,-0.0500000000000007,2.539999999999999,142.69799999999998,27.84399999999998,1.1598525250093936,1.1598525250093936,0.0456814896368176,0.1991804545930557,2.184086743882524,1.7194140440435184,0.33,-0.0299999999999999,0.04,0.08,2.66,-0.0299999999999998,-0.0499999999999998,0.7700000000000002,3.59,-0.0300000000000002,-0.2099999999999999,0.4899999999999997,2.33,3.26,-0.0899999999999998,0.6900000000000002,1.557758795574915,0.2424175290453689,0.680959652083768,-0.3277130098408909,6.6,-0.6000000000000005,-0.7000000000000002,14.0,-3.3500000000000014,1.1899999999999995,3.81,-0.3400000000000003,-0.4599999999999995,-0.77746,-0.01047,-0.01168,2.61,-0.0300000000000002,0.006835713827575,0.5039446911932799,0.8586523167431666,2.295816600354884,0.573681177478299,0.4287860991422504,-0.0273359131151952,-0.0361005724931764,2014-03-31,0.0130483762026916,-0.0668327795103639,2014-05-30,0.1058786452635276,-0.0668327795103639,2014-08-28,0.2242286607611612,-0.0668327795103639,2015-03-02,0.0,0.0,False,False,False,False,False,False,False,0,False,neutral,6.316518737092981e-17,1.0,4.166506951641687e-103,-0.03044249690743739,-0.06683277951036393,2014-04-30,-0.02990980172871509,-0.051423420672883934,0.0,0.0,0.0,0.0,0.49999999999999994,0.8660254037844387
2014-03-31,79.9178695678711,33924300.0,0.0071222566241033,-0.0273359131151952,0.008172020118792,0.1194577995734622,0.3001774075852697,0.1249435198945629,0.1385206068291996,80.44381423950195,80.1339339036208,74.01896642684936,73.20582479184812,0.079694481371223,-0.0350265715578574,80.0999984741211,0.0040110265695725,-0.0036074252734064,-0.0317902184950422,101.57,-0.0127332814930015,0.0163097858715228,0.0460350154479918,1283.4000244140625,-0.0287573780065957,0.0553408849430316,-0.1978749847412109,19996.009765625,0.0189766537116016,0.2113617405441092,17197.738,24.96,0.370000000000001,0.1000000000000014,2.3599999999999994,142.69799999999998,27.84399999999998,1.16271161740137,1.16271161740137,0.0212738874509201,0.1711893094043858,2.019077111395515,1.854098334540784,0.44,0.1099999999999999,0.0399999999999999,0.21,2.73,0.0699999999999998,-0.29,0.8699999999999999,3.56,-0.0299999999999998,-0.3799999999999999,0.48,2.29,3.12,-0.33,0.6599999999999999,1.1204746347724948,0.1100778620244158,-0.112395561422951,-0.4183348538277842,6.7,-0.2000000000000001,-0.5,13.88,-0.1199999999999992,1.42,3.77,-0.04,-0.1899999999999999,-0.77718,0.00028,0.00312,2.68,-0.27,0.1931841393215972,-0.53630923496749,0.4384802580000281,1.625654087686743,0.8897697305673229,0.4295516175291825,-0.0031938917393278,-0.0406068928911182,2014-04-30,0.0740547370189674,-0.0406068928911182,2014-06-30,0.130950420501394,-0.0406068928911182,2014-09-29,0.2179327054571387,-0.0406068928911182,2015-03-31,0.0,1.0,False,False,False,False,False,False,False,0,False,neutral,3.019242846514336e-21,1.0,4.306710058108739e-102,0.04151925609511031,-0.040606892891118296,2014-05-30,-0.03141322740488182,-0.024764466872458344,0.0,0.0,1.0,0.0,0.8660254037844386,0.5000000000000001
2014-04-30,79.6626205444336,38689400.0,0.0026383554622244,-0.0031938917393278,0.0355990235859611,0.0640714013038863,0.2553409046644188,0.2106688084523942,0.1635901376132861,80.4517691040039,80.08111114501953,75.48458946228027,74.45441709982383,0.0553494575769148,-0.0381085922196297,79.48999786376953,-0.0076154884141307,-0.0126692863668664,-0.0274073828601406,100.07,-0.0147681401988776,0.0280460242449145,0.0734820853894013,1295.5999755859375,0.0095059614615831,0.0264617538473619,-0.1199565150408839,19959.83984375,0.0515339657975428,0.1835572390839503,17197.738,24.79,-0.1700000000000017,-0.0700000000000002,2.1899999999999977,142.69799999999998,27.84399999999998,1.1606084383742792,1.1606084383742792,0.0565123676917143,0.1476286303678347,1.8492114653598792,1.6464736787638452,0.42,-0.02,0.06,0.1999999999999999,2.67,-0.06,-0.02,0.97,3.47,-0.0899999999999998,-0.1499999999999999,0.5900000000000003,2.25,3.0500000000000003,-0.08,0.77,1.6126949139408042,0.204205530106516,0.0998565471834744,0.5179608057660046,6.7,0.0,-0.5,13.41,-0.4700000000000006,-3.940000000000001,3.71,-0.06,-0.4400000000000004,-0.77022,0.0069599999999999,-0.00323,2.64,-0.0099999999999997,0.0112066013577782,-0.0995228598870935,-0.1286189162880571,1.6307503619067618,0.8085646570587515,0.4300976400167053,0.0448564143657366,-0.0104126412782636,2014-05-30,0.112720260873421,-0.0104126412782636,2014-07-30,0.1521701925357939,-0.0104126412782636,2014-10-28,0.245322552547091,-0.0104126412782636,2015-04-30,0.0,1.0,False,False,False,False,False,False,False,0,False,neutral,6.1771100476889096e-30,1.0,6.162303849434263e-107,0.07749614304941055,-0.01041264127826369,2014-06-30,-0.007231711723721968,-0.0025935299810156964,0.0,0.0,0.0,1.0,1.0,6.123233995736766e-17
2014-05-30,83.23600006103516,29906400.0,0.0001093620917438,0.0448564143657366,0.0130483762026916,0.0893375035371313,0.2546992963274841,0.11060365742113,0.154292654234084,79.91102310180663,80.40419370211087,76.78571598052979,75.93757890581011,0.0840036977989622,0.0,80.37000274658203,0.01107063663935,0.007395387018209,-0.0318033890098671,103.4,0.0332767063055863,0.0050544323483672,0.1050550390082292,1245.5999755859375,-0.0385921588007034,-0.0573634383439158,-0.1175345550223609,20348.349609375,0.0201289912973761,0.166544469941285,17518.508,24.94,0.1500000000000021,0.3500000000000014,1.5300000000000011,142.69799999999998,27.84399999999998,1.1615343960441722,1.1615343960441722,0.0016818710347785,0.1188183997887579,1.7299375411643545,1.649467439637373,0.37,-0.0499999999999999,0.0399999999999999,0.06,2.48,-0.1899999999999999,-0.1800000000000001,0.3500000000000001,3.33,-0.1400000000000001,-0.2599999999999998,0.0500000000000002,2.11,2.96,-0.2200000000000002,0.29,2.015125303606169,0.1864185605097601,0.4573665080312539,1.138326160115022,6.2,-0.3999999999999994,-1.0,11.4,-2.01,-2.6,3.75,0.04,-0.06,-0.7906,-0.0203799999999999,-0.0131399999999999,2.44,-0.1699999999999999,0.0786089370249661,-0.4447767225709194,0.9831541114253216,2.1960724222283825,1.1912408841148496,0.4301720744561343,0.0312384823741427,-0.0014235682442447,2014-06-30,0.091634586502967,-0.0014235682442447,2014-08-28,0.1614858565731391,-0.0014235682442447,2014-11-26,0.2227563034668758,-0.0014235682442447,2015-06-01,0.0,1.0,False,False,False,False,False,False,False,0,False,neutral,2.79728508135869e-17,1.0,5.2026952666186006e-82,0.0649504042609339,-0.0014235682442447217,2014-07-30,0.003745695770698032,0.0077759687189976855,0.0,0.0,0.0,0.0,0.8660254037844387,-0.4999999999999998
2014-06-30,85.83616638183594,19751900.0,0.0017066210807947,0.0312384823741427,0.0740547370189674,0.0828319339385705,0.3379542332310923,0.0578672397179873,0.1398488559458589,82.05012252807617,81.34125107985277,78.43924640655517,77.48364780185459,0.0943012626223116,0.0,79.77999877929688,-0.0073410967664828,-0.0039950025083659,-0.0407598829419503,106.07,0.0258220502901351,0.0443044205966329,0.1007679535076795,1321.800048828125,0.061175397186679,0.0299205420629424,0.0800784409951951,20862.740234375,0.0433451713071268,0.2277913091454548,17518.508,25.56,0.6199999999999974,0.5999999999999979,2.629999999999999,142.69799999999998,27.84399999999998,1.190897092056869,1.190897092056869,0.0281854746554992,0.1751515141911348,1.8434625105525384,1.882658241716237,0.47,0.0999999999999999,0.0299999999999999,0.1099999999999999,2.53,0.0499999999999998,-0.2000000000000001,0.0099999999999997,3.34,0.0099999999999997,-0.2200000000000002,-0.1800000000000001,2.06,2.87,-0.2300000000000004,-0.1000000000000005,2.166947687079812,0.1903005903547194,1.0464730523073174,0.9340774908843664,6.3,-0.4000000000000003,-0.6000000000000005,11.57,0.1699999999999999,-2.3100000000000005,3.53,-0.2200000000000002,-0.2400000000000002,-0.78396,0.0066399999999999,-0.00678,2.49,-0.1899999999999999,0.0589618369866267,0.4773307459881488,0.7727662961157546,2.379602527690044,0.8126929819812554,0.4303995630089378,0.0326907136060117,0.0037266954873458,2014-07-30,0.0529727969361599,0.0033008559987015,2014-09-29,0.1251420576002349,-0.0202497298394644,2014-12-29,0.1523873409679275,-0.0202497298394644,2015-06-30,0.0,0.0,False,False,False,False,False,False,False,0,False,neutral,1.1460740840145423e-20,1.0,2.2564758789880284e-84,0.05856657326225756,0.0033008559987015573,2014-08-28,0.008284377939256871,0.007323680734568831,0.0,0.0,1.0,0.0,0.49999999999999994,-0.8660254037844387
2014-07-31,86.85070037841797,50047900.0,-0.020210591511202,0.000842351325123,0.0869973529033747,0.1085497338688741,0.2733671766051215,0.1289986960422143,0.1046434710494386,85.54734283447266,84.2145780123197,80.25007728576661,79.3424382940069,0.0822506758360726,-0.0227297818372932,81.45999908447266,0.0205462214472393,0.0242675761951374,0.0001228009405185,98.23,-0.0738261361493494,-0.014645400742301,-0.0653663177925784,1281.300048828125,-0.0340017903768212,-0.0014027954111608,-0.0236970245408387,20410.810546875,0.0217390751729469,0.1408812124176299,17518.508,25.82,0.0,0.879999999999999,2.330000000000002,142.69799999999998,27.84399999999998,1.1650998216785926,1.1650998216785926,0.0035203707938309,0.0956560198428599,1.493123700418192,1.8751223020467376,0.53,0.06,0.12,0.22,2.58,0.0,-0.0499999999999998,-0.02,3.32,-0.08,-0.0900000000000003,-0.3200000000000003,2.05,2.79,-0.1699999999999999,-0.2400000000000002,2.0589816945944195,0.1321132206079767,0.4462867806536152,0.5461433278370897,6.1,-0.6000000000000005,-0.6000000000000005,16.95,5.799999999999999,3.6999999999999993,4.04,0.54,0.29,-0.74013,0.04383,0.03009,2.55,-0.0500000000000002,0.5246548811217189,0.6300554303341745,-1.26313910226377,1.6570262603829895,0.6760167398536405,0.4310895339663717,0.0500948066510917,-0.0084190590137912,2014-08-29,0.0529091828268413,-0.0316945420621336,2014-10-29,0.0704922259424554,-0.0316945420621336,2015-01-30,0.1908354888285395,-0.0316945420621336,2015-07-31,0.0,0.0,True,False,False,False,False,False,False,1,False,neutral,6.2209424412208804e-52,1.0,5.548636255282708e-78,0.042149583241645194,-0.008419059013791252,2014-09-30,-0.004630306767705905,0.00040953310853810955,0.0,0.0,0.0,1.0,1.2246467991473532e-16,-1.0
2014-08-29,91.20146942138672,17906300.0,0.0037217768404973,0.0500948066510917,0.0967784110989877,0.1182877247996168,0.3338113751716085,0.0701229292493369,0.0927787806835366,87.76237243652344,86.91893756573018,81.78026424407959,81.02502001513231,0.1152014518953963,0.0,82.75,0.0158360045424212,0.0261656823700624,0.0097620876333048,97.86,-0.0037666700600631,-0.0505481711458232,-0.0981476361625657,1285.800048828125,0.0035120579321883,0.0338506869093153,-0.08995680755165,21233.830078125,0.0428662406268407,0.2176491756520813,17804.228,25.62,-0.1999999999999993,0.0600000000000022,2.2600000000000016,142.69799999999998,27.84399999999998,1.192628519367703,1.192628519367703,0.0303703352303896,0.1640483914123103,1.6303441537848924,1.653695686933781,0.48,-0.05,0.0899999999999999,0.0899999999999999,2.35,-0.2299999999999999,-0.1899999999999999,-0.3999999999999999,3.09,-0.2299999999999999,-0.29,-0.6100000000000003,1.87,2.61,-0.2799999999999998,-0.4899999999999997,1.9742378703305972,0.1125485286492811,-0.0408874332755715,0.4164790747556823,6.2,0.0,-0.3999999999999994,11.98,-4.969999999999999,0.4000000000000003,3.8,-0.2400000000000002,0.1899999999999999,-0.72341,0.0167199999999999,0.0671899999999999,2.32,-0.1800000000000001,0.2498838892620094,0.7413736548263816,0.7588901478880434,2.0132024588737627,0.2766793283991469,0.4317903505726816,-0.0075661962702063,-0.0181144171566925,2014-09-30,0.0649650881352361,-0.0778875851924872,2014-11-28,0.0977717925918937,-0.0778875851924872,2015-03-03,0.0566354627784819,-0.0778875851924872,2015-08-31,0.0,0.0,False,False,False,False,False,False,False,0,False,neutral,3.3447095488479816e-20,1.0,1.9254249698449264e-76,0.0026801162694300995,-0.07788758519248729,2014-10-29,-0.011009607779314012,-0.05695856354646468,0.0,1.0,0.0,0.0,-0.4999999999999997,-0.8660254037844388
2014-09-30,90.51142120361328,41834300.0,0.0014192137894941,-0.0075661962702063,0.043027439324065,0.1130043156018387,0.2709017227188686,0.1245716698597789,0.1109688424422051,89.62832458496094,89.0279783982497,83.30086067199707,82.61210329897769,0.0865604565600863,-0.0125148734399795,85.94000244140625,0.038549878445997,0.0766725478574372,0.0713039283677661,91.17,-0.0683629675045983,-0.1403922308127475,-0.1093200468933176,1210.5,-0.0585627982334837,-0.0873793895361705,-0.0874481718808896,20760.4609375,-0.0118235089809581,0.1544858674982654,17804.228,25.92,0.3000000000000007,0.1000000000000014,2.4800000000000004,142.69799999999998,27.84399999999998,1.166041062690278,1.166041062690278,-0.0331968732686518,0.1053709249020085,1.3351341767618676,1.7208652756994964,0.58,0.0999999999999999,0.1099999999999999,0.2499999999999999,2.52,0.1699999999999999,-0.06,-0.1200000000000001,3.21,0.1200000000000001,-0.1899999999999999,-0.48,1.94,2.63,-0.1700000000000003,-0.3700000000000001,1.7150983482969062,-0.0160001347379701,-0.4518493387829059,0.5946237135244115,6.1,-0.2000000000000001,-0.6000000000000005,16.31,4.329999999999998,5.159999999999998,4.4,0.6000000000000005,0.9000000000000004,-0.6746,0.04881,0.10936,2.5,-0.06,1.0350283789673715,-0.1694458288478138,-1.8931002335332143,1.299491979119863,0.5364606436750445,0.432029765385953,0.0103244291973212,-0.0708575107558781,2014-10-29,0.0599120176291794,-0.0708575107558781,2014-12-30,0.0697837141494259,-0.0708575107558781,2015-04-01,0.0411901601153048,-0.0708575107558781,2015-09-30,0.0,0.0,False,False,False,False,False,True,False,1,False,neutral,1.2032556083716766e-61,1.0,2.127186773689895e-78,0.07308425421711084,-0.0708575107558781,2014-11-28,-0.06247601363946749,-0.04976892875940991,0.0,0.0,1.0,0.0,-0.8660254037844385,-0.5000000000000004
2014-10-31,92.9026870727539,54254100.0,0.0137971829672589,0.0431024314075663,0.0663160366932886,0.1587760175120005,0.2428708097051155,0.2143344655464863,0.1508859016648241,89.84844177246094,89.42397824800932,84.44416034698486,83.87978332107132,0.1001671008511728,0.0,86.87999725341797,0.0149532570340389,0.0682404438388208,0.083291777548156,80.53,-0.1152493957372006,-0.1804396499084063,-0.163672240108007,1171.0999755859375,-0.0354966046114068,-0.0905490253997644,-0.115216079489946,21256.740234375,0.0368535034250092,0.1359999574135095,17804.228,25.16,0.0,-0.4600000000000008,1.3300000000000018,142.69799999999998,27.84399999999998,1.1939153011506594,1.1939153011506594,0.0236558693114867,0.0902171342886779,1.5120256403849677,1.2253260340603431,0.5,-0.03,0.03,0.19,2.35,-0.0899999999999998,-0.1599999999999997,-0.2199999999999997,3.07,-0.08,-0.2299999999999999,-0.56,1.85,2.57,-0.1899999999999999,-0.4099999999999997,1.6840509711232077,0.0071591004800808,-0.3749307234712118,0.0713560571824034,5.9,-0.1999999999999993,-0.7999999999999998,14.03,-2.130000000000001,-1.09,4.3,-0.1200000000000001,0.0599999999999996,-0.64504,0.02956,0.08662,2.34,-0.1300000000000003,0.5848791850755442,0.1949111707601265,-1.5182297453247533,1.34253753996968,0.8493542614302184,0.4321283372346814,0.0377713089026217,-0.0003944340372512,2014-12-02,0.0191679503087023,-0.014003763342534,2015-02-03,0.066059530057672,-0.014003763342534,2015-05-05,0.1424853746109142,-0.024566925305789,2015-11-02,0.0,0.0,False,False,False,False,False,True,False,1,False,neutral,1.4676437445040962e-60,1.0,5.0520986867604444e-67,0.0189701173718424,-0.014003763342534059,2015-01-02,0.0014201432034531614,0.0005151175123174263,0.0,0.0,0.0,1.0,-1.0,-1.8369701987210297e-16
2014-11-28,97.12638092041016,17360400.0,0.0046437318419265,0.0621184870979025,0.0649650881352361,0.1680307172408579,0.2623243853300632,0.0655095492213445,0.149240782009976,91.15586990356444,91.136866408128,85.93645500183105,85.23910312824421,0.1302116304232083,0.0,88.36000061035156,0.0280396014855084,0.0677945693093844,0.0943770491477973,65.94,-0.1982978723404255,-0.3261802575107296,-0.2836501901140684,1175.199951171875,-0.0401046277040073,-0.0860165604730305,-0.0505736752196092,21731.1796875,0.0234225105666343,0.131216633200315,17912.079,26.61,1.4499999999999993,0.9899999999999984,1.9699999999999989,142.69799999999998,27.84399999999998,1.213213702747738,1.213213702747738,0.0205851833800347,0.0958086313160462,1.5968094513102964,1.9264736186629152,0.47,-0.01,-0.01,0.1899999999999999,2.18,-0.1599999999999997,-0.1699999999999999,-0.56,2.89,-0.1699999999999999,-0.1999999999999997,-0.92,1.7100000000000002,2.42,-0.1599999999999999,-0.7499999999999998,1.6095417021513292,-0.0197913903241198,-0.3646961681792682,-0.4055836014548397,5.7,-0.5,-0.5,13.33,-1.8200000000000005,1.3499999999999996,4.64,0.3199999999999994,0.8399999999999999,-0.65006,-0.0101599999999999,0.07335,2.16,-0.1599999999999997,1.2281378053423373,0.1781968721690862,-1.6736708794061546,1.475883315024836,0.6805286974185052,0.4316416637672041,-0.0122751186928388,-0.0568813646607071,2014-12-30,0.0308054271657882,-0.0568813646607071,2015-03-03,0.0445639854180679,-0.0568813646607071,2015-06-02,0.0871764446293714,-0.0669851708673364,2015-11-30,0.0,0.0,False,False,False,False,False,True,False,1,False,neutral,5.780018606709287e-62,1.0,4.5452694840396313e-63,-0.04276264912063099,-0.056881364660707145,2015-01-30,-0.03901523807025129,-0.04715858417941495,0.0,0.0,0.0,0.0,-0.8660254037844386,0.5000000000000001
2014-12-31,94.95018768310548,24367100.0,-0.0102565713504073,-0.0112128599339559,0.0660915712512142,0.0923376600350978,0.1918146358458048,0.1578131800351578,0.1574210726081164,94.1868685913086,92.6521005483774,87.42561801910401,86.87678325068843,0.0860682467507087,-0.0224057894125383,90.2699966430664,0.0263786216637338,0.050017393989844,0.1278110396117511,53.45,-0.2251377210785735,-0.4109543751377561,-0.4555363145563817,1183.9000244140625,-0.0279966958833641,-0.0252757712736367,-0.0149762872405091,21669.859375,0.0582774417521272,0.0996563056179169,17912.079,26.79,0.0,1.629999999999999,1.93,142.69799999999998,27.84399999999998,1.2097902970950496,1.2097902970950496,0.0596961137078226,0.0635590547450382,1.4929061582366696,1.8841293108494184,0.67,0.18,0.14,0.29,2.17,-0.0500000000000002,-0.25,-0.8700000000000001,2.75,-0.2000000000000001,-0.3700000000000001,-1.21,1.5,2.08,-0.3899999999999999,-1.16,1.231524989320798,-0.1882660152465964,-0.4835733589761082,-0.935422697759014,5.8,-0.2999999999999998,-0.5,19.2,4.91,2.4899999999999984,5.04,0.2199999999999997,0.5899999999999999,-0.57223,0.0778299999999999,0.1023699999999999,2.13,-0.27,1.3570972065418685,0.1848325869072349,-2.994709641417944,0.7792553143558939,0.8004354265818429,0.4314532624436745,-0.0123008577286658,-0.034867348835236,2015-02-02,0.0204525222390987,-0.034867348835236,2015-04-02,0.0503346200026659,-0.034867348835236,2015-07-02,0.0943588312096017,-0.0456011103298262,2015-12-31,0.0,0.0,False,True,False,False,False,True,False,2,True,neutral,4.0454229947266204e-99,1.0,1.032924880354414e-69,0.050362823395895706,-0.03486734883523612,2015-03-04,-0.02678976845174874,-0.02313731742911951,0.0,0.0,1.0,0.0,-0.5000000000000004,0.8660254037844384
2015-01-30,92.9729995727539,42927600.0,-0.0077533638527074,-0.0308664193894203,0.0166994869095995,0.0704922259424554,0.1866938721772075,0.1870402269331294,0.1472267424530239,94.77548904418946,94.39771352914664,88.83226902008056,87.94039360252586,0.0466129099070669,-0.0427626491206309,94.8000030517578,0.0534504422954855,0.1029669158550985,0.1690714925764642,47.79,-0.1172885112670854,-0.4189665653495441,-0.5135877862595419,1278.5,0.0652391701496679,0.0442701535655039,0.0292223879045236,21060.439453125,0.0083993180668335,0.095857924542434,17912.079,26.49,-0.3000000000000007,1.3299999999999983,1.629999999999999,150.026,7.328000000000031,1.1757674501728692,1.1757674501728692,0.0027303754257921,0.0579103385023318,1.140246423747418,1.6156161493783556,0.47,-0.2199999999999999,-0.01,0.1099999999999999,1.68,-0.5200000000000002,-0.6599999999999999,-1.0400000000000005,2.25,-0.5099999999999998,-0.81,-1.4,1.21,1.78,-0.6499999999999999,-1.1500000000000004,0.6531213919623191,-0.3084609444559238,-1.0309295791608886,-1.4058603026321004,5.6,-0.3000000000000007,-0.5,20.97,5.049999999999999,5.819999999999999,5.37,0.3899999999999997,1.0499999999999998,-0.50506,0.06717,0.13484,1.66,-0.6500000000000001,1.4718692829315478,-0.6687656296600711,-2.781814984855695,0.114923916083963,0.987389015104764,0.4308916708336299,0.0768545818013013,0.008703810397322,2015-03-03,0.0811154000395695,0.008703810397322,2015-05-01,0.1124186238532787,0.008703810397322,2015-07-31,0.0431959804883523,-0.0253046140797299,2016-02-01,0.0,1.0,True,True,False,False,False,True,False,3,True,neutral,1.2736128822468716e-89,1.0,2.1946118007891504e-52,0.041459830199134906,0.008703810397322265,2015-04-01,0.016300331597566053,0.024057278908993104,0.0,0.0,0.0,1.0,0.0,1.0
2015-02-27,99.68614196777344,27757600.0,-0.00440828789212,0.07411798159178,0.0378089166632116,0.0958877063471022,0.2119179591272266,0.0995239758988328,0.1527768725281527,95.46115631103515,95.53660759559044,90.54496555328367,89.40872168326163,0.1009573128514844,-0.00440828789212,95.25,0.0082565763651745,0.0833712691505008,0.1863245598939771,49.84,0.1306715063520871,-0.3268503511615342,-0.514608492403584,1212.5999755859375,-0.0570029142518487,0.0129479578281783,-0.0893661776673111,22212.33984375,0.0207351791150591,0.1152329019613112,18063.529,27.0,0.5100000000000016,0.3900000000000005,2.41,150.026,7.328000000000031,1.2296788652842976,1.2296788652842976,0.0147936953034708,0.0715486098329702,1.5173480524478544,1.7658056317268969,0.63,0.13,0.12,0.3,2.0,0.27,-0.27,-0.6499999999999999,2.6,0.31,-0.3700000000000001,-1.0,1.37,1.97,-0.3899999999999999,-0.9499999999999996,-0.2299309782054281,-0.6370316441765556,-1.8394726803567572,-2.2041688485360256,5.7,0.0,-0.5,13.34,-7.100000000000001,1.09,4.43,-0.8799999999999999,-0.1100000000000003,-0.52499,-0.0165099999999999,0.13156,1.98,-0.27,0.6273269099793601,-0.2820914441807371,-0.3736509974601112,1.3472694148877162,-0.1490850703374927,0.4303220225521121,-0.0131410672932671,-0.0303503075371905,2015-03-30,0.0175564757001764,-0.0303503075371905,2015-05-29,-0.0209732664669737,-0.0909433155911857,2015-08-27,-0.044854295043143,-0.1024423426124871,2016-02-29,0.0,0.0,False,False,False,False,False,True,False,1,False,neutral,1.704292887553415e-42,1.0,7.14764873938699e-39,0.011083982304691542,-0.03035030753719048,2015-04-29,-0.027279741975814842,-0.0268240134037495,0.0,0.0,0.0,0.0,0.49999999999999994,0.8660254037844387
2015-03-31,97.33458709716795,30488100.0,-0.0105876522758787,-0.032338123742291,0.0078351919824664,0.0769107852819772,0.2179327054571387,0.1458796368522156,0.1503537843181921,97.31893112182615,96.56148552527794,92.2984589767456,91.33636337142806,0.0545635125034016,-0.032338123742291,98.36000061035156,0.0303792327015706,0.0905865167733321,0.2279650747075852,47.72,-0.0377092155676548,-0.1073699962588852,-0.5301762331397066,1183.0999755859375,-0.0203692776190537,0.0011847545670744,-0.0781518208821268,21947.91015625,-0.0013472573625926,0.0976144947668757,18063.529,26.73,0.0,-0.0599999999999987,1.7699999999999996,150.026,7.328000000000031,1.2150399933617624,1.2150399933617624,-0.0119264314318083,0.0523283759603925,1.3102106196643235,1.5145018968060937,0.56,-0.0999999999999999,-0.1599999999999999,0.12,1.94,-0.1400000000000001,-0.2800000000000002,-0.79,2.54,-0.1400000000000001,-0.2399999999999997,-1.02,1.38,1.98,-0.1200000000000003,-0.91,-0.0870314629352053,0.2534643680217385,-1.3185564522560034,-1.802129811232112,5.5,-0.2999999999999998,-0.5999999999999996,15.29,2.25,0.2299999999999986,4.82,0.4400000000000004,-0.1399999999999996,-0.53878,-0.01379,0.0334499999999999,1.91,-0.28,0.5621207727425984,-0.7937362516556846,-1.1616696171620111,0.8389365390761746,0.6803964655594336,0.4299471469140107,0.0192230831569515,-0.0052082488264666,2015-04-30,0.0162524389906473,-0.0052082488264666,2015-06-30,-0.0535860344373368,-0.0689809614308505,2015-09-29,0.0452553132235011,-0.0807577991852696,2016-03-31,0.0,0.0,False,False,False,False,False,True,False,1,False,neutral,2.8572629776817727e-56,1.0,1.0686308782975017e-32,0.045644172183079146,-0.005208248826466644,2015-06-01,-7.576518248881836e-05,0.005671214728799032,0.0,0.0,1.0,0.0,0.8660254037844386,0.5000000000000001
2015-04-30,99.20565795898438,44080500.0,-0.0157296036011513,0.0192230831569515,0.058764166466974,0.0808494791956728,0.245322552547091,0.1262914307120736,0.1273303813021315,98.9913426208496,98.18495870736928,93.69760009765623,92.91849287565763,0.0587854742873601,-0.0263255810540341,94.5999984741211,-0.038226942994089,-0.0018991380828662,0.1900868161582691,59.62,0.2493713327745179,0.3513145965548505,-0.4042170480663535,1182.4000244140625,-0.0005916247031687,-0.0575481847416387,-0.0873726098371374,22034.2890625,0.0330385733580569,0.1039311555097257,18063.529,26.79,0.0599999999999987,0.3000000000000007,2.0,150.026,7.328000000000031,1.2198219441228788,1.2198219441228788,0.0290282990217156,0.0592135057485996,1.2714987872001398,1.450338194609495,0.58,0.0199999999999999,0.0699999999999999,0.1599999999999999,2.05,0.1099999999999998,0.2799999999999998,-0.6200000000000001,2.75,0.2099999999999999,0.4199999999999999,-0.7200000000000002,1.4699999999999998,2.17,0.2099999999999997,-0.7800000000000002,-0.0220312844238734,0.2693951780812442,-0.6751526763861926,-1.7060822555470812,5.4,-0.1999999999999993,-0.5,14.55,-0.7399999999999984,-4.210000000000001,4.59,-0.2300000000000004,-0.6900000000000004,-0.54559,-0.0068099999999999,-0.0371099999999999,2.04,0.3,0.5582274008238713,0.2414447555176487,-1.5442121503346369,1.799250242900713,-0.6216229582886758,0.4293985577175198,0.0259227733974494,-0.0085475876338259,2015-06-01,0.0437405464734366,-0.0125994725558952,2015-07-30,0.0643900323953916,-0.0865404699377471,2015-10-28,-0.007140690623855,-0.0980951903409991,2016-04-29,0.0,0.0,False,False,False,False,True,False,False,1,False,neutral,1.5094821653056683e-70,1.0,1.021977215345957e-27,-0.002914616255651481,-0.008547587633825904,2015-06-30,-0.0015977286619081933,-0.0009579607764161521,0.0,0.0,0.0,1.0,1.0,6.123233995736766e-17
2015-05-29,101.436279296875,30383000.0,-0.005961484515512,0.0064015388521254,0.0175564757001764,0.0560291836900357,0.2187920191523915,0.1446801596575875,0.1354511825859495,99.65221603393556,99.4508020254282,95.01047801971436,94.2665350974143,0.0676325539150251,-0.0082011751088889,96.91000366210938,0.0188183438166653,0.0174278599696522,0.2040005744083997,60.25,0.0290350128095644,0.208868378812199,-0.4221177824669097,1189.4000244140625,-0.0168623107874916,-0.0191324028030469,-0.0532516292397399,22259.69921875,0.0021321200437749,0.0947577784755782,18279.784,26.81,0.0199999999999995,-0.1900000000000012,1.8699999999999972,150.026,7.328000000000031,1.2177222235640202,1.2177222235640202,-0.0119566417202774,0.0570645788390813,1.1918984879364647,1.387216429411734,0.61,0.0499999999999999,-0.02,0.24,2.12,0.06,0.1200000000000001,-0.33,2.88,0.1200000000000001,0.2799999999999998,-0.4300000000000001,1.5100000000000002,2.27,0.1400000000000001,-0.5699999999999998,-0.1040309893939106,0.1042478896158938,0.1258999888115175,-1.7135726915452398,5.4,-0.2999999999999998,-0.2999999999999998,13.84,0.4499999999999993,0.5,4.52,-0.0100000000000006,0.0899999999999998,-0.54714,-0.0015499999999999,-0.02215,2.11,0.1299999999999999,0.2238134639708055,-0.6062563603052786,-1.1403461418876435,1.476036563525178,0.2309672783979766,0.4295116389530911,-0.0283014738268473,-0.0283014738268473,2015-06-29,-0.0378649667976788,-0.1066277832065331,2015-08-27,0.0421705731642449,-0.1066277832065331,2015-11-25,0.0115313833538315,-0.1179284110300541,2016-05-27,1.0,0.0,False,False,False,False,False,False,False,0,False,neutral,1.8571204400781112e-60,1.0,1.6918821516454898e-23,0.015961393125591083,-0.03431277573330316,2015-07-29,-0.01845442533148165,-0.023602291055095974,0.0,0.0,0.0,0.0,0.8660254037844387,-0.4999999999999998
2015-06-30,98.91651153564452,34809900.0,0.0035613729204844,-0.0281087333285358,0.0162524389906473,0.0242149719527886,0.1523873409679275,0.1331673559178348,0.1298895434074858,100.73653366088868,100.17509401761568,96.143869972229,95.58989670899535,0.0288384643162002,-0.0335771432217492,95.48999786376952,-0.0195092056452036,-0.0291785555995613,0.1969165119685292,59.48,-0.0126162018592298,0.2464375523889355,-0.4392382388988404,1171.5,-0.0141378844885959,-0.0098047297990963,-0.1137086119503303,21841.75,-0.0048369141068207,0.0469262309086278,18279.784,26.5,0.0,-0.2300000000000004,0.9400000000000012,150.026,7.328000000000031,1.1948582105784182,1.1948582105784182,-0.0201817827833441,0.0039611185215491,0.944156622680362,1.1749789066680951,0.64,0.0,0.0799999999999999,0.17,2.35,0.1600000000000001,0.4100000000000001,-0.1799999999999997,3.11,0.1699999999999999,0.5699999999999998,-0.2299999999999999,1.71,2.47,0.33,-0.3499999999999996,0.0350332182442958,0.3297745341246827,0.1220646811795012,-1.1964917710765022,5.6,0.0999999999999996,-0.2000000000000001,18.23,4.26,2.9400000000000013,5.0,0.4800000000000004,0.1799999999999997,-0.54002,0.00712,-0.0012399999999999,2.34,0.4299999999999999,0.6389269450098143,-0.7162123002826493,-2.076110356712768,1.2058539704610078,-0.0170991929840447,0.4298614459835461,0.0467915421183731,-0.0097131664530818,2015-07-30,-0.0687215801394272,-0.0838703034318445,2015-09-29,0.0733914710819783,-0.0838703034318445,2015-12-29,0.0039858282006774,-0.0954587998551504,2016-06-29,1.0,0.0,False,True,False,False,False,False,False,1,False,neutral,4.136811597233265e-82,1.0,2.819841197167072e-37,-0.01354257575190776,-0.08387030343184432,2015-08-28,7.473861730487031e-05,-0.03236716037775164,0.0,1.0,1.0,0.0,0.49999999999999994,-0.8660254037844387
2015-07-31,103.42489624023438,22081700.0,-0.0011596064382104,0.0373423433557436,0.028954562864023,0.1124186238532787,0.1908354888285395,0.1456129793304763,0.1351759198183504,101.4372982788086,101.13331697904148,97.50356288909911,96.71901125521272,0.0607294049128257,-0.0178101993468591,97.37000274658205,0.0110061801978904,0.0217208775292483,0.1953106290316915,47.11,-0.1726378644186863,-0.2028764805414552,-0.5204112796498015,1094.9000244140625,-0.0633874898083297,-0.0677734998603128,-0.1454772631785534,22180.080078125,-0.0030524175682652,0.0866829627949725,18279.784,26.38,0.0,-0.4299999999999997,0.5599999999999987,150.026,7.328000000000031,1.2133666392406497,1.2133666392406497,-0.0182858376576906,0.048266817562057,1.0625233544711985,1.0606568541707986,0.67,-0.0199999999999999,0.07,0.14,2.2,-0.2299999999999999,0.08,-0.3799999999999999,2.92,-0.2800000000000002,0.1,-0.3999999999999999,1.5300000000000002,2.25,0.0100000000000002,-0.5199999999999996,0.1795718097550525,0.2767920810460733,0.2016030941789259,-0.4735495822072666,5.3,-0.1000000000000005,-0.2999999999999998,12.12,-3.9700000000000006,-0.5800000000000001,5.36,0.4800000000000004,0.8300000000000001,-0.50016,0.0398599999999998,0.0463099999999999,2.12,0.0100000000000002,0.6899745655335872,-0.5133735405001201,-1.815808917164248,1.171816434743493,0.6805610250930525,0.4302189133075433,-0.0682445876058231,-0.1238052249214892,2015-08-31,0.0193564406539104,-0.1238052249214892,2015-10-29,-0.0622271525130959,-0.1238052249214892,2016-02-01,0.0462985393742805,-0.1348885683117897,2016-08-01,1.0,0.0,False,True,False,False,False,False,False,1,False,neutral,1.986025716089768e-73,1.0,4.321165116232311e-32,-0.08881125762645148,-0.12380522492148915,2015-09-30,-0.09550686672015303,-0.09965478292146977,1.0,1.0,0.0,1.0,1.2246467991473532e-16,-1.0
2015-08-31,96.36670684814452,39549400.0,-0.0124027305616913,-0.0682445876058231,-0.0501505767125314,-0.0374725695185578,0.0566354627784819,0.3189755290700755,0.2161963823184397,100.85825424194336,100.85030494103064,98.46235988616944,97.65519618128872,-0.0212837986053519,-0.0848393372430783,95.9499969482422,-0.0145836064320096,0.0011477526560388,0.1595165794349509,49.2,0.0443642538739121,-0.1973898858075039,-0.4972409564684242,1131.5999755859375,0.0335189974915883,-0.0523406760554798,-0.119925390718973,20802.9609375,-0.0668271847776823,-0.0202916355193442,18401.626,25.69,-0.6899999999999977,-0.8099999999999987,0.0700000000000002,150.026,7.328000000000031,1.1304958017025235,1.1304958017025235,-0.0890328701420124,-0.0621327176651795,0.2450395864477327,0.6500589457639998,0.74,0.0699999999999999,0.0999999999999999,0.26,2.21,0.0099999999999997,-0.06,-0.1400000000000001,2.95,0.0300000000000002,-0.0699999999999998,-0.1399999999999996,1.47,2.21,-0.1599999999999999,-0.4000000000000001,0.2256861110409458,0.1586319780187306,0.3297171004348564,0.455617089246374,5.2,-0.2000000000000001,-0.5,28.43,16.310000000000002,14.19,5.7,0.3399999999999998,1.21,-0.41726,0.0829,0.1298799999999999,2.13,-0.1299999999999999,1.750785967012057,-2.2456839912717363,-3.700463240618236,-0.1778532673475063,0.7368330436196359,0.4302275916406473,-0.0220730352054318,-0.0440805172869842,2015-09-30,0.0957468294020327,-0.0440805172869842,2015-11-30,0.0201460267087811,-0.0715251876398793,2016-03-02,0.1299122783613651,-0.0715251876398793,2016-08-30,0.0,1.0,True,True,False,False,False,False,False,2,True,neutral,1.9117013353148037e-114,1.0,2.3878732719176663e-32,0.09401719281097609,-0.04408051728698403,2015-10-29,-0.03142034064348294,-0.022090452702114675,0.0,0.0,0.0,0.0,-0.4999999999999997,-0.8660254037844388
2015-09-30,94.2396011352539,41411400.0,0.023022317757446,-0.0220730352054318,-0.0547853347468502,-0.0267283504655477,0.0411901601153048,0.2524475071664199,0.2475286227461278,98.74773727416992,99.29735952524038,98.52457347869873,98.22229447235932,-0.0434914071906258,-0.1050397107707382,96.3499984741211,0.0041688539718731,0.0004153350279445,0.1211309720384563,45.06,-0.0841463414634146,-0.2086406743940989,-0.5057584731819678,1115.5,-0.0142276210085644,-0.0457656116338751,-0.0784799669558033,20119.279296875,-0.0841589123143992,-0.0308847497440107,18401.626,24.5,-1.1900000000000013,-1.879999999999999,-1.4200000000000017,150.026,7.328000000000031,1.0933424740224045,1.0933424740224045,-0.1084271882312635,-0.0726985886678737,-0.1683463185701185,-0.0485970755024881,0.64,-0.0999999999999999,-0.0499999999999999,0.06,2.06,-0.1499999999999999,-0.3700000000000001,-0.4599999999999999,2.87,-0.08,-0.33,-0.3399999999999998,1.42,2.23,-0.3200000000000003,-0.52,0.2413037985344868,-0.0004201080517907,0.2062705802901909,0.3283352614696921,5.1,-0.5,-0.4000000000000003,24.5,-3.93,8.41,6.62,0.92,1.7400000000000002,-0.40433,0.0129299999999999,0.1356899999999999,2.06,-0.3599999999999999,0.8295814903248676,-2.1773699133615145,-2.601121933736102,-0.4139421711887842,1.173114462794756,0.42982771507422,0.1187105297181314,0.0045200144136581,2015-10-29,0.1165088118503521,0.0045200144136581,2015-12-30,0.0910514287648012,-0.0505683493908318,2016-04-01,0.1710304737474126,-0.0505683493908318,2016-09-29,0.0,1.0,False,True,False,False,False,False,False,1,False,neutral,1.4214969379520495e-81,1.0,2.9549959553096677e-40,0.120479206371219,0.004520014413658124,2015-11-30,0.026650760153699205,0.033990510549574235,0.0,0.0,1.0,0.0,-0.8660254037844385,-0.5000000000000004
2015-10-30,104.95450592041016,27199200.0,-0.0044801514722359,0.108687254719836,0.0179722467343386,0.0424513761034077,0.145312216410989,0.1512920277440013,0.252591927331024,97.78710327148436,98.82206221360428,99.18594032287598,98.70431752247852,0.0581591058042703,-0.0060515797537823,96.9499969482422,0.0079009719050469,-0.0055390391564263,0.1253626840519444,46.6,0.041340782122905,0.0298342541436464,-0.4251171971379225,1141.5,0.0245019296576092,0.0478244670629226,-0.0472414462392898,21648.509765625,-0.0207343178201286,0.0306114953524077,18401.626,25.49,0.0,-0.2000000000000028,0.3299999999999983,150.026,7.328000000000031,1.176445481808238,1.176445481808238,-0.0329167764862254,-0.0033585512562679,0.6283106107967826,0.4700867083181299,0.75,0.1099999999999999,0.0699999999999999,0.27,2.16,0.1100000000000003,0.0,-0.1599999999999997,2.93,0.08,0.0700000000000002,-0.1099999999999998,1.41,2.18,-0.0699999999999998,-0.4299999999999997,0.00884296163417,-0.2247587519377591,-0.1707288481208824,0.0308742460580435,5.0,-0.2999999999999998,-0.4000000000000003,15.07,-7.48,2.51,5.88,-0.79,0.4299999999999997,-0.46658,-0.0622499999999999,0.03358,2.08,0.0,0.249778268036232,-0.5312827786928102,-0.4584530604152174,1.1624642969587415,0.108926883488961,0.4294489191443808,0.0161479615925363,-0.0307948978951698,2015-12-01,-0.095896899502108,-0.1097925598896296,2016-02-02,-0.0614353971407318,-0.1474967246623565,2016-05-03,0.0438945765438938,-0.1474967246623565,2016-10-31,1.0,0.0,False,True,False,False,False,False,False,1,False,neutral,7.479475833018267e-44,1.0,7.281743563721613e-24,-0.009956023281048387,-0.03079489789516987,2015-12-31,-0.015388442359691145,-0.018710045482582323,0.0,0.0,0.0,1.0,-1.0,-1.8369701987210297e-16
2015-11-30,105.59351348876952,25041600.0,-0.0025371952609041,0.0015809958037431,0.0957468294020327,0.0407944939765931,0.0871764446293714,0.1332315193853902,0.1877765241886134,101.44313827514648,100.36838824932391,100.22272144317628,99.66318082379864,0.0535885672256302,-0.0086942601710101,100.16999816894533,0.02970805330914,0.0439812543504247,0.1336577351405108,40.43,-0.1214689265536723,-0.1782520325203253,-0.3868668486502881,1065.800048828125,-0.0709552874898566,-0.0581476919206732,-0.0930904585510402,21658.55078125,0.041128272380096,-0.0033421520273828,18435.137,26.23,0.740000000000002,0.5399999999999991,-0.379999999999999,150.026,7.328000000000031,1.1748516314931643,1.1748516314931643,0.044355829790641,-0.0383620712545733,0.5762910027285651,0.8797204313590775,0.94,0.1899999999999999,0.1999999999999999,0.47,2.21,0.02,0.0,0.0299999999999998,2.98,0.02,0.0299999999999998,0.0899999999999998,1.27,2.04,-0.1999999999999999,-0.4400000000000001,0.127616560670507,0.098948201669069,-0.0980695503704387,0.2316475500644177,5.0,-0.2000000000000001,-0.4000000000000003,16.13,1.5199999999999996,-12.3,6.4,0.5100000000000007,0.7000000000000002,-0.44361,0.0136999999999999,-0.0263499999999999,1.99,-0.1399999999999999,0.5207201820003456,1.10095805369479,-0.6989626654086739,0.9851847190123968,0.2222664521898019,0.4292934440403231,-0.0035434789849652,-0.0338057129034209,2015-12-30,-0.0689947720264071,-0.1526557162234229,2016-03-02,-0.0263516400195862,-0.1526557162234229,2016-06-01,0.0548717940936911,-0.1526557162234229,2016-11-29,1.0,0.0,False,True,False,False,False,False,False,1,False,neutral,3.404026286580288e-42,1.0,2.710125842325373e-37,-0.08148657769061207,-0.11517972121086772,2016-02-01,-0.024563824347543606,-0.10722319646680159,0.0,1.0,0.0,0.0,-0.8660254037844386,0.5000000000000001
2015-12-31,103.90957641601562,29886800.0,-0.0124479835490609,-0.0256891573473942,0.0976491386004438,0.0419144626565046,0.0943588312096017,0.2022288972667914,0.1680662363196616,104.74678573608398,103.202980863131,100.8541913986206,100.6644159609133,0.0302950722723935,-0.0256891573473942,98.62999725341795,-0.0117235046348952,0.0253664076315833,0.0926110659271159,37.13,-0.0850172498767865,-0.1702793296089385,-0.3053320860617399,1060.300048828125,-0.0032900919715651,-0.0483754305383518,-0.1044006867447356,21167.859375,0.0501305742087063,-0.0231658171524243,18435.137,25.97,0.0,0.4800000000000004,-0.8200000000000003,150.026,7.328000000000031,1.1482344489764302,1.1482344489764302,0.0528225883615041,-0.0615558481186193,0.2105550062680168,0.6793294219786252,1.06,0.15,0.42,0.39,2.27,0.1200000000000001,0.2200000000000002,0.1,3.01,0.0999999999999996,0.1599999999999997,0.2599999999999998,1.21,1.95,-0.1999999999999997,-0.29,0.4363182169185187,0.1194617491050875,0.1950144183840318,0.4012849986742228,5.1,0.0,-0.5,18.21,3.540000000000001,-4.34,6.95,0.5499999999999998,0.2800000000000002,-0.36141,0.0822,0.04292,2.11,0.06,0.5228929357051468,1.1097174683502915,-1.119567926120936,0.7880232604318055,0.0786397265853856,0.4292277901700467,-0.0868051099163003,-0.1008405070443879,2016-02-02,-0.0142488389557547,-0.1389238302697664,2016-04-04,-0.0283451775069465,-0.1389238302697664,2016-07-01,0.0709786957595637,-0.1389238302697664,2016-12-30,1.0,0.0,False,True,False,False,False,False,False,1,False,neutral,1.6790650770384e-39,1.0,5.946729504169138e-54,-0.055694953962058924,-0.1389238302697664,2016-03-03,-0.09873072966120384,-0.12203761458007313,1.0,1.0,1.0,0.0,-0.5000000000000004,0.8660254037844384
2016-01-29,96.72894287109376,54245100.0,0.0208823236694142,-0.0889766474411102,-0.0839499541666314,-0.0658267121510221,0.0323316298601321,0.28843134114461,0.2155248074434185,101.6464045715332,102.43475024883564,100.66697380065918,100.4393493033744,-0.0391193931920862,-0.0930185543215703,99.61000061035156,0.0153924786923296,0.0187155026989236,0.050960138143721,33.66,-0.1114044350580782,-0.2671456564337036,-0.2370806890299184,1116.4000244140625,0.036102110825116,-0.0515673710227202,-0.1101545941823658,19926.099609375,-0.0847810910648898,-0.0658001510885241,18435.137,24.21,-1.759999999999998,-1.2799999999999976,-2.2799999999999976,137.688,-12.338000000000022,1.0808761339487198,1.0808761339487198,-0.1022774210007178,-0.1099175111524433,-0.7211789193491264,-0.5973012168415958,0.76,-0.33,0.03,0.25,1.94,-0.3799999999999999,-0.1600000000000001,0.1699999999999999,2.75,-0.29,-0.1200000000000001,0.4199999999999999,1.18,1.99,-0.1900000000000001,-0.08,0.6387247515364791,-0.1075553426856057,0.629881789902309,0.4591529417814266,5.0,0.0,-0.2999999999999998,20.2,4.120000000000001,5.869999999999999,7.74,0.7800000000000002,1.7700000000000005,-0.2979,0.06351,0.15941,1.61,-0.4499999999999999,1.5395103348419918,-2.9449941136199187,-2.282953645331461,-0.4987550933734693,1.1513478446675076,0.4290058608802445,0.0159418465466141,-0.0750021926960191,2016-03-01,0.018281169252786,-0.0750021926960191,2016-04-29,0.1128366892624779,-0.0750021926960191,2016-07-29,0.2120456938920638,-0.0750021926960191,2017-01-30,0.0,0.0,False,True,False,False,False,False,False,1,False,neutral,8.392850844868718e-61,1.0,7.494308093215884e-70,0.05179991948546414,-0.07500219269601927,2016-03-31,-0.07000835117462265,-0.055176531134565915,0.0,1.0,0.0,1.0,0.0,1.0
2016-02-29,95.21479034423828,27553900.0,-0.00899189485144,0.004901878684441,-0.0993163099690224,-0.0243926215272891,-0.044854295043143,0.2406384202464684,0.239761506445459,97.00505599975584,98.89810685377854,100.03600189208984,100.01421263411238,-0.0481947644514249,-0.1072160448246473,98.20999908447266,-0.0030454070170756,-0.0159319029926336,0.0310761058737287,32.74,-0.0141523637458595,-0.2057253760310528,-0.3430979133226324,1233.9000244140625,0.1060416380575763,0.1526389765661489,0.0175656022241239,19864.01953125,-0.0863702010728327,-0.1057214291253858,18525.933,24.0,-0.2100000000000008,-2.2300000000000004,-3.0,137.688,-12.338000000000022,1.0722277539949,1.0722277539949,-0.1071434185993152,-0.1574511112893977,-0.917533215640386,-0.8347488335764668,0.78,-0.0499999999999999,-0.15,0.15,1.74,-0.26,-0.49,-0.26,2.61,-0.1800000000000001,-0.3900000000000001,0.0099999999999997,0.96,1.83,-0.3399999999999998,-0.4100000000000001,1.2375025026943876,-0.0458443563073895,1.1098859420238805,1.0118163916534415,4.8,-0.2000000000000001,-0.4000000000000003,20.55,-1.870000000000001,5.360000000000001,7.75,0.0,1.38,-0.31575,-0.0112299999999999,0.14168,1.41,-0.6300000000000001,0.4745574284459015,-2.777897502367473,-1.3454554151109732,-0.3817068158609861,1.3574901106012724,0.428755375958424,0.070091946365675,0.0160976051829515,2016-03-30,0.0776264858481892,0.0160976051829515,2016-05-27,0.1457405464890886,0.0028907067495951,2016-08-26,0.2826175463399698,0.0028907067495951,2017-02-28,0.0,1.0,False,True,False,False,False,False,False,1,False,neutral,6.927452097127909e-49,1.0,9.951083105975141e-60,0.03995418907686887,0.016097605182951558,2016-04-28,0.02298555776433524,0.027707520882957706,0.0,0.0,0.0,0.0,0.49999999999999994,0.8660254037844387
2016-03-31,101.73949432373048,21447200.0,-0.0014632257909925,0.0352953991025555,-0.041785711129182,0.1044377526720825,0.0452553132235011,0.104355728377413,0.230575564711216,96.30823333740234,97.02984889103816,99.83683128356934,99.96249338098474,0.0190577266495661,-0.0460369884606178,94.58999633789062,-0.038230830651409,-0.0357798388463421,-0.0383286320563948,36.94,0.0741494620529223,-0.0248152059134109,-0.2259010896898575,1234.199951171875,0.0031698790449246,0.1454291890226218,0.0431915955036934,21224.3203125,-0.0132747991291783,-0.0329685076437196,18525.933,25.37,0.0,-0.5999999999999979,-1.3599999999999994,137.688,-12.338000000000022,1.1456545973959853,1.1456545973959853,-0.021131381737232,-0.069385395965777,0.0712996544688063,0.1614699311534453,0.73,-0.12,-0.3600000000000001,0.1699999999999999,1.78,-0.05,-0.5399999999999998,-0.1599999999999999,2.61,-0.0900000000000003,-0.4300000000000001,0.0699999999999998,1.05,1.88,-0.1799999999999997,-0.3299999999999998,0.8472775790126619,-0.1329675323582302,0.4109593620941432,0.6059737804781751,4.9,-0.1999999999999993,-0.1999999999999993,13.95,-3.75,-2.129999999999999,7.05,-0.4100000000000001,0.0899999999999998,-0.37023,-0.05448,-0.0088199999999999,1.57,-0.5199999999999998,0.0,-1.5317920018985356,-0.0829571857494214,0.6427682774250102,0.5335820161591349,0.4284299888998856,-0.0318679908713773,-0.0318679908713773,2016-04-29,-0.0238719347195344,-0.0614261549452692,2016-06-29,0.0926225397911197,-0.0614261549452692,2016-09-28,0.2255238185796853,-0.0614261549452692,2017-03-30,0.0,0.0,False,True,False,False,False,False,False,1,False,neutral,4.9858563337022514e-36,1.0,5.584020097196915e-48,0.010439889198503804,-0.03827831890622713,2016-05-31,-0.017160958752846622,-0.03413693172316211,0.0,0.0,1.0,0.0,0.8660254037844386,0.5000000000000001
2016-04-29,98.49726104736328,67502800.0,-0.0052692809197525,-0.0318679908713773,0.018281169252786,-0.0672034882347293,-0.007140690623855,0.1356065130810608,0.1759301997256881,99.8506982421875,98.27897303654598,99.98968551635744,100.03472010294595,-0.014925784207512,-0.0764378730039865,93.08000183105467,-0.015963575063921,-0.0655556544451849,-0.0160676180505671,45.98,0.2447211694639957,0.3660130718954248,-0.2287822878228782,1289.199951171875,0.0445632816204355,0.1547831628259823,0.0903246993848272,21377.58984375,0.0728436705039901,-0.0298035129196717,18525.933,25.92,0.5500000000000007,1.7100000000000009,-0.8699999999999974,137.688,-12.338000000000022,1.1539278396262147,1.1539278396262147,0.0730517056774948,-0.0658941044966641,0.1399309605489647,0.5726533884320422,0.77,0.04,0.01,0.19,1.83,0.05,-0.1099999999999998,-0.2199999999999997,2.66,0.0500000000000002,-0.0899999999999998,-0.0899999999999998,1.06,1.89,-0.1199999999999998,-0.4099999999999997,0.8916160965521946,0.3134796238244419,0.2528913450157155,0.8827731349180246,5.0,0.0,0.0,15.7,1.75,-4.5,6.24,-0.8099999999999996,-1.5,-0.38505,-0.01482,-0.08715,1.61,0.0,0.5767432005834242,-0.4297934943815088,-0.5461067485778085,0.8777359539122501,-0.4044275240348737,0.4280516638805066,0.0437005281004609,-0.0066213367334269,2016-05-31,0.0928579677841601,-0.0305311298409564,2016-07-29,0.1204113047378772,-0.0305311298409564,2016-10-27,0.3110634021864671,-0.0305311298409564,2017-05-01,0.0,1.0,False,True,False,False,True,False,False,2,True,neutral,8.702504453541799e-42,1.0,4.929859809224034e-38,0.008259262245692955,-0.030531129840956406,2016-06-29,-0.004237460315394759,-0.008136431172250899,0.0,0.0,0.0,1.0,1.0,6.123233995736766e-17
2016-05-31,102.80164337158205,24366100.0,0.0019069400467894,0.0437005281004609,0.0461037683569069,-0.0289099004162571,0.0100641221694492,0.1344548599160266,0.1262271413975282,100.72454528808592,100.15545630821816,99.60755786895751,99.95372490410332,0.0320666982602526,-0.0360777203206755,95.88999938964844,0.0301890578353667,-0.0250127007894154,-0.0154019920874898,49.1,0.0678555893866899,0.4277406222739168,-0.1849269588313413,1214.800048828125,-0.0577101343171173,-0.0125985526983957,0.0223007648835271,21701.470703125,0.0677125704679633,-0.0268547091578446,18711.702,25.69,-0.2300000000000004,0.3200000000000003,-0.8099999999999987,137.688,-12.338000000000022,1.1597806924845746,1.1597806924845746,0.0626592023685304,-0.0601647862885881,0.1954634925217943,0.3280780463575338,0.87,0.0999999999999999,0.02,0.2299999999999999,1.84,0.01,0.01,-0.3499999999999998,2.64,-0.02,-0.06,-0.2999999999999998,0.97,1.77,-0.01,-0.5799999999999997,1.1726257503534845,0.3830645161290169,-0.0648767523409032,1.0450091896829772,5.1,0.2999999999999998,0.0999999999999996,14.19,-1.5099999999999998,-3.51,5.97,-0.2700000000000004,-1.4900000000000002,-0.37387,0.01118,-0.05812,1.5,0.0,0.2008661708011452,0.0943890165924126,0.1022317542291393,0.9718065822542814,-0.405100922130731,0.4279073022152282,-0.0339573133294004,-0.0711235224499879,2016-06-29,0.0626377378702174,-0.0711235224499879,2016-08-29,0.0797848990423852,-0.0711235224499879,2016-11-28,0.2936150038996121,-0.0711235224499879,2017-05-31,0.0,0.0,False,True,False,False,False,False,False,1,False,neutral,1.954718451257718e-27,1.0,4.098386925108562e-32,0.047099180617610203,-0.0711235224499881,2016-07-29,-0.048096789642179075,-0.037759885599833086,0.0,0.0,0.0,0.0,0.8660254037844387,-0.4999999999999998
2016-06-30,100.45978546142578,36300800.0,0.0115698391824388,-0.0228688261638392,-0.0229572090107662,-0.0452346441346036,0.0076025507582808,0.2147540079549619,0.1637212561552692,100.20147354125976,100.73027191162107,100.01707778930664,99.71541908195428,0.0044263208034505,-0.0580362118526006,96.13999938964844,0.0071234057374549,0.0160642210837529,-0.0017651144559721,48.27,-0.0163032402690034,0.3651018099547511,-0.1522655426765015,1318.4000244140625,0.0878785360628169,0.0787105850805742,0.1278015606621578,21711.380859375,0.0229482282449415,-0.011685539625924,18711.702,25.84,0.0,-0.0800000000000018,-0.5399999999999991,137.688,-12.338000000000022,1.160310315938924,1.160310315938924,0.0146557185429387,-0.0414593463147436,0.149684705660813,0.4173924883221442,0.58,-0.33,-0.18,-0.1099999999999999,1.49,-0.3600000000000001,-0.3,-0.9400000000000002,2.3,-0.33,-0.3200000000000003,-0.9000000000000004,0.91,1.7199999999999998,-0.12,-0.8300000000000002,1.0784764621246223,0.236409586931785,0.2311988831119604,0.6421582452061037,4.8,-0.1000000000000005,-0.2999999999999998,15.63,1.4300000000000015,2.530000000000001,6.21,0.2000000000000001,-0.8399999999999999,-0.34768,0.0261899999999999,0.0293599999999999,1.23,-0.33,0.158854545952264,-1.148824781414058,-0.1151406240432473,0.3667041733590278,0.7539832276697118,0.4278581940210261,0.0771804595645402,-0.0011157045034864,2016-08-01,0.0985235958477961,-0.0011157045034864,2016-09-29,0.119255984352341,-0.0011157045034864,2016-12-29,0.293087014091171,-0.0011157045034864,2017-06-30,0.0,1.0,False,True,False,False,False,False,False,1,False,neutral,6.855805381806457e-30,1.0,1.321125829758668e-30,0.08387574981213186,-0.0011157045034863033,2016-08-30,0.009336147846225606,0.020974213504438635,0.0,0.0,1.0,0.0,0.49999999999999994,-0.8660254037844387
2016-07-29,107.64351654052734,22385300.0,0.002174602349295,0.0839057063061743,0.0928579677841601,0.1128366892624779,0.0395823088473004,0.0865545061024482,0.154151404306674,102.24034576416015,101.42557971660908,100.79511459350586,100.40113005766996,0.06794378849253,0.0,95.52999877929688,-0.0025059817498376,0.026321410615022,-0.0208076960854541,41.54,-0.1667001003009027,-0.0965637233579816,-0.1440346177622089,1349.0,0.0189591170957537,0.0463853948906585,0.2394340038040985,22547.919921875,0.0547456512487614,0.0154040670571886,18711.702,26.69,0.8500000000000014,0.7699999999999996,0.3100000000000023,137.688,-12.338000000000022,1.2050170487898428,1.2050170487898428,0.0510892091636281,-0.0097598531144684,0.9564862642267564,1.1999728691631355,0.67,0.05,-0.0999999999999999,-0.0499999999999999,1.46,-0.04,-0.3700000000000001,-0.8199999999999998,2.18,-0.1199999999999996,-0.48,-0.7799999999999998,0.7899999999999999,1.5100000000000002,-0.2700000000000001,-0.7699999999999999,1.0792865347959424,0.2775957287827202,0.1876704382437477,0.4405617832594632,4.9,-0.0999999999999996,-0.0999999999999996,11.87,-4.770000000000001,-3.83,5.61,-0.6499999999999995,-0.6299999999999999,-0.35828,-0.0105999999999999,0.02677,1.18,-0.4300000000000001,0.1661460433731724,1.0031445724875034,0.7639949264195068,1.1280748987622176,0.4049331634426716,0.4277143545861435,0.0148396231610474,-0.002343318484,2016-08-29,0.0252121847174555,-0.0082445658464201,2016-10-27,0.0891496529426394,-0.0112407985483927,2017-01-30,0.2558028176381246,-0.0112407985483927,2017-07-31,0.0,0.0,False,True,False,False,False,False,False,1,False,neutral,3.193777259937446e-28,1.0,1.2147549009662603e-20,0.03269447392315761,-0.008244565846419971,2016-09-28,0.003939740525425872,0.002815403152676082,0.0,0.0,0.0,1.0,1.2246467991473532e-16,-1.0
2016-08-31,108.7738265991211,16169800.0,-0.0010295058203899,0.0128739799384611,0.0557980236856179,0.1085531546273952,0.1651642823921806,0.0562563304315701,0.1388682720348792,105.8003923034668,104.819627732497,101.42625549316406,101.66155998986046,0.0724424959812526,-0.0107052834677238,96.0199966430664,0.0100988755431108,0.0048137201363007,0.0059717099324088,44.68,0.1311392405063292,-0.0907610907610907,-0.0154252974878801,1306.9000244140625,-0.0421430657953068,0.0802611767787524,0.1477123741588704,22561.220703125,0.0344969486788953,0.1165571166525203,18892.639,26.95,0.0,1.1099999999999994,2.4499999999999997,137.688,-12.338000000000022,1.19418047966327,1.19418047966327,0.0286595206732753,0.0961220501051973,0.6980588643961854,1.414620280169739,0.8,0.13,-0.0899999999999999,0.1,1.58,0.03,-0.2299999999999999,-0.5899999999999999,2.23,-0.06,-0.3500000000000001,-0.7000000000000002,0.78,1.43,-0.14,-0.69,0.8683633430518256,-0.050370074347894,-0.3042624073016586,-0.3691391596425619,4.8,-0.2999999999999998,0.0,13.42,0.0500000000000007,-0.2100000000000008,5.1,-0.6300000000000008,-0.9000000000000004,-0.35337,0.0049099999999999,0.0204999999999999,1.25,-0.27,0.1844531540028373,0.2904400351118176,0.8843271688989233,1.3560644594844586,-0.4508865833792055,0.4274634133883808,0.0221350569252609,-0.0185502724482494,2016-09-30,0.0116315942194271,-0.0215153701606128,2016-11-30,0.1313698065462067,-0.0215153701606128,2017-03-03,0.2685227249692663,-0.0215153701606128,2017-08-31,0.0,0.0,False,True,False,False,False,False,False,1,False,neutral,5.821707585812671e-25,0.9999999991449132,8.550870266837636e-10,0.007240831178457752,-0.01855027244824936,2016-10-31,-0.006389500100405288,-0.0009014780497657644,0.0,0.0,0.0,0.0,-0.4999999999999997,-0.8660254037844388
2016-09-30,111.1815414428711,25543200.0,0.0074675222995235,0.0221350569252609,0.1011972190453305,0.0854499905106465,0.1744665641253369,0.1533821677473993,0.1073038800661968,109.06942245483398,107.74181588979869,101.91606189727784,102.21516868660042,0.0909128489965793,-0.0031073569809602,95.45999908447266,-0.0058320930865621,-0.0019864342747014,-0.0075891811872889,47.72,0.0680393912264996,-0.0265197878416973,0.0663687150837988,1313.300048828125,0.0048971032936753,-0.0175057254421499,0.178693328290711,22576.669921875,0.03852968858992,0.1200212042593005,18892.639,26.73,-0.2199999999999988,0.0399999999999991,1.240000000000002,137.688,-12.338000000000022,1.194998217129698,1.194998217129698,0.0332081077906332,0.0995863565147718,0.6819761949294059,1.1542089269793436,0.77,-0.03,0.18,0.13,1.6,0.02,0.1400000000000001,-0.4499999999999997,2.32,0.0899999999999998,0.0799999999999996,-0.5300000000000002,0.8300000000000001,1.5499999999999998,-0.0399999999999999,-0.5799999999999996,1.0553158595656864,0.1849221785831689,-0.0231606025589359,0.2080382805530245,4.9,0.1000000000000005,0.0,13.29,-0.1300000000000007,-1.4800000000000004,4.97,-0.1299999999999999,-1.1500000000000004,-0.33801,0.01536,0.00653,1.31,0.1300000000000001,0.0434171662565265,1.1121811703539866,0.7971254612481384,1.4669789147826444,-0.6673126288526159,0.427355713119156,-0.0145716807636041,-0.0160038021553461,2016-10-31,0.0009300211414604,-0.0427051462427879,2016-12-30,0.1200075181226487,-0.0427051462427879,2017-04-03,0.2384939133468429,-0.0427051462427879,2017-10-02,0.0,0.0,False,False,False,False,False,False,False,0,False,neutral,1.536685258207497e-20,0.9999999997842028,2.157971426869157e-10,-0.010276002798915496,-0.042705146242788095,2016-11-30,-0.01440332587033628,-0.028769491152699,0.0,0.0,1.0,0.0,-0.8660254037844385,-0.5000000000000004
2016-10-31,109.56143951416016,18749400.0,-0.0009393388965961,-0.0145716807636041,0.0202080294322479,0.1122245324016542,0.0438945765438938,0.0894137303953795,0.1064544634910898,109.99107025146483,109.75414546086238,102.89527988433838,102.74100470328116,0.0647858642040239,-0.0215773110955616,98.4499969482422,0.0313219976162337,0.0356616818505479,0.0154718932152291,46.83,-0.018650461022632,0.1855696202531644,0.0049356223175964,1271.5,-0.0318282549866831,-0.0680885537611728,0.1138852387209812,22072.490234375,-0.0119647136593417,0.0195847415521979,18892.639,26.53,-0.1999999999999993,-0.4199999999999981,1.0400000000000027,137.688,-12.338000000000022,1.1683116495464183,1.1683116495464183,-0.0255818453839196,-0.0081338322618194,0.0420899244030977,0.8946873563295675,0.86,0.0899999999999999,0.1899999999999999,0.1099999999999999,1.84,0.24,0.29,-0.32,2.58,0.2600000000000002,0.29,-0.3500000000000001,0.98,1.7200000000000002,0.1,-0.43,1.5486446201652182,0.2623209794425207,0.4693580853692758,0.6570285236130236,5.0,0.0999999999999996,0.0,17.06,3.77,3.69,4.91,-0.0599999999999996,-0.8200000000000003,-0.37867,-0.04066,-0.02039,1.5,0.24,0.5567507950781468,-0.3429740325214003,0.2883710964953886,1.165278700442799,-0.1225680488302697,0.4273871267819136,0.0043591988182531,-0.0285494793786568,2016-11-30,0.0753135855127529,-0.0285494793786568,2017-02-01,0.1768601470832678,-0.0285494793786568,2017-05-03,0.3135266008966162,-0.0285494793786568,2017-10-31,0.0,1.0,False,False,False,False,False,False,False,0,False,neutral,1.2802492287781424e-20,0.9999999998702656,1.2973447243177843e-10,0.015730927965492914,-0.028549479378656928,2016-12-30,-0.019984670382941737,-0.015737380879611605,0.0,0.0,0.0,1.0,-1.0,-1.8369701987210297e-16
2016-11-30,110.0390396118164,30405300.0,-0.0121070853172078,0.0043591988182531,0.0116315942194271,0.0680786378748021,0.0317839135406929,0.1514956909608922,0.1330624020140835,110.12258422851562,109.87729292649487,104.5705919265747,103.47305593404684,0.0522943170206153,-0.0173121720663371,101.5,0.0309802249497406,0.0570714804053194,0.0170340370366577,49.41,0.0550928891736066,0.1058639212175469,0.2175948743223261,1170.800048828125,-0.079197759474538,-0.1041395462877557,0.1005828117021336,22991.0703125,0.0190525865169812,0.0514212114797338,19089.379,26.85,0.3200000000000003,-0.0999999999999978,0.8800000000000026,137.688,-12.338000000000022,1.2043906882722586,1.2043906882722586,0.0102102086089885,0.0182503218486187,0.8362427246744967,1.2074409227488796,1.11,0.2500000000000001,0.31,0.2,2.37,0.53,0.79,0.2200000000000002,3.02,0.4399999999999999,0.79,0.1099999999999998,1.26,1.91,0.48,0.0200000000000002,1.685924966243646,0.2342687497926876,0.8175616231918204,0.5132992158901617,4.9,0.1000000000000005,-0.1999999999999993,13.33,-3.729999999999999,-0.0899999999999998,4.67,-0.2400000000000002,-0.4299999999999997,-0.42903,-0.05036,-0.07566,1.89,0.6399999999999999,0.6025137425485482,-0.4567710170759404,0.0444618764313625,1.5897139598422527,-0.1996811469673482,0.4276271260644054,0.0113223726736608,-0.0172763891543784,2016-12-30,0.1183614796245755,-0.0172763891543784,2017-03-03,0.2270937112620594,-0.0172763891543784,2017-06-02,0.3336135794423878,-0.0172763891543784,2017-11-30,0.0,1.0,False,False,False,False,False,True,True,2,True,neutral,1.0554613021128664e-23,0.9999999912323104,8.767689608537295e-09,0.0706464248826375,-0.017276389154378458,2017-02-01,-0.0076424680876849395,0.0012959206241453833,0.0,0.0,0.0,0.0,-0.8660254037844386,0.5000000000000001
2016-12-30,111.28494262695312,41749000.0,-0.0102745572530541,0.0113223726736608,0.0009300211414604,0.10222135573996,0.0709786957595637,0.1134908771083251,0.1192015546198895,110.57507125854492,110.56375286395732,106.09718227386476,105.20210695696306,0.0488963065927368,-0.0193674119305097,102.38999938964844,0.008768466893088,0.0725958555587604,0.0381222978904642,53.75,0.0878364703501315,0.1263621123218776,0.4476164826286022,1150.0,-0.0177656713022382,-0.1243432899997527,0.084598648534454,23425.859375,0.0376135832283308,0.106671154602755,19089.379,27.87,1.0199999999999996,1.1400000000000006,1.900000000000002,137.688,-12.338000000000022,1.2271671789323266,1.2271671789323266,0.0321689618026286,0.0789327299558964,1.285997145295527,2.1971156811772152,1.2,0.0899999999999998,0.4299999999999999,0.1399999999999999,2.45,0.08,0.8500000000000001,0.1800000000000001,3.06,0.04,0.7400000000000002,0.0500000000000002,1.2500000000000002,1.86,0.4200000000000001,0.0400000000000002,1.6843334719788938,0.1178947716771183,0.6290176124132074,0.6058570098542715,4.7,-0.2000000000000001,-0.0999999999999996,14.04,0.7099999999999991,0.75,4.21,-0.4599999999999999,-0.7599999999999998,-0.4667,-0.0376699999999999,-0.12869,1.94,0.6299999999999999,0.105049443269191,-0.6231973377183063,0.1290474621514538,1.6450055834906254,-0.3373402061765666,0.4275826708795903,0.0586598831509481,0.0089467268691116,2017-02-01,0.1189668552906348,0.0089467268691116,2017-04-03,0.1550055737080036,0.0089467268691116,2017-07-03,0.3498874974805195,0.0089467268691116,2018-01-02,0.0,1.0,False,False,False,False,False,True,True,2,True,neutral,5.683273068337915e-22,0.9661763267721962,0.0338236732278033,0.10584073866370858,0.008946726869111687,2017-03-03,0.02103318584374154,0.027759069253988536,0.0,0.0,1.0,0.0,-0.5000000000000004,0.8660254037844384
2017-01-31,117.00511169433594,19091100.0,-0.0020026201825902,0.0405984245642689,0.0669374623059135,0.0812450259931516,0.2063743308777545,0.0809009447495428,0.1153366959513098,113.10364532470705,112.09156282865084,107.5009508895874,106.89996509723836,0.0884100161542766,-0.009777355588412,99.51000213623048,-0.0308725960218517,0.0117946485013378,0.0051515367296006,52.75,-0.0195167286245352,0.0827175697865354,0.6682479443390259,1208.5999755859375,0.0451400467570244,-0.0524500387409349,0.0715488513388393,23847.2109375,0.0810330406521169,0.1972789782714812,19089.379,28.06,0.1899999999999977,1.5299999999999976,4.059999999999999,146.30700000000002,8.619000000000028,1.2492397441268257,1.2492397441268257,0.0816077160853752,0.1688116548888665,1.684480678010969,2.200730707142142,1.19,-0.03,0.3299999999999999,0.3799999999999999,2.45,-0.04,0.5900000000000001,0.4800000000000002,3.05,-0.0300000000000002,0.4299999999999997,0.2799999999999998,1.2600000000000002,1.86,0.2600000000000002,0.1000000000000003,2.0507989115119862,0.2524522158776188,0.502154291346768,0.9715123767160438,4.7,-0.2999999999999998,-0.2000000000000001,11.99,-1.379999999999999,-4.200000000000001,4.0,-0.1799999999999997,-0.7599999999999998,-0.4866,-0.0262599999999999,-0.1079299999999999,1.93,0.3699999999999999,0.0,0.6541797148580147,1.247496226902037,2.017365536574756,-0.2395230338386344,0.4278367542455566,0.0498512854707333,0.0060206986211743,2017-03-02,0.1055294783665254,0.0060206986211743,2017-05-02,0.1579876857823119,0.0060206986211743,2017-08-01,0.3722732789718164,0.0060206986211743,2018-01-31,0.0,1.0,False,False,False,False,False,False,True,1,False,risk_on,7.398357039485731e-16,0.0018572422069853,0.9981427577930142,0.06490603148363583,0.006020698621174381,2017-03-31,0.009151482769993492,0.01459243794410756,0.0,0.0,0.0,1.0,0.0,1.0
2017-02-28,122.12416076660156,16598600.0,-0.003066895669183,0.0335455235218082,0.097681128730573,0.1194659648472036,0.2826175463399698,0.0573443752449369,0.0853164188970594,116.80870956420898,115.39632063645584,109.42607799530028,108.54973327361786,0.1160425650259222,-0.0036777955335398,101.12000274658205,0.0058689343922151,-0.0036456313427472,0.029630421436074,54.0,0.0154193305754042,0.1558219178082192,0.6493585827733659,1252.5999755859375,0.0542883606812552,0.0631471969932284,0.0151551590905876,24609.7890625,0.0622217984646769,0.238912850633477,19280.084,28.66,0.6000000000000014,1.8099999999999987,4.66,146.30700000000002,8.619000000000028,1.2764357801812485,1.2764357801812485,0.0627650419594862,0.2042080261863483,2.138090221339369,2.565943513979673,1.22,0.0,0.0999999999999998,0.4399999999999999,2.36,-0.1300000000000003,0.0,0.6199999999999999,2.97,-0.0899999999999998,-0.0399999999999995,0.3600000000000003,1.14,1.7500000000000002,-0.0999999999999998,0.1799999999999999,2.510393348257112,0.4043076694815628,0.8244683820134657,1.642030005205286,4.7,-0.2000000000000001,-0.0999999999999996,12.92,2.34,0.5800000000000001,3.74,-0.1899999999999999,-0.8999999999999995,-0.48742,-0.00082,-0.05839,1.83,-0.04,0.0784136654765649,1.2093633266383392,1.6222280464124352,2.0042153150667708,-0.0917432936153363,0.4282472584747239,0.0192668134269271,0.000461171565693,2017-03-29,0.0893242218526353,0.000461171565693,2017-05-30,0.1005612649120157,0.000461171565693,2017-08-28,0.2977552777031231,0.000461171565693,2018-02-28,0.0,1.0,False,False,False,False,False,False,False,0,False,risk_on,2.2765532296532513e-16,0.0001357860512806,0.9998642139487192,0.04809116078669806,0.0004611715656930304,2017-04-28,0.0039856168447693465,0.004874384509355536,0.0,0.0,0.0,0.0,0.49999999999999994,0.8660254037844387
2017-03-31,124.59944915771484,19841400.0,-0.0006795122735642,0.0143398843448121,0.1081395386708594,0.1290534084500889,0.2118181718347365,0.0729396140895253,0.0713241298043381,121.26047470092772,119.62271165114184,111.9986728668213,110.9253856899502,0.1125082643245001,-0.0006795122735642,100.3499984741211,-0.0181017468626539,-0.0226918759654234,0.0605579746481887,50.54,-0.03971119133574,-0.0605947955390334,0.4292986425339367,1247.300048828125,0.0125010342632205,0.0786060381312432,0.0205368177540699,24624.720703125,0.0467722716444707,0.1602124515913163,19280.084,29.09,0.0,1.2199999999999989,3.169999999999998,146.30700000000002,8.619000000000028,1.2772102394950666,1.2772102394950666,0.0448794398655973,0.1315556420990813,1.9554993146252293,2.6041941571319565,1.27,-0.05,0.05,0.51,2.4,-0.0900000000000003,-0.0900000000000003,0.6099999999999999,3.02,-0.0699999999999998,-0.06,0.3999999999999999,1.13,1.75,-0.1400000000000003,0.0999999999999998,2.8103616813294208,0.1592657357009752,1.126028209350527,1.7550458217637344,4.6,-0.1000000000000005,-0.3000000000000007,12.37,0.5599999999999987,-1.0,3.92,0.3700000000000001,-0.2599999999999998,-0.48039,0.00703,-0.0200499999999999,1.64,-0.3800000000000001,0.0204722760949757,1.3411695110906448,1.6343929885538455,2.048333617780011,0.2692855837956547,0.4288048767859931,0.0381474474572114,-0.0149567409580713,2017-05-02,0.0425667600996086,-0.0149567409580713,2017-06-30,0.1041357563074889,-0.0149567409580713,2017-09-29,0.1982243638504952,-0.0149567409580713,2018-04-03,0.0,0.0,False,False,False,False,False,False,False,0,False,risk_on,8.303678192962982e-15,2.9187520561322804e-08,0.9999999708124712,0.07146122961523615,-0.014956740958071424,2017-06-01,-0.009623856328191294,-0.0070839520337695715,0.0,0.0,1.0,0.0,0.8660254037844386,0.5000000000000001
2017-04-28,127.99725341796876,22771900.0,0.0017676929922592,0.0282794916699575,0.0832499274738676,0.1545514229519389,0.2926532025243669,0.0726631196952235,0.0709995967581585,123.7762843322754,122.6112344595102,114.30567378997804,112.94674253034162,0.1197804026171722,0.0,99.0500030517578,-0.0094999694824218,-0.0147219312196376,0.0564206569432574,49.31,-0.0032342834040831,-0.0727717186912372,0.0712578752987183,1266.0999755859375,0.0101324006099425,0.0656510408238435,0.0004741016088007,24878.48046875,0.0362108947343673,0.1579081809822007,19280.084,28.9,-0.1900000000000012,0.8399999999999999,2.979999999999997,146.30700000000002,8.619000000000028,1.2903719957210769,1.2903719957210769,0.0326522006585974,0.1306079537427322,2.08025497887211,2.2319430968328047,1.28,0.02,0.06,0.5,2.29,-0.1,-0.2000000000000001,0.4499999999999999,2.96,-0.0300000000000002,-0.1,0.2799999999999998,1.01,1.68,-0.2600000000000002,-0.05,2.44119623655914,-0.0467201626189517,0.3903973250471537,0.8925516163939218,4.4,-0.2999999999999998,-0.5999999999999996,10.82,-0.5999999999999996,0.2400000000000002,3.75,-0.1899999999999999,-0.1800000000000001,-0.50738,-0.02834,-0.02078,1.49,-0.48,0.0,0.8392731737535158,1.987347964635008,2.122465579364144,0.4459699776878233,0.429278855118921,0.0393411018131169,0.0005883104677062,2017-05-30,0.060606588028174,0.0005883104677062,2017-07-28,0.0859840485011018,0.0005883104677062,2017-10-26,0.1937120995733645,0.0005883104677062,2018-04-30,0.0,0.0,False,False,False,False,False,False,False,0,False,risk_on,8.097809407041165e-19,2.9540961880980827e-08,0.9999999704590384,0.03244004716974369,0.0005883104677060214,2017-06-28,0.006780006933360916,0.009232758907072005,0.0,0.0,0.0,1.0,1.0,6.123233995736766e-17
2017-05-31,132.98574829101562,33229400.0,-0.0003537330884271,0.0298103512591829,0.0771748686215205,0.1980302790369299,0.2936150038996121,0.109100732997122,0.0875797521744858,127.10762176513671,126.22098752535308,116.870993309021,115.91026914441908,0.1378849834824733,-0.0003537330884271,96.91999816894533,-0.0223925886057139,-0.0477500556950305,0.0107414619444461,48.29,-0.0110587753430267,-0.1027499070977332,-0.0164969450101833,1272.0,0.0149205700497339,0.0184962568134907,0.0470858979854782,25041.33984375,0.0032274852446247,0.1539005897947765,19438.643,29.31,0.0,0.2199999999999988,3.619999999999997,146.30700000000002,8.619000000000028,1.2882246895397995,1.2882246895397995,-0.0064158990009453,0.1284439970552251,1.8690608463586829,2.321190778048704,1.28,0.0,-0.01,0.41,2.21,-0.1200000000000001,-0.25,0.3699999999999999,2.87,-0.1299999999999999,-0.1899999999999999,0.2299999999999999,0.93,1.59,-0.24,-0.0400000000000001,2.176223471915395,0.1234152821740774,-0.3341698763417167,0.490298505671749,4.4,-0.2999999999999998,-0.5,10.41,0.3000000000000007,-2.129999999999999,3.74,-0.0399999999999995,0.1700000000000003,-0.54549,-0.0381099999999999,-0.05807,1.23,-0.6000000000000001,0.0364340350792022,0.6825098796430525,1.9980817099005457,1.992170511581993,0.2487463652489949,0.4297448699949548,-0.0235343280376219,-0.0235343280376219,2017-06-29,0.014647483051176,-0.0334698969198496,2017-08-29,0.1137394992790883,-0.0334698969198496,2017-11-28,0.2141122437482172,-0.0334698969198496,2018-05-31,0.0,0.0,False,False,False,False,False,False,False,0,False,risk_on,4.366979940635347e-17,7.453747639537117e-10,0.9999999992546252,0.016492617511577823,-0.033469896919849695,2017-07-31,-0.018674743447024644,-0.023904925593256323,0.0,0.0,0.0,0.0,0.8660254037844387,-0.4999999999999998
2017-06-30,129.9032440185547,68898300.0,0.0003636793492642,-0.0269673495568323,0.0425667600996086,0.155309448570353,0.293087014091171,0.1672927167079939,0.1236009402678435,130.91451187133788,129.33511962890626,119.43493427276611,118.41427986901084,0.0876486415765172,-0.0386919820980025,95.66000366210938,-0.0158435528239042,-0.0467363715328924,-0.0049926745432322,46.02,-0.0475993377483443,-0.0894341115947763,-0.0466128029832193,1240.699951171875,-0.0207577338817087,-0.0052915075746617,-0.05893512727802,25230.41015625,0.0245968049923155,0.1620822424730981,19438.643,29.75,0.0,0.6600000000000001,3.91,146.30700000000002,8.619000000000028,1.2979512076151611,1.2979512076151611,0.0207409681200945,0.137640891676237,1.872013774966626,2.3718707942810444,1.38,0.0999999999999998,0.1099999999999998,0.7999999999999999,2.31,0.1,-0.0899999999999998,0.8200000000000001,2.84,-0.0300000000000002,-0.1800000000000001,0.54,0.9300000000000002,1.46,-0.1999999999999997,0.0200000000000001,1.856343166761976,-0.0773977960056293,-0.9540185145674452,0.1720096947830818,4.4,-0.1999999999999993,-0.2999999999999998,11.18,1.2899999999999991,-1.1899999999999995,3.77,0.08,-0.1499999999999999,-0.56927,-0.02378,-0.08888,1.28,-0.3599999999999999,0.2443713698515272,0.0311108073064238,1.2901782814231455,1.4243296593123629,0.2287414654852151,0.4301644281628463,0.0430107387947313,-0.01053487944037,2017-08-01,0.0590552073634094,-0.01053487944037,2017-09-29,0.1364961503353736,-0.01053487944037,2017-12-29,0.2655765264369245,-0.01053487944037,2018-07-02,0.0,0.0,False,False,False,False,False,False,False,0,False,risk_on,7.60564024536959e-16,4.491980470855617e-12,0.9999999999955076,0.05092984080629237,-0.010534879440370015,2017-08-30,-0.002572222250282752,0.0076364214375164285,0.0,0.0,1.0,0.0,0.49999999999999994,-0.8660254037844387
2017-07-31,135.1790313720703,33848600.0,-0.0042407277564955,0.0409916566434522,0.0467946194919643,0.1530121817926724,0.2558028176381246,0.0980351359008027,0.1284766424459714,132.8254867553711,132.08458486703725,121.73803054809572,120.61118935249948,0.1104092185774632,-0.0113202034522965,92.86000061035156,-0.0289657714380766,-0.0633447530558749,-0.0279493164771603,50.21,0.1187611408199642,0.028261314765513,0.2087144920558499,1266.5999755859375,0.0180035567377772,0.0106119255083796,-0.061082301270617,25685.189453125,0.0303023251969576,0.1391378691302853,19438.643,30.0,0.25,0.6900000000000013,3.3099999999999987,146.30700000000002,8.619000000000028,1.3213468374888615,1.3213468374888615,0.0283151387874971,0.1163297886990188,2.1084394708685203,2.301404165921268,1.34,-0.0399999999999998,0.06,0.67,2.3,0.0299999999999998,-0.0300000000000002,0.8399999999999999,2.89,0.0700000000000002,-0.1099999999999998,0.71,0.9599999999999996,1.55,-0.0900000000000003,0.1699999999999998,1.640565809959127,0.0651628661825221,-0.800630426600013,-0.4102331015528593,4.3,-0.1000000000000005,-0.4000000000000003,10.26,-1.1799999999999995,0.1500000000000003,3.61,-0.1499999999999999,-0.1699999999999999,-0.5774,-0.01141,-0.0700199999999999,1.23,-0.27,0.0726512593790433,0.1308236006087618,1.4353518362362123,2.014900200812962,-0.1982925482719493,0.4301806982137694,-0.0018151971087785,-0.0153601502998106,2017-08-29,0.0582354198110348,-0.0153601502998106,2017-10-27,0.1828721066592258,-0.0153601502998106,2018-01-30,0.2418722774442034,-0.0153601502998106,2018-07-31,0.0,0.0,False,False,False,False,False,False,False,0,False,risk_on,3.0300101637594666e-17,4.0048793425380043e-13,0.9999999999995994,0.010444861567657115,-0.015360150299810638,2017-09-28,-0.013321363710709444,-0.010077153998094883,0.0,0.0,0.0,1.0,1.2246467991473532e-16,-1.0
2017-08-31,137.98207092285156,38480700.0,0.0107155287594995,0.015630487582305,0.0218758535367398,0.1212273101416359,0.2685227249692663,0.146071158887245,0.1378352364284653,134.03042083740235,133.75911278357873,124.69093132019044,123.17937785655528,0.1065926724737598,0.0,92.66999816894533,-0.0017236201546195,-0.0418734801555286,-0.0348885502107856,47.26,-0.0471774193548387,-0.0088087248322148,0.0577439570277529,1316.199951171875,0.0349110714256233,0.030858318324715,0.0071160200352602,25657.9609375,0.0123372689276182,0.1372594273653846,19692.595,29.91,0.0,0.1600000000000001,2.960000000000001,146.30700000000002,8.619000000000028,1.3029243193951838,1.3029243193951838,-0.0009357047459046,0.1087438397319138,1.6647654349146246,2.0228759268520293,1.33,-0.03,0.05,0.53,2.12,-0.1499999999999999,-0.0299999999999998,0.54,2.73,-0.1200000000000001,-0.0699999999999998,0.5,0.79,1.4,-0.0799999999999998,0.01,1.7251073506566073,0.0327649971535448,-0.4511161212587877,-0.7852859976005044,4.3,-0.1000000000000005,-0.4000000000000003,10.59,0.3100000000000005,0.8399999999999999,3.85,0.2600000000000002,0.1600000000000001,-0.55964,0.0177599999999999,-0.00695,1.11,-0.0599999999999998,0.0354311593958952,-0.2995823282762971,1.174830061010781,1.687548847011082,0.3765445800521402,0.4304463609112408,-0.0020611994546375,-0.0211178117203391,2017-10-02,0.0635407666635738,-0.0211178117203391,2017-11-30,0.1528667083278363,-0.0211178117203391,2018-03-05,0.2869745000244945,-0.0211178117203391,2018-08-31,0.0,0.0,False,False,False,False,False,False,False,0,False,risk_on,1.865453239869672e-18,2.585070711994936e-12,0.999999999997415,0.04297510735897636,-0.021117811720339108,2017-10-31,-0.014867641004278242,-0.012357354635896243,0.0,0.0,0.0,0.0,-0.4999999999999997,-0.8660254037844388
2017-09-29,137.57470703125,43102400.0,0.0072021560331225,0.0077315975259424,0.0590552073634094,0.1041357563074889,0.2466282390505871,0.0987351055980662,0.1134508802395302,136.03076995849608,135.10197307880108,127.35446475982666,125.65442643724046,0.0802503649220098,-0.0044502235380751,93.08000183105467,0.0021533654559766,-0.0269705387025467,-0.0257483678134741,51.67,0.1242384682332462,0.1227727075184701,0.0827745180217938,1281.5,-0.020334818501944,0.0328847025339109,-0.0304153383195876,26233.33984375,0.0397508277229317,0.171867338545173,19692.595,30.17,0.2600000000000015,0.4200000000000017,3.4400000000000013,146.30700000000002,8.619000000000028,1.332142353191644,1.332142353191644,0.0341911455764827,0.1472401440561175,1.9937375076910293,2.009515389929185,1.47,0.1399999999999999,0.09,0.74,2.33,0.1800000000000001,0.02,0.77,2.86,0.1099999999999998,0.02,0.5800000000000001,0.8600000000000001,1.39,-0.07,0.03,1.92812155729698,0.3848626163288182,0.0717783905350044,-0.8822401240324407,4.4,0.0,-0.1999999999999993,9.51,-1.7100000000000009,-1.67,3.54,-0.3199999999999998,-0.2299999999999999,-0.56986,-0.01022,-0.0005899999999999,1.27,-0.01,0.1966107951691123,0.4237301823170135,0.8943230377956845,2.008652396000073,-0.1203887533373581,0.4306866618334494,0.0421450703275563,0.0008937349380486,2017-10-30,0.0731226686139987,0.0008937349380486,2017-12-29,0.0852147093376112,0.0008937349380486,2018-04-03,0.2897827396691428,0.0008937349380486,2018-10-01,0.0,1.0,False,False,False,False,False,False,False,0,False,risk_on,2.411827544309128e-21,6.956694793722332e-12,0.9999999999930432,0.05782059108509929,0.0008937349380486737,2017-11-29,0.006380100655538757,0.009968998161115912,0.0,0.0,1.0,0.0,-0.8660254037844385,-0.5000000000000004
2017-10-31,143.911865234375,26319300.0,0.0037598658163831,0.0451293273585535,0.0592773168232041,0.1161280328440579,0.3135266008966162,0.1128194180882329,0.1178725365224913,138.14782348632812,137.4346900353065,130.28820880889893,128.62641044135566,0.1045655362831694,0.0,94.5500030517578,0.010581504050853,0.0185285057284974,-0.0396139564995081,54.36,0.0745206562561771,0.0959677419354838,0.1607943625880845,1267.0,-0.0044786292060643,-0.0037742165779501,-0.0035391270153362,26760.189453125,0.0399604607238028,0.2123774512514915,19692.595,30.92,0.0,1.0100000000000016,4.390000000000001,146.30700000000002,8.619000000000028,1.358896044585541,1.358896044585541,0.035144706207651,0.1905843950391224,2.191032558327584,2.228788663455745,1.6,0.1100000000000001,0.24,0.7400000000000001,2.38,0.04,0.1099999999999998,0.5399999999999998,2.88,0.0099999999999997,0.0299999999999998,0.2999999999999998,0.7799999999999998,1.2799999999999998,-0.1300000000000001,-0.2000000000000003,2.1805652303711787,0.5106389920997767,0.5399994204120517,-0.2606310061879613,4.3,0.0,-0.1000000000000005,10.18,0.7300000000000004,-0.0999999999999996,3.51,-0.04,-0.08,-0.59601,-0.02615,-0.01861,1.23,0.04,0.1132553274705701,0.4095085888975438,0.6552626849428342,1.963111321313918,-0.0428844712764101,0.4309850547785508,0.0197182647596201,-0.0022345550102381,2017-11-30,0.1062194531293736,-0.0022345550102381,2018-02-01,0.067377320544292,-0.0022345550102381,2018-05-03,0.1247028015329205,-0.0022345550102381,2018-10-31,0.0,1.0,False,False,False,False,False,False,False,0,False,risk_on,4.7835381792048363e-23,5.514794288269797e-13,0.9999999999994484,0.04384827800896751,-0.0022345550102381706,2018-01-02,0.003063126947747352,0.004696070359330827,0.0,0.0,0.0,1.0,-1.0,-1.8369701987210297e-16
2017-11-30,146.7495574951172,56595500.0,0.0083845596688074,0.0197182647596201,0.0635407666635738,0.0868066287054583,0.3336135794423878,0.1042111569628731,0.1025243379476044,142.02664764404298,140.9645751953125,133.2114883041382,131.6923550098866,0.1016283907891633,-0.0091952575939301,93.01000213623048,-0.016287687634281,0.0036689756555869,-0.0836452991504387,57.4,0.0559234731420161,0.2145577655522641,0.1617081562436755,1273.199951171875,0.0048934105539659,-0.0326698082321876,0.0874614776846345,27493.380859375,0.0715341303366188,0.1958286624188672,20037.088,31.3,0.379999999999999,1.3900000000000006,4.449999999999999,146.30700000000002,8.619000000000028,1.3721245751565796,1.3721245751565796,0.0692002557613957,0.167733886884321,2.192081372734465,2.2066749218779576,1.78,0.1799999999999999,0.4499999999999999,0.6699999999999999,2.42,0.04,0.2999999999999998,0.0499999999999998,2.83,-0.0499999999999998,0.1,-0.1899999999999999,0.6399999999999999,1.05,-0.1500000000000001,-0.6200000000000001,2.020757753132485,0.077505224501384,0.2956504024758777,-0.15546571878291,4.2,-0.0999999999999996,-0.2000000000000001,11.28,1.0999999999999996,0.6899999999999995,3.61,0.1,-0.2400000000000002,-0.60442,-0.0084099999999999,-0.0447799999999999,1.15,0.0399999999999998,0.069465690722912,0.4776448146211497,0.6704285786791332,1.998547436177878,-0.1668618661706631,0.4313317581499609,0.0236634118297718,-0.0157272579150722,2018-01-02,0.0839892032954092,-0.0157272579150722,2018-03-05,0.1276043088246807,-0.0157272579150722,2018-06-04,0.1000315158631057,-0.0157272579150722,2018-11-30,0.0,1.0,False,False,False,False,False,False,False,0,False,risk_on,1.7660709352746896e-23,5.678051869899e-16,0.9999999999999994,0.08482851720827478,-0.015727257915072235,2018-02-01,-0.01059662928953926,-0.004762836111585073,0.0,0.0,0.0,0.0,-0.8660254037844386,0.5000000000000001
2017-12-29,147.63453674316406,33186000.0,-0.0061892226216826,0.0144656642703491,0.0731226686139987,0.1364961503353736,0.3130047407462897,0.089423652650503,0.1003917026801757,145.67685333251953,144.1959432748648,135.6880255508423,134.39699733149897,0.0880439607240464,-0.0181541550553754,92.12000274658205,-0.0122238833748167,-0.0103136985989225,-0.1028437624387254,60.46,0.0560698689956331,0.1701180568995548,0.1237918215613382,1306.300048828125,0.0188753402254202,0.0193523596005658,0.1296264452173594,27794.169921875,0.05949795517542,0.1815023909652433,20037.088,32.09,0.7900000000000027,1.9200000000000017,4.220000000000002,146.30700000000002,8.619000000000028,1.3871361907416386,1.3871361907416386,0.0549938375499947,0.1548053911121694,2.192174110372331,2.359751829276402,1.89,0.1099999999999998,0.4199999999999999,0.6699999999999999,2.4,0.0299999999999998,0.0699999999999998,-0.0900000000000003,2.74,-0.0699999999999998,-0.1199999999999996,-0.3399999999999998,0.51,0.8500000000000003,-0.3500000000000001,-0.7600000000000002,2.172493864295566,0.2668007428251684,0.2443723069985859,0.3161506975335904,4.2,-0.2000000000000001,-0.2000000000000001,11.04,0.3399999999999998,1.5299999999999994,3.58,-0.06,0.04,-0.61689,-0.01247,-0.04703,1.01,-0.26,0.0575560468516377,0.6423758373030143,0.7422037888197844,1.9332685013336768,-0.0122143613021082,0.431856779537045,0.087570644534058,0.0175271723262049,2018-01-31,0.0112680880548634,-0.0148304298633531,2018-04-03,0.1135774864379961,-0.0148304298633531,2018-07-02,0.0027519341106811,-0.0709263318628308,2019-01-02,0.0,0.0,False,False,False,False,False,False,False,0,False,risk_on,1.4455738508255398e-21,4.721107891061786e-21,1.0,0.06567857769263141,-0.014830429863353145,2018-03-02,0.03098374357919078,0.01671390513603071,0.0,0.0,1.0,0.0,-0.5000000000000004,0.8660254037844384
2018-01-31,160.56298828125,42449200.0,0.0041493728417907,0.087570644534058,0.1198985108683621,0.1850499757644119,0.3722732789718164,0.1116359550488854,0.1026218972671201,151.26552032470704,149.7686232346755,139.14256149291992,137.6208220473281,0.1539458995040854,-0.0089511878140805,89.12999725341797,-0.032457722579421,-0.0567255871682769,-0.1043111713393608,64.82,0.0721137942441281,0.1979301423027166,0.2288151658767772,1339.0,0.025032496325182,0.0509379370988654,0.1078934527951183,29237.48046875,0.094914898937757,0.2260335410030589,20037.088,33.31,1.2199999999999989,2.390000000000001,5.250000000000004,164.894,18.58699999999999,1.4591681420349103,1.4591681420349103,0.1031776947055971,0.2099283979080848,2.736286261056126,2.592151163722041,2.14,0.2500000000000002,0.56,0.9500000000000002,2.72,0.3200000000000003,0.3500000000000001,0.27,2.95,0.2099999999999999,0.0700000000000002,-0.0999999999999996,0.5800000000000001,0.81,-0.2099999999999999,-0.6800000000000002,2.129930719552253,0.2106889244755105,-0.0506345108189254,0.4893649095931263,4.1,-0.2000000000000001,-0.2000000000000001,13.54,2.5,3.039999999999999,3.29,-0.29,-0.2000000000000001,-0.60729,0.0096,-0.0112799999999999,1.26,0.01,0.3300199416857535,1.4581451618640728,0.9284914581623108,2.257724987832388,-0.7096619041801231,0.4322633544967423,-0.0201293285649554,-0.0941557910854445,2018-03-02,-0.0431961284299324,-0.0941557910854445,2018-05-02,0.0495106938780476,-0.0941557910854445,2018-08-01,-0.0031588032527148,-0.1457348791027665,2019-02-01,0.0,0.0,False,False,False,False,False,False,False,0,False,risk_on,2.761308880540896e-22,2.811592502700916e-26,1.0,-0.07015871278125974,-0.09415579108544458,2018-04-03,-0.07174722807625755,-0.07160705856434385,0.0,1.0,0.0,1.0,0.0,1.0
2018-02-28,158.48727416992188,42936300.0,-0.0064173407576852,-0.016989931990301,0.0727937777142453,0.1791758615154171,0.2977552777031231,0.294986755847331,0.191541651561307,154.43262725830078,152.6085214468149,141.70217521667482,140.27008950173317,0.1184533612669049,-0.0217631940335083,90.61000061035156,0.0145560753252167,-0.0246501709140384,-0.1039359360241485,61.43,-0.0651346826966975,0.0573149741824441,0.1375925925925925,1315.5,-0.0267090679476282,0.0167722602820505,0.0502155721220092,28117.01953125,0.0401118090749068,0.1425136338975883,20328.553,32.04,-1.2700000000000031,0.7399999999999984,3.379999999999999,164.894,18.58699999999999,1.3831294106988332,1.3831294106988332,0.0339967696122143,0.1066936305175849,1.7223311143260744,1.872764337448571,2.25,0.1400000000000001,0.51,1.03,2.87,0.1699999999999999,0.5500000000000003,0.5100000000000002,3.13,0.1899999999999999,0.3700000000000001,0.1599999999999997,0.6200000000000001,0.8799999999999999,0.0400000000000002,-0.5199999999999998,2.151318868063945,0.4253344363511546,0.13056111493146,0.4262115174073377,4.0,-0.2000000000000001,-0.2999999999999998,19.85,6.010000000000002,9.980000000000002,3.47,0.2100000000000004,-0.1899999999999999,-0.54544,0.0618499999999999,0.0589799999999999,1.22,0.1699999999999999,0.5959960888428926,0.576128976647946,-0.2921945909682101,1.2835561164798877,-0.1281501485188523,0.4330663711265229,-0.0407884295779705,-0.0580402367583994,2018-03-29,0.0194134339345362,-0.0684632597585624,2018-05-30,0.1082185334173131,-0.0684632597585624,2018-08-28,0.0517521480997382,-0.1345465349562158,2019-03-01,0.0,0.0,True,False,False,False,False,False,True,2,True,risk_on,5.202493829188427e-27,2.661053992920391e-16,1.0,-0.03593603387126243,-0.06846325975856249,2018-04-30,-0.0442388487806719,-0.05549116717425336,0.0,1.0,0.0,0.0,0.49999999999999994,0.8660254037844387
2018-03-29,152.0228271484375,68692600.0,0.0183148026631834,-0.0407884295779705,0.0245927737130793,0.1125931588980881,0.2212914828098964,0.2689527664139288,0.2385144784452985,157.23317535400392,156.10855642465444,144.4266121673584,143.21202472308735,0.0525956737964383,-0.0786433976907102,90.1500015258789,-0.005076692212494,-0.0309577264453204,-0.0984999847412109,64.87,0.0559986977047046,0.0871459694989107,0.3112997776430162,1322.800048828125,0.0055492579461231,0.0278166657561189,0.0553694136447024,27410.720703125,-0.01628838404477,0.1157087104655598,20328.553,31.81,-0.2300000000000004,-0.2800000000000047,2.719999999999999,164.894,18.58699999999999,1.3483852344593834,1.3483852344593834,-0.0422654351264366,0.0741174338432137,1.2376447231411063,1.6490907508432426,2.27,0.02,0.3800000000000001,1.01,2.74,-0.1299999999999999,0.3200000000000003,0.3500000000000001,2.97,-0.1599999999999997,0.2200000000000002,-0.02,0.4700000000000002,0.7000000000000002,-0.0599999999999998,-0.6599999999999999,2.263468931091861,0.2692287600609022,0.0909750667962949,0.3353473737948809,4.1,-0.1000000000000005,-0.3000000000000007,19.97,0.1199999999999974,9.499999999999998,3.79,0.3199999999999998,0.2000000000000001,-0.49982,0.04562,0.11344,1.01,0.03,0.5194805725735762,-0.3249119398102882,-0.9336984416067378,0.8853195990333811,0.0549365873661479,0.4328977352820322,0.0050587335019043,-0.0288516434058605,2018-04-30,0.0713572501688251,-0.0288516434058605,2018-06-28,0.1650714927519589,-0.0288516434058605,2018-09-27,0.1466579035484205,-0.0977449691698296,2019-04-01,0.0,1.0,False,False,False,False,False,False,False,0,False,risk_on,3.680469417743208e-37,2.160594265045852e-23,1.0,0.06276181957023241,-0.02885164340586055,2018-05-30,-0.018809836586848407,-0.011282581656389932,0.0,0.0,1.0,0.0,0.8660254037844386,0.5000000000000001
2018-04-30,152.7918701171875,35615300.0,-0.0070943589603242,0.0050587335019043,-0.0523154150900896,0.0991985574935021,0.1937120995733645,0.2358937382695956,0.2637416573498642,155.88842559814452,155.623145705003,146.68755767822265,145.1591011253563,0.041614384584379,-0.0739825001794075,91.83999633789062,0.0187464756894826,0.028328281810074,-0.0727915849745067,68.56,0.0568829967627562,0.0433723938517731,0.3903873453660516,1316.199951171875,-0.0049894900307094,-0.026191199358905,0.0395703155769762,27520.94921875,-0.0686993486783151,0.1062150380654967,20328.553,30.97,-0.8399999999999999,-2.3400000000000034,2.0700000000000003,164.894,18.58699999999999,1.3538075837837549,1.3538075837837549,-0.1210120029620835,0.063435588062678,1.2292643409962491,1.2286345902350324,2.49,0.2200000000000002,0.3800000000000003,1.2100000000000002,2.95,0.2099999999999999,0.25,0.6600000000000001,3.11,0.1399999999999996,0.1699999999999999,0.1499999999999999,0.4599999999999999,0.6199999999999997,-0.1300000000000003,-0.55,2.3309497646499366,0.0192362410782021,0.2010190450976834,0.1503845342787579,4.0,-0.0999999999999996,-0.2999999999999998,15.93,-4.039999999999999,2.09,3.46,-0.33,0.2000000000000001,-0.53976,-0.03994,0.0675299999999999,1.08,-0.1799999999999999,0.4922774514062523,-1.6594518905660782,-1.0834608697551784,0.8928754277380496,0.5884589666000515,0.4330859465609265,0.0574126507684527,0.005343157267365,2018-05-30,0.0903738881862725,0.005343157267365,2018-07-30,0.0396250292608839,0.005343157267365,2018-10-26,0.1840678381140092,-0.1022862637226555,2019-05-01,0.0,1.0,False,False,False,False,False,False,False,0,False,risk_on,6.618991933941561e-44,5.92680560046783e-14,0.9999999999999408,0.06596481823098888,0.005343157267365006,2018-06-28,0.015707382371246092,0.02646220310466744,0.0,0.0,0.0,1.0,1.0,6.123233995736766e-17
2018-05-31,161.45962524414062,35670900.0,-0.0006463761474735,0.0447846462120375,0.0356638552519961,0.090122281318117,0.2141122437482172,0.1114613617634722,0.2128716868905521,155.61429412841798,156.76087552584136,149.28311195373536,147.92077952891856,0.0815665826565761,-0.0214503011457669,93.98999786376952,0.0166576632381016,0.0406332836730027,-0.0302311221680831,66.98,-0.0044589774078477,0.0983929157100689,0.38703665355146,1300.0999755859375,-0.0028379146369208,-0.0021490895507383,0.0220911757751081,28218.4609375,0.0188468140930355,0.1268750439702597,20580.912,31.24,0.0,-0.5700000000000003,1.93,164.894,18.58699999999999,1.371098663533472,1.371098663533472,0.0086568457058577,0.0828739739936723,1.3271390929858509,1.2590844052039052,2.4,-0.1,0.1799999999999997,1.12,2.83,-0.1400000000000001,0.02,0.6200000000000001,3.0,-0.1299999999999999,-0.0899999999999998,0.1299999999999999,0.4300000000000001,0.6000000000000001,-0.1599999999999997,-0.4999999999999998,2.4709963021052994,0.2604406656061986,0.3196774340413544,0.4502385489728144,4.0,0.0,-0.2000000000000001,15.43,-0.0600000000000005,-7.039999999999999,3.63,0.1599999999999997,0.04,-0.5654,-0.0256399999999999,-0.0199599999999999,0.9,-0.2799999999999999,0.150827774300411,-0.0803092056238446,-0.0186241846193934,1.3700852611374004,0.321913773641285,0.4329026976455413,0.0114500721925927,0.0001367491578161,2018-06-29,0.1003682115194768,0.0001367491578161,2018-08-29,-0.004143868052467,-0.0604595716755542,2018-11-28,0.0089447368963213,-0.1504788866671744,2019-06-03,0.0,1.0,False,False,False,False,False,False,False,0,False,risk_on,2.2107914787599123e-30,5.335639535716553e-14,0.9999999999999468,0.039734183074517926,0.0001367491578161406,2018-07-31,0.008810444876102653,0.01148370557602855,0.0,0.0,0.0,0.0,0.8660254037844387,-0.4999999999999998
2018-06-29,163.308349609375,36408500.0,0.0026867410574842,0.0114500721925927,0.1061499536975789,0.0993199928551127,0.2576109451150872,0.1379355606779764,0.1580010608254502,161.0547134399414,159.12846538837138,152.43377166748047,150.78829014408697,0.0713396895119564,-0.0315940152437466,94.62999725341795,0.0068092286859722,0.050860566867807,-0.0104569698705524,74.13,0.1067482830695729,0.1757335448057098,0.6517379679144384,1251.300048828125,-0.0375355185556549,-0.0676551139330516,0.0057065567713312,28394.130859375,0.0597074632579635,0.1270240184779347,20580.912,31.63,0.3900000000000005,0.6600000000000001,1.879999999999999,164.894,18.58699999999999,1.379634238724455,1.379634238724455,0.0615713865935136,0.0835612365799636,1.3188028735542967,1.3303938431195033,2.52,0.1200000000000001,0.27,1.14,2.85,0.02,0.1200000000000001,0.5800000000000001,2.98,-0.02,0.0099999999999997,0.1600000000000001,0.33,0.4599999999999999,-0.1499999999999999,-0.56,2.781921607842497,0.2257949781598212,0.5184526767506359,0.6094277435469309,3.8,-0.2999999999999998,-0.4000000000000003,16.09,0.6600000000000001,-7.530000000000001,3.61,-0.02,-0.1600000000000001,-0.53898,0.02642,-0.04076,0.92,-0.0399999999999999,0.1311265575356391,1.1572827499679856,-0.3885740642988812,1.6192820876792038,-0.0330497859410802,0.4330179290631656,0.0279639219567326,-0.0049516116493824,2018-07-31,0.0843247457434546,-0.0049516116493824,2018-09-28,-0.0971176471907323,-0.1600958498215756,2018-12-31,0.1166139815311753,-0.1600958498215756,2019-07-02,0.0,1.0,False,False,False,False,False,True,False,1,False,risk_on,3.208917381188294e-34,3.4873122496915556e-16,1.0,0.08791154578112792,-0.004951611649382404,2018-08-29,0.010475029562976256,0.01914118619666895,0.0,0.0,1.0,0.0,0.49999999999999994,-0.8660254037844387
2018-07-31,167.87509155273438,47285100.0,0.0076520049110142,0.0279639219567326,0.0862983106180721,0.0498787404427105,0.2418722774442034,0.1549197759069643,0.1341173087634617,166.37455261230468,164.40517085148738,155.71141250610353,153.94165939468522,0.078116811419677,-0.0348432789351946,94.48999786376952,-0.0014794398574642,0.0220659922430221,0.0175532763590813,69.88,-0.0573317145555105,0.0386444708680142,0.3917546305516828,1223.699951171875,-0.0220571378400393,-0.0614358756377139,-0.0338702236230634,29295.75,0.0617264008619851,0.1405697455907111,20580.912,31.89,0.2600000000000015,0.6500000000000021,1.8900000000000008,164.894,18.58699999999999,1.4234427512250185,1.4234427512250185,0.0661124706647149,0.1020959137361567,1.6365826175888984,1.3460920889280863,2.67,0.1499999999999999,0.1699999999999999,1.3299999999999998,2.96,0.1099999999999998,-0.0100000000000002,0.6600000000000001,3.08,0.1,-0.0499999999999998,0.1899999999999999,0.29,0.4100000000000001,-0.1800000000000001,-0.6699999999999997,2.8075506935940187,0.090114517209483,0.476600928944082,0.6776199740417654,4.0,0.0,-0.0999999999999996,12.83,-3.26,-2.66,3.46,-0.1499999999999999,-0.0100000000000002,-0.56275,-0.0237699999999999,-0.0229899999999999,0.93,-0.19,0.0936500292776026,0.7547506762248054,-0.2963504369038434,1.4312996523542971,0.3148324020453078,0.4331606183808804,0.0583168558194966,0.0037973572109883,2018-08-29,-0.0732570541241109,-0.0732570541241109,2018-10-29,-0.0425356180617426,-0.1829439416709644,2019-01-31,0.087038812157433,-0.1829439416709644,2019-08-01,1.0,0.0,False,False,False,False,False,False,False,0,False,risk_on,3.4614904217621257e-35,1.3078866658584557e-21,1.0,0.0548276282687421,0.0037973572109883946,2018-09-28,0.014905186049415996,0.01761292770260159,0.0,0.0,0.0,1.0,1.2246467991473532e-16,-1.0
2018-08-31,177.57940673828125,28653200.0,0.0012872882990637,0.0396591787511468,0.0731466486816754,0.1163254960247517,0.2869745000244945,0.0874534894144961,0.1263668941496946,170.12461151123046,169.3470475416917,159.1701929473877,157.553557043677,0.1156574195834425,-0.0004819874786318,95.13999938964844,-0.0003152125656619,0.0119123887106054,0.0266537311914056,69.84,0.0129079042784625,0.0784434836318714,0.4777824798984342,1200.300048828125,-0.0085081174339419,-0.0717654694222404,-0.0880564554348743,30274.529296875,0.0565455029898818,0.1799273282323743,20798.73,32.39,0.0,0.7600000000000016,2.4800000000000004,164.894,18.58699999999999,1.4555950914731333,1.4555950914731333,0.063321524314156,0.1526707720779494,1.8058798480668432,1.435860656356053,2.62,-0.04,0.1,1.29,2.86,-0.1200000000000001,-0.08,0.7399999999999998,3.02,-0.1,-0.06,0.29,0.2399999999999997,0.3999999999999999,-0.1800000000000001,-0.5500000000000003,2.854124785561929,0.0780820498928358,0.3831284834566295,0.7028059174979839,3.8,-0.2000000000000001,-0.2000000000000001,12.86,0.6699999999999999,0.1199999999999992,3.49,0.06,0.0,-0.59791,-0.03516,-0.03736,0.75,-0.25,0.0531539836921176,0.4843208717229109,0.637537608950639,1.8065765208051268,0.1506318204929351,0.433428062637631,-0.0030309737783046,-0.0296812708608227,2018-10-02,-0.0909467423691192,-0.1457464114487184,2018-11-30,-0.0657926846244029,-0.2275942176231267,2019-03-06,0.0177987434786031,-0.2275942176231267,2019-09-04,1.0,0.0,False,False,False,False,False,False,False,0,False,risk_on,1.270733193923868e-24,4.8638042380954365e-25,1.0,-0.08853126060119043,-0.1239014717846364,2018-10-31,-0.026455724960740157,-0.09617081040860224,0.0,1.0,0.0,0.0,-0.4999999999999997,-0.8660254037844388
2018-09-28,177.07928466796875,28076800.0,-0.000215548990874,-0.003296959253335,0.0843247457434546,0.1994257672972614,0.2964202588915421,0.1120641801640807,0.122743897733079,173.11549377441406,171.85684837928184,161.87319694519044,160.31280160165048,0.0939382677907265,-0.003296959253335,95.19000244140624,0.0062368285074185,0.0059178400532824,0.0225588805041219,73.16,0.0499425947187139,-0.0130851207338459,0.4172801239829524,1191.5,-0.0107928601079285,-0.0477903352470331,-0.0731232983274989,30259.8203125,0.0657068695768512,0.1574346608658325,20798.73,32.62,0.2299999999999968,0.9899999999999984,2.449999999999996,164.894,18.58699999999999,1.454887885582437,1.454887885582437,0.075253646857982,0.1272889002468324,1.6983299694537652,1.4506844823757643,2.81,0.1400000000000001,0.29,1.36,3.05,0.1599999999999997,0.1999999999999997,0.7399999999999998,3.19,0.1699999999999999,0.2099999999999999,0.3199999999999998,0.2399999999999997,0.3799999999999999,-0.0900000000000003,-0.6200000000000003,2.642923856874257,0.1787320770339384,-0.1389977509682394,0.3794549257823965,3.8,0.0,-0.2999999999999998,12.12,-0.1300000000000007,-3.9700000000000006,3.24,-0.1499999999999999,-0.3699999999999996,-0.59331,0.0005699999999999,-0.0543299999999999,0.86,-0.06,0.1691173149316756,0.6616190003046296,0.5702147037718248,1.9199126331924656,-0.1500224041549558,0.4336027704577742,-0.1214271213232012,-0.1214271213232012,2018-10-29,-0.1673321517805841,-0.2254127248543481,2018-12-31,-0.0118610248556924,-0.2254127248543481,2019-04-02,0.0169754283214884,-0.2254127248543481,2019-10-01,1.0,0.0,False,False,False,False,False,False,False,0,False,risk_on,1.8812868649039047e-24,5.57132025693349e-25,1.0,-0.09198550150675555,-0.14333375728604092,2018-11-28,-0.10017749142012781,-0.12631331989322828,1.0,1.0,1.0,0.0,-0.8660254037844385,-0.5000000000000004
2018-10-31,161.8580780029297,73828600.0,0.0235054837348254,-0.0857602238124829,-0.0523831589392904,0.0537068568773753,0.1247028015329205,0.3524969800164709,0.2194376621459464,170.99059356689452,171.1221919133113,163.6301651763916,162.41273038022152,-0.0108298318439734,-0.0889705771207448,97.12999725341795,0.0169615232012749,0.0205947160048618,0.0272870874498845,65.31,-0.1310537519957423,-0.0527918781725887,0.2014348785871964,1212.300048828125,0.0082335530713972,0.0014043228783022,-0.0431728107118192,27980.900390625,-0.0500438666609994,0.0456166777009663,20798.73,31.04,0.0,-1.3500000000000014,0.1199999999999974,164.894,18.58699999999999,1.3453177376996095,1.3453177376996095,-0.0858598239713699,-0.0135783068859314,0.6348364242570524,0.8014417556652134,2.87,0.0500000000000002,0.2099999999999999,1.27,3.15,0.1,0.1699999999999999,0.77,3.39,0.1899999999999999,0.27,0.5100000000000002,0.2799999999999998,0.52,-0.04,-0.5,2.332055105808828,0.2062281702117419,-0.4754955877851907,0.0011053411588912,3.7,-0.2999999999999998,-0.2999999999999998,21.23,9.18,9.04,3.81,0.5899999999999999,0.3799999999999999,-0.55192,0.04139,0.01083,0.81,-0.1499999999999999,1.3090916314444114,-1.8442893514411376,-2.465550493467194,-0.1054133034408714,1.0400845713772275,0.433870279261884,-0.0026500983122274,-0.0627724774030827,2018-11-30,0.0011485236291084,-0.1525701881050359,2019-02-04,0.1237195535888606,-0.1525701881050359,2019-05-06,0.1815302731615868,-0.1525701881050359,2019-11-01,1.0,0.0,True,False,False,False,False,False,False,1,False,risk_on,1.600253005089187e-70,1.0878084321771393e-13,0.9999999999998916,-0.11524745956434157,-0.15257018810503598,2019-01-03,-0.05348028678869758,-0.10817847768303063,0.0,1.0,0.0,1.0,-1.0,-1.8369701987210297e-16
2018-11-30,161.42913818359375,36722800.0,0.0072551098149158,-0.0026500983122274,-0.0909467423691192,-0.0244525431002605,0.1000315158631057,0.2797553614763957,0.2651371605416375,164.57061737060548,166.8857381967398,163.97761680603028,163.18824204453475,-0.0155416249612356,-0.0913848946567067,97.2699966430664,0.0014413609966772,0.0223880309762722,0.0458014666056709,50.78,-0.2224774154034604,-0.2729095074455899,-0.1153310104529616,1220.199951171875,0.0065164579935359,0.0165791065018938,-0.0416273971352401,28448.869140625,-0.0603035026027125,0.0347533934126615,20917.867,30.2,-0.8399999999999999,-2.1900000000000013,-1.1000000000000014,164.894,18.58699999999999,1.3600272504182669,1.3600272504182669,-0.0955678410548663,-0.0120973247383127,0.7302537062151042,0.4422953045572466,2.8,-0.0700000000000002,0.1799999999999997,1.0199999999999998,3.01,-0.1400000000000001,0.1499999999999999,0.5899999999999999,3.3,-0.0900000000000003,0.2799999999999998,0.4699999999999997,0.2099999999999999,0.5,-0.0299999999999998,-0.4299999999999999,2.492032470218053,0.2339580144498754,-0.362092315343876,0.0210361681127535,3.8,0.0,-0.2000000000000001,18.07,-3.16,5.210000000000001,4.29,0.48,0.7999999999999998,-0.46063,0.0912899999999999,0.13728,0.64,-0.1099999999999999,0.8661076179151973,-2.3315057884493418,-2.546091763427569,-0.1567413898344498,1.291062682232574,0.43369998754499,-0.1128965482039657,-0.1503184484593673,2019-01-03,0.0276706095419219,-0.1503184484593673,2019-03-06,0.0452605152267326,-0.1503184484593673,2019-06-05,0.1998006506972971,-0.1503184484593673,2019-12-03,1.0,0.0,False,False,False,False,False,False,False,0,False,risk_on,7.525608383532092e-81,6.754258109181499e-12,0.9999999999932454,0.0038087154116199784,-0.15031844845936737,2019-02-04,-0.11800733877660588,-0.10580878304817802,1.0,1.0,0.0,0.0,-0.8660254037844386,0.5000000000000001
2018-12-31,147.44822692871094,53015300.0,0.0084327860325863,-0.082979567395519,-0.1673321517805841,-0.0971176471907323,-0.0074433783607085,0.3616940471620222,0.3288102601004315,156.64305786132812,159.98398625300482,163.1621599578857,162.7466152981595,-0.0963086847663132,-0.1700774237477257,96.16999816894533,-0.0064056487314545,0.0102951539279798,0.0385529131063855,45.15,-0.0980823012385138,-0.3828594860579551,-0.2454879679144386,1278.300048828125,0.046585904107345,0.0728493905397609,-0.0122092010322917,25749.720703125,-0.1490458159631544,-0.0777634205275132,20917.867,28.29,-1.91,-4.329999999999998,-3.800000000000004,164.894,18.58699999999999,1.230991702123596,1.230991702123596,-0.2238961834588408,-0.1624717202434664,-0.4888363692513167,-0.3291393376073663,2.48,-0.33,-0.33,0.5700000000000001,2.69,-0.3700000000000001,-0.3599999999999999,0.2599999999999998,3.02,-0.3199999999999998,-0.1699999999999999,0.27,0.2099999999999999,0.54,-0.0299999999999998,-0.3100000000000003,2.147328577667773,-0.0704191919991159,-0.4955952792064844,-0.6345930301747238,3.8,0.0,0.0,25.42,6.930000000000003,13.300000000000002,5.33,1.08,2.09,-0.42584,0.05486,0.16747,0.24,-0.62,1.4789085014638832,-3.209853485629585,-2.8686572193215203,-1.5726523752185655,1.5645695455695607,0.4332044285523467,0.0901075185806061,-0.0287821787618903,2019-01-31,0.1867144591416043,-0.0287821787618903,2019-04-02,0.2367214599520013,-0.0287821787618903,2019-07-02,0.3896152265608159,-0.0287821787618903,2019-12-31,0.0,1.0,True,True,False,True,False,False,False,3,True,risk_on,7.087092234289962e-83,1.8191191101445438e-17,1.0,0.13068852064752678,-0.028782178761890376,2019-03-04,0.009062681003029361,0.02323648137303227,0.0,0.0,1.0,0.0,-0.5000000000000004,0.8660254037844384
2019-01-31,160.7344207763672,37258400.0,0.0149683852479842,0.0901075185806061,0.0331499000872703,-0.0425356180617426,0.0052214993280959,0.2551835077659597,0.3069735018739703,153.42448516845704,155.17450092022236,163.2498378753662,162.30046225882865,-0.0154083895686281,-0.0952951597876095,95.58000183105467,-0.0061349313624209,-0.010354110385598,0.0716447944246483,53.84,0.1924695459579182,-0.1964179104477611,-0.167079207920792,1319.699951171875,0.0323866860379948,0.077745978907207,-0.0117568316273442,27992.41015625,0.028071759584046,-0.0431528490411375,20917.867,28.38,0.0899999999999998,-2.66,-4.930000000000003,148.273,-16.62100000000001,1.3382057623872454,1.3382057623872454,0.0290839884856657,-0.1218287418156607,0.4833986387408156,-0.3555228265771553,2.45,-0.0299999999999998,-0.3599999999999999,0.3200000000000003,2.63,-0.06,-0.4500000000000002,-0.1,2.99,-0.0299999999999998,-0.3399999999999998,0.0100000000000002,0.1799999999999997,0.54,-0.0900000000000003,-0.4200000000000004,2.0023809043401064,0.0684893544581344,-0.3296742014687215,-0.8051697892539122,3.9,0.1999999999999997,-0.1,16.57,-8.850000000000001,-8.129999999999999,4.37,-0.96,0.5300000000000002,-0.50638,-0.08054,0.0455399999999999,0.22,-0.52,0.5058223008449001,-0.0656121483438186,-0.9853635369728788,0.3724084995214056,0.1542126654192905,0.4330632661580449,0.0372266050598018,-0.0042219916648084,2019-03-04,0.1206727884311693,-0.0042219916648084,2019-05-02,0.1353308098593388,-0.0042219916648084,2019-08-01,0.3134834032362781,-0.0042219916648084,2020-01-31,0.0,1.0,False,False,False,False,True,False,False,1,False,risk_on,4.929183831460265e-69,5.352221141309152e-31,1.0,0.08862147899574802,-0.004221991664808411,2019-04-02,0.0016295592958005978,0.008048002184356936,0.0,0.0,0.0,1.0,0.0,1.0
2019-02-28,165.5423126220703,25085500.0,-0.0023041122909653,0.0719193011022538,0.0662747583260292,-0.0561026131099737,0.0378118499016664,0.1333318077019014,0.2703338663236126,156.0177896118164,156.3199016864483,164.0077904510498,163.15207135999526,0.0093563980515822,-0.0682336069290767,96.16000366210938,0.003548361181048,-0.0093746372264937,0.0641877270095256,57.21,0.0780101752402486,0.1117372716673144,-0.0910390848427072,1312.800048828125,0.0035163566946545,0.0758892815618597,-0.0020524144217978,28903.30078125,0.0465086183120921,0.019882290817683,21111.6,29.54,1.16,-0.6600000000000001,-2.5,148.273,-16.62100000000001,1.3690720163914627,1.3690720163914627,0.0487275920531684,-0.025018347234025,0.7630793717021411,0.0749171932746445,2.52,-0.04,-0.3199999999999998,0.25,2.73,0.0099999999999997,-0.3399999999999998,-0.1699999999999999,3.09,0.0499999999999998,-0.2299999999999999,-0.08,0.2099999999999999,0.5699999999999998,-0.02,-0.4199999999999999,1.4875893578291333,-0.0814979803534399,-1.0044431123889197,-1.3665354277327957,4.0,0.2000000000000001,0.2000000000000001,14.78,-4.35,-4.119999999999999,3.92,-0.4800000000000004,-0.3399999999999998,-0.58155,-0.0751699999999999,-0.10085,0.28,-0.38,0.0305748293377835,0.4093685519367148,-0.1449507743107507,0.7351287799351093,-0.2250668591319633,0.4327954839551274,0.0392458056659883,-0.0116633073649958,2019-03-29,0.0225285674295125,-0.0116633073649958,2019-05-30,0.0730229871358425,-0.0159383632435157,2019-08-28,0.1980831195114085,-0.0159383632435157,2020-02-28,0.0,0.0,False,False,False,False,False,False,False,0,False,risk_on,2.617774052325548e-55,1.5458850461055796e-28,1.0,0.09639679523818878,-0.011663307364995879,2019-04-30,-0.0011316638862212125,0.005093996078218477,0.0,0.0,0.0,0.0,0.49999999999999994,0.8660254037844387
2019-03-29,172.03915405273438,35205500.0,0.0075711099078581,0.0392458056659883,0.1760011348263392,-0.0204485217056324,0.1523928379419814,0.1444829951922385,0.1767266338083561,164.56660400390626,161.2657440185547,164.70901710510253,164.48249287648244,0.0445035558857982,-0.0316656841405164,97.27999877929688,0.0116472033541406,0.0082918262285258,0.0801687920989087,60.19,0.0520887956650935,0.3531924460431654,-0.0639191290824261,1293.0,-0.0150823035433306,0.0122915137960568,-0.0235613595546987,29266.91015625,0.14540282447419,0.0824738179473705,21111.6,29.58,0.0399999999999991,1.2899999999999991,-2.2300000000000004,148.273,-16.62100000000001,1.386295219512022,1.386295219512022,0.1647734047220626,0.0562910354033447,0.9102747199030388,0.0418713186216386,2.27,-0.25,-0.29,-0.0099999999999997,2.41,-0.3199999999999998,-0.3599999999999999,-0.3599999999999999,2.81,-0.2799999999999998,-0.2399999999999997,-0.1999999999999997,0.1400000000000001,0.54,-0.0699999999999998,-0.3500000000000001,1.5188615351321877,0.3001255142321968,-0.6284670425355854,-1.1240623217420698,3.8,0.0,0.0,13.71,-1.0699999999999985,-16.25,3.99,0.0700000000000002,-1.3899999999999997,-0.60646,-0.0249099999999999,-0.18401,0.01,-0.35,0.09613196307024,2.125363231224953,0.4479888278380484,1.260832758972459,-0.3721947015944793,0.4325252693083525,0.0549927546116733,0.0132471135965845,2019-04-30,0.0417057288502333,-0.0531002084479329,2019-06-28,0.0454274938761434,-0.0531002084479329,2019-09-27,0.0780512539603954,-0.0531002084479329,2020-03-30,0.0,0.0,False,False,False,False,False,False,False,0,False,risk_on,4.712486802027644e-45,3.172348422724135e-19,1.0,-0.01608593284219495,-0.020204779561565744,2019-05-30,0.02052769558335532,-0.006277306449602831,0.0,0.0,1.0,0.0,0.8660254037844386,0.5000000000000001
2019-04-30,181.50006103515625,31495300.0,-0.0077477967771207,0.0549927546116733,0.1752488864824701,0.1132247940871782,0.1794635036054843,0.0769624159338258,0.1202991686462603,172.555595703125,169.89969153771034,166.02321853637696,166.044451739337,0.0932209520765807,-0.0077477967771207,97.4800033569336,0.0020559681347291,0.0173241877206877,0.0648896917412931,63.83,0.0604751619870409,0.2027510834746559,-0.0628395242989282,1282.800048828125,-0.0078885933270494,-0.0194159175139831,-0.0284026347141956,30410.01953125,0.1124201734911725,0.0964606625891573,21111.6,30.13,0.5500000000000007,1.75,-0.8399999999999999,148.273,-16.62100000000001,1.4404412517881169,1.4404412517881169,0.1335770984365822,0.0761183244503962,1.454168784858616,0.2542150064703176,2.27,0.0,-0.29,-0.2200000000000002,2.51,0.0999999999999996,-0.2100000000000004,-0.4500000000000002,2.93,0.1200000000000001,-0.1099999999999998,-0.1999999999999997,0.2399999999999997,0.6600000000000001,0.0799999999999996,-0.2299999999999999,1.8831863513063984,0.3781792917230797,-0.1191945530337079,-0.4488687545024294,3.8,-0.1,0.0999999999999996,13.12,-0.5900000000000016,-6.01,3.73,-0.2600000000000002,-0.6700000000000004,-0.61473,-0.00827,-0.1083499999999999,0.08,-0.2199999999999999,0.076320739971118,1.9623313660061328,0.4777834589620625,1.7271430418781717,-0.5922723840564967,0.4322969331461331,-0.0673736261629883,-0.0712777730885158,2019-05-30,0.0246302834485154,-0.1024584885413678,2019-07-30,0.0467772103210246,-0.1024584885413678,2019-10-28,0.1653124881250511,-0.1024584885413678,2020-04-29,1.0,0.0,False,False,False,False,False,False,False,0,False,risk_on,1.0860751444388386e-41,6.645889854363596e-13,0.9999999999993352,-0.012594423708938707,-0.10245848854136785,2019-06-28,-0.06436642670722674,-0.07304823105903376,0.0,1.0,0.0,1.0,1.0,6.123233995736766e-17
2019-05-31,166.57138061523438,45446200.0,-0.0159528288594842,-0.0792885290752157,-0.000707606411921,0.0692924899505476,0.0309928107181329,0.199151618756365,0.1530087064001922,175.94915344238282,174.07090360201323,166.43329261779786,166.882425119211,0.0008296897529607,-0.0897911044611101,97.75,0.0006141627300064,0.0126385707669229,0.0382368392541296,53.49,-0.1583005507474428,-0.0407101865136297,-0.2161488862837044,1305.800048828125,0.0190416918598232,0.0072508671991973,0.0033039176551095,28369.390625,-0.0251936072592336,-0.0015970182760093,21397.938,29.24,0.0,-0.3399999999999998,-2.0,148.273,-16.62100000000001,1.3258002067769334,1.3258002067769334,-0.052711599232559,-0.0548368384254365,0.0872262326195748,-0.2434245174476828,1.95,-0.3600000000000001,-0.5999999999999999,-0.47,2.14,-0.3799999999999999,-0.6199999999999997,-0.6999999999999997,2.58,-0.3399999999999998,-0.5499999999999998,-0.4299999999999997,0.1900000000000001,0.6300000000000001,-0.0199999999999997,-0.2299999999999997,2.000583470209061,0.3759679404743643,0.5129941123799275,-0.4914490000089921,3.7,-0.2999999999999998,-0.0999999999999996,18.71,3.91,5.140000000000001,4.59,0.8799999999999999,0.73,-0.58064,0.0340899999999999,0.0099599999999999,-0.21,-0.53,1.1696221242975844,-0.7738945147140233,-1.3020129485117673,0.0616378703508601,1.4297647152734372,0.4323862215405749,0.0904193700096973,-0.0220178369799188,2019-07-01,0.0826989832382807,-0.0220178369799188,2019-08-29,0.1894908423291075,-0.0220178369799188,2019-11-27,0.3570689187354612,-0.0220178369799188,2020-06-01,0.0,1.0,False,False,False,False,False,False,False,0,False,risk_on,1.1904534336368288e-55,4.214383350831216e-08,0.9999999578561668,0.10102009614505558,-0.02201783697991888,2019-07-31,0.011658325411018345,0.029299445469505567,0.0,0.0,0.0,0.0,0.8660254037844387,-0.4999999999999998
2019-06-28,179.21417236328125,21179200.0,0.0012866278007086,0.0587364929737908,0.0417057288502333,0.2250471192829732,0.1098110010852448,0.1867284284448255,0.1652977914099287,176.0843783569336,176.11493154672476,166.60893814086913,167.2894430074606,0.0756576109485451,-0.0207061183667734,96.12999725341795,-0.0204809674824848,-0.0118215618864054,0.0088151572024357,58.2,0.0306357357889144,-0.0330619704269811,-0.2481591525642681,1409.699951171875,0.095252876941533,0.0902551826541957,0.1252393807699121,30268.05078125,0.0342072538459001,0.0728413049013481,21397.938,29.28,0.0400000000000027,-0.2999999999999971,-2.349999999999998,148.273,-16.62100000000001,1.4145311936715586,1.4145311936715586,0.0282359741595366,0.0436988190542433,1.1050119738679949,-0.2855608769893082,1.75,-0.31,-0.52,-0.77,2.0,-0.2200000000000002,-0.4100000000000001,-0.8300000000000001,2.52,-0.1299999999999999,-0.29,-0.4500000000000002,0.25,0.77,0.1099999999999998,-0.06,1.7959105553606136,0.0246833285664438,0.2770490202284259,-0.3514180223071594,3.6,-0.1999999999999997,-0.1999999999999997,15.08,-2.2200000000000006,1.3699999999999992,4.07,-0.2599999999999998,0.08,-0.57523,0.0132999999999999,0.0312299999999999,-0.12,-0.13,0.1694734608315773,-0.1242775789204731,0.1959532966547023,1.079410354307227,0.4874495301258419,0.43227969170179,0.0376995107697075,0.0134949569943925,2019-07-30,0.0035727604474422,-0.0321837925649937,2019-09-27,0.1486819900927884,-0.0321837925649937,2019-12-27,0.3109240713905004,-0.0895939371544268,2020-06-29,0.0,0.0,False,False,False,False,False,False,False,0,False,risk_on,2.0615289775415705e-42,6.806734495470923e-09,0.9999999931932656,-0.008835604658330665,-0.03218379256499371,2019-08-28,0.018153662245486934,-0.0187068479942542,0.0,0.0,1.0,0.0,0.49999999999999994,-0.8660254037844387
2019-07-31,183.3984375,41627500.0,-0.0138302690568242,0.0097216964655204,0.0137218322394614,0.1580818537017871,0.1008292030409454,0.1104328804230866,0.17207789662774,178.6788330078125,178.39351759690504,167.82065406799316,168.3978293479026,0.0928239942724538,-0.0214555669328642,98.5199966430664,0.0173482070291906,0.0084962041244494,0.0440864349915919,58.53,-0.0064505177389236,-0.0789929189614476,-0.1778339654445848,1426.0999755859375,0.0292292152956148,0.1129233248126719,0.1676900995413242,30684.8203125,0.0166932942082767,0.0533517069146924,21397.938,29.99,0.0,0.75,-1.900000000000002,148.273,-16.62100000000001,1.4340082821298017,1.4340082821298017,0.0044150727093881,0.0185875082289659,1.2787520166696815,0.0503844215054653,1.89,0.1099999999999998,-0.4200000000000001,-0.7700000000000002,2.02,-0.0099999999999997,-0.5,-0.96,2.53,-0.02,-0.3900000000000001,-0.5800000000000001,0.1300000000000001,0.6399999999999999,-0.0799999999999998,-0.1899999999999997,1.671194894390049,-0.0325112810228067,-0.2119914569163494,-0.3311860099500574,3.6,-0.1999999999999997,-0.2999999999999998,16.12,2.0600000000000005,1.3200000000000005,3.93,-0.06,0.2200000000000002,-0.5776,-0.0023699999999999,0.0371299999999999,-0.06,-0.15,0.4301601951926445,-0.5705182643837899,0.5926247612957126,1.0722502326885277,0.6424766502189564,0.4321016473212452,-0.016640125798722,-0.0542646765175718,2019-08-29,0.0279193290734824,-0.0542646765175718,2019-10-29,0.1697150392705004,-0.0542646765175718,2020-01-30,0.3774969215921193,-0.1103649993343982,2020-07-30,0.0,0.0,False,False,False,False,False,False,False,0,False,risk_on,1.2074024694756508e-43,3.5205804960189915e-09,0.9999999964794196,-0.009990348775292812,-0.05426467651757183,2019-09-30,-0.046185070553780586,-0.04109521062596141,0.0,0.0,0.0,1.0,1.2246467991473532e-16,-1.0
2019-08-30,179.91477966308594,26319800.0,-0.0023947477320586,-0.0140939579918843,0.1044232023293973,0.0791561840565724,0.0126628210730559,0.272634863578697,0.1923664266274064,181.2156246948242,179.39261732835035,169.49397666931154,168.86151191780158,0.0614818484913226,-0.0400430425378456,98.91999816894533,0.0053867139199579,0.0183240559036543,0.0456659594556547,55.07,0.0266592095451154,0.0341784037558685,-0.2096727898966706,1519.0999755859375,0.0691110911989532,0.1484841851245686,0.261187194342829,29925.349609375,0.0589790443257063,-0.0151116526082465,21717.171,28.71,0.0,-0.5700000000000003,-3.68,148.273,-16.62100000000001,1.3779580042619273,1.3779580042619273,0.0573317043119039,-0.0829249326109009,0.5308161707182434,-0.7406576577703384,1.5,-0.2299999999999999,-0.32,-1.17,1.5,-0.3999999999999999,-0.5699999999999998,-1.39,1.96,-0.48,-0.5699999999999998,-1.06,0.0,0.4599999999999999,-0.2499999999999997,-0.2200000000000002,1.826331335037068,0.2307876166182776,-0.1742521351719927,0.3387419772079347,3.7,0.0,-0.2999999999999998,18.98,1.1099999999999994,0.120000000000001,4.09,-0.0099999999999997,-0.6100000000000003,-0.52763,0.0499699999999999,0.05301,-0.49,-0.2099999999999999,0.2427873991018531,0.8817201804980517,-0.0329200300503342,0.6102646781234298,0.4139688332307317,0.4320588515432276,0.0009476803923704,-0.0097082536991466,2019-10-01,0.0962478251226899,-0.0162631420261142,2019-11-29,0.1220861520690328,-0.0162631420261142,2020-03-03,0.5856528278811743,-0.0931391552549658,2020-08-31,0.0,1.0,False,False,False,False,False,False,False,0,False,risk_on,2.5599330941249428e-46,3.169749326005956e-09,0.9999999968302512,0.05290056437615642,-0.01626314202611423,2019-10-30,3.60956483795194e-05,-0.0033061951616056235,0.0,0.0,0.0,0.0,-0.4999999999999997,-0.8660254037844388
2019-09-30,181.56622314453125,26307700.0,0.0095174812941303,0.0067623025892025,-0.0003657754481505,0.0415794097328843,0.0251175741348101,0.1370931901789678,0.1846766529274456,181.4081857299805,181.92373539851263,172.07482528686523,170.63503918347058,0.0551585500194053,-0.0312315671113261,99.37999725341795,0.0088315409432675,0.0262288415074374,0.0461052342465049,54.09,-0.0455267337215458,-0.0818197250042436,-0.2506234413965087,1465.699951171875,-0.0398297077157713,0.0578088748537002,0.2397021827281924,30351.919921875,-0.0043804820894386,0.0033404257173654,21717.171,29.23,0.5199999999999996,-0.759999999999998,-3.389999999999997,148.273,-16.62100000000001,1.3976000797652235,1.3976000797652235,-0.0270914460023528,-0.0568574347380657,0.7446057168244359,-0.4934973502685887,1.63,0.0999999999999998,-0.1500000000000001,-1.2000000000000002,1.68,0.1799999999999999,-0.3499999999999998,-1.38,2.12,0.1500000000000001,-0.4299999999999997,-1.0699999999999998,0.05,0.4900000000000002,-0.1999999999999997,-0.1799999999999999,1.7376412106666406,0.0914770017435451,-0.058269344693973,0.2187796755344528,3.6,0.0,-0.1999999999999997,16.24,-1.6400000000000006,2.179999999999998,4.02,-0.0600000000000005,0.0299999999999993,-0.51144,0.02568,0.06379,-0.2,-0.02,0.3994297863538261,-0.745201117625715,-0.260515552143562,0.786464128271477,0.7389032646467589,0.4316993379587094,0.0382922305877306,-0.0252107634141807,2019-10-29,0.1263708151961438,-0.0252107634141807,2019-12-30,0.0127611074563136,-0.1013875475203048,2020-03-31,0.4703642049616425,-0.1013875475203048,2020-09-29,0.0,1.0,False,False,False,False,False,False,False,0,False,risk_on,2.124493038238295e-49,4.0662386322165005e-11,0.9999999999593374,0.09125545712440686,-0.025210763414180715,2019-11-27,-0.01484052103331306,-0.007315010938807092,0.0,0.0,1.0,0.0,-0.8660254037844385,-0.5000000000000004
2019-10-31,189.51889038085935,26801800.0,0.0004567188416257,0.0707959505266684,0.0540560243102363,0.035602750365516,0.1984179348320065,0.1335818873426138,0.1926521919582043,182.86525329589844,181.83002319335935,176.07248588562013,173.3930590517886,0.0763685730203995,-0.002480324576127,97.3499984741211,-0.0170638370939402,-0.0076452600577547,0.0035047554932858,54.02,0.0256312891589141,-0.0296389437758217,-0.1837413115744938,1511.4000244140625,0.0069287304557379,0.0455174667538678,0.236217940941571,30945.630859375,0.0273810042552484,0.118396558841284,21717.171,28.84,0.0,0.129999999999999,-2.1999999999999997,148.273,-16.62100000000001,1.4249383982552333,1.4249383982552333,0.0172845100628287,0.0945859861127611,1.1045503389254991,-0.8361409938719181,1.52,0.04,-0.1999999999999999,-1.3199999999999998,1.69,0.0899999999999998,-0.1700000000000001,-1.4300000000000002,2.17,0.08,-0.2200000000000002,-1.19,0.1699999999999999,0.6499999999999999,0.0299999999999998,-0.1100000000000003,1.6844977040391562,0.1538846099767177,0.0133028096491072,-0.1986886472672422,3.5,-0.1,-0.2999999999999998,13.22,-7.339999999999998,-4.389999999999999,4.15,-0.1299999999999999,-0.04,-0.54986,-0.03842,0.0200099999999999,0.15,0.35,0.1470871364459635,0.1423751576113488,0.5483556141060827,1.4264525379668038,0.2364412974086954,0.4316075410642115,0.0300387027376933,0.0090826235416023,2019-12-02,0.1308208088203917,0.0090826235416023,2020-02-03,0.0967438815939376,-0.1390954815137464,2020-05-04,0.3751259026546036,-0.1390954815137464,2020-10-30,0.0,1.0,False,False,False,False,False,False,False,0,False,risk_on,3.604937038573857e-42,2.108431746958033e-10,0.9999999997891568,0.09919164658531088,0.009082623541602386,2020-01-02,0.01417703744914589,0.017297054403455216,0.0,0.0,0.0,1.0,-1.0,-1.8369701987210297e-16
2019-11-29,197.23118591308597,9854600.0,-0.004562269772531,0.0411693774446944,0.0962478251226899,0.2107215335686385,0.2266341291208504,0.0707767285022383,0.1247847231687333,187.9023202514649,186.80258366511416,179.55618606567384,177.52688158739795,0.0984371534876962,-0.004562269772531,98.2699966430664,0.0063491562467943,-0.0065709819845404,0.0152907915439604,58.12,0.0596171376481311,0.0553840566551659,0.1610067918497801,1465.5999755859375,-0.0184837774500842,-0.0352182218812585,0.19993445741826,32025.859375,0.070191653332162,0.1319318073014572,21933.217,29.84,1.0,1.129999999999999,-0.3599999999999994,148.273,-16.62100000000001,1.4601533087918657,1.4601533087918657,0.0821953045299384,0.1075727799370354,1.608961454866466,-0.2353841901944443,1.61,0.0,0.1100000000000001,-1.2,1.78,0.0,0.28,-1.28,2.21,-0.0499999999999998,0.25,-1.13,0.1699999999999999,0.5999999999999999,0.1699999999999999,-0.08,1.7339736996186297,0.2827282299262768,-0.0923576354184385,-0.2666097705904313,3.6,-0.1,-0.1,12.62,0.2899999999999991,-6.360000000000001,4.01,0.0499999999999998,-0.08,-0.57065,-0.0207899999999999,-0.0430199999999999,0.19,0.6799999999999999,0.0809990195007757,0.7660766196668651,0.4422064566624366,1.8736856842026564,-0.607176466463544,0.4314678616746979,0.0388636072990156,-0.0179910740914468,2019-12-31,0.0235697862784367,-0.0179910740914468,2020-03-03,0.1537987410085439,-0.1727592758110694,2020-06-02,0.4696869649969057,-0.1727592758110694,2020-11-30,0.0,0.0,False,False,False,False,False,False,False,0,False,risk_on,6.957315384261386e-38,1.6080960650383422e-12,0.9999999999983916,0.0704290654703561,-0.017991074091446957,2020-01-31,-0.011633250018973907,-0.00637615613706366,0.0,0.0,0.0,0.0,-0.8660254037844386,0.5000000000000001
2019-12-31,204.89630126953125,18170900.0,0.0018845279346311,0.0388636072990156,0.1377737242512309,0.1236282959096939,0.3896152265608159,0.0901432088431628,0.1078236469139332,195.5350100708008,192.4065652700571,183.10015083312987,181.43253993128872,0.1190395001709503,-0.0055195983177478,96.38999938964844,-0.0191309384109011,-0.0276404513233763,0.0022876284173016,61.14,0.0519614590502408,0.1406716417910447,0.3541528239202658,1519.5,0.0367767639955873,0.0253036437246962,0.188688055979497,32886.73828125,0.1029903348547751,0.2771687374946496,21933.217,30.33,0.4899999999999984,1.4899999999999984,2.039999999999999,148.273,-16.62100000000001,1.4994033151292854,1.4994033151292854,0.1264813784391887,0.2684116130056893,2.1378072439167024,0.0679563416704346,1.58,-0.03,0.02,-0.8999999999999999,1.92,0.1399999999999999,0.27,-0.77,2.39,0.1800000000000001,0.2800000000000002,-0.6299999999999999,0.3399999999999998,0.81,0.25,0.1299999999999999,2.092290394862917,0.281542260504386,0.3546491841962762,0.2963798395023032,3.6,0.0,0.0,13.78,1.16,-4.779999999999999,3.6,-0.4099999999999997,-0.48,-0.55467,0.0159799999999999,-0.0432299999999999,0.37,0.54,0.1684622661406057,1.3751090449572538,0.5215321571144294,2.0029668946563635,-0.7685220564387174,0.4318364209681307,0.0303846028964369,0.0073844488908469,2020-01-31,-0.140686861952904,-0.2037061281415874,2020-04-01,0.1827309093389644,-0.2037061281415874,2020-07-01,0.4804193956487017,-0.2037061281415874,2020-12-30,1.0,0.0,False,False,False,False,False,False,False,0,False,risk_on,1.355588278866417e-33,8.101319694023018e-18,1.0,-0.014721683301951338,-0.03278278569005111,2020-03-03,0.014609187729239758,0.0003399260501762733,0.0,0.0,1.0,0.0,-0.5000000000000004,0.8660254037844384
2020-01-31,211.1219940185547,52015800.0,-0.0158579828962704,0.0303846028964369,0.1144979636944767,0.1569169019547804,0.3134834032362781,0.1496181331109751,0.1070909294786393,204.44699584960935,201.6827399620643,187.03410202026367,185.7820339031048,0.1287887702729273,-0.0245779226409935,97.38999938964844,0.0103745202441343,-0.0026625922393003,0.0189369902063096,51.58,-0.1563624468433104,-0.0596171376481313,-0.0419762258543834,1582.9000244140625,0.0417242674656548,0.060072378901292,0.1994393293782193,32838.19140625,0.0571487639212824,0.1731105404269042,21933.217,30.99,0.6600000000000001,2.1499999999999986,2.6099999999999994,158.572,10.299000000000008,1.4971899200308827,1.4971899200308827,0.0668479814445905,0.1589841576436372,1.921811994654744,0.51998658016443,1.33,-0.25,-0.28,-1.12,1.51,-0.4099999999999999,-0.27,-1.12,1.99,-0.4000000000000001,-0.2699999999999998,-1.0000000000000002,0.1799999999999999,0.6599999999999999,0.01,2.220446049250313e-16,2.3195274699624457,0.2912218521089249,0.6350297659232895,0.6483325755723968,3.6,0.1,0.0,18.84,5.0600000000000005,6.51,4.03,0.4300000000000001,0.0700000000000002,-0.62071,-0.0660399999999999,-0.0708499999999999,-0.04,-0.2,0.5793878285193327,0.9336704943171462,-0.2770607924344574,1.12185976690103,0.3471780681809414,0.4322003824863963,-0.0437761648141805,-0.0613046705171279,2020-03-03,-0.026825423452332,-0.2271877223126098,2020-05-01,0.2179649584553904,-0.2271877223126098,2020-07-31,0.4801463794940348,-0.2271877223126098,2021-02-01,1.0,0.0,True,False,False,False,False,False,False,1,False,risk_on,3.8967464414696376e-39,1.9634114507021312e-20,1.0,-0.16602680627064392,-0.22718772231260986,2020-04-01,-0.03892832159025268,-0.19359605734500207,0.0,1.0,0.0,1.0,0.0,1.0
2020-02-28,198.3334503173828,148173700.0,0.0007781874077312,-0.0721786530538415,0.0079967497136843,0.11654935064288,0.1980831195114085,0.2847653910197441,0.1914697468991728,212.8225421142578,209.13666475736176,190.7217338562012,189.59854421529684,0.0399100632491138,-0.1315720393047408,98.12999725341795,0.0014287110184763,-0.0012214020008348,0.0204866214255858,44.83,-0.1587539876149372,-0.2303862660944206,-0.2163957350113616,1564.0999755859375,-0.0036310823448136,0.071448091018726,0.1914228499474357,30125.0703125,-0.0594333782312997,0.0422709343993881,21751.238,30.73,-0.259999999999998,0.8900000000000006,1.1900000000000013,158.572,10.299000000000008,1.3849818714916364,1.3849818714916364,-0.0752982426840451,0.0159098551001737,0.1087865337037291,0.2829014849999285,0.86,-0.5599999999999999,-0.7200000000000001,-1.66,1.13,-0.4700000000000002,-0.6100000000000001,-1.6,1.65,-0.3999999999999999,-0.5300000000000002,-1.44,0.2699999999999999,0.7899999999999999,0.1099999999999999,0.0599999999999999,2.599767976845202,0.1921664153423874,0.8657942772265725,0.773436641808134,3.6,0.0,-0.1,40.11,23.72,28.57,5.04,1.21,0.9900000000000002,-0.29661,0.32609,0.27923,-0.14,-0.28,2.326433404508683,-0.6705558003150364,-4.072519074900818,-1.2682493758949538,0.995608075544784,0.4325358515041662,-0.0648726906124882,-0.1773567756407706,2020-03-30,0.1363327119804223,-0.1773567756407706,2020-05-29,0.4197152619318338,-0.1773567756407706,2020-08-27,0.581303280871083,-0.1773567756407706,2021-03-01,1.0,0.0,True,True,False,False,False,False,False,2,True,risk_on,5.4489980901277294e-101,1.2004497308615657e-05,0.9999879955026912,0.06640754437169893,-0.17735677564077068,2020-04-29,-0.15962765294086828,-0.14159911963763192,1.0,1.0,0.0,0.0,0.49999999999999994,0.8660254037844387
2020-03-31,183.8832092285156,62659300.0,-0.0085396124829048,-0.1183540402252794,-0.1008635044579404,0.0127611074563136,0.0548711165047692,0.8897374005084958,0.5487098359909646,202.47243682861327,204.1013817420373,192.05799491882323,190.06047174952053,-0.0425641520092034,-0.1948442376166154,99.0500030517578,0.017358282978755,0.023878491203207,0.018509028809849,20.51,-0.5615647712697733,-0.6673694453454426,-0.6669913947069329,1583.4000244140625,-0.0055894141437806,0.0454935783519725,0.2289661552390609,25899.9296875,-0.2100973525728077,-0.12522194729944,21751.238,24.82,0.0,-5.509999999999998,-5.309999999999999,158.572,10.299000000000008,1.1907335889341102,1.1907335889341102,-0.3042026859748554,-0.2116911295855663,-2.4887048944916126,-3.49388270045898,0.23,-0.61,-1.35,-2.1,0.7,-0.4000000000000001,-1.2,-1.7900000000000005,1.35,-0.3099999999999998,-0.9899999999999998,-1.54,0.47,1.12,0.1500000000000001,0.3099999999999998,2.34131667975952,0.047467072130658,0.2490262848966029,0.6036754690928792,3.5,-0.1,-0.1,53.54,20.12,38.72,8.77,3.8,5.17,0.27064,0.56725,0.82531,0.59,0.2599999999999999,3.502329771083539,-2.078298619512093,-3.3423269447879966,-5.388906147821094,2.6733397120767366,0.4323193344317838,0.1497371580876891,-0.0424896087202938,2020-04-30,0.3026813609194945,-0.0424896087202938,2020-06-30,0.4518371550173969,-0.0424896087202938,2020-09-29,0.6841852564565343,-0.0424896087202938,2021-03-31,0.0,1.0,True,True,True,True,False,False,False,4,True,neutral,1.401226741290659e-77,1.0,2.104667221384194e-147,0.22930660353481924,-0.042489608720293726,2020-06-01,-0.007804732731057973,0.023529244718244618,0.0,0.0,1.0,0.0,0.8660254037844386,0.5000000000000001
2020-04-30,211.4173583984375,43359500.0,-0.000411005007162,0.1497371580876891,-0.0144811462575784,0.1214656560123184,0.1685944266722061,0.4174932878724797,0.5960975760684314,193.84694885253907,200.10875948392427,193.840315322876,192.59248207710883,0.0906779533776749,-0.0742825019394006,99.0199966430664,-0.0003029420269248,0.0117502182917281,0.0136144351358562,19.23,-0.0624085811799123,-0.6315386089289136,-0.6974036191974823,1684.199951171875,0.0636604302157399,0.063593275132223,0.3143436234457684,29365.490234375,-0.1212711772677785,-0.0270206343601935,21751.238,25.93,1.1099999999999994,-5.059999999999999,-3.3099999999999987,158.572,10.299000000000008,1.3500606372094774,1.3500606372094774,-0.1735712330036334,-0.0795325722109361,-0.3436741464226839,-2.4978017137196358,0.2,-0.03,-1.21,-2.11,0.64,-0.0599999999999999,-0.93,-1.88,1.28,-0.07,-0.76,-1.64,0.44,1.08,0.2799999999999998,0.23,1.4940399642909163,-0.4528447444551498,-0.8254875056715294,-0.1904577397482398,4.4,0.8000000000000003,0.9000000000000004,34.15,-19.39,18.66,7.63,-1.1399999999999997,3.68,0.16089,-0.1097499999999999,0.78359,0.55,0.55,1.0059558990410549,-0.7893283918888098,-0.950051181683904,-2.4110460415552253,-0.5761431210883297,0.4313097064395749,0.0692066398719117,-0.0281850142990685,2020-06-01,0.194938698481637,-0.0281850142990685,2020-07-30,0.2430333541001343,-0.0281850142990685,2020-10-28,0.5514134223592049,-0.0281850142990685,2021-04-30,0.0,1.0,True,True,True,False,False,False,False,3,True,neutral,1.2379225136254368e-39,1.0,2.130736332629065e-90,0.1330253630196585,-0.0281850142990685,2020-06-30,-0.0096751400604296,0.0014263061801474469,0.0,0.0,0.0,1.0,1.0,6.123233995736766e-17
2020-05-29,225.37278747558597,50691800.0,0.0146528060483897,0.0655707735544213,0.1363327119804223,0.1454196802696019,0.3314259217175483,0.2017367820156568,0.5834151017350554,201.88690826416016,199.2694631723257,197.30304229736328,195.8452239165435,0.1422671685716716,-0.0131769002635286,98.33999633789062,-0.0123531521613284,0.002140009073172,0.0020378739503363,35.57,1.365026595744681,-0.2065581084095471,-0.3701080219585621,1736.9000244140625,0.0196665489725604,0.110478902579991,0.349467840385405,30927.0390625,0.026621307159812,0.0757863148887485,19958.291,27.33,1.3999999999999986,-3.400000000000002,-1.91,158.572,10.299000000000008,1.5495835321020222,1.5495835321020222,0.1646016606103857,0.2060750806393156,2.2486581320800108,-1.5898139517560828,0.16,-0.04,-0.7,-1.9,0.65,0.02,-0.4799999999999998,-1.5700000000000005,1.41,0.1699999999999999,-0.24,-1.24,0.49,1.25,0.22,0.3299999999999998,0.3130472940411133,-0.7920147553434065,-2.2867206828040887,-1.420926405577516,14.8,11.2,11.2,27.51,-3.719999999999999,-12.599999999999998,6.71,-1.16,1.67,-0.26895,-0.42984,0.0276599999999999,0.51,0.65,1.0369988497314204,1.277145450856553,-0.682450254549594,-3.949286453446227,-13.883717839017237,0.4317028572851118,0.0424336279321282,0.0028282269685149,2020-06-29,0.2493834305425628,0.0028282269685149,2020-08-27,0.271834162027148,0.0028282269685149,2020-11-25,0.4378652285834741,0.0028282269685149,2021-05-28,0.0,1.0,True,True,False,False,True,False,False,3,True,risk_off,1.0,3.1794284077293102e-161,0.0,0.11510856002942704,0.00282822696851448,2020-07-29,0.006702071241421059,0.014354412059873731,0.0,0.0,0.0,0.0,0.8660254037844387,-0.4999999999999998
2020-06-30,239.54122924804688,38909200.0,0.0196013100663858,0.0596879225847231,0.3026813609194945,0.171288353665115,0.318822448363411,0.2598706329533865,0.303253724794325,222.35154052734376,215.5252321683444,203.1398921203613,200.87150381277277,0.1791934452053247,-0.0049831421227374,97.38999938964844,-0.0044976227452812,-0.0167592489749036,0.0056795030210323,39.27,0.106508875739645,0.9146757679180888,-0.3333899168222711,1793.0,0.0317642706990937,0.1323733562928926,0.2940242722231447,31630.509765625,0.2212585187399458,0.0375604892598648,19958.291,28.84,0.0,4.02,-1.1499999999999986,158.572,10.299000000000008,1.5848305732001302,1.5848305732001302,0.39409698426602,0.1601390474325537,2.400397658436189,-0.7086087098209779,0.16,0.0199999999999999,-0.07,-1.62,0.66,0.0,-0.0399999999999999,-1.3699999999999997,1.41,-0.05,0.0599999999999998,-1.14,0.5,1.25,0.03,0.2500000000000002,0.1982013035848551,-0.0898325209348738,-2.1431153761746646,-1.8940890912780617,13.2,9.7,9.6,30.43,2.1999999999999997,-23.11,6.44,0.0100000000000006,-2.329999999999999,-0.3862,-0.1172499999999999,-0.65684,0.5,-0.0899999999999999,0.0520645286005402,2.9720140520557456,0.4031864064030457,-2.2758466102478088,-9.10516295346271,0.41992907785005,0.0546442625935323,0.0116721429602459,2020-07-30,0.1144990621441157,0.0116721429602459,2020-09-29,0.2662650760508567,0.0116721429602459,2020-12-29,0.4375334982655112,0.0116721429602459,2021-06-30,0.0,1.0,True,True,False,False,False,False,False,2,True,risk_off,1.0,5.1885455926866944e-163,0.0,0.18146195953849054,0.01167214296024599,2020-08-28,0.027189042775477602,0.03469760303635794,0.0,0.0,1.0,0.0,0.49999999999999994,-0.8660254037844387
2020-07-31,257.1391906738281,53686300.0,0.0178458362745403,0.0610801917413694,0.2515379951417504,0.2179649584553904,0.4090842464256929,0.2242828321012132,0.2175682066802988,239.91718231201173,234.01886761005107,210.7650764465332,207.914580542762,0.2200275064975438,-0.0037111033834228,93.48999786376952,-0.0381687160592009,-0.0537449901211699,-0.0498018249443594,40.1,0.0055165496489468,1.0334685598377282,-0.2524235645041014,1962.800048828125,0.1069253907496143,0.1583358210847594,0.3813780104884763,33393.390625,0.1716728644508149,0.0993024611122455,19958.291,29.6,0.0,2.270000000000003,0.8900000000000006,158.572,10.299000000000008,1.6731588203118193,1.6731588203118193,0.3628605570589416,0.2535411625262886,3.018779845562399,-0.2711589995694787,0.11,-0.06,-0.09,-1.62,0.55,-0.1399999999999999,-0.0899999999999999,-1.35,1.2,-0.2299999999999999,-0.07,-1.24,0.44,1.09,5.551115123125783e-17,0.2700000000000001,0.7166562831830481,0.4847499237691677,-0.7773836811078683,-1.6028711867793977,11.0,6.6,7.4,24.46,-4.16,-12.729999999999997,5.16,-1.17,-2.54,-0.47685,-0.09065,-0.54051,0.46,-0.06,0.0,2.110056661811367,0.7123853597220065,0.0901542060640499,-5.502676766979403,0.4099635373740916,0.1094472935176229,-0.0022571970333982,2020-08-31,0.0398809058268534,-0.0061327304013785,2020-10-29,0.2152618753261506,-0.0061327304013785,2021-02-01,0.3775779477107412,-0.0061327304013785,2021-08-02,0.0,0.0,False,True,False,False,False,False,False,1,False,risk_off,1.0,8.330836991081839e-154,0.0,0.04533632283270106,-0.006132730401378517,2020-09-30,0.01306287953494074,0.00709411375323067,0.0,0.0,0.0,1.0,1.2246467991473532e-16,-1.0
2020-08-31,285.2823791503906,36321000.0,0.0080334203398582,0.1094472935176229,0.2536297818932465,0.4131293082597653,0.5856528278811743,0.1653414514199223,0.2174972141207371,256.7825875854492,250.9517787053035,219.1193392944336,216.1669035215636,0.3019497962571569,0.0,92.13999938964844,-0.0144400310725032,-0.0566192165759164,-0.0685402234613604,42.61,0.0625935162094761,0.1553687635574836,-0.2262574904666787,1967.5999755859373,0.0024454486643599,0.1405054667717835,0.2952406077335414,35807.66015625,0.1416096817301759,0.1965661428741401,21704.437,31.16,1.5599999999999987,2.3200000000000003,2.4499999999999997,158.572,10.299000000000008,1.6497852561782642,1.6497852561782642,0.0782108436634352,0.2718272519163369,2.4214587548696125,0.5899715502958819,0.14,0.03,-0.03,-1.36,0.72,0.1699999999999999,0.0399999999999999,-0.78,1.49,0.29,0.01,-0.47,0.58,1.35,0.0699999999999999,0.58,0.9968647625897996,0.5096443382793581,0.6838174685486864,-1.6029032142554025,10.2,-4.600000000000001,6.6,26.41,1.9499999999999995,-0.4299999999999997,5.02,-0.1400000000000005,-1.16,-0.50894,-0.0320899999999999,-0.2399899999999999,0.61,0.0799999999999999,0.1730100346328952,1.980405806857156,0.6447322996337724,1.112524757401821,-4.555753798707486,0.4062395055008361,-0.0577864050500779,-0.1041780214295197,2020-09-30,0.0160743327036532,-0.1041780214295197,2020-11-30,0.0503267336911017,-0.1041780214295197,2021-03-03,0.2939554882242261,-0.1041780214295197,2021-08-31,1.0,0.0,True,True,False,False,False,False,False,2,True,risk_off,1.0,7.697943521541708e-156,0.0,-0.06270364360455716,-0.10417802142951971,2020-10-29,-0.09530660293344143,-0.08895145158931739,1.0,1.0,0.0,0.0,-0.4999999999999997,-0.8660254037844388
2020-09-30,268.79693603515625,49380800.0,0.0068489760486454,-0.0577864050500779,0.1091856658655405,0.5266474037581823,0.4926091348898231,0.3570448589104762,0.2622923359678366,265.5567913818359,262.0321112999549,226.61891105651856,223.56427696159292,0.1861187346722292,-0.0823094416415857,93.88999938964844,0.0189928371130052,-0.0340534738942047,-0.0528598608791835,40.05,-0.06007979347571,0.0042627883650951,-0.2527985074626866,1887.5,-0.0407094818966361,0.0644597631263108,0.27361673414305,34480.26953125,0.0863657115548837,0.156435877310445,21704.437,30.84,-0.3200000000000003,1.2399999999999984,2.0,158.572,10.299000000000008,1.5886276861846265,1.5886276861846265,-0.0016437258002472,0.2157057494945298,1.683162176594871,0.3978150387223833,0.13,-0.01,-0.04,-1.4300000000000002,0.69,-0.03,0.0,-0.96,1.46,-0.03,0.03,-0.6499999999999999,0.5599999999999999,1.33,0.04,0.4700000000000001,1.2810698495523851,0.3731343283582156,1.0828685459675302,-1.0602468302071344,8.4,-4.799999999999999,4.9,26.37,-0.0399999999999991,-2.25,5.41,0.3900000000000005,-0.92,-0.493,0.0159399999999999,-0.1068,0.59,0.0399999999999999,0.3537047382102337,0.477837531701236,0.065643478806636,-0.0221328457709313,-2.2730147307024158,0.4044453156023838,-0.0052188151188167,-0.0223146439041691,2020-10-29,0.1284818308212432,-0.0304490108808668,2020-12-30,0.1717859503552363,-0.0304490108808668,2021-04-01,0.2952663835735447,-0.0304490108808668,2021-09-30,0.0,1.0,True,True,False,False,False,False,False,2,True,risk_off,1.0,1.811230825960018e-169,0.0,0.0783906517053139,-0.030449010880866823,2020-11-30,-0.008479487480497715,-0.01158523141284604,0.0,0.0,1.0,0.0,-0.8660254037844385,-0.5000000000000004
2020-10-30,260.6123352050781,65838300.0,-0.0253625582645731,-0.0455978675292753,0.0,0.253825916636146,0.3751259026546036,0.2786820799632469,0.2799114942184582,271.7511962890625,269.8256117600661,233.94635650634768,231.2694605234507,0.1139833041084652,-0.1102522114383098,94.04000091552734,0.0035215220817281,0.0057754108612551,-0.0340010026756565,35.64,-0.0745260971176317,-0.1271124173401909,-0.3402443539429841,1877.4000244140625,-0.0162439738018332,-0.0450661116917281,0.2421595832260823,33724.80859375,0.0010162570990166,0.0898084045209584,21704.437,31.28,0.0,0.120000000000001,2.4400000000000013,158.572,10.299000000000008,1.5538209350350805,1.5538209350350805,-0.1342279220789879,0.1288825367798471,1.205625075268382,0.6367362738043267,0.14,0.0,0.03,-1.38,0.88,0.1999999999999999,0.3199999999999999,-0.8099999999999999,1.65,0.1999999999999999,0.4199999999999999,-0.52,0.74,1.5099999999999998,0.2899999999999999,0.5700000000000001,1.3910228912373812,0.2626139536318739,0.6743666080543331,-0.1030170730535351,7.8,-3.2,3.3999999999999995,38.02,11.320000000000004,13.740000000000002,5.25,-0.1100000000000003,0.1699999999999999,-0.50699,-0.01399,-0.03014,0.79,0.33,0.488234941460738,-0.6268113150266643,-0.3003719589871524,-0.6564998739603576,-1.3355869768248452,0.403240166189406,0.1265129110998044,0.0022273498798852,2020-12-01,0.2186280737890884,0.0022273498798852,2021-02-02,0.2293272222999633,0.0022273498798852,2021-05-04,0.4459300599725166,0.0022273498798852,2021-11-01,0.0,1.0,True,True,False,False,False,False,False,2,True,risk_off,1.0,7.850079231844958e-158,0.0,0.16678554219124808,0.0022273498798850433,2020-12-31,0.041918417938708964,0.05683002114101635,0.0,0.0,0.0,1.0,-1.0,-1.8369701987210297e-16
2020-11-30,289.8681030273437,27836200.0,0.0020400757037091,0.0840480983103002,0.0160743327036532,0.2737810440946067,0.4696869649969057,0.2555884194329292,0.2964731190332059,274.60827392578125,274.0131854717548,240.1963001251221,237.95788691065331,0.2067967028482407,-0.0103710807080561,91.87000274658205,-0.022243469117232,-0.0029302870073248,-0.0651266318826717,45.2,0.2576516416249306,0.0607838535555034,-0.222298692360633,1775.699951171875,-0.0481882641458693,-0.0975299993876631,0.2115856855564981,37839.6484375,0.0567473069277142,0.1815342094157308,22087.16,32.47,1.1899999999999975,1.3099999999999987,2.629999999999999,158.572,10.299000000000008,1.7131966462641643,1.7131966462641643,0.0634113900859001,0.2530433374722987,2.4363869226852426,1.2649734950933968,0.16,0.0,0.0199999999999999,-1.4500000000000002,0.84,-0.01,0.12,-0.94,1.58,-0.04,0.09,-0.6299999999999999,0.6799999999999999,1.4200000000000002,0.0999999999999999,0.51,1.2303863428671624,0.1238475828567287,0.2335215802773627,0.9173390488260492,6.9,-3.299999999999999,-7.9,20.57,-17.020000000000003,-5.84,4.33,-0.92,-0.6899999999999995,-0.5678,-0.0693399999999999,-0.05886,0.76,0.15,0.1112286987061269,-0.4552991503263232,0.6229354192500758,1.9127830129142356,2.7818803519414343,0.4023107672074309,0.0464499381895768,0.0056405301188684,2020-12-30,0.0337105267646187,0.0056405301188684,2021-03-03,0.1164021553950467,0.0028825913590901,2021-06-02,0.3214366254183074,0.0028825913590901,2021-11-30,0.0,0.0,False,False,False,False,True,False,False,1,False,risk_off,1.0,1.649235210765982e-130,4.0337092713600517e-199,0.07804705593511674,0.00564053011886867,2021-02-01,0.009939360300547716,0.013906508819230081,0.0,0.0,0.0,0.0,-0.8660254037844386,0.5000000000000001
2020-12-31,304.0787048339844,21611400.0,0.0024601598575717,0.0357498175960768,0.1135826096033378,0.2463167924943194,0.4596881507373738,0.1094155906474169,0.2217334464440322,286.4897711181641,283.8518986628605,251.00666641235352,245.9090831172359,0.2114367685137261,0.0,89.94000244140625,-0.0150037800220985,-0.0402304629164282,-0.0713474046626984,48.35,0.0855410866636732,0.2555180472604519,-0.2095798594082066,1893.0999755859373,0.0435477653178864,-0.0080172126558333,0.2417841755237373,39456.66015625,0.1348667117351893,0.1905263104546071,22087.16,33.77,0.0,2.490000000000002,2.7800000000000047,194.889,36.31700000000001,1.7864071322999426,1.7864071322999426,0.1845383459199965,0.2753566001892176,2.6941998501945617,1.8772496008698876,0.13,-0.04,-0.01,-1.4500000000000002,0.93,0.01,0.25,-0.9499999999999998,1.65,-0.01,0.1999999999999999,-0.6800000000000002,0.8,1.52,0.26,0.5000000000000002,1.1757452138405844,0.2274132890799363,-0.1053246357118009,0.9775439102557292,6.7,-1.7000000000000002,-6.499999999999999,22.75,1.9800000000000004,-3.9499999999999993,3.86,-0.3500000000000001,-1.5000000000000004,-0.60439,-0.03659,-0.1113899999999999,0.84,0.25,0.0592786263283873,0.5055983002487776,0.9216672736978284,2.3325042807855367,1.7966847923596945,0.4018099317753155,0.0444319283391865,-0.0197615407628884,2021-02-02,0.0565058328183989,-0.0439854231978539,2021-04-05,0.14588343636539,-0.0439854231978539,2021-07-02,0.274197311916609,-0.0439854231978539,2021-12-31,0.0,0.0,False,False,False,False,False,False,False,0,False,risk_off,1.0,6.137141950967502e-149,1.1962521143043228e-164,-0.030726358185039437,-0.030726358185039437,2021-03-04,-0.009058464273215749,-0.010249155801301221,0.0,0.0,1.0,0.0,-0.5000000000000004,0.8660254037844384
2021-01-29,304.8734741210937,55259000.0,-0.021038363763826,0.0051126450029872,0.1601021066048322,0.2067946368328257,0.421163139244439,0.2163037858811393,0.2049113107644124,299.25498352050784,293.5257239708534,262.811993560791,254.78190949586065,0.1600439918681775,-0.0426974940087705,90.58000183105467,0.0063326261670511,-0.0302965605406848,-0.0744865710732999,52.16,0.0900731452455589,0.3995170378320363,-0.0005748227629814,1847.300048828125,-0.0172367415999296,-0.0154034234601163,0.1665930210471267,39396.171875,0.1642311372973646,0.1788855372606996,22087.16,34.51,0.7399999999999949,3.229999999999997,3.52,194.889,36.31700000000001,1.7836685148747056,1.7836685148747056,0.2245960974468774,0.2600366446615947,2.360106115529597,2.186445869022513,0.11,-0.0099999999999999,-0.05,-1.2999999999999998,1.11,0.1700000000000001,0.32,-0.4599999999999999,1.87,0.2000000000000001,0.31,-0.1699999999999999,1.0,1.76,0.37,0.8399999999999999,1.3204191315779434,0.4346309661148906,-0.0706037596594377,0.6037628483948954,6.7,-1.0999999999999996,-4.3,33.09,10.010000000000003,-7.189999999999998,3.79,-0.06,-1.5,-0.61938,-0.01499,-0.12092,1.05,0.3600000000000001,0.3496774428205574,0.9663397996158772,0.5056677099866934,1.3700906607628345,0.5713566623461055,0.4022679901351388,0.0122075928414686,-0.0054998481495769,2021-03-02,0.0758421292131985,-0.0464776407509278,2021-04-30,0.1617938730106043,-0.0464776407509278,2021-07-30,0.1237754119230509,-0.0464776407509278,2022-01-28,0.0,1.0,True,False,False,False,False,False,False,1,False,risk_off,1.0,6.83605159960036e-166,7.296621719246479e-164,0.015809560951078216,-0.04647764075092764,2021-03-31,0.010471753318837807,-0.0178320533209084,0.0,0.0,0.0,1.0,0.0,1.0
2021-02-26,304.4664001464844,104739800.0,0.0041876569553553,-0.0165605724651095,0.0687317323209573,0.0779196083653455,0.5363184151617115,0.2155216827660977,0.1820211016867681,310.1089294433594,305.852336707482,273.20535415649414,266.71270360173406,0.1144232553073747,-0.066310083256452,90.93000030517578,0.0030887895706979,-0.0140952293661613,-0.0762901457738239,61.55,0.1654989585305812,0.3766495191232386,0.3048547805808776,1728.0999755859375,-0.0633096901092082,-0.0424978231200678,0.0537194973084984,40508.6796875,0.0688365473669976,0.3331524981322444,22680.693,35.1,0.5900000000000034,2.6300000000000026,4.370000000000001,194.889,36.31700000000001,1.786042414466789,1.786042414466789,0.0701228909744069,0.3890814295621598,2.102582560254901,2.307664597384101,0.14,0.02,-0.0199999999999999,-0.97,1.44,0.3999999999999999,0.5599999999999999,0.1399999999999999,2.17,0.3799999999999999,0.5699999999999998,0.3799999999999999,1.2999999999999998,2.03,0.5799999999999998,1.11,1.3738437137002402,0.2449960884580937,0.1434573708330777,0.3769789511104404,6.4,-0.5,-3.799999999999999,27.95,-9.260000000000002,6.309999999999999,3.52,-0.33,-0.7899999999999996,-0.62734,-0.00836,-0.07406,1.4,0.6099999999999999,0.3740092057188611,0.0387623227844861,0.1921253033061114,1.3670070829999816,0.7323653716361488,0.4024418187813897,0.0069046498585962,-0.0452027738478092,2021-03-29,0.0609932788767491,-0.0452027738478092,2021-05-27,0.1883967281946885,-0.0452027738478092,2021-08-26,0.1059903746258177,-0.0452027738478092,2022-02-25,0.0,0.0,True,False,False,False,True,False,True,3,True,risk_off,1.0,7.578364360788617e-177,2.0112506509952063e-101,0.08049952113688263,-0.04520277384780924,2021-04-28,-0.02415490808384089,-0.016518887041817587,0.0,0.0,0.0,0.0,0.49999999999999994,0.8660254037844387
2021-03-31,309.6933898925781,55032500.0,0.0153031337327367,0.0035585270601437,0.0210030346268612,0.1600373021424384,0.6841852564565343,0.2873020769490778,0.24391660175789,311.281416015625,309.55916090745194,282.41715492248534,276.7592798868816,0.0965813672954083,-0.0502807689593682,93.2300033569336,0.0268752331402273,0.0357738156236198,-0.0587581980364303,59.19,-0.0085427135678393,0.2369905956112852,1.8859093125304724,1713.800048828125,-0.0111360723730248,-0.0882587150360469,0.0823544413309689,41741.87109375,0.0648273095298881,0.6116596298674797,22680.693,35.04,0.0,1.269999999999996,10.22,194.889,36.31700000000001,1.8404142718985703,1.8404142718985703,0.0656002368438144,0.6496806829644601,2.2102890961178474,2.090174321472525,0.16,0.03,0.04,-0.07,1.74,0.32,0.8,1.04,2.41,0.2000000000000001,0.7400000000000002,1.06,1.58,2.25,0.7600000000000001,1.11,1.6698167791706853,0.3395676223033383,0.4940715653301009,0.3887469296182999,6.2,-0.5,-2.2,19.4,-4.700000000000003,-3.68,3.36,-0.1699999999999999,-0.4900000000000002,-0.64869,-0.0213499999999999,-0.0443,1.71,0.87,0.492825623185123,-0.4175321814323517,-0.0033195068886153,1.286895074988585,1.1694657105570194,0.4027236406161667,0.0590982508629998,0.0170461605712162,2021-04-30,0.1119014886924392,-0.0070189957009402,2021-06-30,0.1283663543466995,-0.0070189957009402,2021-09-29,0.1557940341739132,-0.0070189957009402,2022-03-30,0.0,1.0,False,False,False,False,False,False,True,1,False,risk_off,1.0,2.0561839175055347e-145,1.0033206275931735e-74,0.04289777142033335,-0.007018995700940223,2021-06-01,0.03602912998016459,0.012293811027220738,0.0,0.0,1.0,0.0,0.8660254037844386,0.5000000000000001
2021-04-30,327.9957275390625,38263400.0,-0.0065544995112617,0.0590982508629998,0.0758421292131985,0.2480867204744599,0.5514134223592049,0.1520277217269979,0.2283676014826397,314.89320495605466,315.98614642803483,291.2437612915039,286.3991798882012,0.1261897116167709,-0.0117541133603975,91.27999877929688,-0.0209160625058767,0.007727941422962,-0.0781660081414626,63.5,0.0728163541138706,0.2174079754601228,2.3021320852834117,1767.300048828125,0.0312171773110769,-0.0433064461026511,0.0493409927950825,43870.08984375,0.113562251249824,0.493933508128396,22680.693,36.72,1.6799999999999995,2.210000000000001,10.79,194.889,36.31700000000001,1.934248210306008,1.934248210306008,0.1505796954313023,0.5841875730965305,2.4789358284442824,2.5172169947034444,0.16,0.0,0.05,-0.04,1.65,-0.09,0.5399999999999998,1.0099999999999998,2.3,-0.1100000000000003,0.4299999999999997,1.0199999999999998,1.49,2.14,0.49,1.05,2.6678187820641908,0.524320981565296,1.347399650486247,1.2767958908268096,6.1,-0.6000000000000005,-1.7000000000000002,18.61,-0.7899999999999991,-14.480000000000004,3.28,-0.08,-0.5100000000000002,-0.68186,-0.03317,-0.0624799999999999,1.64,0.5899999999999999,0.0,0.1007392024999523,0.2870580502309106,2.026962049263931,0.8430898787617791,0.4025198096035859,-0.0152964839942522,-0.0624278687176235,2021-06-01,0.0798925246218655,-0.0624278687176235,2021-07-30,0.1393595914461836,-0.0624278687176235,2021-10-28,-0.0687574643432811,-0.0687574643432811,2022-04-29,0.0,1.0,False,False,False,False,False,False,True,1,False,risk_off,1.0,4.59261560158827e-148,1.4161568641293022e-73,0.04985678881672495,-0.062427868717623514,2021-06-30,-0.05000156311582578,-0.04339056528925975,0.0,0.0,0.0,1.0,1.0,6.123233995736766e-17
2021-05-28,324.0556945800781,29927400.0,0.0031540999898915,-0.0184882159783892,0.0332573861217539,0.1305445878979165,0.4378652285834741,0.2002140529174062,0.2202568623023543,319.8385516357422,316.2226858285757,297.48736251831053,293.356458371824,0.0893091116101858,-0.0236253697153361,90.02999877929688,-0.0064010796506762,-0.01109404795775,-0.0845027238972134,66.31,0.0201538461538461,0.0953088866864884,0.8642114141130166,1902.5,0.0760138149821099,0.104499274310595,0.0953422610733176,43966.359375,0.0584527919056685,0.4216155412145672,23425.91,36.55,-0.1700000000000017,1.509999999999998,9.22,194.889,36.31700000000001,1.8768261030201172,1.8768261030201172,0.0453861146123557,0.3272425709180953,1.9736536170884,2.225338454491418,0.14,-0.0199999999999999,0.01,-0.0199999999999999,1.58,-0.0699999999999998,0.1300000000000001,0.93,2.26,-0.0500000000000002,0.0299999999999998,0.8499999999999999,1.44,2.12,0.1200000000000001,0.95,4.133077115360573,0.6238653990587206,2.7592334016603326,2.9026907724934103,6.1,-0.3000000000000007,-0.8000000000000007,16.76,-0.8499999999999979,-6.59,3.29,0.0499999999999998,-0.25,-0.69339,-0.0167799999999999,-0.0660499999999999,1.57,0.1700000000000001,0.0116083398723543,-0.3154414576062465,0.1963193093844702,1.6793520320325803,1.5592616774374537,0.4029374143583708,0.0643005042916444,-0.0117687199049748,2021-06-29,0.1274107450687973,-0.0117687199049748,2021-08-27,0.1741625141484464,-0.0117687199049748,2021-11-26,-0.0699223075008449,-0.1356985163001309,2022-05-27,0.0,1.0,False,False,False,False,False,False,False,0,False,risk_off,1.0,2.231205835335101e-123,1.27218620788672e-59,0.09874874007136691,-0.011768719904974856,2021-07-29,-0.0006945887789765015,0.006015994092075637,0.0,0.0,0.0,0.0,0.8660254037844387,-0.4999999999999998
2021-06-30,344.3485412597656,32724000.0,-0.0015775862938552,0.0661653703393467,0.1119014886924392,0.135254794161105,0.4375334982655112,0.1136484089733315,0.1586799685522302,326.52976989746094,325.77132286658656,304.03151275634764,300.98740242622995,0.132608058085506,-0.0015775862938552,92.44000244140624,0.0290548876450014,-0.0084736767894645,-0.0508265425532831,73.52,0.0843657817109144,0.2421017063693191,0.8721670486376367,1770.800048828125,-0.0694203446797545,0.033259422555727,-0.0123814563144868,45113.859375,0.0807819149667894,0.4262767090787851,23425.91,36.7,0.0,1.6600000000000037,7.860000000000003,194.889,36.31700000000001,1.9258103260449648,1.9258103260449648,0.0853960541463945,0.3409797528448346,2.045499381553743,2.080028510835268,0.25,0.09,0.09,0.09,1.45,-0.1700000000000001,-0.29,0.7899999999999999,2.06,-0.2399999999999997,-0.3500000000000001,0.6500000000000001,1.2,1.81,-0.3800000000000001,0.7,4.918257089467626,0.6635060424433847,3.2484403102969406,3.7425118756270415,5.8,-0.4000000000000003,-0.9000000000000004,15.83,-2.0699999999999985,-3.5699999999999985,3.04,-0.29,-0.3199999999999998,-0.68648,0.0069099999999999,-0.0377899999999999,1.4,-0.31,0.3066873889969166,0.4498667470938704,0.4808076101389818,2.214744803670265,1.3535960293591645,0.403095420249496,0.0286093647486846,0.0003949089710892,2021-07-30,0.0148078456785074,0.0003949089710892,2021-09-29,0.1356504339523165,-0.0040035935298383,2021-12-29,-0.2048156915697127,-0.2315148525565348,2022-06-30,0.0,0.0,False,False,False,False,False,False,False,0,False,risk_off,1.0,1.694284689653455e-130,1.2520502459908526e-54,0.07287763236828493,0.0003949089710892917,2021-08-30,0.006827795316978724,0.010918892340206623,0.0,0.0,1.0,0.0,0.49999999999999994,-0.8660254037844387
2021-07-30,354.2001342773437,36484600.0,-0.0052116885267426,0.0286093647486846,0.0798925246218655,0.1617938730106043,0.4020466150544342,0.1084556279953401,0.1462159005617095,339.1271551513672,334.35383958082934,312.82774810791017,308.34929031509535,0.1322529296702994,-0.01063784898849,92.16999816894533,-0.0029208596422537,0.0097502125498527,-0.0091378037496892,73.93,0.0055767138193689,0.1642519685039372,0.8552070263488081,1812.5999755859373,0.0236051082026311,0.0256322783377107,-0.0667765381154376,45708.0,0.0418943786711172,0.3769793143280247,23425.91,37.44,0.7399999999999949,0.7199999999999989,7.839999999999996,194.889,36.31700000000001,1.9511728679910407,1.9511728679910407,0.0169246576850328,0.2879844498293855,1.991179489670752,2.138321107405949,0.19,-0.06,0.03,0.08,1.24,-0.2099999999999999,-0.4099999999999999,0.69,1.89,-0.1700000000000001,-0.4099999999999999,0.69,1.05,1.7,-0.4399999999999999,0.61,5.295632620349999,0.8461787818155431,2.6278138382858085,3.975213488772056,5.9,-0.1999999999999993,-0.7999999999999998,18.24,2.4099999999999984,-0.370000000000001,3.26,0.2199999999999997,-0.02,-0.65571,0.0307699999999999,0.02615,1.18,-0.4599999999999999,0.0552186503443721,0.1416814091639971,0.457554933021142,1.7183008368270585,1.3585264054010424,0.4036017960330648,0.0430370062112122,-0.0064733944890892,2021-08-30,0.055067578919616,-0.0317058733822545,2021-10-28,-0.0327239297527318,-0.0621433980991571,2022-01-28,-0.1304233946183279,-0.2528892174424004,2022-08-01,0.0,0.0,False,False,False,False,False,False,False,0,False,risk_off,1.0,4.966067323269186e-149,1.4783321308739578e-67,-0.013417648665437931,-0.013417648665437931,2021-09-29,-7.687118261152648e-05,-0.0017711542462045414,0.0,0.0,0.0,1.0,1.2246467991473532e-16,-1.0
2021-08-31,369.1427001953125,29628200.0,-0.000815137301238,0.0421010417074991,0.1407045923663754,0.2319552066212331,0.2939554882242261,0.1047081801892442,0.1079024902774243,353.43646057128905,347.77959406926084,322.14209533691405,317.42548074808207,0.1459002270698046,-0.000815137301238,92.62999725341795,0.0063008602110967,0.0303670264872375,0.0053179712070259,68.43,-0.0403870424905342,-0.0052333187963367,0.6059610420089183,1815.0,-0.0017050633230103,-0.0484927916120576,-0.0775564024595468,46979.62890625,0.0655755788073988,0.31199940742428,23982.379,37.97,0.0,1.269999999999996,6.809999999999999,194.889,36.31700000000001,1.9589227952010095,1.9589227952010095,0.0768827805334899,0.3091375390227455,1.8636510093584544,2.110739291179018,0.2,0.03,0.07,0.06,1.3,0.1,-0.29,0.5800000000000001,1.92,0.0599999999999998,-0.3599999999999999,0.4299999999999999,1.1,1.72,-0.3599999999999999,0.5200000000000001,5.245169381309234,0.4614747980816958,1.112092265948661,3.8713256676089935,5.4,-0.6999999999999993,-1.0,16.48,-2.9800000000000004,-1.0,3.21,-0.1499999999999999,-0.1,-0.64735,0.00836,0.0460399999999999,1.26,-0.31,0.1995832746795166,0.7287996511263395,0.5666513136566537,1.8102924407881649,0.7709650856660971,0.4038459725791478,-0.0568318564346694,-0.0568318564346694,2021-09-30,0.0376538061789997,-0.0709015524714312,2021-11-30,-0.0839612508792113,-0.1309216350304909,2022-03-02,-0.2079677462130669,-0.2831315928448815,2022-08-31,0.0,0.0,False,False,False,False,False,False,False,0,False,risk_off,1.0,1.7406045401568372e-166,2.0883055723470675e-34,0.017339105567197644,-0.07090155247143126,2021-10-29,-0.04673492245579307,-0.05663546571038168,0.0,1.0,0.0,0.0,-0.4999999999999997,-0.8660254037844388
2021-09-30,348.16363525390625,61384600.0,-0.0036742735094162,-0.0568318564346694,0.0106800374802811,0.1053779772499186,0.2952663835735447,0.1430860705505878,0.1227326177525535,360.2209033203125,357.651569542518,329.90094482421875,325.7950137026675,0.0553581028372573,-0.0621633687860737,94.25,0.0174889646401479,0.0178185912858306,0.0038342806762361,75.22,0.0992254858979977,-0.0014602416036108,0.878152309612984,1755.300048828125,-0.0328925350809228,-0.0115997383314042,-0.0700397092301324,44850.03125,-0.0102337667666667,0.3007447986841207,23982.379,37.62,-0.3500000000000014,0.1799999999999997,6.779999999999998,194.889,36.31700000000001,1.8701243629749995,1.8701243629749995,-0.0642193495531373,0.2814966767903728,1.349834284019906,1.863660975432677,0.28,0.08,0.03,0.15,1.52,0.2199999999999999,0.04,0.8300000000000001,2.08,0.1600000000000001,0.0100000000000002,0.6200000000000001,1.24,1.8,0.01,0.68,5.152015301793966,0.2842925602144719,0.2337582123263404,3.482198522623281,5.1,-0.7000000000000002,-1.1000000000000003,23.14,6.66,7.66,3.15,-0.06,0.1299999999999999,-0.65373,-0.00638,0.0327499999999999,1.48,0.05,0.6567047431623136,-0.5623602832446288,0.1801301543652914,0.9209789751409824,0.5876621129043633,0.4039762332468365,0.0786402323995896,-0.0149174843666537,2021-10-29,0.1198497522839296,-0.0149174843666537,2021-12-30,0.0153424259853902,-0.1100222761268534,2022-03-31,-0.2487156647960937,-0.2487156647960937,2022-09-30,0.0,1.0,True,False,False,False,False,False,False,1,False,risk_off,0.9999999999998844,9.891114858177809e-172,1.1468525741531497e-13,0.10017902243442811,-0.014917484366653744,2021-11-30,-0.0025698274270715025,0.002443131870373939,0.0,0.0,1.0,0.0,-0.8660254037844385,-0.5000000000000004
2021-10-29,375.5433044433594,37310100.0,0.0049189225032273,0.0786402323995896,0.060170141681352,0.1510943569188603,0.4044560293568651,0.1411549137680695,0.1358164517054741,361.3496459960937,360.1705824631911,335.8566719055176,332.474113120689,0.1181653838009992,0.0,94.12000274658205,-0.0013792812033737,0.0224877743204452,0.001702891269353,83.5,0.1100771071523531,0.1709437666526434,1.3233166388425155,1783.0,0.0157807499580302,-0.0193058555950013,-0.0442752876644925,47795.08984375,0.047027997236003,0.3968446069920643,23982.379,37.25,-0.3699999999999974,-0.7199999999999989,5.969999999999999,194.889,36.31700000000001,1.9929252991852893,1.9929252991852893,0.044299190583745,0.4164518458540649,1.7766036841892403,1.6365548297521977,0.48,0.1999999999999999,0.3099999999999999,0.3199999999999999,1.55,0.03,0.3500000000000001,0.7000000000000001,1.93,-0.1500000000000001,0.0699999999999998,0.3099999999999998,1.07,1.45,0.04,0.3800000000000001,5.351215590949132,0.4525517463950024,0.0555829705991328,2.6833968088849414,4.7,-1.2000000000000002,-1.3999999999999997,16.26,-6.879999999999999,-3.1999999999999997,3.08,-0.0699999999999998,-0.2799999999999998,-0.62217,0.03156,0.03354,1.5,0.3500000000000001,0.071612216764318,-0.0837276714697157,0.3864556273205985,1.8064254483550424,0.294481465663166,0.4040946720209672,0.019968465284224,0.0034187935561782,2021-11-30,-0.0585229586399197,-0.1154443964363804,2022-01-31,-0.1730828130435697,-0.1866621788110861,2022-05-02,-0.275630042184163,-0.3204814834107128,2022-10-31,1.0,0.0,False,False,False,False,False,False,False,0,False,risk_off,0.9999999999947828,3.738317580517802e-152,5.216452376051541e-12,0.03820506471621554,-0.012778036508466761,2021-12-30,0.008924992542136457,-0.000268599565045275,0.0,0.0,0.0,1.0,-1.0,-1.8369701987210297e-16
2021-11-30,383.0423278808594,81332700.0,-0.0146862916169686,0.019968465284224,0.0376538061789997,0.1836564619948337,0.3214366254183074,0.1615610850992325,0.1523551124245129,369.34240234375,368.85305645282455,343.02576187133786,340.3553411810248,0.1166576113444533,-0.0251737774995611,95.98999786376952,0.0198682008352939,0.0362733532330703,0.0448459235225262,66.14,-0.2079041916167664,-0.0334648545959375,0.4632743362831857,1773.5999755859375,-0.0052720271531477,-0.0228099308066459,-0.0011826184849257,46936.078125,-0.000927014160476,0.240394138505928,24813.6,38.58,1.3299999999999983,0.6099999999999994,6.109999999999999,194.889,36.31700000000001,1.8915464956717285,1.8915464956717285,-0.0673762995292812,0.1783498494075641,1.235455335992527,1.8548715110001488,0.52,0.04,0.32,0.36,1.43,-0.1200000000000001,0.1299999999999999,0.59,1.78,-0.1499999999999999,-0.1399999999999999,0.1999999999999999,0.91,1.26,-0.1900000000000001,0.2299999999999999,6.235042390298062,0.9638202329232072,0.9898730089888286,2.101965274937489,4.5,-0.9000000000000004,-1.5999999999999996,27.19,10.93,10.71,3.67,0.5899999999999999,0.4599999999999999,-0.55136,0.07081,0.09599,1.38,0.1199999999999998,0.5225972241123077,-0.358994272898514,-0.0084417745603476,0.7904759965271465,1.435873694375258,0.4042459130002477,0.0178795718227522,-0.0321054061054384,2021-12-30,-0.1172019572751722,-0.1624582690350683,2022-03-02,-0.2210410825579764,-0.2687966910172154,2022-06-01,-0.250437576101274,-0.3344236252932012,2022-11-30,1.0,0.0,True,False,False,False,False,False,False,1,False,risk_off,0.9999973273408368,3.763764805296533e-169,2.672659163528736e-06,-0.07695475555930187,-0.13276181208491622,2022-01-31,-0.02378935286858628,-0.10199238288584522,0.0,1.0,0.0,0.0,-0.8660254037844386,0.5000000000000001
2021-12-31,387.4562683105469,34752900.0,-0.0062445468817301,0.0290300838207573,0.1059974308721496,0.1119781222758711,0.274197311916609,0.232747854568585,0.1844842343267064,381.7394610595703,375.1395174466647,351.26283447265627,346.9516033825574,0.103038039570076,-0.0139535848210495,95.66999816894533,-0.0039563234850469,0.0173330203907817,0.0637090901934545,75.33,0.1511308068459658,-0.0089461912906197,0.5580144777662874,1827.5,0.0257633728351207,0.0401252134319862,-0.0346521453868983,48461.16015625,0.0683029612677803,0.2282124225502566,24813.6,38.31,0.0,1.0600000000000025,4.539999999999999,194.889,0.0,1.953008034152642,1.953008034152642,0.0615046933039298,0.1666009018526995,1.4195541693454414,1.6528951275233592,0.73,0.1699999999999999,0.4599999999999999,0.6,1.52,0.09,0.04,0.59,1.9,0.1299999999999999,-0.1400000000000001,0.25,0.79,1.17,-0.4199999999999999,-0.01,6.901970403700863,0.8566262881938069,1.749955101906897,1.9837133142332373,4.1,-1.0,-1.7000000000000002,17.22,-13.900000000000002,-3.93,3.1,-0.48,-0.1,-0.55641,-0.0050499999999999,0.09757,1.46,0.02,0.1642433668220784,0.3057312219851801,0.2153653593880493,1.6869547075012787,0.8753503115151626,0.4045060835497666,-0.0812619273202691,-0.1426414759667228,2022-02-01,-0.0893620098097323,-0.2002765086502091,2022-04-01,-0.2764430398560448,-0.3170152062429551,2022-07-05,-0.3303275705179366,-0.3420059376975743,2023-01-03,1.0,0.0,False,False,False,False,True,False,False,1,False,risk_on,0.0514609316649528,2.227058257598623e-173,0.948539068335048,-0.139726029123593,-0.17199962791919798,2022-03-03,-0.1281789062793519,-0.1442810346706302,1.0,1.0,1.0,0.0,-0.5000000000000004,0.8660254037844384
2022-01-31,353.5653991699219,94326400.0,0.031978363571874,-0.0931685142400794,-0.0585229586399197,-0.0018741516715435,0.1314402151621334,0.2792639276387956,0.232119281231416,374.6009204101563,376.35964637169474,355.6693115234375,351.71229250796205,-0.0059153609416116,-0.1002032412509918,96.54000091552734,0.0059393527933107,0.0257118369987849,0.0606460610420318,89.16,0.1604841858648964,0.0677844311377244,0.6649859943977592,1795.0,-0.0097644131122927,0.0067302299495233,-0.0353611603082039,45416.46875,-0.0497670597863943,0.1333020504213737,24813.6,36.94,-1.3700000000000043,-0.3100000000000023,1.8399999999999963,194.889,0.0,1.830305507866654,1.830305507866654,-0.1626197913186353,0.0159273380385727,0.8507615867583951,1.2231753271140005,1.18,0.4499999999999999,0.7,1.0699999999999998,1.79,0.27,0.24,0.7,2.11,0.1799999999999999,0.1799999999999999,0.2699999999999998,0.6100000000000001,0.93,-0.4599999999999999,-0.37,7.174340285065539,0.6905230550805275,1.823124694116407,1.87870766471554,3.9,-0.8000000000000003,-2.0000000000000004,24.83,7.5,8.569999999999997,3.63,0.54,0.5499999999999998,-0.54187,0.00603,0.0803,1.57,0.07,0.8188348780693574,-1.5631895748873792,-0.4699790245026597,0.3732669514568975,1.6471564425468814,0.4044111086310756,-0.0436026315700888,-0.092631985258291,2022-03-02,-0.1216809856968516,-0.1361044555967646,2022-05-02,-0.1314595640064835,-0.2515479735199576,2022-08-02,-0.1650250210799912,-0.2789341814873959,2023-02-01,1.0,0.0,True,False,False,False,True,False,False,2,True,risk_on,8.455438762192943e-08,4.859968775038059e-167,0.9999999154456116,-0.00016995189990098858,-0.12361933501938738,2022-03-31,-0.06845331082959574,-0.09657075312610175,0.0,1.0,0.0,1.0,0.0,1.0
2022-02-28,337.7399597167969,77515500.0,0.0029787401799588,0.0167104464267751,-0.1123646728765228,-0.0755559746960887,0.0768899106002554,0.3519100825149074,0.2818932168736964,358.8191882324219,364.24783606896034,357.44700103759766,354.1826772603903,-0.0551327644758388,-0.1404777679980422,96.70999908447266,-0.0056549767599987,0.0064523131461244,0.0622802956055139,96.13,0.0972491724688962,0.2274004085801839,0.5878757846052196,1899.4000244140625,0.059164653263279,0.063910811888922,0.1026995787599782,44259.2109375,-0.0658208586294401,0.0655029447577217,25250.347,35.29,-1.6499999999999986,-3.289999999999999,0.25,194.889,0.0,1.752815948925375,1.752815948925375,-0.1565260424624124,-0.0786240394823867,0.4811050052549241,0.7544962719058694,1.44,0.26,0.94,1.31,1.83,0.02,0.3500000000000001,0.3800000000000001,2.17,0.08,0.3399999999999998,-0.06,0.3900000000000001,0.73,-0.5899999999999999,-0.9299999999999996,7.558805726967832,0.6046039630400957,1.32376333666977,2.3136363456585984,4.0,-0.5,-1.4000000000000004,30.15,-0.3399999999999998,1.5299999999999976,3.77,0.31,0.1499999999999999,-0.43861,0.11725,0.1127499999999999,1.48,0.06,0.1157464353492306,-2.027751111668604,-0.6608895505398589,-0.5468628082672433,1.5104854689730902,0.4041761105265452,0.0716518013857876,-0.0825548747666837,2022-03-29,-0.107606417348487,-0.1707175607475984,2022-05-27,-0.1194574387079933,-0.2164778496336381,2022-08-29,-0.1541349317339208,-0.2451472897551951,2023-03-01,1.0,0.0,True,False,False,False,False,False,False,1,False,risk_on,8.95070180399294e-16,1.9694551231281614e-159,0.9999999999999982,-0.05301180629404567,-0.08549115515110017,2022-04-28,-0.06636114748782038,-0.06836112606288486,0.0,1.0,0.0,0.0,0.49999999999999994,0.8660254037844387
2022-03-31,353.5053100585937,67011400.0,-0.0123943689830946,0.0454127971321063,-0.0933226319739741,0.0153424259853902,0.1223371570517559,0.3316934015749776,0.3103844896114292,339.4710986328125,347.94210439828726,358.884052734375,355.4172108968099,-0.0149874106547784,-0.1003561634196659,98.30999755859376,0.0094465363457338,0.0243825810995803,0.057893008024862,100.53,-0.0921979411233518,0.3084732526356892,0.6370297997068883,1949.199951171875,0.0147326390744593,0.0753020376658339,0.1289892563984216,45606.671875,-0.0617445786540669,0.0786572120583211,25250.347,34.27,0.0,-4.039999999999999,-2.449999999999996,194.889,0.0,1.8061800051698296,1.8061800051698296,-0.1527436987163457,-0.0580032783832786,0.672781280785696,0.454199761126688,2.28,0.7799999999999998,1.5499999999999998,2.11,2.32,0.4599999999999997,0.7999999999999998,0.6299999999999999,2.44,0.1999999999999997,0.51,0.1,0.04,0.1600000000000001,-0.75,-1.48,7.937278766517819,0.6926379347568234,1.0353083628169557,2.7852634647238528,3.9,-0.1999999999999997,-1.1999999999999995,20.56,-10.18,3.2300000000000004,3.43,-0.2799999999999998,0.3400000000000003,-0.3728,0.0658099999999999,0.1751,1.8,0.33,0.5208510958288465,-1.6532472909924796,-0.8947361890834072,0.1682165921567316,1.7243628629722842,0.4035244362133191,-0.1215316883382819,-0.1359576099509809,2022-05-02,-0.2203004542086949,-0.251420751054373,2022-07-01,-0.2600680164873595,-0.2600680164873595,2022-09-30,-0.1101402129999994,-0.2788116141510345,2023-04-03,1.0,0.0,False,False,False,False,False,False,True,1,False,risk_on,4.519918659194026e-43,1.4375434578012756e-241,1.0,-0.1559554310200003,-0.2077012433546489,2022-06-01,-0.12228737337121873,-0.19655779934800494,1.0,1.0,1.0,0.0,0.8660254037844386,0.5000000000000001
2022-04-29,305.4435729980469,91977900.0,-0.0449986632161549,-0.1466668701502834,-0.1084784897897158,-0.1826614330997141,-0.0687574643432811,0.3337655039916314,0.3366123953576691,333.79734130859373,336.8894010103666,357.6070574951172,356.1920594911318,-0.1458681628445841,-0.2226695892482589,102.95999908447266,0.0528683722317504,0.0584969943227795,0.1279579366934096,104.59,-0.0298673592431129,0.1929964640127752,0.6470866141732283,1909.300048828125,-0.0125161371460434,0.0696957940010674,0.0803485520719351,41343.96875,-0.0688385441089657,-0.0575818536672061,25250.347,33.89,-0.3800000000000025,-3.049999999999997,-2.8299999999999983,194.889,0.0,1.6373623994157387,1.6373623994157387,-0.1519962461455666,-0.2968858108902692,-0.103894773164627,0.3297138585605246,2.7,0.3900000000000001,1.5500000000000005,2.54,2.89,0.54,1.11,1.2400000000000002,2.96,0.48,0.8900000000000001,0.6600000000000001,0.1899999999999999,0.2599999999999998,-0.4400000000000001,-1.3,8.572204966013853,1.115641476274165,1.397864680948314,3.220989375064721,3.7,-0.1999999999999997,-1.0,33.4,14.07,5.739999999999998,3.93,0.6000000000000001,0.3200000000000003,-0.33611,0.03669,0.2057599999999999,2.04,0.4499999999999999,1.617706590030327,-1.710780949463441,-2.372559888292609,-1.0294189950390484,1.8954663750913443,0.4024612228509751,-0.0158660775169788,-0.0830325389470739,2022-05-31,0.0083831437913231,-0.1336313385004658,2022-08-01,-0.0989086076967461,-0.1645310240264168,2022-10-28,0.0274030538202727,-0.16533217101993,2023-05-02,1.0,0.0,True,False,False,True,False,True,True,4,True,risk_on,1.9041933949366327e-68,0.0,1.0,-0.10353145115161444,-0.13363133850046582,2022-06-30,-0.07563277224235732,-0.11042525739219393,1.0,1.0,0.0,1.0,1.0,6.123233995736766e-17
2022-05-31,300.5973815917969,60968300.0,-0.0026529498866767,-0.0158660775169788,-0.0961345476421806,-0.2267624248603498,-0.069296133808532,0.4208179497000071,0.3655834684265075,319.48705139160154,321.2197692871094,351.2360479736328,351.56982669314823,-0.1441727484236964,-0.2350027738015511,101.75,-0.0117521279645692,0.0445539079635493,0.1326950676385772,114.38,0.0936035949899607,0.1034150106116149,0.6870206489675517,1842.699951171875,-0.034881944143419,-0.0513282907686653,-0.0316359621997084,41084.8984375,-0.0571096875061633,-0.0665804635444214,25861.292,30.67,-3.219999999999999,-3.6000000000000014,-6.030000000000001,194.889,0.0,1.5886638006136735,1.5886638006136735,-0.1369900834695825,-0.290258672408719,-0.3486129038447612,-0.531396756757582,2.53,-0.1700000000000003,1.2199999999999998,2.37,2.85,-0.04,1.13,1.23,3.07,0.1099999999999998,0.96,0.77,0.3200000000000003,0.54,-0.0899999999999996,-1.14,8.231750770777225,0.3083351293478031,0.6729450438093929,1.9967083804791628,3.7,-0.2999999999999998,-0.7999999999999998,26.19,-7.209999999999997,-7.129999999999999,4.22,0.2899999999999996,0.3299999999999996,-0.25937,0.07674,0.17924,1.69,0.29,0.119440007014008,-1.4526030621611683,-2.0321684271714817,-0.9966909536481696,1.3492259065159025,0.4015224410112555,-0.0890787032454397,-0.1196638570148654,2022-06-30,-0.0216732529777994,-0.1196638570148654,2022-08-30,-0.086497478419996,-0.1518757661821477,2022-11-29,0.1506251538709488,-0.1518757661821477,2023-06-01,1.0,0.0,True,False,False,True,False,False,True,3,True,risk_on,5.043619516480795e-83,0.0,1.0,0.024640164061330072,-0.11966385701486548,2022-08-01,-0.10586544635900093,-0.09659282271162001,1.0,1.0,0.0,0.0,0.8660254037844387,-0.4999999999999998
2022-06-30,273.820556640625,79313600.0,-0.0124030886591071,-0.0890787032454397,-0.2350136873993736,-0.2997983493363633,-0.2048156915697127,0.3714559195327122,0.3736314245365971,293.41314086914065,305.20362783578724,342.7581866455078,344.8594695769989,-0.2011261369992614,-0.3031477346976673,104.69000244140624,0.0288943728885135,0.0705593768409844,0.1325183868073214,107.76,-0.057877251267704,-0.0004637788702346,0.4657236126224158,1804.0999755859373,-0.0209475099629701,-0.0669252776902314,0.0188050179803471,37564.23046875,-0.1890353625349236,-0.1673461107260899,25861.292,29.05,-1.620000000000001,-5.220000000000002,-7.650000000000002,194.889,0.0,1.452527215915972,1.452527215915972,-0.3819200369277216,-0.4732831101289929,-0.9880977278754324,-0.95693997061594,2.92,0.3900000000000001,0.6099999999999999,2.67,2.98,0.1299999999999999,0.6299999999999999,1.53,3.14,0.0700000000000002,0.6600000000000001,1.08,0.06,0.2200000000000002,0.02,-1.14,8.538171195642065,0.948499623996324,0.6008924291242455,1.6362007919412012,3.6,-0.2999999999999998,-0.4999999999999995,28.71,2.52,9.380000000000004,5.87,1.6500000000000004,2.54,-0.17235,0.0870199999999999,0.20045,1.26,-0.54,0.8894495667202451,-2.574894231864317,-2.183453175849044,-2.4027311091508823,2.208354106481186,0.4002741591072094,0.1248393990918079,0.0066005747305784,2022-08-01,-0.0282624163114351,-0.0282624163114351,2022-09-29,-0.0453908765310026,-0.0689379677041716,2022-12-29,0.3305624754250518,-0.0689379677041716,2023-07-03,0.0,0.0,True,True,False,True,False,True,True,5,True,risk_on,2.3836663370634325e-102,0.0,1.0,0.07399700776323148,0.006600574730578401,2022-08-30,0.01873128180254624,0.025466630526818523,0.0,0.0,1.0,0.0,0.49999999999999994,-0.8660254037844387
2022-07-29,308.18975830078125,57501000.0,0.018237046210136,0.1115573539798686,-0.0364124271090222,-0.0722455613221184,-0.1344340681889009,0.2688804073157823,0.3692273367156617,286.4662719726563,289.88362192007213,336.1790278625488,338.1083364400778,-0.0832570364062429,-0.2156807587797634,105.9000015258789,0.0075159443529633,0.0220034618689688,0.1528412891600308,101.31,-0.0926108374384236,-0.0394424954963495,0.3761206193969029,1762.9000244140625,-0.02800900266055,-0.0666066236088785,-0.0372979076993225,41119.578125,-0.0410161758757529,-0.1061544219942177,25861.292,29.0,-0.0500000000000007,-4.890000000000001,-8.439999999999998,194.889,0.0,1.5900047888172022,1.5900047888172022,-0.1081216270296769,-0.3737609731105094,-0.3711429539575054,-0.9577084262202392,2.89,-0.1699999999999999,0.2600000000000002,2.69,2.67,-0.4300000000000001,-0.1800000000000001,1.39,3.0,-0.2200000000000002,0.08,1.09,-0.2200000000000002,0.1099999999999998,-0.4400000000000004,-1.3000000000000005,8.979361103105798,1.2561019986405686,0.4071561370919454,1.8050208180402596,3.6,-0.1,-0.2999999999999998,21.33,-6.830000000000002,-8.66,4.77,-0.8500000000000005,0.9399999999999996,-0.21998,-0.04763,0.13105,0.26,-1.7699999999999998,0.1762205765826198,-0.7257459696084241,-0.442667294283309,-0.9593381881595152,1.1328065288995013,0.3992480589921691,-0.0350282539582574,-0.0350282539582574,2022-08-29,-0.1334545759173253,-0.1719756342411079,2022-10-27,-0.0759913937965861,-0.1727696424571645,2023-01-30,0.2220858358678024,-0.1727696424571645,2023-08-01,1.0,0.0,False,False,False,True,False,False,False,1,False,risk_on,1.3231356331972765e-118,0.0,1.0,-0.11100281400829126,-0.12869131879729412,2022-09-28,-0.014366275787071725,-0.10515284502749499,0.0,1.0,0.0,1.0,1.2246467991473532e-16,-1.0
2022-08-31,292.3729248046875,50044000.0,-0.0058131100377377,-0.047911427168495,-0.0201133727730037,-0.1353725434135583,-0.2079677462130669,0.2654883631371577,0.3065052367417415,298.04313232421873,295.41407564603367,329.17369140625,333.5833784223677,-0.1117974114041355,-0.255933384027796,108.6999969482422,0.0231551123299822,0.0599706846754595,0.1734859135411584,90.09,-0.0725756639901172,-0.2183758459135867,0.3165278386672512,1712.800048828125,-0.0329173550682958,-0.0707969383947909,-0.0563085130423554,39560.859375,-0.0299014995003709,-0.1579146047759231,26336.304,30.7,0.0,1.6499999999999986,-7.27,194.889,0.0,1.5021416587156649,1.5021416587156649,-0.0747420484092535,-0.4567811364853449,-0.825625171260968,-0.5326311535498587,3.45,0.3900000000000001,0.79,3.25,3.15,0.3999999999999999,0.2099999999999999,1.85,3.27,0.27,0.1800000000000001,1.35,-0.3000000000000002,-0.1800000000000001,-0.5800000000000001,-1.4000000000000004,8.462576727730099,-0.014917428642136,0.2308259569528736,0.9037710007622666,3.5,-0.2000000000000001,-0.5,25.87,1.9400000000000013,0.1799999999999997,5.03,0.4199999999999999,0.9000000000000004,-0.2258,-0.0058199999999999,0.0335699999999999,0.19,-1.6,0.5843014039418033,-0.5926961533125775,-0.7696253214910117,-1.2215477008512965,1.2227004233603194,0.3991732061549807,-0.1053553080243612,-0.1053553080243612,2022-09-30,-0.0179865802074969,-0.1280180128837021,2022-11-30,0.005571226314851,-0.1280180128837021,2023-03-03,0.2706988671544086,-0.1280180128837021,2023-09-01,1.0,0.0,True,True,False,True,False,True,False,4,True,risk_on,4.88667709567677e-94,0.0,1.0,-0.06957086474617757,-0.12718105029436944,2022-10-31,-0.08715191186742706,-0.1087549883278822,1.0,1.0,0.0,0.0,-0.4999999999999997,-0.8660254037844388
2022-09-30,261.56988525390625,78482400.0,-0.0169565978351102,-0.1053553080243612,-0.0510037007117979,-0.2600680164873595,-0.2487156647960937,0.2868543809353447,0.2768984481795379,297.6706829833984,294.5998737041767,318.485615234375,324.98087180197774,-0.1787073803587148,-0.3343247515441916,112.12000274658205,0.0314627957162527,0.0663877058917008,0.1896021511573691,79.91,-0.112998112998113,-0.2755213055303717,0.0623504387131081,1662.4000244140625,-0.0294255155168553,-0.075879703233903,-0.0529254382896442,35836.921875,-0.0568675560351159,-0.2009610500550097,26336.304,28.23,-2.469999999999999,-0.7699999999999996,-9.389999999999995,194.889,0.0,1.3607422618982528,1.3607422618982528,-0.1085486659776631,-0.5093821010767465,-1.5122143024084154,-1.1738412346405611,4.22,0.7699999999999996,1.38,3.94,3.83,0.6800000000000002,0.9500000000000002,2.31,3.79,0.52,0.6800000000000002,1.71,-0.3899999999999997,-0.4299999999999997,-0.4299999999999997,-1.6299999999999997,8.222579178218826,0.0623912814965654,-0.3155920174232385,0.2853004117010069,3.6,0.0,-0.2999999999999998,31.62,5.75,4.920000000000002,5.43,0.3999999999999994,-0.4900000000000002,-0.10778,0.11802,0.05839,0.5,-0.6499999999999999,0.9358664185829496,-0.8476298898521376,-1.329540129538875,-1.9158882412788072,1.1885055330123553,0.3989337380915937,0.0399984972795859,-0.0243959892298815,2022-10-31,-0.0012818625146159,-0.0253315143571635,2022-12-30,0.2026237638432868,-0.0253315143571635,2023-04-03,0.3369966032451761,-0.0253315143571635,2023-10-03,0.0,0.0,True,True,False,True,False,True,True,5,True,risk_on,3.937792561061196e-89,0.0,1.0,0.09765745954846983,-0.02533151435716352,2022-11-30,-0.01116535268078087,-0.01289654182186807,0.0,0.0,1.0,0.0,-0.8660254037844385,-0.5000000000000004
2022-10-31,272.03228759765625,47742000.0,-0.0116275730497367,0.0399984972795859,-0.1141490524953369,-0.1240114859845045,-0.275630042184163,0.3346228853845327,0.2960499099173801,279.2093682861328,287.8645874023438,306.57830856323244,313.91408971838047,-0.1126825349369131,-0.3076987419297442,111.52999877929688,-0.0052622543063854,0.0497929313055018,0.1849765780350776,86.54,0.0829683393818045,-0.1091208564957791,0.0364071856287426,1635.9000244140625,-0.015940808235575,-0.0763367133620711,-0.0825013884385515,38702.5,-0.0520338307301954,-0.1902410869709664,26336.304,27.08,-1.150000000000002,-3.620000000000001,-10.170000000000002,194.889,0.0,1.4695494098184771,1.4695494098184771,-0.1091373358495273,-0.5233758893668121,-0.999742195494021,-1.441813625281994,4.51,0.29,1.4499999999999995,4.029999999999999,4.1,0.2699999999999996,1.3499999999999996,2.55,4.22,0.4299999999999997,1.2199999999999998,2.29,-0.4100000000000001,-0.29,-0.1,-1.4800000000000002,8.192106896425821,0.4242672748282716,-0.787254206679977,-0.3800980695880316,3.5,-0.1,-0.2000000000000001,25.88,-5.740000000000002,1.9499999999999995,4.63,-0.7999999999999998,0.0199999999999995,-0.12745,-0.01967,0.09253,-0.12,-0.31,0.1455856034640911,-1.3522245809515652,-0.9148661578170306,-1.269925929600108,0.7307892791121333,0.3986476421885807,0.0554413899824925,-0.0628174096478397,2022-11-30,0.0852324344505255,-0.0628174096478397,2023-02-01,0.1460405786253777,-0.0628174096478397,2023-05-03,0.2929644914030294,-0.0628174096478397,2023-11-01,0.0,1.0,True,False,False,True,False,False,True,3,True,risk_on,1.806412329217492e-92,0.0,1.0,-0.039692711001201086,-0.06281740964783977,2022-12-30,-0.04892276760683312,-0.04839115167074009,0.0,0.0,0.0,1.0,-1.0,-1.8369701987210297e-16
2022-11-30,287.1141357421875,74718100.0,0.0455856910947871,0.0554413899824925,-0.0179865802074969,-0.0377381821878758,-0.250437576101274,0.3807924036383113,0.3357709080289441,270.3324215698242,274.9249772291917,298.72621116638186,303.7197194829717,-0.0388719670056899,-0.2693165978957008,105.9499969482422,-0.0500313986562196,-0.0252989887507487,0.1037608011889743,80.48,-0.0700254217702797,-0.1066711066711066,0.2168128212881765,1746.0,0.0673023864189821,0.019383436609889,-0.0155615561377189,40552.421875,0.0250642305466854,-0.1360074489606709,26770.514,28.38,1.3000000000000007,-2.3200000000000003,-10.2,194.889,0.0,1.5148167074789822,1.5148167074789822,0.0126750487633173,-0.3767297881927463,-0.7888315663135801,-1.0835640763829708,4.38,-0.1299999999999999,0.9299999999999996,3.86,3.68,-0.4199999999999995,0.5300000000000002,2.25,3.8,-0.4199999999999999,0.5299999999999998,2.02,-0.6999999999999997,-0.5800000000000001,-0.3999999999999994,-1.6099999999999997,7.758813957693,0.5594754832984217,-0.7037627700370983,-0.4729368130842246,3.6,0.1,-0.1,20.58,-5.300000000000001,-5.290000000000003,4.55,-0.08,-0.4800000000000004,-0.18271,-0.05526,0.0430899999999999,-0.69,-0.8799999999999999,0.0056413996939692,-0.4747212363293508,0.1029655721013192,-0.8812519477483145,0.2774870534909273,0.3978391588874858,-0.0901367919494532,-0.1112532572801726,2022-12-30,0.0239892918442252,-0.1112532572801726,2023-03-03,0.2136944795558237,-0.1112532572801726,2023-06-02,0.3382300421038937,-0.1112532572801726,2023-12-01,1.0,0.0,False,False,False,True,False,False,True,2,True,risk_on,2.9630758343331763e-94,0.0,1.0,0.028226147610647567,-0.11125325728017266,2023-02-01,-0.09576779976862629,-0.095527823589093,1.0,1.0,0.0,0.0,-0.8660254037844386,0.5000000000000001
2022-12-30,261.2345886230469,37858300.0,-0.0006006808884239,-0.0901367919494532,-0.0012818625146159,-0.0522201834943647,-0.3299803920601737,0.2258437798960502,0.3194447248963121,272.2241360473633,270.5097240741436,292.6800832366943,296.31794374483127,-0.1074398171064378,-0.3321988433959992,103.5199966430664,-0.0229353504027268,-0.0767035844884315,0.0786703691396282,80.16,-0.0039761431411531,0.0031285195845325,0.0433424443576728,1819.699951171875,0.0422107395027921,0.0946221874685397,0.0038616429572222,38073.94140625,0.0624222007418151,-0.2167136853499801,26770.514,28.32,-0.0599999999999987,0.0899999999999998,-9.990000000000002,194.889,0.0,1.422234231522413,1.422234231522413,0.0614919696241602,-0.5366894723637625,-1.2232280487392408,-1.071871380830844,4.41,0.0300000000000002,0.1900000000000004,3.68,3.88,0.1999999999999997,0.0499999999999998,2.36,3.97,0.1700000000000003,0.1800000000000001,2.04,-0.5300000000000002,-0.4399999999999999,-0.1400000000000005,-1.3200000000000005,7.122856456533988,0.2614032556282231,-1.099722721684838,-1.4153147391080765,3.6,0.0,0.0,21.67,1.0900000000000034,-9.95,4.79,0.2400000000000002,-0.6399999999999997,-0.22479,-0.0420799999999999,-0.1170099999999999,-0.54,-1.04,0.296178686788753,-0.3057208707676969,0.6542973744951892,-0.9654120031270512,-0.3437287303223512,0.3971592232705802,0.1300887193951965,-0.0176505393898577,2023-02-01,0.2041673408188071,-0.0176505393898577,2023-04-03,0.3946297575914399,-0.0176505393898577,2023-07-05,0.5062421328635589,-0.0176505393898577,2024-01-03,0.0,1.0,False,False,False,True,False,False,False,1,False,risk_on,5.0485566898301025e-77,1.6363330892934177e-289,1.0,0.1254321339558313,-0.017650539389857722,2023-03-03,-0.00019516047352055032,0.015868947549697907,0.0,0.0,1.0,0.0,-0.5000000000000004,0.8660254037844384
2023-01-31,289.03759765625,46705100.0,0.0149861600843523,0.10576466852222,0.0501576647324522,-0.0615788868764292,-0.1563638643930471,0.2158422832750485,0.2880155786724113,274.1266027832031,273.04371549166166,285.457248916626,291.3481422630516,0.0125425041865716,-0.2014204338974293,102.0999984741211,-0.0167565285548321,-0.077437425107223,0.049655618358644,78.95,0.0066301160270303,-0.1013090495162207,-0.0994638987110756,1929.5,0.060456169277274,0.1768114349419052,0.081012927115291,40724.9609375,0.0454974752038077,-0.0827800265868766,26770.514,28.34,0.0199999999999995,1.2600000000000016,-8.599999999999998,194.889,0.0,1.5212618232694377,1.5212618232694377,0.0422118040450238,-0.2680968222918678,-0.7412256810575296,-1.0356950885362357,4.21,-0.1299999999999999,-0.2000000000000001,3.06,3.52,-0.31,-0.4999999999999995,1.74,3.65,-0.27,-0.5000000000000004,1.58,-0.69,-0.56,-0.2999999999999994,-1.32,6.404600402357152,0.0153956343335925,-1.7875064940686691,-2.574760700748646,3.5,0.0,-0.1,19.4,-2.0400000000000027,-6.350000000000001,4.3,-0.5099999999999998,-0.2400000000000002,-0.30933,-0.1018899999999999,-0.18188,-1.18,-1.02,0.0,0.1469466713818554,1.4781372900531575,-0.2277873618966625,-1.0453265134649068,0.3968327171642786,-0.0034279769034156,-0.011608052382891,2023-03-02,0.0857191666849677,-0.0206029151159982,2023-05-02,0.2744687464629554,-0.0206029151159982,2023-08-02,0.4418402176538858,-0.0206029151159982,2024-02-01,0.0,1.0,False,False,False,True,False,False,False,1,False,risk_on,1.3762067523841656e-88,3.085794046389071e-219,1.0,0.0909879905194535,-0.02060291511599821,2023-03-31,-0.006068660475818044,-0.008104454287634781,0.0,0.0,0.0,1.0,0.0,1.0
2023-02-28,287.9976806640625,48243100.0,-0.0012930022733896,-0.0091139057622143,0.0255916809458505,-0.0411411478537941,-0.1447397839171774,0.2601945751379823,0.2528253313679889,280.16350708007815,280.18244112454926,283.77330772399904,286.9879958006713,0.0148864351405881,-0.2042936118754426,104.87000274658205,0.0288433477151375,-0.0102868662448898,0.085386046009938,76.88,-0.0357456415401983,0.0056245912361019,-0.1614310645724259,1828.9000244140625,-0.0516955057730853,0.0431186753439418,-0.0305327196320898,39704.37890625,-0.0078587908656002,-0.1029310827652326,27216.445,28.92,0.5800000000000018,0.5400000000000027,-6.369999999999997,194.889,0.0,1.4588378058284246,1.4588378058284246,-0.0360486541868743,-0.2940141883936744,-1.0322789621415027,-0.8718140116754078,4.81,0.6199999999999992,0.3899999999999997,3.26,3.92,0.3999999999999999,0.2399999999999997,1.95,3.93,0.29,0.1899999999999999,1.64,-0.8899999999999997,-0.8799999999999994,-0.1499999999999999,-1.3099999999999996,6.327178517960097,0.5314022594635093,-1.4316354397329034,-2.1353982097700017,3.5,-0.1,0.0,20.7,2.1899999999999977,0.1999999999999993,4.22,-0.0100000000000006,-0.2999999999999998,-0.2727,0.0366299999999999,-0.0899899999999999,-0.96,-0.2299999999999999,0.3887604898008643,-0.0483466661094261,0.7953693205512234,-0.3085789969736455,-0.3533018529605802,0.396457584319448,0.0669171106232968,-0.0170664572239716,2023-03-29,0.1940383642955023,-0.0170664572239716,2023-05-30,0.2803689435365155,-0.0170664572239716,2023-08-29,0.5057680806450451,-0.0170664572239716,2024-02-29,0.0,1.0,False,False,False,True,False,False,False,1,False,risk_on,2.249451127068732e-71,2.191586784199885e-144,1.0,0.10048841233988215,-0.0170664572239716,2023-04-28,-0.007555407864358465,0.00194180250983669,0.0,0.0,0.0,0.0,0.49999999999999994,0.8660254037844387
2023-03-31,315.3365478515625,62138100.0,0.0166306979151242,0.0947407364793329,0.2063759736984662,0.185111629062437,-0.1190283668666376,0.2055233475335446,0.223002218855281,294.7407299804688,288.13646005483776,284.5932593536377,285.183754654618,0.1080253571983691,-0.1243004665392617,102.51000213623048,-0.0239931131329608,-0.0128081110223888,0.0482667059670072,75.68,-0.0303651505445226,-0.0350631136044881,-0.2980243020128003,1969.0,0.0739023725115899,0.0821654300632042,0.0183604861649857,40708.41015625,0.0668010197375559,-0.1211564652813326,27216.445,27.94,0.0,-0.379999999999999,-6.330000000000002,194.889,0.0,1.495728415531492,1.495728415531492,0.0703046031609113,-0.3387188373122014,-0.9421233960403088,-1.1784024219986444,4.06,-0.8300000000000001,-0.2800000000000002,1.7499999999999996,3.48,-0.6000000000000001,-0.3500000000000001,1.13,3.67,-0.3600000000000003,-0.25,1.19,-0.5799999999999996,-0.3899999999999997,-0.0699999999999998,-0.6199999999999997,5.957820738137087,0.3428533386591992,-1.165035718396901,-2.2647584400817387,3.6,0.0,0.0,18.7,-0.8900000000000006,-2.740000000000002,4.58,0.4000000000000003,-0.2299999999999995,-0.15505,0.11765,0.05239,-1.37,-0.7500000000000001,0.028293933339715,1.4410047948245623,1.3306776456877865,0.4981324561020377,-1.281110843769947,0.3961986891257207,-0.0048294058965553,-0.0340884324589652,2023-05-02,0.1553857621271297,-0.0340884324589652,2023-07-03,0.128841836811721,-0.0340884324589652,2023-10-02,0.3867641644959405,-0.0340884324589652,2024-04-03,0.0,1.0,False,False,False,False,False,False,False,0,False,risk_on,9.65770930500182e-58,9.66166995785552e-99,1.0,0.0968437081073088,-0.0340884324589652,2023-06-01,-0.023681199208589843,-0.019633893444542645,0.0,0.0,1.0,0.0,0.8660254037844386,0.5000000000000001
2023-04-28,316.9381103515625,59712600.0,0.0068984974707384,0.0314657074877848,0.0904586646574074,0.1651593891428224,0.0261340685492543,0.1675454832962386,0.2118597254931703,301.73370361328125,300.51811758188103,287.7421263885498,286.75904715598165,0.101465796230296,-0.0259570574029511,101.66999816894533,-0.0094505185743497,-0.0025507910865498,-0.0124332085210298,76.78,0.0525017135023988,-0.0369998745766964,-0.2469595919968614,1990.0999755859373,0.0122069072264991,0.0318884168715782,0.0552521076530816,41064.05078125,0.01047812400363,-0.018952209229284,27216.445,28.77,0.8299999999999983,0.4299999999999997,-5.120000000000001,194.889,0.0,1.5087955381847262,1.5087955381847262,-0.0092268009175413,-0.1488981102926589,-0.9508436792383568,-1.0076203775191743,4.04,-0.04,-0.1500000000000003,1.46,3.44,-0.1299999999999999,-0.08,0.6200000000000001,3.67,-0.1099999999999998,0.0299999999999998,0.7599999999999998,-0.6000000000000001,-0.3700000000000001,0.0700000000000002,-0.8399999999999999,4.917719362889961,0.1230718195389002,-1.4868810394671916,-3.2743875335358608,3.5,0.0,0.0,15.78,-3.3400000000000016,-2.730000000000002,4.5,-0.33,0.2699999999999996,-0.19357,-0.03453,0.11576,-1.66,-0.4499999999999999,0.1454776391909984,0.4128832181439977,1.309622364531998,0.8103857053444394,-1.1221991607202475,0.3959371701483232,0.0850076665111925,-0.0198100646405713,2023-05-30,0.1911157633561178,-0.0198100646405713,2023-07-31,0.0735497853338351,-0.0198100646405713,2023-10-27,0.3251092781154518,-0.0198100646405713,2024-04-30,0.0,1.0,False,False,False,False,False,False,False,0,False,risk_on,8.276389309478563e-52,1.4946562224960314e-81,1.0,0.12943048663954926,-0.019810064640571334,2023-06-29,-0.010000974442266641,-0.003313553054016347,0.0,0.0,0.0,1.0,1.0,6.123233995736766e-17
2023-05-31,341.9249267578125,65105400.0,-0.0056861439853805,0.0800767878361035,0.196870671648057,0.2357649078905805,0.1344670244839703,0.1775428450438456,0.1802868866634062,316.3330810546875,310.6339871920072,290.12006721496584,291.3917854240349,0.1785635169609332,-0.0056861439853805,104.31999969482422,0.0212432514589395,-0.0015314285697595,0.0260647346671079,68.11,-0.0996695307336418,-0.1219543638004382,-0.4075330549756436,1963.9000244140625,-0.0098316021780632,0.0686728391986468,0.0608221102015382,42053.1796875,0.0636166535183548,0.0159915403355836,27530.055,28.76,0.0,0.8200000000000003,-1.91,194.889,0.0,1.527537074935012,1.527537074935012,0.0748157457441496,-0.0729734305436007,-0.8828678490583154,-1.0378037082924323,4.4,0.2600000000000007,-0.4899999999999993,1.93,3.64,0.0500000000000002,-0.3699999999999996,0.8999999999999999,3.85,0.0100000000000002,-0.1200000000000001,0.8799999999999999,-0.7600000000000002,-0.5500000000000003,0.1199999999999996,-1.0300000000000002,4.950079879124369,0.3392739405144063,-1.3770986388357276,-2.808734078568631,3.4,-0.1,-0.2000000000000001,17.94,1.860000000000003,-2.639999999999997,4.69,0.2400000000000002,0.5200000000000005,-0.21492,-0.02135,0.05778,-1.88,-0.99,0.3880027358045473,1.2872132994798673,1.3752397986778206,0.9932561767718197,-1.266620040454192,0.3957610134787109,0.0630383474191276,0.0023851778387311,2023-06-30,0.0844477372584342,0.0023851778387311,2023-08-30,0.1233362036865475,-0.0096565608098966,2023-11-29,0.303835545183251,-0.0096565608098966,2024-05-31,0.0,1.0,False,False,False,False,False,False,False,0,False,risk_on,2.692831337170279e-62,1.595985995394615e-85,1.0,0.10151179076124706,0.002385177838731156,2023-08-01,0.013322294611768638,0.01903658831625816,0.0,0.0,0.0,0.0,0.8660254037844387,-0.4999999999999998
2023-06-30,363.4793090820313,58712500.0,0.0154200234466268,0.0630383474191276,0.1718407719859915,0.4244496301367175,0.3109718546692839,0.1660005798512202,0.167919977423081,335.30860290527346,329.93568021334136,295.5167223358154,296.3812560347823,0.2299788188263181,-0.0009003270889236,102.91000366210938,-0.0135160663040607,0.0075387142849245,-0.0209304246548117,70.66,0.0374394362061369,-0.0492465016146393,-0.3671294223018362,1921.0999755859373,-0.0217933949264522,-0.0298944966835809,0.0592159824146594,44883.609375,0.1196564031369702,0.1833440028078432,27530.055,29.94,1.1799999999999995,2.0,0.8900000000000006,194.889,0.0,1.6303494262906486,1.6303494262906486,0.1574550339940059,0.1636992392079614,-0.3324628950658286,-0.7338687567766939,4.87,0.4699999999999997,0.7700000000000005,1.81,3.81,0.1699999999999999,0.2600000000000002,0.71,3.85,0.0,0.1099999999999998,0.6299999999999999,-1.06,-1.02,-0.5100000000000002,-1.1,4.131851231385042,0.1614687381333635,-1.8259695067520452,-2.991005225148946,3.6,0.0,0.0,13.59,-4.350000000000001,-5.43,4.05,-0.6400000000000006,-0.6900000000000004,-0.22992,-0.015,-0.07088,-1.62,-0.2000000000000001,0.0462925645385265,1.1433343404641567,1.48670317940548,1.674965894711688,-1.6186494349132987,0.3955097139357932,0.0361919618756239,-0.008608042154437,2023-08-01,-0.0287785808980151,-0.0397847611643181,2023-09-29,0.1129558901438982,-0.0683840883120677,2023-12-29,0.3273259118642473,-0.0683840883120677,2024-07-02,0.0,0.0,False,False,False,False,False,False,False,0,False,risk_on,6.577236301106049e-56,1.889327974261014e-128,1.0,0.020139809529246655,-0.030561127208032723,2023-08-30,-0.004650488770823169,-0.018205585533798044,0.0,0.0,1.0,0.0,0.49999999999999994,-0.8660254037844387
2023-07-31,377.5099792480469,44019900.0,0.0005213607045275,0.0546162667346654,0.1911157633561178,0.2988625047617008,0.2472661268945437,0.1479449112316217,0.1600459559763626,357.2112628173828,348.0565439077524,305.2314139556885,302.2316397589606,0.2367992349006755,-0.0053405792195432,101.86000061035156,-0.0143216158311049,0.0018688152338757,-0.0422190684362079,81.8,0.1710808876163208,0.0653816097942172,-0.1746544243769549,1970.5,0.0321077154807691,-0.0098487391720945,0.1258069731068709,46450.21875,0.1311650425683124,0.1452855577216405,27530.055,30.89,0.9499999999999992,2.120000000000001,1.8900000000000008,194.889,0.0,1.687254847474878,1.687254847474878,0.1784593092901516,0.11897427901952,-0.0301656048687545,-0.4890732328401431,4.88,0.0099999999999997,0.8399999999999999,2.03,3.97,0.1200000000000001,0.5300000000000002,1.29,4.02,0.0999999999999996,0.3499999999999996,0.9999999999999996,-0.9099999999999996,-0.8600000000000003,-0.3099999999999996,-0.7399999999999998,3.070617072997095,0.224175331482801,-1.8471022898928655,-3.3339833293600574,3.6,0.1,0.1,13.63,0.0900000000000016,-2.1499999999999986,3.79,-0.3499999999999996,-0.71,-0.28248,-0.05865,-0.08891,-1.58,0.0799999999999998,0.2409187358294637,1.3902597112248694,1.151643918084068,2.056338041204304,-1.9838803362455248,0.3952695141934303,-0.0232224142331192,-0.0665916371758785,2023-08-29,-0.0987023945439408,-0.1030088566541961,2023-10-27,0.1128828712959408,-0.1030088566541961,2024-01-30,0.2362409578402113,-0.1030088566541961,2024-07-31,1.0,0.0,False,False,False,False,True,False,True,2,True,risk_on,2.7701692002401482e-45,4.229225962188638e-198,1.0,-0.0655538244305065,-0.07547246227177196,2023-09-28,-0.05971099849501793,-0.06644653992043259,0.0,1.0,0.0,1.0,1.2246467991473532e-16,-1.0
2023-08-31,371.9114990234375,35730700.0,0.0029983461402187,0.0096156586413014,0.0752774773199298,0.2911496340021635,0.2646504008615582,0.1739118473762256,0.1647572544530365,365.1815264892578,362.2128497783954,316.3609368896484,311.4401166073911,0.1755923556174254,-0.0200913974854676,103.62000274658205,0.0100400277362227,0.0005794243858912,-0.0473475595791761,83.55,0.0509433962264149,0.192038807247824,-0.0926368375325803,1938.199951171875,0.0004128867284671,-0.0201213593671005,0.1247678772586939,45468.4296875,0.081212646115679,0.1408176858565837,28074.846,30.09,0.0,0.1499999999999985,-0.6099999999999994,194.889,0.0,1.6195433338263012,1.6195433338263012,0.0920062588912893,0.106195067494017,-0.3853717199070438,-0.6973269627710824,4.85,-0.0300000000000002,0.5199999999999996,1.3899999999999997,4.09,0.0099999999999997,0.48,0.98,4.2,0.0300000000000002,0.3600000000000003,0.9700000000000002,-0.7599999999999998,-0.6499999999999995,-0.0399999999999995,-0.4099999999999997,3.287749268428297,0.1957146710348745,-1.6623306106960722,-3.0394292495318,3.5,0.1,0.0,13.57,-2.52,-2.08,3.85,-0.1099999999999998,-0.8000000000000003,-0.33697,-0.0544899999999999,-0.1220499999999999,-1.47,0.4199999999999999,0.0493735531041211,0.3680478595218648,1.1582626509202805,1.455967125793857,-1.059883783705437,0.3952095035750522,-0.0428768972583113,-0.061555309533367,2023-10-02,0.0301670759074001,-0.0895062164001103,2023-11-30,0.1793573963164723,-0.0895062164001103,2024-03-04,0.2301833065885405,-0.0895062164001103,2024-09-03,0.0,0.0,False,False,False,False,False,False,False,0,False,risk_on,4.1906421718107085e-46,3.081665678163025e-263,1.0,-0.07040414888375912,-0.08950621640011036,2023-10-31,-0.05520717668532402,-0.07030993033589614,0.0,1.0,0.0,0.0,-0.4999999999999997,-0.8660254037844388
2023-09-29,353.0188903808594,64829600.0,0.0007260801447834,-0.0479526335217089,-0.0287785808980151,0.1381168575298001,0.2884849702671186,0.139333221325198,0.1582804034256224,363.994916381836,364.8224665715144,324.580862121582,320.13832202258413,0.0876146180443164,-0.0698694489343044,106.16999816894533,0.029177921674905,0.0316781108816173,-0.0571047992212325,90.77,0.1118324350808426,0.2846023209736767,0.0987773877254569,1848.0999755859373,-0.049477997647621,-0.0379990635197082,0.1130450183160605,43249.30078125,-0.0364121472516937,0.1645440460776466,28074.846,29.8,-0.2899999999999991,-0.1400000000000005,1.5700000000000005,194.889,0.0,1.5405000184595847,1.5405000184595847,-0.0898494078310638,0.1303401707641753,-0.8079230712677874,-0.7648751040999678,5.03,0.1299999999999999,0.1600000000000001,0.96,4.59,0.4699999999999997,0.7799999999999998,0.8699999999999997,4.73,0.5,0.8800000000000003,1.0300000000000002,-0.4400000000000004,-0.2999999999999998,0.6199999999999997,-0.0900000000000003,3.722504803505289,0.4835707415079771,-0.4093464278797531,-2.2353159346317986,3.7,0.1,0.1,17.52,3.639999999999999,3.93,4.03,0.2300000000000004,-0.0199999999999995,-0.3161,0.02087,-0.0861799999999999,-0.96,0.6600000000000001,0.6759563063551306,-0.6070098544319122,0.2639749009246323,0.9344426386712916,-0.0503106512514779,0.3951799171623462,-0.0253159588970102,-0.0407790712139286,2023-10-30,0.145934251710557,-0.0407790712139286,2023-12-29,0.2359626004184229,-0.0407790712139286,2024-04-02,0.3525296205657759,-0.0407790712139286,2024-10-01,0.0,1.0,False,False,False,False,False,False,True,1,False,risk_on,2.728091864328038e-45,1.2841559928363574e-229,1.0,0.08803426568910755,-0.04077907121392865,2023-11-29,-0.026929275536767272,-0.019507209845878924,0.0,0.0,1.0,0.0,-0.8660254037844385,-0.5000000000000004
2023-10-31,345.7273864746094,47671900.0,0.0047823146598078,-0.028760408715029,-0.0614654725050551,0.1016964234138406,0.2561281568843643,0.1906145530740832,0.1684562669047078,358.82503784179687,359.77135103665864,334.2776794433594,327.5263895945506,0.0342520836279469,-0.089081028629377,106.66000366210938,-0.0022450688526083,0.0396725555073982,-0.0362337993420258,81.64,-0.080734151559509,0.0269182389937105,-0.0706886738759248,1985.199951171875,0.0848087164873634,0.024672203032654,0.2107831060819769,42059.94921875,-0.0787380238519334,0.0797695001571416,28074.846,28.7,0.0,-1.3900000000000006,1.620000000000001,194.889,0.0,1.4981364178720695,1.4981364178720695,-0.1602224534596441,0.0190863986476559,-1.0101943201275674,-1.0278362071658622,5.07,-0.0499999999999998,0.1900000000000004,0.6600000000000001,4.88,0.1899999999999995,0.7999999999999998,0.8600000000000003,5.04,0.2300000000000004,0.8700000000000001,0.8899999999999997,-0.1900000000000004,-0.0300000000000002,0.6099999999999994,0.2000000000000001,3.687206638119256,0.3900915440960384,0.6165895651221609,-1.2305127247707048,3.7,0.1,0.2000000000000001,18.14,0.5300000000000011,2.0500000000000007,4.42,0.3099999999999996,0.4599999999999999,-0.28855,0.02755,-0.0060699999999999,-0.71,0.74,0.2110069525854804,-0.8851289388907965,-0.1198160441900012,0.3744545041722831,0.985848172516942,0.3951277982542603,0.1081881170945364,0.0173567444728235,2023-11-30,0.2054180519640438,0.0173567444728235,2024-02-01,0.2213741179004476,0.0173567444728235,2024-05-02,0.38845870191843,0.0173567444728235,2024-10-31,0.0,1.0,False,False,False,False,False,False,True,1,False,risk_on,2.9397474252587945e-41,1.2258936730190058e-159,1.0,0.15030142217243747,0.017356744472823538,2024-01-02,0.04163364241298395,0.0540877668121122,0.0,0.0,0.0,1.0,-1.0,-1.8369701987210297e-16
2023-11-30,383.1309814453125,52834400.0,-0.0025141269175252,0.1081881170945364,0.0301670759074001,0.1077154545997578,0.3952509547423826,0.1427440379899381,0.165579968150053,362.6041510009766,363.8249985914964,343.191517791748,337.84886870513094,0.1163766048489582,-0.0048883538409785,103.5,-0.0296268849954292,-0.001158104066794,-0.0310803192689494,75.66,-0.0732484076433122,-0.0944344703770198,-0.0295023088763468,2038.0999755859373,0.0266472021535337,0.0515426823500129,0.1656943188781763,45900.8984375,0.0095114072109443,0.1665212646914236,28424.722,30.01,1.3100000000000025,-0.0799999999999983,1.6300000000000026,194.889,0.0,1.6148231260625872,1.6148231260625872,-0.004720207763714,0.1449771884761814,-0.3766511017363527,-0.6572178718787122,4.73,-0.3399999999999998,-0.1199999999999992,0.25,4.37,-0.5099999999999998,0.2800000000000002,0.6200000000000001,4.54,-0.5,0.3399999999999998,0.73,-0.3600000000000003,-0.1900000000000004,0.3999999999999994,0.3700000000000001,3.2512659098611785,0.1366849347166798,-0.0364833585671187,-1.698813969263191,3.9,0.3999999999999999,0.5,12.92,-5.220000000000001,-0.6500000000000004,3.84,-0.5800000000000001,-0.0100000000000002,-0.32346,-0.03491,0.0135099999999999,-1.08,0.3899999999999999,0.013960724896537,0.0086285244575128,0.9211451096518424,1.2876457154225929,-0.0774351401299312,0.3948618106212136,0.0380019460850331,-0.0097213447103478,2024-01-02,0.1448214798339009,-0.0097213447103478,2024-03-04,0.1698547031503445,-0.0097213447103478,2024-06-03,0.3343213506365399,-0.0097213447103478,2024-12-02,0.0,1.0,False,False,False,False,False,False,False,0,False,risk_on,9.913590373637687e-49,1.8130536095630742e-138,1.0,0.08773775261588823,-0.00972134471034769,2024-02-01,-0.00263345959945942,0.006367319974478518,0.0,0.0,0.0,0.0,-0.8660254037844386,0.5000000000000001
2023-12-29,404.5364379882813,42662100.0,-0.0043275736256489,0.053215222945923,0.145934251710557,0.1129558901438982,0.5853496060739574,0.1140117427241314,0.1557445058949743,378.0097412109375,373.51766404372,353.662999420166,347.4994842254364,0.1438472179773477,-0.0048117326637008,101.33000183105467,-0.0140118211447745,-0.0455872319992779,-0.0299635964086776,71.89,-0.0731046931407942,-0.2079982373030736,-0.0887311446317657,2062.39990234375,0.0074739519028292,0.1159568906383805,0.1407709909247723,48295.37890625,0.1166742128508038,0.2892206490661673,28424.722,31.45,1.4399999999999975,1.6499999999999986,3.129999999999999,194.889,0.0,1.6990624888521335,1.6990624888521335,0.1585624703925487,0.299727752274046,0.081671118799822,-0.2599601398249279,4.23,-0.4099999999999992,-0.7999999999999998,-0.0799999999999991,3.88,-0.3899999999999997,-0.71,0.0,4.03,-0.4100000000000001,-0.7000000000000002,0.0500000000000002,-0.3500000000000005,-0.2000000000000001,0.0899999999999998,0.0799999999999991,3.133346274591186,0.1468982372211602,-0.5891585289141021,-0.9985049567938552,3.7,0.0,0.1,12.45,-0.5300000000000011,-5.07,3.34,-0.4599999999999999,-0.6900000000000004,-0.36902,-0.0455599999999999,-0.05292,-1.52,-0.56,0.0,1.142566247761006,1.706721772157757,1.5176577503053583,-0.8654446690931293,0.3948064145182606,0.0181918926360813,-0.032330555943225,2024-01-31,0.078563275836706,-0.032330555943225,2024-04-02,0.1926132235956199,-0.032330555943225,2024-07-02,0.2557824658546981,-0.032330555943225,2024-12-31,0.0,1.0,False,False,False,False,False,False,False,0,False,risk_on,1.3139986390023521e-52,4.46538811688866e-150,1.0,0.0881274305306714,-0.0323305559432252,2024-03-01,-0.023784019885560094,-0.015185865527714738,0.0,0.0,1.0,0.0,-0.5000000000000004,0.8660254037844384
2024-01-31,411.8957214355469,64010600.0,-0.0195862663907144,0.0181918926360813,0.1970863535072451,0.0936223266535154,0.4464154838162095,0.164073689745872,0.1416087885849595,398.5481988525391,390.4193021334135,364.1953746032715,358.5355041778839,0.1309746091208234,-0.0261124124821559,103.2699966430664,0.0191453150790053,-0.0268564458137221,0.0096792909228107,76.28,0.0610655167617193,-0.0812959171383836,-0.0216750032063614,2048.39990234375,-0.0067882082345378,0.026149660579458,0.0652659401613608,48769.87109375,0.1674831510959538,0.2166716869656633,28424.722,31.97,0.5199999999999996,3.27,3.629999999999999,194.889,0.0,1.715755429156,1.715755429156,0.2278216496171916,0.2184117413863142,0.1876570091321684,-0.1045550359854295,4.27,0.0399999999999991,-0.7600000000000007,0.0199999999999995,3.99,0.1100000000000003,-0.8899999999999997,0.4400000000000004,4.22,0.1899999999999995,-0.8200000000000003,0.5599999999999996,-0.2799999999999993,-0.0499999999999998,-0.129999999999999,0.4200000000000008,3.3159099427102934,0.1924399963653789,-0.3712966954089625,0.2452928697131984,3.8,0.0999999999999996,0.1999999999999997,14.35,1.9000000000000004,-5.4,3.59,0.25,-0.91,-0.39888,-0.0298599999999999,-0.11033,-1.43,-0.71,0.1838493288150988,1.6166029800334392,1.3703490417569746,1.3417164498598204,-1.1463618403043607,0.3946942478748608,0.0686860093862347,0.0117755806309238,2024-03-01,0.0122489451173553,-0.0042488704340868,2024-05-01,0.1055936953096017,-0.0042488704340868,2024-08-01,0.2499436356185549,-0.0042488704340868,2025-02-03,0.0,0.0,False,False,False,False,False,False,False,0,False,risk_on,5.78685270172409e-48,3.753181881435745e-179,1.0,0.05929273611119035,0.011775580630923876,2024-04-02,0.02206404549633594,0.02617838725976545,0.0,0.0,0.0,1.0,0.0,1.0
2024-02-29,433.65771484375,42495200.0,0.0085695181121465,0.0322126625560521,0.1279332814111817,0.1760423339275576,0.5057680806450451,0.1768812652311434,0.1457717945458232,414.8713793945312,408.50792001577526,375.5135954284668,369.4036942215653,0.1548389196107265,0.0,104.16000366210938,0.007350117263202,0.0137226633781935,-0.0067702781145945,79.22,0.0117496807151979,0.0411354974372453,0.0304370447450572,2045.699951171875,0.0069898848987817,0.0029416091305747,0.1185411579986557,51321.23046875,0.1227954594341633,0.2925836364278538,28708.161,33.04,1.0700000000000005,3.0299999999999976,4.119999999999997,194.889,0.0,1.7876878448866858,1.7876878448866858,0.179635480953276,0.3288500390582611,0.5880081136527455,0.1958298677475069,4.64,0.2799999999999993,-0.0900000000000007,-0.1699999999999999,4.25,0.1900000000000004,-0.0899999999999998,0.33,4.38,0.0999999999999996,-0.1399999999999996,0.4499999999999997,-0.3899999999999997,-0.2599999999999998,8.881784197001252e-16,0.5,3.0883429864855705,0.3099685496905202,-0.162922923375608,-0.1994062819427267,3.7,-0.1999999999999997,0.2000000000000001,13.4,0.0899999999999998,0.7100000000000009,3.29,-0.1299999999999999,-0.6099999999999999,-0.42845,-0.0295699999999999,-0.1049899999999999,-1.2,-0.07,0.0850707073660777,0.9495146556156056,1.0467066135248535,1.585376765875587,-0.4389563490579158,0.3945101563252223,0.0148937065590548,-0.0115718430051422,2024-04-01,0.029947721676194,-0.0542180714331557,2024-05-30,0.0752422784476614,-0.0542180714331557,2024-08-29,0.1355235038524722,-0.0542180714331557,2025-03-04,0.0,0.0,False,False,False,False,False,False,False,0,False,risk_on,1.4782184034962986e-45,8.345592267841255e-212,1.0,-0.03154581080944141,-0.05421807143315571,2024-04-30,-0.004916518509093826,-0.03331223878509409,0.0,0.0,0.0,0.0,0.49999999999999994,0.8660254037844387
2024-03-28,439.1866455078125,36839600.0,-0.0018434098963188,0.0214283022284125,0.0804302301016024,0.2554061452430143,0.4553824026701436,0.1512705981043408,0.1560003751313984,428.9260491943359,422.52221022385817,385.358567199707,380.50728050438136,0.1396830974831027,-0.0053094790838262,104.5500030517578,0.0054818203156579,0.0352510670689443,0.0206970881603609,83.96,0.0568982880161126,0.1298613914681736,0.1482494529540479,2217.39990234375,0.0907033459634776,0.0650847813804389,0.1242140919170131,52915.8203125,0.0912696814333069,0.3458373023584453,28708.161,33.76,0.7199999999999989,2.3099999999999987,5.819999999999997,194.889,0.0,1.8432326721485224,1.8432326721485224,0.1373183407788087,0.39858622309906,0.888941494931603,0.3998663327344068,4.59,-0.0499999999999998,0.3899999999999997,0.5700000000000003,4.2,-0.0699999999999994,0.4100000000000001,0.6500000000000004,4.34,-0.0600000000000005,0.3899999999999997,0.5699999999999998,-0.3899999999999997,-0.25,0.0200000000000004,0.08,3.157074141648697,0.4097540184308634,0.0237278670575102,-0.5654306618565919,3.9,0.1999999999999997,0.1999999999999997,13.01,-0.8300000000000001,0.5800000000000001,3.12,-0.1899999999999999,-0.2199999999999997,-0.43796,-0.00951,-0.07729,-1.26,0.3899999999999999,0.0131498397730235,0.4663555238751296,0.6311588959966451,1.7189434941164556,-0.0724554120179725,0.3945283608060631,-0.0253597528723668,-0.0661245416317728,2024-04-29,0.080767379219121,-0.0661245416317728,2024-06-28,0.0995445293632222,-0.0661245416317728,2024-09-27,0.0711230587881484,-0.0661245416317728,2025-04-01,0.0,1.0,False,False,False,False,False,False,False,0,False,risk_on,1.0661666215491177e-39,1.0395205716792258e-234,1.0,0.027994892458399256,-0.06612454163177284,2024-05-29,-0.05119247310243955,-0.047854211163170395,0.0,0.0,1.0,0.0,0.8660254037844386,0.5000000000000001
2024-04-30,419.9776306152344,43665900.0,-0.018856136707098,-0.0457580109802306,-0.0003493228120508,0.2343249434895939,0.3251092781154518,0.1879009163033745,0.1711318272197932,431.5715710449219,429.8701777531551,392.6718696594238,389.5782775878906,0.0695383679495393,-0.0488149572790761,106.22000122070312,0.0114264389258667,0.0272727239188523,0.0447526618835683,83.49,-0.0124201561391058,0.0662835249042146,0.0873925501432664,2291.39990234375,0.0245472400374469,0.127934975310731,0.151399392218525,50572.37890625,0.0195303831422271,0.2315487133904854,28708.161,33.03,0.0,1.0600000000000025,4.260000000000002,194.889,0.0,1.7616028733519364,1.7616028733519364,0.0165162701302761,0.2528073351672102,0.4744926176168757,0.2348664055502015,5.04,0.3200000000000003,0.6799999999999997,1.0,4.69,0.3600000000000003,0.6300000000000008,1.2500000000000004,4.79,0.3200000000000003,0.5099999999999998,1.12,-0.3499999999999996,-0.25,-0.0499999999999989,0.2500000000000004,3.4868349120836584,0.4431338373525273,0.170924969373365,-0.2003717260355975,3.9,0.1,0.1999999999999997,15.65,2.0,2.34,3.18,0.06,-0.2399999999999997,-0.41474,0.01868,-0.0158599999999999,-0.77,0.5900000000000001,0.345970273790641,-0.306536783179605,0.2643458978797804,1.0403233994530705,0.5325761197244075,0.394698978065972,0.0634965837021495,-0.0072304353193801,2024-05-30,0.1112337046527325,-0.0072304353193801,2024-07-31,0.1815138353359622,-0.0072304353193801,2024-10-29,0.1583360988333888,-0.0141003807125318,2025-05-02,0.0,1.0,False,False,False,False,False,False,True,1,False,risk_on,9.007975762285468e-48,5.68300850104142e-234,1.0,0.13682848941495918,-0.0072304353193801685,2024-07-01,0.01943523923095385,0.028623686536840085,0.0,0.0,0.0,1.0,1.0,6.123233995736766e-17
2024-05-31,445.8138732910156,55941300.0,-0.0018603197560805,0.0692492777399567,0.012782467397862,0.1606814958018299,0.303835545183251,0.1187664213921412,0.1539296477262966,435.5545544433594,435.4035128079928,400.5894100952148,397.55523901587134,0.1128948046456135,-0.0195135767675571,104.66999816894533,-0.0103063913130515,0.0077989365861126,0.0033550467326013,77.97,-0.0338289962825278,-0.0362175525339926,0.1447658199970636,2322.89990234375,0.0100004352261424,0.1130864013817594,0.1827994671148276,52875.51953125,0.0222271812641856,0.2573489073637602,29147.044,33.78,0.0,0.0200000000000031,5.02,194.889,0.0,1.8140954373023213,1.8140954373023213,0.012315073131659,0.2865583623673093,0.7828546626752254,0.4718738644474747,4.89,-0.0700000000000002,0.3499999999999996,0.4899999999999993,4.51,-0.1200000000000001,0.3199999999999994,0.8699999999999997,4.65,-0.0899999999999998,0.3200000000000003,0.8000000000000003,-0.3799999999999999,-0.2399999999999993,-0.0300000000000002,0.3800000000000003,3.3607951262196734,0.2170676655621095,0.2724521397341028,0.1095292163584948,3.9,0.1999999999999997,0.0,12.92,-2.4700000000000006,-0.1899999999999995,3.2,-0.0099999999999997,-0.1199999999999996,-0.41142,0.0033199999999999,0.0233599999999999,-0.95,0.28,0.0050404814601034,-0.1884668965158699,0.603868440244053,1.4846135666063744,0.3887848027327594,0.3948075184897908,0.0821904258151235,0.0053692974104198,2024-07-02,0.0583901253173766,-0.0338332752960636,2024-08-30,0.1343605804566665,-0.0338332752960636,2024-11-29,0.1803644320686366,-0.0712362020584144,2025-06-04,0.0,0.0,False,False,False,False,False,False,False,0,False,risk_on,2.0348491263888493e-44,3.1743538389312373e-230,1.0,0.021478558714287388,0.005369297410419804,2024-08-01,0.01944042032171973,0.0202944249971483,0.0,0.0,0.0,0.0,0.8660254037844387,-0.4999999999999998
2024-06-28,474.6585998535156,34881600.0,-0.0051909295511313,0.0513353589087579,0.080767379219121,0.1676937482160208,0.323356296810831,0.1252710378580485,0.1487153573210584,447.9078021240234,444.7615276630109,410.5075274658203,405.8374599422421,0.1562725847774779,-0.0110024109403125,105.87000274658205,0.0073263966093257,0.0126255347326078,0.0287629868733791,82.83,0.0322781655034896,-0.0134587898999523,0.1911130284728213,2327.699951171875,-0.0053839667535618,0.0497429663957051,0.2172252741395426,54470.66015625,0.0293832701556495,0.2333654518360439,29147.044,34.81,1.0300000000000011,1.0500000000000045,4.870000000000001,194.889,0.0,1.8688227923301584,1.8688227923301584,0.0255901201816359,0.2646033310904334,1.0990105161130637,0.7841669209159623,4.71,-0.25,0.1200000000000001,0.0,4.36,-0.25,0.1600000000000001,0.6500000000000004,4.51,-0.2300000000000004,0.1699999999999999,0.6999999999999997,-0.3499999999999996,-0.2000000000000001,0.04,0.6500000000000004,3.244278584003113,0.048558732105941,0.087204442354416,0.1109323094119263,3.9,0.0,0.1999999999999997,12.44,-1.84,-0.5700000000000003,3.18,0.0300000000000002,0.06,-0.38414,0.0307999999999999,0.05382,-1.12,0.1399999999999999,0.0842108429749941,0.4689853464844303,0.6989294945188835,1.7289525495940616,-0.2215565480646106,0.3948479175150993,-0.0450417533212379,-0.0450417533212379,2024-07-30,0.017373905342765,-0.0925466642380776,2024-09-27,0.0939829864610879,-0.0925466642380776,2024-12-27,0.1561199317483339,-0.1276766369331679,2025-07-02,0.0,0.0,False,False,False,False,False,False,False,0,False,risk_on,5.2365428701745525e-45,1.2261617593953562e-236,1.0,-0.01619662261109367,-0.09254666423807767,2024-08-28,-0.03736091414901477,-0.06676962380952187,0.0,1.0,1.0,0.0,0.49999999999999994,-0.8660254037844387
2024-07-31,466.69329833984375,44552100.0,0.0295935831634861,-0.0225142006912567,0.1112337046527325,0.1108455253701776,0.2362409578402113,0.2429747685048351,0.1709478907254947,469.1213000488281,461.154931640625,423.639591217041,417.17521942413606,0.1016281481131569,-0.0634046610736526,104.0999984741211,-0.0169971957112573,-0.0199586021673743,0.0219909468912951,79.36,-0.0630460448642267,-0.0494670020361719,-0.0298288508557457,2426.5,0.0424900748386014,0.0589596331561608,0.2314133468662775,55429.83984375,0.0960496825056353,0.1933170894647293,29147.044,35.48,0.0,2.449999999999996,4.589999999999996,194.889,0.0,1.9017310929969435,1.9017310929969435,0.1401282196450068,0.2144762455220654,1.2996426210326522,1.0091564925286185,4.29,-0.4799999999999995,-0.75,-0.5899999999999999,4.09,-0.3900000000000005,-0.6000000000000005,0.1199999999999996,4.35,-0.29,-0.4400000000000004,0.33,-0.2000000000000001,0.0599999999999996,0.1499999999999994,0.7099999999999995,2.9702579486470926,-0.0418296479604118,-0.5165769634365658,-0.3456519940632008,4.1,0.1999999999999997,0.2999999999999998,16.36,4.139999999999999,0.7099999999999991,3.25,0.04,0.0699999999999998,-0.36484,0.0192999999999999,0.0499,-1.32,-0.55,0.1938401129159925,0.7470092249320033,0.5318719558892946,0.6574201260041126,-0.5329737945435968,0.3949762113669955,-0.0008703552553436,-0.0770586778996332,2024-08-29,0.0632451395138278,-0.0770586778996332,2024-10-29,0.1120795239215606,-0.0770586778996332,2025-01-31,0.2042449795672496,-0.1127882324307577,2025-08-04,0.0,0.0,False,False,False,False,False,False,False,0,False,risk_on,1.7545319021242792e-39,2.6186356389592797e-276,1.0,0.0375440261784028,-0.07705867789963328,2024-09-30,-0.06320080436257884,-0.053825445665266786,0.0,0.0,0.0,1.0,1.2246467991473532e-16,-1.0
2024-08-30,471.8450012207031,33466500.0,0.0119194627815313,0.036135429655566,0.0583901253173766,0.071918962588465,0.2725063814955353,0.2448935631907346,0.2147125206351255,469.5124322509766,467.9029940091647,434.9904014587402,427.2297269803984,0.0847250873545049,-0.0530658348618549,101.6999969482422,-0.0260486618310634,-0.0283749046781229,-0.0141528369720623,74.52,-0.0414201183431952,-0.0442477876106195,-0.0872121509064184,2493.800048828125,0.0241478639951231,0.0735718944720522,0.2826209876048691,56554.44140625,0.0695770350365203,0.2423739932698012,29511.664,35.08,0.0,1.2999999999999972,4.989999999999998,194.889,0.0,1.9163420065452763,1.9163420065452763,0.1022465692429552,0.2949165664466915,1.4198472582644937,0.947721702642518,3.91,-0.25,-0.9799999999999996,-0.9900000000000002,3.91,-0.08,-0.5999999999999996,-0.2099999999999999,4.2,-0.0699999999999994,-0.4500000000000002,-0.0300000000000002,0.0,0.29,0.3799999999999999,0.7800000000000002,2.9414757935583014,0.1677080538199149,-0.419319332661372,-0.1468671929272691,4.2,0.3000000000000002,0.5,15.0,-3.59,2.08,3.13,-0.2200000000000002,-0.0700000000000002,-0.39428,-0.02944,0.0171399999999999,-1.3,-0.3500000000000001,0.0,0.2670898864458079,0.5589514726547216,0.6251914393690475,-0.4056839141595404,0.394984551191148,0.0119181185010404,-0.0579083404839284,2024-10-01,0.0717792554201208,-0.0579083404839284,2024-11-29,0.057228195837419,-0.0579083404839284,2025-03-05,0.2145978599503526,-0.1224749969553243,2025-09-04,0.0,1.0,False,False,False,False,False,False,False,0,False,risk_on,2.5122328285891244e-39,5.385163104381673e-265,1.0,0.043688557135481254,-0.057908340483928455,2024-10-30,-0.04110695675564531,-0.02983370368533056,0.0,0.0,0.0,0.0,-0.4999999999999997,-0.8660254037844388
2024-09-30,484.21484375,30281100.0,0.0027118575516436,0.0384478447174529,0.0141845517470076,0.1001970151029658,0.3726359572743403,0.2057874043920295,0.2334309695109471,464.0691424560547,468.98765681340143,443.5406968688965,437.4940107190931,0.0917033029172655,-0.0282411011504317,100.77999877929688,-0.005525928348434,-0.0483475228782772,-0.051214482949431,68.75,-0.1059817945383615,-0.1883116883116883,-0.2498636115657392,2636.10009765625,0.0437107133146008,0.1325399497579675,0.416953377264385,57636.94140625,0.0562734202044172,0.329339144863892,29511.664,35.7,0.6200000000000045,0.2200000000000059,5.900000000000002,194.889,0.0,1.953022418737554,1.953022418737554,0.0809180436335126,0.4086652442137828,1.6461789491787784,1.1748236018010976,3.66,-0.2099999999999999,-1.1099999999999994,-1.38,3.81,-0.06,-0.6700000000000004,-0.7799999999999998,4.14,-0.0100000000000006,-0.5,-0.5700000000000003,0.1499999999999999,0.4799999999999995,0.439999999999999,0.6000000000000001,2.607144490692037,0.1572221743858515,-0.6371340933110758,-0.5499296509566598,4.2,0.3000000000000002,0.3000000000000002,16.73,1.08,4.51,3.03,-0.1200000000000001,-0.1800000000000001,-0.42978,-0.04703,-0.04564,-0.92,0.0699999999999999,0.1029769321862706,-0.1345260279073907,0.621666996511225,0.61028892718092,-0.3143667289218732,0.3946610239613205,0.0247711062730418,-0.0139325301107624,2024-10-29,0.0581298554360716,-0.0139325301107624,2024-12-30,-0.0213924059568082,-0.0388772068788874,2025-04-02,0.2477699279600513,-0.1448924140239917,2025-10-02,0.0,0.0,False,False,False,False,False,False,False,0,False,risk_on,1.1937931132273459e-46,1.924492253075257e-231,1.0,0.035302310138836335,-0.013932530110762453,2024-11-27,-0.010703387813712606,-0.00745566018244385,0.0,0.0,1.0,0.0,-0.8660254037844385,-0.5000000000000004
2024-10-31,480.0281982421875,41245200.0,-0.0252427603213106,0.0039423541128567,0.0797325291791559,0.1368004950892543,0.38845870191843,0.1573977148984904,0.1976944324688013,477.53994018554687,472.3037334735577,453.4387663269043,448.25186363426417,0.0586395206803154,-0.0366431773797303,103.9800033569336,0.0226200142098222,0.0074605588537088,-0.025126572409146,69.58,-0.0163980774667796,-0.0721429523936524,-0.1477217050465458,2738.300048828125,0.0344527776840111,0.1288700597554246,0.3793573021255065,57178.6796875,0.0690148990643872,0.3594566981077141,29511.664,36.59,0.0,1.5100000000000051,7.890000000000004,194.889,0.0,1.9374942628616263,1.9374942628616263,0.1024106873625125,0.439357844989557,1.5345382913129366,1.46871128390858,4.16,0.5300000000000002,0.2800000000000002,-0.91,4.28,0.4900000000000002,0.4800000000000004,-0.5999999999999996,4.47,0.33,0.3599999999999994,-0.5700000000000003,0.1200000000000001,0.3099999999999996,0.2000000000000001,0.3100000000000005,2.4264830315416708,0.2133336729690294,-0.5437749171054218,-1.0603518805419876,4.1,0.0,0.1999999999999997,23.16,4.260000000000002,-0.2300000000000004,2.88,-0.1800000000000001,-0.8400000000000003,-0.4464,-0.01662,-0.08341,-0.36,1.13,0.4466291693956686,0.499059400402877,0.0947894848846832,0.9275945848869666,-0.2175958380162061,0.3944160634016787,0.0649787877146499,0.0044642051108345,2024-12-02,0.0856993874718967,0.0044642051108345,2025-02-04,-0.001952374522269,-0.1374344514571415,2025-05-06,0.286746028052653,-0.1374344514571415,2025-11-04,0.0,1.0,False,False,False,False,False,False,False,0,False,risk_on,1.591904622449696e-63,1.9438453277890605e-244,1.0,0.05622145661507205,0.004464205110834563,2025-01-02,0.017769990318867057,0.028590126352022342,0.0,0.0,0.0,1.0,-1.0,-1.8369701987210297e-16
2024-11-29,505.7136840820313,15334000.0,0.0087868759049569,0.0269148282718916,0.0717792554201208,0.1343605804566665,0.3166313353030756,0.1850010162264474,0.1744554165246275,491.7368249511719,485.1171245868389,461.35868606567385,457.2358724233266,0.0961399435103373,-0.0085580774461675,105.73999786376952,0.016828541551588,0.0397246906269173,0.028899497107296,68.26,-0.009432593237556,-0.0840042941492216,-0.1199071686436307,2657.0,-0.0471579702348933,0.0654422760351476,0.2979336777332977,60880.73828125,0.0764979154143301,0.3314378250060674,29825.182,37.36,0.769999999999996,2.280000000000001,7.349999999999998,194.889,0.0,2.041252867501362,2.041252867501362,0.1249108609560853,0.4325983099035779,2.110610524110891,1.747620666675741,4.13,-0.0200000000000004,0.2199999999999997,-0.5099999999999998,4.18,-0.1100000000000003,0.2699999999999996,-0.0899999999999998,4.36,-0.1299999999999999,0.1600000000000001,-0.08,0.0499999999999998,0.2300000000000004,0.0499999999999998,0.4199999999999999,2.578844053871343,0.2856398459641696,-0.3626317396869583,-0.7819510723483303,4.1,-0.1000000000000005,0.1999999999999997,13.51,-6.840000000000002,-1.4900000000000002,2.72,-0.0799999999999996,-0.4099999999999997,-0.47634,-0.0299399999999999,-0.0820599999999999,-0.4,0.9,0.0915387084129715,0.41699118794496,0.5630448727035404,1.3753727377993132,0.1129755086475843,0.3942596672498924,0.0045402796389355,0.0045402796389355,2024-12-31,-0.0135765452719068,-0.0262701142329481,2025-03-05,0.0405548750587312,-0.1812446465940419,2025-06-04,0.2298135334102617,-0.1812446465940419,2025-12-03,0.0,0.0,False,False,False,False,False,False,False,0,False,risk_on,7.207812180182676e-58,3.476014850552336e-248,1.0,0.018059134550455047,-0.007544161186384235,2025-02-03,0.01009370097299973,0.0030802589178776157,0.0,0.0,0.0,0.0,-0.8660254037844386,0.5000000000000001
2024-12-31,508.009765625,29117000.0,-0.0084948053151678,0.0045402796389355,0.0639649723297564,0.0529670818747327,0.2557824658546981,0.2004581859234755,0.1711655592702853,506.53693298339846,501.6089801494892,470.5293995666504,466.6965668824342,0.0796557369058519,-0.0485266463413937,108.48999786376952,0.0260071879663075,0.0721414689814867,0.0706601786571814,72.44,0.0612364488719601,0.0288311319414855,0.0076505772708304,2629.199951171875,-0.0104629464915788,-0.0142841438753729,0.2748254827708258,58970.01953125,0.0329163144374247,0.2210281991103413,29825.182,37.72,0.3599999999999994,1.1299999999999957,6.27,194.889,0.0,1.9771889248236607,1.9771889248236607,0.0426724305571903,0.2781264359715272,1.6794066388287785,1.88628822972008,4.25,0.1200000000000001,0.6400000000000001,0.0199999999999995,4.58,0.4000000000000003,0.8399999999999999,0.7000000000000002,4.78,0.4199999999999999,0.7000000000000002,0.75,0.33,0.5300000000000002,0.1999999999999997,0.6800000000000006,2.719472461284833,0.2841926173284825,0.1123279705927959,-0.5248061227182799,4.2,0.0,0.3000000000000002,17.35,3.8400000000000016,-1.91,2.92,0.1999999999999997,-0.1499999999999999,-0.48542,-0.00908,-0.05564,0.21,1.18,0.4171772524794609,0.322808163222734,-1.2452695897534694,1.2114668113843712,0.4164703989839521,0.394239770611161,0.0134577529498156,-0.0120298220691192,2025-02-03,-0.117164462074348,-0.117164462074348,2025-04-03,0.0826324437430074,-0.1849452232017562,2025-07-07,0.2149603663576842,-0.1849452232017562,2026-01-05,1.0,0.0,False,False,False,False,False,True,True,2,True,risk_on,1.0665360775191966e-55,3.581361232039016e-287,1.0,-0.018034941234366553,-0.030671138327034386,2025-03-05,-0.005872093917362875,-0.015205177774958322,0.0,0.0,1.0,0.0,-0.5000000000000004,0.8660254037844384
2025-01-31,519.0000610351562,38755200.0,-0.0014529684687171,0.0129554417620401,0.0459295628005997,0.1120795239215606,0.2353485630040628,0.2017048298352807,0.1926311035567345,514.5592175292969,510.5773930476262,478.4075184631348,474.2202257036089,0.0848492989876568,-0.0279424490696443,108.37000274658205,0.0022196013988753,0.0392213656996816,0.0480657751195412,72.84,0.01547469677959,0.0794309425014818,-0.0697318007662834,2812.5,0.0791987623688637,0.0159298147709492,0.3844449913856755,60775.19921875,0.0407236371534391,0.2252174701906253,29825.182,37.14,-0.5799999999999983,0.5499999999999972,5.170000000000002,194.889,0.0,2.037714278449332,2.037714278449332,0.0589353592480967,0.2926276752276715,1.9419830365898212,1.7025736286978783,4.22,-0.0200000000000004,0.1099999999999994,-0.1400000000000005,4.58,0.0300000000000002,0.2999999999999998,0.5200000000000005,4.83,0.0600000000000005,0.3100000000000005,0.5499999999999998,0.3600000000000003,0.6100000000000003,0.1900000000000004,0.660000000000001,2.870690967509981,0.3399383308901438,0.4442079359683104,-0.0995669811371113,4.1,0.0,0.0,16.43,-0.9699999999999988,-2.91,2.68,-0.2599999999999998,-0.1699999999999999,-0.50967,-0.0242499999999999,-0.0632699999999999,0.27,0.69,0.0,0.1448632172018122,-0.0011170028776125,1.2122894196836231,0.5976667671547988,0.3942976680044995,-0.0511975531373301,-0.0511975531373301,2025-03-04,-0.0626682215145489,-0.2022047448183922,2025-05-02,0.0828766771288831,-0.2022047448183922,2025-08-04,0.1864036972952962,-0.2022047448183922,2026-02-03,1.0,0.0,False,False,False,False,False,False,False,0,False,risk_on,1.5946970451821153e-49,2.6785447346573512e-285,1.0,-0.08698214351445088,-0.10329505131950578,2025-04-02,-0.03717853204468802,-0.09508468042193254,0.0,1.0,0.0,1.0,0.0,1.0
2025-02-28,504.9690551757813,47654000.0,0.0157916219729818,-0.0243074821726536,0.004736465061071,0.0691012909661443,0.1681669843325466,0.1800110899074659,0.192338597720061,518.8058666992188,517.6813340407151,487.6073809814453,481.5269746522646,0.0356058478019565,-0.0581073125726548,107.61000061035156,-0.0036111054597077,0.0073956273898549,0.0364056507043835,69.97,-0.0407183986838497,0.0080680017288574,-0.1231829573934837,2836.800048828125,0.0244483582334837,0.0840721476211077,0.3946902894926869,59524.46875,-0.0166796962846068,0.1636996454511916,30042.113,37.19,0.0499999999999971,-0.1700000000000017,4.149999999999999,194.889,0.0,1.981367580569316,1.981367580569316,-0.04826496806861,0.1996073837475831,1.5514733442104711,1.6745729956276914,3.99,-0.2199999999999997,-0.2199999999999997,-0.71,4.24,-0.3099999999999996,-0.0299999999999993,-0.0699999999999994,4.51,-0.2800000000000002,0.0599999999999996,0.0699999999999994,0.25,0.5199999999999996,0.1900000000000004,0.6400000000000006,2.9909783078999608,0.4272616213901736,0.4121342540286177,0.0495025143416594,4.0,-0.0999999999999996,-0.2000000000000001,19.63,3.0700000000000003,5.029999999999999,2.87,0.1899999999999999,0.2299999999999999,-0.48147,0.0252199999999999,-0.00855,-0.08,0.2699999999999999,0.1983412380973744,-0.2952386889003873,-0.2458397913214791,0.6575679147276312,-0.7315325865249207,0.3943222027098869,-0.0758617997191727,-0.0783793218107207,2025-03-31,0.0230515507928832,-0.1800373074570312,2025-05-30,0.1253955290277422,-0.1800373074570312,2025-08-29,0.1898203317059115,-0.1800373074570312,2026-03-03,1.0,0.0,False,False,False,False,False,False,False,0,False,risk_on,2.0044448315368757e-58,1.344127530427049e-305,1.0,-0.06295328179555415,-0.1800373074570314,2025-04-30,-0.07435361923791317,-0.1404925230574936,0.0,1.0,0.0,0.0,0.49999999999999994,0.8660254037844387
2025-03-31,466.66119384765625,53000300.0,-4.257070840996136e-05,-0.0758617997191727,-0.1132565403006851,-0.0390083976725879,0.0605990659076258,0.271505682570553,0.2216532582367985,503.9430798339844,505.9810396634616,490.61895568847655,486.6186222385716,-0.0488317085245938,-0.1295609869832215,104.20999908447266,-0.0315955906197796,-0.0362526428236027,-0.0013416328863977,71.87,0.0271544947834787,0.021170787155442,-0.1251369446135118,3122.800048828125,0.1008178211637249,0.1834167011687533,0.4255454713844153,55933.390625,-0.075748969436026,0.0584380564230326,30042.113,34.79,-2.3999999999999986,-2.93,1.0300000000000011,194.889,0.0,1.861832775377684,1.861832775377684,-0.167242227416934,0.021059388674161,0.8977079643223014,0.9191891877053854,3.89,-0.1,-0.4099999999999997,-0.6499999999999999,4.23,-0.0099999999999997,-0.3499999999999996,0.0300000000000002,4.59,0.08,-0.1699999999999999,0.2299999999999995,0.3400000000000003,0.6999999999999997,0.06,0.6800000000000002,2.8015834477613355,0.2251058906888259,0.0821109864765023,0.1944389570692983,4.2,0.0,0.0,22.28,2.650000000000002,7.550000000000001,3.55,0.6799999999999997,0.69,-0.4119,0.06957,0.06949,-0.09,-0.32,0.6011766372305362,-1.5069709631326793,-1.5912189873827265,-0.5955252123275302,-0.6388640376462766,0.3943067196445036,0.013968168310428,-0.1127271956793927,2025-04-30,0.167799034682806,-0.1127271956793927,2025-07-01,0.283248779031876,-0.1127271956793927,2025-09-30,0.2521075359639706,-0.1127271956793927,2026-04-01,1.0,0.0,False,False,False,False,False,False,False,0,False,risk_on,7.722697523046945e-95,3.351118406321904e-290,1.0,0.10703307198208889,-0.11272719567939271,2025-05-30,-0.087422259372723,-0.06993621010221283,1.0,1.0,1.0,0.0,0.8660254037844386,0.5000000000000001
2025-04-30,473.1795959472656,46810600.0,-0.0001262002078272,0.013968168310428,-0.0857305281932522,-0.0370934972918709,0.1099216304788923,0.5878310599081713,0.3830479295922157,473.7051226806641,485.2973543607272,487.5416163635254,486.7953179161828,-0.0294580399584822,-0.1174025483454402,99.47000122070312,-0.0454850581077856,-0.0789814701786747,-0.0610723151935131,59.55,-0.1714206205649089,-0.1835755415409926,-0.3025298664792691,3305.0,0.0583450583844611,0.1935285412027294,0.4155387745767926,55521.828125,-0.0855525924473359,0.083604566335576,30042.113,32.63,-2.1599999999999966,-4.509999999999998,-0.3999999999999986,194.889,0.0,1.8481332563059063,1.8481332563059063,-0.1876049235566677,0.0633414737967446,0.8270727539252224,0.2593183695530042,3.6,-0.29,-0.6099999999999999,-1.36,4.17,-0.0600000000000005,-0.3799999999999999,-0.5,4.66,0.0700000000000002,-0.1299999999999999,-0.1200000000000001,0.5699999999999998,1.06,0.2299999999999999,0.8599999999999999,2.381981462805549,0.0331582618814607,-0.4887095047044321,-0.0445015687361216,4.2,0.1000000000000005,0.1000000000000005,24.7,2.419999999999998,8.14,3.94,0.3900000000000001,1.2599999999999998,-0.39309,0.0188099999999999,0.1135999999999999,-0.14,-0.38,0.8773525612298767,-1.200516336265951,-2.658809213639345,-1.5565935621967342,-0.5054621518037169,0.3939755342550878,0.0917828651630501,0.0124929466979002,2025-05-30,0.1896535789498057,0.0124929466979002,2025-07-31,0.3401937640199395,0.0124929466979002,2025-10-29,,,,0.0,1.0,False,True,False,False,False,False,False,1,False,risk_on,2.335691779564877e-145,0.0,1.0,0.15171173137388094,0.012492946697900242,2025-07-01,0.018062128909564202,0.03161083958482299,0.0,0.0,0.0,1.0,1.0,6.123233995736766e-17
2025-05-30,516.609375,67662800.0,-0.0015772340403696,0.0917828651630501,0.0230515507928832,0.0278971987188882,0.1361882360521547,0.196853300803196,0.3878711046487303,477.9345971679688,479.0968782865084,492.2428744506836,489.1230696944503,0.0495009716016876,-0.0363952254469782,99.33000183105467,-0.0014074533822293,-0.0769445101043925,-0.0504731741562994,61.46,0.0320738874895045,-0.1216235529512648,-0.2402966625463535,3288.89990234375,-0.0048714365071861,0.1593696579716241,0.3964419032478727,58996.7890625,-0.0088649205710046,0.1099453176667508,30485.729,35.08,2.449999999999996,-2.1099999999999994,1.2999999999999972,194.889,0.0,1.9352264484966064,1.9352264484966064,-0.0461411320727096,0.1116151448512008,1.2078733627782567,0.9825073061409068,3.89,0.29,-0.1,-1.0500000000000005,4.41,0.2400000000000002,0.1699999999999999,-0.1299999999999999,4.92,0.2599999999999998,0.4100000000000001,0.2599999999999998,0.52,1.0299999999999998,0.27,0.9200000000000004,2.32538823025783,0.1616711227856226,-0.6655900776421309,-0.2534558236135131,4.2,0.2000000000000001,0.1000000000000005,18.57,-6.129999999999999,-1.0599999999999987,3.31,-0.6299999999999999,0.4399999999999999,-0.4676,-0.07451,0.0138699999999999,0.05,0.13,0.2331125086304454,-0.1535065179301988,0.3448109678527784,0.8864535421843923,0.5602559190274649,0.3933025106184752,0.05489082868312,0.0078981556044521,2025-07-01,0.1000379483864137,0.0078981556044521,2025-08-29,0.1956313751398843,0.0078981556044521,2025-11-28,,,,0.0,1.0,False,False,False,False,False,False,False,0,False,risk_on,3.0282323805236702e-145,0.0,1.0,0.0896430205214287,0.007898155604452173,2025-07-31,0.012922134447872269,0.015809110322213177,0.0,0.0,0.0,0.0,0.8660254037844387,-0.4999999999999998
2025-06-30,549.5992431640625,45548700.0,0.0064769226865766,0.0621804850699481,0.1776763390237052,0.0436316008035537,0.1548460811677539,0.1188902490611786,0.3589666769921143,506.5661907958984,493.8947120079628,498.84212585449217,495.3328434024845,0.1017498616874543,0.0,96.87999725341795,-0.0241740688495998,-0.0688197193300945,-0.0864686990519407,66.3,0.0752513785274084,-0.049326068253513,-0.1933325222046478,3294.39990234375,-0.0068433856815292,0.0673578170561315,0.4328461953318299,61940.58984375,0.1122415733280717,0.135497818199942,30485.729,36.12,1.0399999999999991,1.3299999999999983,1.3099999999999952,194.889,0.0,2.0317896889967764,2.0317896889967764,0.1780628524806498,0.1602695015637043,1.6124470710583134,1.2342374375829708,3.72,-0.1999999999999997,-0.1699999999999999,-0.9899999999999998,4.24,-0.1899999999999995,-0.0299999999999993,-0.08,4.78,-0.1399999999999996,0.1400000000000005,0.33,0.52,1.06,0.1400000000000005,0.9099999999999996,2.3772651073680877,0.0992813032700379,-0.4243183403932482,-0.3422073539167458,4.3,0.0999999999999996,0.0999999999999996,16.73,-2.4499999999999997,-4.919999999999998,2.96,-0.2600000000000002,-0.5100000000000002,-0.49747,-0.04177,-0.08557,-0.17,-0.11,0.0341835624316901,1.424525350839845,1.1322616014422335,1.8382911802675048,1.1648370905963787,0.392986448281877,0.0296933778763246,-0.0084293265001109,2025-07-30,0.0866218438195267,-0.0084293265001109,2025-09-29,0.1282550739985657,-0.0084293265001109,2025-12-29,,,,0.0,1.0,False,False,False,False,False,False,False,0,False,risk_on,1.4266689282195834e-122,0.0,1.0,0.04611703263008793,-0.008429326500110967,2025-08-28,-0.0006670787507854437,0.002691009490841655,0.0,0.0,1.0,0.0,0.49999999999999994,-0.8660254037844387
2025-07-31,562.9197998046875,64613600.0,-0.005299173469577,0.0329438752270618,0.1896535789498057,0.0876639492594459,0.2248306456335995,0.0725033868219112,0.1396648732466787,539.9755065917968,529.4795696551984,507.5482368469238,504.6373777647276,0.1090961586267191,-0.0055090759954017,100.02999877929688,0.0331542976099001,0.0056298135289174,-0.0433243963759499,70.36,0.0558223289315726,0.1815281276238456,-0.0894266856477287,3293.199951171875,-0.0130368329896496,-0.0035703627316565,0.3852689536582634,63290.8984375,0.1399282151698782,0.153724445160942,30485.729,37.48,0.0,4.849999999999994,2.0,194.889,0.0,2.0760828267383733,2.0760828267383733,0.227949570432467,0.1939743550353767,1.706730929719409,1.538597071062413,3.94,0.1600000000000001,0.3399999999999998,-0.4200000000000004,4.37,0.1100000000000003,0.2000000000000001,0.2000000000000001,4.89,0.1099999999999994,0.2299999999999995,0.4699999999999997,0.4300000000000001,0.9499999999999996,-0.1399999999999996,0.6200000000000006,2.680453865910226,0.2541949971929469,0.298472403104677,-0.190237101599755,4.1,-0.1000000000000005,0.0,16.72,-0.1099999999999994,-7.98,2.86,-0.0500000000000002,-1.08,-0.52017,-0.0226999999999999,-0.12708,-0.04,0.1,0.2740798224397099,1.4579738843235543,0.6079492719258867,2.0385688448069628,0.4155792386999399,0.3931000476235278,0.0095397553778766,-0.0196987317841567,2025-08-29,0.1265411946249315,-0.0196987317841567,2025-10-29,0.1033309775972315,-0.0196987317841567,2026-01-30,,,,0.0,1.0,False,False,False,False,False,False,False,0,False,risk_on,5.2669746634497476e-79,2.80474225766e-312,1.0,0.0638147875316144,-0.01969873178415671,2025-09-30,-0.0062370986583580425,-0.0012192867924018217,0.0,0.0,0.0,1.0,1.2246467991473532e-16,-1.0
2025-08-29,568.2899169921875,56030400.0,-0.0115753870449382,0.0095397553778766,0.1000379483864137,0.1253955290277422,0.2031618129310863,0.1544006876908575,0.1206710274158868,559.5751818847656,551.7526357797476,515.6914334106445,513.266916360941,0.1019960390531808,-0.0171277346469456,97.7699966430664,-0.0225932436650015,-0.0157052769478612,-0.0276479992473038,64.36,-0.0852757248436612,0.0471851610803775,-0.1586928104575163,3473.699951171875,0.0548099121451066,0.0561890158762301,0.380643859766246,64683.390625,0.0963883230403561,0.1486932957070756,31098.027,37.85,0.3700000000000045,2.770000000000003,2.770000000000003,194.889,0.0,2.0799837438240054,2.0799837438240054,0.144757295327399,0.1719107135723057,1.607997421064595,1.5406371875433091,3.59,-0.3500000000000001,-0.3000000000000002,-0.2400000000000002,4.23,-0.1399999999999996,-0.1799999999999997,0.4000000000000003,4.92,0.0300000000000002,0.0,0.79,0.6400000000000006,1.33,0.1200000000000005,0.6400000000000006,2.742618052167134,0.2283509885357748,0.417229821909304,-0.2483602557328268,4.3,0.0999999999999996,0.2999999999999998,15.36,-1.3599999999999994,-3.210000000000001,2.82,-0.04,-0.4900000000000002,-0.52925,-0.0090799999999999,-0.0616499999999999,0.0,-0.05,0.0754512818902619,0.4567364133945576,-0.2133787656341546,1.3935300642914532,-0.0815977113781977,0.3933560266908082,0.0537621543526261,-0.0083803196739463,2025-09-30,0.0869001173038543,-0.0083803196739463,2025-11-28,0.0572463645149075,-0.0083803196739463,2026-03-03,,,,0.0,1.0,False,False,False,False,False,False,False,0,False,risk_on,3.3753070500652833e-66,0.0,1.0,0.11589582146099908,-0.008380319673946368,2025-10-29,0.00485607025429009,0.012505692574734538,0.0,0.0,0.0,0.0,-0.4999999999999997,-0.8660254037844388
2025-09-30,598.8424072265625,46533800.0,0.0027391934617468,0.0537621543526261,0.0988609691567592,0.283248779031876,0.2331913003465378,0.0817343709669716,0.1082305225051161,575.2922692871093,570.263920710637,523.9668905639649,522.3330614244616,0.1429012367212867,-0.0030388138200692,97.7699966430664,0.0,0.0098119908204561,-0.0277446398494757,63.17,-0.0184897451833436,-0.0520708283313324,-0.0748388986526069,3840.800048828125,0.1056798522659985,0.1510774432921984,0.4385558220577894,66847.84375,0.0797193835301015,0.1634317557715245,31098.027,38.59,0.740000000000002,1.1100000000000063,2.890000000000001,194.889,0.0,2.1495847228507454,2.1495847228507454,0.1187250284261836,0.2026437184397438,1.8111479470008076,1.640455913950532,3.6,0.0100000000000002,-0.1799999999999997,0.0,4.16,-0.0700000000000002,-0.0999999999999996,0.3700000000000001,4.73,-0.1899999999999995,-0.0499999999999998,0.6100000000000003,0.56,1.1300000000000003,0.08,0.3700000000000001,2.9385917430316155,0.3482644202266627,0.5613266356635283,0.13700829527028,4.3,0.0,0.0999999999999996,16.28,0.9200000000000016,-0.5499999999999972,2.8,-0.02,-0.1100000000000003,-0.52708,0.00217,-0.0296099999999999,0.14,0.28,0.0731021655080314,0.4185773871994597,0.4007166894990421,1.7441656836527082,-0.0761701278946983,0.3934788811634858,0.058963654038747,-0.0181055083283442,2025-10-29,0.0330763066846293,-0.0244849020031119,2025-12-30,-0.0242675025893258,-0.0677346451089616,2026-04-01,,,,0.0,0.0,False,False,False,False,False,False,False,0,False,risk_on,2.1791928486600043e-66,0.0,1.0,0.031447288948791785,-0.02448490200311193,2025-11-28,-0.0033746545102377513,-0.007345511369693771,0.0,0.0,1.0,0.0,-0.8660254037844385,-0.5000000000000004
2025-10-31,627.4693603515625,66305100.0,0.0048239173406896,0.0385320659765786,0.1164675757725166,0.2898279204063581,0.2645253883675857,0.1962687291974426,0.1396866454405308,594.942861328125,588.7829664963942,534.6474085998535,532.8020440178949,0.1736133950313032,-0.0105384509957312,99.8000030517578,0.0199285090244782,0.0103260202982986,-0.0429612176829876,61.75,0.0076697127937337,-0.0828753898707856,-0.0849140486069947,3982.199951171875,0.0371122748683809,0.1801209300669926,0.4384482342310849,68237.109375,0.0799054755838506,0.1685025071160544,31098.027,39.31,0.0,1.4600000000000009,2.719999999999999,194.889,0.0,2.194258477394724,2.194258477394724,0.121549667889135,0.2154795581934887,1.893974263968629,1.725271440357954,3.6,0.0500000000000002,-0.0899999999999998,-0.5100000000000002,4.11,0.0100000000000006,-0.1099999999999994,-0.1699999999999999,4.67,-0.0200000000000004,-0.1299999999999999,0.1500000000000003,0.5100000000000002,1.0699999999999998,-0.0199999999999995,0.3400000000000003,3.022571584713329,0.2950901819104068,0.3421177188031032,0.6405901219077803,4.4,0.3000000000000007,0.2000000000000001,17.44,0.8100000000000023,-0.0799999999999983,2.94,0.1299999999999999,-0.08,-0.51262,0.01446,0.01038,0.22,0.35,0.3049361721989894,0.574862893042996,-0.1285630765284931,1.4698947413213488,0.1961203200226453,0.3935910227545532,-0.0112387988939792,-0.0689907006088639,2025-12-02,-0.0186873970011841,-0.0689907006088639,2026-02-03,,,,,,,0.0,0.0,False,False,False,False,False,False,False,0,False,risk_on,2.0044626599128184e-66,0.0,1.0,-0.024099120875743063,-0.06899070060886392,2026-01-02,-0.05397489100193784,-0.046491897539973404,0.0,0.0,0.0,1.0,-1.0,-1.8369701987210297e-16
2025-11-28,617.6743774414062,23034400.0,0.0081072126449606,-0.0259842393882089,0.0869001173038543,0.1956313751398843,0.2289861412066995,0.2155277374394835,0.1707301645642215,607.1756506347656,600.6155019906851,543.009739227295,540.6305843043972,0.1375014715580595,-0.0259842393882089,99.45999908447266,0.0024188456038787,0.0172854914537434,-0.0689009607880403,58.58,-0.0437479595168135,-0.0898073337476693,-0.1560293905777265,4218.2998046875,0.0588899406057459,0.2143535319636427,0.6120069267717152,68336.328125,0.0564741190080433,0.1288886795259263,31442.483,39.28,-0.0300000000000011,1.4299999999999995,1.9200000000000017,194.889,0.0,2.173375688077815,2.173375688077815,0.0933919442538093,0.1437431394398887,1.7084970560643418,1.6239569027711505,3.47,-0.1199999999999996,-0.1199999999999996,-0.7399999999999998,4.02,-0.0600000000000005,-0.2100000000000008,-0.25,4.67,0.0599999999999996,-0.25,0.2199999999999997,0.5499999999999994,1.1999999999999995,-0.0900000000000011,0.4899999999999997,3.022571584713329,0.2950901819104068,0.2799535325461955,0.6971833544554995,4.4,0.1000000000000005,0.2000000000000001,16.35,-0.5700000000000003,0.990000000000002,2.95,0.1900000000000004,0.1300000000000003,-0.50902,0.0072999999999999,0.0202299999999999,0.14,0.14,0.3110749943141489,0.1986257559442884,-0.6944186660905325,1.149637115018146,-0.1231179105084498,0.3935542021621118,0.001579351415522,-0.0304239821888923,2025-12-30,-0.0272828683306296,-0.0346399008614347,2026-03-03,,,,,,,0.0,0.0,False,False,False,False,False,False,False,0,False,risk_on,5.069378340833981e-78,0.0,1.0,0.005524716113485262,-0.030423982188892307,2026-01-30,-0.016413436512750977,-0.013083099563039201,0.0,0.0,0.0,0.0,-0.8660254037844386,0.5000000000000001
2025-12-31,613.536376953125,40746500.0,-0.0082656206220229,-0.0033515817593999,0.019646094197504,0.1180367395064421,0.1815399096394392,0.1321285531753062,0.1802615749364901,614.91572265625,611.9512047400841,555.8179400634766,550.4177258465741,0.1038441416321622,-0.0325094860880974,98.27999877929688,-0.0113671143867305,0.0058335861238871,-0.0900000113028066,57.26,-0.0371615940810492,-0.0851573733823295,-0.1966891133557801,4325.60009765625,0.0203572044782787,0.1184486354638008,0.6527587415395693,68208.6796875,0.0170634910464928,0.1399747580786683,31442.483,39.84,0.0,0.5300000000000011,2.1200000000000045,194.889,0.0,2.1693159438934897,2.1693159438934897,0.0127698670314431,0.1631756293096593,1.587497980360103,1.6666124441420274,3.47,-0.0699999999999998,-0.0799999999999996,-0.8399999999999994,4.18,0.0899999999999998,0.0599999999999996,-0.4400000000000004,4.84,0.0999999999999996,0.1200000000000001,0.0199999999999995,0.7099999999999995,1.3699999999999997,0.1399999999999992,0.399999999999999,2.6964439164939518,0.2950901819104068,-0.2421478265376642,0.319178809125864,4.5,0.2000000000000001,0.2000000000000001,14.95,-2.289999999999999,-1.34,2.81,-0.1299999999999999,0.0,-0.53609,-0.0270699999999999,-0.0090099999999999,0.51,0.4,0.1275925190492601,-0.667140506692291,-0.4473645465969926,1.245304959559426,-0.1469293901119577,0.3934845301325567,0.0192574148095239,-0.010174012005356,2026-02-02,-0.0465439337536733,-0.0900620561907964,2026-04-02,,,,,,,0.0,0.0,False,False,False,False,False,False,False,0,False,risk_on,4.240288041428036e-81,0.0,1.0,-0.005795061369772481,-0.028129022759242228,2026-03-04,0.0011232190430334522,-0.019877755648802328,0.0,0.0,1.0,0.0,-0.5000000000000004,0.8660254037844384
2026-01-30,621.0868530273438,65650700.0,-0.0120108617873675,0.0039391434062485,-0.0206030788207683,0.1033309775972315,0.20005332843369,0.1358215814306492,0.1625937118930279,616.658701171875,617.1674607496996,571.7829791259766,561.0580012690914,0.0862282993745857,-0.0206030788207683,96.98999786376952,-0.0127239416447605,-0.0224753409544232,-0.1019444642243562,64.5,0.1161100536424988,0.0528893241919687,-0.1157115437345763,4713.89990234375,0.0786709221767907,0.1832969249998544,0.7023219587957716,69262.9921875,0.0084111006783089,0.1407650969741876,31442.483,40.03,0.1899999999999977,0.7199999999999989,2.890000000000001,194.889,0.0,2.202847408313777,2.202847408313777,-0.0058224033594842,0.1671092284512032,1.6467022988340148,1.6246018841573182,3.52,0.0699999999999998,-0.0699999999999998,-0.69,4.26,0.1200000000000001,0.1799999999999997,-0.29,4.87,0.0600000000000005,0.2599999999999998,0.08,0.7399999999999998,1.35,0.2499999999999995,0.3999999999999999,2.653304114557753,0.297788428704604,-0.3692674701555765,-0.0271497513524732,4.4,0.0,0.3000000000000007,17.44,3.110000000000001,0.5199999999999996,2.8,-0.04,0.04,-0.55938,-0.02329,-0.0430599999999999,0.59,0.4399999999999999,0.4100340333208382,-1.1790644919240572,-1.2919964712693703,1.2115059011285516,0.2639181357471539,0.3935068697037008,-0.0326273277209151,-0.039943938056702,2026-03-03,,,,,,,,,,,,False,False,False,False,False,False,False,0,False,risk_on,2.1477020834941398e-82,0.0,1.0,-0.05921370785662228,-0.10112405925891277,2026-04-01,-0.03453774594784711,-0.07022004295273938,0.0,1.0,0.0,1.0,0.0,1.0
2026-02-27,606.5252075195312,68125200.0,-0.0032007525565195,-0.040949423791339,-0.001342723655794,0.0615308771217673,0.1861977052079406,0.1820012700134193,0.1490322547016836,614.983408203125,615.5523756760817,584.9827444458008,573.2070635546435,0.0368258094418483,-0.0435654563177962,97.61000061035156,0.0120269953220617,-0.020569967654308,-0.082785169236778,66.96,0.0670916334661353,0.1495278969957081,-0.0277334107739219,5230.5,-0.0134110638951591,0.2636499210459448,0.7932322793608853,68850.0234375,0.0200398973802804,0.1562188528630406,31442.483,39.72,-0.3100000000000023,0.4399999999999977,2.530000000000001,194.889,0.0,2.189713307231493,2.189713307231493,0.0430195231400776,0.2075767540369824,1.505255754239588,1.4638856838764538,3.38,-0.1800000000000001,-0.0500000000000002,-0.6699999999999999,3.97,-0.2899999999999996,-0.0399999999999995,-0.2799999999999998,4.64,-0.2099999999999999,-0.0300000000000002,0.1299999999999999,0.5900000000000003,1.2599999999999998,0.0100000000000006,0.3900000000000001,2.391201432150014,0.170842649932057,-0.6313701525633153,-0.3514166200171198,4.3,-0.1000000000000005,0.0,19.86,3.509999999999998,1.3000000000000007,3.1,0.3799999999999999,0.0,-0.51349,0.0486799999999999,-0.00634,0.3,0.19,0.5098856638655026,-0.90100796206995,-0.935764902492519,0.6273889731977882,0.1789654538728971,0.3935510486365963,-0.079543566573204,-0.079543566573204,2026-03-30,,,,,,,,,,,,False,False,False,False,False,False,False,0,False,risk_on,1.780071717566806e-101,0.0,1.0,,,,-0.05693714465354756,,0.0,,0.0,0.0,0.49999999999999994,0.8660254037844387
2026-03-31,577.1799926757812,95878000.0,0.0338539127088421,-0.0496344870557967,-0.0691968442616012,-0.0335337087792366,0.2367761222138991,0.2258994415756972,0.1813338548860913,603.6589086914063,607.5596660907452,592.9571472167969,585.7377190117363,-0.0266075796793578,-0.0898401648053811,99.95999908447266,0.0160601938927151,0.0195838244697652,-0.0392157035289468,102.86,0.4460846337691551,0.7768181032993609,0.4749067966733582,4647.60009765625,-0.1221667831327156,0.0745647482643838,0.5057832812753118,65362.51953125,-0.0506297190346392,0.1736877505285794,31442.483,39.2,0.0,-0.6400000000000006,4.410000000000004,194.889,0.0,2.0787963702246417,2.0787963702246417,-0.1108617767639406,0.2250695337085151,0.9530404187803444,1.260385331243264,3.79,0.3199999999999998,0.3399999999999998,-0.1,4.3,0.25,0.1799999999999997,0.0300000000000002,4.88,0.1799999999999997,0.08,0.2400000000000002,0.5099999999999998,1.09,-0.1600000000000001,0.1300000000000003,2.4340041103732224,0.267003074209704,-0.2624398061207289,-0.5045876326583931,4.4,-0.0999999999999996,0.1000000000000005,25.25,3.809999999999999,11.05,3.28,0.25,0.4099999999999997,-0.43366,0.07983,0.1024299999999999,0.6,0.1599999999999999,1.774123833963578,-1.6675515126241507,-3.6929552164122033,0.0517697180896619,0.3283436631716396,0.3934600380848526,,,,,,,,,,,,,,,True,False,False,False,True,False,False,2,True,risk_on,3.166039749909649e-160,0.0,1.0,,,,,,,,1.0,0.0,0.8660254037844386,0.5000000000000001
2026-04-07,588.5900268554688,46250500.0,0.0001529768147301,-0.017370209219977,-0.0463725860446341,-0.0216992264457122,0.3123843144673175,0.2176527084685141,0.1823656666910618,601.2922644042969,605.5750704251803,594.1434927368164,587.0050414489197,-0.0093470112005545,-0.0718475889012769,99.63999938964844,0.0065663353864644,0.0139412108820773,-0.0238071942043809,114.01,0.2560317285446734,0.9623063683304648,0.6907904493548864,4657.10009765625,-0.0950234139873632,0.0496292907568596,0.5037455917520988,66276.078125,-0.0386139275867032,0.2338676559128494,31442.483,39.2,0.0,-0.8299999999999983,6.57,194.889,0.0,2.1078512827692397,2.1078512827692397,-0.0846615310247602,0.3198914996557813,1.0784005716170924,1.250465039391103,3.81,0.25,0.3500000000000001,0.1,4.33,0.1799999999999997,0.1600000000000001,0.2700000000000004,4.9,0.1300000000000007,0.0500000000000007,0.4100000000000001,0.52,1.0900000000000003,-0.1899999999999999,0.1700000000000003,2.4340041103732224,0.267003074209704,-0.2624398061207289,-0.5045876326583931,4.4,-0.0999999999999996,0.1000000000000005,24.17,-5.319999999999997,9.27,3.05,-0.08,0.2399999999999997,-0.43366,0.0607699999999999,0.1124799999999999,0.62,0.0899999999999999,0.93206820882854,-1.37609728456714,-2.4914076688465228,0.1580497026080619,0.0276432822549379,0.3929952969100891,,,,,,,,,,,,,,,False,False,False,False,True,False,False,1,False,risk_on,7.112086189176202e-140,0.0,1.0,,,,,,,,0.0,1.0,1.0,6.123233995736766e-17
